curve_id,sample_id,source_absolute_path,source_relative_path,doi,figure_folder,series_id,n_raw_points,n_unique_points_total,n_unique_points_0_200h,n_duplicate_points,duration_h,endpoint_bracket_time_h,endpoint_uses_point_after_200h,max_pce_0_200h,normalized_pce_0h,normalized_pce_200h,array_row,raw_cluster_id,som_node_x,som_node_y,node_label,bmu_distance,pce_norm_0h,pce_norm_10h,pce_norm_50h,pce_norm_100h,pce_norm_150h,pce_norm_200h,peak_time_h,ordered_class_id,suggested_shape_name,class_label,selected_database_absolute_path
x_time_day/10.1002_adfm.201804128/Fig8_C_stability_performance_curve_decay/accepted/10.1002_adfm.201804128__Fig8__C__stability_performance_curve_decay__PCE__Series_2.csv,10.1002/adfm.201804128|Fig8_C_stability_performance_curve_decay|10.1002_adfm.201804128__Fig8__C__stability_performance_curve_decay__PCE__Series_2,/Users/shunhao/Desktop/ML/lab/data_all/x_time_day/10.1002_adfm.201804128/Fig8_C_stability_performance_curve_decay/accepted/10.1002_adfm.201804128__Fig8__C__stability_performance_curve_decay__PCE__Series_2.csv,x_time_day/10.1002_adfm.201804128/Fig8_C_stability_performance_curve_decay/accepted/10.1002_adfm.201804128__Fig8__C__stability_performance_curve_decay__PCE__Series_2.csv,10.1002/adfm.201804128,Fig8_C_stability_performance_curve_decay,Series_2,45,44,18,1,482.13147353571594,201.82247729402064,True,0.9988690760244716,1.0,0.8059779395531682,7,5,1,1,node_1_1,0.49047236613078554,1.0,0.9930186644956658,0.9539429762738476,0.9045702629648714,0.8552996184600614,0.8059779395531682,0.0,6,no_initial_change_moderate_loss,class_06,/Users/shunhao/Desktop/ML/lab/NEW/som_200h_reanalysis/02_selected_curve_database/paper_aligned_min4/x_time_day/10.1002_adfm.201804128/Fig8_C_stability_performance_curve_decay/accepted/10.1002_adfm.201804128__Fig8__C__stability_performance_curve_decay__PCE__Series_2.csv
x_time_day/10.1002_aenm.201703392/Fig6_C_stability_performance_curve/accepted/10.1002_aenm.201703392__Fig6__C__stability_performance_curve__Reference__Series_1.csv,10.1002/aenm.201703392|Fig6_C_stability_performance_curve|10.1002_aenm.201703392__Fig6__C__stability_performance_curve__Reference__Series_1,/Users/shunhao/Desktop/ML/lab/data_all/x_time_day/10.1002_aenm.201703392/Fig6_C_stability_performance_curve/accepted/10.1002_aenm.201703392__Fig6__C__stability_performance_curve__Reference__Series_1.csv,x_time_day/10.1002_aenm.201703392/Fig6_C_stability_performance_curve/accepted/10.1002_aenm.201703392__Fig6__C__stability_performance_curve__Reference__Series_1.csv,10.1002/aenm.201703392,Fig6_C_stability_performance_curve,Series_1,75,75,17,0,885.319045531024,203.38410505442437,True,1.0318698421537067,1.0,0.8242411902289931,49,5,1,1,node_1_1,0.5048431950593076,1.0,0.9938210301982885,0.9560974160978438,0.9046973752984377,0.8507586532577142,0.8242411902289931,0.0,6,no_initial_change_moderate_loss,class_06,/Users/shunhao/Desktop/ML/lab/NEW/som_200h_reanalysis/02_selected_curve_database/paper_aligned_min4/x_time_day/10.1002_aenm.201703392/Fig6_C_stability_performance_curve/accepted/10.1002_aenm.201703392__Fig6__C__stability_performance_curve__Reference__Series_1.csv
x_time_day/10.1002_chem.201703382/Fig5_A_stability_performance_curve_pce/accepted/10.1002_chem.201703382__Fig5__A__stability_performance_curve_pce__PCBM+PMMA2__Series_1.csv,10.1002/chem.201703382|Fig5_A_stability_performance_curve_pce|10.1002_chem.201703382__Fig5__A__stability_performance_curve_pce__PCBM+PMMA2__Series_1,/Users/shunhao/Desktop/ML/lab/data_all/x_time_day/10.1002_chem.201703382/Fig5_A_stability_performance_curve_pce/accepted/10.1002_chem.201703382__Fig5__A__stability_performance_curve_pce__PCBM+PMMA2__Series_1.csv,x_time_day/10.1002_chem.201703382/Fig5_A_stability_performance_curve_pce/accepted/10.1002_chem.201703382__Fig5__A__stability_performance_curve_pce__PCBM+PMMA2__Series_1.csv,10.1002/chem.201703382,Fig5_A_stability_performance_curve_pce,Series_1,43,43,13,0,687.1978934621146,212.7041098811307,True,1.0033985824247027,1.0,0.7943130607930853,64,5,1,1,node_1_1,0.6727649554408388,1.0,0.9949173929338555,0.9511117991523411,0.8832111545980497,0.8249062615493128,0.7943130607930853,0.0,6,no_initial_change_moderate_loss,class_06,/Users/shunhao/Desktop/ML/lab/NEW/som_200h_reanalysis/02_selected_curve_database/paper_aligned_min4/x_time_day/10.1002_chem.201703382/Fig5_A_stability_performance_curve_pce/accepted/10.1002_chem.201703382__Fig5__A__stability_performance_curve_pce__PCBM+PMMA2__Series_1.csv
x_time_day/10.1002_chem.201703382/Fig5_A_stability_performance_curve_pce/accepted/10.1002_chem.201703382__Fig5__A__stability_performance_curve_pce__PCBM__Series_2.csv,10.1002/chem.201703382|Fig5_A_stability_performance_curve_pce|10.1002_chem.201703382__Fig5__A__stability_performance_curve_pce__PCBM__Series_2,/Users/shunhao/Desktop/ML/lab/data_all/x_time_day/10.1002_chem.201703382/Fig5_A_stability_performance_curve_pce/accepted/10.1002_chem.201703382__Fig5__A__stability_performance_curve_pce__PCBM__Series_2.csv,x_time_day/10.1002_chem.201703382/Fig5_A_stability_performance_curve_pce/accepted/10.1002_chem.201703382__Fig5__A__stability_performance_curve_pce__PCBM__Series_2.csv,10.1002/chem.201703382,Fig5_A_stability_performance_curve_pce,Series_2,44,43,13,1,687.1978934621146,212.7041098811307,True,0.9874204457709884,1.0,0.8129155767734602,66,5,1,1,node_1_1,0.34259456324073956,1.0,0.9794511367699889,0.9213602117386974,0.8788084679715376,0.8666832901756939,0.8129155767734602,0.0,6,no_initial_change_moderate_loss,class_06,/Users/shunhao/Desktop/ML/lab/NEW/som_200h_reanalysis/02_selected_curve_database/paper_aligned_min4/x_time_day/10.1002_chem.201703382/Fig5_A_stability_performance_curve_pce/accepted/10.1002_chem.201703382__Fig5__A__stability_performance_curve_pce__PCBM__Series_2.csv
x_time_day/10.1002_cssc.201702265/Fig3_B_pce/accepted/10.1002_cssc.201702265__Fig3__B__pce__MAPbl+10%F20.5mmol3__Series_1.csv,10.1002/cssc.201702265|Fig3_B_pce|10.1002_cssc.201702265__Fig3__B__pce__MAPbl+10%F20.5mmol3__Series_1,/Users/shunhao/Desktop/ML/lab/data_all/x_time_day/10.1002_cssc.201702265/Fig3_B_pce/accepted/10.1002_cssc.201702265__Fig3__B__pce__MAPbl+10%F20.5mmol3__Series_1.csv,x_time_day/10.1002_cssc.201702265/Fig3_B_pce/accepted/10.1002_cssc.201702265__Fig3__B__pce__MAPbl+10%F20.5mmol3__Series_1.csv,10.1002/cssc.201702265,Fig3_B_pce,Series_1,51,51,33,0,307.5651168074246,202.99297709290025,True,0.999645042563824,1.0,0.8161801132868453,78,5,1,1,node_1_1,0.9432890654772325,1.0,0.9843894335366457,0.9233809615530911,0.8482009118213496,0.8175519034861971,0.8161801132868453,0.0,6,no_initial_change_moderate_loss,class_06,/Users/shunhao/Desktop/ML/lab/NEW/som_200h_reanalysis/02_selected_curve_database/paper_aligned_min4/x_time_day/10.1002_cssc.201702265/Fig3_B_pce/accepted/10.1002_cssc.201702265__Fig3__B__pce__MAPbl+10%F20.5mmol3__Series_1.csv
x_time_day/10.1002_solr.202100058/Fig6_C_stability_performance_curve_pce/accepted/10.1002_solr.202100058__Fig6__C__stability_performance_curve_pce__SnO₂-CNS__Series_2.csv,10.1002/solr.202100058|Fig6_C_stability_performance_curve_pce|10.1002_solr.202100058__Fig6__C__stability_performance_curve_pce__SnO₂-CNS__Series_2,/Users/shunhao/Desktop/ML/lab/data_all/x_time_day/10.1002_solr.202100058/Fig6_C_stability_performance_curve_pce/accepted/10.1002_solr.202100058__Fig6__C__stability_performance_curve_pce__SnO₂-CNS__Series_2.csv,x_time_day/10.1002_solr.202100058/Fig6_C_stability_performance_curve_pce/accepted/10.1002_solr.202100058__Fig6__C__stability_performance_curve_pce__SnO₂-CNS__Series_2.csv,10.1002/solr.202100058,Fig6_C_stability_performance_curve_pce,Series_2,61,61,51,0,238.75428179927553,202.9411395293842,True,1.0033155845673511,1.0,0.8251254765829928,133,5,1,1,node_1_1,0.3061602467457343,1.0,0.9844334838699875,0.9468431380367718,0.8980203987522898,0.8551460295454809,0.8251254765829928,0.0,6,no_initial_change_moderate_loss,class_06,/Users/shunhao/Desktop/ML/lab/NEW/som_200h_reanalysis/02_selected_curve_database/paper_aligned_min4/x_time_day/10.1002_solr.202100058/Fig6_C_stability_performance_curve_pce/accepted/10.1002_solr.202100058__Fig6__C__stability_performance_curve_pce__SnO₂-CNS__Series_2.csv
x_time_day/10.1016_j.apsusc.2021.149276/Fig5_D_stability_performance_curve_pce/accepted/10.1016_j.apsusc.2021.149276__Fig5__D__stability_performance_curve_pce__MAPbl₃__Series_1.csv,10.1016/j.apsusc.2021.149276|Fig5_D_stability_performance_curve_pce|10.1016_j.apsusc.2021.149276__Fig5__D__stability_performance_curve_pce__MAPbl₃__Series_1,/Users/shunhao/Desktop/ML/lab/data_all/x_time_day/10.1016_j.apsusc.2021.149276/Fig5_D_stability_performance_curve_pce/accepted/10.1016_j.apsusc.2021.149276__Fig5__D__stability_performance_curve_pce__MAPbl₃__Series_1.csv,x_time_day/10.1016_j.apsusc.2021.149276/Fig5_D_stability_performance_curve_pce/accepted/10.1016_j.apsusc.2021.149276__Fig5__D__stability_performance_curve_pce__MAPbl₃__Series_1.csv,10.1016/j.apsusc.2021.149276,Fig5_D_stability_performance_curve_pce,Series_1,63,63,18,0,694.3283769031138,201.57920619767825,True,0.982576806294284,1.0,0.804548452024574,162,5,1,1,node_1_1,0.44941550047252377,1.0,0.9914612380643445,0.9508570180000682,0.9021694063732358,0.8529934422986118,0.804548452024574,0.0,6,no_initial_change_moderate_loss,class_06,/Users/shunhao/Desktop/ML/lab/NEW/som_200h_reanalysis/02_selected_curve_database/paper_aligned_min4/x_time_day/10.1016_j.apsusc.2021.149276/Fig5_D_stability_performance_curve_pce/accepted/10.1016_j.apsusc.2021.149276__Fig5__D__stability_performance_curve_pce__MAPbl₃__Series_1.csv
x_time_day/10.1016_j.carbon.2021.05.008/Fig6_A_stability_performance_curve_pce/accepted/10.1016_j.carbon.2021.05.008__Fig6__A__stability_performance_curve_pce__PC61BM__Series_1.csv,10.1016/j.carbon.2021.05.008|Fig6_A_stability_performance_curve_pce|10.1016_j.carbon.2021.05.008__Fig6__A__stability_performance_curve_pce__PC61BM__Series_1,/Users/shunhao/Desktop/ML/lab/data_all/x_time_day/10.1016_j.carbon.2021.05.008/Fig6_A_stability_performance_curve_pce/accepted/10.1016_j.carbon.2021.05.008__Fig6__A__stability_performance_curve_pce__PC61BM__Series_1.csv,x_time_day/10.1016_j.carbon.2021.05.008/Fig6_A_stability_performance_curve_pce/accepted/10.1016_j.carbon.2021.05.008__Fig6__A__stability_performance_curve_pce__PC61BM__Series_1.csv,10.1016/j.carbon.2021.05.008,Fig6_A_stability_performance_curve_pce,Series_1,66,66,19,0,716.8550210310372,209.5422369167647,True,1.002624132239326,1.0,0.7720751676688249,165,5,1,1,node_1_1,0.7009630509536253,1.0,0.9915356762721151,0.9468830063280768,0.8898067001034495,0.8299986548188781,0.7720751676688249,0.0,6,no_initial_change_moderate_loss,class_06,/Users/shunhao/Desktop/ML/lab/NEW/som_200h_reanalysis/02_selected_curve_database/paper_aligned_min4/x_time_day/10.1016_j.carbon.2021.05.008/Fig6_A_stability_performance_curve_pce/accepted/10.1016_j.carbon.2021.05.008__Fig6__A__stability_performance_curve_pce__PC61BM__Series_1.csv
x_time_day/10.1016_j.cej.2020.126435/Fig4_F_stability_performance_curve_pce_structure/accepted/10.1016_j.cej.2020.126435__Fig4__F__stability_performance_curve_pce_structure__PSC-T-SnO₂_ETL__Series_1.csv,10.1016/j.cej.2020.126435|Fig4_F_stability_performance_curve_pce_structure|10.1016_j.cej.2020.126435__Fig4__F__stability_performance_curve_pce_structure__PSC-T-SnO₂_ETL__Series_1,/Users/shunhao/Desktop/ML/lab/data_all/x_time_day/10.1016_j.cej.2020.126435/Fig4_F_stability_performance_curve_pce_structure/accepted/10.1016_j.cej.2020.126435__Fig4__F__stability_performance_curve_pce_structure__PSC-T-SnO₂_ETL__Series_1.csv,x_time_day/10.1016_j.cej.2020.126435/Fig4_F_stability_performance_curve_pce_structure/accepted/10.1016_j.cej.2020.126435__Fig4__F__stability_performance_curve_pce_structure__PSC-T-SnO₂_ETL__Series_1.csv,10.1016/j.cej.2020.126435,Fig4_F_stability_performance_curve_pce_structure,Series_1,50,50,28,0,361.3360370962316,206.477735483561,True,1.0035167528082145,1.0,0.8129723999915395,167,5,1,1,node_1_1,0.31279141936383126,1.0,0.9918548507937587,0.9491022244306389,0.8931940422781758,0.8469557587947325,0.8129723999915395,0.0,6,no_initial_change_moderate_loss,class_06,/Users/shunhao/Desktop/ML/lab/NEW/som_200h_reanalysis/02_selected_curve_database/paper_aligned_min4/x_time_day/10.1016_j.cej.2020.126435/Fig4_F_stability_performance_curve_pce_structure/accepted/10.1016_j.cej.2020.126435__Fig4__F__stability_performance_curve_pce_structure__PSC-T-SnO₂_ETL__Series_1.csv
x_time_day/10.1016_j.ceramint.2020.07.260/Fig7_B_stability_performance_curve_pce/accepted/10.1016_j.ceramint.2020.07.260__Fig7__B__stability_performance_curve_pce__Cell_B__Series_2.csv,10.1016/j.ceramint.2020.07.260|Fig7_B_stability_performance_curve_pce|10.1016_j.ceramint.2020.07.260__Fig7__B__stability_performance_curve_pce__Cell_B__Series_2,/Users/shunhao/Desktop/ML/lab/data_all/x_time_day/10.1016_j.ceramint.2020.07.260/Fig7_B_stability_performance_curve_pce/accepted/10.1016_j.ceramint.2020.07.260__Fig7__B__stability_performance_curve_pce__Cell_B__Series_2.csv,x_time_day/10.1016_j.ceramint.2020.07.260/Fig7_B_stability_performance_curve_pce/accepted/10.1016_j.ceramint.2020.07.260__Fig7__B__stability_performance_curve_pce__Cell_B__Series_2.csv,10.1016/j.ceramint.2020.07.260,Fig7_B_stability_performance_curve_pce,Series_2,64,64,10,0,1328.2648848998429,210.83569601584816,True,0.9390502881888442,1.0,0.8640741454480086,190,5,1,1,node_1_1,0.6043311875760861,1.0,0.9950943102235031,0.9441071787943123,0.8829838387025043,0.870481133163357,0.8640741454480086,0.0,6,no_initial_change_moderate_loss,class_06,/Users/shunhao/Desktop/ML/lab/NEW/som_200h_reanalysis/02_selected_curve_database/paper_aligned_min4/x_time_day/10.1016_j.ceramint.2020.07.260/Fig7_B_stability_performance_curve_pce/accepted/10.1016_j.ceramint.2020.07.260__Fig7__B__stability_performance_curve_pce__Cell_B__Series_2.csv
x_time_day/10.1016_j.jmst.2018.03.005/Fig6_whole_curve/accepted/10.1016_j.jmst.2018.03.005__Fig6__whole__curve__Spiro-OMeTAD__Series_2.csv,10.1016/j.jmst.2018.03.005|Fig6_whole_curve|10.1016_j.jmst.2018.03.005__Fig6__whole__curve__Spiro-OMeTAD__Series_2,/Users/shunhao/Desktop/ML/lab/data_all/x_time_day/10.1016_j.jmst.2018.03.005/Fig6_whole_curve/accepted/10.1016_j.jmst.2018.03.005__Fig6__whole__curve__Spiro-OMeTAD__Series_2.csv,x_time_day/10.1016_j.jmst.2018.03.005/Fig6_whole_curve/accepted/10.1016_j.jmst.2018.03.005__Fig6__whole__curve__Spiro-OMeTAD__Series_2.csv,10.1016/j.jmst.2018.03.005,Fig6_whole_curve,Series_2,23,22,16,1,273.24039183911157,208.18315568694211,True,100.62787334452014,1.0,0.811023845811318,222,5,1,1,node_1_1,0.3336153244918097,1.0,0.9938203930869997,0.9410516591040194,0.896962339679988,0.862105688672334,0.811023845811318,0.0,6,no_initial_change_moderate_loss,class_06,/Users/shunhao/Desktop/ML/lab/NEW/som_200h_reanalysis/02_selected_curve_database/paper_aligned_min4/x_time_day/10.1016_j.jmst.2018.03.005/Fig6_whole_curve/accepted/10.1016_j.jmst.2018.03.005__Fig6__whole__curve__Spiro-OMeTAD__Series_2.csv
x_time_day/10.1016_j.jmst.2021.05.084/Fig5_A_stability_performance_curve_pce/accepted/10.1016_j.jmst.2021.05.084__Fig5__A__stability_performance_curve_pce__0_wt%__Series_2.csv,10.1016/j.jmst.2021.05.084|Fig5_A_stability_performance_curve_pce|10.1016_j.jmst.2021.05.084__Fig5__A__stability_performance_curve_pce__0_wt%__Series_2,/Users/shunhao/Desktop/ML/lab/data_all/x_time_day/10.1016_j.jmst.2021.05.084/Fig5_A_stability_performance_curve_pce/accepted/10.1016_j.jmst.2021.05.084__Fig5__A__stability_performance_curve_pce__0_wt%__Series_2.csv,x_time_day/10.1016_j.jmst.2021.05.084/Fig5_A_stability_performance_curve_pce/accepted/10.1016_j.jmst.2021.05.084__Fig5__A__stability_performance_curve_pce__0_wt%__Series_2.csv,10.1016/j.jmst.2021.05.084,Fig5_A_stability_performance_curve_pce,Series_2,56,56,18,0,631.3071731235509,206.6096202949802,True,0.9933133345233623,1.0,0.7736170955861067,223,5,1,1,node_1_1,0.9309959561264071,1.0,0.9760418797213798,0.9042182640293296,0.8578103878874755,0.8292064841623386,0.7736170955861067,0.0,6,no_initial_change_moderate_loss,class_06,/Users/shunhao/Desktop/ML/lab/NEW/som_200h_reanalysis/02_selected_curve_database/paper_aligned_min4/x_time_day/10.1016_j.jmst.2021.05.084/Fig5_A_stability_performance_curve_pce/accepted/10.1016_j.jmst.2021.05.084__Fig5__A__stability_performance_curve_pce__0_wt%__Series_2.csv
x_time_day/10.1016_j.jpowsour.2019.04.024/Fig8_A_xrd_pattern_stability_performance_curve_pce/accepted/10.1016_j.jpowsour.2019.04.024__Fig8__A__xrd_pattern_stability_performance_curve_pce__MAPbI+TMA__Series_1.csv,10.1016/j.jpowsour.2019.04.024|Fig8_A_xrd_pattern_stability_performance_curve_pce|10.1016_j.jpowsour.2019.04.024__Fig8__A__xrd_pattern_stability_performance_curve_pce__MAPbI+TMA__Series_1,/Users/shunhao/Desktop/ML/lab/data_all/x_time_day/10.1016_j.jpowsour.2019.04.024/Fig8_A_xrd_pattern_stability_performance_curve_pce/accepted/10.1016_j.jpowsour.2019.04.024__Fig8__A__xrd_pattern_stability_performance_curve_pce__MAPbI+TMA__Series_1.csv,x_time_day/10.1016_j.jpowsour.2019.04.024/Fig8_A_xrd_pattern_stability_performance_curve_pce/accepted/10.1016_j.jpowsour.2019.04.024__Fig8__A__xrd_pattern_stability_performance_curve_pce__MAPbI+TMA__Series_1.csv,10.1016/j.jpowsour.2019.04.024,Fig8_A_xrd_pattern_stability_performance_curve_pce,Series_1,60,60,27,0,449.061670225373,205.5027982387301,True,1.006457496428384,1.0,0.8266160079128947,228,5,1,1,node_1_1,0.5935197878528269,1.0,0.9938889772518225,0.9720186370846482,0.8847085064184173,0.8548455063299832,0.8266160079128947,0.0,6,no_initial_change_moderate_loss,class_06,/Users/shunhao/Desktop/ML/lab/NEW/som_200h_reanalysis/02_selected_curve_database/paper_aligned_min4/x_time_day/10.1016_j.jpowsour.2019.04.024/Fig8_A_xrd_pattern_stability_performance_curve_pce/accepted/10.1016_j.jpowsour.2019.04.024__Fig8__A__xrd_pattern_stability_performance_curve_pce__MAPbI+TMA__Series_1.csv
x_time_day/10.1016_j.jpowsour.2020.229345/Fig8_E_stability_performance_curve_jsc/accepted/10.1016_j.jpowsour.2020.229345__Fig8__E__stability_performance_curve_jsc__Bare__Series_1.csv,10.1016/j.jpowsour.2020.229345|Fig8_E_stability_performance_curve_jsc|10.1016_j.jpowsour.2020.229345__Fig8__E__stability_performance_curve_jsc__Bare__Series_1,/Users/shunhao/Desktop/ML/lab/data_all/x_time_day/10.1016_j.jpowsour.2020.229345/Fig8_E_stability_performance_curve_jsc/accepted/10.1016_j.jpowsour.2020.229345__Fig8__E__stability_performance_curve_jsc__Bare__Series_1.csv,x_time_day/10.1016_j.jpowsour.2020.229345/Fig8_E_stability_performance_curve_jsc/accepted/10.1016_j.jpowsour.2020.229345__Fig8__E__stability_performance_curve_jsc__Bare__Series_1.csv,10.1016/j.jpowsour.2020.229345,Fig8_E_stability_performance_curve_jsc,Series_1,46,46,19,0,473.71148161964754,200.0115144616289,True,0.9947077592214284,0.9855550051092828,0.8190721168022771,240,5,1,1,node_1_1,0.7422495798842667,0.9855550051092827,0.9907128908487933,0.9761422611667155,0.8977046953257937,0.8613018011078692,0.8190721168022771,24.166666666666664,6,no_initial_change_moderate_loss,class_06,/Users/shunhao/Desktop/ML/lab/NEW/som_200h_reanalysis/02_selected_curve_database/paper_aligned_min4/x_time_day/10.1016_j.jpowsour.2020.229345/Fig8_E_stability_performance_curve_jsc/accepted/10.1016_j.jpowsour.2020.229345__Fig8__E__stability_performance_curve_jsc__Bare__Series_1.csv
x_time_day/10.1016_j.jpowsour.2021.230212/Fig5_F_stability_performance_curve_pce/accepted/10.1016_j.jpowsour.2021.230212__Fig5__F__stability_performance_curve_pce__SC_device__Series_1.csv,10.1016/j.jpowsour.2021.230212|Fig5_F_stability_performance_curve_pce|10.1016_j.jpowsour.2021.230212__Fig5__F__stability_performance_curve_pce__SC_device__Series_1,/Users/shunhao/Desktop/ML/lab/data_all/x_time_day/10.1016_j.jpowsour.2021.230212/Fig5_F_stability_performance_curve_pce/accepted/10.1016_j.jpowsour.2021.230212__Fig5__F__stability_performance_curve_pce__SC_device__Series_1.csv,x_time_day/10.1016_j.jpowsour.2021.230212/Fig5_F_stability_performance_curve_pce/accepted/10.1016_j.jpowsour.2021.230212__Fig5__F__stability_performance_curve_pce__SC_device__Series_1.csv,10.1016/j.jpowsour.2021.230212,Fig5_F_stability_performance_curve_pce,Series_1,51,51,21,0,496.8411365221878,208.67327733931893,True,1.023206742378443,0.9869748094422172,0.8431096139044574,244,5,1,1,node_1_1,0.7320582664365631,0.9869748094422172,0.9957055773971045,0.9670127671845944,0.8843192820943679,0.8715828417990802,0.8431096139044574,19.833333333333332,6,no_initial_change_moderate_loss,class_06,/Users/shunhao/Desktop/ML/lab/NEW/som_200h_reanalysis/02_selected_curve_database/paper_aligned_min4/x_time_day/10.1016_j.jpowsour.2021.230212/Fig5_F_stability_performance_curve_pce/accepted/10.1016_j.jpowsour.2021.230212__Fig5__F__stability_performance_curve_pce__SC_device__Series_1.csv
x_time_day/10.1016_j.mtener.2018.07.004/Fig5_A_stability_performance_curve_pce/accepted/10.1016_j.mtener.2018.07.004__Fig5__A__stability_performance_curve_pce__Without_V₂O₅__Series_2.csv,10.1016/j.mtener.2018.07.004|Fig5_A_stability_performance_curve_pce|10.1016_j.mtener.2018.07.004__Fig5__A__stability_performance_curve_pce__Without_V₂O₅__Series_2,/Users/shunhao/Desktop/ML/lab/data_all/x_time_day/10.1016_j.mtener.2018.07.004/Fig5_A_stability_performance_curve_pce/accepted/10.1016_j.mtener.2018.07.004__Fig5__A__stability_performance_curve_pce__Without_V₂O₅__Series_2.csv,x_time_day/10.1016_j.mtener.2018.07.004/Fig5_A_stability_performance_curve_pce/accepted/10.1016_j.mtener.2018.07.004__Fig5__A__stability_performance_curve_pce__Without_V₂O₅__Series_2.csv,10.1016/j.mtener.2018.07.004,Fig5_A_stability_performance_curve_pce,Series_2,67,67,19,0,714.4372588830712,205.6713321027023,True,16.69945370313124,1.0,0.789032733875442,253,5,1,1,node_1_1,0.46948765515486507,1.0,0.9937414954694107,0.9499150138171799,0.8974626474048655,0.8473707940682351,0.789032733875442,0.0,6,no_initial_change_moderate_loss,class_06,/Users/shunhao/Desktop/ML/lab/NEW/som_200h_reanalysis/02_selected_curve_database/paper_aligned_min4/x_time_day/10.1016_j.mtener.2018.07.004/Fig5_A_stability_performance_curve_pce/accepted/10.1016_j.mtener.2018.07.004__Fig5__A__stability_performance_curve_pce__Without_V₂O₅__Series_2.csv
x_time_day/10.1016_j.nanoen.2016.06.007/Fig7_D_ff/accepted/10.1016_j.nanoen.2016.06.007__Fig7__D__ff__primitive__Series_1.csv,10.1016/j.nanoen.2016.06.007|Fig7_D_ff|10.1016_j.nanoen.2016.06.007__Fig7__D__ff__primitive__Series_1,/Users/shunhao/Desktop/ML/lab/data_all/x_time_day/10.1016_j.nanoen.2016.06.007/Fig7_D_ff/accepted/10.1016_j.nanoen.2016.06.007__Fig7__D__ff__primitive__Series_1.csv,x_time_day/10.1016_j.nanoen.2016.06.007/Fig7_D_ff/accepted/10.1016_j.nanoen.2016.06.007__Fig7__D__ff__primitive__Series_1.csv,10.1016/j.nanoen.2016.06.007,Fig7_D_ff,Series_1,60,60,18,0,668.3703278447014,203.90959154584112,True,9.617024337050456,1.0,0.7933414803554404,257,5,1,1,node_1_1,0.42574325478180636,1.0,0.9901033326557147,0.9494743932345312,0.8954277004575941,0.8459443637361663,0.7933414803554404,0.0,6,no_initial_change_moderate_loss,class_06,/Users/shunhao/Desktop/ML/lab/NEW/som_200h_reanalysis/02_selected_curve_database/paper_aligned_min4/x_time_day/10.1016_j.nanoen.2016.06.007/Fig7_D_ff/accepted/10.1016_j.nanoen.2016.06.007__Fig7__D__ff__primitive__Series_1.csv
x_time_day/10.1016_j.optmat.2021.111313/Fig8_whole_stability/accepted/10.1016_j.optmat.2021.111313__Fig8__whole__stability__FTO_cTiO₂_ETL1_CH₃NH₃PbI₃__Series_1.csv,10.1016/j.optmat.2021.111313|Fig8_whole_stability|10.1016_j.optmat.2021.111313__Fig8__whole__stability__FTO_cTiO₂_ETL1_CH₃NH₃PbI₃__Series_1,/Users/shunhao/Desktop/ML/lab/data_all/x_time_day/10.1016_j.optmat.2021.111313/Fig8_whole_stability/accepted/10.1016_j.optmat.2021.111313__Fig8__whole__stability__FTO_cTiO₂_ETL1_CH₃NH₃PbI₃__Series_1.csv,x_time_day/10.1016_j.optmat.2021.111313/Fig8_whole_stability/accepted/10.1016_j.optmat.2021.111313__Fig8__whole__stability__FTO_cTiO₂_ETL1_CH₃NH₃PbI₃__Series_1.csv,10.1016/j.optmat.2021.111313,Fig8_whole_stability,Series_1,86,86,24,0,734.3218700405937,207.33793977616767,True,0.9785943377213958,1.0,0.8427337964991801,283,5,1,1,node_1_1,1.109982131975922,1.0,0.9576475545940499,0.8956791242520775,0.8917532318174305,0.8859460137731058,0.8427337964991801,0.0,6,no_initial_change_moderate_loss,class_06,/Users/shunhao/Desktop/ML/lab/NEW/som_200h_reanalysis/02_selected_curve_database/paper_aligned_min4/x_time_day/10.1016_j.optmat.2021.111313/Fig8_whole_stability/accepted/10.1016_j.optmat.2021.111313__Fig8__whole__stability__FTO_cTiO₂_ETL1_CH₃NH₃PbI₃__Series_1.csv
x_time_day/10.1016_j.solener.2020.03.034/Fig6_D_stability_performance_curve_pce/accepted/10.1016_j.solener.2020.03.034__Fig6__D__stability_performance_curve_pce__1_mg_ml_PbS__Series_1.csv,10.1016/j.solener.2020.03.034|Fig6_D_stability_performance_curve_pce|10.1016_j.solener.2020.03.034__Fig6__D__stability_performance_curve_pce__1_mg_ml_PbS__Series_1,/Users/shunhao/Desktop/ML/lab/data_all/x_time_day/10.1016_j.solener.2020.03.034/Fig6_D_stability_performance_curve_pce/accepted/10.1016_j.solener.2020.03.034__Fig6__D__stability_performance_curve_pce__1_mg_ml_PbS__Series_1.csv,x_time_day/10.1016_j.solener.2020.03.034/Fig6_D_stability_performance_curve_pce/accepted/10.1016_j.solener.2020.03.034__Fig6__D__stability_performance_curve_pce__1_mg_ml_PbS__Series_1.csv,10.1016/j.solener.2020.03.034,Fig6_D_stability_performance_curve_pce,Series_1,52,52,8,0,1443.3200960236904,226.4031523174416,True,0.9978270194423624,1.0,0.8419776812468773,325,5,1,1,node_1_1,0.3713097380464635,1.0,0.9865258669382685,0.9326293346913422,0.8798090985444061,0.8633409940657547,0.8419776812468773,0.0,6,no_initial_change_moderate_loss,class_06,/Users/shunhao/Desktop/ML/lab/NEW/som_200h_reanalysis/02_selected_curve_database/paper_aligned_min4/x_time_day/10.1016_j.solener.2020.03.034/Fig6_D_stability_performance_curve_pce/accepted/10.1016_j.solener.2020.03.034__Fig6__D__stability_performance_curve_pce__1_mg_ml_PbS__Series_1.csv
x_time_day/10.1016_j.solmat.2019.110284/Fig5_B_stability_performance_curve_structure/accepted/10.1016_j.solmat.2019.110284__Fig5__B__stability_performance_curve_structure__planar_regular_(n-i-p)cells__Series_2.csv,10.1016/j.solmat.2019.110284|Fig5_B_stability_performance_curve_structure|10.1016_j.solmat.2019.110284__Fig5__B__stability_performance_curve_structure__planar_regular_(n-i-p)cells__Series_2,/Users/shunhao/Desktop/ML/lab/data_all/x_time_day/10.1016_j.solmat.2019.110284/Fig5_B_stability_performance_curve_structure/accepted/10.1016_j.solmat.2019.110284__Fig5__B__stability_performance_curve_structure__planar_regular_(n-i-p)cells__Series_2.csv,x_time_day/10.1016_j.solmat.2019.110284/Fig5_B_stability_performance_curve_structure/accepted/10.1016_j.solmat.2019.110284__Fig5__B__stability_performance_curve_structure__planar_regular_(n-i-p)cells__Series_2.csv,10.1016/j.solmat.2019.110284,Fig5_B_stability_performance_curve_structure,Series_2,45,45,13,0,719.4099741119447,212.55294689671092,True,1.0002686966351022,1.0,0.82953639944933,343,5,1,1,node_1_1,0.30651783049549625,1.0,0.9928998542432409,0.9477330862054875,0.8929546779340862,0.855108958553151,0.82953639944933,0.0,6,no_initial_change_moderate_loss,class_06,/Users/shunhao/Desktop/ML/lab/NEW/som_200h_reanalysis/02_selected_curve_database/paper_aligned_min4/x_time_day/10.1016_j.solmat.2019.110284/Fig5_B_stability_performance_curve_structure/accepted/10.1016_j.solmat.2019.110284__Fig5__B__stability_performance_curve_structure__planar_regular_(n-i-p)cells__Series_2.csv
"x_time_day/10.1016_j.solmat.2019.110284/Fig6_D_stability_performance_curve_structure/accepted/10.1016_j.solmat.2019.110284__Fig6__D__stability_performance_curve_structure__planar_n-i-pcells,_30-60%_RH__Series_2.csv","10.1016/j.solmat.2019.110284|Fig6_D_stability_performance_curve_structure|10.1016_j.solmat.2019.110284__Fig6__D__stability_performance_curve_structure__planar_n-i-pcells,_30-60%_RH__Series_2","/Users/shunhao/Desktop/ML/lab/data_all/x_time_day/10.1016_j.solmat.2019.110284/Fig6_D_stability_performance_curve_structure/accepted/10.1016_j.solmat.2019.110284__Fig6__D__stability_performance_curve_structure__planar_n-i-pcells,_30-60%_RH__Series_2.csv","x_time_day/10.1016_j.solmat.2019.110284/Fig6_D_stability_performance_curve_structure/accepted/10.1016_j.solmat.2019.110284__Fig6__D__stability_performance_curve_structure__planar_n-i-pcells,_30-60%_RH__Series_2.csv",10.1016/j.solmat.2019.110284,Fig6_D_stability_performance_curve_structure,Series_2,68,68,8,0,1794.9907961021247,214.32725923607455,True,0.9984526712186974,1.0,0.8471606462747241,345,5,1,1,node_1_1,0.5532665164754903,1.0,0.9919364978621371,0.951876634494029,0.8988469748624693,0.8687318118262378,0.8471606462747241,0.0,6,no_initial_change_moderate_loss,class_06,"/Users/shunhao/Desktop/ML/lab/NEW/som_200h_reanalysis/02_selected_curve_database/paper_aligned_min4/x_time_day/10.1016_j.solmat.2019.110284/Fig6_D_stability_performance_curve_structure/accepted/10.1016_j.solmat.2019.110284__Fig6__D__stability_performance_curve_structure__planar_n-i-pcells,_30-60%_RH__Series_2.csv"
x_time_day/10.1021_acs.jpcc.6b12137/Fig4_D_stability_performance_curve/accepted/10.1021_acs.jpcc.6b12137__Fig4__D__stability_performance_curve__PMMA0mg_mL__Series_2.csv,10.1021/acs.jpcc.6b12137|Fig4_D_stability_performance_curve|10.1021_acs.jpcc.6b12137__Fig4__D__stability_performance_curve__PMMA0mg_mL__Series_2,/Users/shunhao/Desktop/ML/lab/data_all/x_time_day/10.1021_acs.jpcc.6b12137/Fig4_D_stability_performance_curve/accepted/10.1021_acs.jpcc.6b12137__Fig4__D__stability_performance_curve__PMMA0mg_mL__Series_2.csv,x_time_day/10.1021_acs.jpcc.6b12137/Fig4_D_stability_performance_curve/accepted/10.1021_acs.jpcc.6b12137__Fig4__D__stability_performance_curve__PMMA0mg_mL__Series_2.csv,10.1021/acs.jpcc.6b12137,Fig4_D_stability_performance_curve,Series_2,46,46,19,0,474.1132503922687,200.1811501656246,True,1.0024152796435588,1.0,0.8619605076754352,361,5,1,1,node_1_1,0.7219854699305324,1.0,0.97817737797012,0.9141533001994173,0.8825709167919535,0.8723210484401853,0.8619605076754352,0.0,6,no_initial_change_moderate_loss,class_06,/Users/shunhao/Desktop/ML/lab/NEW/som_200h_reanalysis/02_selected_curve_database/paper_aligned_min4/x_time_day/10.1021_acs.jpcc.6b12137/Fig4_D_stability_performance_curve/accepted/10.1021_acs.jpcc.6b12137__Fig4__D__stability_performance_curve__PMMA0mg_mL__Series_2.csv
x_time_day/10.1021_acsaem.0c01675/Fig6_B_stability_performance_curve/accepted/10.1021_acsaem.0c01675__Fig6__B__stability_performance_curve__Control__Series_2.csv,10.1021/acsaem.0c01675|Fig6_B_stability_performance_curve|10.1021_acsaem.0c01675__Fig6__B__stability_performance_curve__Control__Series_2,/Users/shunhao/Desktop/ML/lab/data_all/x_time_day/10.1021_acsaem.0c01675/Fig6_B_stability_performance_curve/accepted/10.1021_acsaem.0c01675__Fig6__B__stability_performance_curve__Control__Series_2.csv,x_time_day/10.1021_acsaem.0c01675/Fig6_B_stability_performance_curve/accepted/10.1021_acsaem.0c01675__Fig6__B__stability_performance_curve__Control__Series_2.csv,10.1021/acsaem.0c01675,Fig6_B_stability_performance_curve,Series_2,42,42,24,0,352.6854460565759,206.45001720384937,True,0.9967101941303224,1.0,0.7879898915418393,373,5,1,1,node_1_1,0.8959006118250473,1.0,0.9664204393807849,0.9072250557062032,0.8760297938056684,0.8207288904623752,0.7879898915418393,0.0,6,no_initial_change_moderate_loss,class_06,/Users/shunhao/Desktop/ML/lab/NEW/som_200h_reanalysis/02_selected_curve_database/paper_aligned_min4/x_time_day/10.1021_acsaem.0c01675/Fig6_B_stability_performance_curve/accepted/10.1021_acsaem.0c01675__Fig6__B__stability_performance_curve__Control__Series_2.csv
x_time_day/10.1021_acsami.9b07149/Fig4_D_stability_performance_curve_pce/accepted/10.1021_acsami.9b07149__Fig4__D__stability_performance_curve_pce__PVK__Series_1.csv,10.1021/acsami.9b07149|Fig4_D_stability_performance_curve_pce|10.1021_acsami.9b07149__Fig4__D__stability_performance_curve_pce__PVK__Series_1,/Users/shunhao/Desktop/ML/lab/data_all/x_time_day/10.1021_acsami.9b07149/Fig4_D_stability_performance_curve_pce/accepted/10.1021_acsami.9b07149__Fig4__D__stability_performance_curve_pce__PVK__Series_1.csv,x_time_day/10.1021_acsami.9b07149/Fig4_D_stability_performance_curve_pce/accepted/10.1021_acsami.9b07149__Fig4__D__stability_performance_curve_pce__PVK__Series_1.csv,10.1021/acsami.9b07149,Fig4_D_stability_performance_curve_pce,Series_1,53,53,13,0,844.9327512761802,211.23318781904504,True,0.9980166248690544,1.0,0.8020731096357256,428,5,1,1,node_1_1,0.5272425937920202,1.0,0.9946692592295665,0.9577614854557308,0.9019817921767315,0.8506980229858464,0.8020731096357256,0.0,6,no_initial_change_moderate_loss,class_06,/Users/shunhao/Desktop/ML/lab/NEW/som_200h_reanalysis/02_selected_curve_database/paper_aligned_min4/x_time_day/10.1021_acsami.9b07149/Fig4_D_stability_performance_curve_pce/accepted/10.1021_acsami.9b07149__Fig4__D__stability_performance_curve_pce__PVK__Series_1.csv
x_time_day/10.1021_acsenergylett.1c00531/Fig6_B_stability_performance_curve_pce/accepted/10.1021_acsenergylett.1c00531__Fig6__B__stability_performance_curve_pce__o-Pristine_PSC__Series_2.csv,10.1021/acsenergylett.1c00531|Fig6_B_stability_performance_curve_pce|10.1021_acsenergylett.1c00531__Fig6__B__stability_performance_curve_pce__o-Pristine_PSC__Series_2,/Users/shunhao/Desktop/ML/lab/data_all/x_time_day/10.1021_acsenergylett.1c00531/Fig6_B_stability_performance_curve_pce/accepted/10.1021_acsenergylett.1c00531__Fig6__B__stability_performance_curve_pce__o-Pristine_PSC__Series_2.csv,x_time_day/10.1021_acsenergylett.1c00531/Fig6_B_stability_performance_curve_pce/accepted/10.1021_acsenergylett.1c00531__Fig6__B__stability_performance_curve_pce__o-Pristine_PSC__Series_2.csv,10.1021/acsenergylett.1c00531,Fig6_B_stability_performance_curve_pce,Series_2,21,21,4,0,1128.6485528732992,225.72971057465975,True,1.0068176842588417,1.0,0.8278022795382906,442,5,1,1,node_1_1,0.3231165717783453,1.0,0.9905838310626912,0.950609575703897,0.8929069643319874,0.8555190900000124,0.8278022795382906,0.0,6,no_initial_change_moderate_loss,class_06,/Users/shunhao/Desktop/ML/lab/NEW/som_200h_reanalysis/02_selected_curve_database/paper_aligned_min4/x_time_day/10.1021_acsenergylett.1c00531/Fig6_B_stability_performance_curve_pce/accepted/10.1021_acsenergylett.1c00531__Fig6__B__stability_performance_curve_pce__o-Pristine_PSC__Series_2.csv
x_time_day/10.1021_acsomega.0c04593/Fig10_A_stability_performance_curve/accepted/10.1021_acsomega.0c04593__Fig10__A__stability_performance_curve__Aged__Series_2.csv,10.1021/acsomega.0c04593|Fig10_A_stability_performance_curve|10.1021_acsomega.0c04593__Fig10__A__stability_performance_curve__Aged__Series_2,/Users/shunhao/Desktop/ML/lab/data_all/x_time_day/10.1021_acsomega.0c04593/Fig10_A_stability_performance_curve/accepted/10.1021_acsomega.0c04593__Fig10__A__stability_performance_curve__Aged__Series_2.csv,x_time_day/10.1021_acsomega.0c04593/Fig10_A_stability_performance_curve/accepted/10.1021_acsomega.0c04593__Fig10__A__stability_performance_curve__Aged__Series_2.csv,10.1021/acsomega.0c04593,Fig10_A_stability_performance_curve,Series_2,44,44,16,0,534.6343076239214,206.5632552183332,True,18.92443193983457,1.0,0.7808894142478421,443,5,1,1,node_1_1,0.545215019277278,1.0,0.9859254296842542,0.9201084803432429,0.8931181783753922,0.8543391440204114,0.7808894142478421,0.0,6,no_initial_change_moderate_loss,class_06,/Users/shunhao/Desktop/ML/lab/NEW/som_200h_reanalysis/02_selected_curve_database/paper_aligned_min4/x_time_day/10.1021_acsomega.0c04593/Fig10_A_stability_performance_curve/accepted/10.1021_acsomega.0c04593__Fig10__A__stability_performance_curve__Aged__Series_2.csv
x_time_day/10.1021_acssuschemeng.9b00368/Fig7_A_stability_performance_curve/accepted/10.1021_acssuschemeng.9b00368__Fig7__A__stability_performance_curve__MAPbI3__Series_2.csv,10.1021/acssuschemeng.9b00368|Fig7_A_stability_performance_curve|10.1021_acssuschemeng.9b00368__Fig7__A__stability_performance_curve__MAPbI3__Series_2,/Users/shunhao/Desktop/ML/lab/data_all/x_time_day/10.1021_acssuschemeng.9b00368/Fig7_A_stability_performance_curve/accepted/10.1021_acssuschemeng.9b00368__Fig7__A__stability_performance_curve__MAPbI3__Series_2.csv,x_time_day/10.1021_acssuschemeng.9b00368/Fig7_A_stability_performance_curve/accepted/10.1021_acssuschemeng.9b00368__Fig7__A__stability_performance_curve__MAPbI3__Series_2.csv,10.1021/acssuschemeng.9b00368,Fig7_A_stability_performance_curve,Series_2,19,19,14,0,269.9194510811992,209.93735084093265,True,1.0004304794858911,1.0,0.7999436614322588,449,5,1,1,node_1_1,0.5569632090254729,1.0,0.9955477918521285,0.9490385005650215,0.9021121483002639,0.8383276534912161,0.7999436614322588,0.0,6,no_initial_change_moderate_loss,class_06,/Users/shunhao/Desktop/ML/lab/NEW/som_200h_reanalysis/02_selected_curve_database/paper_aligned_min4/x_time_day/10.1021_acssuschemeng.9b00368/Fig7_A_stability_performance_curve/accepted/10.1021_acssuschemeng.9b00368__Fig7__A__stability_performance_curve__MAPbI3__Series_2.csv
x_time_day/10.1039_D5SC05095B/Fig5_I_eis_plot_stability_performance_curve_pce_device_structure/accepted/10.1039_D5SC05095B__Fig5__I__eis_plot_stability_performance_curve_pce_device_structure__W_O_AMPM__Series_1.csv,10.1039/D5SC05095B|Fig5_I_eis_plot_stability_performance_curve_pce_device_structure|10.1039_D5SC05095B__Fig5__I__eis_plot_stability_performance_curve_pce_device_structure__W_O_AMPM__Series_1,/Users/shunhao/Desktop/ML/lab/data_all/x_time_day/10.1039_D5SC05095B/Fig5_I_eis_plot_stability_performance_curve_pce_device_structure/accepted/10.1039_D5SC05095B__Fig5__I__eis_plot_stability_performance_curve_pce_device_structure__W_O_AMPM__Series_1.csv,x_time_day/10.1039_D5SC05095B/Fig5_I_eis_plot_stability_performance_curve_pce_device_structure/accepted/10.1039_D5SC05095B__Fig5__I__eis_plot_stability_performance_curve_pce_device_structure__W_O_AMPM__Series_1.csv,10.1039/D5SC05095B,Fig5_I_eis_plot_stability_performance_curve_pce_device_structure,Series_1,48,48,9,0,1157.0241750118507,221.55782074695017,True,1.00832067915644,1.0,0.8061892759022323,460,5,1,1,node_1_1,0.6019241478061399,1.0,0.9844916089334461,0.9147697748890071,0.8625225067759478,0.8358436152375802,0.8061892759022323,0.0,6,no_initial_change_moderate_loss,class_06,/Users/shunhao/Desktop/ML/lab/NEW/som_200h_reanalysis/02_selected_curve_database/paper_aligned_min4/x_time_day/10.1039_D5SC05095B/Fig5_I_eis_plot_stability_performance_curve_pce_device_structure/accepted/10.1039_D5SC05095B__Fig5__I__eis_plot_stability_performance_curve_pce_device_structure__W_O_AMPM__Series_1.csv
x_time_day/10.1039_c7tc01973d/Fig5_D_stability_performance_curve/accepted/10.1039_c7tc01973d__Fig5__D__stability_performance_curve__Mesoporous_Pbl__Series_1.csv,10.1039/c7tc01973d|Fig5_D_stability_performance_curve|10.1039_c7tc01973d__Fig5__D__stability_performance_curve__Mesoporous_Pbl__Series_1,/Users/shunhao/Desktop/ML/lab/data_all/x_time_day/10.1039_c7tc01973d/Fig5_D_stability_performance_curve/accepted/10.1039_c7tc01973d__Fig5__D__stability_performance_curve__Mesoporous_Pbl__Series_1.csv,x_time_day/10.1039_c7tc01973d/Fig5_D_stability_performance_curve/accepted/10.1039_c7tc01973d__Fig5__D__stability_performance_curve__Mesoporous_Pbl__Series_1.csv,10.1039/c7tc01973d,Fig5_D_stability_performance_curve,Series_1,48,48,29,0,332.8362132224973,205.3670251798388,True,1.0024899874683573,1.0,0.8440834644076577,480,5,1,1,node_1_1,0.6610400182330172,1.0,0.992459739290028,0.95727918841622,0.9042720833079101,0.8606512240197574,0.8440834644076577,0.0,6,no_initial_change_moderate_loss,class_06,/Users/shunhao/Desktop/ML/lab/NEW/som_200h_reanalysis/02_selected_curve_database/paper_aligned_min4/x_time_day/10.1039_c7tc01973d/Fig5_D_stability_performance_curve/accepted/10.1039_c7tc01973d__Fig5__D__stability_performance_curve__Mesoporous_Pbl__Series_1.csv
x_time_day/10.1039_c9ta08177a/Fig6_B_stability_performance_curve/accepted/10.1039_c9ta08177a__Fig6__B__stability_performance_curve__without_PEVCNT__Series_1.csv,10.1039/c9ta08177a|Fig6_B_stability_performance_curve|10.1039_c9ta08177a__Fig6__B__stability_performance_curve__without_PEVCNT__Series_1,/Users/shunhao/Desktop/ML/lab/data_all/x_time_day/10.1039_c9ta08177a/Fig6_B_stability_performance_curve/accepted/10.1039_c9ta08177a__Fig6__B__stability_performance_curve__without_PEVCNT__Series_1.csv,x_time_day/10.1039_c9ta08177a/Fig6_B_stability_performance_curve/accepted/10.1039_c9ta08177a__Fig6__B__stability_performance_curve__without_PEVCNT__Series_1.csv,10.1039/c9ta08177a,Fig6_B_stability_performance_curve,Series_1,38,38,24,0,309.8337009481896,200.97321142585264,True,1.0072847720840887,1.0,0.8176943601789093,508,5,1,1,node_1_1,1.2798534100676315,1.0,0.9842399624081251,0.8764807519954162,0.8401764438823834,0.8236949268405352,0.8176943601789093,0.0,6,no_initial_change_moderate_loss,class_06,/Users/shunhao/Desktop/ML/lab/NEW/som_200h_reanalysis/02_selected_curve_database/paper_aligned_min4/x_time_day/10.1039_c9ta08177a/Fig6_B_stability_performance_curve/accepted/10.1039_c9ta08177a__Fig6__B__stability_performance_curve__without_PEVCNT__Series_1.csv
x_time_day/10.1039_d1ra05399j/Fig5_C_stability_performance_curve_pce/accepted/10.1039_d1ra05399j__Fig5__C__stability_performance_curve_pce__Control__Series_2.csv,10.1039/d1ra05399j|Fig5_C_stability_performance_curve_pce|10.1039_d1ra05399j__Fig5__C__stability_performance_curve_pce__Control__Series_2,/Users/shunhao/Desktop/ML/lab/data_all/x_time_day/10.1039_d1ra05399j/Fig5_C_stability_performance_curve_pce/accepted/10.1039_d1ra05399j__Fig5__C__stability_performance_curve_pce__Control__Series_2.csv,x_time_day/10.1039_d1ra05399j/Fig5_C_stability_performance_curve_pce/accepted/10.1039_d1ra05399j__Fig5__C__stability_performance_curve_pce__Control__Series_2.csv,10.1039/d1ra05399j,Fig5_C_stability_performance_curve_pce,Series_2,85,85,25,0,693.6435127409195,206.4415216490832,True,1.005234610364729,1.0,0.7975432724462054,547,5,1,1,node_1_1,0.27207840180004766,1.0,0.9854952931021597,0.9344575571415975,0.8854970174357513,0.8449322409350654,0.7975432724462054,0.0,6,no_initial_change_moderate_loss,class_06,/Users/shunhao/Desktop/ML/lab/NEW/som_200h_reanalysis/02_selected_curve_database/paper_aligned_min4/x_time_day/10.1039_d1ra05399j/Fig5_C_stability_performance_curve_pce/accepted/10.1039_d1ra05399j__Fig5__C__stability_performance_curve_pce__Control__Series_2.csv
x_time_day/10.1039_d2cp02033e/Fig5_A_stability_performance_curve_pce/accepted/10.1039_d2cp02033e__Fig5__A__stability_performance_curve_pce__PEDOT_PSS_PCBM__Series_2.csv,10.1039/d2cp02033e|Fig5_A_stability_performance_curve_pce|10.1039_d2cp02033e__Fig5__A__stability_performance_curve_pce__PEDOT_PSS_PCBM__Series_2,/Users/shunhao/Desktop/ML/lab/data_all/x_time_day/10.1039_d2cp02033e/Fig5_A_stability_performance_curve_pce/accepted/10.1039_d2cp02033e__Fig5__A__stability_performance_curve_pce__PEDOT_PSS_PCBM__Series_2.csv,x_time_day/10.1039_d2cp02033e/Fig5_A_stability_performance_curve_pce/accepted/10.1039_d2cp02033e__Fig5__A__stability_performance_curve_pce__PEDOT_PSS_PCBM__Series_2.csv,10.1039/d2cp02033e,Fig5_A_stability_performance_curve_pce,Series_2,55,55,31,0,349.93430952969504,200.88821473001008,True,1.002631744010985,1.0,0.8187598441531296,553,5,1,1,node_1_1,0.6165221556016504,1.0,0.996156382867497,0.9656539974927388,0.8998067784188009,0.8498950984478415,0.8187598441531296,0.0,6,no_initial_change_moderate_loss,class_06,/Users/shunhao/Desktop/ML/lab/NEW/som_200h_reanalysis/02_selected_curve_database/paper_aligned_min4/x_time_day/10.1039_d2cp02033e/Fig5_A_stability_performance_curve_pce/accepted/10.1039_d2cp02033e__Fig5__A__stability_performance_curve_pce__PEDOT_PSS_PCBM__Series_2.csv
x_time_day/10.1039_d3ta01935g/Fig5_E_stability_performance_curve_pce/accepted/10.1039_d3ta01935g__Fig5__E__stability_performance_curve_pce__Pure_F-PEA__Series_3.csv,10.1039/d3ta01935g|Fig5_E_stability_performance_curve_pce|10.1039_d3ta01935g__Fig5__E__stability_performance_curve_pce__Pure_F-PEA__Series_3,/Users/shunhao/Desktop/ML/lab/data_all/x_time_day/10.1039_d3ta01935g/Fig5_E_stability_performance_curve_pce/accepted/10.1039_d3ta01935g__Fig5__E__stability_performance_curve_pce__Pure_F-PEA__Series_3.csv,x_time_day/10.1039_d3ta01935g/Fig5_E_stability_performance_curve_pce/accepted/10.1039_d3ta01935g__Fig5__E__stability_performance_curve_pce__Pure_F-PEA__Series_3.csv,10.1039/d3ta01935g,Fig5_E_stability_performance_curve_pce,Series_3,46,46,12,0,795.9912058076409,212.26432154870423,True,1.001838340541796,1.0,0.7825126448529413,557,5,1,1,node_1_1,0.6864596410082289,1.0,0.9832363279404606,0.9241776719757411,0.8710264367908819,0.8267901070198157,0.7825126448529413,0.0,6,no_initial_change_moderate_loss,class_06,/Users/shunhao/Desktop/ML/lab/NEW/som_200h_reanalysis/02_selected_curve_database/paper_aligned_min4/x_time_day/10.1039_d3ta01935g/Fig5_E_stability_performance_curve_pce/accepted/10.1039_d3ta01935g__Fig5__E__stability_performance_curve_pce__Pure_F-PEA__Series_3.csv
x_time_h/10.1002_adfm.201605988/Fig7_D_stability_performance_curve_pce/accepted/10.1002_adfm.201605988__Fig7__D__stability_performance_curve_pce__FAPbl₃__Series_1.csv,10.1002/adfm.201605988|Fig7_D_stability_performance_curve_pce|10.1002_adfm.201605988__Fig7__D__stability_performance_curve_pce__FAPbl₃__Series_1,/Users/shunhao/Desktop/ML/lab/data_all/x_time_h/10.1002_adfm.201605988/Fig7_D_stability_performance_curve_pce/accepted/10.1002_adfm.201605988__Fig7__D__stability_performance_curve_pce__FAPbl₃__Series_1.csv,x_time_h/10.1002_adfm.201605988/Fig7_D_stability_performance_curve_pce/accepted/10.1002_adfm.201605988__Fig7__D__stability_performance_curve_pce__FAPbl₃__Series_1.csv,10.1002/adfm.201605988,Fig7_D_stability_performance_curve_pce,Series_1,55,55,11,0,992.5968927158184,202.19566333100008,True,1.0037826547967226,1.0,0.7995543309957155,593,5,1,1,node_1_1,0.5468921625102662,1.0,0.9931226783894335,0.9564600873355074,0.904975173503017,0.8513984175818397,0.7995543309957155,0.0,6,no_initial_change_moderate_loss,class_06,/Users/shunhao/Desktop/ML/lab/NEW/som_200h_reanalysis/02_selected_curve_database/paper_aligned_min4/x_time_h/10.1002_adfm.201605988/Fig7_D_stability_performance_curve_pce/accepted/10.1002_adfm.201605988__Fig7__D__stability_performance_curve_pce__FAPbl₃__Series_1.csv
x_time_h/10.1002_adfm.202200473/Fig4_B_stability_performance_curve/accepted/10.1002_adfm.202200473__Fig4__B__stability_performance_curve__FA0.92CS0.08PbI3__Series_1.csv,10.1002/adfm.202200473|Fig4_B_stability_performance_curve|10.1002_adfm.202200473__Fig4__B__stability_performance_curve__FA0.92CS0.08PbI3__Series_1,/Users/shunhao/Desktop/ML/lab/data_all/x_time_h/10.1002_adfm.202200473/Fig4_B_stability_performance_curve/accepted/10.1002_adfm.202200473__Fig4__B__stability_performance_curve__FA0.92CS0.08PbI3__Series_1.csv,x_time_h/10.1002_adfm.202200473/Fig4_B_stability_performance_curve/accepted/10.1002_adfm.202200473__Fig4__B__stability_performance_curve__FA0.92CS0.08PbI3__Series_1.csv,10.1002/adfm.202200473,Fig4_B_stability_performance_curve,Series_1,44,44,16,0,548.9775957387745,204.27073329814863,True,1.0010153814557792,1.0,0.7928059573879406,634,5,1,1,node_1_1,0.5085407822582764,1.0,0.9914789067530048,0.9552654920073408,0.8964029786939703,0.8438004298747747,0.7928059573879406,0.0,6,no_initial_change_moderate_loss,class_06,/Users/shunhao/Desktop/ML/lab/NEW/som_200h_reanalysis/02_selected_curve_database/paper_aligned_min4/x_time_h/10.1002_adfm.202200473/Fig4_B_stability_performance_curve/accepted/10.1002_adfm.202200473__Fig4__B__stability_performance_curve__FA0.92CS0.08PbI3__Series_1.csv
x_time_h/10.1002_adma.201707143/Fig4_D_stability/accepted/10.1002_adma.201707143__Fig4__D__stability__Series_1__Series_1.csv,10.1002/adma.201707143|Fig4_D_stability|10.1002_adma.201707143__Fig4__D__stability__Series_1__Series_1,/Users/shunhao/Desktop/ML/lab/data_all/x_time_h/10.1002_adma.201707143/Fig4_D_stability/accepted/10.1002_adma.201707143__Fig4__D__stability__Series_1__Series_1.csv,x_time_h/10.1002_adma.201707143/Fig4_D_stability/accepted/10.1002_adma.201707143__Fig4__D__stability__Series_1__Series_1.csv,10.1002/adma.201707143,Fig4_D_stability,Series_1,58,58,12,0,950.2476956230436,200.05214644695653,True,0.9081862387583924,1.0,0.8368244319768545,645,5,1,1,node_1_1,0.7759215440883687,1.0,0.9595810305399434,0.9067525595704418,0.8776023567944085,0.8717827975915385,0.8368244319768545,0.0,6,no_initial_change_moderate_loss,class_06,/Users/shunhao/Desktop/ML/lab/NEW/som_200h_reanalysis/02_selected_curve_database/paper_aligned_min4/x_time_h/10.1002_adma.201707143/Fig4_D_stability/accepted/10.1002_adma.201707143__Fig4__D__stability__Series_1__Series_1.csv
x_time_h/10.1002_adma.201801948/Fig8_C_stability/accepted/10.1002_adma.201801948__Fig8__C__stability__w_FAPFpost-treatment6__Series_2.csv,10.1002/adma.201801948|Fig8_C_stability|10.1002_adma.201801948__Fig8__C__stability__w_FAPFpost-treatment6__Series_2,/Users/shunhao/Desktop/ML/lab/data_all/x_time_h/10.1002_adma.201801948/Fig8_C_stability/accepted/10.1002_adma.201801948__Fig8__C__stability__w_FAPFpost-treatment6__Series_2.csv,x_time_h/10.1002_adma.201801948/Fig8_C_stability/accepted/10.1002_adma.201801948__Fig8__C__stability__w_FAPFpost-treatment6__Series_2.csv,10.1002/adma.201801948,Fig8_C_stability,Series_2,79,79,48,0,326.2941281547087,200.7963865567438,True,0.9858484715515068,1.0,0.8105407360852418,648,5,1,1,node_1_1,1.72466459973325,1.0,0.9479296362088447,0.8768486167701204,0.8063063234214347,0.8381723949987342,0.8105407360852418,0.0,6,no_initial_change_moderate_loss,class_06,/Users/shunhao/Desktop/ML/lab/NEW/som_200h_reanalysis/02_selected_curve_database/paper_aligned_min4/x_time_h/10.1002_adma.201801948/Fig8_C_stability/accepted/10.1002_adma.201801948__Fig8__C__stability__w_FAPFpost-treatment6__Series_2.csv
x_time_h/10.1002_adma.202001470/Fig5_G_stability_performance_curve_pattern/accepted/10.1002_adma.202001470__Fig5__G__stability_performance_curve_pattern__FAPbI₃__Series_2.csv,10.1002/adma.202001470|Fig5_G_stability_performance_curve_pattern|10.1002_adma.202001470__Fig5__G__stability_performance_curve_pattern__FAPbI₃__Series_2,/Users/shunhao/Desktop/ML/lab/data_all/x_time_h/10.1002_adma.202001470/Fig5_G_stability_performance_curve_pattern/accepted/10.1002_adma.202001470__Fig5__G__stability_performance_curve_pattern__FAPbI₃__Series_2.csv,x_time_h/10.1002_adma.202001470/Fig5_G_stability_performance_curve_pattern/accepted/10.1002_adma.202001470__Fig5__G__stability_performance_curve_pattern__FAPbI₃__Series_2.csv,10.1002/adma.202001470,Fig5_G_stability_performance_curve_pattern,Series_2,80,79,29,1,546.931342743553,203.3462684559364,True,1.002110500628581,1.0,0.8310756813009837,668,5,1,1,node_1_1,0.4628316732919637,1.0,0.98795935378107,0.9557444386362967,0.8842091244925805,0.8737508505182329,0.8310756813009837,0.0,6,no_initial_change_moderate_loss,class_06,/Users/shunhao/Desktop/ML/lab/NEW/som_200h_reanalysis/02_selected_curve_database/paper_aligned_min4/x_time_h/10.1002_adma.202001470/Fig5_G_stability_performance_curve_pattern/accepted/10.1002_adma.202001470__Fig5__G__stability_performance_curve_pattern__FAPbI₃__Series_2.csv
x_time_h/10.1002_adma.202001470/Fig5_H_stability_performance_curve_pattern/accepted/10.1002_adma.202001470__Fig5__H__stability_performance_curve_pattern__Control__Series_2.csv,10.1002/adma.202001470|Fig5_H_stability_performance_curve_pattern|10.1002_adma.202001470__Fig5__H__stability_performance_curve_pattern__Control__Series_2,/Users/shunhao/Desktop/ML/lab/data_all/x_time_h/10.1002_adma.202001470/Fig5_H_stability_performance_curve_pattern/accepted/10.1002_adma.202001470__Fig5__H__stability_performance_curve_pattern__Control__Series_2.csv,x_time_h/10.1002_adma.202001470/Fig5_H_stability_performance_curve_pattern/accepted/10.1002_adma.202001470__Fig5__H__stability_performance_curve_pattern__Control__Series_2.csv,10.1002/adma.202001470,Fig5_H_stability_performance_curve_pattern,Series_2,83,83,29,0,575.2113060466054,203.42838872379943,True,0.9982046389603704,1.0,0.8245068291183312,669,5,1,1,node_1_1,0.8731345352464126,1.0,0.9945819724352385,0.9419892859196352,0.852640505610401,0.8192124659668394,0.8245068291183312,0.0,6,no_initial_change_moderate_loss,class_06,/Users/shunhao/Desktop/ML/lab/NEW/som_200h_reanalysis/02_selected_curve_database/paper_aligned_min4/x_time_h/10.1002_adma.202001470/Fig5_H_stability_performance_curve_pattern/accepted/10.1002_adma.202001470__Fig5__H__stability_performance_curve_pattern__Control__Series_2.csv
x_time_h/10.1002_admi.202102324/Fig6_F_stability_performance_curve_pce/accepted/10.1002_admi.202102324__Fig6__F__stability_performance_curve_pce__25_°C_w_o_BDP__Series_1.csv,10.1002/admi.202102324|Fig6_F_stability_performance_curve_pce|10.1002_admi.202102324__Fig6__F__stability_performance_curve_pce__25_°C_w_o_BDP__Series_1,/Users/shunhao/Desktop/ML/lab/data_all/x_time_h/10.1002_admi.202102324/Fig6_F_stability_performance_curve_pce/accepted/10.1002_admi.202102324__Fig6__F__stability_performance_curve_pce__25_°C_w_o_BDP__Series_1.csv,x_time_h/10.1002_admi.202102324/Fig6_F_stability_performance_curve_pce/accepted/10.1002_admi.202102324__Fig6__F__stability_performance_curve_pce__25_°C_w_o_BDP__Series_1.csv,10.1002/admi.202102324,Fig6_F_stability_performance_curve_pce,Series_1,57,57,12,0,989.0493474116456,211.93914587392405,True,0.9878104415996116,1.0,0.8702398219176877,708,5,1,1,node_1_1,0.851029010741684,1.0,0.9810285771295231,0.9135771584660995,0.8931950596325008,0.8812566266733364,0.8702398219176877,0.0,6,no_initial_change_moderate_loss,class_06,/Users/shunhao/Desktop/ML/lab/NEW/som_200h_reanalysis/02_selected_curve_database/paper_aligned_min4/x_time_h/10.1002_admi.202102324/Fig6_F_stability_performance_curve_pce/accepted/10.1002_admi.202102324__Fig6__F__stability_performance_curve_pce__25_°C_w_o_BDP__Series_1.csv
x_time_h/10.1002_admi.202102324/Fig6_F_stability_performance_curve_pce/accepted/10.1002_admi.202102324__Fig6__F__stability_performance_curve_pce__65_°C_BDP-NH₂__Series_3.csv,10.1002/admi.202102324|Fig6_F_stability_performance_curve_pce|10.1002_admi.202102324__Fig6__F__stability_performance_curve_pce__65_°C_BDP-NH₂__Series_3,/Users/shunhao/Desktop/ML/lab/data_all/x_time_h/10.1002_admi.202102324/Fig6_F_stability_performance_curve_pce/accepted/10.1002_admi.202102324__Fig6__F__stability_performance_curve_pce__65_°C_BDP-NH₂__Series_3.csv,x_time_h/10.1002_admi.202102324/Fig6_F_stability_performance_curve_pce/accepted/10.1002_admi.202102324__Fig6__F__stability_performance_curve_pce__65_°C_BDP-NH₂__Series_3.csv,10.1002/admi.202102324,Fig6_F_stability_performance_curve_pce,Series_3,56,56,11,0,989.0493474116456,211.93914587392408,True,0.9781678308474197,1.0,0.8430641187386989,709,5,1,1,node_1_1,0.5902611207152823,1.0,0.9675769298683567,0.9142053861048342,0.8933960852956879,0.8686082635735182,0.8430641187386989,0.0,6,no_initial_change_moderate_loss,class_06,/Users/shunhao/Desktop/ML/lab/NEW/som_200h_reanalysis/02_selected_curve_database/paper_aligned_min4/x_time_h/10.1002_admi.202102324/Fig6_F_stability_performance_curve_pce/accepted/10.1002_admi.202102324__Fig6__F__stability_performance_curve_pce__65_°C_BDP-NH₂__Series_3.csv
x_time_h/10.1002_admi.202102324/Fig6_F_stability_performance_curve_pce/accepted/10.1002_admi.202102324__Fig6__F__stability_performance_curve_pce__65_°C_w_o_BDP__Series_4.csv,10.1002/admi.202102324|Fig6_F_stability_performance_curve_pce|10.1002_admi.202102324__Fig6__F__stability_performance_curve_pce__65_°C_w_o_BDP__Series_4,/Users/shunhao/Desktop/ML/lab/data_all/x_time_h/10.1002_admi.202102324/Fig6_F_stability_performance_curve_pce/accepted/10.1002_admi.202102324__Fig6__F__stability_performance_curve_pce__65_°C_w_o_BDP__Series_4.csv,x_time_h/10.1002_admi.202102324/Fig6_F_stability_performance_curve_pce/accepted/10.1002_admi.202102324__Fig6__F__stability_performance_curve_pce__65_°C_w_o_BDP__Series_4.csv,10.1002/admi.202102324,Fig6_F_stability_performance_curve_pce,Series_4,55,55,12,0,953.7261564326582,211.93914587392405,True,0.8833488251175328,1.0,0.7932068505172798,710,5,1,1,node_1_1,0.8267487161080623,1.0,0.9891775815583147,0.9197236171610114,0.8491952387033628,0.8292998200676486,0.7932068505172798,0.0,6,no_initial_change_moderate_loss,class_06,/Users/shunhao/Desktop/ML/lab/NEW/som_200h_reanalysis/02_selected_curve_database/paper_aligned_min4/x_time_h/10.1002_admi.202102324/Fig6_F_stability_performance_curve_pce/accepted/10.1002_admi.202102324__Fig6__F__stability_performance_curve_pce__65_°C_w_o_BDP__Series_4.csv
x_time_h/10.1002_aenm.201600285/Fig6_whole_stability_performance_curve_pce/accepted/10.1002_aenm.201600285__Fig6__whole__stability_performance_curve_pce__PC[70]BM_Al__Series_2.csv,10.1002/aenm.201600285|Fig6_whole_stability_performance_curve_pce|10.1002_aenm.201600285__Fig6__whole__stability_performance_curve_pce__PC[70]BM_Al__Series_2,/Users/shunhao/Desktop/ML/lab/data_all/x_time_h/10.1002_aenm.201600285/Fig6_whole_stability_performance_curve_pce/accepted/10.1002_aenm.201600285__Fig6__whole__stability_performance_curve_pce__PC[70]BM_Al__Series_2.csv,x_time_h/10.1002_aenm.201600285/Fig6_whole_stability_performance_curve_pce/accepted/10.1002_aenm.201600285__Fig6__whole__stability_performance_curve_pce__PC[70]BM_Al__Series_2.csv,10.1002/aenm.201600285,Fig6_whole_stability_performance_curve_pce,Series_2,57,57,12,0,995.76236491828,213.37764962534573,True,99.68172329542143,1.0,0.8622676982167884,722,5,1,1,node_1_1,0.5746230543666307,1.0,0.9834483265423473,0.926678098521306,0.8944992150776222,0.8688359064585961,0.8622676982167884,0.0,6,no_initial_change_moderate_loss,class_06,/Users/shunhao/Desktop/ML/lab/NEW/som_200h_reanalysis/02_selected_curve_database/paper_aligned_min4/x_time_h/10.1002_aenm.201600285/Fig6_whole_stability_performance_curve_pce/accepted/10.1002_aenm.201600285__Fig6__whole__stability_performance_curve_pce__PC[70]BM_Al__Series_2.csv
x_time_h/10.1002_aenm.201902472/Fig5_C_stability_performance_curve/accepted/10.1002_aenm.201902472__Fig5__C__stability_performance_curve__UVCA_without_Paraffin__Series_1.csv,10.1002/aenm.201902472|Fig5_C_stability_performance_curve|10.1002_aenm.201902472__Fig5__C__stability_performance_curve__UVCA_without_Paraffin__Series_1,/Users/shunhao/Desktop/ML/lab/data_all/x_time_h/10.1002_aenm.201902472/Fig5_C_stability_performance_curve/accepted/10.1002_aenm.201902472__Fig5__C__stability_performance_curve__UVCA_without_Paraffin__Series_1.csv,x_time_h/10.1002_aenm.201902472/Fig5_C_stability_performance_curve/accepted/10.1002_aenm.201902472__Fig5__C__stability_performance_curve__UVCA_without_Paraffin__Series_1.csv,10.1002/aenm.201902472,Fig5_C_stability_performance_curve,Series_1,32,32,19,0,336.38393794478355,206.1708006758351,True,1.0318874518052754,0.9716010582037696,0.822006857102339,737,5,1,1,node_1_1,0.6736320924162481,0.9716010582037696,0.9846863236403918,0.9677062300726704,0.8976997262385006,0.8568416653496339,0.822006857102339,27.5,6,no_initial_change_moderate_loss,class_06,/Users/shunhao/Desktop/ML/lab/NEW/som_200h_reanalysis/02_selected_curve_database/paper_aligned_min4/x_time_h/10.1002_aenm.201902472/Fig5_C_stability_performance_curve/accepted/10.1002_aenm.201902472__Fig5__C__stability_performance_curve__UVCA_without_Paraffin__Series_1.csv
x_time_h/10.1002_aenm.202302169/Fig5_A_stability_performance_curve_spectrum/accepted/10.1002_aenm.202302169__Fig5__A__stability_performance_curve_spectrum__Control_(initial_PCE_20.15%)__Series_1.csv,10.1002/aenm.202302169|Fig5_A_stability_performance_curve_spectrum|10.1002_aenm.202302169__Fig5__A__stability_performance_curve_spectrum__Control_(initial_PCE_20.15%)__Series_1,/Users/shunhao/Desktop/ML/lab/data_all/x_time_h/10.1002_aenm.202302169/Fig5_A_stability_performance_curve_spectrum/accepted/10.1002_aenm.202302169__Fig5__A__stability_performance_curve_spectrum__Control_(initial_PCE_20.15%)__Series_1.csv,x_time_h/10.1002_aenm.202302169/Fig5_A_stability_performance_curve_spectrum/accepted/10.1002_aenm.202302169__Fig5__A__stability_performance_curve_spectrum__Control_(initial_PCE_20.15%)__Series_1.csv,10.1002/aenm.202302169,Fig5_A_stability_performance_curve_spectrum,Series_1,174,174,24,0,1460.1156358436504,202.5593945679053,True,0.9719489689399696,1.0,0.8068956119917657,766,5,1,1,node_1_1,0.5685503915045187,1.0,0.9817358344340364,0.9156048248974914,0.8663049956353202,0.8395411720106394,0.8068956119917657,0.0,6,no_initial_change_moderate_loss,class_06,/Users/shunhao/Desktop/ML/lab/NEW/som_200h_reanalysis/02_selected_curve_database/paper_aligned_min4/x_time_h/10.1002_aenm.202302169/Fig5_A_stability_performance_curve_spectrum/accepted/10.1002_aenm.202302169__Fig5__A__stability_performance_curve_spectrum__Control_(initial_PCE_20.15%)__Series_1.csv
x_time_h/10.1002_cssc.201902488/Fig6_A_stability_performance_curve_pce/accepted/10.1002_cssc.201902488__Fig6__A__stability_performance_curve_pce__With_ttfa__Series_2.csv,10.1002/cssc.201902488|Fig6_A_stability_performance_curve_pce|10.1002_cssc.201902488__Fig6__A__stability_performance_curve_pce__With_ttfa__Series_2,/Users/shunhao/Desktop/ML/lab/data_all/x_time_h/10.1002_cssc.201902488/Fig6_A_stability_performance_curve_pce/accepted/10.1002_cssc.201902488__Fig6__A__stability_performance_curve_pce__With_ttfa__Series_2.csv,x_time_h/10.1002_cssc.201902488/Fig6_A_stability_performance_curve_pce/accepted/10.1002_cssc.201902488__Fig6__A__stability_performance_curve_pce__With_ttfa__Series_2.csv,10.1002/cssc.201902488,Fig6_A_stability_performance_curve_pce,Series_2,67,67,43,0,307.9256784677429,200.61824506231733,True,1.0087102657947358,1.0,0.8195132066302074,793,5,1,1,node_1_1,0.44591442625702377,1.0,0.9876344024184515,0.9572835150261589,0.8853845092126094,0.8702670979436868,0.8195132066302074,0.0,6,no_initial_change_moderate_loss,class_06,/Users/shunhao/Desktop/ML/lab/NEW/som_200h_reanalysis/02_selected_curve_database/paper_aligned_min4/x_time_h/10.1002_cssc.201902488/Fig6_A_stability_performance_curve_pce/accepted/10.1002_cssc.201902488__Fig6__A__stability_performance_curve_pce__With_ttfa__Series_2.csv
x_time_h/10.1002_cssc.201903216/Fig5_C_stability_performance_curve_pce/accepted/10.1002_cssc.201903216__Fig5__C__stability_performance_curve_pce__Control__Series_1.csv,10.1002/cssc.201903216|Fig5_C_stability_performance_curve_pce|10.1002_cssc.201903216__Fig5__C__stability_performance_curve_pce__Control__Series_1,/Users/shunhao/Desktop/ML/lab/data_all/x_time_h/10.1002_cssc.201903216/Fig5_C_stability_performance_curve_pce/accepted/10.1002_cssc.201903216__Fig5__C__stability_performance_curve_pce__Control__Series_1.csv,x_time_h/10.1002_cssc.201903216/Fig5_C_stability_performance_curve_pce/accepted/10.1002_cssc.201903216__Fig5__C__stability_performance_curve_pce__Control__Series_1.csv,10.1002/cssc.201903216,Fig5_C_stability_performance_curve_pce,Series_1,148,148,74,0,398.91800834622944,200.8158681470815,True,0.9972567544866046,0.9977367436050248,0.7994829253304087,795,5,1,1,node_1_1,0.6475959441469665,0.9977367436050248,0.9909599509731618,0.9094955967528966,0.8991438401726616,0.8880842252359711,0.7994829253304087,2.0,6,no_initial_change_moderate_loss,class_06,/Users/shunhao/Desktop/ML/lab/NEW/som_200h_reanalysis/02_selected_curve_database/paper_aligned_min4/x_time_h/10.1002_cssc.201903216/Fig5_C_stability_performance_curve_pce/accepted/10.1002_cssc.201903216__Fig5__C__stability_performance_curve_pce__Control__Series_1.csv
x_time_h/10.1002_smll.201904372/Fig6_A_stability_performance_curve_pce/accepted/10.1002_smll.201904372__Fig6__A__stability_performance_curve_pce__MAPbI₃__Series_1.csv,10.1002/smll.201904372|Fig6_A_stability_performance_curve_pce|10.1002_smll.201904372__Fig6__A__stability_performance_curve_pce__MAPbI₃__Series_1,/Users/shunhao/Desktop/ML/lab/data_all/x_time_h/10.1002_smll.201904372/Fig6_A_stability_performance_curve_pce/accepted/10.1002_smll.201904372__Fig6__A__stability_performance_curve_pce__MAPbI₃__Series_1.csv,x_time_h/10.1002_smll.201904372/Fig6_A_stability_performance_curve_pce/accepted/10.1002_smll.201904372__Fig6__A__stability_performance_curve_pce__MAPbI₃__Series_1.csv,10.1002/smll.201904372,Fig6_A_stability_performance_curve_pce,Series_1,123,123,69,0,358.5187589047037,202.76880626577508,True,0.997591474041314,1.0,0.7619234641266782,810,5,1,1,node_1_1,1.2376301080457963,1.0,0.9739383465016833,0.8744865284488,0.8657126118661888,0.8458062563715038,0.7619234641266782,0.0,6,no_initial_change_moderate_loss,class_06,/Users/shunhao/Desktop/ML/lab/NEW/som_200h_reanalysis/02_selected_curve_database/paper_aligned_min4/x_time_h/10.1002_smll.201904372/Fig6_A_stability_performance_curve_pce/accepted/10.1002_smll.201904372__Fig6__A__stability_performance_curve_pce__MAPbI₃__Series_1.csv
x_time_h/10.1002_smll.201904399/Fig6_B_stability/accepted/10.1002_smll.201904399__Fig6__B__stability__P3HT_Li+TBP__Series_1.csv,10.1002/smll.201904399|Fig6_B_stability|10.1002_smll.201904399__Fig6__B__stability__P3HT_Li+TBP__Series_1,/Users/shunhao/Desktop/ML/lab/data_all/x_time_h/10.1002_smll.201904399/Fig6_B_stability/accepted/10.1002_smll.201904399__Fig6__B__stability__P3HT_Li+TBP__Series_1.csv,x_time_h/10.1002_smll.201904399/Fig6_B_stability/accepted/10.1002_smll.201904399__Fig6__B__stability__P3HT_Li+TBP__Series_1.csv,10.1002/smll.201904399,Fig6_B_stability,Series_1,47,47,17,0,543.4853723402659,200.85328977792437,True,1.00103440747047,1.0,0.7722091621505169,812,5,1,1,node_1_1,0.7383026612066198,1.0,0.9899048623934948,0.9425712688593023,0.8827094924434993,0.8242333838514947,0.7722091621505169,0.0,6,no_initial_change_moderate_loss,class_06,/Users/shunhao/Desktop/ML/lab/NEW/som_200h_reanalysis/02_selected_curve_database/paper_aligned_min4/x_time_h/10.1002_smll.201904399/Fig6_B_stability/accepted/10.1002_smll.201904399__Fig6__B__stability__P3HT_Li+TBP__Series_1.csv
x_time_h/10.1002_smll.202005246/Fig5_A_stability_performance_curve_pce/accepted/10.1002_smll.202005246__Fig5__A__stability_performance_curve_pce__Series_1__Series_1.csv,10.1002/smll.202005246|Fig5_A_stability_performance_curve_pce|10.1002_smll.202005246__Fig5__A__stability_performance_curve_pce__Series_1__Series_1,/Users/shunhao/Desktop/ML/lab/data_all/x_time_h/10.1002_smll.202005246/Fig5_A_stability_performance_curve_pce/accepted/10.1002_smll.202005246__Fig5__A__stability_performance_curve_pce__Series_1__Series_1.csv,x_time_h/10.1002_smll.202005246/Fig5_A_stability_performance_curve_pce/accepted/10.1002_smll.202005246__Fig5__A__stability_performance_curve_pce__Series_1__Series_1.csv,10.1002/smll.202005246,Fig5_A_stability_performance_curve_pce,Series_1,79,79,24,0,659.143754240057,202.81346284309447,True,1.0039411890289511,1.0,0.8242404383321454,818,5,1,1,node_1_1,0.8364675443277375,1.0,0.9861366591352488,0.9162907717463982,0.8469678401596291,0.8289150384247432,0.8242404383321454,0.0,6,no_initial_change_moderate_loss,class_06,/Users/shunhao/Desktop/ML/lab/NEW/som_200h_reanalysis/02_selected_curve_database/paper_aligned_min4/x_time_h/10.1002_smll.202005246/Fig5_A_stability_performance_curve_pce/accepted/10.1002_smll.202005246__Fig5__A__stability_performance_curve_pce__Series_1__Series_1.csv
x_time_h/10.1002_smll.202101902/Fig7_A_stability_performance_curve_pce/accepted/10.1002_smll.202101902__Fig7__A__stability_performance_curve_pce__Spiro-OMeTAD__Series_1.csv,10.1002/smll.202101902|Fig7_A_stability_performance_curve_pce|10.1002_smll.202101902__Fig7__A__stability_performance_curve_pce__Spiro-OMeTAD__Series_1,/Users/shunhao/Desktop/ML/lab/data_all/x_time_h/10.1002_smll.202101902/Fig7_A_stability_performance_curve_pce/accepted/10.1002_smll.202101902__Fig7__A__stability_performance_curve_pce__Spiro-OMeTAD__Series_1.csv,x_time_h/10.1002_smll.202101902/Fig7_A_stability_performance_curve_pce/accepted/10.1002_smll.202101902__Fig7__A__stability_performance_curve_pce__Spiro-OMeTAD__Series_1.csv,10.1002/smll.202101902,Fig7_A_stability_performance_curve_pce,Series_1,57,57,27,0,420.94138714951856,202.95388308994643,True,1.0193926065279986,0.9903437980563656,0.7870118674053771,821,5,1,1,node_1_1,0.7013677031914684,0.9903437980563657,0.9999537896638938,0.9538521403991816,0.8848432488777511,0.8284291192881709,0.7870118674053771,9.0,6,no_initial_change_moderate_loss,class_06,/Users/shunhao/Desktop/ML/lab/NEW/som_200h_reanalysis/02_selected_curve_database/paper_aligned_min4/x_time_h/10.1002_smll.202101902/Fig7_A_stability_performance_curve_pce/accepted/10.1002_smll.202101902__Fig7__A__stability_performance_curve_pce__Spiro-OMeTAD__Series_1.csv
x_time_h/10.1002_solr.201900529/Fig6_A_stability_performance_curve_pce/accepted/10.1002_solr.201900529__Fig6__A__stability_performance_curve_pce__MAPbI₃__Series_2.csv,10.1002/solr.201900529|Fig6_A_stability_performance_curve_pce|10.1002_solr.201900529__Fig6__A__stability_performance_curve_pce__MAPbI₃__Series_2,/Users/shunhao/Desktop/ML/lab/data_all/x_time_h/10.1002_solr.201900529/Fig6_A_stability_performance_curve_pce/accepted/10.1002_solr.201900529__Fig6__A__stability_performance_curve_pce__MAPbI₃__Series_2.csv,x_time_h/10.1002_solr.201900529/Fig6_A_stability_performance_curve_pce/accepted/10.1002_solr.201900529__Fig6__A__stability_performance_curve_pce__MAPbI₃__Series_2.csv,10.1002/solr.201900529,Fig6_A_stability_performance_curve_pce,Series_2,63,63,35,0,359.12413132994976,202.7313644604555,True,1.0001817733258196,1.0,0.8199138488648033,852,5,1,1,node_1_1,0.5959068795929017,1.0,0.9886674743793612,0.9461252709955453,0.9086897223135921,0.8764007080247714,0.8199138488648033,0.0,6,no_initial_change_moderate_loss,class_06,/Users/shunhao/Desktop/ML/lab/NEW/som_200h_reanalysis/02_selected_curve_database/paper_aligned_min4/x_time_h/10.1002_solr.201900529/Fig6_A_stability_performance_curve_pce/accepted/10.1002_solr.201900529__Fig6__A__stability_performance_curve_pce__MAPbI₃__Series_2.csv
x_time_h/10.1002_solr.202100712/Fig6_B_stability_performance_curve/accepted/10.1002_solr.202100712__Fig6__B__stability_performance_curve__CF₃BZA-Br__Series_1.csv,10.1002/solr.202100712|Fig6_B_stability_performance_curve|10.1002_solr.202100712__Fig6__B__stability_performance_curve__CF₃BZA-Br__Series_1,/Users/shunhao/Desktop/ML/lab/data_all/x_time_h/10.1002_solr.202100712/Fig6_B_stability_performance_curve/accepted/10.1002_solr.202100712__Fig6__B__stability_performance_curve__CF₃BZA-Br__Series_1.csv,x_time_h/10.1002_solr.202100712/Fig6_B_stability_performance_curve/accepted/10.1002_solr.202100712__Fig6__B__stability_performance_curve__CF₃BZA-Br__Series_1.csv,10.1002/solr.202100712,Fig6_B_stability_performance_curve,Series_1,73,73,49,0,297.1605933054522,202.2342926662105,True,1.0182448884109858,1.0,0.86488060403408,880,5,1,1,node_1_1,0.6954165087340465,1.0,0.9719890599586486,0.9220485811885256,0.8991041171692351,0.8666549915432283,0.86488060403408,0.0,6,no_initial_change_moderate_loss,class_06,/Users/shunhao/Desktop/ML/lab/NEW/som_200h_reanalysis/02_selected_curve_database/paper_aligned_min4/x_time_h/10.1002_solr.202100712/Fig6_B_stability_performance_curve/accepted/10.1002_solr.202100712__Fig6__B__stability_performance_curve__CF₃BZA-Br__Series_1.csv
x_time_h/10.1002_solr.202101103/Fig7_C_pce/accepted/10.1002_solr.202101103__Fig7__C__pce__MAPb₃__Series_3.csv,10.1002/solr.202101103|Fig7_C_pce|10.1002_solr.202101103__Fig7__C__pce__MAPb₃__Series_3,/Users/shunhao/Desktop/ML/lab/data_all/x_time_h/10.1002_solr.202101103/Fig7_C_pce/accepted/10.1002_solr.202101103__Fig7__C__pce__MAPb₃__Series_3.csv,x_time_h/10.1002_solr.202101103/Fig7_C_pce/accepted/10.1002_solr.202101103__Fig7__C__pce__MAPb₃__Series_3.csv,10.1002/solr.202101103,Fig7_C_pce,Series_3,25,25,15,0,325.9130160065936,203.695635004121,True,0.9846752237566276,1.0,0.7722115850039306,888,5,1,1,node_1_1,0.7214339231364534,1.0,0.9857606975490593,0.940750155577445,0.8835819665900568,0.8240159774496923,0.7722115850039306,0.0,6,no_initial_change_moderate_loss,class_06,/Users/shunhao/Desktop/ML/lab/NEW/som_200h_reanalysis/02_selected_curve_database/paper_aligned_min4/x_time_h/10.1002_solr.202101103/Fig7_C_pce/accepted/10.1002_solr.202101103__Fig7__C__pce__MAPb₃__Series_3.csv
x_time_h/10.1007_s11426-020-9741-1/Fig5_D_stability_performance_curve_pce/accepted/10.1007_s11426-020-9741-1__Fig5__D__stability_performance_curve_pce__BDT-TPA-sTPA__Series_1.csv,10.1007/s11426-020-9741-1|Fig5_D_stability_performance_curve_pce|10.1007_s11426-020-9741-1__Fig5__D__stability_performance_curve_pce__BDT-TPA-sTPA__Series_1,/Users/shunhao/Desktop/ML/lab/data_all/x_time_h/10.1007_s11426-020-9741-1/Fig5_D_stability_performance_curve_pce/accepted/10.1007_s11426-020-9741-1__Fig5__D__stability_performance_curve_pce__BDT-TPA-sTPA__Series_1.csv,x_time_h/10.1007_s11426-020-9741-1/Fig5_D_stability_performance_curve_pce/accepted/10.1007_s11426-020-9741-1__Fig5__D__stability_performance_curve_pce__BDT-TPA-sTPA__Series_1.csv,10.1007/s11426-020-9741-1,Fig5_D_stability_performance_curve_pce,Series_1,55,55,22,0,502.90054096415224,204.88540557798797,True,1.0170082813016448,0.990740668871584,0.8398524629748481,891,5,1,1,node_1_1,0.8316254733462832,0.9907406688715841,0.993266054290868,0.966914290238958,0.8580908960673372,0.8354145745661206,0.8398524629748481,20.666666666666664,6,no_initial_change_moderate_loss,class_06,/Users/shunhao/Desktop/ML/lab/NEW/som_200h_reanalysis/02_selected_curve_database/paper_aligned_min4/x_time_h/10.1007_s11426-020-9741-1/Fig5_D_stability_performance_curve_pce/accepted/10.1007_s11426-020-9741-1__Fig5__D__stability_performance_curve_pce__BDT-TPA-sTPA__Series_1.csv
x_time_h/10.1007_s40843-020-1383-3/Fig7_B_stability_performance_curve_voc/accepted/10.1007_s40843-020-1383-3__Fig7__B__stability_performance_curve_voc__EACI-0%__Series_2.csv,10.1007/s40843-020-1383-3|Fig7_B_stability_performance_curve_voc|10.1007_s40843-020-1383-3__Fig7__B__stability_performance_curve_voc__EACI-0%__Series_2,/Users/shunhao/Desktop/ML/lab/data_all/x_time_h/10.1007_s40843-020-1383-3/Fig7_B_stability_performance_curve_voc/accepted/10.1007_s40843-020-1383-3__Fig7__B__stability_performance_curve_voc__EACI-0%__Series_2.csv,x_time_h/10.1007_s40843-020-1383-3/Fig7_B_stability_performance_curve_voc/accepted/10.1007_s40843-020-1383-3__Fig7__B__stability_performance_curve_voc__EACI-0%__Series_2.csv,10.1007/s40843-020-1383-3,Fig7_B_stability_performance_curve_voc,Series_2,61,61,13,0,962.2608917593552,208.4898598811936,True,99.61668143334931,1.0,0.7894857260784447,920,5,1,1,node_1_1,0.5273759195032702,1.0,0.9895286850532304,0.9218643153869316,0.8756622523962292,0.8371111430423367,0.7894857260784447,0.0,6,no_initial_change_moderate_loss,class_06,/Users/shunhao/Desktop/ML/lab/NEW/som_200h_reanalysis/02_selected_curve_database/paper_aligned_min4/x_time_h/10.1007_s40843-020-1383-3/Fig7_B_stability_performance_curve_voc/accepted/10.1007_s40843-020-1383-3__Fig7__B__stability_performance_curve_voc__EACI-0%__Series_2.csv
"x_time_h/10.1016_j.apsusc.2019.04.069/Fig7_E_stability_performance_curve_pce/accepted/10.1016_j.apsusc.2019.04.069__Fig7__E__stability_performance_curve_pce__MAPbI,_without_TBP__Series_2.csv","10.1016/j.apsusc.2019.04.069|Fig7_E_stability_performance_curve_pce|10.1016_j.apsusc.2019.04.069__Fig7__E__stability_performance_curve_pce__MAPbI,_without_TBP__Series_2","/Users/shunhao/Desktop/ML/lab/data_all/x_time_h/10.1016_j.apsusc.2019.04.069/Fig7_E_stability_performance_curve_pce/accepted/10.1016_j.apsusc.2019.04.069__Fig7__E__stability_performance_curve_pce__MAPbI,_without_TBP__Series_2.csv","x_time_h/10.1016_j.apsusc.2019.04.069/Fig7_E_stability_performance_curve_pce/accepted/10.1016_j.apsusc.2019.04.069__Fig7__E__stability_performance_curve_pce__MAPbI,_without_TBP__Series_2.csv",10.1016/j.apsusc.2019.04.069,Fig7_E_stability_performance_curve_pce,Series_2,60,60,25,0,490.33593258722817,207.7694629606899,True,102.0772601043107,1.0,0.8456004024900948,927,5,1,1,node_1_1,0.4560010930725968,1.0,0.9905331334324268,0.9293955409332162,0.8856754740988393,0.8722480435861399,0.8456004024900948,0.0,6,no_initial_change_moderate_loss,class_06,"/Users/shunhao/Desktop/ML/lab/NEW/som_200h_reanalysis/02_selected_curve_database/paper_aligned_min4/x_time_h/10.1016_j.apsusc.2019.04.069/Fig7_E_stability_performance_curve_pce/accepted/10.1016_j.apsusc.2019.04.069__Fig7__E__stability_performance_curve_pce__MAPbI,_without_TBP__Series_2.csv"
x_time_h/10.1016_j.cej.2021.128680/Fig7_whole_stability/accepted/10.1016_j.cej.2021.128680__Fig7__whole__stability__SnO₂__Series_2.csv,10.1016/j.cej.2021.128680|Fig7_whole_stability|10.1016_j.cej.2021.128680__Fig7__whole__stability__SnO₂__Series_2,/Users/shunhao/Desktop/ML/lab/data_all/x_time_h/10.1016_j.cej.2021.128680/Fig7_whole_stability/accepted/10.1016_j.cej.2021.128680__Fig7__whole__stability__SnO₂__Series_2.csv,x_time_h/10.1016_j.cej.2021.128680/Fig7_whole_stability/accepted/10.1016_j.cej.2021.128680__Fig7__whole__stability__SnO₂__Series_2.csv,10.1016/j.cej.2021.128680,Fig7_whole_stability,Series_2,32,32,17,0,382.88479432132146,209.9690807568537,True,0.8602125693463512,1.0,0.7961387625837045,948,5,1,1,node_1_1,0.5239886674337931,1.0,0.9865640677279197,0.9330009302941688,0.8825556111823699,0.8292919563463366,0.7961387625837045,0.0,6,no_initial_change_moderate_loss,class_06,/Users/shunhao/Desktop/ML/lab/NEW/som_200h_reanalysis/02_selected_curve_database/paper_aligned_min4/x_time_h/10.1016_j.cej.2021.128680/Fig7_whole_stability/accepted/10.1016_j.cej.2021.128680__Fig7__whole__stability__SnO₂__Series_2.csv
x_time_h/10.1016_j.cej.2021.131499/Fig5_B_stability_performance_curve_pce/accepted/10.1016_j.cej.2021.131499__Fig5__B__stability_performance_curve_pce__planar-M_CcO__Series_1.csv,10.1016/j.cej.2021.131499|Fig5_B_stability_performance_curve_pce|10.1016_j.cej.2021.131499__Fig5__B__stability_performance_curve_pce__planar-M_CcO__Series_1,/Users/shunhao/Desktop/ML/lab/data_all/x_time_h/10.1016_j.cej.2021.131499/Fig5_B_stability_performance_curve_pce/accepted/10.1016_j.cej.2021.131499__Fig5__B__stability_performance_curve_pce__planar-M_CcO__Series_1.csv,x_time_h/10.1016_j.cej.2021.131499/Fig5_B_stability_performance_curve_pce/accepted/10.1016_j.cej.2021.131499__Fig5__B__stability_performance_curve_pce__planar-M_CcO__Series_1.csv,10.1016/j.cej.2021.131499,Fig5_B_stability_performance_curve_pce,Series_1,86,86,18,0,989.42867565016,209.52607249062217,True,0.999257022736636,1.0,0.8371505953154302,956,5,1,1,node_1_1,0.2645412525197447,1.0,0.9831036360749442,0.9432584244922378,0.8925356107767217,0.8571524943921526,0.8371505953154302,0.0,6,no_initial_change_moderate_loss,class_06,/Users/shunhao/Desktop/ML/lab/NEW/som_200h_reanalysis/02_selected_curve_database/paper_aligned_min4/x_time_h/10.1016_j.cej.2021.131499/Fig5_B_stability_performance_curve_pce/accepted/10.1016_j.cej.2021.131499__Fig5__B__stability_performance_curve_pce__planar-M_CcO__Series_1.csv
x_time_h/10.1016_j.jallcom.2020.155283/Fig5_G_stability_performance_curve_jsc/accepted/10.1016_j.jallcom.2020.155283__Fig5__G__stability_performance_curve_jsc__o—w_o_BiBr₃__Series_1.csv,10.1016/j.jallcom.2020.155283|Fig5_G_stability_performance_curve_jsc|10.1016_j.jallcom.2020.155283__Fig5__G__stability_performance_curve_jsc__o—w_o_BiBr₃__Series_1,/Users/shunhao/Desktop/ML/lab/data_all/x_time_h/10.1016_j.jallcom.2020.155283/Fig5_G_stability_performance_curve_jsc/accepted/10.1016_j.jallcom.2020.155283__Fig5__G__stability_performance_curve_jsc__o—w_o_BiBr₃__Series_1.csv,x_time_h/10.1016_j.jallcom.2020.155283/Fig5_G_stability_performance_curve_jsc/accepted/10.1016_j.jallcom.2020.155283__Fig5__G__stability_performance_curve_jsc__o—w_o_BiBr₃__Series_1.csv,10.1016/j.jallcom.2020.155283,Fig5_G_stability_performance_curve_jsc,Series_1,70,70,14,0,996.6160492997232,202.21195203182793,True,1.097470467789877,0.9146796177240778,0.8033589550255136,977,5,1,1,node_1_1,1.6726866636506206,0.9146796177240778,0.9148205060100398,0.9396837170021632,0.8270783145045004,0.8418282058287173,0.8033589550255136,68.0,6,no_initial_change_moderate_loss,class_06,/Users/shunhao/Desktop/ML/lab/NEW/som_200h_reanalysis/02_selected_curve_database/paper_aligned_min4/x_time_h/10.1016_j.jallcom.2020.155283/Fig5_G_stability_performance_curve_jsc/accepted/10.1016_j.jallcom.2020.155283__Fig5__G__stability_performance_curve_jsc__o—w_o_BiBr₃__Series_1.csv
x_time_h/10.1016_j.jechem.2020.05.047/Fig5_C_stability_performance_curve/accepted/10.1016_j.jechem.2020.05.047__Fig5__C__stability_performance_curve__W_OTBUP__Series_1.csv,10.1016/j.jechem.2020.05.047|Fig5_C_stability_performance_curve|10.1016_j.jechem.2020.05.047__Fig5__C__stability_performance_curve__W_OTBUP__Series_1,/Users/shunhao/Desktop/ML/lab/data_all/x_time_h/10.1016_j.jechem.2020.05.047/Fig5_C_stability_performance_curve/accepted/10.1016_j.jechem.2020.05.047__Fig5__C__stability_performance_curve__W_OTBUP__Series_1.csv,x_time_h/10.1016_j.jechem.2020.05.047/Fig5_C_stability_performance_curve/accepted/10.1016_j.jechem.2020.05.047__Fig5__C__stability_performance_curve__W_OTBUP__Series_1.csv,10.1016/j.jechem.2020.05.047,Fig5_C_stability_performance_curve,Series_1,41,41,17,0,495.02158291925014,210.3841727406813,True,0.979886539023097,1.0,0.8278809396718617,991,5,1,1,node_1_1,0.5528877122131934,1.0,0.9694471079472582,0.9134992272877791,0.8677085593040806,0.847182941144406,0.8278809396718617,0.0,6,no_initial_change_moderate_loss,class_06,/Users/shunhao/Desktop/ML/lab/NEW/som_200h_reanalysis/02_selected_curve_database/paper_aligned_min4/x_time_h/10.1016_j.jechem.2020.05.047/Fig5_C_stability_performance_curve/accepted/10.1016_j.jechem.2020.05.047__Fig5__C__stability_performance_curve__W_OTBUP__Series_1.csv
x_time_h/10.1016_j.jmrt.2021.04.070/Fig4_F_sem_image_stability_performance_curve_pce/accepted/10.1016_j.jmrt.2021.04.070__Fig4__F__sem_image_stability_performance_curve_pce__DBP__Series_1.csv,10.1016/j.jmrt.2021.04.070|Fig4_F_sem_image_stability_performance_curve_pce|10.1016_j.jmrt.2021.04.070__Fig4__F__sem_image_stability_performance_curve_pce__DBP__Series_1,/Users/shunhao/Desktop/ML/lab/data_all/x_time_h/10.1016_j.jmrt.2021.04.070/Fig4_F_sem_image_stability_performance_curve_pce/accepted/10.1016_j.jmrt.2021.04.070__Fig4__F__sem_image_stability_performance_curve_pce__DBP__Series_1.csv,x_time_h/10.1016_j.jmrt.2021.04.070/Fig4_F_sem_image_stability_performance_curve_pce/accepted/10.1016_j.jmrt.2021.04.070__Fig4__F__sem_image_stability_performance_curve_pce__DBP__Series_1.csv,10.1016/j.jmrt.2021.04.070,Fig4_F_sem_image_stability_performance_curve_pce,Series_1,39,39,8,0,1005.154901050619,211.6115581159197,True,1.0117889657433718,1.0,0.7973600001730674,1016,5,1,1,node_1_1,0.5350618981930011,1.0,0.9923197306893025,0.9389333970501953,0.8746988376032249,0.8304753889839225,0.7973600001730674,0.0,6,no_initial_change_moderate_loss,class_06,/Users/shunhao/Desktop/ML/lab/NEW/som_200h_reanalysis/02_selected_curve_database/paper_aligned_min4/x_time_h/10.1016_j.jmrt.2021.04.070/Fig4_F_sem_image_stability_performance_curve_pce/accepted/10.1016_j.jmrt.2021.04.070__Fig4__F__sem_image_stability_performance_curve_pce__DBP__Series_1.csv
x_time_h/10.1016_j.joule.2021.06.001/Fig4_F_stability_performance_curve_pce/accepted/10.1016_j.joule.2021.06.001__Fig4__F__stability_performance_curve_pce__Control__Series_1.csv,10.1016/j.joule.2021.06.001|Fig4_F_stability_performance_curve_pce|10.1016_j.joule.2021.06.001__Fig4__F__stability_performance_curve_pce__Control__Series_1,/Users/shunhao/Desktop/ML/lab/data_all/x_time_h/10.1016_j.joule.2021.06.001/Fig4_F_stability_performance_curve_pce/accepted/10.1016_j.joule.2021.06.001__Fig4__F__stability_performance_curve_pce__Control__Series_1.csv,x_time_h/10.1016_j.joule.2021.06.001/Fig4_F_stability_performance_curve_pce/accepted/10.1016_j.joule.2021.06.001__Fig4__F__stability_performance_curve_pce__Control__Series_1.csv,10.1016/j.joule.2021.06.001,Fig4_F_stability_performance_curve_pce,Series_1,54,54,11,0,977.8578770913626,202.95163486801863,True,0.9401029786204445,1.0,0.8473126548713169,1026,5,1,1,node_1_1,0.5544385026256272,1.0,0.9832810596310205,0.9355230935611007,0.9031478503268628,0.8712613424972215,0.8473126548713169,0.0,6,no_initial_change_moderate_loss,class_06,/Users/shunhao/Desktop/ML/lab/NEW/som_200h_reanalysis/02_selected_curve_database/paper_aligned_min4/x_time_h/10.1016_j.joule.2021.06.001/Fig4_F_stability_performance_curve_pce/accepted/10.1016_j.joule.2021.06.001__Fig4__F__stability_performance_curve_pce__Control__Series_1.csv
x_time_h/10.1016_j.jpowsour.2021.229621/Fig4_E_stability_performance_curve_pce/accepted/10.1016_j.jpowsour.2021.229621__Fig4__E__stability_performance_curve_pce__TEAH_treated__Series_2.csv,10.1016/j.jpowsour.2021.229621|Fig4_E_stability_performance_curve_pce|10.1016_j.jpowsour.2021.229621__Fig4__E__stability_performance_curve_pce__TEAH_treated__Series_2,/Users/shunhao/Desktop/ML/lab/data_all/x_time_h/10.1016_j.jpowsour.2021.229621/Fig4_E_stability_performance_curve_pce/accepted/10.1016_j.jpowsour.2021.229621__Fig4__E__stability_performance_curve_pce__TEAH_treated__Series_2.csv,x_time_h/10.1016_j.jpowsour.2021.229621/Fig4_E_stability_performance_curve_pce/accepted/10.1016_j.jpowsour.2021.229621__Fig4__E__stability_performance_curve_pce__TEAH_treated__Series_2.csv,10.1016/j.jpowsour.2021.229621,Fig4_E_stability_performance_curve_pce,Series_2,36,36,16,0,455.9303077698993,208.425283551954,True,1.0043105948484206,1.0,0.8274932011400411,1036,5,1,1,node_1_1,0.5754703120748391,1.0,0.9939852407136537,0.9571362439297101,0.8957312354911223,0.8685164870651204,0.8274932011400411,0.0,6,no_initial_change_moderate_loss,class_06,/Users/shunhao/Desktop/ML/lab/NEW/som_200h_reanalysis/02_selected_curve_database/paper_aligned_min4/x_time_h/10.1016_j.jpowsour.2021.229621/Fig4_E_stability_performance_curve_pce/accepted/10.1016_j.jpowsour.2021.229621__Fig4__E__stability_performance_curve_pce__TEAH_treated__Series_2.csv
x_time_h/10.1016_j.jpowsour.2021.230213/Fig5_B_stability_performance_curve_pce/accepted/10.1016_j.jpowsour.2021.230213__Fig5__B__stability_performance_curve_pce__Control__Series_2.csv,10.1016/j.jpowsour.2021.230213|Fig5_B_stability_performance_curve_pce|10.1016_j.jpowsour.2021.230213__Fig5__B__stability_performance_curve_pce__Control__Series_2,/Users/shunhao/Desktop/ML/lab/data_all/x_time_h/10.1016_j.jpowsour.2021.230213/Fig5_B_stability_performance_curve_pce/accepted/10.1016_j.jpowsour.2021.230213__Fig5__B__stability_performance_curve_pce__Control__Series_2.csv,x_time_h/10.1016_j.jpowsour.2021.230213/Fig5_B_stability_performance_curve_pce/accepted/10.1016_j.jpowsour.2021.230213__Fig5__B__stability_performance_curve_pce__Control__Series_2.csv,10.1016/j.jpowsour.2021.230213,Fig5_B_stability_performance_curve_pce,Series_2,82,82,41,0,397.43414736408374,201.17037088799304,True,1.0061558099064345,0.9846510488554356,0.8251302115067628,1041,5,1,1,node_1_1,1.2512147479796913,0.9846510488554356,0.9940199636841522,0.8639394060459119,0.8663542353482719,0.8420425850701649,0.8251302115067628,7.333333333333333,6,no_initial_change_moderate_loss,class_06,/Users/shunhao/Desktop/ML/lab/NEW/som_200h_reanalysis/02_selected_curve_database/paper_aligned_min4/x_time_h/10.1016_j.jpowsour.2021.230213/Fig5_B_stability_performance_curve_pce/accepted/10.1016_j.jpowsour.2021.230213__Fig5__B__stability_performance_curve_pce__Control__Series_2.csv
x_time_h/10.1016_j.nanoen.2020.104929/Fig5_C_stability_performance_curve_pce/accepted/10.1016_j.nanoen.2020.104929__Fig5__C__stability_performance_curve_pce__MAPbI₃__Series_2.csv,10.1016/j.nanoen.2020.104929|Fig5_C_stability_performance_curve_pce|10.1016_j.nanoen.2020.104929__Fig5__C__stability_performance_curve_pce__MAPbI₃__Series_2,/Users/shunhao/Desktop/ML/lab/data_all/x_time_h/10.1016_j.nanoen.2020.104929/Fig5_C_stability_performance_curve_pce/accepted/10.1016_j.nanoen.2020.104929__Fig5__C__stability_performance_curve_pce__MAPbI₃__Series_2.csv,x_time_h/10.1016_j.nanoen.2020.104929/Fig5_C_stability_performance_curve_pce/accepted/10.1016_j.nanoen.2020.104929__Fig5__C__stability_performance_curve_pce__MAPbI₃__Series_2.csv,10.1016/j.nanoen.2020.104929,Fig5_C_stability_performance_curve_pce,Series_2,32,32,13,0,502.76045765444087,210.8350306292816,True,0.999800131717092,1.0,0.8037203582239691,1087,5,1,1,node_1_1,0.5831209262536442,1.0,0.9874078876594267,0.930097528168375,0.8627178208966183,0.8298227925081941,0.8037203582239691,0.0,6,no_initial_change_moderate_loss,class_06,/Users/shunhao/Desktop/ML/lab/NEW/som_200h_reanalysis/02_selected_curve_database/paper_aligned_min4/x_time_h/10.1016_j.nanoen.2020.104929/Fig5_C_stability_performance_curve_pce/accepted/10.1016_j.nanoen.2020.104929__Fig5__C__stability_performance_curve_pce__MAPbI₃__Series_2.csv
x_time_h/10.1016_j.nanoen.2022.107416/Fig3_F_stability_performance_curve_pce/accepted/10.1016_j.nanoen.2022.107416__Fig3__F__stability_performance_curve_pce__Control__Series_1.csv,10.1016/j.nanoen.2022.107416|Fig3_F_stability_performance_curve_pce|10.1016_j.nanoen.2022.107416__Fig3__F__stability_performance_curve_pce__Control__Series_1,/Users/shunhao/Desktop/ML/lab/data_all/x_time_h/10.1016_j.nanoen.2022.107416/Fig3_F_stability_performance_curve_pce/accepted/10.1016_j.nanoen.2022.107416__Fig3__F__stability_performance_curve_pce__Control__Series_1.csv,x_time_h/10.1016_j.nanoen.2022.107416/Fig3_F_stability_performance_curve_pce/accepted/10.1016_j.nanoen.2022.107416__Fig3__F__stability_performance_curve_pce__Control__Series_1.csv,10.1016/j.nanoen.2022.107416,Fig3_F_stability_performance_curve_pce,Series_1,93,93,10,0,1996.22727836568,216.98122590931305,True,1.0057582082266456,1.0,0.8326323065124844,1106,5,1,1,node_1_1,0.7756906447954397,1.0,0.9970005804836973,0.9215566287409638,0.8806055710247818,0.868172853624839,0.8326323065124844,0.0,6,no_initial_change_moderate_loss,class_06,/Users/shunhao/Desktop/ML/lab/NEW/som_200h_reanalysis/02_selected_curve_database/paper_aligned_min4/x_time_h/10.1016_j.nanoen.2022.107416/Fig3_F_stability_performance_curve_pce/accepted/10.1016_j.nanoen.2022.107416__Fig3__F__stability_performance_curve_pce__Control__Series_1.csv
x_time_h/10.1016_j.nanoen.2022.107416/Fig3_G_stability_performance_curve_pce/accepted/10.1016_j.nanoen.2022.107416__Fig3__G__stability_performance_curve_pce__Control__Series_1.csv,10.1016/j.nanoen.2022.107416|Fig3_G_stability_performance_curve_pce|10.1016_j.nanoen.2022.107416__Fig3__G__stability_performance_curve_pce__Control__Series_1,/Users/shunhao/Desktop/ML/lab/data_all/x_time_h/10.1016_j.nanoen.2022.107416/Fig3_G_stability_performance_curve_pce/accepted/10.1016_j.nanoen.2022.107416__Fig3__G__stability_performance_curve_pce__Control__Series_1.csv,x_time_h/10.1016_j.nanoen.2022.107416/Fig3_G_stability_performance_curve_pce/accepted/10.1016_j.nanoen.2022.107416__Fig3__G__stability_performance_curve_pce__Control__Series_1.csv,10.1016/j.nanoen.2022.107416,Fig3_G_stability_performance_curve_pce,Series_1,87,87,17,0,1055.5801048014334,208.6611835072601,True,1.0081514844548551,1.0,0.7859283165784637,1107,5,1,1,node_1_1,0.7846891825092979,1.0,0.9932705625634083,0.9228368881307223,0.8651286189270044,0.8228553314967653,0.7859283165784637,0.0,6,no_initial_change_moderate_loss,class_06,/Users/shunhao/Desktop/ML/lab/NEW/som_200h_reanalysis/02_selected_curve_database/paper_aligned_min4/x_time_h/10.1016_j.nanoen.2022.107416/Fig3_G_stability_performance_curve_pce/accepted/10.1016_j.nanoen.2022.107416__Fig3__G__stability_performance_curve_pce__Control__Series_1.csv
x_time_h/10.1021_acs.chemmater.1c01436/Fig6_C_stability_performance_curve_pce_pattern/accepted/10.1021_acs.chemmater.1c01436__Fig6__C__stability_performance_curve_pce_pattern__Pristine__Series_1.csv,10.1021/acs.chemmater.1c01436|Fig6_C_stability_performance_curve_pce_pattern|10.1021_acs.chemmater.1c01436__Fig6__C__stability_performance_curve_pce_pattern__Pristine__Series_1,/Users/shunhao/Desktop/ML/lab/data_all/x_time_h/10.1021_acs.chemmater.1c01436/Fig6_C_stability_performance_curve_pce_pattern/accepted/10.1021_acs.chemmater.1c01436__Fig6__C__stability_performance_curve_pce_pattern__Pristine__Series_1.csv,x_time_h/10.1021_acs.chemmater.1c01436/Fig6_C_stability_performance_curve_pce_pattern/accepted/10.1021_acs.chemmater.1c01436__Fig6__C__stability_performance_curve_pce_pattern__Pristine__Series_1.csv,10.1021/acs.chemmater.1c01436,Fig6_C_stability_performance_curve_pce_pattern,Series_1,48,48,10,0,985.2721960392936,209.6323821360199,True,0.99610629157691,1.0,0.8183467235380523,1179,5,1,1,node_1_1,0.18487181710077602,1.0,0.9904464399484805,0.9445304749548349,0.8859205223059203,0.8532819323241398,0.8183467235380523,0.0,6,no_initial_change_moderate_loss,class_06,/Users/shunhao/Desktop/ML/lab/NEW/som_200h_reanalysis/02_selected_curve_database/paper_aligned_min4/x_time_h/10.1021_acs.chemmater.1c01436/Fig6_C_stability_performance_curve_pce_pattern/accepted/10.1021_acs.chemmater.1c01436__Fig6__C__stability_performance_curve_pce_pattern__Pristine__Series_1.csv
x_time_h/10.1021_acs.jpcc.0c02289/Fig5_E_pce/accepted/10.1021_acs.jpcc.0c02289__Fig5__E__pce__Control__Series_1.csv,10.1021/acs.jpcc.0c02289|Fig5_E_pce|10.1021_acs.jpcc.0c02289__Fig5__E__pce__Control__Series_1,/Users/shunhao/Desktop/ML/lab/data_all/x_time_h/10.1021_acs.jpcc.0c02289/Fig5_E_pce/accepted/10.1021_acs.jpcc.0c02289__Fig5__E__pce__Control__Series_1.csv,x_time_h/10.1021_acs.jpcc.0c02289/Fig5_E_pce/accepted/10.1021_acs.jpcc.0c02289__Fig5__E__pce__Control__Series_1.csv,10.1021/acs.jpcc.0c02289,Fig5_E_pce,Series_1,38,38,16,0,488.6180107954708,211.29427493858196,True,1.0319947611942244,0.9719950114456548,0.8207311430455034,1189,5,1,1,node_1_1,0.6280408056269648,0.9719950114456549,0.9871072826861589,0.957828622642984,0.8679189822419064,0.8376169599774642,0.8207311430455034,22.833333333333332,6,no_initial_change_moderate_loss,class_06,/Users/shunhao/Desktop/ML/lab/NEW/som_200h_reanalysis/02_selected_curve_database/paper_aligned_min4/x_time_h/10.1021_acs.jpcc.0c02289/Fig5_E_pce/accepted/10.1021_acs.jpcc.0c02289__Fig5__E__pce__Control__Series_1.csv
x_time_h/10.1021_acs.nanolett.8b04190/Fig5_A_stability_performance_curve_pce/accepted/10.1021_acs.nanolett.8b04190__Fig5__A__stability_performance_curve_pce__bare_CNT__Series_2.csv,10.1021/acs.nanolett.8b04190|Fig5_A_stability_performance_curve_pce|10.1021_acs.nanolett.8b04190__Fig5__A__stability_performance_curve_pce__bare_CNT__Series_2,/Users/shunhao/Desktop/ML/lab/data_all/x_time_h/10.1021_acs.nanolett.8b04190/Fig5_A_stability_performance_curve_pce/accepted/10.1021_acs.nanolett.8b04190__Fig5__A__stability_performance_curve_pce__bare_CNT__Series_2.csv,x_time_h/10.1021_acs.nanolett.8b04190/Fig5_A_stability_performance_curve_pce/accepted/10.1021_acs.nanolett.8b04190__Fig5__A__stability_performance_curve_pce__bare_CNT__Series_2.csv,10.1021/acs.nanolett.8b04190,Fig5_A_stability_performance_curve_pce,Series_2,62,62,51,0,242.23202069935985,202.5218533715959,True,1.00099388198393,1.0,0.8483595651179876,1205,5,1,1,node_1_1,0.6301640439048848,1.0,0.9942405911763373,0.9041643796513062,0.8714631241054256,0.8512148917973285,0.8483595651179876,0.0,6,no_initial_change_moderate_loss,class_06,/Users/shunhao/Desktop/ML/lab/NEW/som_200h_reanalysis/02_selected_curve_database/paper_aligned_min4/x_time_h/10.1021_acs.nanolett.8b04190/Fig5_A_stability_performance_curve_pce/accepted/10.1021_acs.nanolett.8b04190__Fig5__A__stability_performance_curve_pce__bare_CNT__Series_2.csv
x_time_h/10.1021_acsaem.0c01214/Fig6_A_stability_performance_curve_pce/accepted/10.1021_acsaem.0c01214__Fig6__A__stability_performance_curve_pce__Ref._cells__Series_1.csv,10.1021/acsaem.0c01214|Fig6_A_stability_performance_curve_pce|10.1021_acsaem.0c01214__Fig6__A__stability_performance_curve_pce__Ref._cells__Series_1,/Users/shunhao/Desktop/ML/lab/data_all/x_time_h/10.1021_acsaem.0c01214/Fig6_A_stability_performance_curve_pce/accepted/10.1021_acsaem.0c01214__Fig6__A__stability_performance_curve_pce__Ref._cells__Series_1.csv,x_time_h/10.1021_acsaem.0c01214/Fig6_A_stability_performance_curve_pce/accepted/10.1021_acsaem.0c01214__Fig6__A__stability_performance_curve_pce__Ref._cells__Series_1.csv,10.1021/acsaem.0c01214,Fig6_A_stability_performance_curve_pce,Series_1,99,99,12,0,2323.04768701004,214.43517110861916,True,1.054737571330994,1.0,0.8556797552111506,1213,5,1,1,node_1_1,0.5675891523068741,1.0,0.9849856964732228,0.9450610647535347,0.8988692635086293,0.8705247534795241,0.8556797552111506,0.0,6,no_initial_change_moderate_loss,class_06,/Users/shunhao/Desktop/ML/lab/NEW/som_200h_reanalysis/02_selected_curve_database/paper_aligned_min4/x_time_h/10.1021_acsaem.0c01214/Fig6_A_stability_performance_curve_pce/accepted/10.1021_acsaem.0c01214__Fig6__A__stability_performance_curve_pce__Ref._cells__Series_1.csv
x_time_h/10.1021_acsaem.9b00164/Fig2_B_stability_performance_curve/accepted/10.1021_acsaem.9b00164__Fig2__B__stability_performance_curve__PEDOT_PSS__Series_2.csv,10.1021/acsaem.9b00164|Fig2_B_stability_performance_curve|10.1021_acsaem.9b00164__Fig2__B__stability_performance_curve__PEDOT_PSS__Series_2,/Users/shunhao/Desktop/ML/lab/data_all/x_time_h/10.1021_acsaem.9b00164/Fig2_B_stability_performance_curve/accepted/10.1021_acsaem.9b00164__Fig2__B__stability_performance_curve__PEDOT_PSS__Series_2.csv,x_time_h/10.1021_acsaem.9b00164/Fig2_B_stability_performance_curve/accepted/10.1021_acsaem.9b00164__Fig2__B__stability_performance_curve__PEDOT_PSS__Series_2.csv,10.1021/acsaem.9b00164,Fig2_B_stability_performance_curve,Series_2,62,62,27,0,456.9632166112332,202.26240735251304,True,13.57046329318336,1.0,0.82582346020794,1231,5,1,1,node_1_1,0.4364236527499716,1.0,0.991818165687256,0.9468166967949986,0.8633440514289326,0.8467706014208357,0.82582346020794,0.0,6,no_initial_change_moderate_loss,class_06,/Users/shunhao/Desktop/ML/lab/NEW/som_200h_reanalysis/02_selected_curve_database/paper_aligned_min4/x_time_h/10.1021_acsaem.9b00164/Fig2_B_stability_performance_curve/accepted/10.1021_acsaem.9b00164__Fig2__B__stability_performance_curve__PEDOT_PSS__Series_2.csv
x_time_h/10.1021_acsaem.9b02117/Fig8_A_stability_performance_curve_pce/accepted/10.1021_acsaem.9b02117__Fig8__A__stability_performance_curve_pce__3D__Series_2.csv,10.1021/acsaem.9b02117|Fig8_A_stability_performance_curve_pce|10.1021_acsaem.9b02117__Fig8__A__stability_performance_curve_pce__3D__Series_2,/Users/shunhao/Desktop/ML/lab/data_all/x_time_h/10.1021_acsaem.9b02117/Fig8_A_stability_performance_curve_pce/accepted/10.1021_acsaem.9b02117__Fig8__A__stability_performance_curve_pce__3D__Series_2.csv,x_time_h/10.1021_acsaem.9b02117/Fig8_A_stability_performance_curve_pce/accepted/10.1021_acsaem.9b02117__Fig8__A__stability_performance_curve_pce__3D__Series_2.csv,10.1021/acsaem.9b02117,Fig8_A_stability_performance_curve_pce,Series_2,68,68,30,0,453.90818912497934,203.242472742528,True,0.9618350927249042,1.0,0.7706882777276135,1237,5,1,1,node_1_1,0.7082346621026223,1.0,0.9926207206726454,0.9468381332584295,0.887251184507291,0.8305158465916258,0.7706882777276135,0.0,6,no_initial_change_moderate_loss,class_06,/Users/shunhao/Desktop/ML/lab/NEW/som_200h_reanalysis/02_selected_curve_database/paper_aligned_min4/x_time_h/10.1021_acsaem.9b02117/Fig8_A_stability_performance_curve_pce/accepted/10.1021_acsaem.9b02117__Fig8__A__stability_performance_curve_pce__3D__Series_2.csv
x_time_h/10.1021_acsami.0c04258/Fig6_A_stability_performance_curve_pce/accepted/10.1021_acsami.0c04258__Fig6__A__stability_performance_curve_pce__control__Series_1.csv,10.1021/acsami.0c04258|Fig6_A_stability_performance_curve_pce|10.1021_acsami.0c04258__Fig6__A__stability_performance_curve_pce__control__Series_1,/Users/shunhao/Desktop/ML/lab/data_all/x_time_h/10.1021_acsami.0c04258/Fig6_A_stability_performance_curve_pce/accepted/10.1021_acsami.0c04258__Fig6__A__stability_performance_curve_pce__control__Series_1.csv,x_time_h/10.1021_acsami.0c04258/Fig6_A_stability_performance_curve_pce/accepted/10.1021_acsami.0c04258__Fig6__A__stability_performance_curve_pce__control__Series_1.csv,10.1021/acsami.0c04258,Fig6_A_stability_performance_curve_pce,Series_1,67,67,9,0,1492.300669734664,203.4955458729087,True,0.9996934825088584,1.0,0.8280550369727105,1242,5,1,1,node_1_1,0.43978588482545217,1.0,0.9905004507272877,0.9492633687415308,0.9008881354851778,0.8651015046123074,0.8280550369727105,0.0,6,no_initial_change_moderate_loss,class_06,/Users/shunhao/Desktop/ML/lab/NEW/som_200h_reanalysis/02_selected_curve_database/paper_aligned_min4/x_time_h/10.1021_acsami.0c04258/Fig6_A_stability_performance_curve_pce/accepted/10.1021_acsami.0c04258__Fig6__A__stability_performance_curve_pce__control__Series_1.csv
x_time_h/10.1021_acsami.0c05632/Fig8_I_stability_performance_curve_pce_pattern/accepted/10.1021_acsami.0c05632__Fig8__I__stability_performance_curve_pce_pattern__MAPbI₃__Series_1.csv,10.1021/acsami.0c05632|Fig8_I_stability_performance_curve_pce_pattern|10.1021_acsami.0c05632__Fig8__I__stability_performance_curve_pce_pattern__MAPbI₃__Series_1,/Users/shunhao/Desktop/ML/lab/data_all/x_time_h/10.1021_acsami.0c05632/Fig8_I_stability_performance_curve_pce_pattern/accepted/10.1021_acsami.0c05632__Fig8__I__stability_performance_curve_pce_pattern__MAPbI₃__Series_1.csv,x_time_h/10.1021_acsami.0c05632/Fig8_I_stability_performance_curve_pce_pattern/accepted/10.1021_acsami.0c05632__Fig8__I__stability_performance_curve_pce_pattern__MAPbI₃__Series_1.csv,10.1021/acsami.0c05632,Fig8_I_stability_performance_curve_pce_pattern,Series_1,53,53,14,0,798.6201362412966,215.013113603426,True,1.000249152256074,1.0,0.8144445084688413,1249,5,1,1,node_1_1,0.48892923759939,1.0,0.9908623513405512,0.9518744272250977,0.9038933325592857,0.8606321187505445,0.8144445084688413,0.0,6,no_initial_change_moderate_loss,class_06,/Users/shunhao/Desktop/ML/lab/NEW/som_200h_reanalysis/02_selected_curve_database/paper_aligned_min4/x_time_h/10.1021_acsami.0c05632/Fig8_I_stability_performance_curve_pce_pattern/accepted/10.1021_acsami.0c05632__Fig8__I__stability_performance_curve_pce_pattern__MAPbI₃__Series_1.csv
x_time_h/10.1021_acsami.0c14732/Fig2_C_stability_performance_curve_pce/accepted/10.1021_acsami.0c14732__Fig2__C__stability_performance_curve_pce__Pristine__Series_1.csv,10.1021/acsami.0c14732|Fig2_C_stability_performance_curve_pce|10.1021_acsami.0c14732__Fig2__C__stability_performance_curve_pce__Pristine__Series_1,/Users/shunhao/Desktop/ML/lab/data_all/x_time_h/10.1021_acsami.0c14732/Fig2_C_stability_performance_curve_pce/accepted/10.1021_acsami.0c14732__Fig2__C__stability_performance_curve_pce__Pristine__Series_1.csv,x_time_h/10.1021_acsami.0c14732/Fig2_C_stability_performance_curve_pce/accepted/10.1021_acsami.0c14732__Fig2__C__stability_performance_curve_pce__Pristine__Series_1.csv,10.1021/acsami.0c14732,Fig2_C_stability_performance_curve_pce,Series_1,48,47,5,1,2085.014328109091,226.6319921857707,True,0.8557391961958922,1.0,0.8833775040232663,1267,5,1,1,node_1_1,0.9012476026548312,1.0,0.9853668276924992,0.9299778637483266,0.8826981397339957,0.8826981397339957,0.8833775040232663,0.0,6,no_initial_change_moderate_loss,class_06,/Users/shunhao/Desktop/ML/lab/NEW/som_200h_reanalysis/02_selected_curve_database/paper_aligned_min4/x_time_h/10.1021_acsami.0c14732/Fig2_C_stability_performance_curve_pce/accepted/10.1021_acsami.0c14732__Fig2__C__stability_performance_curve_pce__Pristine__Series_1.csv
x_time_h/10.1021_acsami.0c17141/Fig6_B_stability_performance_curve_pce/accepted/10.1021_acsami.0c17141__Fig6__B__stability_performance_curve_pce__CNTs-8__Series_1.csv,10.1021/acsami.0c17141|Fig6_B_stability_performance_curve_pce|10.1021_acsami.0c17141__Fig6__B__stability_performance_curve_pce__CNTs-8__Series_1,/Users/shunhao/Desktop/ML/lab/data_all/x_time_h/10.1021_acsami.0c17141/Fig6_B_stability_performance_curve_pce/accepted/10.1021_acsami.0c17141__Fig6__B__stability_performance_curve_pce__CNTs-8__Series_1.csv,x_time_h/10.1021_acsami.0c17141/Fig6_B_stability_performance_curve_pce/accepted/10.1021_acsami.0c17141__Fig6__B__stability_performance_curve_pce__CNTs-8__Series_1.csv,10.1021/acsami.0c17141,Fig6_B_stability_performance_curve_pce,Series_1,47,47,19,0,498.22667743013653,205.7892798080999,True,1.0028122669092276,1.0,0.7817341694825307,1270,5,1,1,node_1_1,0.548927612382865,1.0,0.9900878416674119,0.9421467146023658,0.8861551121607266,0.8363941132847558,0.7817341694825307,0.0,6,no_initial_change_moderate_loss,class_06,/Users/shunhao/Desktop/ML/lab/NEW/som_200h_reanalysis/02_selected_curve_database/paper_aligned_min4/x_time_h/10.1021_acsami.0c17141/Fig6_B_stability_performance_curve_pce/accepted/10.1021_acsami.0c17141__Fig6__B__stability_performance_curve_pce__CNTs-8__Series_1.csv
x_time_h/10.1021_acsami.1c05498/Fig5_B_stability_performance_curve_pce/accepted/10.1021_acsami.1c05498__Fig5__B__stability_performance_curve_pce__w_oCDTA__Series_2.csv,10.1021/acsami.1c05498|Fig5_B_stability_performance_curve_pce|10.1021_acsami.1c05498__Fig5__B__stability_performance_curve_pce__w_oCDTA__Series_2,/Users/shunhao/Desktop/ML/lab/data_all/x_time_h/10.1021_acsami.1c05498/Fig5_B_stability_performance_curve_pce/accepted/10.1021_acsami.1c05498__Fig5__B__stability_performance_curve_pce__w_oCDTA__Series_2.csv,x_time_h/10.1021_acsami.1c05498/Fig5_B_stability_performance_curve_pce/accepted/10.1021_acsami.1c05498__Fig5__B__stability_performance_curve_pce__w_oCDTA__Series_2.csv,10.1021/acsami.1c05498,Fig5_B_stability_performance_curve_pce,Series_2,78,78,44,0,353.9936565768802,202.28208947250292,True,0.9989392100637928,1.0,0.8050453188038639,1281,5,1,1,node_1_1,1.315438188533676,1.0,0.9579614628054507,0.8784821836244809,0.8507715628940792,0.8296428573983428,0.8050453188038639,0.0,6,no_initial_change_moderate_loss,class_06,/Users/shunhao/Desktop/ML/lab/NEW/som_200h_reanalysis/02_selected_curve_database/paper_aligned_min4/x_time_h/10.1021_acsami.1c05498/Fig5_B_stability_performance_curve_pce/accepted/10.1021_acsami.1c05498__Fig5__B__stability_performance_curve_pce__w_oCDTA__Series_2.csv
x_time_h/10.1021_acsami.9b15320/Fig6_B_stability_performance_curve_ff/accepted/10.1021_acsami.9b15320__Fig6__B__stability_performance_curve_ff__Ag__Series_1.csv,10.1021/acsami.9b15320|Fig6_B_stability_performance_curve_ff|10.1021_acsami.9b15320__Fig6__B__stability_performance_curve_ff__Ag__Series_1,/Users/shunhao/Desktop/ML/lab/data_all/x_time_h/10.1021_acsami.9b15320/Fig6_B_stability_performance_curve_ff/accepted/10.1021_acsami.9b15320__Fig6__B__stability_performance_curve_ff__Ag__Series_1.csv,x_time_h/10.1021_acsami.9b15320/Fig6_B_stability_performance_curve_ff/accepted/10.1021_acsami.9b15320__Fig6__B__stability_performance_curve_ff__Ag__Series_1.csv,10.1021/acsami.9b15320,Fig6_B_stability_performance_curve_ff,Series_1,71,71,15,0,982.0365711529736,210.43640810420865,True,0.9835035910963984,1.0,0.8001814911922331,1328,5,1,1,node_1_1,0.31309586466533046,1.0,0.9850233192566801,0.9328244610186471,0.8835878338149236,0.8401439774381705,0.8001814911922331,0.0,6,no_initial_change_moderate_loss,class_06,/Users/shunhao/Desktop/ML/lab/NEW/som_200h_reanalysis/02_selected_curve_database/paper_aligned_min4/x_time_h/10.1021_acsami.9b15320/Fig6_B_stability_performance_curve_ff/accepted/10.1021_acsami.9b15320__Fig6__B__stability_performance_curve_ff__Ag__Series_1.csv
x_time_h/10.1021_acsenergylett.1c00685/Fig5_C_stability/accepted/10.1021_acsenergylett.1c00685__Fig5__C__stability__Li-TFSI__Series_2.csv,10.1021/acsenergylett.1c00685|Fig5_C_stability|10.1021_acsenergylett.1c00685__Fig5__C__stability__Li-TFSI__Series_2,/Users/shunhao/Desktop/ML/lab/data_all/x_time_h/10.1021_acsenergylett.1c00685/Fig5_C_stability/accepted/10.1021_acsenergylett.1c00685__Fig5__C__stability__Li-TFSI__Series_2.csv,x_time_h/10.1021_acsenergylett.1c00685/Fig5_C_stability/accepted/10.1021_acsenergylett.1c00685__Fig5__C__stability__Li-TFSI__Series_2.csv,10.1021/acsenergylett.1c00685,Fig5_C_stability,Series_2,62,62,35,0,354.7038153244942,203.51858256323436,True,0.9992942095483016,1.0,0.7697337054961302,1357,5,1,1,node_1_1,0.7346698003181595,1.0,0.9773339827224735,0.9125832344235165,0.8813418174123026,0.8338020816533898,0.7697337054961302,0.0,6,no_initial_change_moderate_loss,class_06,/Users/shunhao/Desktop/ML/lab/NEW/som_200h_reanalysis/02_selected_curve_database/paper_aligned_min4/x_time_h/10.1021_acsenergylett.1c00685/Fig5_C_stability/accepted/10.1021_acsenergylett.1c00685__Fig5__C__stability__Li-TFSI__Series_2.csv
x_time_h/10.1021_acsenergylett.1c00685/Fig5_C_stability/accepted/10.1021_acsenergylett.1c00685__Fig5__C__stability__o—Li-PFSI__Series_3.csv,10.1021/acsenergylett.1c00685|Fig5_C_stability|10.1021_acsenergylett.1c00685__Fig5__C__stability__o—Li-PFSI__Series_3,/Users/shunhao/Desktop/ML/lab/data_all/x_time_h/10.1021_acsenergylett.1c00685/Fig5_C_stability/accepted/10.1021_acsenergylett.1c00685__Fig5__C__stability__o—Li-PFSI__Series_3.csv,x_time_h/10.1021_acsenergylett.1c00685/Fig5_C_stability/accepted/10.1021_acsenergylett.1c00685__Fig5__C__stability__o—Li-PFSI__Series_3.csv,10.1021/acsenergylett.1c00685,Fig5_C_stability,Series_3,62,62,35,0,354.7038153244942,203.51858256323436,True,1.0016947498885986,1.0,0.7901173968493636,1359,5,1,1,node_1_1,0.6085340510598038,1.0,0.9792193787097411,0.931106105509942,0.9017443647746644,0.8796063170081161,0.7901173968493636,0.0,6,no_initial_change_moderate_loss,class_06,/Users/shunhao/Desktop/ML/lab/NEW/som_200h_reanalysis/02_selected_curve_database/paper_aligned_min4/x_time_h/10.1021_acsenergylett.1c00685/Fig5_C_stability/accepted/10.1021_acsenergylett.1c00685__Fig5__C__stability__o—Li-PFSI__Series_3.csv
x_time_h/10.1021_acsenergylett.4c00306/Fig6_B_stability_performance_curve_retention/accepted/10.1021_acsenergylett.4c00306__Fig6__B__stability_performance_curve_retention__ITO_SnO2(Spiro)__Series_1.csv,10.1021/acsenergylett.4c00306|Fig6_B_stability_performance_curve_retention|10.1021_acsenergylett.4c00306__Fig6__B__stability_performance_curve_retention__ITO_SnO2(Spiro)__Series_1,/Users/shunhao/Desktop/ML/lab/data_all/x_time_h/10.1021_acsenergylett.4c00306/Fig6_B_stability_performance_curve_retention/accepted/10.1021_acsenergylett.4c00306__Fig6__B__stability_performance_curve_retention__ITO_SnO2(Spiro)__Series_1.csv,x_time_h/10.1021_acsenergylett.4c00306/Fig6_B_stability_performance_curve_retention/accepted/10.1021_acsenergylett.4c00306__Fig6__B__stability_performance_curve_retention__ITO_SnO2(Spiro)__Series_1.csv,10.1021/acsenergylett.4c00306,Fig6_B_stability_performance_curve_retention,Series_1,75,75,15,0,998.8040106071286,202.46027242036388,True,1.001161543802476,1.0,0.7862682078240881,1368,5,1,1,node_1_1,0.48521220271514365,1.0,0.9913325279010613,0.9466118050216834,0.8942142665678173,0.8422374125093481,0.7862682078240881,0.0,6,no_initial_change_moderate_loss,class_06,/Users/shunhao/Desktop/ML/lab/NEW/som_200h_reanalysis/02_selected_curve_database/paper_aligned_min4/x_time_h/10.1021_acsenergylett.4c00306/Fig6_B_stability_performance_curve_retention/accepted/10.1021_acsenergylett.4c00306__Fig6__B__stability_performance_curve_retention__ITO_SnO2(Spiro)__Series_1.csv
x_time_h/10.1021_acsenergylett.9b01356/Fig6_A_stability_performance_curve_pce/accepted/10.1021_acsenergylett.9b01356__Fig6__A__stability_performance_curve_pce__Control__Series_1.csv,10.1021/acsenergylett.9b01356|Fig6_A_stability_performance_curve_pce|10.1021_acsenergylett.9b01356__Fig6__A__stability_performance_curve_pce__Control__Series_1,/Users/shunhao/Desktop/ML/lab/data_all/x_time_h/10.1021_acsenergylett.9b01356/Fig6_A_stability_performance_curve_pce/accepted/10.1021_acsenergylett.9b01356__Fig6__A__stability_performance_curve_pce__Control__Series_1.csv,x_time_h/10.1021_acsenergylett.9b01356/Fig6_A_stability_performance_curve_pce/accepted/10.1021_acsenergylett.9b01356__Fig6__A__stability_performance_curve_pce__Control__Series_1.csv,10.1021/acsenergylett.9b01356,Fig6_A_stability_performance_curve_pce,Series_1,94,94,38,0,496.6129502818136,202.9171194699883,True,1.0001253809364432,1.0,0.7907469948174072,1374,5,1,1,node_1_1,0.42966715209494705,1.0,0.9827153142782593,0.9327638394449885,0.8849940473431163,0.831233918857136,0.7907469948174072,0.0,6,no_initial_change_moderate_loss,class_06,/Users/shunhao/Desktop/ML/lab/NEW/som_200h_reanalysis/02_selected_curve_database/paper_aligned_min4/x_time_h/10.1021_acsenergylett.9b01356/Fig6_A_stability_performance_curve_pce/accepted/10.1021_acsenergylett.9b01356__Fig6__A__stability_performance_curve_pce__Control__Series_1.csv
x_time_h/10.1021_acsnano.9b03098/Fig8_A_stability_performance_curve_pce/accepted/10.1021_acsnano.9b03098__Fig8__A__stability_performance_curve_pce__G-NBRF_(SiO2&AI2O3)__Series_2.csv,10.1021/acsnano.9b03098|Fig8_A_stability_performance_curve_pce|10.1021_acsnano.9b03098__Fig8__A__stability_performance_curve_pce__G-NBRF_(SiO2&AI2O3)__Series_2,/Users/shunhao/Desktop/ML/lab/data_all/x_time_h/10.1021_acsnano.9b03098/Fig8_A_stability_performance_curve_pce/accepted/10.1021_acsnano.9b03098__Fig8__A__stability_performance_curve_pce__G-NBRF_(SiO2&AI2O3)__Series_2.csv,x_time_h/10.1021_acsnano.9b03098/Fig8_A_stability_performance_curve_pce/accepted/10.1021_acsnano.9b03098__Fig8__A__stability_performance_curve_pce__G-NBRF_(SiO2&AI2O3)__Series_2.csv,10.1021/acsnano.9b03098,Fig8_A_stability_performance_curve_pce,Series_2,57,57,23,0,490.2925997384116,201.37017489256192,True,0.9544059560253282,1.0,0.8253944583263783,1384,5,1,1,node_1_1,0.2534852350695111,1.0,0.9727320383607574,0.9344046718591241,0.8850103497881028,0.8577663730764976,0.8253944583263783,0.0,6,no_initial_change_moderate_loss,class_06,/Users/shunhao/Desktop/ML/lab/NEW/som_200h_reanalysis/02_selected_curve_database/paper_aligned_min4/x_time_h/10.1021_acsnano.9b03098/Fig8_A_stability_performance_curve_pce/accepted/10.1021_acsnano.9b03098__Fig8__A__stability_performance_curve_pce__G-NBRF_(SiO2&AI2O3)__Series_2.csv
x_time_h/10.1021_jacs.0c12739/Fig6_D_stability_performance_curve_pce/accepted/10.1021_jacs.0c12739__Fig6__D__stability_performance_curve_pce__TiO₂__Series_1.csv,10.1021/jacs.0c12739|Fig6_D_stability_performance_curve_pce|10.1021_jacs.0c12739__Fig6__D__stability_performance_curve_pce__TiO₂__Series_1,/Users/shunhao/Desktop/ML/lab/data_all/x_time_h/10.1021_jacs.0c12739/Fig6_D_stability_performance_curve_pce/accepted/10.1021_jacs.0c12739__Fig6__D__stability_performance_curve_pce__TiO₂__Series_1.csv,x_time_h/10.1021_jacs.0c12739/Fig6_D_stability_performance_curve_pce/accepted/10.1021_jacs.0c12739__Fig6__D__stability_performance_curve_pce__TiO₂__Series_1.csv,10.1021/jacs.0c12739,Fig6_D_stability_performance_curve_pce,Series_1,40,40,23,0,347.6418629840332,205.0195602213529,True,2.0418990854556083,1.0,0.7869783476299875,1397,5,1,1,node_1_1,0.7749344811917855,1.0,0.970758531778485,0.9188044126187768,0.8860627030298849,0.8144753447223368,0.7869783476299875,0.0,6,no_initial_change_moderate_loss,class_06,/Users/shunhao/Desktop/ML/lab/NEW/som_200h_reanalysis/02_selected_curve_database/paper_aligned_min4/x_time_h/10.1021_jacs.0c12739/Fig6_D_stability_performance_curve_pce/accepted/10.1021_jacs.0c12739__Fig6__D__stability_performance_curve_pce__TiO₂__Series_1.csv
x_time_h/10.1038_ncomms11105/Fig3_D_eqe_curve_stability_performance_pce/accepted/10.1038_ncomms11105__Fig3__D__eqe_curve_stability_performance_pce__CH₃NH₃PbI₃__Series_2.csv,10.1038/ncomms11105|Fig3_D_eqe_curve_stability_performance_pce|10.1038_ncomms11105__Fig3__D__eqe_curve_stability_performance_pce__CH₃NH₃PbI₃__Series_2,/Users/shunhao/Desktop/ML/lab/data_all/x_time_h/10.1038_ncomms11105/Fig3_D_eqe_curve_stability_performance_pce/accepted/10.1038_ncomms11105__Fig3__D__eqe_curve_stability_performance_pce__CH₃NH₃PbI₃__Series_2.csv,x_time_h/10.1038_ncomms11105/Fig3_D_eqe_curve_stability_performance_pce/accepted/10.1038_ncomms11105__Fig3__D__eqe_curve_stability_performance_pce__CH₃NH₃PbI₃__Series_2.csv,10.1038/ncomms11105,Fig3_D_eqe_curve_stability_performance_pce,Series_2,48,48,18,0,531.3423827058227,203.4928274192513,True,1.0050853877095711,1.0,0.8001631910447061,1408,5,1,1,node_1_1,0.447033905576316,1.0,0.9886655876587119,0.9401245054956927,0.8800109722701366,0.8340466675861037,0.8001631910447061,0.0,6,no_initial_change_moderate_loss,class_06,/Users/shunhao/Desktop/ML/lab/NEW/som_200h_reanalysis/02_selected_curve_database/paper_aligned_min4/x_time_h/10.1038_ncomms11105/Fig3_D_eqe_curve_stability_performance_pce/accepted/10.1038_ncomms11105__Fig3__D__eqe_curve_stability_performance_pce__CH₃NH₃PbI₃__Series_2.csv
x_time_h/10.1038_s41467-018-06204-2/Fig5_A_mppt_stability_performance_curve/accepted/10.1038_s41467-018-06204-2__Fig5__A__mppt_stability_performance_curve__O-MAPbl3__Series_1.csv,10.1038/s41467-018-06204-2|Fig5_A_mppt_stability_performance_curve|10.1038_s41467-018-06204-2__Fig5__A__mppt_stability_performance_curve__O-MAPbl3__Series_1,/Users/shunhao/Desktop/ML/lab/data_all/x_time_h/10.1038_s41467-018-06204-2/Fig5_A_mppt_stability_performance_curve/accepted/10.1038_s41467-018-06204-2__Fig5__A__mppt_stability_performance_curve__O-MAPbl3__Series_1.csv,x_time_h/10.1038_s41467-018-06204-2/Fig5_A_mppt_stability_performance_curve/accepted/10.1038_s41467-018-06204-2__Fig5__A__mppt_stability_performance_curve__O-MAPbl3__Series_1.csv,10.1038/s41467-018-06204-2,Fig5_A_mppt_stability_performance_curve,Series_1,33,33,12,0,542.4920959368138,203.4345359763052,True,0.9794913124758337,1.0,0.8328449336190964,1417,5,1,1,node_1_1,0.2750874820074037,1.0,0.9865137550039266,0.9239442013260474,0.8883539353659289,0.8616056198401392,0.8328449336190964,0.0,6,no_initial_change_moderate_loss,class_06,/Users/shunhao/Desktop/ML/lab/NEW/som_200h_reanalysis/02_selected_curve_database/paper_aligned_min4/x_time_h/10.1038_s41467-018-06204-2/Fig5_A_mppt_stability_performance_curve/accepted/10.1038_s41467-018-06204-2__Fig5__A__mppt_stability_performance_curve__O-MAPbl3__Series_1.csv
x_time_h/10.1038_s41467-019-12613-8/Fig5_A_modeling_structure_stability_performance_curve_pce/accepted/10.1038_s41467-019-12613-8__Fig5__A__modeling_structure_stability_performance_curve_pce__PCBB-3N-3I__Series_2.csv,10.1038/s41467-019-12613-8|Fig5_A_modeling_structure_stability_performance_curve_pce|10.1038_s41467-019-12613-8__Fig5__A__modeling_structure_stability_performance_curve_pce__PCBB-3N-3I__Series_2,/Users/shunhao/Desktop/ML/lab/data_all/x_time_h/10.1038_s41467-019-12613-8/Fig5_A_modeling_structure_stability_performance_curve_pce/accepted/10.1038_s41467-019-12613-8__Fig5__A__modeling_structure_stability_performance_curve_pce__PCBB-3N-3I__Series_2.csv,x_time_h/10.1038_s41467-019-12613-8/Fig5_A_modeling_structure_stability_performance_curve_pce/accepted/10.1038_s41467-019-12613-8__Fig5__A__modeling_structure_stability_performance_curve_pce__PCBB-3N-3I__Series_2.csv,10.1038/s41467-019-12613-8,Fig5_A_modeling_structure_stability_performance_curve_pce,Series_2,68,68,15,0,923.8880597950975,206.84061040188757,True,0.994569891046574,1.0,0.8338591239626898,1424,5,1,1,node_1_1,0.16966203676702574,1.0,0.9820380910977682,0.9330919246224538,0.8882903851732249,0.8561281540861455,0.8338591239626898,0.0,6,no_initial_change_moderate_loss,class_06,/Users/shunhao/Desktop/ML/lab/NEW/som_200h_reanalysis/02_selected_curve_database/paper_aligned_min4/x_time_h/10.1038_s41467-019-12613-8/Fig5_A_modeling_structure_stability_performance_curve_pce/accepted/10.1038_s41467-019-12613-8__Fig5__A__modeling_structure_stability_performance_curve_pce__PCBB-3N-3I__Series_2.csv
x_time_h/10.1038_s41467-019-12613-8/Fig5_A_modeling_structure_stability_performance_curve_pce/accepted/10.1038_s41467-019-12613-8__Fig5__A__modeling_structure_stability_performance_curve_pce__PCBB-3N__Series_3.csv,10.1038/s41467-019-12613-8|Fig5_A_modeling_structure_stability_performance_curve_pce|10.1038_s41467-019-12613-8__Fig5__A__modeling_structure_stability_performance_curve_pce__PCBB-3N__Series_3,/Users/shunhao/Desktop/ML/lab/data_all/x_time_h/10.1038_s41467-019-12613-8/Fig5_A_modeling_structure_stability_performance_curve_pce/accepted/10.1038_s41467-019-12613-8__Fig5__A__modeling_structure_stability_performance_curve_pce__PCBB-3N__Series_3.csv,x_time_h/10.1038_s41467-019-12613-8/Fig5_A_modeling_structure_stability_performance_curve_pce/accepted/10.1038_s41467-019-12613-8__Fig5__A__modeling_structure_stability_performance_curve_pce__PCBB-3N__Series_3.csv,10.1038/s41467-019-12613-8,Fig5_A_modeling_structure_stability_performance_curve_pce,Series_3,68,68,15,0,923.888059795098,206.84061040188757,True,1.0009632271787487,1.0,0.8221255280541303,1425,5,1,1,node_1_1,0.07033001889694825,1.0,0.9842957183980229,0.9347137447567518,0.8854079731082035,0.8508756950598458,0.8221255280541303,0.0,6,no_initial_change_moderate_loss,class_06,/Users/shunhao/Desktop/ML/lab/NEW/som_200h_reanalysis/02_selected_curve_database/paper_aligned_min4/x_time_h/10.1038_s41467-019-12613-8/Fig5_A_modeling_structure_stability_performance_curve_pce/accepted/10.1038_s41467-019-12613-8__Fig5__A__modeling_structure_stability_performance_curve_pce__PCBB-3N__Series_3.csv
x_time_h/10.1038_s41467-021-26754-2/Fig5_E_mppt_stability_performance_curve_pattern/accepted/10.1038_s41467-021-26754-2__Fig5__E__mppt_stability_performance_curve_pattern__Control__Series_1.csv,10.1038/s41467-021-26754-2|Fig5_E_mppt_stability_performance_curve_pattern|10.1038_s41467-021-26754-2__Fig5__E__mppt_stability_performance_curve_pattern__Control__Series_1,/Users/shunhao/Desktop/ML/lab/data_all/x_time_h/10.1038_s41467-021-26754-2/Fig5_E_mppt_stability_performance_curve_pattern/accepted/10.1038_s41467-021-26754-2__Fig5__E__mppt_stability_performance_curve_pattern__Control__Series_1.csv,x_time_h/10.1038_s41467-021-26754-2/Fig5_E_mppt_stability_performance_curve_pattern/accepted/10.1038_s41467-021-26754-2__Fig5__E__mppt_stability_performance_curve_pattern__Control__Series_1.csv,10.1038/s41467-021-26754-2,Fig5_E_mppt_stability_performance_curve_pattern,Series_1,54,54,11,0,1005.1774277664329,208.6217302911465,True,1.0040970422066662,1.0,0.7888692481570946,1428,5,1,1,node_1_1,0.6834489114263489,1.0,0.9846269718460031,0.9419701404483155,0.8838669425866446,0.8242958161207732,0.7888692481570946,0.0,6,no_initial_change_moderate_loss,class_06,/Users/shunhao/Desktop/ML/lab/NEW/som_200h_reanalysis/02_selected_curve_database/paper_aligned_min4/x_time_h/10.1038_s41467-021-26754-2/Fig5_E_mppt_stability_performance_curve_pattern/accepted/10.1038_s41467-021-26754-2__Fig5__E__mppt_stability_performance_curve_pattern__Control__Series_1.csv
x_time_h/10.1038_s41560-019-0538-4/Fig6_C_mppt_stability_performance_curve_pce/accepted/10.1038_s41560-019-0538-4__Fig6__C__mppt_stability_performance_curve_pce__Pristine__Series_1.csv,10.1038/s41560-019-0538-4|Fig6_C_mppt_stability_performance_curve_pce|10.1038_s41560-019-0538-4__Fig6__C__mppt_stability_performance_curve_pce__Pristine__Series_1,/Users/shunhao/Desktop/ML/lab/data_all/x_time_h/10.1038_s41560-019-0538-4/Fig6_C_mppt_stability_performance_curve_pce/accepted/10.1038_s41560-019-0538-4__Fig6__C__mppt_stability_performance_curve_pce__Pristine__Series_1.csv,x_time_h/10.1038_s41560-019-0538-4/Fig6_C_mppt_stability_performance_curve_pce/accepted/10.1038_s41560-019-0538-4__Fig6__C__mppt_stability_performance_curve_pce__Pristine__Series_1.csv,10.1038/s41560-019-0538-4,Fig6_C_mppt_stability_performance_curve_pce,Series_1,48,48,28,0,341.3336987883157,203.3477354483583,True,17.34108677526679,1.0,0.7819284582086216,1455,5,1,1,node_1_1,0.7003845454233772,1.0,0.9886175556017632,0.9481081770680665,0.8872792661155368,0.8273312647424974,0.7819284582086216,0.0,6,no_initial_change_moderate_loss,class_06,/Users/shunhao/Desktop/ML/lab/NEW/som_200h_reanalysis/02_selected_curve_database/paper_aligned_min4/x_time_h/10.1038_s41560-019-0538-4/Fig6_C_mppt_stability_performance_curve_pce/accepted/10.1038_s41560-019-0538-4__Fig6__C__mppt_stability_performance_curve_pce__Pristine__Series_1.csv
x_time_h/10.1038_s41560-023-01249-0/Fig5_A_mppt_stability_performance_curve_pce/accepted/10.1038_s41560-023-01249-0__Fig5__A__mppt_stability_performance_curve_pce__Control__Series_1.csv,10.1038/s41560-023-01249-0|Fig5_A_mppt_stability_performance_curve_pce|10.1038_s41560-023-01249-0__Fig5__A__mppt_stability_performance_curve_pce__Control__Series_1,/Users/shunhao/Desktop/ML/lab/data_all/x_time_h/10.1038_s41560-023-01249-0/Fig5_A_mppt_stability_performance_curve_pce/accepted/10.1038_s41560-023-01249-0__Fig5__A__mppt_stability_performance_curve_pce__Control__Series_1.csv,x_time_h/10.1038_s41560-023-01249-0/Fig5_A_mppt_stability_performance_curve_pce/accepted/10.1038_s41560-023-01249-0__Fig5__A__mppt_stability_performance_curve_pce__Control__Series_1.csv,10.1038/s41560-023-01249-0,Fig5_A_mppt_stability_performance_curve_pce,Series_1,165,165,31,0,1086.4909782979084,205.3732946782632,True,0.9810110829616462,1.0,0.8144945079832645,1462,5,1,1,node_1_1,1.5314563150784186,1.0,0.9522812682022921,0.8706987335439285,0.8411253942369127,0.8262348925268612,0.8144945079832645,0.0,6,no_initial_change_moderate_loss,class_06,/Users/shunhao/Desktop/ML/lab/NEW/som_200h_reanalysis/02_selected_curve_database/paper_aligned_min4/x_time_h/10.1038_s41560-023-01249-0/Fig5_A_mppt_stability_performance_curve_pce/accepted/10.1038_s41560-023-01249-0__Fig5__A__mppt_stability_performance_curve_pce__Control__Series_1.csv
x_time_h/10.1038_s41560-023-01358-w/Fig4_E_stability_performance_curve_pce/accepted/10.1038_s41560-023-01358-w__Fig4__E__stability_performance_curve_pce__Control__Series_2.csv,10.1038/s41560-023-01358-w|Fig4_E_stability_performance_curve_pce|10.1038_s41560-023-01358-w__Fig4__E__stability_performance_curve_pce__Control__Series_2,/Users/shunhao/Desktop/ML/lab/data_all/x_time_h/10.1038_s41560-023-01358-w/Fig4_E_stability_performance_curve_pce/accepted/10.1038_s41560-023-01358-w__Fig4__E__stability_performance_curve_pce__Control__Series_2.csv,x_time_h/10.1038_s41560-023-01358-w/Fig4_E_stability_performance_curve_pce/accepted/10.1038_s41560-023-01358-w__Fig4__E__stability_performance_curve_pce__Control__Series_2.csv,10.1038/s41560-023-01358-w,Fig4_E_stability_performance_curve_pce,Series_2,69,69,36,0,385.3348800970151,204.0008188748903,True,0.9829383470765346,1.0,0.8150585559129304,1465,5,1,1,node_1_1,0.46627111551642453,1.0,0.9666135183261255,0.915990011608037,0.8851021355020678,0.8488143265133828,0.8150585559129304,0.0,6,no_initial_change_moderate_loss,class_06,/Users/shunhao/Desktop/ML/lab/NEW/som_200h_reanalysis/02_selected_curve_database/paper_aligned_min4/x_time_h/10.1038_s41560-023-01358-w/Fig4_E_stability_performance_curve_pce/accepted/10.1038_s41560-023-01358-w__Fig4__E__stability_performance_curve_pce__Control__Series_2.csv
x_time_h/10.1039_c5ta09080f/Fig6_C_stability_performance_curve_pce_profile/accepted/10.1039_c5ta09080f__Fig6__C__stability_performance_curve_pce_profile__Shelf_stability__Series_1.csv,10.1039/c5ta09080f|Fig6_C_stability_performance_curve_pce_profile|10.1039_c5ta09080f__Fig6__C__stability_performance_curve_pce_profile__Shelf_stability__Series_1,/Users/shunhao/Desktop/ML/lab/data_all/x_time_h/10.1039_c5ta09080f/Fig6_C_stability_performance_curve_pce_profile/accepted/10.1039_c5ta09080f__Fig6__C__stability_performance_curve_pce_profile__Shelf_stability__Series_1.csv,x_time_h/10.1039_c5ta09080f/Fig6_C_stability_performance_curve_pce_profile/accepted/10.1039_c5ta09080f__Fig6__C__stability_performance_curve_pce_profile__Shelf_stability__Series_1.csv,10.1039/c5ta09080f,Fig6_C_stability_performance_curve_pce_profile,Series_1,48,48,27,0,355.263114412616,204.0873210455454,True,100.70009989469914,1.0,0.867311602343282,1502,5,1,1,node_1_1,0.7094891924512917,1.0,0.9797034083133159,0.9323980530728243,0.8941697251446967,0.8744185116427567,0.867311602343282,0.0,6,no_initial_change_moderate_loss,class_06,/Users/shunhao/Desktop/ML/lab/NEW/som_200h_reanalysis/02_selected_curve_database/paper_aligned_min4/x_time_h/10.1039_c5ta09080f/Fig6_C_stability_performance_curve_pce_profile/accepted/10.1039_c5ta09080f__Fig6__C__stability_performance_curve_pce_profile__Shelf_stability__Series_1.csv
x_time_h/10.1039_c7nr01678f/Fig2_A_stability_performance_curve_pce_work_function/accepted/10.1039_c7nr01678f__Fig2__A__stability_performance_curve_pce_work_function__PC60BM__Series_4.csv,10.1039/c7nr01678f|Fig2_A_stability_performance_curve_pce_work_function|10.1039_c7nr01678f__Fig2__A__stability_performance_curve_pce_work_function__PC60BM__Series_4,/Users/shunhao/Desktop/ML/lab/data_all/x_time_h/10.1039_c7nr01678f/Fig2_A_stability_performance_curve_pce_work_function/accepted/10.1039_c7nr01678f__Fig2__A__stability_performance_curve_pce_work_function__PC60BM__Series_4.csv,x_time_h/10.1039_c7nr01678f/Fig2_A_stability_performance_curve_pce_work_function/accepted/10.1039_c7nr01678f__Fig2__A__stability_performance_curve_pce_work_function__PC60BM__Series_4.csv,10.1039/c7nr01678f,Fig2_A_stability_performance_curve_pce_work_function,Series_4,37,37,8,0,980.3127651365804,217.84728114146225,True,0.9966199682510966,1.0,0.7793074515426593,1515,5,1,1,node_1_1,0.5827982470782322,1.0,0.9887958733741463,0.9439793668707319,0.8916384623223949,0.8336760366289099,0.7793074515426593,0.0,6,no_initial_change_moderate_loss,class_06,/Users/shunhao/Desktop/ML/lab/NEW/som_200h_reanalysis/02_selected_curve_database/paper_aligned_min4/x_time_h/10.1039_c7nr01678f/Fig2_A_stability_performance_curve_pce_work_function/accepted/10.1039_c7nr01678f__Fig2__A__stability_performance_curve_pce_work_function__PC60BM__Series_4.csv
x_time_h/10.1039_c7ta10871k/Fig7_A_stability_performance_curve_pce/accepted/10.1039_c7ta10871k__Fig7__A__stability_performance_curve_pce__PF-3__Series_4.csv,10.1039/c7ta10871k|Fig7_A_stability_performance_curve_pce|10.1039_c7ta10871k__Fig7__A__stability_performance_curve_pce__PF-3__Series_4,/Users/shunhao/Desktop/ML/lab/data_all/x_time_h/10.1039_c7ta10871k/Fig7_A_stability_performance_curve_pce/accepted/10.1039_c7ta10871k__Fig7__A__stability_performance_curve_pce__PF-3__Series_4.csv,x_time_h/10.1039_c7ta10871k/Fig7_A_stability_performance_curve_pce/accepted/10.1039_c7ta10871k__Fig7__A__stability_performance_curve_pce__PF-3__Series_4.csv,10.1039/c7ta10871k,Fig7_A_stability_performance_curve_pce,Series_4,62,62,13,0,949.5408713982116,202.36116931437292,True,5.496102074775816,1.0,0.7858594498096136,1523,5,1,1,node_1_1,0.5309090820770859,1.0,0.9881780971257559,0.9422923311829482,0.8750472490851999,0.8343332338487633,0.7858594498096136,0.0,6,no_initial_change_moderate_loss,class_06,/Users/shunhao/Desktop/ML/lab/NEW/som_200h_reanalysis/02_selected_curve_database/paper_aligned_min4/x_time_h/10.1039_c7ta10871k/Fig7_A_stability_performance_curve_pce/accepted/10.1039_c7ta10871k__Fig7__A__stability_performance_curve_pce__PF-3__Series_4.csv
x_time_h/10.1039_c8qm00620b/Fig3_D_stability_performance_curve/accepted/10.1039_c8qm00620b__Fig3__D__stability_performance_curve__SnO₂__Series_1.csv,10.1039/c8qm00620b|Fig3_D_stability_performance_curve|10.1039_c8qm00620b__Fig3__D__stability_performance_curve__SnO₂__Series_1,/Users/shunhao/Desktop/ML/lab/data_all/x_time_h/10.1039_c8qm00620b/Fig3_D_stability_performance_curve/accepted/10.1039_c8qm00620b__Fig3__D__stability_performance_curve__SnO₂__Series_1.csv,x_time_h/10.1039_c8qm00620b/Fig3_D_stability_performance_curve/accepted/10.1039_c8qm00620b__Fig3__D__stability_performance_curve__SnO₂__Series_1.csv,10.1039/c8qm00620b,Fig3_D_stability_performance_curve,Series_1,71,71,20,0,733.3549257239133,209.52997877826093,True,0.998078113121014,1.0,0.8367167552314319,1532,5,1,1,node_1_1,0.8954036607733364,1.0,0.9889274582921017,0.9215185925845254,0.8345938203313703,0.8582645996910867,0.8367167552314319,0.0,6,no_initial_change_moderate_loss,class_06,/Users/shunhao/Desktop/ML/lab/NEW/som_200h_reanalysis/02_selected_curve_database/paper_aligned_min4/x_time_h/10.1039_c8qm00620b/Fig3_D_stability_performance_curve/accepted/10.1039_c8qm00620b__Fig3__D__stability_performance_curve__SnO₂__Series_1.csv
x_time_h/10.1039_c8ta04936j/Fig6_A_stability_performance_curve_pce/accepted/10.1039_c8ta04936j__Fig6__A__stability_performance_curve_pce__MA__Series_3.csv,10.1039/c8ta04936j|Fig6_A_stability_performance_curve_pce|10.1039_c8ta04936j__Fig6__A__stability_performance_curve_pce__MA__Series_3,/Users/shunhao/Desktop/ML/lab/data_all/x_time_h/10.1039_c8ta04936j/Fig6_A_stability_performance_curve_pce/accepted/10.1039_c8ta04936j__Fig6__A__stability_performance_curve_pce__MA__Series_3.csv,x_time_h/10.1039_c8ta04936j/Fig6_A_stability_performance_curve_pce/accepted/10.1039_c8ta04936j__Fig6__A__stability_performance_curve_pce__MA__Series_3.csv,10.1039/c8ta04936j,Fig6_A_stability_performance_curve_pce,Series_3,88,88,74,0,237.17329530856557,201.7336075038374,True,0.9920836155956826,1.0,0.8137957802384644,1547,5,1,1,node_1_1,0.48371614478757646,1.0,0.9566358316234992,0.922933057397244,0.8934575096373545,0.8534690858778718,0.8137957802384644,0.0,6,no_initial_change_moderate_loss,class_06,/Users/shunhao/Desktop/ML/lab/NEW/som_200h_reanalysis/02_selected_curve_database/paper_aligned_min4/x_time_h/10.1039_c8ta04936j/Fig6_A_stability_performance_curve_pce/accepted/10.1039_c8ta04936j__Fig6__A__stability_performance_curve_pce__MA__Series_3.csv
x_time_h/10.1039_c8ta10094b/Fig4_D_stability_performance_curve_pce/accepted/10.1039_c8ta10094b__Fig4__D__stability_performance_curve_pce__IPA__Series_2.csv,10.1039/c8ta10094b|Fig4_D_stability_performance_curve_pce|10.1039_c8ta10094b__Fig4__D__stability_performance_curve_pce__IPA__Series_2,/Users/shunhao/Desktop/ML/lab/data_all/x_time_h/10.1039_c8ta10094b/Fig4_D_stability_performance_curve_pce/accepted/10.1039_c8ta10094b__Fig4__D__stability_performance_curve_pce__IPA__Series_2.csv,x_time_h/10.1039_c8ta10094b/Fig4_D_stability_performance_curve_pce/accepted/10.1039_c8ta10094b__Fig4__D__stability_performance_curve_pce__IPA__Series_2.csv,10.1039/c8ta10094b,Fig4_D_stability_performance_curve_pce,Series_2,30,30,11,0,541.7588362085598,205.4947309756607,True,100.89743906753615,1.0,0.8001717172693417,1553,5,1,1,node_1_1,0.5131461099072011,1.0,0.9934045317764263,0.9493680214054134,0.9054623534941063,0.8616054277838359,0.8001717172693417,0.0,6,no_initial_change_moderate_loss,class_06,/Users/shunhao/Desktop/ML/lab/NEW/som_200h_reanalysis/02_selected_curve_database/paper_aligned_min4/x_time_h/10.1039_c8ta10094b/Fig4_D_stability_performance_curve_pce/accepted/10.1039_c8ta10094b__Fig4__D__stability_performance_curve_pce__IPA__Series_2.csv
x_time_h/10.1039_c9ta01094g/Fig4_D_stability_performance_curve/accepted/10.1039_c9ta01094g__Fig4__D__stability_performance_curve__Spiro-MeOTAD_at_65_±_1_°C_without_sealing_in_nitrogen_atmosphere__Series_1.csv,10.1039/c9ta01094g|Fig4_D_stability_performance_curve|10.1039_c9ta01094g__Fig4__D__stability_performance_curve__Spiro-MeOTAD_at_65_±_1_°C_without_sealing_in_nitrogen_atmosphere__Series_1,/Users/shunhao/Desktop/ML/lab/data_all/x_time_h/10.1039_c9ta01094g/Fig4_D_stability_performance_curve/accepted/10.1039_c9ta01094g__Fig4__D__stability_performance_curve__Spiro-MeOTAD_at_65_±_1_°C_without_sealing_in_nitrogen_atmosphere__Series_1.csv,x_time_h/10.1039_c9ta01094g/Fig4_D_stability_performance_curve/accepted/10.1039_c9ta01094g__Fig4__D__stability_performance_curve__Spiro-MeOTAD_at_65_±_1_°C_without_sealing_in_nitrogen_atmosphere__Series_1.csv,10.1039/c9ta01094g,Fig4_D_stability_performance_curve,Series_1,80,80,23,0,687.6808490397505,200.2108801001806,True,0.9989089832201166,1.0,0.8135264481930196,1562,5,1,1,node_1_1,0.29574750484591134,1.0,0.9911436774274358,0.9382044071096208,0.8877151606650778,0.8642378032799964,0.8135264481930196,0.0,6,no_initial_change_moderate_loss,class_06,/Users/shunhao/Desktop/ML/lab/NEW/som_200h_reanalysis/02_selected_curve_database/paper_aligned_min4/x_time_h/10.1039_c9ta01094g/Fig4_D_stability_performance_curve/accepted/10.1039_c9ta01094g__Fig4__D__stability_performance_curve__Spiro-MeOTAD_at_65_±_1_°C_without_sealing_in_nitrogen_atmosphere__Series_1.csv
x_time_h/10.1039_c9ta06718c/Fig6_C_pce/accepted/10.1039_c9ta06718c__Fig6__C__pce__W_O_DTA__Series_2.csv,10.1039/c9ta06718c|Fig6_C_pce|10.1039_c9ta06718c__Fig6__C__pce__W_O_DTA__Series_2,/Users/shunhao/Desktop/ML/lab/data_all/x_time_h/10.1039_c9ta06718c/Fig6_C_pce/accepted/10.1039_c9ta06718c__Fig6__C__pce__W_O_DTA__Series_2.csv,x_time_h/10.1039_c9ta06718c/Fig6_C_pce/accepted/10.1039_c9ta06718c__Fig6__C__pce__W_O_DTA__Series_2.csv,10.1039/c9ta06718c,Fig6_C_pce,Series_2,74,74,30,0,498.4534683575677,204.84389110584976,True,18.974555935475017,1.0,0.8336924565356993,1569,5,1,1,node_1_1,0.591061994195532,1.0,0.9938465130940648,0.9674689215229096,0.8979386652426398,0.8446724863269377,0.8336924565356993,0.0,6,no_initial_change_moderate_loss,class_06,/Users/shunhao/Desktop/ML/lab/NEW/som_200h_reanalysis/02_selected_curve_database/paper_aligned_min4/x_time_h/10.1039_c9ta06718c/Fig6_C_pce/accepted/10.1039_c9ta06718c__Fig6__C__pce__W_O_DTA__Series_2.csv
x_time_h/10.1039_c9tc06578d/Fig5_A_stability_performance_curve/accepted/10.1039_c9tc06578d__Fig5__A__stability_performance_curve__Control__Series_1.csv,10.1039/c9tc06578d|Fig5_A_stability_performance_curve|10.1039_c9tc06578d__Fig5__A__stability_performance_curve__Control__Series_1,/Users/shunhao/Desktop/ML/lab/data_all/x_time_h/10.1039_c9tc06578d/Fig5_A_stability_performance_curve/accepted/10.1039_c9tc06578d__Fig5__A__stability_performance_curve__Control__Series_1.csv,x_time_h/10.1039_c9tc06578d/Fig5_A_stability_performance_curve/accepted/10.1039_c9tc06578d__Fig5__A__stability_performance_curve__Control__Series_1.csv,10.1039/c9tc06578d,Fig5_A_stability_performance_curve,Series_1,55,55,22,0,499.6060868939812,203.5432205864368,True,1.004060581102931,1.0,0.8142636054056539,1587,5,1,1,node_1_1,0.23899971860461114,1.0,0.9882453006529945,0.9416724927409017,0.8914308578049162,0.8462420309617819,0.8142636054056539,0.0,6,no_initial_change_moderate_loss,class_06,/Users/shunhao/Desktop/ML/lab/NEW/som_200h_reanalysis/02_selected_curve_database/paper_aligned_min4/x_time_h/10.1039_c9tc06578d/Fig5_A_stability_performance_curve/accepted/10.1039_c9tc06578d__Fig5__A__stability_performance_curve__Control__Series_1.csv
x_time_h/10.1039_d0ta04275g/Fig6_A_stability_performance_curve/accepted/10.1039_d0ta04275g__Fig6__A__stability_performance_curve__NP-SnO₂__Series_1.csv,10.1039/d0ta04275g|Fig6_A_stability_performance_curve|10.1039_d0ta04275g__Fig6__A__stability_performance_curve__NP-SnO₂__Series_1,/Users/shunhao/Desktop/ML/lab/data_all/x_time_h/10.1039_d0ta04275g/Fig6_A_stability_performance_curve/accepted/10.1039_d0ta04275g__Fig6__A__stability_performance_curve__NP-SnO₂__Series_1.csv,x_time_h/10.1039_d0ta04275g/Fig6_A_stability_performance_curve/accepted/10.1039_d0ta04275g__Fig6__A__stability_performance_curve__NP-SnO₂__Series_1.csv,10.1039/d0ta04275g,Fig6_A_stability_performance_curve,Series_1,139,139,93,0,297.47001075771044,200.4689202932396,True,1.0062953853078669,0.997631717670278,0.8558562298401758,1612,5,1,1,node_1_1,0.49513256549051576,0.997631717670278,0.9954505563190457,0.9404948535135983,0.8877203120593835,0.8637715767348754,0.8558562298401758,1.8333333333333333,6,no_initial_change_moderate_loss,class_06,/Users/shunhao/Desktop/ML/lab/NEW/som_200h_reanalysis/02_selected_curve_database/paper_aligned_min4/x_time_h/10.1039_d0ta04275g/Fig6_A_stability_performance_curve/accepted/10.1039_d0ta04275g__Fig6__A__stability_performance_curve__NP-SnO₂__Series_1.csv
x_time_h/10.1039_d0tc01244k/Fig5_whole_stability/accepted/10.1039_d0tc01244k__Fig5__whole__stability__PEAI_anti-solvent__Series_3.csv,10.1039/d0tc01244k|Fig5_whole_stability|10.1039_d0tc01244k__Fig5__whole__stability__PEAI_anti-solvent__Series_3,/Users/shunhao/Desktop/ML/lab/data_all/x_time_h/10.1039_d0tc01244k/Fig5_whole_stability/accepted/10.1039_d0tc01244k__Fig5__whole__stability__PEAI_anti-solvent__Series_3.csv,x_time_h/10.1039_d0tc01244k/Fig5_whole_stability/accepted/10.1039_d0tc01244k__Fig5__whole__stability__PEAI_anti-solvent__Series_3.csv,10.1039/d0tc01244k,Fig5_whole_stability,Series_3,61,61,22,0,531.8309256989371,205.87003575442725,True,0.9996816319290645,1.0,0.880346854140334,1624,5,1,1,node_1_1,0.9239332950095188,1.0,0.9838680394309426,0.9259717542579191,0.8821191153438953,0.8847144963274681,0.880346854140334,0.0,6,no_initial_change_moderate_loss,class_06,/Users/shunhao/Desktop/ML/lab/NEW/som_200h_reanalysis/02_selected_curve_database/paper_aligned_min4/x_time_h/10.1039_d0tc01244k/Fig5_whole_stability/accepted/10.1039_d0tc01244k__Fig5__whole__stability__PEAI_anti-solvent__Series_3.csv
x_time_h/10.1039_d1ma00861g/Fig6_D_stability_performance_curve_pce/accepted/10.1039_d1ma00861g__Fig6__D__stability_performance_curve_pce__PSC-HTMFree__Series_1.csv,10.1039/d1ma00861g|Fig6_D_stability_performance_curve_pce|10.1039_d1ma00861g__Fig6__D__stability_performance_curve_pce__PSC-HTMFree__Series_1,/Users/shunhao/Desktop/ML/lab/data_all/x_time_h/10.1039_d1ma00861g/Fig6_D_stability_performance_curve_pce/accepted/10.1039_d1ma00861g__Fig6__D__stability_performance_curve_pce__PSC-HTMFree__Series_1.csv,x_time_h/10.1039_d1ma00861g/Fig6_D_stability_performance_curve_pce/accepted/10.1039_d1ma00861g__Fig6__D__stability_performance_curve_pce__PSC-HTMFree__Series_1.csv,10.1039/d1ma00861g,Fig6_D_stability_performance_curve_pce,Series_1,45,45,7,0,1325.0379485782885,206.11701422328937,True,0.9955641117716092,1.0,0.8267921200330149,1635,5,1,1,node_1_1,0.1007574997071213,1.0,0.9871103340221683,0.9384982099511312,0.885573547251383,0.8478121840361755,0.8267921200330149,0.0,6,no_initial_change_moderate_loss,class_06,/Users/shunhao/Desktop/ML/lab/NEW/som_200h_reanalysis/02_selected_curve_database/paper_aligned_min4/x_time_h/10.1039_d1ma00861g/Fig6_D_stability_performance_curve_pce/accepted/10.1039_d1ma00861g__Fig6__D__stability_performance_curve_pce__PSC-HTMFree__Series_1.csv
x_time_h/10.1039_d1na00173f/Fig5_D_stability_performance_curve/accepted/10.1039_d1na00173f__Fig5__D__stability_performance_curve__o-Pristine__Series_1.csv,10.1039/d1na00173f|Fig5_D_stability_performance_curve|10.1039_d1na00173f__Fig5__D__stability_performance_curve__o-Pristine__Series_1,/Users/shunhao/Desktop/ML/lab/data_all/x_time_h/10.1039_d1na00173f/Fig5_D_stability_performance_curve/accepted/10.1039_d1na00173f__Fig5__D__stability_performance_curve__o-Pristine__Series_1.csv,x_time_h/10.1039_d1na00173f/Fig5_D_stability_performance_curve/accepted/10.1039_d1na00173f__Fig5__D__stability_performance_curve__o-Pristine__Series_1.csv,10.1039/d1na00173f,Fig5_D_stability_performance_curve,Series_1,48,48,16,0,595.5348873461719,202.7352807986969,True,1.0022784207020663,1.0,0.8921691740464417,1642,5,1,1,node_1_1,1.27867527148096,1.0,0.984599487861839,0.9079742133940444,0.8499931457449763,0.879454634485549,0.8921691740464417,0.0,6,no_initial_change_moderate_loss,class_06,/Users/shunhao/Desktop/ML/lab/NEW/som_200h_reanalysis/02_selected_curve_database/paper_aligned_min4/x_time_h/10.1039_d1na00173f/Fig5_D_stability_performance_curve/accepted/10.1039_d1na00173f__Fig5__D__stability_performance_curve__o-Pristine__Series_1.csv
x_time_h/10.1039_d3sc02845c/Fig6_A_stability_performance_curve_pce/accepted/10.1039_d3sc02845c__Fig6__A__stability_performance_curve_pce__TMDAP-EP-OMeDPA__Series_1.csv,10.1039/d3sc02845c|Fig6_A_stability_performance_curve_pce|10.1039_d3sc02845c__Fig6__A__stability_performance_curve_pce__TMDAP-EP-OMeDPA__Series_1,/Users/shunhao/Desktop/ML/lab/data_all/x_time_h/10.1039_d3sc02845c/Fig6_A_stability_performance_curve_pce/accepted/10.1039_d3sc02845c__Fig6__A__stability_performance_curve_pce__TMDAP-EP-OMeDPA__Series_1.csv,x_time_h/10.1039_d3sc02845c/Fig6_A_stability_performance_curve_pce/accepted/10.1039_d3sc02845c__Fig6__A__stability_performance_curve_pce__TMDAP-EP-OMeDPA__Series_1.csv,10.1039/d3sc02845c,Fig6_A_stability_performance_curve_pce,Series_1,34,34,7,0,1009.7606825096456,214.1916599262884,True,22.1009270092239,1.0,0.8606202235184688,1665,5,1,1,node_1_1,0.5715428365275478,1.0,0.9856338107592658,0.9281690537963292,0.8898207636496288,0.8688004378160865,0.8606202235184688,0.0,6,no_initial_change_moderate_loss,class_06,/Users/shunhao/Desktop/ML/lab/NEW/som_200h_reanalysis/02_selected_curve_database/paper_aligned_min4/x_time_h/10.1039_d3sc02845c/Fig6_A_stability_performance_curve_pce/accepted/10.1039_d3sc02845c__Fig6__A__stability_performance_curve_pce__TMDAP-EP-OMeDPA__Series_1.csv
x_time_h/10.1039_d4qi00166d/Fig7_A_stability_performance_curve_pce_spectrum/accepted/10.1039_d4qi00166d__Fig7__A__stability_performance_curve_pce_spectrum__SnO₂__Series_1.csv,10.1039/d4qi00166d|Fig7_A_stability_performance_curve_pce_spectrum|10.1039_d4qi00166d__Fig7__A__stability_performance_curve_pce_spectrum__SnO₂__Series_1,/Users/shunhao/Desktop/ML/lab/data_all/x_time_h/10.1039_d4qi00166d/Fig7_A_stability_performance_curve_pce_spectrum/accepted/10.1039_d4qi00166d__Fig7__A__stability_performance_curve_pce_spectrum__SnO₂__Series_1.csv,x_time_h/10.1039_d4qi00166d/Fig7_A_stability_performance_curve_pce_spectrum/accepted/10.1039_d4qi00166d__Fig7__A__stability_performance_curve_pce_spectrum__SnO₂__Series_1.csv,10.1039/d4qi00166d,Fig7_A_stability_performance_curve_pce_spectrum,Series_1,54,54,19,0,585.2621641894045,209.81096452072995,True,0.9950792555232174,1.0,0.8101161291203818,1684,5,1,1,node_1_1,0.36653089522633436,1.0,0.9807581125776609,0.9348774242201231,0.9051685235216517,0.8552423628041994,0.8101161291203818,0.0,6,no_initial_change_moderate_loss,class_06,/Users/shunhao/Desktop/ML/lab/NEW/som_200h_reanalysis/02_selected_curve_database/paper_aligned_min4/x_time_h/10.1039_d4qi00166d/Fig7_A_stability_performance_curve_pce_spectrum/accepted/10.1039_d4qi00166d__Fig7__A__stability_performance_curve_pce_spectrum__SnO₂__Series_1.csv
x_time_h/10.1039_d4sc07759h/Fig1_C_stability_performance_curve_pce/accepted/10.1039_d4sc07759h__Fig1__C__stability_performance_curve_pce__Pbl2+FA1__Series_2.csv,10.1039/d4sc07759h|Fig1_C_stability_performance_curve_pce|10.1039_d4sc07759h__Fig1__C__stability_performance_curve_pce__Pbl2+FA1__Series_2,/Users/shunhao/Desktop/ML/lab/data_all/x_time_h/10.1039_d4sc07759h/Fig1_C_stability_performance_curve_pce/accepted/10.1039_d4sc07759h__Fig1__C__stability_performance_curve_pce__Pbl2+FA1__Series_2.csv,x_time_h/10.1039_d4sc07759h/Fig1_C_stability_performance_curve_pce/accepted/10.1039_d4sc07759h__Fig1__C__stability_performance_curve_pce__Pbl2+FA1__Series_2.csv,10.1039/d4sc07759h,Fig1_C_stability_performance_curve_pce,Series_2,88,88,36,0,495.5166951156415,205.0413910823344,True,0.9979586457867496,1.0,0.8616321717040227,1690,5,1,1,node_1_1,0.911405309197235,1.0,0.9652464767465266,0.8975442192060085,0.8751324879516031,0.8680709970140988,0.8616321717040227,0.0,6,no_initial_change_moderate_loss,class_06,/Users/shunhao/Desktop/ML/lab/NEW/som_200h_reanalysis/02_selected_curve_database/paper_aligned_min4/x_time_h/10.1039_d4sc07759h/Fig1_C_stability_performance_curve_pce/accepted/10.1039_d4sc07759h__Fig1__C__stability_performance_curve_pce__Pbl2+FA1__Series_2.csv
x_time_h/10.1039_d5ee01110h/Fig1_D_stability_performance_curve/accepted/10.1039_d5ee01110h__Fig1__D__stability_performance_curve__Control__Series_1.csv,10.1039/d5ee01110h|Fig1_D_stability_performance_curve|10.1039_d5ee01110h__Fig1__D__stability_performance_curve__Control__Series_1,/Users/shunhao/Desktop/ML/lab/data_all/x_time_h/10.1039_d5ee01110h/Fig1_D_stability_performance_curve/accepted/10.1039_d5ee01110h__Fig1__D__stability_performance_curve__Control__Series_1.csv,x_time_h/10.1039_d5ee01110h/Fig1_D_stability_performance_curve/accepted/10.1039_d5ee01110h__Fig1__D__stability_performance_curve__Control__Series_1.csv,10.1039/d5ee01110h,Fig1_D_stability_performance_curve,Series_1,68,68,18,0,778.5048824972381,209.1505654470192,True,0.9712154797374786,1.0,0.8050736085930282,1706,5,1,1,node_1_1,0.29940218969611754,1.0,0.9877793860357555,0.9454376589858413,0.892055020758911,0.8445753930643518,0.8050736085930282,0.0,6,no_initial_change_moderate_loss,class_06,/Users/shunhao/Desktop/ML/lab/NEW/som_200h_reanalysis/02_selected_curve_database/paper_aligned_min4/x_time_h/10.1039_d5ee01110h/Fig1_D_stability_performance_curve/accepted/10.1039_d5ee01110h__Fig1__D__stability_performance_curve__Control__Series_1.csv
x_time_h/10.1039_d5ma00192g/Fig5_whole_stability_performance_curve/accepted/10.1039_d5ma00192g__Fig5__whole__stability_performance_curve__Control__Series_2.csv,10.1039/d5ma00192g|Fig5_whole_stability_performance_curve|10.1039_d5ma00192g__Fig5__whole__stability_performance_curve__Control__Series_2,/Users/shunhao/Desktop/ML/lab/data_all/x_time_h/10.1039_d5ma00192g/Fig5_whole_stability_performance_curve/accepted/10.1039_d5ma00192g__Fig5__whole__stability_performance_curve__Control__Series_2.csv,x_time_h/10.1039_d5ma00192g/Fig5_whole_stability_performance_curve/accepted/10.1039_d5ma00192g__Fig5__whole__stability_performance_curve__Control__Series_2.csv,10.1039/d5ma00192g,Fig5_whole_stability_performance_curve,Series_2,65,65,17,0,762.7252444337656,202.59889305271895,True,100.14557175770588,1.0,0.8112981922878686,1708,5,1,1,node_1_1,0.309399538337271,1.0,0.9900800722061641,0.9459796465089655,0.8977869814442249,0.8527737861635935,0.8112981922878686,0.0,6,no_initial_change_moderate_loss,class_06,/Users/shunhao/Desktop/ML/lab/NEW/som_200h_reanalysis/02_selected_curve_database/paper_aligned_min4/x_time_h/10.1039_d5ma00192g/Fig5_whole_stability_performance_curve/accepted/10.1039_d5ma00192g__Fig5__whole__stability_performance_curve__Control__Series_2.csv
x_time_h/10.1088_1361-6528_ab10f3/Fig4_B_stability_performance_curve_pce/accepted/10.1088_1361-6528_ab10f3__Fig4__B__stability_performance_curve_pce__3D_perovskite__Series_1.csv,10.1088/1361-6528_ab10f3|Fig4_B_stability_performance_curve_pce|10.1088_1361-6528_ab10f3__Fig4__B__stability_performance_curve_pce__3D_perovskite__Series_1,/Users/shunhao/Desktop/ML/lab/data_all/x_time_h/10.1088_1361-6528_ab10f3/Fig4_B_stability_performance_curve_pce/accepted/10.1088_1361-6528_ab10f3__Fig4__B__stability_performance_curve_pce__3D_perovskite__Series_1.csv,x_time_h/10.1088_1361-6528_ab10f3/Fig4_B_stability_performance_curve_pce/accepted/10.1088_1361-6528_ab10f3__Fig4__B__stability_performance_curve_pce__3D_perovskite__Series_1.csv,10.1088/1361-6528_ab10f3,Fig4_B_stability_performance_curve_pce,Series_1,53,53,5,0,2098.8516681513634,201.81266039916952,True,0.9896985088008674,1.0,0.8411011465700755,1719,5,1,1,node_1_1,0.39768603256697505,1.0,0.9826892242536354,0.9323483365698289,0.8952720009577556,0.8673092182277069,0.8411011465700755,0.0,6,no_initial_change_moderate_loss,class_06,/Users/shunhao/Desktop/ML/lab/NEW/som_200h_reanalysis/02_selected_curve_database/paper_aligned_min4/x_time_h/10.1088_1361-6528_ab10f3/Fig4_B_stability_performance_curve_pce/accepted/10.1088_1361-6528_ab10f3__Fig4__B__stability_performance_curve_pce__3D_perovskite__Series_1.csv
x_time_h/10.1126_sciadv.1700106/Fig2_F_stability_performance_curve_eqe/accepted/10.1126_sciadv.1700106__Fig2__F__stability_performance_curve_eqe__Ref__Series_1.csv,10.1126/sciadv.1700106|Fig2_F_stability_performance_curve_eqe|10.1126_sciadv.1700106__Fig2__F__stability_performance_curve_eqe__Ref__Series_1,/Users/shunhao/Desktop/ML/lab/data_all/x_time_h/10.1126_sciadv.1700106/Fig2_F_stability_performance_curve_eqe/accepted/10.1126_sciadv.1700106__Fig2__F__stability_performance_curve_eqe__Ref__Series_1.csv,x_time_h/10.1126_sciadv.1700106/Fig2_F_stability_performance_curve_eqe/accepted/10.1126_sciadv.1700106__Fig2__F__stability_performance_curve_eqe__Ref__Series_1.csv,10.1126/sciadv.1700106,Fig2_F_stability_performance_curve_eqe,Series_1,48,48,4,0,2519.49048903115,214.42472247073624,True,1.0153105120051564,1.0,0.8421423677396682,1723,5,1,1,node_1_1,0.5529748648237609,1.0,0.9958015140981478,0.9646599326597365,0.8882299619095845,0.851729415305969,0.8421423677396682,0.0,6,no_initial_change_moderate_loss,class_06,/Users/shunhao/Desktop/ML/lab/NEW/som_200h_reanalysis/02_selected_curve_database/paper_aligned_min4/x_time_h/10.1126_sciadv.1700106/Fig2_F_stability_performance_curve_eqe/accepted/10.1126_sciadv.1700106__Fig2__F__stability_performance_curve_eqe__Ref__Series_1.csv
x_time_h/10.1155_2024_9417829/Fig5_I_stability_performance_curve_pce/accepted/10.1155_2024_9417829__Fig5__I__stability_performance_curve_pce__A-25°℃__Series_1.csv,10.1155/2024_9417829|Fig5_I_stability_performance_curve_pce|10.1155_2024_9417829__Fig5__I__stability_performance_curve_pce__A-25°℃__Series_1,/Users/shunhao/Desktop/ML/lab/data_all/x_time_h/10.1155_2024_9417829/Fig5_I_stability_performance_curve_pce/accepted/10.1155_2024_9417829__Fig5__I__stability_performance_curve_pce__A-25°℃__Series_1.csv,x_time_h/10.1155_2024_9417829/Fig5_I_stability_performance_curve_pce/accepted/10.1155_2024_9417829__Fig5__I__stability_performance_curve_pce__A-25°℃__Series_1.csv,10.1155/2024_9417829,Fig5_I_stability_performance_curve_pce,Series_1,57,57,29,0,396.6410131659977,205.40338181810597,True,1.002132223100073,1.0,0.8367543654206706,1739,5,1,1,node_1_1,0.5836215014956183,1.0,0.9912504897475873,0.9544921188326049,0.9053666425574262,0.8674034643701156,0.8367543654206706,0.0,6,no_initial_change_moderate_loss,class_06,/Users/shunhao/Desktop/ML/lab/NEW/som_200h_reanalysis/02_selected_curve_database/paper_aligned_min4/x_time_h/10.1155_2024_9417829/Fig5_I_stability_performance_curve_pce/accepted/10.1155_2024_9417829__Fig5__I__stability_performance_curve_pce__A-25°℃__Series_1.csv
x_time_h/10.3390_ma12101644/Fig1_F_stability_performance_curve_pce/accepted/10.3390_ma12101644__Fig1__F__stability_performance_curve_pce__Series_1__Series_1.csv,10.3390/ma12101644|Fig1_F_stability_performance_curve_pce|10.3390_ma12101644__Fig1__F__stability_performance_curve_pce__Series_1__Series_1,/Users/shunhao/Desktop/ML/lab/data_all/x_time_h/10.3390_ma12101644/Fig1_F_stability_performance_curve_pce/accepted/10.3390_ma12101644__Fig1__F__stability_performance_curve_pce__Series_1__Series_1.csv,x_time_h/10.3390_ma12101644/Fig1_F_stability_performance_curve_pce/accepted/10.3390_ma12101644__Fig1__F__stability_performance_curve_pce__Series_1__Series_1.csv,10.3390/ma12101644,Fig1_F_stability_performance_curve_pce,Series_1,28,28,23,0,235.0053981665365,200.18978362334587,True,1.0012526810340243,1.0,0.8417231460534711,1750,5,1,1,node_1_1,0.3271904410589343,1.0,0.989363004784857,0.9421623503591365,0.8946782200521146,0.8603247565508123,0.8417231460534711,0.0,6,no_initial_change_moderate_loss,class_06,/Users/shunhao/Desktop/ML/lab/NEW/som_200h_reanalysis/02_selected_curve_database/paper_aligned_min4/x_time_h/10.3390_ma12101644/Fig1_F_stability_performance_curve_pce/accepted/10.3390_ma12101644__Fig1__F__stability_performance_curve_pce__Series_1__Series_1.csv
x_time_h/10.3390_molecules29122758/Fig5_C_stability_performance_curve_pce/accepted/10.3390_molecules29122758__Fig5__C__stability_performance_curve_pce__4-cation__Series_3.csv,10.3390/molecules29122758|Fig5_C_stability_performance_curve_pce|10.3390_molecules29122758__Fig5__C__stability_performance_curve_pce__4-cation__Series_3,/Users/shunhao/Desktop/ML/lab/data_all/x_time_h/10.3390_molecules29122758/Fig5_C_stability_performance_curve_pce/accepted/10.3390_molecules29122758__Fig5__C__stability_performance_curve_pce__4-cation__Series_3.csv,x_time_h/10.3390_molecules29122758/Fig5_C_stability_performance_curve_pce/accepted/10.3390_molecules29122758__Fig5__C__stability_performance_curve_pce__4-cation__Series_3.csv,10.3390/molecules29122758,Fig5_C_stability_performance_curve_pce,Series_3,59,59,15,0,790.4131648083219,204.41719779525567,True,0.9983647382148076,1.0,0.8238570516315721,1766,5,1,1,node_1_1,0.6273357355142054,1.0,0.9971159950486607,0.963866849470192,0.9056284249772012,0.8571174858413869,0.8238570516315721,0.0,6,no_initial_change_moderate_loss,class_06,/Users/shunhao/Desktop/ML/lab/NEW/som_200h_reanalysis/02_selected_curve_database/paper_aligned_min4/x_time_h/10.3390_molecules29122758/Fig5_C_stability_performance_curve_pce/accepted/10.3390_molecules29122758__Fig5__C__stability_performance_curve_pce__4-cation__Series_3.csv
