variant_id,setting_id,elbow_k,qe_elbow_strength,sigma,learning_rate,random_order,window_hours,cohort,representation,n,dimensions,retention_fraction,quantization_error_median,topographic_error_median,silhouette_median,seed_ari,empty_nodes_median,min_cluster_fraction_median,center_separation_ratio_median,primary_window_eligible,passes_support,rank_silhouette_median,rank_seed_ari,rank_topographic_error_median,rank_center_separation_ratio_median,rank_min_cluster_fraction_median,rank_retention_fraction,rank_qe_elbow_strength,rank_sum
w0300_detail_maxabs_level,paper_sigma03_lr01_seq,4,0.3790001862164016,0.3,0.1,False,300,detail,maxabs_level,1325,64,0.6297528517110266,0.33126440561521253,0.0,0.5191128979574132,1.0,0.0,0.05811320754716981,3.027794054708941,True,True,6.0,56.0,82.0,20.0,83.0,36.5,11.0,294.5
w0300_coverage_maxabs_level,paper_sigma05_lr01_seq,4,0.33998222426068797,0.5,0.1,False,300,coverage,maxabs_level,1590,64,0.7557034220532319,0.31202863738530756,0.0,0.5149244532411018,1.0,0.0,0.05786163522012579,3.323216768685349,True,True,10.5,56.0,82.0,4.0,85.5,12.5,57.0,307.5
w0300_detail_maxabs_level,paper_sigma05_lr01_seq,4,0.38207711897087765,0.5,0.1,False,300,detail,maxabs_level,1325,64,0.6297528517110266,0.3294012688775307,0.0,0.5170819355890992,0.9995569207478034,0.0,0.05886792452830188,3.0288736922173713,True,True,8.0,114.0,82.0,19.0,80.5,36.5,7.0,347.0
w0300_detail_maxabs_level,paper_sigma05_lr03_seq,3,0.4242721590566245,0.5,0.3,False,300,detail,maxabs_level,1325,64,0.6297528517110266,0.397599783398289,0.11320754716981132,0.5797339517193933,1.0,0.0,0.07622641509433963,3.268687359812118,True,True,1.0,56.0,223.0,7.0,47.5,36.5,3.0,374.0
w0500_detail_maxabs_level,detail_sigma12_lr05_seq,4,0.34257558678306516,1.2,0.5,False,500,detail,maxabs_level,1102,64,0.5237642585551331,0.3598217558392204,0.0,0.4366268735642788,1.0,0.0,0.1161524500907441,2.5601459859623983,True,True,54.0,56.0,82.0,41.0,20.0,84.0,52.0,389.0
w0300_detail_maxabs_level,random_sigma05_lr01,4,0.3620555173053865,0.5,0.1,True,300,detail,maxabs_level,1325,64,0.6297528517110266,0.3288520528011534,0.0,0.5178355206563233,0.9016339087769055,0.0,0.05886792452830188,3.172172098860072,True,True,7.0,157.0,82.0,10.0,80.5,36.5,21.0,394.0
w0300_detail_maxabs_level,detail_sigma12_lr05_seq,4,0.33283176195924175,1.2,0.5,False,300,detail,maxabs_level,1325,64,0.6297528517110266,0.3404163179642369,0.0,0.44843756730792156,1.0,0.0,0.09962264150943397,2.0455332280232783,True,True,48.0,56.0,82.0,79.0,29.0,36.5,65.0,395.5
w0300_coverage_maxabs_level,paper_sigma03_lr01_seq,4,0.3395590565222046,0.3,0.1,False,300,coverage,maxabs_level,1590,64,0.7557034220532319,0.3120236660888328,0.0,0.5149244532411018,0.9186370274641691,0.0,0.05786163522012579,3.3232170503618694,True,True,10.5,149.0,82.0,3.0,85.5,12.5,58.0,400.5
w0300_coverage_maxabs_level,detail_sigma12_lr05_seq,5,0.3083904539312097,1.2,0.5,False,300,coverage,maxabs_level,1590,64,0.7557034220532319,0.28114201189019156,0.0,0.45468838532002237,1.0,0.0,0.06477987421383648,2.891849317188219,True,True,44.0,56.0,82.0,25.0,67.0,12.5,114.0,400.5
w0300_coverage_maxabs_level,random_sigma05_lr01,4,0.34265808626247624,0.5,0.1,True,300,coverage,maxabs_level,1590,64,0.7557034220532319,0.3129446755812196,0.0,0.515985060280854,0.9041487652860275,0.0,0.05660377358490566,3.269590440433564,True,True,9.0,156.0,82.0,6.0,89.0,12.5,51.0,405.5
w0300_coverage_maxabs_level,random_sigma12_lr03,4,0.344734438472216,1.2,0.3,True,300,coverage,maxabs_level,1590,64,0.7557034220532319,0.3109297179394085,0.0,0.4719579973795257,0.7873809860151971,0.0,0.09685534591194969,2.6323412449835875,True,True,34.0,186.0,82.0,35.0,31.0,12.5,48.0,428.5
w0500_coverage_maxabs_level,detail_sigma12_lr05_seq,4,0.3074601489074054,1.2,0.5,False,500,coverage,maxabs_level,1198,64,0.5693916349809885,0.35827150126171603,0.0,0.4065746487236603,1.0,0.0,0.167779632721202,2.201283123220329,True,True,66.0,56.0,82.0,65.0,4.0,60.5,117.0,450.5
w0300_dense_maxabs_level,detail_sigma12_lr05_seq,4,0.3535191891113561,1.2,0.5,False,300,dense,maxabs_level,682,64,0.3241444866920152,0.3557737147388509,0.0,0.46402020689496487,1.0,0.0,0.10263929618768329,2.413485750361402,True,True,38.0,56.0,82.0,52.0,27.0,177.0,29.0,461.0
w0500_coverage_maxabs_level,random_sigma12_lr03,4,0.3489209453377173,1.2,0.3,True,500,coverage,maxabs_level,1198,64,0.5693916349809885,0.35602312603852093,0.0,0.43287627456163774,0.8638083057111042,0.0,0.14357262103505844,2.4715483558028373,True,True,56.0,169.0,82.0,49.0,11.0,60.5,39.0,466.5
w0500_dense_maxabs_level,paper_sigma05_lr03_seq,4,0.36280500992867765,0.5,0.3,False,500,dense,maxabs_level,774,64,0.3678707224334601,0.3923715668157444,0.0,0.4525796748780128,1.0,0.0,0.050387596899224806,2.431877691523206,True,True,45.0,56.0,82.0,50.0,110.5,107.0,20.0,470.5
w0300_dense_maxabs_level,paper_sigma05_lr01_seq,4,0.3459528184009116,0.5,0.1,False,300,dense,maxabs_level,682,64,0.3241444866920152,0.3550453475912715,0.0,0.47847741513612435,1.0,0.0,0.0718475073313783,2.845826562493294,True,True,30.0,56.0,82.0,27.0,55.0,177.0,45.0,472.0
w0500_coverage_maxabs_level,paper_sigma05_lr01_seq,4,0.3140013318298614,0.5,0.1,False,500,coverage,maxabs_level,1198,64,0.5693916349809885,0.35473559080974804,0.0,0.5036271757786666,1.0,0.0,0.045909849749582635,3.0533419461518134,True,True,18.0,56.0,82.0,17.0,134.0,60.5,106.0,473.5
w0750_coverage_maxabs_level,paper_sigma05_lr01_seq,4,0.3448739545006087,0.5,0.1,False,750,coverage,maxabs_level,770,64,0.3659695817490494,0.36774165124915814,0.0,0.4876687464208553,1.0,0.0,0.048051948051948054,2.7348676739406823,True,True,23.0,56.0,82.0,29.0,120.5,130.5,47.0,488.0
w0750_detail_maxabs_level,paper_sigma05_lr01_seq,4,0.3432804312670054,0.5,0.1,False,750,detail,maxabs_level,734,64,0.3488593155893536,0.36923120821213046,0.0,0.48204797406521954,1.0,0.0,0.05449591280653951,2.8573414808074595,True,True,27.0,56.0,82.0,26.0,96.5,154.0,50.0,491.5
w0300_detail_maxabs_level,random_sigma12_lr03,4,0.31739480276596216,1.2,0.3,True,300,detail,maxabs_level,1325,64,0.6297528517110266,0.33527947357813914,0.0,0.45222243943874296,0.8811898120630163,0.0,0.11396226415094339,2.338614332953129,True,True,46.0,165.0,82.0,56.0,22.0,36.5,98.0,505.5
w0500_coverage_maxabs_level,random_sigma05_lr01,4,0.35608371850214143,0.5,0.1,True,500,coverage,maxabs_level,1198,64,0.5693916349809885,0.35378710217008413,0.0,0.5035467232487402,0.7717214706990946,0.0,0.04674457429048414,3.0376523388562355,True,True,19.0,192.0,82.0,18.0,126.0,60.5,26.0,523.5
w0500_detail_maxabs_level,paper_sigma05_lr03_seq,4,0.31420692731842276,0.5,0.3,False,500,detail,maxabs_level,1102,64,0.5237642585551331,0.36569789804025166,0.0,0.48007963396366604,1.0,0.0,0.043557168784029036,2.929973980178644,True,True,29.0,56.0,82.0,23.0,146.0,84.0,104.0,524.0
w0500_detail_maxabs_level,random_sigma12_lr03,4,0.34925654673554835,1.2,0.3,True,500,detail,maxabs_level,1102,64,0.5237642585551331,0.3580521682239623,0.0,0.4285968619193595,0.7400516984622078,0.0,0.11978221415607986,2.4244001672670974,True,True,58.0,197.0,82.0,51.0,17.0,84.0,38.0,527.0
w0750_coverage_maxabs_level,random_sigma05_lr01,4,0.35657938981755016,0.5,0.1,True,750,coverage,maxabs_level,770,64,0.3659695817490494,0.36514631138150055,0.0,0.48690784560835776,0.9387045649281364,0.0,0.053246753246753244,2.6901349686297737,True,True,25.0,140.0,82.0,30.0,100.0,130.5,23.0,530.5
w0500_dense_maxabs_level,detail_sigma12_lr05_seq,4,0.298784071031234,1.2,0.5,False,500,dense,maxabs_level,774,64,0.3678707224334601,0.3969133376642297,0.0,0.42456600923830323,1.0,0.0,0.08914728682170543,2.194516780109259,True,True,59.0,56.0,82.0,66.0,37.0,107.0,135.0,542.0
w1000_detail_maxabs_level,detail_sigma12_lr05_seq,4,0.35056612696434325,1.2,0.5,False,1000,detail,maxabs_level,472,64,0.2243346007604562,0.39440485878370857,0.0,0.44052089648868803,1.0,0.0,0.11864406779661017,2.378484076144746,True,True,53.0,56.0,82.0,53.0,19.0,247.5,36.0,546.5
w0750_detail_maxabs_level,paper_sigma03_lr01_seq,4,0.3257341566942052,0.3,0.1,False,750,detail,maxabs_level,734,64,0.3488593155893536,0.37219668529447564,0.0,0.4858996299898248,1.0,0.0,0.04632152588555858,2.9042492893126117,True,True,26.0,56.0,82.0,24.0,128.5,154.0,82.0,552.5
w0300_dense_maxabs_level,paper_sigma03_lr01_seq,4,0.3340674558936301,0.3,0.1,False,300,dense,maxabs_level,682,64,0.3241444866920152,0.3599087636258659,0.0,0.4890139554817755,0.9696608206215949,0.0,0.06598240469208211,2.9855163032215493,True,True,22.0,129.0,82.0,21.0,62.0,177.0,63.0,556.0
w0300_dense_maxabs_level,random_sigma12_lr03,4,0.37029569993587313,1.2,0.3,True,300,dense,maxabs_level,682,64,0.3241444866920152,0.3584013033433859,0.0,0.4503852000000266,0.8477408839282746,0.0,0.13049853372434017,2.3053782789861246,True,True,47.0,172.0,82.0,58.0,13.0,177.0,14.0,563.0
w0300_detail_z_level,paper_sigma05_lr01_seq,4,0.3401287667896546,0.5,0.1,False,300,detail,z_level,1325,64,0.6297528517110266,1.7127296069177718,0.0,0.31940414940736317,1.0,0.0,0.04,2.039854220507465,True,True,85.0,56.0,82.0,80.0,171.0,36.5,55.0,565.5
w0300_dense_maxabs_level,random_sigma05_lr01,4,0.34688167567300937,0.5,0.1,True,300,dense,maxabs_level,682,64,0.3241444866920152,0.3572929318487862,0.0,0.4775463240601364,0.8833352855997081,0.0,0.07331378299120235,2.9702184338056243,True,True,31.0,164.0,82.0,22.0,50.0,177.0,43.0,569.0
w0750_detail_maxabs_level,random_sigma05_lr01,4,0.3526322082849371,0.5,0.1,True,750,detail,maxabs_level,734,64,0.3488593155893536,0.37075942282519014,0.0,0.4810744555902924,0.9216078048792568,0.0,0.05449591280653951,2.680567146523486,True,True,28.0,148.0,82.0,33.0,96.5,154.0,30.0,571.5
w0750_dense_maxabs_level,detail_sigma12_lr05_seq,5,0.34576541415206186,1.2,0.5,False,750,dense,maxabs_level,576,64,0.2737642585551331,0.3386138770714818,0.0,0.3918328212130214,1.0,0.0,0.07291666666666667,2.192146771256185,True,True,72.0,56.0,82.0,67.0,51.0,200.0,46.0,574.0
w1000_coverage_maxabs_level,detail_sigma12_lr05_seq,4,0.32608086934187047,1.2,0.5,False,1000,coverage,maxabs_level,489,64,0.2324144486692015,0.3903242596906342,0.0,0.4063417460880176,1.0,0.0,0.15950920245398773,2.279687159782381,True,True,68.0,56.0,82.0,60.0,6.0,223.5,80.0,575.5
w1000_dense_maxabs_level,detail_sigma12_lr05_seq,4,0.3474812430054814,1.2,0.5,False,1000,dense,maxabs_level,379,64,0.1801330798479087,0.388962564080703,0.0,0.40874476791704784,1.0,0.0,0.158311345646438,2.183097216511173,True,True,64.0,56.0,82.0,68.0,7.0,271.0,40.0,588.0
w0500_dense_maxabs_level,random_sigma05_lr01,4,0.33305408758184357,0.5,0.1,True,500,dense,maxabs_level,774,64,0.3678707224334601,0.3841483590520448,0.0,0.4594807753831871,0.8966664106867799,0.0,0.05167958656330749,2.686217157135428,True,True,40.0,160.0,82.0,32.0,106.5,107.0,64.0,591.5
w0500_coverage_maxabs_level,paper_sigma05_lr03_seq,4,0.26146499614048796,0.5,0.3,False,500,coverage,maxabs_level,1198,64,0.5693916349809885,0.3644334897480307,0.0,0.5054670678504963,1.0,0.0,0.038397328881469114,3.296893570616737,True,True,17.0,56.0,82.0,5.0,185.0,60.5,193.0,598.5
w0300_coverage_z_level,paper_sigma05_lr01_seq,4,0.28795096972445305,0.5,0.1,False,300,coverage,z_level,1590,64,0.7557034220532319,1.7628279333401018,0.0,0.35181735455163915,1.0,0.0,0.04213836477987421,2.1100028670985744,True,True,74.0,56.0,82.0,74.0,159.0,12.5,155.0,612.5
w0750_dense_maxabs_level,paper_sigma03_lr01_seq,4,0.34008690938770375,0.3,0.1,False,750,dense,maxabs_level,576,64,0.2737642585551331,0.38478548179017236,0.0,0.473428869389759,1.0,0.0,0.043402777777777776,2.577273929247238,True,True,32.0,56.0,82.0,39.0,148.0,200.0,56.0,613.0
w1000_detail_maxabs_level,paper_sigma05_lr01_seq,4,0.3304711303634508,0.5,0.1,False,1000,detail,maxabs_level,472,64,0.2243346007604562,0.3952740218511146,0.0,0.512692981127662,1.0,0.0,0.04449152542372881,3.1920203357645502,True,True,13.0,56.0,82.0,8.0,143.0,247.5,71.0,620.5
w0750_coverage_maxabs_level,paper_sigma03_lr01_seq,4,0.336668592504586,0.3,0.1,False,750,coverage,maxabs_level,770,64,0.3659695817490494,0.37227854525441073,0.0,0.4919518504120274,0.9764846622485376,0.0,0.03766233766233766,2.7742749527050536,True,True,21.0,128.0,82.0,28.0,187.0,130.5,59.0,635.5
w0750_coverage_maxabs_level,detail_sigma12_lr05_seq,5,0.31159231791706943,1.2,0.5,False,750,coverage,maxabs_level,770,64,0.3659695817490494,0.33739855585039846,0.0,0.4059688034073763,1.0,0.0,0.06233766233766234,1.6774835006131954,True,True,70.0,56.0,82.0,122.0,71.0,130.5,108.0,639.5
w0500_detail_z_level,paper_sigma05_lr01_seq,4,0.37983557166242526,0.5,0.1,False,500,detail,z_level,1102,64,0.5237642585551331,1.7285138883535707,0.0,0.29413118744726857,1.0,0.0,0.032667876588021776,1.9270286927529383,True,True,102.0,56.0,82.0,93.0,218.5,84.0,10.0,645.5
w0300_coverage_z_level_d1,paper_sigma03_lr01_seq,4,0.3167885279250973,0.3,0.1,False,300,coverage,z_level_d1,1590,127,0.7557034220532319,0.5490909846670232,0.0,0.19007026725732198,1.0,0.0,0.04905660377358491,1.243781422568429,True,True,146.5,56.0,82.0,146.0,113.5,12.5,99.0,655.5
w0500_dense_maxabs_level,paper_sigma03_lr01_seq,4,0.28795357067189803,0.3,0.1,False,500,dense,maxabs_level,774,64,0.3678707224334601,0.3889047865206623,0.0,0.4592383156658735,0.9982651180305457,0.0,0.050387596899224806,2.494717609180858,True,True,41.0,116.0,82.0,45.0,110.5,107.0,154.0,655.5
w1000_coverage_maxabs_level,paper_sigma05_lr03_seq,3,0.3256321718503459,0.5,0.3,False,1000,coverage,maxabs_level,489,64,0.2324144486692015,0.454218626962981,0.8098159509202454,0.5402038602512143,1.0,0.0,0.12269938650306748,3.488487534143663,True,True,2.0,56.0,273.0,2.0,16.0,223.5,83.0,655.5
w0750_coverage_maxabs_level,random_sigma12_lr03,5,0.3612074916530955,1.2,0.3,True,750,coverage,maxabs_level,770,64,0.3659695817490494,0.32691574830049863,0.0,0.40601950312353813,0.8190963982788463,0.0,0.048051948051948054,2.304765983899777,True,True,69.0,177.0,82.0,59.0,120.5,130.5,22.0,660.0
w1000_coverage_maxabs_level,random_sigma12_lr03,4,0.34698357902382854,1.2,0.3,True,1000,coverage,maxabs_level,489,64,0.2324144486692015,0.3929313949529852,0.0,0.4298514569185218,0.8133161402460383,0.0,0.12883435582822086,2.2048620952872504,True,True,57.0,178.0,82.0,64.0,15.0,223.5,42.0,661.5
w0500_detail_z_level,paper_sigma05_lr03_seq,4,0.3812233705860804,0.5,0.3,False,500,detail,z_level,1102,64,0.5237642585551331,1.7508085966365614,0.0,0.293838928484744,1.0,0.0,0.03176043557168784,1.8335858291387195,True,True,103.0,56.0,82.0,103.0,227.5,84.0,9.0,664.5
w0500_detail_z_level,detail_sigma12_lr05_seq,4,0.3653636820581198,1.2,0.5,False,500,detail,z_level,1102,64,0.5237642585551331,1.7840011208166187,0.0,0.2345584361442109,1.0,0.0,0.041742286751361164,1.5549915741616804,True,True,131.0,56.0,82.0,133.0,161.0,84.0,18.0,665.0
w0300_detail_z_level,paper_sigma03_lr01_seq,4,0.33128347730003377,0.3,0.1,False,300,detail,z_level,1325,64,0.6297528517110266,1.7164335965598057,0.0,0.3254706961549806,0.9668885847427688,0.0,0.038490566037735846,2.02334867579989,True,True,82.0,131.0,82.0,82.0,183.5,36.5,70.0,667.0
w0750_dense_maxabs_level,paper_sigma05_lr01_seq,4,0.33511301083406814,0.5,0.1,False,750,dense,maxabs_level,576,64,0.2737642585551331,0.3811381825550087,0.0,0.4697703346515584,0.9570241459388379,0.0,0.04861111111111111,2.5708572554652687,True,True,35.0,135.0,82.0,40.0,117.0,200.0,62.0,671.0
w1000_dense_maxabs_level,random_sigma12_lr03,4,0.3629247912101286,1.2,0.3,True,1000,dense,maxabs_level,379,64,0.1801330798479087,0.39500506146054326,0.0,0.421618974635752,0.9096052520961182,0.0,0.15567282321899736,2.0890946168872335,True,True,61.0,153.0,82.0,77.0,8.0,271.0,19.0,671.0
w0750_detail_maxabs_level,random_sigma12_lr03,5,0.3284595192835392,1.2,0.3,True,750,detail,maxabs_level,734,64,0.3488593155893536,0.32956154642301916,0.0,0.4077584123732107,0.855406392282435,0.0,0.05994550408719346,2.255030155838791,True,True,65.0,171.0,82.0,62.0,76.0,154.0,73.0,683.0
w0750_dense_maxabs_level,random_sigma05_lr01,4,0.33568763772979654,0.5,0.1,True,750,dense,maxabs_level,576,64,0.2737642585551331,0.3813417553924426,0.0,0.4658831891900659,0.9176435044085309,0.0,0.04861111111111111,2.542921372391553,True,True,37.0,150.0,82.0,42.0,117.0,200.0,61.0,689.0
w0500_dense_z_level,paper_sigma05_lr03_seq,4,0.4272218203741705,0.5,0.3,False,500,dense,z_level,774,64,0.3678707224334601,1.6714683743379903,0.0,0.26745283060715686,1.0,0.0,0.029715762273901807,1.9675938062790326,True,True,113.0,56.0,82.0,83.0,248.5,107.0,1.0,690.5
w0500_coverage_z_level,paper_sigma03_lr01_seq,4,0.3160859008428791,0.3,0.1,False,500,coverage,z_level,1198,64,0.5693916349809885,1.7921486311211285,0.0,0.3366963602852879,0.9995108172288498,0.0,0.034223706176961605,2.1559208023357046,True,True,75.5,115.0,82.0,69.0,201.0,60.5,100.0,703.0
w0300_coverage_z_level,detail_sigma12_lr05_seq,5,0.3281788783876699,1.2,0.5,False,300,coverage,z_level,1590,64,0.7557034220532319,1.6997194958909214,0.012578616352201259,0.23828048505668079,1.0,0.0,0.04779874213836478,1.6193117510388446,True,True,129.0,56.0,182.0,128.0,122.0,12.5,76.0,705.5
w0750_dense_maxabs_level,random_sigma12_lr03,5,0.34329285368531026,1.2,0.3,True,750,dense,maxabs_level,576,64,0.2737642585551331,0.3388653757194465,0.0,0.3942708732601574,0.862447677703313,0.0,0.06076388888888889,2.2074513776107487,True,True,71.0,170.0,82.0,63.0,73.5,200.0,49.0,708.5
w0300_coverage_z_level,paper_sigma03_lr01_seq,4,0.2938502188859325,0.3,0.1,False,300,coverage,z_level,1590,64,0.7557034220532319,1.7688830649347287,0.0,0.35948320440748377,0.8765196405374874,0.0,0.04213836477987421,2.1552229270030154,True,True,73.0,168.0,82.0,71.0,159.0,12.5,147.0,712.5
w1000_detail_maxabs_level,random_sigma12_lr03,4,0.3175643630126958,1.2,0.3,True,1000,detail,maxabs_level,472,64,0.2243346007604562,0.3921779541413813,0.0,0.4167497371376718,0.8087508160872757,0.0,0.1461864406779661,2.519352429921417,True,True,62.0,181.0,82.0,43.0,9.0,247.5,97.0,721.5
w0750_detail_maxabs_level,detail_sigma12_lr05_seq,5,0.28511365066903194,1.2,0.5,False,750,detail,maxabs_level,734,64,0.3488593155893536,0.35331000671305435,0.0027247956403269754,0.406551849100942,1.0,0.0,0.0653950953678474,2.333710130130496,True,True,67.0,56.0,164.0,57.0,66.0,154.0,159.0,723.0
w0500_dense_maxabs_level,random_sigma12_lr03,5,0.3071103923232875,1.2,0.3,True,500,dense,maxabs_level,774,64,0.3678707224334601,0.3413337176743052,0.0,0.4122984796070819,0.7794124524358746,0.0,0.05167958656330749,2.2749036296089673,True,True,63.0,189.0,82.0,61.0,106.5,107.0,119.0,727.5
w1000_coverage_maxabs_level,random_sigma05_lr01,4,0.31957704989629504,0.5,0.1,True,1000,coverage,maxabs_level,489,64,0.2324144486692015,0.399587184989029,0.0,0.5102365309785929,0.8770825673123704,0.0,0.044989775051124746,3.108232051646581,True,True,14.0,167.0,82.0,13.0,136.5,223.5,93.0,729.0
w0300_coverage_z_level_d1,detail_sigma12_lr05_seq,4,0.21911298137536378,1.2,0.5,False,300,coverage,z_level_d1,1590,127,0.7557034220532319,0.5813696764316475,0.0,0.19826247697055827,1.0,0.0,0.06540880503144654,1.4513201272772194,True,True,140.0,56.0,82.0,136.0,65.0,12.5,240.0,731.5
w1000_detail_maxabs_level,paper_sigma05_lr03_seq,4,0.32824574846831295,0.5,0.3,False,1000,detail,maxabs_level,472,64,0.2243346007604562,0.3979147822221163,0.0,0.5241190230359357,1.0,0.0,0.02754237288135593,3.1365842353360027,True,True,4.0,56.0,82.0,11.0,260.0,247.5,74.0,734.5
w0300_detail_z_level,random_sigma05_lr01,4,0.31931178406535493,0.5,0.1,True,300,detail,z_level,1325,64,0.6297528517110266,1.7081736745691765,0.0,0.320013107518904,0.7981078882601972,0.0,0.038490566037735846,2.1028942929791326,True,True,83.0,184.0,82.0,76.0,183.5,36.5,95.0,740.0
w1000_detail_maxabs_level,paper_sigma03_lr01_seq,4,0.3263354017191386,0.3,0.1,False,1000,detail,maxabs_level,472,64,0.2243346007604562,0.3962205716261369,0.0,0.5232614347292738,0.9963579114570855,0.0,0.03389830508474576,3.1841710562276986,True,True,5.0,120.0,82.0,9.0,204.5,247.5,79.0,747.0
w0750_coverage_maxabs_level,paper_sigma05_lr03_seq,4,0.283292316279059,0.5,0.3,False,750,coverage,maxabs_level,770,64,0.3659695817490494,0.3993423973385601,0.0,0.5016693859254828,1.0,0.0,0.02987012987012987,2.3768800825822662,True,True,20.0,56.0,82.0,54.0,246.5,130.5,162.0,751.0
w0750_detail_z_level,paper_sigma03_lr01_seq,4,0.3542082702486183,0.3,0.1,False,750,detail,z_level,734,64,0.3488593155893536,1.7686748276268902,0.0,0.2594604774089541,1.0,0.0,0.0326975476839237,1.8804787850916584,True,True,122.5,56.0,82.0,98.0,215.0,154.0,27.0,754.5
w0300_coverage_maxabs_level,paper_sigma05_lr03_seq,5,0.28297258957030047,0.5,0.3,False,300,coverage,maxabs_level,1590,64,0.7557034220532319,0.2794251385052354,0.35660377358490564,0.4872980326997242,0.9995637721574946,0.0,0.03773584905660377,3.0631756131017127,True,True,24.0,112.0,244.0,14.0,186.0,12.5,163.0,755.5
w0750_detail_z_level,paper_sigma05_lr01_seq,4,0.353620603948631,0.5,0.1,False,750,detail,z_level,734,64,0.3488593155893536,1.7691944793792582,0.0,0.2594604774089541,1.0,0.0,0.0326975476839237,1.8803366887007535,True,True,122.5,56.0,82.0,99.0,215.0,154.0,28.0,756.5
w1000_coverage_maxabs_level,paper_sigma05_lr01_seq,4,0.3044015585936954,0.5,0.1,False,1000,coverage,maxabs_level,489,64,0.2324144486692015,0.39694989884770454,0.0,0.5136961124311561,0.9928972101310464,0.0,0.03885480572597137,3.060312573099243,True,True,12.0,123.0,82.0,15.0,180.0,223.5,124.0,759.5
w0300_coverage_z_level_d1,paper_sigma05_lr01_seq,4,0.31429344894246874,0.5,0.1,False,300,coverage,z_level_d1,1590,127,0.7557034220532319,0.5491206087620341,0.0,0.19007026725732198,0.8983804215249457,0.0,0.04905660377358491,1.2437811493069597,True,True,146.5,158.0,82.0,147.0,113.5,12.5,103.0,762.5
w0500_detail_z_level,paper_sigma03_lr01_seq,4,0.3815950312887146,0.3,0.1,False,500,detail,z_level,1102,64,0.5237642585551331,1.7283986197866519,0.0,0.2917783015037634,0.8123093635363973,0.0,0.032667876588021776,1.9486128898416155,True,True,104.0,179.0,82.0,87.0,218.5,84.0,8.0,762.5
w0750_detail_z_level,detail_sigma12_lr05_seq,3,0.346340833248881,1.2,0.5,False,750,detail,z_level,734,64,0.3488593155893536,2.0308761408154457,0.01907356948228883,0.3037845173391035,1.0,0.0,0.04632152588555858,1.9151546786965328,True,True,93.0,56.0,196.0,94.0,128.5,154.0,44.0,765.5
w0500_detail_z_level,random_sigma05_lr01,4,0.3562502387634367,0.5,0.1,True,500,detail,z_level,1102,64,0.5237642585551331,1.765377898711432,0.0,0.30778582591181997,0.8216585042737483,0.0,0.03176043557168784,1.9648411883421981,True,True,92.0,176.0,82.0,84.0,227.5,84.0,24.0,769.5
w0750_coverage_z_level,paper_sigma05_lr01_seq,4,0.3406284636164782,0.5,0.1,False,750,coverage,z_level,770,64,0.3659695817490494,1.774181030973668,0.0,0.26647068192879436,1.0,0.0,0.032467532467532464,1.7614693281890001,True,True,115.0,56.0,82.0,115.0,221.0,130.5,54.0,773.5
w0500_detail_maxabs_level,paper_sigma05_lr01_seq,5,0.3259545216578429,0.5,0.1,False,500,detail,maxabs_level,1102,64,0.5237642585551331,0.31289710999888054,0.1442831215970962,0.4444710687028293,0.9995584865149373,0.0,0.039927404718693285,2.4912083271080565,True,True,51.0,113.0,227.0,47.0,172.5,84.0,81.0,775.5
w1000_coverage_z_level,detail_sigma12_lr05_seq,3,0.42697111931728515,1.2,0.5,False,1000,coverage,z_level,489,64,0.2324144486692015,2.130123253484734,0.018404907975460124,0.31835197433318474,1.0,0.0,0.049079754601226995,1.833427944903562,True,True,87.0,56.0,192.5,104.0,112.0,223.5,2.0,777.0
w0500_coverage_maxabs_level,paper_sigma03_lr01_seq,5,0.3252683130073837,0.3,0.1,False,500,coverage,maxabs_level,1198,64,0.5693916349809885,0.3091178859052624,0.3614357262103506,0.4579977205958107,0.9549411562274374,0.0,0.03923205342237062,2.604818644884834,True,True,43.0,136.0,245.0,38.0,175.5,60.5,84.0,782.0
w1000_detail_maxabs_level,random_sigma05_lr01,4,0.30745723367377625,0.5,0.1,True,1000,detail,maxabs_level,472,64,0.2243346007604562,0.3966614341086829,0.0,0.5066188547943201,0.9116684197178255,0.0,0.0423728813559322,3.1121427054551787,True,True,16.0,152.0,82.0,12.0,155.0,247.5,118.0,782.5
w0500_coverage_z_level,paper_sigma05_lr01_seq,4,0.289983069363095,0.5,0.1,False,500,coverage,z_level,1198,64,0.5693916349809885,1.7928412709360606,0.0,0.3366963602852879,0.93624076580596,0.0,0.034223706176961605,2.155917521955698,True,True,75.5,142.0,82.0,70.0,201.0,60.5,152.0,783.0
w0500_coverage_z_level,random_sigma12_lr03,4,0.34740518307031726,1.2,0.3,True,500,coverage,z_level,1198,64,0.5693916349809885,1.8285150991975645,0.0,0.2981674214273198,0.5907067984024573,0.0,0.041736227045075125,1.7703696809519465,True,True,99.0,229.0,82.0,112.0,162.0,60.5,41.0,785.5
w1000_dense_maxabs_level,paper_sigma05_lr03_seq,3,0.2743875743218891,0.5,0.3,False,1000,dense,maxabs_level,379,64,0.1801330798479087,0.45540562603104623,0.7783641160949868,0.5271876298891122,1.0,0.0,0.13192612137203166,3.5838560825014065,True,True,3.0,56.0,272.0,1.0,12.0,271.0,176.0,791.0
w0300_coverage_z_level_d1_d2,paper_sigma05_lr01_seq,4,0.3416182799156647,0.5,0.1,False,300,coverage,z_level_d1_d2,1590,189,0.7557034220532319,1.1615176288421798,0.0,0.055374736475480656,1.0,0.0,0.05157232704402516,0.5900846643385821,True,True,238.0,56.0,82.0,243.0,108.0,12.5,53.0,792.5
w0750_detail_z_level,paper_sigma05_lr03_seq,4,0.3758337133271756,0.5,0.3,False,750,detail,z_level,734,64,0.3488593155893536,1.8104098615708426,0.0,0.22683352804118279,1.0,0.0,0.0326975476839237,1.3973971470674855,True,True,133.0,56.0,82.0,141.0,215.0,154.0,12.0,793.0
w0300_coverage_z_level_d1,random_sigma05_lr01,4,0.29139560386175173,0.5,0.1,True,300,coverage,z_level_d1,1590,127,0.7557034220532319,0.550020591178904,0.0,0.19324155559007358,0.8860529604317691,0.0,0.05220125786163522,1.2710429297089345,True,True,142.0,163.0,82.0,144.0,104.0,12.5,148.0,795.5
w0300_dense_z_level,paper_sigma05_lr01_seq,4,0.34978471552108475,0.5,0.1,False,300,dense,z_level,682,64,0.3241444866920152,1.5961757868011128,0.0,0.2991099227602389,1.0,0.0,0.026392961876832845,1.9381893323763213,True,True,97.5,56.0,82.0,90.0,266.5,177.0,37.0,806.0
w0300_coverage_z_level_d1,paper_sigma05_lr03_seq,3,0.25346210157493987,0.5,0.3,False,300,coverage,z_level_d1,1590,127,0.7557034220532319,0.5954995565108642,0.00880503144654088,0.22433086549810205,1.0,0.0,0.055345911949685536,1.4018628808079758,True,True,135.0,56.0,171.0,139.0,95.0,12.5,206.0,814.5
w0300_dense_z_level,paper_sigma05_lr03_seq,4,0.3521250464800228,0.5,0.3,False,300,dense,z_level,682,64,0.3241444866920152,1.6475847347772479,0.0,0.28351011181524016,1.0,0.0,0.026392961876832845,1.8852276861159944,True,True,105.0,56.0,82.0,97.0,266.5,177.0,32.0,815.5
w0500_dense_maxabs_level,paper_sigma05_lr01_seq,5,0.32788480398524045,0.5,0.1,False,500,dense,maxabs_level,774,64,0.3678707224334601,0.33802081853312355,0.43669250645994834,0.42317445484258676,1.0,0.0,0.03617571059431524,2.1453317875501776,True,True,60.0,56.0,251.0,72.0,194.5,107.0,77.0,817.5
w0500_coverage_z_level,random_sigma05_lr01,3,0.3246588075666528,0.5,0.1,True,500,coverage,z_level,1198,64,0.5693916349809885,1.926278752846449,0.01335559265442404,0.3365037821215073,0.8981395058465425,0.0,0.03923205342237062,2.104493257281753,True,True,78.0,159.0,185.0,75.0,175.5,60.5,85.0,818.0
w0500_detail_maxabs_level,random_sigma05_lr01,5,0.31996708664798423,0.5,0.1,True,500,detail,maxabs_level,1102,64,0.5237642585551331,0.3131673370865146,0.4074410163339383,0.447703938556338,0.9389631169035124,0.0,0.04083484573502722,2.6181694592190183,True,True,50.0,139.0,249.0,36.0,168.0,84.0,92.0,818.0
w0500_detail_maxabs_level,paper_sigma03_lr01_seq,5,0.3318897201174551,0.3,0.1,False,500,detail,maxabs_level,1102,64,0.5237642585551331,0.31305773606383336,0.8557168784029038,0.44446516176249395,0.9615463450158862,0.0,0.03901996370235935,2.4912081909996293,True,True,52.0,134.0,276.0,48.0,177.5,84.0,68.0,839.5
w0750_coverage_z_level,detail_sigma12_lr05_seq,3,0.3141662456138824,1.2,0.5,False,750,coverage,z_level,770,64,0.3659695817490494,1.9910720660453725,0.011688311688311689,0.30092168479073983,1.0,0.0,0.04155844155844156,1.7828918164580663,True,True,95.0,56.0,180.0,110.0,163.5,130.5,105.0,840.0
w0300_dense_maxabs_level,paper_sigma05_lr03_seq,5,0.303843649452213,0.5,0.3,False,300,dense,maxabs_level,682,64,0.3241444866920152,0.3188366604144278,0.22727272727272727,0.46294138335504403,1.0,0.0,0.039589442815249266,2.665876449002287,True,True,39.0,56.0,236.0,34.0,174.0,177.0,125.0,841.0
w0500_coverage_z_level_d1,detail_sigma12_lr05_seq,3,0.285433537677274,1.2,0.5,False,500,coverage,z_level_d1,1198,127,0.5693916349809885,0.6361291026513265,0.02671118530884808,0.16987780694725627,1.0,0.0,0.14524207011686144,0.9621785754844949,True,True,164.0,56.0,202.0,197.0,10.0,60.5,157.0,846.5
w0750_detail_z_level,random_sigma05_lr01,4,0.38222428348840426,0.5,0.1,True,750,detail,z_level,734,64,0.3488593155893536,1.7628480071565569,0.0,0.2675153894611799,0.804907222491356,0.0,0.0326975476839237,1.8876358873242436,True,True,112.0,183.0,82.0,96.0,215.0,154.0,6.0,848.0
w0300_coverage_z_level_d1,random_sigma12_lr03,3,0.29430478560544904,1.2,0.3,True,300,coverage,z_level_d1,1590,127,0.7557034220532319,0.5829797120167977,0.010691823899371069,0.21960674386205162,0.7922342626656098,0.0,0.09937106918238994,1.1435993019471156,True,True,137.0,185.0,179.0,162.0,30.0,12.5,143.0,848.5
w0750_coverage_z_level,paper_sigma03_lr01_seq,4,0.35198104465452235,0.3,0.1,False,750,coverage,z_level,770,64,0.3659695817490494,1.771717728064931,0.0,0.2648374424899714,0.9084334361720882,0.0,0.03116883116883117,1.75978631932404,True,True,117.0,154.0,82.0,116.0,231.0,130.5,33.0,863.5
w0750_coverage_z_level,paper_sigma05_lr03_seq,3,0.3120584262571785,0.5,0.3,False,750,coverage,z_level,770,64,0.3659695817490494,1.9457636475756477,0.00909090909090909,0.3175591223648898,1.0,0.0,0.032467532467532464,1.9422978811820004,True,True,88.0,56.0,173.0,88.0,221.0,130.5,107.0,863.5
w0500_dense_z_level,random_sigma05_lr01,4,0.3689909301860797,0.5,0.1,True,500,dense,z_level,774,64,0.3678707224334601,1.6796020441618378,0.0,0.2705447538001511,0.7196069144675512,0.0,0.029715762273901807,1.831394694896913,True,True,108.0,203.0,82.0,105.0,248.5,107.0,16.0,869.5
w1000_dense_maxabs_level,random_sigma05_lr01,4,0.29421662618486116,0.5,0.1,True,1000,dense,maxabs_level,379,64,0.1801330798479087,0.407697685988886,0.0,0.5078219591221476,0.9792908899669431,0.0,0.0316622691292876,3.057234403384783,True,True,15.0,127.0,82.0,16.0,229.5,271.0,144.0,884.5
w0300_detail_z_level_d1,random_sigma12_lr03,3,0.2905866817994833,1.2,0.3,True,300,detail,z_level_d1,1325,127,0.6297528517110266,0.5920094610537852,0.010566037735849057,0.19439765137582118,0.7296798217230765,0.0,0.11018867924528301,1.14874107370251,True,True,141.0,201.0,178.0,161.0,23.0,36.5,151.0,891.5
w0300_dense_z_level_d1,detail_sigma12_lr05_seq,3,0.3003040314724049,1.2,0.5,False,300,dense,z_level_d1,682,127,0.3241444866920152,0.6024444347382298,0.010263929618768328,0.18831017879247974,1.0,0.0,0.1187683284457478,1.0064968703026556,True,True,149.0,56.0,175.0,188.0,18.0,177.0,134.0,897.0
w1000_coverage_z_level,paper_sigma05_lr03_seq,3,0.4016898003581486,0.5,0.3,False,1000,coverage,z_level,489,64,0.2324144486692015,1.986699149315384,0.02044989775051125,0.31974006772098196,1.0,0.0,0.03067484662576687,1.9356250695264152,True,True,84.0,56.0,197.0,91.0,241.0,223.5,5.0,897.5
w0500_dense_z_level,paper_sigma03_lr01_seq,4,0.40317783078141506,0.3,0.1,False,500,dense,z_level,774,64,0.3678707224334601,1.6556762806437346,0.0,0.26369439632624364,0.49918585503455465,0.0,0.031007751937984496,1.7674005624246045,True,True,120.0,248.0,82.0,113.0,234.0,107.0,4.0,908.0
w0500_detail_z_level,random_sigma12_lr03,4,0.32316031095969183,1.2,0.3,True,500,detail,z_level,1102,64,0.5237642585551331,1.802864704676945,0.0,0.2472994326645928,0.45784181148988595,0.0,0.04446460980036298,1.570407126659369,True,True,127.0,255.0,82.0,131.0,144.0,84.0,87.0,910.0
w0300_coverage_z_level,random_sigma12_lr03,5,0.2913776585145399,1.2,0.3,True,300,coverage,z_level,1590,64,0.7557034220532319,1.664242734636155,0.007547169811320755,0.2703740396930449,0.6500362834712526,0.0,0.04591194968553459,1.7038857142834012,True,True,109.0,219.0,167.5,121.0,133.0,12.5,149.0,911.0
w0500_dense_z_level,paper_sigma05_lr01_seq,4,0.3694400556785798,0.5,0.1,False,500,dense,z_level,774,64,0.3678707224334601,1.6636160696291307,0.0,0.26819280394818173,0.4551617180930642,0.0,0.031007751937984496,1.7933316401390427,True,True,111.0,257.0,82.0,109.0,234.0,107.0,15.0,915.0
w0300_detail_z_level,random_sigma12_lr03,5,0.35112475095283746,1.2,0.3,True,300,detail,z_level,1325,64,0.6297528517110266,1.5917652815961398,0.009811320754716982,0.2100266729850597,0.5901707867580037,0.0,0.04150943396226415,1.4477683977806763,True,True,138.0,230.0,174.0,137.0,165.5,36.5,35.0,916.0
w0500_coverage_z_level_d1,paper_sigma03_lr01_seq,4,0.3184172043615537,0.3,0.1,False,500,coverage,z_level_d1,1198,127,0.5693916349809885,0.5830699462788727,0.0,0.188723997360121,0.7209523350168631,0.0,0.037562604340567615,1.2284054617159224,True,True,148.0,202.0,82.0,149.0,188.0,60.5,96.0,925.5
w0500_coverage_z_level_d1,paper_sigma05_lr03_seq,3,0.2322663984454643,0.5,0.3,False,500,coverage,z_level_d1,1198,127,0.5693916349809885,0.6267911476056958,0.07262103505843072,0.19142304686925463,1.0,0.0,0.05926544240400668,1.2431339625672235,True,True,143.0,56.0,214.0,148.0,79.0,60.5,227.0,927.5
w1000_coverage_z_level_d1,detail_sigma12_lr05_seq,3,0.32411537491998355,1.2,0.5,False,1000,coverage,z_level_d1,489,127,0.2324144486692015,0.6801152740086638,0.018404907975460124,0.1774397223586015,1.0,0.0,0.08997955010224949,1.034275221982279,True,True,157.0,56.0,192.5,178.0,36.0,223.5,86.0,929.0
w0300_dense_z_level_d1,random_sigma12_lr03,4,0.3323958701725321,1.2,0.3,True,300,dense,z_level_d1,682,127,0.3241444866920152,0.5660649436219622,0.0,0.14492645264737194,0.7037279821097188,0.0,0.09530791788856305,1.0115963335100349,True,True,180.0,206.0,82.0,187.0,33.0,177.0,66.0,931.0
w0500_dense_z_level_d1,detail_sigma12_lr05_seq,4,0.18295344695856813,1.2,0.5,False,500,dense,z_level_d1,774,127,0.3678707224334601,0.6087839248271005,0.0,0.07361362755304524,1.0,0.0,0.1640826873385013,0.9147101996091813,True,True,220.0,56.0,82.0,201.0,5.0,107.0,265.0,936.0
w0300_coverage_z_level_d1_d2,random_sigma05_lr01,4,0.32300040691954685,0.5,0.1,True,300,coverage,z_level_d1_d2,1590,189,0.7557034220532319,1.1591442988703624,0.0,0.05970863032823047,0.7825644481422837,0.0,0.052830188679245285,0.6129731851505331,True,True,232.0,187.0,82.0,235.0,101.5,12.5,88.0,938.0
w0300_detail_z_level,paper_sigma05_lr03_seq,5,0.2964838151808018,0.5,0.3,False,300,detail,z_level,1325,64,0.6297528517110266,1.6595491962010556,0.1728301886792453,0.300361705871326,1.0,0.0,0.02188679245283019,1.8063341537789135,True,True,96.0,56.0,230.0,107.0,277.0,36.5,138.0,940.5
w0750_detail_z_level_d1,paper_sigma05_lr03_seq,4,0.3066589914172188,0.5,0.3,False,750,detail,z_level_d1,734,127,0.3488593155893536,0.6209315208963778,0.0,0.1768872202820666,1.0,0.0,0.0340599455040872,1.1005773488714803,True,True,158.0,56.0,82.0,168.0,203.0,154.0,120.0,941.0
w0500_coverage_z_level_d1_d2,detail_sigma12_lr05_seq,4,0.22221828095346569,1.2,0.5,False,500,coverage,z_level_d1_d2,1198,189,0.5693916349809885,1.2169129327269217,0.0,0.04683544462708825,1.0,0.0,0.11435726210350584,0.6451380252638882,True,True,263.0,56.0,82.0,229.0,21.0,60.5,234.0,945.5
w0300_detail_z_level,detail_sigma12_lr05_seq,5,0.25323162570352653,1.2,0.5,False,300,detail,z_level,1325,64,0.6297528517110266,1.6598996336145038,0.017358490566037735,0.2290929970804586,1.0,0.0,0.036226415094339624,1.5530611812672195,True,True,132.0,56.0,191.0,134.0,193.0,36.5,207.0,949.5
w0300_dense_z_level,detail_sigma12_lr05_seq,4,0.2556542498253423,1.2,0.5,False,300,dense,z_level,682,64,0.3241444866920152,1.7300769495404307,0.0,0.18821163872792634,1.0,0.0,0.04252199413489736,1.6140060243203689,True,True,150.0,56.0,82.0,129.0,154.0,177.0,203.0,951.0
w1000_detail_z_level,paper_sigma03_lr01_seq,4,0.32906468305027997,0.3,0.1,False,1000,detail,z_level,472,64,0.2243346007604562,1.8227329582415175,0.0,0.26701481488781076,1.0,0.0,0.02754237288135593,1.6388745273322352,True,True,114.0,56.0,82.0,126.0,260.0,247.5,72.0,957.5
w0300_detail_z_level_d1,paper_sigma05_lr01_seq,4,0.28191303942644025,0.5,0.1,False,300,detail,z_level_d1,1325,127,0.6297528517110266,0.561086195090356,0.0,0.18583303723191832,0.527138193482703,0.0,0.046037735849056606,1.1654082437045614,True,True,152.0,240.0,82.0,155.0,131.5,36.5,165.0,962.0
w0500_detail_z_level_d1,random_sigma12_lr03,4,0.3269170840627293,1.2,0.3,True,500,detail,z_level_d1,1102,127,0.5237642585551331,0.596086576263721,0.0,0.12810818631945398,0.4134039389340045,0.0,0.08711433756805807,0.7719966476541067,True,True,199.0,265.0,82.0,215.0,40.0,84.0,78.0,963.0
w0300_dense_z_level_d1,paper_sigma05_lr01_seq,4,0.26560702979636946,0.5,0.1,False,300,dense,z_level_d1,682,127,0.3241444866920152,0.5567507763664695,0.0,0.15444244966793405,0.9657194958315474,0.0,0.0718475073313783,1.1571451578567837,True,True,172.0,133.0,82.0,157.0,55.0,177.0,188.0,964.0
w0750_coverage_z_level_d1,paper_sigma03_lr01_seq,3,0.29406235963699245,0.3,0.1,False,750,coverage,z_level_d1,770,127,0.3659695817490494,0.6309144353349782,0.01038961038961039,0.19104343176380165,0.996700665424506,0.0,0.05584415584415584,1.156527380549323,True,True,144.0,118.0,177.0,158.0,93.0,130.5,145.0,965.5
w0500_coverage_z_level,paper_sigma05_lr03_seq,4,0.22417232320977515,0.5,0.3,False,500,coverage,z_level,1198,64,0.5693916349809885,1.9042741428104317,0.0,0.2978990845632892,0.8770960903294673,0.0,0.030884808013355594,1.9301470381635786,True,True,100.0,166.0,82.0,92.0,237.0,60.5,231.0,968.5
w0300_coverage_z_level,random_sigma05_lr01,5,0.3079565765504596,0.5,0.1,True,300,coverage,z_level,1590,64,0.7557034220532319,1.6231564114745438,0.7031446540880503,0.2969894111144843,0.6786883807638437,0.0,0.04213836477987421,1.8572202689181685,True,True,101.0,213.0,269.0,101.0,159.0,12.5,115.0,970.5
w0300_detail_z_level_d1,random_sigma05_lr01,4,0.2817497115924918,0.5,0.1,True,300,detail,z_level_d1,1325,127,0.6297528517110266,0.5576001919496992,0.0,0.17466141589512824,0.4301185363754587,0.0,0.04830188679245283,1.2506022695550025,True,True,160.0,262.0,82.0,145.0,119.0,36.5,166.0,970.5
w0300_dense_z_level,random_sigma05_lr01,4,0.33163279646531657,0.5,0.1,True,300,dense,z_level,682,64,0.3241444866920152,1.6003321889556181,0.0,0.303763898352244,0.7356630957454176,0.0,0.026392961876832845,1.9628833487646598,True,True,94.0,199.0,82.0,85.0,266.5,177.0,69.0,972.5
w0750_dense_z_level,paper_sigma05_lr03_seq,4,0.30852623334898827,0.5,0.3,False,750,dense,z_level,576,64,0.2737642585551331,1.7059264318242604,0.0,0.24421745187197327,1.0,0.0,0.022569444444444444,1.66257035092356,True,True,128.0,56.0,82.0,123.0,276.0,200.0,113.0,978.0
w0300_coverage_z_level_d1_d2,paper_sigma03_lr01_seq,3,0.3655452100221691,0.3,0.1,False,300,coverage,z_level_d1_d2,1590,189,0.7557034220532319,1.1830523794695438,0.007547169811320755,0.08076682632404485,0.4440644477678927,0.0,0.057232704402515724,0.6662599185523508,True,True,217.0,260.0,167.5,219.0,87.0,12.5,17.0,980.0
w0500_coverage_z_level,detail_sigma12_lr05_seq,5,0.24773151525153403,1.2,0.5,False,500,coverage,z_level,1198,64,0.5693916349809885,1.7816473752606468,0.0642737896494157,0.22392271515208442,1.0,0.0,0.0333889816360601,1.847184733438511,True,True,136.0,56.0,211.0,102.0,210.0,60.5,211.0,986.5
w0750_coverage_z_level,random_sigma05_lr01,4,0.3105208301484324,0.5,0.1,True,750,coverage,z_level,770,64,0.3659695817490494,1.8098851535832965,0.0,0.2728912705215674,0.5974712122233982,0.0,0.032467532467532464,1.7811681605404297,True,True,107.0,226.0,82.0,111.0,221.0,130.5,109.0,986.5
w1000_dense_z_level,paper_sigma05_lr03_seq,3,0.37509679200967017,0.5,0.3,False,1000,dense,z_level,379,64,0.1801330798479087,1.9378460108001752,0.0079155672823219,0.30901373813387184,1.0,0.0,0.021108179419525065,1.8028268128489913,True,True,91.0,56.0,169.0,108.0,279.0,271.0,13.0,987.0
w0750_detail_maxabs_level,paper_sigma05_lr03_seq,5,0.25937766757661607,0.5,0.3,False,750,detail,maxabs_level,734,64,0.3488593155893536,0.34671725674693377,0.2098092643051771,0.4724680411323324,1.0,0.0,0.017711171662125342,2.6889872867864546,True,True,33.0,56.0,234.0,31.0,281.0,154.0,199.0,988.0
w1000_detail_z_level_d1,detail_sigma12_lr05_seq,3,0.3033419174817297,1.2,0.5,False,1000,detail,z_level_d1,472,127,0.2243346007604562,0.6687925097307176,0.012711864406779662,0.17573026408771106,1.0,0.0,0.07203389830508475,1.111832224581571,True,True,159.0,56.0,183.0,166.0,53.0,247.5,127.0,991.5
w0300_dense_z_level,paper_sigma03_lr01_seq,4,0.351621250822813,0.3,0.1,False,300,dense,z_level,682,64,0.3241444866920152,1.5953482411834345,0.0,0.2991099227602389,0.4899276747759904,0.0,0.026392961876832845,1.9381894788426148,True,True,97.5,251.0,82.0,89.0,266.5,177.0,34.0,997.0
w1000_coverage_z_level,random_sigma12_lr03,3,0.35612541937751385,1.2,0.3,True,1000,coverage,z_level,489,64,0.2324144486692015,2.079968710940416,0.024539877300613498,0.31206552142768657,0.6952384006391455,0.0,0.044989775051124746,1.7624610951502817,True,True,90.0,208.0,200.0,114.0,136.5,223.5,25.0,997.0
w0300_coverage_z_level_d1_d2,paper_sigma05_lr03_seq,3,0.2614183703459275,0.5,0.3,False,300,coverage,z_level_d1_d2,1590,189,0.7557034220532319,1.2025192253056638,0.06415094339622641,0.08059538513050271,1.0,0.0,0.0559748427672956,0.7004691731924119,True,True,218.0,56.0,210.0,218.0,90.0,12.5,194.0,998.5
w1000_dense_z_level_d1,paper_sigma05_lr03_seq,4,0.33636547152573854,0.5,0.3,False,1000,dense,z_level_d1,379,127,0.1801330798479087,0.6284898183486674,0.0,0.13472975545472934,1.0,0.0,0.04221635883905013,1.0270037767456246,True,True,197.0,56.0,82.0,180.0,156.5,271.0,60.0,1002.5
w0500_dense_z_level,detail_sigma12_lr05_seq,5,0.2764096081196814,1.2,0.5,False,500,dense,z_level,774,64,0.3678707224334601,1.6266844050304492,0.0103359173126615,0.17797938720022152,1.0,0.0,0.03617571059431524,1.3888528323348006,True,True,156.0,56.0,176.0,143.0,194.5,107.0,173.0,1005.5
w1000_dense_z_level,paper_sigma05_lr01_seq,4,0.3227531829578329,0.5,0.1,False,1000,dense,z_level,379,64,0.1801330798479087,1.7890896677085775,0.0,0.26250130295035967,1.0,0.0,0.026385224274406333,1.6285799805445476,True,True,121.0,56.0,82.0,127.0,270.5,271.0,89.0,1016.5
w1000_detail_z_level,paper_sigma05_lr03_seq,3,0.30781363145060736,0.5,0.3,False,1000,detail,z_level,472,64,0.2243346007604562,2.0059923872807803,0.01694915254237288,0.32624750351902004,1.0,0.0,0.029661016949152543,1.9121391953699043,True,True,81.0,56.0,190.0,95.0,251.5,247.5,116.0,1037.0
w0500_detail_z_level_d1_d2,detail_sigma12_lr05_seq,4,0.19630969929973946,1.2,0.5,False,500,detail,z_level_d1_d2,1102,189,0.5237642585551331,1.2105078599476726,0.0,0.051515582356534806,1.0,0.0,0.06987295825771325,0.569635712192929,True,True,248.0,56.0,82.0,250.0,59.0,84.0,259.0,1038.0
w1000_coverage_z_level_d1,paper_sigma05_lr03_seq,4,0.30234816999715114,0.5,0.3,False,1000,coverage,z_level_d1,489,127,0.2324144486692015,0.6330347017294622,0.0,0.18361254347891223,1.0,0.0,0.03067484662576687,1.173555006306417,True,True,153.0,56.0,82.0,154.0,241.0,223.5,130.0,1039.5
w0300_detail_z_level_d1_d2,paper_sigma05_lr03_seq,4,0.2099769752779454,0.5,0.3,False,300,detail,z_level_d1_d2,1325,189,0.6297528517110266,1.1823804437266272,0.0,0.06619524796070161,1.0,0.0,0.040754716981132075,0.6566458209222253,True,True,226.0,56.0,82.0,223.0,169.5,36.5,249.0,1042.0
w0300_detail_z_level_d1_d2,paper_sigma05_lr01_seq,4,0.2763102028981081,0.5,0.1,False,300,detail,z_level_d1_d2,1325,189,0.6297528517110266,1.1593295340299574,0.0,0.059854316450982575,0.9962476157531714,0.0,0.046037735849056606,0.5372664053730662,True,True,230.0,121.0,82.0,268.0,131.5,36.5,174.0,1043.0
w1000_detail_z_level,paper_sigma05_lr01_seq,4,0.3193715535527198,0.5,0.1,False,1000,detail,z_level,472,64,0.2243346007604562,1.8150275594801129,0.0,0.2641031301693964,0.9834422574947975,0.0,0.029661016949152543,1.6402612485720323,True,True,119.0,125.0,82.0,125.0,251.5,247.5,94.0,1044.0
w0300_coverage_z_level,paper_sigma05_lr03_seq,5,0.24368819372573547,0.5,0.3,False,300,coverage,z_level,1590,64,0.7557034220532319,1.7189884202700954,0.6276729559748427,0.33044345898423716,0.92358016186347,0.0,0.02830188679245283,2.11656088702138,True,True,79.0,146.0,265.0,73.0,255.0,12.5,215.0,1045.5
w0300_dense_z_level_d1,random_sigma05_lr01,4,0.2718826605403885,0.5,0.1,True,300,dense,z_level_d1,682,127,0.3241444866920152,0.5558116241228381,0.0,0.15964529576474526,0.5346262871444741,0.0,0.0718475073313783,1.1920574085674318,True,True,170.0,239.0,82.0,151.0,55.0,177.0,180.0,1054.0
w0750_detail_z_level,random_sigma12_lr03,4,0.26823908920650047,1.2,0.3,True,750,detail,z_level,734,64,0.3488593155893536,1.865079759481221,0.0,0.23613422740080448,0.6582626697592936,0.0,0.04087193460490463,1.732808128674101,True,True,130.0,217.0,82.0,119.0,167.0,154.0,185.0,1054.0
w0500_detail_z_level_d1,paper_sigma05_lr01_seq,4,0.2694963364257779,0.5,0.1,False,500,detail,z_level_d1,1102,127,0.5237642585551331,0.5811677200224705,0.0,0.1421353698997045,0.8113993213732416,0.0,0.0426497277676951,1.0036842602233333,True,True,185.0,180.0,82.0,189.0,153.0,84.0,183.0,1056.0
w0750_dense_maxabs_level,paper_sigma05_lr03_seq,5,0.23272067795345253,0.5,0.3,False,750,dense,maxabs_level,576,64,0.2737642585551331,0.3624084546915495,0.09895833333333333,0.4674442221224802,1.0,0.0,0.015625,2.6179635115156206,True,True,36.0,56.0,221.0,37.0,282.0,200.0,226.0,1058.0
w0750_coverage_z_level_d1,paper_sigma05_lr01_seq,4,0.28908088858767916,0.5,0.1,False,750,coverage,z_level_d1,770,127,0.3659695817490494,0.6025732234469476,0.0,0.13975713731722256,0.8864286167214487,0.0,0.04155844155844156,1.0248552172598218,True,True,190.0,161.0,82.0,181.0,163.5,130.5,153.0,1061.0
w0300_coverage_z_level_d1_d2,random_sigma12_lr03,4,0.28040254942141757,1.2,0.3,True,300,coverage,z_level_d1_d2,1590,189,0.7557034220532319,1.1843679991586629,0.0,0.04992259589850075,0.4217214978504879,0.0,0.07924528301886792,0.5767503073489063,True,True,255.0,263.0,82.0,247.0,45.0,12.5,169.0,1073.5
w1000_dense_z_level,paper_sigma03_lr01_seq,4,0.3322059259755101,0.3,0.1,False,1000,dense,z_level,379,64,0.1801330798479087,1.7869227752057717,0.0,0.2646709393838553,0.9535204298386827,0.0,0.023746701846965697,1.6411296106482063,True,True,118.0,137.0,82.0,124.0,275.0,271.0,67.0,1074.0
w0750_detail_z_level_d1,paper_sigma05_lr01_seq,4,0.2197947561009796,0.5,0.1,False,750,detail,z_level_d1,734,127,0.3488593155893536,0.6032929763853189,0.0,0.13467672403460057,0.9827686313289621,0.0,0.051771117166212535,1.051735892624303,True,True,198.0,126.0,82.0,175.0,105.0,154.0,237.0,1077.0
w0300_coverage_z_level_d1_d2,detail_sigma12_lr05_seq,5,0.2562317053278452,1.2,0.5,False,300,coverage,z_level_d1_d2,1590,189,0.7557034220532319,1.188555698541085,0.15283018867924528,0.05072137336184101,1.0,0.0,0.0509433962264151,0.6641129297233362,True,True,252.0,56.0,228.0,220.0,109.0,12.5,202.0,1079.5
w1000_dense_maxabs_level,paper_sigma05_lr01_seq,5,0.29750741939132064,0.5,0.1,False,1000,dense,maxabs_level,379,64,0.1801330798479087,0.3493865097496611,0.0,0.4479127729286473,0.6948448842590663,0.0,0.021108179419525065,2.3725320056330097,True,True,49.0,209.0,82.0,55.0,279.0,271.0,136.0,1081.0
w0300_dense_z_level_d1_d2,paper_sigma05_lr01_seq,4,0.2940299078545208,0.5,0.1,False,300,dense,z_level_d1_d2,682,189,0.3241444866920152,1.1528658883292981,0.0,0.05058173174600204,0.9947960679442,0.0,0.08357771260997067,0.5535913250752981,True,True,253.0,122.0,82.0,262.0,41.0,177.0,146.0,1083.0
w0500_dense_z_level_d1,random_sigma12_lr03,3,0.24111438186109116,1.2,0.3,True,500,dense,z_level_d1,774,127,0.3678707224334601,0.6127152915155426,0.00904392764857881,0.15805079141825468,0.6089112052427118,0.0,0.16795865633074936,0.9927328047362601,True,True,171.0,224.0,172.0,192.0,3.0,107.0,220.0,1089.0
w0300_detail_z_level_d1,detail_sigma12_lr05_seq,5,0.20099975749520205,1.2,0.5,False,300,detail,z_level_d1,1325,127,0.6297528517110266,0.5617628474299176,0.061886792452830186,0.1507456615709312,1.0,0.0,0.04150943396226415,0.9424040770218012,True,True,174.0,56.0,208.0,199.0,165.5,36.5,252.0,1091.0
w0750_coverage_z_level_d1,detail_sigma12_lr05_seq,5,0.3282281519729232,1.2,0.5,False,750,coverage,z_level_d1,770,127,0.3659695817490494,0.5955005899750001,0.07142857142857142,0.10996115400213989,1.0,0.0,0.03506493506493506,0.8391186568500568,True,True,210.0,56.0,213.0,210.0,197.0,130.5,75.0,1091.5
w1000_dense_maxabs_level,paper_sigma03_lr01_seq,5,0.2846067907951394,0.3,0.1,False,1000,dense,maxabs_level,379,64,0.1801330798479087,0.35313090192342117,0.0,0.45908526683856987,0.6753880348391537,0.0,0.021108179419525065,2.4938704199927026,True,True,42.0,214.0,82.0,46.0,279.0,271.0,160.0,1094.0
w1000_coverage_z_level,paper_sigma05_lr01_seq,3,0.273636045473731,0.5,0.1,False,1000,coverage,z_level,489,64,0.2324144486692015,2.0016752575132295,0.022494887525562373,0.3186821808837062,0.9963769038114337,0.0,0.032719836400818,2.025689744228438,True,True,86.0,119.0,198.5,81.0,211.5,223.5,177.0,1096.5
w0500_detail_z_level_d1,random_sigma05_lr01,4,0.2824631187134003,0.5,0.1,True,500,detail,z_level_d1,1102,127,0.5237642585551331,0.5823158036343321,0.0,0.16041166823886424,0.49216280275550534,0.0,0.036297640653357534,1.1586594419929823,True,True,169.0,250.0,82.0,156.0,192.0,84.0,164.0,1097.0
w1000_coverage_z_level_d1_d2,paper_sigma03_lr01_seq,3,0.3521708499985129,0.3,0.1,False,1000,coverage,z_level_d1_d2,489,189,0.2324144486692015,1.2129175479969363,0.012269938650306749,0.07283277739939041,1.0,0.0,0.04294478527607362,0.6183503829990821,True,True,221.0,56.0,181.0,234.0,150.5,223.5,31.0,1097.0
w0300_detail_z_level_d1_d2,detail_sigma12_lr05_seq,5,0.264600677018653,1.2,0.5,False,300,detail,z_level_d1_d2,1325,189,0.6297528517110266,1.185086705016849,0.06716981132075471,0.03968999559876815,1.0,0.0,0.06415094339622641,0.5547032601398657,True,True,272.0,56.0,212.0,261.0,70.0,36.5,191.0,1098.5
w0300_detail_z_level_d1_d2,random_sigma05_lr01,4,0.2722763369429059,0.5,0.1,True,300,detail,z_level_d1_d2,1325,189,0.6297528517110266,1.1576110884368571,0.0,0.05817018778463072,0.779709067681556,0.0,0.04377358490566038,0.6061449342737137,True,True,234.0,188.0,82.0,237.0,145.0,36.5,179.0,1101.5
w0750_dense_z_level,paper_sigma05_lr01_seq,4,0.26487358317336146,0.5,0.1,False,750,dense,z_level,576,64,0.2737642585551331,1.6667302997714109,0.0,0.2530103927180493,0.9686148862386751,0.0,0.027777777777777776,1.7174431909317471,True,True,125.0,130.0,82.0,120.0,257.0,200.0,189.0,1103.0
w0750_coverage_z_level_d1_d2,detail_sigma12_lr05_seq,4,0.20916199209713743,1.2,0.5,False,750,coverage,z_level_d1_d2,770,189,0.3659695817490494,1.2252729248939285,0.0,0.038204315177330264,1.0,0.0,0.07272727272727272,0.5382033131199964,True,True,273.0,56.0,82.0,267.0,52.0,130.5,250.0,1110.5
w1000_detail_z_level,random_sigma12_lr03,3,0.30581763366095027,1.2,0.3,True,1000,detail,z_level,472,64,0.2243346007604562,2.035352626298518,0.019067796610169493,0.31282480941190344,0.6886200326444268,0.0,0.046610169491525424,1.7449972336350372,True,True,89.0,212.0,194.5,118.0,127.0,247.5,123.0,1111.0
w0500_coverage_z_level_d1_d2,paper_sigma05_lr01_seq,4,0.22403512534751807,0.5,0.1,False,500,coverage,z_level_d1_d2,1198,189,0.5693916349809885,1.1750611427322277,0.0,0.051190840606115534,0.9318344040329896,0.0,0.052587646076794656,0.5958366448093787,True,True,251.0,145.0,82.0,240.0,103.0,60.5,232.0,1113.5
w1000_coverage_z_level,random_sigma05_lr01,3,0.2710922227383127,0.5,0.1,True,1000,coverage,z_level,489,64,0.2324144486692015,2.0165851731196778,0.022494887525562373,0.33650398874272597,0.922216866960684,0.0,0.032719836400818,2.0808846974383757,True,True,77.0,147.0,198.5,78.0,211.5,223.5,181.0,1116.5
w0300_detail_z_level_d1,paper_sigma03_lr01_seq,5,0.28089188961410794,0.3,0.1,False,300,detail,z_level_d1,1325,127,0.6297528517110266,0.5355734292770223,0.4430188679245283,0.16795360696106115,0.8863884501421507,0.0,0.040754716981132075,1.1200147082805048,True,True,165.0,162.0,253.0,164.0,169.5,36.5,168.0,1118.0
w0750_coverage_z_level_d1,random_sigma12_lr03,4,0.25978660258552294,1.2,0.3,True,750,coverage,z_level_d1,770,127,0.3659695817490494,0.6141842949673466,0.0,0.12349723458595534,0.41459285188516576,0.0,0.08831168831168831,0.8552284428850875,True,True,204.0,264.0,82.0,204.0,39.0,130.5,197.0,1120.5
w0750_dense_z_level,detail_sigma12_lr05_seq,5,0.28163829538791463,1.2,0.5,False,750,dense,z_level,576,64,0.2737642585551331,1.6407818387903073,0.008680555555555556,0.17060814743375832,1.0,0.0,0.034722222222222224,1.104660965408062,True,True,163.0,56.0,170.0,167.0,199.0,200.0,167.0,1122.0
w1000_coverage_maxabs_level,paper_sigma03_lr01_seq,5,0.3098865830931177,0.3,0.1,False,1000,coverage,maxabs_level,489,64,0.2324144486692015,0.3482946562625523,0.8650306748466258,0.4342271143845462,0.917335785628047,0.0,0.026584867075664622,2.4970591958824526,True,True,55.0,151.0,278.0,44.0,263.0,223.5,111.0,1125.5
w1000_coverage_z_level,paper_sigma03_lr01_seq,4,0.3033741673311446,0.3,0.1,False,1000,coverage,z_level,489,64,0.2324144486692015,1.8622577796831785,0.0,0.277047107803599,0.5011341357332113,0.0,0.03067484662576687,1.877099109808787,True,True,106.0,247.0,82.0,100.0,241.0,223.5,126.0,1125.5
w0750_detail_z_level_d1,paper_sigma03_lr01_seq,4,0.21924548928569793,0.3,0.1,False,750,detail,z_level_d1,734,127,0.3488593155893536,0.6050017035482147,0.0,0.13594996800482506,0.937070588379875,0.0,0.04495912806539509,1.0309353373781882,True,True,193.0,141.0,82.0,179.0,138.0,154.0,239.0,1126.0
w1000_dense_z_level,random_sigma05_lr01,4,0.3210988564742036,0.5,0.1,True,1000,dense,z_level,379,64,0.1801330798479087,1.801077125600186,0.0,0.2696224464472229,0.7441268596345029,0.0,0.026385224274406333,1.822771304170542,True,True,110.0,196.0,82.0,106.0,270.5,271.0,91.0,1126.5
w0500_dense_z_level,random_sigma12_lr03,5,0.2971095712252819,1.2,0.3,True,500,dense,z_level,774,64,0.3678707224334601,1.5906528313740183,0.00516795865633075,0.19082411558986004,0.47403578160100474,0.0,0.03875968992248062,1.3896342079809114,True,True,145.0,252.0,165.0,142.0,182.0,107.0,137.0,1130.0
w1000_dense_z_level,detail_sigma12_lr05_seq,5,0.3026960545948084,1.2,0.5,False,1000,dense,z_level,379,64,0.1801330798479087,1.7246233992204523,0.03430079155672823,0.17200915520119003,1.0,0.0,0.04221635883905013,1.151245956158426,True,True,162.0,56.0,205.0,160.0,156.5,271.0,129.0,1139.5
w0750_dense_z_level,paper_sigma03_lr01_seq,4,0.25224412992252904,0.3,0.1,False,750,dense,z_level,576,64,0.2737642585551331,1.6710659085059907,0.0,0.2565589493127372,0.949033873965749,0.0,0.026041666666666668,1.7577262893758174,True,True,124.0,138.0,82.0,117.0,272.5,200.0,208.0,1141.5
w1000_coverage_z_level_d1_d2,detail_sigma12_lr05_seq,4,0.2059904469286949,1.2,0.5,False,1000,coverage,z_level_d1_d2,489,189,0.2324144486692015,1.2344922493465955,0.0,0.04409201282549826,1.0,0.0,0.09202453987730061,0.6459015385864704,True,True,267.0,56.0,82.0,228.0,34.0,223.5,251.0,1141.5
w0750_coverage_z_level_d1_d2,paper_sigma05_lr03_seq,3,0.24697093462016953,0.5,0.3,False,750,coverage,z_level_d1_d2,770,189,0.3659695817490494,1.2221377970848706,0.08311688311688312,0.06949652953296652,1.0,0.0,0.05974025974025974,0.651649455171065,True,True,225.0,56.0,219.0,226.0,77.0,130.5,212.0,1145.5
w0750_dense_z_level_d1_d2,paper_sigma05_lr03_seq,4,0.18190224011538475,0.5,0.3,False,750,dense,z_level_d1_d2,576,189,0.2737642585551331,1.1936595196082405,0.0,0.04713142981220237,1.0,0.0,0.08333333333333333,0.5959542016802913,True,True,261.0,56.0,82.0,239.0,42.0,200.0,266.0,1146.0
w1000_detail_z_level,random_sigma05_lr01,3,0.30599623270973153,0.5,0.1,True,1000,detail,z_level,472,64,0.2243346007604562,1.9770861956816184,0.019067796610169493,0.3277388543351046,0.7400247655161999,0.0,0.03177966101694915,1.9507927659122122,True,True,80.0,198.0,194.5,86.0,225.0,247.5,122.0,1153.0
w1000_detail_z_level,detail_sigma12_lr05_seq,5,0.2960681199934092,1.2,0.5,False,1000,detail,z_level,472,64,0.2243346007604562,1.833093572009236,0.014830508474576272,0.2488054660660814,1.0,0.0,0.02754237288135593,1.415437028751314,True,True,126.0,56.0,188.0,138.0,260.0,247.5,139.0,1154.5
w0500_detail_z_level_d1,paper_sigma05_lr03_seq,5,0.30131077075432033,0.5,0.3,False,500,detail,z_level_d1,1102,127,0.5237642585551331,0.5668723069048729,0.5408348457350273,0.1370838936896886,1.0,0.0,0.030852994555353903,0.9639954928778794,True,True,192.0,56.0,260.0,196.0,238.0,84.0,133.0,1159.0
w0500_detail_z_level_d1_d2,paper_sigma05_lr03_seq,3,0.2126894807925014,0.5,0.3,False,500,detail,z_level_d1_d2,1102,189,0.5237642585551331,1.2113974758516548,0.0780399274047187,0.07276232510200872,1.0,0.0,0.05353901996370236,0.6108897328685444,True,True,222.0,56.0,217.0,236.0,99.0,84.0,245.0,1159.0
w0750_detail_z_level_d1,random_sigma12_lr03,4,0.19756000984527794,1.2,0.3,True,750,detail,z_level_d1,734,127,0.3488593155893536,0.6153850932341516,0.0,0.12181659918005508,0.5560485023736582,0.0,0.10354223433242507,0.8758775749193125,True,True,205.0,236.0,82.0,202.0,26.0,154.0,257.0,1162.0
w0500_detail_z_level_d1,detail_sigma12_lr05_seq,5,0.23780451757216914,1.2,0.5,False,500,detail,z_level_d1,1102,127,0.5237642585551331,0.5844338164578821,0.1161524500907441,0.11765084387316563,1.0,0.0,0.039927404718693285,0.9731464512449033,True,True,209.0,56.0,224.0,194.0,172.5,84.0,223.0,1162.5
w0500_dense_z_level_d1_d2,detail_sigma12_lr05_seq,3,0.11078873215919008,1.2,0.5,False,500,dense,z_level_d1_d2,774,189,0.3678707224334601,1.2272029398209723,0.32558139534883723,0.05887477327954584,1.0,0.0,0.22739018087855298,0.5868767994050632,True,True,233.0,56.0,240.0,244.0,1.0,107.0,282.0,1163.0
w0750_dense_z_level,random_sigma05_lr01,4,0.27549357453790463,0.5,0.1,True,750,dense,z_level,576,64,0.2737642585551331,1.6895547171752574,0.0,0.2664095141335809,0.777604681435211,0.0,0.026041666666666668,1.6087088840293724,True,True,116.0,191.0,82.0,130.0,272.5,200.0,175.0,1166.5
w0750_coverage_z_level,random_sigma12_lr03,5,0.3030682793861894,1.2,0.3,True,750,coverage,z_level,770,64,0.3659695817490494,1.7354423680981825,0.014285714285714285,0.2059028111479243,0.38972705933467194,0.0,0.03636363636363636,1.5684973174615173,True,True,139.0,270.0,186.5,132.0,191.0,130.5,128.0,1177.0
w0300_detail_z_level_d1,paper_sigma05_lr03_seq,5,0.25955442526928174,0.5,0.3,False,300,detail,z_level_d1,1325,127,0.6297528517110266,0.552828015733674,0.9690566037735849,0.162711556828952,1.0,0.0,0.027924528301886794,1.014601319349338,True,True,167.0,56.0,282.0,185.0,256.0,36.5,198.0,1180.5
w0750_detail_z_level_d1,random_sigma05_lr01,4,0.19376398327051642,0.5,0.1,True,750,detail,z_level_d1,734,127,0.3488593155893536,0.6067779912623106,0.0,0.1394833507015882,0.8077525141504914,0.0,0.047683923705722074,0.9998525141736382,True,True,191.0,182.0,82.0,190.0,123.0,154.0,261.0,1183.0
w0500_detail_z_level_d1,paper_sigma03_lr01_seq,5,0.3090327207499929,0.3,0.1,False,500,detail,z_level_d1,1102,127,0.5237642585551331,0.5587772258744587,0.5362976406533575,0.1436234363579766,0.839548256559843,0.0,0.03357531760435572,1.0658806260282223,True,True,181.0,173.0,259.0,172.0,209.0,84.0,112.0,1190.0
w0300_detail_z_level_d1_d2,paper_sigma03_lr01_seq,3,0.3017745219023852,0.3,0.1,False,300,detail,z_level_d1_d2,1325,189,0.6297528517110266,1.181256182203717,0.8445283018867924,0.08252553621321183,0.3919110523385145,0.0,0.07622641509433963,0.7317736190662439,True,True,216.0,269.0,275.0,217.0,47.5,36.5,132.0,1193.0
w0750_dense_z_level_d1,paper_sigma03_lr01_seq,4,0.21594638355859747,0.3,0.1,False,750,dense,z_level_d1,576,127,0.2737642585551331,0.5983930045717863,0.0,0.13484744346120536,0.6620297859168475,0.0,0.06597222222222222,0.9787955259289433,True,True,196.0,215.0,82.0,193.0,63.5,200.0,244.0,1193.5
w1000_detail_z_level_d1,paper_sigma03_lr01_seq,4,0.2947452590828246,0.3,0.1,False,1000,detail,z_level_d1,472,127,0.2243346007604562,0.6225455253571385,0.0,0.18112457411809763,0.764632999055161,0.0,0.03177966101694915,1.189623343600653,True,True,154.0,194.0,82.0,152.0,225.0,247.5,141.0,1195.5
w0750_dense_z_level_d1,paper_sigma05_lr03_seq,4,0.19255025875564175,0.5,0.3,False,750,dense,z_level_d1,576,127,0.2737642585551331,0.6166796976917956,0.0,0.13555987939890868,0.7581637850194526,0.0,0.06076388888888889,0.9704830201053607,True,True,194.0,195.0,82.0,195.0,73.5,200.0,262.0,1201.5
w0500_dense_z_level_d1_d2,paper_sigma05_lr01_seq,4,0.20008771576935797,0.5,0.1,False,500,dense,z_level_d1_d2,774,189,0.3678707224334601,1.167551777346415,0.0,0.05288433143289785,0.7695161620337304,0.0,0.059431524547803614,0.5747428836384862,True,True,243.0,193.0,82.0,249.0,78.0,107.0,254.0,1206.0
w0750_dense_z_level_d1,paper_sigma05_lr01_seq,4,0.18989647015217342,0.5,0.1,False,750,dense,z_level_d1,576,127,0.2737642585551331,0.5985520360625229,0.0,0.13493327601587007,0.6966602137665611,0.0,0.06597222222222222,0.9468084685241939,True,True,195.0,207.0,82.0,198.0,63.5,200.0,263.0,1208.5
w1000_dense_z_level_d1_d2,detail_sigma12_lr05_seq,4,0.19702345468040589,1.2,0.5,False,1000,dense,z_level_d1_d2,379,189,0.1801330798479087,1.2163156846055594,0.0,0.03256515587158415,1.0,0.0,0.17678100263852242,0.5516739314370362,True,True,280.0,56.0,82.0,264.0,2.0,271.0,258.0,1213.0
w1000_dense_z_level_d1,paper_sigma03_lr01_seq,3,0.2845598435960659,0.3,0.1,False,1000,dense,z_level_d1,379,127,0.1801330798479087,0.6501785034976632,0.9340369393139841,0.17296653223634387,1.0,0.0,0.047493403693931395,1.091620779712961,True,True,161.0,56.0,281.0,170.0,124.5,271.0,161.0,1224.5
w0500_coverage_z_level_d1,paper_sigma05_lr01_seq,5,0.2632961970363237,0.5,0.1,False,500,coverage,z_level_d1,1198,127,0.5693916349809885,0.5558715665631935,0.2003338898163606,0.15318101931329922,0.7118709434441155,0.0,0.034223706176961605,1.140395957174426,True,True,173.0,205.0,231.0,163.0,201.0,60.5,192.0,1225.5
w0500_coverage_z_level_d1,random_sigma12_lr03,5,0.2554285867966033,1.2,0.3,True,500,coverage,z_level_d1,1198,127,0.5693916349809885,0.5704467270005885,0.055926544240400666,0.14824839217375493,0.44508917442081114,0.0,0.04340567612687813,1.0668025020645169,True,True,177.0,259.0,207.0,171.0,147.0,60.5,204.0,1225.5
w0500_dense_z_level_d1,paper_sigma05_lr03_seq,5,0.2785674899021514,0.5,0.3,False,500,dense,z_level_d1,774,127,0.3678707224334601,0.5700023563183799,0.2157622739018088,0.14883690077122672,0.9667720729739623,0.0,0.031007751937984496,1.0597567273555608,True,True,176.0,132.0,235.0,174.0,234.0,107.0,171.0,1229.0
w0500_detail_z_level_d1_d2,random_sigma12_lr03,4,0.17635968767408877,1.2,0.3,True,500,detail,z_level_d1_d2,1102,189,0.5237642585551331,1.1964575240112438,0.0,0.037030413897072754,0.5146875913214369,0.0,0.1297640653357532,0.5256416967210561,True,True,274.0,242.0,82.0,272.0,14.0,84.0,268.0,1236.0
w0750_dense_z_level_d1,detail_sigma12_lr05_seq,5,0.2111925455224043,1.2,0.5,False,750,dense,z_level_d1,576,127,0.2737642585551331,0.6132002909937228,0.2569444444444444,0.09295372355500908,1.0,0.0,0.0642361111111111,0.7461907276861761,True,True,214.0,56.0,237.0,216.0,69.0,200.0,247.0,1239.0
w0500_coverage_z_level_d1_d2,paper_sigma05_lr03_seq,5,0.2604116106214962,0.5,0.3,False,500,coverage,z_level_d1_d2,1198,189,0.5693916349809885,1.176499426956079,0.5258764607679466,0.05014047847717557,1.0,0.0,0.03589315525876461,0.6530521199735639,True,True,254.0,56.0,257.0,225.0,196.0,60.5,195.0,1243.5
w1000_coverage_z_level_d1,random_sigma05_lr01,4,0.29457262468044193,0.5,0.1,True,1000,coverage,z_level_d1,489,127,0.2324144486692015,0.6193844400941377,0.0,0.14177836698553128,0.47179910877717424,0.0,0.03885480572597137,1.0343257167517312,True,True,186.0,253.0,82.0,177.0,180.0,223.5,142.0,1243.5
w0500_dense_z_level_d1_d2,random_sigma05_lr01,4,0.19990372173623655,0.5,0.1,True,500,dense,z_level_d1_d2,774,189,0.3678707224334601,1.1682899726900402,0.0,0.04932019696719673,0.5160320770933451,0.0,0.08010335917312661,0.5587099436537348,True,True,257.0,241.0,82.0,258.0,44.0,107.0,255.0,1244.0
w0750_detail_z_level_d1_d2,paper_sigma05_lr01_seq,4,0.2248079024622332,0.5,0.1,False,750,detail,z_level_d1_d2,734,189,0.3488593155893536,1.1808693493796998,0.0,0.05362672865460839,0.6246910324553709,0.0,0.06948228882833787,0.5605546949755276,True,True,241.0,222.0,82.0,256.0,60.5,154.0,229.0,1244.5
w1000_detail_z_level_d1_d2,detail_sigma12_lr05_seq,3,0.25750541492377643,1.2,0.5,False,1000,detail,z_level_d1_d2,472,189,0.2243346007604562,1.2520419510161178,0.08050847457627118,0.06449920067073711,1.0,0.0,0.0614406779661017,0.6632801516996059,True,True,229.0,56.0,218.0,222.0,72.0,247.5,200.0,1244.5
w0750_dense_z_level_d1_d2,paper_sigma05_lr01_seq,4,0.16171103954610616,0.5,0.1,False,750,dense,z_level_d1_d2,576,189,0.2737642585551331,1.1729421832359788,0.0,0.05238150583353813,0.9328150974615297,0.0,0.09027777777777778,0.5314673499782475,True,True,245.0,144.0,82.0,270.0,35.0,200.0,274.0,1250.0
w0500_coverage_z_level_d1,random_sigma05_lr01,5,0.2731710299076462,0.5,0.1,True,500,coverage,z_level_d1,1198,127,0.5693916349809885,0.554949181526055,0.17028380634390652,0.1489215529233877,0.7311517428712414,0.0,0.03005008347245409,1.095727541089306,True,True,175.0,200.0,229.0,169.0,244.0,60.5,178.0,1255.5
w0500_coverage_z_level_d1_d2,random_sigma12_lr03,4,0.19793042753675122,1.2,0.3,True,500,coverage,z_level_d1_d2,1198,189,0.5693916349809885,1.1979580166720352,0.0,0.045893518371469454,0.36868163980292473,0.0,0.07512520868113523,0.5322042859198441,True,True,265.0,274.0,82.0,269.0,49.0,60.5,256.0,1255.5
w1000_dense_z_level_d1,paper_sigma05_lr01_seq,4,0.2160145460463631,0.5,0.1,False,1000,dense,z_level_d1,379,127,0.1801330798479087,0.6196540296078651,0.0,0.12593095399992818,0.9970912119456319,0.0,0.044854881266490766,0.9262246669666852,True,True,202.0,117.0,82.0,200.0,140.5,271.0,243.0,1255.5
w1000_detail_z_level_d1,random_sigma12_lr03,4,0.24513332331741483,1.2,0.3,True,1000,detail,z_level_d1,472,127,0.2243346007604562,0.6334819722238674,0.0,0.12702401190296483,0.37864844735079917,0.0,0.09533898305084745,0.8415029717322439,True,True,200.0,272.0,82.0,209.0,32.0,247.5,214.0,1256.5
w0500_coverage_z_level_d1_d2,random_sigma05_lr01,4,0.2461337380018092,0.5,0.1,True,500,coverage,z_level_d1_d2,1198,189,0.5693916349809885,1.1766999429862544,0.0,0.052925727989442596,0.34379469558352255,0.0,0.045075125208681135,0.566953581276209,True,True,242.0,278.0,82.0,251.0,135.0,60.5,213.0,1261.5
w0750_coverage_z_level_d1_d2,random_sigma05_lr01,4,0.23913301596554476,0.5,0.1,True,750,coverage,z_level_d1_d2,770,189,0.3659695817490494,1.184285892694029,0.0,0.05138946076883899,0.5849559168122523,0.0,0.05584415584415584,0.5627383435766785,True,True,249.0,231.0,82.0,255.0,93.0,130.5,221.0,1261.5
w0750_coverage_z_level_d1_d2,random_sigma12_lr03,3,0.2248627625816829,1.2,0.3,True,750,coverage,z_level_d1_d2,770,189,0.3659695817490494,1.2196628956686155,0.014285714285714285,0.06515998280949004,0.610339051687979,0.0,0.1038961038961039,0.5903165918238303,True,True,228.0,223.0,186.5,242.0,25.0,130.5,228.0,1263.0
w1000_coverage_z_level_d1,paper_sigma03_lr01_seq,5,0.3159297246759005,0.3,0.1,False,1000,coverage,z_level_d1,489,127,0.2324144486692015,0.5935357161978538,0.06339468302658487,0.14325210269401434,0.9846924028022658,0.0,0.03067484662576687,1.0176165310901668,True,True,182.0,124.0,209.0,183.0,241.0,223.5,101.0,1263.5
w0300_dense_z_level_d1_d2,detail_sigma12_lr05_seq,5,0.25358786297656255,1.2,0.5,False,300,dense,z_level_d1_d2,682,189,0.3241444866920152,1.1804774068254278,0.20527859237536658,0.03324542040881111,1.0,0.0,0.07624633431085044,0.5266687372305887,True,True,279.0,56.0,232.0,271.0,46.0,177.0,205.0,1266.0
w1000_detail_z_level_d1_d2,paper_sigma03_lr01_seq,3,0.32161299359611983,0.3,0.1,False,1000,detail,z_level_d1_d2,472,189,0.2243346007604562,1.2089002314608983,0.03177966101694915,0.07158505213873206,0.9077307223443403,0.0,0.048728813559322036,0.6206326588667573,True,True,223.0,155.0,204.0,233.0,115.0,247.5,90.0,1267.5
w0500_coverage_z_level_d1_d2,paper_sigma03_lr01_seq,3,0.30625420988495544,0.3,0.1,False,500,coverage,z_level_d1_d2,1198,189,0.5693916349809885,1.1951884184549946,0.8614357262103506,0.07718624606706147,0.35947410045763334,0.0,0.05676126878130217,0.6301552034871285,True,True,219.0,276.0,277.0,231.0,88.0,60.5,121.0,1272.5
w0300_dense_z_level_d1,paper_sigma05_lr03_seq,5,0.2646950642903929,0.5,0.3,False,300,dense,z_level_d1,682,127,0.3241444866920152,0.5501124282620897,0.532258064516129,0.166959228857289,1.0,0.0,0.024926686217008796,1.1515328290783708,True,True,166.0,56.0,258.0,159.0,274.0,177.0,190.0,1280.0
w0300_dense_z_level,random_sigma12_lr03,5,0.28742965866684667,1.2,0.3,True,300,dense,z_level,682,64,0.3241444866920152,1.5154840915867562,0.016129032258064516,0.22439368358992165,0.6352874003943457,0.0,0.026392961876832845,1.397558416628737,True,True,134.0,220.0,189.0,140.0,266.5,177.0,156.0,1282.5
w0750_detail_z_level_d1_d2,random_sigma12_lr03,4,0.21105042182045092,1.2,0.3,True,750,detail,z_level_d1_d2,734,189,0.3488593155893536,1.203388737246775,0.0,0.04723561830187966,0.3799418280248681,0.0,0.1008174386920981,0.5803447483240415,True,True,260.0,271.0,82.0,246.0,28.0,154.0,248.0,1289.0
w1000_coverage_z_level_d1_d2,paper_sigma05_lr01_seq,4,0.29081459861401165,0.5,0.1,False,1000,coverage,z_level_d1_d2,489,189,0.2324144486692015,1.1871487855590783,0.0,0.05180039580732627,0.827003246398899,0.0,0.04294478527607362,0.5519642305513086,True,True,247.0,174.0,82.0,263.0,150.5,223.5,150.0,1290.0
w0500_detail_z_level_d1_d2,random_sigma05_lr01,4,0.21125129261256287,0.5,0.1,True,500,detail,z_level_d1_d2,1102,189,0.5237642585551331,1.1754765179520836,0.0,0.04940422583651033,0.5793634016011299,0.0,0.04627949183303085,0.5492657196831866,True,True,256.0,232.0,82.0,265.0,130.0,84.0,246.0,1295.0
w0750_coverage_z_level_d1_d2,paper_sigma05_lr01_seq,4,0.23539669218363807,0.5,0.1,False,750,coverage,z_level_d1_d2,770,189,0.3659695817490494,1.1822251043759402,0.0,0.04786454255649624,0.5362057686425453,0.0,0.05584415584415584,0.5080708194091673,True,True,259.0,237.0,82.0,277.0,93.0,130.5,225.0,1303.5
w0750_dense_z_level,random_sigma12_lr03,5,0.20023390229400162,1.2,0.3,True,750,dense,z_level,576,64,0.2737642585551331,1.6423176382182396,0.006944444444444444,0.18726682001739925,0.6610395500822214,0.0,0.036458333333333336,1.531752882664261,True,True,151.0,216.0,166.0,135.0,190.0,200.0,253.0,1311.0
w0750_dense_z_level_d1_d2,random_sigma05_lr01,4,0.17383302142392149,0.5,0.1,True,750,dense,z_level_d1_d2,576,189,0.2737642585551331,1.1754015092758923,0.0,0.05244828301118656,0.6898696745933233,0.0,0.07118055555555555,0.57598121079757,True,True,244.0,211.0,82.0,248.0,57.5,200.0,270.0,1312.5
w0750_dense_z_level_d1_d2,detail_sigma12_lr05_seq,6,0.17957539533568945,1.2,0.5,False,750,dense,z_level_d1_d2,576,189,0.2737642585551331,1.1928082764187116,0.026041666666666668,0.026162244791563243,1.0,0.0,0.07118055555555555,0.5650481489282835,True,True,281.0,56.0,201.0,254.0,57.5,200.0,267.0,1316.5
w0750_detail_z_level_d1_d2,random_sigma05_lr01,4,0.22381390614841917,0.5,0.1,True,750,detail,z_level_d1_d2,734,189,0.3488593155893536,1.1840465798445778,0.0,0.05559182693142602,0.43947543314195353,0.0,0.055858310626702996,0.5568195280081689,True,True,237.0,261.0,82.0,259.0,91.0,154.0,233.0,1317.0
w1000_detail_z_level_d1,paper_sigma05_lr03_seq,5,0.31438888657822606,0.5,0.3,False,1000,detail,z_level_d1,472,127,0.2243346007604562,0.597952258871821,0.586864406779661,0.1408552800400296,1.0,0.0,0.02754237288135593,0.8517586255225243,True,True,188.0,56.0,262.0,206.0,260.0,247.5,102.0,1321.5
w0750_detail_z_level_d1_d2,detail_sigma12_lr05_seq,5,0.12176077288427756,1.2,0.5,False,750,detail,z_level_d1_d2,734,189,0.3488593155893536,1.2170100326359432,0.12806539509536785,0.025917817245453598,1.0,0.0,0.06948228882833787,0.5184943916264766,True,True,282.0,56.0,225.0,275.0,60.5,154.0,280.0,1332.5
w1000_coverage_z_level_d1,paper_sigma05_lr01_seq,5,0.2793144661207142,0.5,0.1,False,1000,coverage,z_level_d1,489,127,0.2324144486692015,0.5930771304081282,0.3231083844580777,0.14322006948597976,0.9357781381232457,0.0,0.034764826175869123,1.0403471252142942,True,True,183.0,143.0,239.0,176.0,198.0,223.5,170.0,1332.5
w1000_dense_z_level_d1,random_sigma05_lr01,4,0.21681663041785776,0.5,0.1,True,1000,dense,z_level_d1,379,127,0.1801330798479087,0.6192680693519131,0.0,0.1213487602882067,0.7778822942505178,0.0,0.044854881266490766,0.8478259049704852,True,True,206.0,190.0,82.0,208.0,140.5,271.0,242.0,1339.5
w0750_coverage_z_level_d1,paper_sigma05_lr03_seq,5,0.3103191025335482,0.5,0.3,False,750,coverage,z_level_d1,770,127,0.3659695817490494,0.5861700646363013,0.8792207792207792,0.1260632569710883,0.825584034916447,0.0,0.02987012987012987,0.8481369134380727,True,True,201.0,175.0,279.0,207.0,246.5,130.5,110.0,1349.0
w0300_dense_z_level_d1,paper_sigma03_lr01_seq,5,0.25704495911331804,0.3,0.1,False,300,dense,z_level_d1,682,127,0.3241444866920152,0.5386398195144294,0.32697947214076245,0.1619892666527856,0.7171956330457988,0.0,0.03372434017595308,1.1754090342515655,True,True,168.0,204.0,241.0,153.0,207.0,177.0,201.0,1351.0
w1000_coverage_z_level_d1_d2,random_sigma05_lr01,4,0.25113333181415726,0.5,0.1,True,1000,coverage,z_level_d1_d2,489,189,0.2324144486692015,1.1897309508896057,0.0,0.052036898960080145,0.6900878048480797,0.0,0.04294478527607362,0.6022503324243452,True,True,246.0,210.0,82.0,238.0,150.5,223.5,209.0,1359.0
w0750_detail_z_level_d1,detail_sigma12_lr05_seq,7,0.16673843986568626,1.2,0.5,False,750,detail,z_level_d1,734,127,0.3488593155893536,0.5699314278118282,0.388283378746594,0.0876862997453662,1.0,0.0,0.0326975476839237,0.7992657384555314,True,True,215.0,56.0,247.0,213.0,215.0,154.0,272.0,1372.0
w1000_dense_z_level,random_sigma12_lr03,5,0.295706620542033,1.2,0.3,True,1000,dense,z_level,379,64,0.1801330798479087,1.7343263128583053,0.013192612137203167,0.18045085031743774,0.5143349717533411,0.0,0.0316622691292876,1.2157348413610458,True,True,155.0,243.0,184.0,150.0,229.5,271.0,140.0,1372.5
w1000_dense_z_level_d1,detail_sigma12_lr05_seq,5,0.1519839222110495,1.2,0.5,False,1000,dense,z_level_d1,379,127,0.1801330798479087,0.6186786638824281,0.05013192612137203,0.09860023330789368,1.0,0.0,0.044854881266490766,0.7908059782312874,True,True,212.0,56.0,206.0,214.0,140.5,271.0,277.0,1376.5
w0300_detail_z_level_d1_d2,random_sigma12_lr03,5,0.24148132200772143,1.2,0.3,True,300,detail,z_level_d1_d2,1325,189,0.6297528517110266,1.1620117778923376,0.07773584905660377,0.04251261900098841,0.34618017527183875,0.0,0.052830188679245285,0.5437345400834507,True,True,270.0,277.0,216.0,266.0,101.5,36.5,217.0,1384.0
w0750_coverage_z_level_d1,random_sigma05_lr01,5,0.28531374214285143,0.5,0.1,True,750,coverage,z_level_d1,770,127,0.3659695817490494,0.5813462108601368,0.8376623376623377,0.14022686117801209,0.5050085596268665,0.0,0.033766233766233764,1.0116359801257828,True,True,189.0,245.0,274.0,186.0,206.0,130.5,158.0,1388.5
w0500_dense_z_level_d1,random_sigma05_lr01,5,0.24122605077274017,0.5,0.1,True,500,dense,z_level_d1,774,127,0.3678707224334601,0.5599678792965634,0.6950904392764858,0.1468549291489026,0.6305855005786064,0.0,0.03229974160206718,1.0645775559457809,True,True,179.0,221.0,268.0,173.0,223.0,107.0,218.0,1389.0
w0500_dense_z_level_d1,paper_sigma05_lr01_seq,5,0.2201513698979496,0.5,0.1,False,500,dense,z_level_d1,774,127,0.3678707224334601,0.5603961209750163,0.4702842377260982,0.14733255361742872,0.6524116576213763,0.0,0.031007751937984496,1.1185446087018405,True,True,178.0,218.0,254.0,165.0,234.0,107.0,236.0,1392.0
w0750_coverage_z_level_d1_d2,paper_sigma03_lr01_seq,3,0.2671386963203529,0.3,0.1,False,750,coverage,z_level_d1_d2,770,189,0.3659695817490494,1.2037588313832837,0.6194805194805195,0.07153273869976585,0.4028315791326785,0.0,0.05844155844155844,0.5942958256783768,True,True,224.0,266.0,264.0,241.0,82.0,130.5,186.0,1393.5
w1000_coverage_z_level_d1,random_sigma12_lr03,5,0.27690715648741127,1.2,0.3,True,1000,coverage,z_level_d1,489,127,0.2324144486692015,0.6078229276733369,0.028629856850715747,0.12389929460427654,0.5349090155264039,0.0,0.04294478527607362,0.8545339652573806,True,True,203.0,238.0,203.0,205.0,150.5,223.5,172.0,1395.0
w0300_dense_z_level_d1_d2,paper_sigma05_lr03_seq,5,0.2429188795176629,0.5,0.3,False,300,dense,z_level_d1_d2,682,189,0.3241444866920152,1.160214099031912,0.20674486803519063,0.05495182937330825,1.0,0.0,0.026392961876832845,0.6548570605859715,True,True,240.0,56.0,233.0,224.0,266.5,177.0,216.0,1412.5
w0750_detail_z_level_d1_d2,paper_sigma05_lr03_seq,5,0.23667224566990763,0.5,0.3,False,750,detail,z_level_d1_d2,734,189,0.3488593155893536,1.1862134094694152,0.44141689373297005,0.04861121749683545,1.0,0.0,0.02997275204359673,0.6367788343778907,True,True,258.0,56.0,252.0,230.0,245.0,154.0,224.0,1419.0
w0500_dense_z_level_d1,paper_sigma03_lr01_seq,6,0.23864317597787255,0.3,0.1,False,500,dense,z_level_d1,774,127,0.3678707224334601,0.5462314093156291,0.3178294573643411,0.1178693940210756,0.45671213597875654,0.0,0.031007751937984496,1.0200765549845165,True,True,208.0,256.0,238.0,182.0,234.0,107.0,222.0,1447.0
w1000_detail_z_level_d1,paper_sigma05_lr01_seq,5,0.3018775545764558,0.5,0.1,False,1000,detail,z_level_d1,472,127,0.2243346007604562,0.591109728960018,0.4067796610169492,0.1421675426348,0.6074737099433366,0.0,0.03177966101694915,0.8648805653922382,True,True,184.0,225.0,248.0,203.0,225.0,247.5,131.0,1463.5
w1000_dense_z_level_d1,random_sigma12_lr03,5,0.21941411985125048,1.2,0.3,True,1000,dense,z_level_d1,379,127,0.1801330798479087,0.6146944420099123,0.07387862796833773,0.09915284016796064,0.5634641772353196,0.0,0.05804749340369393,0.823369335899526,True,True,211.0,235.0,215.0,212.0,84.0,271.0,238.0,1466.0
w1000_dense_z_level_d1_d2,random_sigma12_lr03,4,0.11131343681096995,1.2,0.3,True,1000,dense,z_level_d1_d2,379,189,0.1801330798479087,1.2068541103928079,0.0,0.043348774710436876,0.39752895424505846,0.0,0.10817941952506596,0.5221745153104986,True,True,268.0,268.0,82.0,274.0,24.0,271.0,281.0,1468.0
w1000_dense_z_level_d1_d2,paper_sigma05_lr03_seq,3,0.1536273370385914,0.5,0.3,False,1000,dense,z_level_d1_d2,379,189,0.1801330798479087,1.2199249548178464,0.9261213720316622,0.06571719839825065,1.0,0.0,0.044854881266490766,0.6635691205163311,True,True,227.0,56.0,280.0,221.0,140.5,271.0,276.0,1471.5
w1000_detail_z_level_d1_d2,random_sigma12_lr03,4,0.15671909173765747,1.2,0.3,True,1000,detail,z_level_d1_d2,472,189,0.2243346007604562,1.213428236193392,0.0,0.036691504891939064,0.33553302867272955,0.0,0.08898305084745763,0.5174368915613095,True,True,275.0,279.0,82.0,276.0,38.0,247.5,275.0,1472.5
w0750_dense_z_level_d1,random_sigma05_lr01,5,0.1750174449051265,0.5,0.1,True,750,dense,z_level_d1,576,127,0.2737642585551331,0.5850940764997394,0.515625,0.11972680163443133,0.5652486439545638,0.0,0.04861111111111111,0.9974686435165322,True,True,207.0,234.0,256.0,191.0,117.0,200.0,269.0,1474.0
w0500_detail_z_level_d1_d2,paper_sigma05_lr01_seq,5,0.26987826170674645,0.5,0.1,False,500,detail,z_level_d1_d2,1102,189,0.5237642585551331,1.1602611227504596,0.6406533575317604,0.04205097428210514,0.4631988455743245,0.0,0.03901996370235935,0.5653584464542049,True,True,271.0,254.0,266.0,253.0,177.5,84.0,182.0,1487.5
w0750_dense_z_level_d1,random_sigma12_lr03,5,0.16776963059598815,1.2,0.3,True,750,dense,z_level_d1,576,127,0.2737642585551331,0.5949855555142655,0.10416666666666667,0.09418059594396527,0.37472656478991384,0.0,0.05381944444444445,0.8367749223271567,True,True,213.0,273.0,222.0,211.0,98.0,200.0,271.0,1488.0
w0500_dense_z_level_d1_d2,random_sigma12_lr03,5,0.19427704477664987,1.2,0.3,True,500,dense,z_level_d1_d2,774,189,0.3678707224334601,1.1743034636907503,0.08656330749354005,0.03640423537648988,0.30680083543129005,0.0,0.060723514211886306,0.5017993193724825,True,True,276.0,280.0,220.0,278.0,75.0,107.0,260.0,1496.0
w1000_detail_z_level_d1_d2,paper_sigma05_lr03_seq,5,0.24816486527992754,0.5,0.3,False,1000,detail,z_level_d1_d2,472,189,0.2243346007604562,1.1844349442895918,0.5889830508474576,0.05679333886467242,1.0,0.0,0.02754237288135593,0.6214297548487063,True,True,235.0,56.0,263.0,232.0,260.0,247.5,210.0,1503.5
w1000_detail_z_level_d1,random_sigma05_lr01,5,0.26614538859592884,0.5,0.1,True,1000,detail,z_level_d1,472,127,0.2243346007604562,0.5960792971697392,0.4788135593220339,0.14173222896673013,0.5025822575059049,0.0,0.03389830508474576,1.0154343147805818,True,True,187.0,246.0,255.0,184.0,204.5,247.5,187.0,1511.0
w1000_dense_z_level_d1_d2,random_sigma05_lr01,4,0.1516186757134954,0.5,0.1,True,1000,dense,z_level_d1_d2,379,189,0.1801330798479087,1.1866541291217094,0.0,0.05119308520503932,0.45472985346507305,0.0,0.047493403693931395,0.5600218964613674,True,True,250.0,258.0,82.0,257.0,124.5,271.0,278.0,1520.5
w0300_dense_z_level_d1_d2,random_sigma12_lr03,5,0.21851890416305142,1.2,0.3,True,300,dense,z_level_d1_d2,682,189,0.3241444866920152,1.1630062165457344,0.1378299120234604,0.03445103301136401,0.40216426329852056,0.0,0.06451612903225806,0.4794304945608936,True,True,277.0,267.0,226.0,282.0,68.0,177.0,241.0,1538.0
w0500_dense_z_level_d1_d2,paper_sigma05_lr03_seq,5,0.16450706752627453,0.5,0.3,False,500,dense,z_level_d1_d2,774,189,0.3678707224334601,1.1750926774814863,0.3682170542635659,0.04578212799775844,0.4960556278489787,0.0,0.03359173126614987,0.5815888098972464,True,True,266.0,249.0,246.0,245.0,208.0,107.0,273.0,1594.0
w0750_dense_z_level_d1_d2,random_sigma12_lr03,5,0.13673511235037183,1.2,0.3,True,750,dense,z_level_d1_d2,576,189,0.2737642585551331,1.1830462878026844,0.3368055555555556,0.0333555113878012,0.2904707237757765,0.0,0.08159722222222222,0.49895149009191536,True,True,278.0,281.0,242.0,279.0,43.0,200.0,279.0,1602.0
w1000_coverage_z_level_d1_d2,paper_sigma05_lr03_seq,5,0.2691852770627592,0.5,0.3,False,1000,coverage,z_level_d1_d2,489,189,0.2324144486692015,1.182954707279292,0.7075664621676891,0.059796091578592586,0.5946094129685898,0.0,0.03067484662576687,0.6496234762593089,True,True,231.0,228.0,270.0,227.0,241.0,223.5,184.0,1604.5
w0300_dense_z_level_d1_d2,random_sigma05_lr01,6,0.2411790575740269,0.5,0.1,True,300,dense,z_level_d1_d2,682,189,0.3241444866920152,1.1301155016074882,0.33724340175953077,0.043317820197106637,0.5959194678720117,0.0,0.02932551319648094,0.4809569731360388,True,True,269.0,227.0,243.0,280.0,254.0,177.0,219.0,1669.0
w1000_coverage_z_level_d1_d2,random_sigma12_lr03,5,0.2241915178162226,1.2,0.3,True,1000,coverage,z_level_d1_d2,489,189,0.2324144486692015,1.1964329880930313,0.40899795501022496,0.04686435606735116,0.25242783431081367,0.0,0.03885480572597137,0.5559549611403063,True,True,262.0,282.0,250.0,260.0,180.0,223.5,230.0,1687.5
w1000_detail_z_level_d1_d2,paper_sigma05_lr01_seq,5,0.26024463869670744,0.5,0.1,False,1000,detail,z_level_d1_d2,472,189,0.2243346007604562,1.1658892050782377,0.6588983050847458,0.05585655524702157,0.5697526714249989,0.0,0.029661016949152543,0.5249174775802283,True,True,236.0,233.0,267.0,273.0,251.5,247.5,196.0,1704.0
w1000_detail_z_level_d1_d2,random_sigma05_lr01,5,0.22109739517474625,0.5,0.1,True,1000,detail,z_level_d1_d2,472,189,0.2243346007604562,1.1694798579465164,0.7182203389830508,0.0551601034931429,0.5141728681531472,0.0,0.029661016949152543,0.5656683496802014,True,True,239.0,244.0,271.0,252.0,251.5,247.5,235.0,1740.0
w1000_dense_z_level_d1_d2,paper_sigma05_lr01_seq,5,0.18518084382250577,0.5,0.1,False,1000,dense,z_level_d1_d2,379,189,0.1801330798479087,1.1676865127523806,0.5567282321899736,0.046639075722721336,0.36860267962310056,0.0,0.036939313984168866,0.4803587955754389,True,True,264.0,275.0,261.0,281.0,189.0,271.0,264.0,1805.0
w0150_coverage_maxabs_level,paper_sigma03_lr01_seq,4,0.32307968494758815,0.3,0.1,False,150,coverage,maxabs_level,1857,64,0.8826045627376425,0.28105565770041824,0.0,0.5761899894528226,0.9385426130221668,0.0,0.0420032310177706,3.3833214541946957,False,False,,,,,,,,
w0150_coverage_maxabs_level,paper_sigma05_lr01_seq,4,0.3439065725230784,0.5,0.1,False,150,coverage,maxabs_level,1857,64,0.8826045627376425,0.2757563995556135,0.0,0.5647497506809013,1.0,0.0,0.05815831987075929,3.1608205384955634,False,False,,,,,,,,
w0150_coverage_maxabs_level,paper_sigma05_lr03_seq,4,0.32621605684334826,0.5,0.3,False,150,coverage,maxabs_level,1857,64,0.8826045627376425,0.2916767719626439,0.0,0.5769473996491228,1.0,0.0,0.04361873990306947,3.2746439665489055,False,False,,,,,,,,
w0150_coverage_maxabs_level,detail_sigma12_lr05_seq,5,0.32572303500485045,1.2,0.5,False,150,coverage,maxabs_level,1857,64,0.8826045627376425,0.2384030221127667,0.0,0.4627225402306145,1.0,0.0,0.07539041464728057,2.2309335888510775,False,False,,,,,,,,
w0150_coverage_maxabs_level,random_sigma05_lr01,4,0.36034202021402556,0.5,0.1,True,150,coverage,maxabs_level,1857,64,0.8826045627376425,0.2754448251419303,0.0,0.5676900439256393,0.9628090447234777,0.0,0.057619816908992996,3.5012977806669836,False,False,,,,,,,,
w0150_coverage_maxabs_level,random_sigma12_lr03,5,0.3501961756540576,1.2,0.3,True,150,coverage,maxabs_level,1857,64,0.8826045627376425,0.23582864054738875,0.0,0.47234110388809664,0.8481012484375962,0.0,0.06085083467959074,2.2444750788939443,False,False,,,,,,,,
w0150_coverage_z_level,paper_sigma03_lr01_seq,4,0.27081156913967025,0.3,0.1,False,150,coverage,z_level,1857,64,0.8826045627376425,1.7057289949116872,0.0,0.4103167242251159,1.0,0.0,0.0683898761443188,2.2589679786974894,False,False,,,,,,,,
w0150_coverage_z_level,paper_sigma05_lr01_seq,4,0.2984058560700354,0.5,0.1,False,150,coverage,z_level,1857,64,0.8826045627376425,1.7005126660081062,0.0,0.41138194070537876,1.0,0.0,0.06892837910608508,2.2650807896780325,False,False,,,,,,,,
w0150_coverage_z_level,paper_sigma05_lr03_seq,4,0.28236827036001827,0.5,0.3,False,150,coverage,z_level,1857,64,0.8826045627376425,1.7221448436792857,0.0,0.40112795053625416,1.0,0.0,0.06785137318255251,1.9740816905939957,False,False,,,,,,,,
w0150_coverage_z_level,detail_sigma12_lr05_seq,5,0.35410280272798644,1.2,0.5,False,150,coverage,z_level,1857,64,0.8826045627376425,1.602416056063502,0.004846526655896607,0.23996084411148386,1.0,0.0,0.06785137318255251,1.399116949692772,False,False,,,,,,,,
w0150_coverage_z_level,random_sigma05_lr01,4,0.32133138944884404,0.5,0.1,True,150,coverage,z_level,1857,64,0.8826045627376425,1.723551419632156,0.0,0.41856531657152474,0.8523166647659277,0.0,0.06892837910608508,2.3252053496576237,False,False,,,,,,,,
w0150_coverage_z_level,random_sigma12_lr03,5,0.3903190889688949,1.2,0.3,True,150,coverage,z_level,1857,64,0.8826045627376425,1.5957991534077247,0.007539041464728056,0.2890384553895267,0.5283970280791377,0.0,0.0732364028002154,1.5217161295131783,False,False,,,,,,,,
w0150_coverage_z_level_d1,paper_sigma03_lr01_seq,4,0.32048854131942645,0.3,0.1,False,150,coverage,z_level_d1,1857,127,0.8826045627376425,0.5133305419061653,0.0,0.259012656452523,1.0,0.0,0.07000538502961766,1.4284677543663638,False,False,,,,,,,,
w0150_coverage_z_level_d1,paper_sigma05_lr01_seq,4,0.3244415992162965,0.5,0.1,False,150,coverage,z_level_d1,1857,127,0.8826045627376425,0.512337678369198,0.0,0.25915598626876246,1.0,0.0,0.07054388799138395,1.429064594607573,False,False,,,,,,,,
w0150_coverage_z_level_d1,paper_sigma05_lr03_seq,4,0.34713967172551335,0.5,0.3,False,150,coverage,z_level_d1,1857,127,0.8826045627376425,0.5241504335783472,0.0,0.24266902429941972,1.0,0.0,0.06569736133548734,1.2363368237668848,False,False,,,,,,,,
w0150_coverage_z_level_d1,detail_sigma12_lr05_seq,5,0.31040925344213466,1.2,0.5,False,150,coverage,z_level_d1,1857,127,0.8826045627376425,0.5121205771823927,0.014001077005923533,0.15715109618328152,1.0,0.0,0.07108239095315025,0.9298632866642131,False,False,,,,,,,,
w0150_coverage_z_level_d1,random_sigma05_lr01,4,0.3372163127660294,0.5,0.1,True,150,coverage,z_level_d1,1857,127,0.8826045627376425,0.5133218175284394,0.0,0.2769031217588833,0.8145387154909538,0.0,0.07000538502961766,1.4647207533622784,False,False,,,,,,,,
w0150_coverage_z_level_d1,random_sigma12_lr03,5,0.3220693842524972,1.2,0.3,True,150,coverage,z_level_d1,1857,127,0.8826045627376425,0.4981106898872102,0.015078082929456112,0.17100215898407256,0.48559532908162556,0.0,0.07054388799138395,0.9878643452474126,False,False,,,,,,,,
w0150_coverage_z_level_d1_d2,paper_sigma03_lr01_seq,5,0.47104281306281415,0.3,0.1,False,150,coverage,z_level_d1_d2,1857,189,0.8826045627376425,1.1312435962262217,0.8976844372644049,0.05928730250322993,0.6055566517140738,0.0,0.06623586429725363,0.47496910745465826,False,False,,,,,,,,
w0150_coverage_z_level_d1_d2,paper_sigma05_lr01_seq,4,0.35996905311892785,0.5,0.1,False,150,coverage,z_level_d1_d2,1857,189,0.8826045627376425,1.14634963673343,0.0,0.08245866525196127,1.0,0.0,0.07108239095315025,0.638768972226663,False,False,,,,,,,,
w0150_coverage_z_level_d1_d2,paper_sigma05_lr03_seq,4,0.32647709566190247,0.5,0.3,False,150,coverage,z_level_d1_d2,1857,189,0.8826045627376425,1.1678040777719327,0.0,0.07207185894327191,1.0,0.0,0.06785137318255251,0.5832188679839838,False,False,,,,,,,,
w0150_coverage_z_level_d1_d2,detail_sigma12_lr05_seq,5,0.25527610309833304,1.2,0.5,False,150,coverage,z_level_d1_d2,1857,189,0.8826045627376425,1.1788642724692915,0.1723209477652127,0.036971938804801936,1.0,0.0,0.07485191168551426,0.5096472365455481,False,False,,,,,,,,
w0150_coverage_z_level_d1_d2,random_sigma05_lr01,4,0.3500577867129198,0.5,0.1,True,150,coverage,z_level_d1_d2,1857,189,0.8826045627376425,1.1454857956467037,0.0,0.08976141340634337,0.8534353592191183,0.0,0.07108239095315025,0.6538374960907742,False,False,,,,,,,,
w0150_coverage_z_level_d1_d2,random_sigma12_lr03,5,0.2963251756011007,1.2,0.3,True,150,coverage,z_level_d1_d2,1857,189,0.8826045627376425,1.1539535845856692,0.14324178782983307,0.05352558831608961,0.45850663021433274,0.0,0.07108239095315025,0.5357191634168313,False,False,,,,,,,,
w0150_detail_maxabs_level,paper_sigma03_lr01_seq,4,0.3455804127849856,0.3,0.1,False,150,detail,maxabs_level,1103,64,0.5242395437262357,0.3184144446917559,0.0,0.5383559295678545,0.8903077227141097,0.0,0.050770625566636446,3.477067869862222,False,False,,,,,,,,
w0150_detail_maxabs_level,paper_sigma05_lr01_seq,4,0.3429196650200957,0.5,0.1,False,150,detail,maxabs_level,1103,64,0.5242395437262357,0.3163366010114025,0.0,0.5293230526528605,0.9336709745835421,0.0,0.057116953762466005,3.3723957082216716,False,False,,,,,,,,
w0150_detail_maxabs_level,paper_sigma05_lr03_seq,4,0.3195289188975137,0.5,0.3,False,150,detail,maxabs_level,1103,64,0.5242395437262357,0.3243759812469675,0.0,0.5512043042811934,1.0,0.0,0.04805077062556664,3.81227823088823,False,False,,,,,,,,
w0150_detail_maxabs_level,detail_sigma12_lr05_seq,5,0.3455309279573531,1.2,0.5,False,150,detail,maxabs_level,1103,64,0.5242395437262357,0.27231361274457355,0.0,0.4458165425340567,1.0,0.0,0.08522212148685404,2.660885828273903,False,False,,,,,,,,
w0150_detail_maxabs_level,random_sigma05_lr01,4,0.34533693573725116,0.5,0.1,True,150,detail,maxabs_level,1103,64,0.5242395437262357,0.31764080043215137,0.0,0.5305608099696615,0.9410177996599915,0.0,0.061650045330915684,3.212788711409079,False,False,,,,,,,,
w0150_detail_maxabs_level,random_sigma12_lr03,5,0.32662660884153993,1.2,0.3,True,150,detail,maxabs_level,1103,64,0.5242395437262357,0.2773267842723092,0.0,0.4478186460710401,0.8357173347488525,0.0,0.07252946509519492,2.082700844519484,False,False,,,,,,,,
w0150_detail_z_level,paper_sigma03_lr01_seq,4,0.2818967186941484,0.3,0.1,False,150,detail,z_level,1103,64,0.5242395437262357,1.6825206907709636,0.0,0.39536980949027817,0.9982613348542624,0.0,0.04079782411604715,2.4456902493448407,False,False,,,,,,,,
w0150_detail_z_level,paper_sigma05_lr01_seq,5,0.3127135559142312,0.5,0.1,False,150,detail,z_level,1103,64,0.5242395437262357,1.5214262325830634,0.6663644605621033,0.2876670326054762,0.7906775633387487,0.0,0.03989120580235721,1.79322362070946,False,False,,,,,,,,
w0150_detail_z_level,paper_sigma05_lr03_seq,5,0.31897370302318895,0.5,0.3,False,150,detail,z_level,1103,64,0.5242395437262357,1.5683690745217786,0.41069809610154123,0.3168456897023219,1.0,0.0,0.03445149592021759,1.83688782423657,False,False,,,,,,,,
w0150_detail_z_level,detail_sigma12_lr05_seq,5,0.3128700439978799,1.2,0.5,False,150,detail,z_level,1103,64,0.5242395437262357,1.6076269283788542,0.003626473254759746,0.2707435854119954,1.0,0.0,0.04079782411604715,1.9864848584859611,False,False,,,,,,,,
w0150_detail_z_level,random_sigma05_lr01,5,0.334541909717999,0.5,0.1,True,150,detail,z_level,1103,64,0.5242395437262357,1.530460485754226,0.6473254759746147,0.28365625767084957,0.5207290660272634,0.0,0.038077969174977334,1.930536261402952,False,False,,,,,,,,
w0150_detail_z_level,random_sigma12_lr03,4,0.31049247997194224,1.2,0.3,True,150,detail,z_level,1103,64,0.5242395437262357,1.7207857192181943,0.0,0.3397040726944954,0.8508092669937738,0.0,0.051677243880326386,1.9647582059482047,False,False,,,,,,,,
w0150_detail_z_level_d1,paper_sigma03_lr01_seq,4,0.3162895770148458,0.3,0.1,False,150,detail,z_level_d1,1103,127,0.5242395437262357,0.5270414281866632,0.0,0.23882619908185268,0.8315954750699776,0.0,0.04261106074342702,1.4976480137196435,False,False,,,,,,,,
w0150_detail_z_level_d1,paper_sigma05_lr01_seq,4,0.33731207597091045,0.5,0.1,False,150,detail,z_level_d1,1103,127,0.5242395437262357,0.5258329941778402,0.0,0.2213716149794417,0.929395425061661,0.0,0.04805077062556664,1.3572487514308416,False,False,,,,,,,,
w0150_detail_z_level_d1,paper_sigma05_lr03_seq,4,0.2753643596225111,0.5,0.3,False,150,detail,z_level_d1,1103,127,0.5242395437262357,0.5514555742662083,0.0,0.2379836131534236,1.0,0.0,0.038077969174977334,1.563766927484881,False,False,,,,,,,,
w0150_detail_z_level_d1,detail_sigma12_lr05_seq,4,0.3653564975149551,1.2,0.5,False,150,detail,z_level_d1,1103,127,0.5242395437262357,0.5639267149693966,0.0,0.17145884609293355,1.0,0.0,0.07162284678150499,1.210622143288606,False,False,,,,,,,,
w0150_detail_z_level_d1,random_sigma05_lr01,4,0.3473152822123276,0.5,0.1,True,150,detail,z_level_d1,1103,127,0.5242395437262357,0.5281747681107484,0.0,0.22916671455500823,0.7063808471317422,0.0,0.0471441523118767,1.4024911311876274,False,False,,,,,,,,
w0150_detail_z_level_d1,random_sigma12_lr03,4,0.2846975914525191,1.2,0.3,True,150,detail,z_level_d1,1103,127,0.5242395437262357,0.5407501817029007,0.0,0.15847986945279272,0.5843515618162373,0.0,0.0843155031731641,1.072067820774235,False,False,,,,,,,,
w0150_detail_z_level_d1_d2,paper_sigma03_lr01_seq,3,0.37964421189006803,0.3,0.1,False,150,detail,z_level_d1_d2,1103,189,0.5242395437262357,1.1704293465024012,0.011786038077969175,0.08810821051683959,0.4447687564113519,0.0,0.05893019038984588,0.7183640462458392,False,False,,,,,,,,
w0150_detail_z_level_d1_d2,paper_sigma05_lr01_seq,4,0.34706485665738646,0.5,0.1,False,150,detail,z_level_d1_d2,1103,189,0.5242395437262357,1.1472096373196545,0.0,0.06761419757706612,0.9974773724273808,0.0,0.04986400725294651,0.5668919293557672,False,False,,,,,,,,
w0150_detail_z_level_d1_d2,paper_sigma05_lr03_seq,4,0.32060075639803937,0.5,0.3,False,150,detail,z_level_d1_d2,1103,189,0.5242395437262357,1.170390144501615,0.0,0.07891479279915659,1.0,0.0,0.03989120580235721,0.7241897271172417,False,False,,,,,,,,
w0150_detail_z_level_d1_d2,detail_sigma12_lr05_seq,5,0.30157425017469963,1.2,0.5,False,150,detail,z_level_d1_d2,1103,189,0.5242395437262357,1.1782214089196397,0.45693563009972804,0.04012565148014366,1.0,0.0,0.04261106074342702,0.5201061826973508,False,False,,,,,,,,
w0150_detail_z_level_d1_d2,random_sigma05_lr01,4,0.3037889619411091,0.5,0.1,True,150,detail,z_level_d1_d2,1103,189,0.5242395437262357,1.1476105117429738,0.0,0.06549062401705678,0.7288028146443534,0.0,0.04986400725294651,0.6371931862218392,False,False,,,,,,,,
w0150_detail_z_level_d1_d2,random_sigma12_lr03,4,0.276290738731004,1.2,0.3,True,150,detail,z_level_d1_d2,1103,189,0.5242395437262357,1.1729893595314824,0.0,0.040199203163519,0.5618124049301659,0.0,0.09791477787851315,0.517170882755609,False,False,,,,,,,,
w0150_dense_maxabs_level,paper_sigma03_lr01_seq,4,0.34364439924052387,0.3,0.1,False,150,dense,maxabs_level,422,64,0.2005703422053232,0.3853348608349285,0.0,0.4711531817870209,0.8208856917691542,0.0,0.08293838862559241,2.703930132559158,False,False,,,,,,,,
w0150_dense_maxabs_level,paper_sigma05_lr01_seq,4,0.3437764555017501,0.5,0.1,False,150,dense,maxabs_level,422,64,0.2005703422053232,0.3853186838718365,0.0,0.4711531817870209,1.0,0.0,0.08293838862559241,2.7039302026390124,False,False,,,,,,,,
w0150_dense_maxabs_level,paper_sigma05_lr03_seq,4,0.34115353523492215,0.5,0.3,False,150,dense,maxabs_level,422,64,0.2005703422053232,0.3921456910805799,0.0,0.4690475568324878,1.0,0.0,0.08056872037914692,2.761179815236972,False,False,,,,,,,,
w0150_dense_maxabs_level,detail_sigma12_lr05_seq,4,0.3542806779466204,1.2,0.5,False,150,dense,maxabs_level,422,64,0.2005703422053232,0.389110074477798,0.0,0.4365219468916947,1.0,0.0,0.16587677725118483,1.9770863386120212,False,False,,,,,,,,
w0150_dense_maxabs_level,random_sigma05_lr01,4,0.3336022139249371,0.5,0.1,True,150,dense,maxabs_level,422,64,0.2005703422053232,0.3852425383193478,0.0,0.4714762281858594,0.9316724212201746,0.0,0.08293838862559241,2.6003879449586966,False,False,,,,,,,,
w0150_dense_maxabs_level,random_sigma12_lr03,4,0.3533693148291927,1.2,0.3,True,150,dense,maxabs_level,422,64,0.2005703422053232,0.38228481726071895,0.0,0.44543500052572654,0.9228530479582767,0.0,0.15639810426540285,2.164810068117445,False,False,,,,,,,,
w0150_dense_z_level,paper_sigma03_lr01_seq,4,0.3506821132874998,0.3,0.1,False,150,dense,z_level,422,64,0.2005703422053232,1.4847925459396567,0.0,0.29902155803351754,0.4754438965079453,0.0,0.02132701421800948,1.973030748813651,False,False,,,,,,,,
w0150_dense_z_level,paper_sigma05_lr01_seq,4,0.33899421001218993,0.5,0.1,False,150,dense,z_level,422,64,0.2005703422053232,1.4870375659269501,0.0,0.29902155803351754,1.0,0.0,0.02132701421800948,1.9730305873899714,False,False,,,,,,,,
w0150_dense_z_level,paper_sigma05_lr03_seq,5,0.2826574299800356,0.5,0.3,False,150,dense,z_level,422,64,0.2005703422053232,1.4246369728545032,0.02132701421800948,0.2862438399450883,1.0,0.0,0.02132701421800948,1.477790596495349,False,False,,,,,,,,
w0150_dense_z_level,detail_sigma12_lr05_seq,4,0.26807932107692906,1.2,0.5,False,150,dense,z_level,422,64,0.2005703422053232,1.5723635687588513,0.0,0.2712870831319733,1.0,0.0,0.035545023696682464,1.528205663846021,False,False,,,,,,,,
w0150_dense_z_level,random_sigma05_lr01,4,0.3912463881438136,0.5,0.1,True,150,dense,z_level,422,64,0.2005703422053232,1.4634422444978803,0.0,0.2941091282436051,0.6225443491468877,0.0,0.02132701421800948,1.938666850021471,False,False,,,,,,,,
w0150_dense_z_level,random_sigma12_lr03,5,0.37063954496163276,1.2,0.3,True,150,dense,z_level,422,64,0.2005703422053232,1.3866993379818933,0.0,0.237344377468514,0.7600078209798742,0.0,0.02132701421800948,1.4710412837552418,False,False,,,,,,,,
w0150_dense_z_level_d1,paper_sigma03_lr01_seq,4,0.281081623192221,0.3,0.1,False,150,dense,z_level_d1,422,127,0.2005703422053232,0.5086057333069401,0.0,0.17594885320119058,0.44370886363236606,0.0,0.035545023696682464,1.289106251550901,False,False,,,,,,,,
w0150_dense_z_level_d1,paper_sigma05_lr01_seq,4,0.2798232876742807,0.5,0.1,False,150,dense,z_level_d1,422,127,0.2005703422053232,0.5075223187042486,0.0,0.17108842606363955,1.0,0.0,0.04028436018957346,1.2221873651580597,False,False,,,,,,,,
w0150_dense_z_level_d1,paper_sigma05_lr03_seq,3,0.22139382905731567,0.5,0.3,False,150,dense,z_level_d1,422,127,0.2005703422053232,0.5530029955728353,0.002369668246445498,0.26139106833818926,1.0,0.0,0.04265402843601896,1.4379389911606582,False,False,,,,,,,,
w0150_dense_z_level_d1,detail_sigma12_lr05_seq,4,0.23995344168725102,1.2,0.5,False,150,dense,z_level_d1,422,127,0.2005703422053232,0.5329136600333731,0.0,0.1609779330310306,1.0,0.0,0.0947867298578199,1.0105302824399942,False,False,,,,,,,,
w0150_dense_z_level_d1,random_sigma05_lr01,4,0.283563613952384,0.5,0.1,True,150,dense,z_level_d1,422,127,0.2005703422053232,0.508240461878062,0.0,0.16916973830730403,0.7692440055473523,0.0,0.04028436018957346,1.1557900971134747,False,False,,,,,,,,
w0150_dense_z_level_d1,random_sigma12_lr03,4,0.35622603385581836,1.2,0.3,True,150,dense,z_level_d1,422,127,0.2005703422053232,0.5137254921840166,0.0,0.1488667488487283,0.67882801985639,0.0,0.08530805687203792,1.0108157617943796,False,False,,,,,,,,
w0150_dense_z_level_d1_d2,paper_sigma03_lr01_seq,5,0.6238235174962612,0.3,0.1,False,150,dense,z_level_d1_d2,422,189,0.2005703422053232,1.1079507846182963,0.7417061611374408,0.0548071395687965,0.5151217433202021,0.0,0.02132701421800948,0.5686315728997863,False,False,,,,,,,,
w0150_dense_z_level_d1_d2,paper_sigma05_lr01_seq,5,0.27634848312778604,0.5,0.1,False,150,dense,z_level_d1_d2,422,189,0.2005703422053232,1.1089575360965382,0.7630331753554502,0.05380413903000403,0.46463616488484333,0.0,0.04028436018957346,0.5056808157694108,False,False,,,,,,,,
w0150_dense_z_level_d1_d2,paper_sigma05_lr03_seq,5,0.14810986983842822,0.5,0.3,False,150,dense,z_level_d1_d2,422,189,0.2005703422053232,1.1320836579996154,0.4312796208530806,0.0562597867126166,0.6354800524461918,0.0,0.02132701421800948,0.6200726650227182,False,False,,,,,,,,
w0150_dense_z_level_d1_d2,detail_sigma12_lr05_seq,5,0.16268481487217923,1.2,0.5,False,150,dense,z_level_d1_d2,422,189,0.2005703422053232,1.1529815854868586,0.3175355450236967,0.037552697212090765,1.0,0.0,0.04739336492890995,0.5095163159730428,False,False,,,,,,,,
w0150_dense_z_level_d1_d2,random_sigma05_lr01,5,0.25410001337651134,0.5,0.1,True,150,dense,z_level_d1_d2,422,189,0.2005703422053232,1.1099461345375221,0.7867298578199052,0.054978211172152645,0.6327159883653142,0.0,0.037914691943127965,0.5495849125568593,False,False,,,,,,,,
w0150_dense_z_level_d1_d2,random_sigma12_lr03,4,0.21803518283809958,1.2,0.3,True,150,dense,z_level_d1_d2,422,189,0.2005703422053232,1.1486036267831008,0.0,0.04732629246879675,0.46192221432638725,0.0,0.07582938388625593,0.5660111800723879,False,False,,,,,,,,
w0200_coverage_maxabs_level,paper_sigma03_lr01_seq,4,0.3054115235192166,0.3,0.1,False,200,coverage,maxabs_level,1770,64,0.841254752851711,0.30494925242800575,0.0,0.5655969352193211,0.9913016580927901,0.0,0.04632768361581921,3.4052780802910174,False,False,,,,,,,,
w0200_coverage_maxabs_level,paper_sigma05_lr01_seq,5,0.3146953159471573,0.5,0.1,False,200,coverage,maxabs_level,1770,64,0.841254752851711,0.25572692382983536,0.18531073446327684,0.477310500581043,0.9944200734107979,0.0,0.04350282485875706,2.3354899593285263,False,False,,,,,,,,
w0200_coverage_maxabs_level,paper_sigma05_lr03_seq,4,0.2815501128692773,0.5,0.3,False,200,coverage,maxabs_level,1770,64,0.841254752851711,0.34376255293898506,0.0,0.5745476525439469,1.0,0.0,0.04293785310734463,3.265389064287906,False,False,,,,,,,,
w0200_coverage_maxabs_level,detail_sigma12_lr05_seq,4,0.2804216991328418,1.2,0.5,False,200,coverage,maxabs_level,1770,64,0.841254752851711,0.363046402380465,0.0,0.4992134720827777,1.0,0.0,0.08022598870056497,1.749224750391981,False,False,,,,,,,,
w0200_coverage_maxabs_level,random_sigma05_lr01,4,0.37418349956830615,0.5,0.1,True,200,coverage,maxabs_level,1770,64,0.841254752851711,0.2864152874953205,0.0,0.522244701097384,0.9682513686903649,0.0,0.062146892655367235,3.207966597526661,False,False,,,,,,,,
w0200_coverage_maxabs_level,random_sigma12_lr03,3,0.39052392711215334,1.2,0.3,True,200,coverage,maxabs_level,1770,64,0.841254752851711,0.3362443972555735,0.0,0.5747995998292342,0.9293336698383389,0.0,0.11242937853107345,3.8753377667909823,False,False,,,,,,,,
w0200_coverage_z_level,paper_sigma03_lr01_seq,4,0.3067153124120558,0.3,0.1,False,200,coverage,z_level,1770,64,0.841254752851711,1.7645416666011389,0.0,0.3800990335150448,0.9397160845945945,0.0,0.05536723163841808,2.028237204397561,False,False,,,,,,,,
w0200_coverage_z_level,paper_sigma05_lr01_seq,5,0.3101967109770214,0.5,0.1,False,200,coverage,z_level,1770,64,0.841254752851711,1.6183569955097559,0.9378531073446328,0.30126728552166776,0.9974106340134168,0.0,0.04971751412429379,1.6876075986715944,False,False,,,,,,,,
w0200_coverage_z_level,paper_sigma05_lr03_seq,4,0.3321281844496638,0.5,0.3,False,200,coverage,z_level,1770,64,0.841254752851711,1.81205633361197,0.0,0.392327514627175,1.0,0.0,0.05310734463276836,2.0402330729579012,False,False,,,,,,,,
w0200_coverage_z_level,detail_sigma12_lr05_seq,3,0.33182679456151687,1.2,0.5,False,200,coverage,z_level,1770,64,0.841254752851711,2.0561107000765166,0.01977401129943503,0.36718367167336324,1.0,0.0,0.07909604519774012,1.930912097805026,False,False,,,,,,,,
w0200_coverage_z_level,random_sigma05_lr01,4,0.2614143443239116,0.5,0.1,True,200,coverage,z_level,1770,64,0.841254752851711,1.7806826236077207,0.0,0.40193872677803283,0.8762212527943515,0.0,0.05875706214689266,2.3007713663901845,False,False,,,,,,,,
w0200_coverage_z_level,random_sigma12_lr03,5,0.32542808027749925,1.2,0.3,True,200,coverage,z_level,1770,64,0.841254752851711,1.6914723951788433,0.006779661016949152,0.2874332172049589,0.518031905480982,0.0,0.05706214689265537,1.6854207916125894,False,False,,,,,,,,
w0200_coverage_z_level_d1,paper_sigma03_lr01_seq,4,0.3398295368343039,0.3,0.1,False,200,coverage,z_level_d1,1770,127,0.841254752851711,0.5285077482749632,0.0,0.23725600007444161,1.0,0.0,0.05875706214689266,1.4031280836877198,False,False,,,,,,,,
w0200_coverage_z_level_d1,paper_sigma05_lr01_seq,4,0.34347767017513137,0.5,0.1,False,200,coverage,z_level_d1,1770,127,0.841254752851711,0.5261840163224237,0.0,0.23455083523623846,0.8921234506671833,0.0,0.059887005649717516,1.404483372625147,False,False,,,,,,,,
w0200_coverage_z_level_d1,paper_sigma05_lr03_seq,4,0.3382509415298654,0.5,0.3,False,200,coverage,z_level_d1,1770,127,0.841254752851711,0.5372027348206422,0.0,0.2408693641042718,1.0,0.0,0.0576271186440678,1.3695554710738067,False,False,,,,,,,,
w0200_coverage_z_level_d1,detail_sigma12_lr05_seq,3,0.3931805930260691,1.2,0.5,False,200,coverage,z_level_d1,1770,127,0.841254752851711,0.5870671880007677,0.025423728813559324,0.2582430554140103,1.0,0.0,0.10112994350282486,1.2602061675239742,False,False,,,,,,,,
w0200_coverage_z_level_d1,random_sigma05_lr01,4,0.3202776167378229,0.5,0.1,True,200,coverage,z_level_d1,1770,127,0.841254752851711,0.5298319390217116,0.0,0.25096097954596047,0.8387009815745822,0.0,0.060451977401129946,1.4120103306293033,False,False,,,,,,,,
w0200_coverage_z_level_d1,random_sigma12_lr03,5,0.2934884982690711,1.2,0.3,True,200,coverage,z_level_d1,1770,127,0.841254752851711,0.515803867851324,0.024293785310734464,0.16100557178048674,0.5523928006254343,0.0,0.06497175141242938,1.1126584438809266,False,False,,,,,,,,
w0200_coverage_z_level_d1_d2,paper_sigma03_lr01_seq,4,0.43659881293748865,0.3,0.1,False,200,coverage,z_level_d1_d2,1770,189,0.841254752851711,1.1527280844790737,0.0,0.07159039228236644,0.5469381791523783,0.0,0.06497175141242938,0.5761810610217434,False,False,,,,,,,,
w0200_coverage_z_level_d1_d2,paper_sigma05_lr01_seq,4,0.33907117046566376,0.5,0.1,False,200,coverage,z_level_d1_d2,1770,189,0.841254752851711,1.1527336656749823,0.0,0.07000792754029067,1.0,0.0,0.06497175141242938,0.5710804171080723,False,False,,,,,,,,
w0200_coverage_z_level_d1_d2,paper_sigma05_lr03_seq,4,0.30683707801460397,0.5,0.3,False,200,coverage,z_level_d1_d2,1770,189,0.841254752851711,1.174024650060351,0.0,0.07537111493982854,1.0,0.0,0.05649717514124294,0.6832321977335427,False,False,,,,,,,,
w0200_coverage_z_level_d1_d2,detail_sigma12_lr05_seq,5,0.37945224558218316,1.2,0.5,False,200,coverage,z_level_d1_d2,1770,189,0.841254752851711,1.1741440885076522,0.03785310734463277,0.04761175135110568,1.0,0.0,0.06892655367231638,0.55655493158759,False,False,,,,,,,,
w0200_coverage_z_level_d1_d2,random_sigma05_lr01,4,0.3430603623295308,0.5,0.1,True,200,coverage,z_level_d1_d2,1770,189,0.841254752851711,1.1516087381525248,0.0,0.07640646055896491,0.8225747941418646,0.0,0.062146892655367235,0.6495057855541558,False,False,,,,,,,,
w0200_coverage_z_level_d1_d2,random_sigma12_lr03,4,0.32831000782653436,1.2,0.3,True,200,coverage,z_level_d1_d2,1770,189,0.841254752851711,1.173797222946996,0.0,0.06189883285390188,0.6649801046363227,0.0,0.07627118644067797,0.5966323818197784,False,False,,,,,,,,
w0200_detail_maxabs_level,paper_sigma03_lr01_seq,4,0.3828624465689608,0.3,0.1,False,200,detail,maxabs_level,1269,64,0.6031368821292775,0.3270164468465779,0.0,0.5256399444637349,0.7518369162861802,0.0,0.054373522458628844,2.990842331075576,False,False,,,,,,,,
w0200_detail_maxabs_level,paper_sigma05_lr01_seq,4,0.3801132374821155,0.5,0.1,False,200,detail,maxabs_level,1269,64,0.6031368821292775,0.3270014446548491,0.0,0.5256399444637349,1.0,0.0,0.054373522458628844,2.9908424567958365,False,False,,,,,,,,
w0200_detail_maxabs_level,paper_sigma05_lr03_seq,4,0.3775958613418395,0.5,0.3,False,200,detail,maxabs_level,1269,64,0.6031368821292775,0.33971701701391244,0.0,0.5344213142382986,1.0,0.0,0.04334121355397951,3.0392965292448384,False,False,,,,,,,,
w0200_detail_maxabs_level,detail_sigma12_lr05_seq,3,0.394923299376555,1.2,0.5,False,200,detail,maxabs_level,1269,64,0.6031368821292775,0.3922567086772759,0.0,0.5426326599260531,1.0,0.0,0.1355397951142632,2.928093095532379,False,False,,,,,,,,
w0200_detail_maxabs_level,random_sigma05_lr01,4,0.33133197098516237,0.5,0.1,True,200,detail,maxabs_level,1269,64,0.6031368821292775,0.3252910454014781,0.0,0.521545869686974,0.8991024260304008,0.0,0.0591016548463357,3.1797411225428407,False,False,,,,,,,,
w0200_detail_maxabs_level,random_sigma12_lr03,5,0.325429780998611,1.2,0.3,True,200,detail,maxabs_level,1269,64,0.6031368821292775,0.28391608138420055,0.0,0.44673573545180295,0.9345344744446472,0.0,0.06304176516942474,2.1208520242898206,False,False,,,,,,,,
w0200_detail_z_level,paper_sigma03_lr01_seq,3,0.3477230835476728,0.3,0.1,False,200,detail,z_level,1269,64,0.6031368821292775,1.9057273707211342,0.04176516942474389,0.33249799407718683,0.5554958590562293,0.0,0.04885736800630418,2.247221462763718,False,False,,,,,,,,
w0200_detail_z_level,paper_sigma05_lr01_seq,3,0.3480486345141498,0.5,0.1,False,200,detail,z_level,1269,64,0.6031368821292775,1.9057981357117726,0.04176516942474389,0.33249799407718683,1.0,0.0,0.04885736800630418,2.247221342265812,False,False,,,,,,,,
w0200_detail_z_level,paper_sigma05_lr03_seq,3,0.39427094319457123,0.5,0.3,False,200,detail,z_level,1269,64,0.6031368821292775,1.9475645688583874,0.013396375098502758,0.38411526876539737,1.0,0.0,0.0512214342001576,2.323828911347996,False,False,,,,,,,,
w0200_detail_z_level,detail_sigma12_lr05_seq,4,0.3777557304461053,1.2,0.5,False,200,detail,z_level,1269,64,0.6031368821292775,1.7851587390424983,0.0,0.3200028307780044,1.0,0.0,0.0512214342001576,2.1256521874026832,False,False,,,,,,,,
w0200_detail_z_level,random_sigma05_lr01,4,0.30052003837467584,0.5,0.1,True,200,detail,z_level,1269,64,0.6031368821292775,1.7299820061804434,0.0,0.3674474699183587,0.8417123850003576,0.0,0.04334121355397951,2.2029518264672383,False,False,,,,,,,,
w0200_detail_z_level,random_sigma12_lr03,4,0.3382040847556907,1.2,0.3,True,200,detail,z_level,1269,64,0.6031368821292775,1.7508585885422072,0.0,0.31558235302705734,0.7812457679701116,0.0,0.0512214342001576,1.8476089588042977,False,False,,,,,,,,
w0200_detail_z_level_d1,paper_sigma03_lr01_seq,4,0.36446843434593895,0.3,0.1,False,200,detail,z_level_d1,1269,127,0.6031368821292775,0.5443124128672023,0.0,0.22648845045760274,0.7366501446719895,0.0,0.04334121355397951,1.3704144574712238,False,False,,,,,,,,
w0200_detail_z_level_d1,paper_sigma05_lr01_seq,4,0.3574608398466936,0.5,0.1,False,200,detail,z_level_d1,1269,127,0.6031368821292775,0.5395697486988218,0.0,0.21679790898802903,0.954571506605055,0.0,0.046493301812450746,1.4310466414119554,False,False,,,,,,,,
w0200_detail_z_level_d1,paper_sigma05_lr03_seq,4,0.39759233538717004,0.5,0.3,False,200,detail,z_level_d1,1269,127,0.6031368821292775,0.5510485228848013,0.0,0.2339083152108338,1.0,0.0,0.04412923561859732,1.4309177536137168,False,False,,,,,,,,
w0200_detail_z_level_d1,detail_sigma12_lr05_seq,4,0.36733708319254527,1.2,0.5,False,200,detail,z_level_d1,1269,127,0.6031368821292775,0.5619145037205749,0.0,0.1742487407437384,1.0,0.0,0.07801418439716312,1.1203466679850635,False,False,,,,,,,,
w0200_detail_z_level_d1,random_sigma05_lr01,4,0.3180887943450124,0.5,0.1,True,200,detail,z_level_d1,1269,127,0.6031368821292775,0.5395722160249569,0.0,0.20831515789070515,0.8258909159264927,0.0,0.04806934594168637,1.314557029444099,False,False,,,,,,,,
w0200_detail_z_level_d1,random_sigma12_lr03,4,0.37794351494316597,1.2,0.3,True,200,detail,z_level_d1,1269,127,0.6031368821292775,0.5465077914664819,0.0,0.17984422528066518,0.47036487900935026,0.0,0.06619385342789598,1.1214475294623922,False,False,,,,,,,,
w0200_detail_z_level_d1_d2,paper_sigma03_lr01_seq,5,0.33955131095576363,0.3,0.1,False,200,detail,z_level_d1_d2,1269,189,0.6031368821292775,1.1544353240469951,0.5681639085894405,0.026704714170110312,0.6217668648112549,0.0,0.0015760441292356187,0.5852803700243125,False,False,,,,,,,,
w0200_detail_z_level_d1_d2,paper_sigma05_lr01_seq,4,0.37807867964671665,0.5,0.1,False,200,detail,z_level_d1_d2,1269,189,0.6031368821292775,1.1550270786858567,0.0,0.06150380422884677,1.0,0.0,0.04885736800630418,0.5870671347823387,False,False,,,,,,,,
w0200_detail_z_level_d1_d2,paper_sigma05_lr03_seq,3,0.3770910100670478,0.5,0.3,False,200,detail,z_level_d1_d2,1269,189,0.6031368821292775,1.2007271027221433,0.09062253743104808,0.08777131306818045,1.0,0.0,0.05358550039401103,0.7449357565337826,False,False,,,,,,,,
w0200_detail_z_level_d1_d2,detail_sigma12_lr05_seq,3,0.4023982887691093,1.2,0.5,False,200,detail,z_level_d1_d2,1269,189,0.6031368821292775,1.2182582228659664,0.01182033096926714,0.08198686498238913,1.0,0.0,0.09456264775413711,0.7279443302585674,False,False,,,,,,,,
w0200_detail_z_level_d1_d2,random_sigma05_lr01,4,0.3090954127014563,0.5,0.1,True,200,detail,z_level_d1_d2,1269,189,0.6031368821292775,1.1563705689874852,0.0,0.06783426366427686,0.7156697857526724,0.0,0.04491725768321513,0.6367230719437295,False,False,,,,,,,,
w0200_detail_z_level_d1_d2,random_sigma12_lr03,5,0.25373118882829016,1.2,0.3,True,200,detail,z_level_d1_d2,1269,189,0.6031368821292775,1.1598597037548433,0.05673758865248227,0.04362933302198531,0.4602853239661943,0.0,0.04728132387706856,0.47259475050264116,False,False,,,,,,,,
w0200_dense_maxabs_level,paper_sigma03_lr01_seq,4,0.3950332697854339,0.3,0.1,False,200,dense,maxabs_level,522,64,0.2480988593155893,0.36523060512349304,0.0,0.48709937795451724,1.0,0.0,0.08237547892720307,2.812305210402008,False,False,,,,,,,,
w0200_dense_maxabs_level,paper_sigma05_lr01_seq,4,0.3777030448542061,0.5,0.1,False,200,dense,maxabs_level,522,64,0.2480988593155893,0.36516393418449966,0.0,0.48709937795451724,1.0,0.0,0.08237547892720307,2.8123046466252504,False,False,,,,,,,,
w0200_dense_maxabs_level,paper_sigma05_lr03_seq,4,0.37105192859161135,0.5,0.3,False,200,dense,maxabs_level,522,64,0.2480988593155893,0.37590803831776143,0.0,0.48687183659187355,1.0,0.0,0.06704980842911877,2.6755976838196975,False,False,,,,,,,,
w0200_dense_maxabs_level,detail_sigma12_lr05_seq,4,0.36429607544646453,1.2,0.5,False,200,dense,maxabs_level,522,64,0.2480988593155893,0.38077958685552316,0.0,0.4670290425689465,1.0,0.0,0.09961685823754789,2.5860733584122397,False,False,,,,,,,,
w0200_dense_maxabs_level,random_sigma05_lr01,4,0.3790451922650891,0.5,0.1,True,200,dense,maxabs_level,522,64,0.2480988593155893,0.3635109643764464,0.0,0.48414962102648473,0.9632846735468862,0.0,0.08620689655172414,2.649886399067556,False,False,,,,,,,,
w0200_dense_maxabs_level,random_sigma12_lr03,5,0.34475823690960894,1.2,0.3,True,200,dense,maxabs_level,522,64,0.2480988593155893,0.32367576740037396,0.0,0.41032209541080855,0.8377627648583011,0.0,0.08237547892720307,2.1429029214315203,False,False,,,,,,,,
w0200_dense_z_level,paper_sigma03_lr01_seq,4,0.3968745248049889,0.3,0.1,False,200,dense,z_level,522,64,0.2480988593155893,1.6197598370849424,0.0,0.3099405925674009,1.0,0.0,0.03065134099616858,2.030102874691188,False,False,,,,,,,,
w0200_dense_z_level,paper_sigma05_lr01_seq,4,0.39977280734693094,0.5,0.1,False,200,dense,z_level,522,64,0.2480988593155893,1.6206231779569489,0.0,0.3100963993885874,1.0,0.0,0.032567049808429116,2.044690590680221,False,False,,,,,,,,
w0200_dense_z_level,paper_sigma05_lr03_seq,4,0.341747411139483,0.5,0.3,False,200,dense,z_level,522,64,0.2480988593155893,1.7144820673012162,0.0,0.3038919413616349,1.0,0.0,0.03065134099616858,2.0479532510236003,False,False,,,,,,,,
w0200_dense_z_level,detail_sigma12_lr05_seq,4,0.46138162888648987,1.2,0.5,False,200,dense,z_level,522,64,0.2480988593155893,1.7018210850522064,0.0,0.31326765796913214,1.0,0.0,0.040229885057471264,2.015183347001358,False,False,,,,,,,,
w0200_dense_z_level,random_sigma05_lr01,4,0.3576453618181246,0.5,0.1,True,200,dense,z_level,522,64,0.2480988593155893,1.6060312900538092,0.0,0.31689770693918323,0.927947234498456,0.0,0.03065134099616858,2.0449630835635824,False,False,,,,,,,,
w0200_dense_z_level,random_sigma12_lr03,4,0.3648968222625359,1.2,0.3,True,200,dense,z_level,522,64,0.2480988593155893,1.6673097757085071,0.0,0.25135894899556277,0.7656934033108483,0.0,0.05747126436781609,1.6570876657720284,False,False,,,,,,,,
w0200_dense_z_level_d1,paper_sigma03_lr01_seq,4,0.326098538244133,0.3,0.1,False,200,dense,z_level_d1,522,127,0.2480988593155893,0.5407096195886896,0.0,0.17512108448995026,0.502905847303614,0.0,0.0421455938697318,1.3177493947062806,False,False,,,,,,,,
w0200_dense_z_level_d1,paper_sigma05_lr01_seq,4,0.28098692276666654,0.5,0.1,False,200,dense,z_level_d1,522,127,0.2480988593155893,0.541342563581697,0.0,0.16217560505157103,1.0,0.0,0.06513409961685823,1.3003868112871018,False,False,,,,,,,,
w0200_dense_z_level_d1,paper_sigma05_lr03_seq,3,0.28555033891659876,0.5,0.3,False,200,dense,z_level_d1,522,127,0.2480988593155893,0.5926205815519275,0.0038314176245210726,0.22487841785817117,1.0,0.0,0.038314176245210725,1.609725088727835,False,False,,,,,,,,
w0200_dense_z_level_d1,detail_sigma12_lr05_seq,4,0.3390037224255907,1.2,0.5,False,200,dense,z_level_d1,522,127,0.2480988593155893,0.5643939338556209,0.0,0.1762224379688905,1.0,0.0,0.09578544061302682,1.0722894950391135,False,False,,,,,,,,
w0200_dense_z_level_d1,random_sigma05_lr01,4,0.26344992427398045,0.5,0.1,True,200,dense,z_level_d1,522,127,0.2480988593155893,0.5398873926800817,0.0,0.18580810846828585,0.7651495068397746,0.0,0.03639846743295019,1.3067391730391509,False,False,,,,,,,,
w0200_dense_z_level_d1,random_sigma12_lr03,5,0.25785709580928606,1.2,0.3,True,200,dense,z_level_d1,522,127,0.2480988593155893,0.5279754326374194,0.007662835249042145,0.12122413793429024,0.6009428043294925,0.0,0.04789272030651341,0.9296520424867334,False,False,,,,,,,,
w0200_dense_z_level_d1_d2,paper_sigma03_lr01_seq,4,0.14825709718333802,0.3,0.1,False,200,dense,z_level_d1_d2,522,189,0.2480988593155893,1.1584630281848323,0.0,0.028600883875997022,0.3333304344932712,0.0,0.06704980842911877,0.6355409228473503,False,False,,,,,,,,
w0200_dense_z_level_d1_d2,paper_sigma05_lr01_seq,4,0.24068800342660185,0.5,0.1,False,200,dense,z_level_d1_d2,522,189,0.2480988593155893,1.146005629893963,0.0,0.05731342971155417,0.8265625249485947,0.0,0.06513409961685823,0.6349197395917466,False,False,,,,,,,,
w0200_dense_z_level_d1_d2,paper_sigma05_lr03_seq,4,0.22441033090133128,0.5,0.3,False,200,dense,z_level_d1_d2,522,189,0.2480988593155893,1.1668670228540852,0.0,0.05922322364170096,1.0,0.0,0.032567049808429116,0.7013391019907423,False,False,,,,,,,,
w0200_dense_z_level_d1_d2,detail_sigma12_lr05_seq,4,0.288171393224478,1.2,0.5,False,200,dense,z_level_d1_d2,522,189,0.2480988593155893,1.1815224553044055,0.0,0.05205739960190713,1.0,0.0,0.13984674329501914,0.6655221863032037,False,False,,,,,,,,
w0200_dense_z_level_d1_d2,random_sigma05_lr01,4,0.2400818087897751,0.5,0.1,True,200,dense,z_level_d1_d2,522,189,0.2480988593155893,1.1486076404738248,0.0,0.0580227393301738,0.7388728780616618,0.0,0.05555555555555555,0.6235959318495087,False,False,,,,,,,,
w0200_dense_z_level_d1_d2,random_sigma12_lr03,5,0.22075791169101788,1.2,0.3,True,200,dense,z_level_d1_d2,522,189,0.2480988593155893,1.151082534445494,0.05172413793103448,0.03819208559774432,0.419701054158968,0.0,0.06513409961685823,0.5066975400960357,False,False,,,,,,,,
w0300_dense_z_level_d1_d2,paper_sigma03_lr01_seq,5,0.33554148203077583,0.3,0.1,False,300,dense,z_level_d1_d2,682,189,0.3241444866920152,1.1547698215088602,0.5953079178885631,0.03320980213264673,0.4985945609915124,0.0,0.001466275659824047,0.5511007169145091,True,False,,,,,,,,
w0500_detail_z_level_d1_d2,paper_sigma03_lr01_seq,7,0.4707686985341376,0.3,0.1,False,500,detail,z_level_d1_d2,1102,189,0.5237642585551331,1.1500101035885932,0.7114337568058077,0.04015581646790849,0.46040894733225324,0.0,0.0018148820326678765,0.535776437236302,True,False,,,,,,,,
w0500_dense_z_level_d1_d2,paper_sigma03_lr01_seq,5,0.41132659277009975,0.3,0.1,False,500,dense,z_level_d1_d2,774,189,0.3678707224334601,1.1662582281289426,0.851421188630491,-0.002802432836942344,0.42464588323665037,0.0,0.0012919896640826874,0.5762023489465117,True,False,,,,,,,,
w0750_detail_z_level_d1_d2,paper_sigma03_lr01_seq,6,0.3178226436825641,0.3,0.1,False,750,detail,z_level_d1_d2,734,189,0.3488593155893536,1.1637294451500129,0.24795640326975477,-0.009528312843861884,0.5281542820734582,0.0,0.0013623978201634877,0.5599858499542256,True,False,,,,,,,,
w0750_dense_z_level_d1_d2,paper_sigma03_lr01_seq,7,0.24803786247989057,0.3,0.1,False,750,dense,z_level_d1_d2,576,189,0.2737642585551331,1.1555764904614356,0.7881944444444444,0.005945245194944673,0.5411207800105711,0.0,0.001736111111111111,0.5230993248703875,True,False,,,,,,,,
w1000_dense_z_level_d1_d2,paper_sigma03_lr01_seq,6,0.10081673652297118,0.3,0.1,False,1000,dense,z_level_d1_d2,379,189,0.1801330798479087,1.1766593512030783,0.07387862796833773,0.014369370822768046,0.42931836758066416,0.0,0.002638522427440633,0.5206435929134443,True,False,,,,,,,,
