id_a,id_b,cluster,DTW
C006,C005,1,0.21054042146225557
C007,C005,1,0.31497119324801576
C007,C006,1,0.29954154964638535
C008,C005,1,0.484934256760253
C008,C006,1,0.49476930065779157
C008,C007,1,0.38357152070247785
C009,C005,1,0.33542409035048437
C009,C006,1,0.2383729128370888
C009,C007,1,0.5222717055398443
C009,C008,1,0.598843247303508
C010,C005,1,0.35229887737216425
C010,C006,1,0.24722522415112536
C010,C007,1,0.5429506453256073
C010,C008,1,0.5579169742131479
C010,C009,1,0.10271847406773861
C014,C005,1,0.25263299265253714
C014,C006,1,0.2249606851564824
C014,C007,1,0.11716747886716324
C014,C008,1,0.4085207153040069
C014,C009,1,0.4290009428922703
C014,C010,1,0.45739038218457484
C015,C005,1,0.3010853511864153
C015,C006,1,0.1655816374421505
C015,C007,1,0.4700499541249174
C015,C008,1,0.5337161984562151
C015,C009,1,0.20779986114280827
C015,C010,1,0.19114260871858144
C015,C014,1,0.37273594674988986
C016,C005,1,0.756159599396661
C016,C006,1,0.8861459890356109
C016,C007,1,0.9090011247864889
C016,C008,1,0.6631671413338497
C016,C009,1,0.9514737069620136
C016,C010,1,0.9607945754099816
C016,C014,1,0.8731557086945418
C016,C015,1,0.8769440757095801
C017,C005,1,0.4080400070463157
C017,C006,1,0.39670471202530555
C017,C007,1,0.12535453437647798
C017,C008,1,0.4668669642566275
C017,C009,1,0.6661776403766068
C017,C010,1,0.7206651852901133
C017,C014,1,0.18858772965336654
C017,C015,1,0.6149037002549773
C017,C016,1,0.9130866249273455
C018,C005,1,0.42312834207126954
C018,C006,1,0.2759894116435221
C018,C007,1,0.534092482205354
C018,C008,1,0.6127596623520237
C018,C009,1,0.09590125340458008
C018,C010,1,0.183770005707239
C018,C014,1,0.45905444772719844
C018,C015,1,0.24281569113214446
C018,C016,1,0.978134955632356
C018,C017,1,0.72351099407736
C019,C005,1,0.36296528182206833
C019,C006,1,0.2542043819543836
C019,C007,1,0.5365517433035542
C019,C008,1,0.5814530744972807
C019,C009,1,0.07134168616649281
C019,C010,1,0.08092760906091272
C019,C014,1,0.4602471630675148
C019,C015,1,0.219011897257278
C019,C016,1,0.9937279331468138
C019,C017,1,0.7225285204770051
C019,C018,1,0.11863477466606782
C025,C005,1,0.20886812522499007
C025,C006,1,0.2501139304280102
C025,C007,1,0.15129435413664297
C025,C008,1,0.41797367138289526
C025,C009,1,0.4272568518222613
C025,C010,1,0.4087193717823474
C025,C014,1,0.13761226255131814
C025,C015,1,0.3816769206639787
C025,C016,1,0.892515923155918
C025,C017,1,0.24476593601181124
C025,C018,1,0.4848561457217912
C025,C019,1,0.4531806228387131
C028,C005,1,0.2707377942480771
C028,C006,1,0.21237094176242116
C028,C007,1,0.111780434608793
C028,C008,1,0.4163182579052582
C028,C009,1,0.47521741452287
C028,C010,1,0.49451335489053777
C028,C014,1,0.08881262099144205
C028,C015,1,0.3860408412731558
C028,C016,1,0.884498013823544
C028,C017,1,0.14135170305937667
C028,C018,1,0.49147678360731173
C028,C019,1,0.4973641135250773
C028,C025,1,0.14604261777756994
C030,C005,1,0.22269202728523474
C030,C006,1,0.1158964828035535
C030,C007,1,0.29520742135880645
C030,C008,1,0.461026143727765
C030,C009,1,0.17242775446338265
C030,C010,1,0.2083728640417215
C030,C014,1,0.20736892649017588
C030,C015,1,0.17733070712329813
C030,C016,1,0.9081632248973853
C030,C017,1,0.45902438325117323
C030,C018,1,0.18549422002522675
C030,C019,1,0.19017654818941546
C030,C025,1,0.23610744716489493
C030,C028,1,0.23314589607834008
C031,C005,1,0.41736359701176856
C031,C006,1,0.3588189508901609
C031,C007,1,0.23911753646748315
C031,C008,1,0.4945742525683077
C031,C009,1,0.5355195017859498
C031,C010,1,0.5620607785426582
C031,C014,1,0.2510993214384938
C031,C015,1,0.45386087932921826
C031,C016,1,0.9602506652933313
C031,C017,1,0.30456652608671003
C031,C018,1,0.5384964559721929
C031,C019,1,0.5654498008914597
C031,C025,1,0.3516214131177387
C031,C028,1,0.23357301054329094
C031,C030,1,0.33273341843110354
C034,C005,1,0.4100728408854315
C034,C006,1,0.33461042978385336
C034,C007,1,0.5057589974476612
C034,C008,1,0.5696923034913568
C034,C009,1,0.20617769139044784
C034,C010,1,0.22775082269127656
C034,C014,1,0.44847533328519656
C034,C015,1,0.3459841878496717
C034,C016,1,0.9375299450238437
C034,C017,1,0.6752983523277387
C034,C018,1,0.1628768612011677
C034,C019,1,0.2263361018168247
C034,C025,1,0.43118805009394234
C034,C028,1,0.4730534036589195
C034,C030,1,0.298177019740966
C034,C031,1,0.5409925260687267
C035,C005,1,0.313948341812023
C035,C006,1,0.30279314106462774
C035,C007,1,0.4622110491186289
C035,C008,1,0.5240203737020656
C035,C009,1,0.1809293485444394
C035,C010,1,0.2296738866605537
C035,C014,1,0.4036572010706364
C035,C015,1,0.34454629237318324
C035,C016,1,0.949027147142183
C035,C017,1,0.6426105066087003
C035,C018,1,0.18737031802890972
C035,C019,1,0.1770899507390534
C035,C025,1,0.34658198235606624
C035,C028,1,0.411680200868432
C035,C030,1,0.27064978163979403
C035,C031,1,0.5371057182705135
C035,C034,1,0.12812621148376432
C036,C005,1,0.5112055657023735
C036,C006,1,0.49971391593300307
C036,C007,1,0.670216725410645
C036,C008,1,0.6008898742612556
C036,C009,1,0.31225092054515596
C036,C010,1,0.3232822232312394
C036,C014,1,0.6107846059070903
C036,C015,1,0.4806340560301231
C036,C016,1,0.9551097831432833
C036,C017,1,0.788709345715361
C036,C018,1,0.30362728213364554
C036,C019,1,0.30674683587716073
C036,C025,1,0.5813917035069929
C036,C028,1,0.6360821137874608
C036,C030,1,0.47611614866659796
C036,C031,1,0.6406486901729793
C036,C034,1,0.20325628123080378
C036,C035,1,0.23520738093469185
C037,C005,1,0.2313534285152892
C037,C006,1,0.21986178571928364
C037,C007,1,0.18647906217461852
C037,C008,1,0.40154954628734835
C037,C009,1,0.3180070229942779
C037,C010,1,0.3171048812363099
C037,C014,1,0.16816871037665845
C037,C015,1,0.31783130151004396
C037,C016,1,0.9262368726998313
C037,C017,1,0.3213352390106286
C037,C018,1,0.3459410159354466
C037,C019,1,0.31752658829796304
C037,C025,1,0.10835410515734663
C037,C028,1,0.15829001993247932
C037,C030,1,0.19637461464823577
C037,C031,1,0.35894274791328734
C037,C034,1,0.36616238624350833
C037,C035,1,0.267474575812056
C037,C036,1,0.5516591336550284
C038,C005,1,0.19728543962260417
C038,C006,1,0.13153576702932193
C038,C007,1,0.197100701775197
C038,C008,1,0.44107749781509664
C038,C009,1,0.2864883620820389
C038,C010,1,0.29656554966451826
C038,C014,1,0.139182327015814
C038,C015,1,0.24482045097440872
C038,C016,1,0.8710808190804125
C038,C017,1,0.29072837821433956
C038,C018,1,0.3196143088492735
C038,C019,1,0.3148718562697313
C038,C025,1,0.12989904204925684
C038,C028,1,0.1483220286134027
C038,C030,1,0.11795461348371689
C038,C031,1,0.3458226268725017
C038,C034,1,0.31927091159467313
C038,C035,1,0.2511619913119978
C038,C036,1,0.5096951306752687
C038,C037,1,0.11450554372547439
C044,C029,2,0.7239515677637794
C045,C005,1,0.20194326537585958
C045,C006,1,0.12498522752264096
C045,C007,1,0.19731668530751603
C045,C008,1,0.4320022239408956
C045,C009,1,0.292522491213132
C045,C010,1,0.294779567956214
C045,C014,1,0.1284985145327187
C045,C015,1,0.23884850128253635
C045,C016,1,0.8664762594444889
C045,C017,1,0.3033680707901592
C045,C018,1,0.3045190443508257
C045,C019,1,0.2870202095205873
C045,C025,1,0.14019398932751653
C045,C028,1,0.13950040925837423
C045,C030,1,0.10942360876562231
C045,C031,1,0.3208744665063099
C045,C034,1,0.3252091473713919
C045,C035,1,0.2537186269003345
C045,C036,1,0.5208970715638698
C045,C037,1,0.12689496818078938
C045,C038,1,0.057581218317564034
C046,C005,1,0.2793147318529991
C046,C006,1,0.29099238741993705
C046,C007,1,0.1967517715772158
C046,C008,1,0.4447089592668064
C046,C009,1,0.3941734206562447
C046,C010,1,0.38875612374454305
C046,C014,1,0.18680694771950343
C046,C015,1,0.3903378229644374
C046,C016,1,0.9133094737450926
C046,C017,1,0.31757824041271093
C046,C018,1,0.4471575926129434
C046,C019,1,0.4086321265110688
C046,C025,1,0.15350635582467043
C046,C028,1,0.18971814471715984
C046,C030,1,0.2377246195266232
C046,C031,1,0.4137003389426204
C046,C034,1,0.4685984988347454
C046,C035,1,0.3864103080810655
C046,C036,1,0.6523736985661939
C046,C037,1,0.1365008326472945
C046,C038,1,0.18794133250603268
C046,C045,1,0.18257666158647373
C047,C005,1,0.3865211896120094
C047,C006,1,0.481501466695977
C047,C007,1,0.30287880684646223
C047,C008,1,0.5166244759113473
C047,C009,1,0.646866392183958
C047,C010,1,0.6914674506590751
C047,C014,1,0.3709182384111626
C047,C015,1,0.6611256405617515
C047,C016,1,0.7761483971515387
C047,C017,1,0.26786399469754507
C047,C018,1,0.7143322046360584
C047,C019,1,0.7265625171061165
C047,C025,1,0.3202701708040215
C047,C028,1,0.33847688544707055
C047,C030,1,0.5284675218996432
C047,C031,1,0.5396296169646553
C047,C034,1,0.6683924136901602
C047,C035,1,0.6827393209047996
C047,C036,1,0.81931346708548
C047,C037,1,0.43674525211471993
C047,C038,1,0.41447042732933176
C047,C045,1,0.43290023592151483
C047,C046,1,0.36024040794747775
C050,C005,1,0.2099577789168043
C050,C006,1,0.21076434897466678
C050,C007,1,0.25336600640047696
C050,C008,1,0.5091894475923924
C050,C009,1,0.27518578521582066
C050,C010,1,0.2831239996402459
C050,C014,1,0.20094477177704423
C050,C015,1,0.3300109164890355
C050,C016,1,1.0115603910431819
C050,C017,1,0.43161072259228
C050,C018,1,0.3480326475431864
C050,C019,1,0.2859167220037448
C050,C025,1,0.16629425420006883
C050,C028,1,0.23371676220909796
C050,C030,1,0.19996195677414233
C050,C031,1,0.3909913673707943
C050,C034,1,0.25036218375753755
C050,C035,1,0.26894140919232357
C050,C036,1,0.44574079861651394
C050,C037,1,0.1595665750990633
C050,C038,1,0.16368193298597516
C050,C045,1,0.16532434955183783
C050,C046,1,0.23233051072427807
C050,C047,1,0.5008256022977394
C051,C005,1,0.5018387280900863
C051,C006,1,0.6337742461039809
C051,C007,1,0.4313946445252303
C051,C008,1,0.4151745151233528
C051,C009,1,0.7878395293974598
C051,C010,1,0.8010760825326183
C051,C014,1,0.48723155966127196
C051,C015,1,0.703276803997965
C051,C016,1,0.6950110803705082
C051,C017,1,0.5325791319474567
C051,C018,1,0.8374792368486945
C051,C019,1,0.8285968163171099
C051,C025,1,0.49653836784992994
C051,C028,1,0.4912763361026007
C051,C030,1,0.5994902550389856
C051,C031,1,0.5723051579919661
C051,C034,1,0.66920191690824
C051,C035,1,0.6053490260391658
C051,C036,1,0.698334281275306
C051,C037,1,0.46799680595649146
C051,C038,1,0.535958375953304
C051,C045,1,0.5047318934844124
C051,C046,1,0.4916900944100929
C051,C047,1,0.5830456798321438
C051,C050,1,0.6117390266743679
C052,C005,1,0.25114529728132906
C052,C006,1,0.22278059820741447
C052,C007,1,0.3840702475672481
C052,C008,1,0.5832459946494608
C052,C009,1,0.2718156495222138
C052,C010,1,0.23566424008137937
C052,C014,1,0.3290810918415526
C052,C015,1,0.28834831058680327
C052,C016,1,0.9799232202310969
C052,C017,1,0.5628625546824476
C052,C018,1,0.3487335292225173
C052,C019,1,0.2688709597344286
C052,C025,1,0.2406402510604266
C052,C028,1,0.3295703871587046
C052,C030,1,0.23561780861327317
C052,C031,1,0.5500094749519209
C052,C034,1,0.280075002987888
C052,C035,1,0.25381416792914313
C052,C036,1,0.45893093247361194
C052,C037,1,0.24479757103527722
C052,C038,1,0.21120004577039642
C052,C045,1,0.20692714623123973
C052,C046,1,0.31971379858059196
C052,C047,1,0.5842683413161811
C052,C050,1,0.2058637139309776
C052,C051,1,0.688116496473607
C053,C005,1,0.3116145881160364
C053,C006,1,0.25120415233512394
C053,C007,1,0.4933260144565089
C053,C008,1,0.6114730031979411
C053,C009,1,0.17234340039589846
C053,C010,1,0.19023514607924089
C053,C014,1,0.4291624976469107
C053,C015,1,0.2661368911742282
C053,C016,1,1.0291408461143794
C053,C017,1,0.6513501757985483
C053,C018,1,0.20691338798389294
C053,C019,1,0.16638698466134405
C053,C025,1,0.3946995640503144
C053,C028,1,0.4330273969933086
C053,C030,1,0.21473722444344434
C053,C031,1,0.5465397498228325
C053,C034,1,0.2909125959169681
C053,C035,1,0.21819032700603178
C053,C036,1,0.39474464221418915
C053,C037,1,0.2733110138192411
C053,C038,1,0.280735315580259
C053,C045,1,0.2522154792135711
C053,C046,1,0.4676628894929731
C053,C047,1,0.7224113755163195
C053,C050,1,0.28367580199047765
C053,C051,1,0.7296456499893921
C053,C052,1,0.19801744194966744
C055,C029,2,0.4293034708394028
C055,C044,2,0.7114535547945093
C056,C005,1,0.21594140382601187
C056,C006,1,0.13856512990659187
C056,C007,1,0.17779403508892555
C056,C008,1,0.4187980210335514
C056,C009,1,0.3260079880723818
C056,C010,1,0.33389843117374995
C056,C014,1,0.11377647914521098
C056,C015,1,0.2600772449076773
C056,C016,1,0.8752689210791983
C056,C017,1,0.27258090724879414
C056,C018,1,0.34886058921767815
C056,C019,1,0.3124213268340016
C056,C025,1,0.12117547710000533
C056,C028,1,0.11751959847429588
C056,C030,1,0.13029568862084667
C056,C031,1,0.30106593126635606
C056,C034,1,0.3775093889750175
C056,C035,1,0.2851042962643864
C056,C036,1,0.5663949715859711
C056,C037,1,0.11379046700256025
C056,C038,1,0.062927255490814
C056,C045,1,0.04844960873974646
C056,C046,1,0.16515436806963252
C056,C047,1,0.39224194815663144
C056,C050,1,0.15376809959298218
C056,C051,1,0.45638136797654594
C056,C052,1,0.21021739437826792
C056,C053,1,0.2822205611257724
C057,C005,1,0.20201332600771715
C057,C006,1,0.09109604526677766
C057,C007,1,0.3310157506979163
C057,C008,1,0.49016619593790195
C057,C009,1,0.20241994120995874
C057,C010,1,0.19937165128393142
C057,C014,1,0.24079278368322288
C057,C015,1,0.1382525859838992
C057,C016,1,0.8620902690535307
C057,C017,1,0.43427334529854505
C057,C018,1,0.23183349570549808
C057,C019,1,0.2002938599462412
C057,C025,1,0.23679305811397605
C057,C028,1,0.23684359916670872
C057,C030,1,0.11757486471505406
C057,C031,1,0.3667429634720614
C057,C034,1,0.316346700470982
C057,C035,1,0.2744547718554292
C057,C036,1,0.5029472539558425
C057,C037,1,0.21808097687890304
C057,C038,1,0.12436835761258286
C057,C045,1,0.12654914468598863
C057,C046,1,0.26127230510897415
C057,C047,1,0.5177254187454116
C057,C050,1,0.22606572604740316
C057,C051,1,0.5882867134681511
C057,C052,1,0.1875873593313462
C057,C053,1,0.20913770809123042
C057,C056,1,0.141108149534746
C061,C005,1,0.27161855835452786
C061,C006,1,0.27832689636120184
C061,C007,1,0.08340060461075921
C061,C008,1,0.41495649581403193
C061,C009,1,0.4597046655759071
C061,C010,1,0.47289579552073613
C061,C014,1,0.11560111325057706
C061,C015,1,0.42705916882009354
C061,C016,1,0.896664472588511
C061,C017,1,0.13776151785409654
C061,C018,1,0.5082279485918417
C061,C019,1,0.4951294508290767
C061,C025,1,0.1594317288031611
C061,C028,1,0.10213487406007153
C061,C030,1,0.29668781729472465
C061,C031,1,0.2348253052609685
C061,C034,1,0.4796604224215569
C061,C035,1,0.4363866450330265
C061,C036,1,0.6432281571076375
C061,C037,1,0.16398348587890876
C061,C038,1,0.18365066366401786
C061,C045,1,0.18737624071678313
C061,C046,1,0.19515115426299548
C061,C047,1,0.3297591454215703
C061,C050,1,0.2334594877488907
C061,C051,1,0.5066054575176621
C061,C052,1,0.356072786518207
C061,C053,1,0.46063029744170186
C061,C056,1,0.16589395164855017
C061,C057,1,0.29781358112245115
C062,C005,1,0.26819900220651033
C062,C006,1,0.16995273470151212
C062,C007,1,0.16330437069874232
C062,C008,1,0.4310530916102564
C062,C009,1,0.33601968862659165
C062,C010,1,0.3725011619826859
C062,C014,1,0.11386793266885785
C062,C015,1,0.2859661733343474
C062,C016,1,0.9029246487660337
C062,C017,1,0.28829977261224243
C062,C018,1,0.35901586816701875
C062,C019,1,0.3718676490173246
C062,C025,1,0.160185765610515
C062,C028,1,0.13543819887696162
C062,C030,1,0.14933321097918173
C062,C031,1,0.26384193675487616
C062,C034,1,0.3570686196425178
C062,C035,1,0.33386367513715004
C062,C036,1,0.5482125933431613
C062,C037,1,0.16911248945607457
C062,C038,1,0.12428503005534544
C062,C045,1,0.12530014677982645
C062,C046,1,0.22808486698998245
C062,C047,1,0.431083352370717
C062,C050,1,0.1963497086489654
C062,C051,1,0.5772459936868458
C062,C052,1,0.26961093305738576
C062,C053,1,0.3377799585508376
C062,C056,1,0.1296495207222494
C062,C057,1,0.18201719943411937
C062,C061,1,0.15728875877782425
C063,C005,1,0.18914530801800827
C063,C006,1,0.07507108566623988
C063,C007,1,0.2783970295710279
C063,C008,1,0.4475649010277696
C063,C009,1,0.19953710724878196
C063,C010,1,0.21460791656034064
C063,C014,1,0.20066355509233452
C063,C015,1,0.15046430011713632
C063,C016,1,0.8525646995452453
C063,C017,1,0.4076452304145172
C063,C018,1,0.24394860860099526
C063,C019,1,0.20819510835067084
C063,C025,1,0.1988930800526152
C063,C028,1,0.2064445109026967
C063,C030,1,0.10765150955740467
C063,C031,1,0.35145751192236174
C063,C034,1,0.27897100247370205
C063,C035,1,0.2482601594819945
C063,C036,1,0.4360637440210497
C063,C037,1,0.18494771021890236
C063,C038,1,0.11157039947979869
C063,C045,1,0.10337456141350561
C063,C046,1,0.25144878478527566
C063,C047,1,0.4896185982458971
C063,C050,1,0.1971090451768448
C063,C051,1,0.5945610220607972
C063,C052,1,0.19798032858748182
C063,C053,1,0.22597828465593753
C063,C056,1,0.11311489016321649
C063,C057,1,0.07486629218854401
C063,C061,1,0.25793173619557624
C063,C062,1,0.1590486200920342
C064,C005,1,0.19300369888764587
C064,C006,1,0.0925151908107366
C064,C007,1,0.28918342915574785
C064,C008,1,0.4648325338154272
C064,C009,1,0.20009297874272367
C064,C010,1,0.18899365020967657
C064,C014,1,0.21694102562128573
C064,C015,1,0.15528794936519696
C064,C016,1,0.8494929441232846
C064,C017,1,0.4430010687059646
C064,C018,1,0.22489323496742875
C064,C019,1,0.19767838673438043
C064,C025,1,0.19059716139713256
C064,C028,1,0.21477986765725932
C064,C030,1,0.10421958681608043
C064,C031,1,0.3747937482854077
C064,C034,1,0.2787659667757915
C064,C035,1,0.2503206171566145
C064,C036,1,0.44243869108016054
C064,C037,1,0.17038166561843474
C064,C038,1,0.10662024464726291
C064,C045,1,0.10010833031730423
C064,C046,1,0.23876028331601265
C064,C047,1,0.4952418986910761
C064,C050,1,0.18743833474895638
C064,C051,1,0.5941187599666965
C064,C052,1,0.21600179968902375
C064,C053,1,0.23036366184604493
C064,C056,1,0.1172832207209166
C064,C057,1,0.07367086479912087
C064,C061,1,0.26225454858182434
C064,C062,1,0.1656545898075409
C064,C063,1,0.06631763738765047
C065,C005,1,0.19037069928745706
C065,C006,1,0.16990067642823964
C065,C007,1,0.2892792459064483
C065,C008,1,0.4133479809589816
C065,C009,1,0.24023871338250916
C065,C010,1,0.2396490915979019
C065,C014,1,0.22418148284991685
C065,C015,1,0.22496742401897535
C065,C016,1,0.8416333006058787
C065,C017,1,0.4204137681270577
C065,C018,1,0.3029675547360255
C065,C019,1,0.24291716205969635
C065,C025,1,0.1891591115279393
C065,C028,1,0.25851320802535555
C065,C030,1,0.17563409537763827
C065,C031,1,0.4108301088961318
C065,C034,1,0.28326332810896715
C065,C035,1,0.23102653021149158
C065,C036,1,0.446071188215386
C065,C037,1,0.1842221409883026
C065,C038,1,0.15826560205737913
C065,C045,1,0.15088086449996346
C065,C046,1,0.24140710995227418
C065,C047,1,0.506390420089618
C065,C050,1,0.1805877523531911
C065,C051,1,0.4987071342121383
C065,C052,1,0.1772165111002071
C065,C053,1,0.22596896272565875
C065,C056,1,0.16073225810555028
C065,C057,1,0.14329732241700763
C065,C061,1,0.293145978434742
C065,C062,1,0.20636982154474698
C065,C063,1,0.12951553122762677
C065,C064,1,0.11430544958102716
C086,C005,1,0.17443650971486188
C086,C006,1,0.09336459453711533
C086,C007,1,0.30953713833926044
C086,C008,1,0.4613222056389502
C086,C009,1,0.18198987732152808
C086,C010,1,0.18955572063858048
C086,C014,1,0.23022891559455236
C086,C015,1,0.17654607366074648
C086,C016,1,0.8807054016550704
C086,C017,1,0.4732147406785161
C086,C018,1,0.2174338356529164
C086,C019,1,0.1977177837769726
C086,C025,1,0.22177246076906904
C086,C028,1,0.23404373573511972
C086,C030,1,0.08769265899656335
C086,C031,1,0.3550183397781611
C086,C034,1,0.29708977649843676
C086,C035,1,0.2717138950536676
C086,C036,1,0.4845747120183616
C086,C037,1,0.17813726424915471
C086,C038,1,0.12393599419926209
C086,C045,1,0.13158615562395487
C086,C046,1,0.2531423876839923
C086,C047,1,0.5711283597481356
C086,C050,1,0.20064125277665096
C086,C051,1,0.5904651339850924
C086,C052,1,0.21893957513014622
C086,C053,1,0.20471271782393458
C086,C056,1,0.13834651334436346
C086,C057,1,0.11864732241872931
C086,C061,1,0.2848732282514201
C086,C062,1,0.17770900903687567
C086,C063,1,0.09900750096205606
C086,C064,1,0.10775796122079044
C086,C065,1,0.17683705589457077
C087,C005,1,0.3702140381319185
C087,C006,1,0.3668309763610155
C087,C007,1,0.21800834227831573
C087,C008,1,0.5121974694754929
C087,C009,1,0.5219976332615244
C087,C010,1,0.5671968938922526
C087,C014,1,0.22846646511964383
C087,C015,1,0.4551389773760702
C087,C016,1,0.9427873692820907
C087,C017,1,0.23949723205160708
C087,C018,1,0.5363023649275228
C087,C019,1,0.555581042994457
C087,C025,1,0.3015160379452697
C087,C028,1,0.18171768785390474
C087,C030,1,0.331451394317528
C087,C031,1,0.140358153159346
C087,C034,1,0.537046692534499
C087,C035,1,0.5187953020304832
C087,C036,1,0.6506177354114371
C087,C037,1,0.32585884497135986
C087,C038,1,0.30144731676243774
C087,C045,1,0.2891428433431595
C087,C046,1,0.37749008372838316
C087,C047,1,0.4830425423673818
C087,C050,1,0.37215135671412153
C087,C051,1,0.5676194974573556
C087,C052,1,0.5378079515037478
C087,C053,1,0.5361001264571695
C087,C056,1,0.25490815663313815
C087,C057,1,0.3611354489033167
C087,C061,1,0.18945012552547302
C087,C062,1,0.24008293468394096
C087,C063,1,0.34063432707267594
C087,C064,1,0.36842054632314875
C087,C065,1,0.3744539031070931
C087,C086,1,0.34867727075499494
C091,C005,1,0.31203542521671407
C091,C006,1,0.23431576672703783
C091,C007,1,0.458372665607652
C091,C008,1,0.5630275130808909
C091,C009,1,0.18390179870324125
C091,C010,1,0.1601458472867681
C091,C014,1,0.3622675830771656
C091,C015,1,0.259753268061054
C091,C016,1,0.9178914101978212
C091,C017,1,0.5958384326200317
C091,C018,1,0.2232866810432224
C091,C019,1,0.16047054975843664
C091,C025,1,0.27457811012935074
C091,C028,1,0.39290853005751847
C091,C030,1,0.24332853782555477
C091,C031,1,0.5529626278049746
C091,C034,1,0.32092225847136596
C091,C035,1,0.262974309202287
C091,C036,1,0.5167790814769966
C091,C037,1,0.25175058044349735
C091,C038,1,0.25217121579919455
C091,C045,1,0.23720457155731065
C091,C046,1,0.3165553617654019
C091,C047,1,0.7154525540809472
C091,C050,1,0.2469463166453783
C091,C051,1,0.6247284280099498
C091,C052,1,0.13716303434064545
C091,C053,1,0.13233831503227766
C091,C056,1,0.24940947920362508
C091,C057,1,0.20150759914545563
C091,C061,1,0.4123287146619935
C091,C062,1,0.3131089610192724
C091,C063,1,0.21731512706382794
C091,C064,1,0.20025083157808268
C091,C065,1,0.22163944323107926
C091,C086,1,0.2179324631085259
C091,C087,1,0.5325638380954895
C092,C005,1,0.17045337950680314
C092,C006,1,0.1442114832569636
C092,C007,1,0.2454303239369471
C092,C008,1,0.44207334929643366
C092,C009,1,0.22048534663225405
C092,C010,1,0.2606066612757509
C092,C014,1,0.17092869312119416
C092,C015,1,0.2364388439095405
C092,C016,1,0.8835561604788802
C092,C017,1,0.38658705454357933
C092,C018,1,0.2675469422244063
C092,C019,1,0.2535747228328993
C092,C025,1,0.1466237852991916
C092,C028,1,0.19451034180115617
C092,C030,1,0.11221405527746109
C092,C031,1,0.36472099332424374
C092,C034,1,0.25496466179581945
C092,C035,1,0.2412012845553727
C092,C036,1,0.4433245208038693
C092,C037,1,0.13415911526781446
C092,C038,1,0.09635933466760757
C092,C045,1,0.08719847671424164
C092,C046,1,0.22244555665052843
C092,C047,1,0.494157459214806
C092,C050,1,0.1508700844558807
C092,C051,1,0.5877288686780918
C092,C052,1,0.18358061468847925
C092,C053,1,0.24007653611431498
C092,C056,1,0.09606362969645729
C092,C057,1,0.1266277944520806
C092,C061,1,0.22948814299582015
C092,C062,1,0.15931456514687486
C092,C063,1,0.10992334906653528
C092,C064,1,0.11305690710768619
C092,C065,1,0.12515164400517292
C092,C086,1,0.13115893878216253
C092,C087,1,0.3424510830779457
C092,C091,1,0.2124787030073095
C093,C005,1,0.3263614745685946
C093,C006,1,0.18481414939858623
C093,C007,1,0.48650174568336146
C093,C008,1,0.5504731679363296
C093,C009,1,0.11774461739978762
C093,C010,1,0.1329078298481421
C093,C014,1,0.3856402307611503
C093,C015,1,0.1441904642209398
C093,C016,1,0.9115229138384013
C093,C017,1,0.6409870398920702
C093,C018,1,0.14519077301196628
C093,C019,1,0.1290952556643599
C093,C025,1,0.3970621802745504
C093,C028,1,0.41785197621669173
C093,C030,1,0.15379185154975442
C093,C031,1,0.5106947412052
C093,C034,1,0.2590682728413636
C093,C035,1,0.24719366545005603
C093,C036,1,0.38395148329780115
C093,C037,1,0.2870661472195576
C093,C038,1,0.2446939909876621
C093,C045,1,0.23458676999389486
C093,C046,1,0.4180419384717082
C093,C047,1,0.6669154772319993
C093,C050,1,0.26785016826026964
C093,C051,1,0.783445417511201
C093,C052,1,0.2687710527240017
C093,C053,1,0.22855360916080902
C093,C056,1,0.2679697122452371
C093,C057,1,0.148090509211827
C093,C061,1,0.42923093856106526
C093,C062,1,0.2945113121898569
C093,C063,1,0.16784964160155488
C093,C064,1,0.15781857469762453
C093,C065,1,0.21960514630767414
C093,C086,1,0.19573453392971676
C093,C087,1,0.5021100658560308
C093,C091,1,0.2063681945837989
C093,C092,1,0.20694512609542598
C095,C005,1,0.20651481807159325
C095,C006,1,0.14519371571959197
C095,C007,1,0.3089281361796298
C095,C008,1,0.44399529038703495
C095,C009,1,0.20843060651370504
C095,C010,1,0.21509495841205986
C095,C014,1,0.24404154282098076
C095,C015,1,0.15017624891509734
C095,C016,1,0.7680373152544103
C095,C017,1,0.4211673789291855
C095,C018,1,0.24739533968783048
C095,C019,1,0.22156737080080272
C095,C025,1,0.24691311615383368
C095,C028,1,0.2485124227857
C095,C030,1,0.17127450722363316
C095,C031,1,0.3432586480008442
C095,C034,1,0.268330937430676
C095,C035,1,0.25154690659901524
C095,C036,1,0.37440762548155976
C095,C037,1,0.2100320365220055
C095,C038,1,0.16628769219109374
C095,C045,1,0.1610129790140414
C095,C046,1,0.29272513530127403
C095,C047,1,0.46630620662118194
C095,C050,1,0.24416077618741808
C095,C051,1,0.6000846299948157
C095,C052,1,0.25929949021932985
C095,C053,1,0.26700301599273435
C095,C056,1,0.1729102905333463
C095,C057,1,0.1331330143196088
C095,C061,1,0.2735355446297086
C095,C062,1,0.20268019508828228
C095,C063,1,0.11554343790358704
C095,C064,1,0.12841093344384014
C095,C065,1,0.16235066086189145
C095,C086,1,0.1589540637923384
C095,C087,1,0.33422820620271154
C095,C091,1,0.2522781161432013
C095,C092,1,0.16767700930323481
C095,C093,1,0.17471522553051586
C099,C005,1,0.6069101012091467
C099,C006,1,0.7609073273649557
C099,C007,1,0.5928517250218489
C099,C008,1,0.343719865127466
C099,C009,1,0.8328051030191478
C099,C010,1,0.8376311635504692
C099,C014,1,0.6611995208412177
C099,C015,1,0.8450952361495189
C099,C016,1,0.6160190131250457
C099,C017,1,0.5943819929438394
C099,C018,1,0.8740322011137839
C099,C019,1,0.8376895586556931
C099,C025,1,0.5918621152691949
C099,C028,1,0.6251659691977066
C099,C030,1,0.804178429497341
C099,C031,1,0.7275982178398073
C099,C034,1,0.8182932883985284
C099,C035,1,0.766836606702974
C099,C036,1,0.8276996606577358
C099,C037,1,0.6035176705779222
C099,C038,1,0.6651718504380656
C099,C045,1,0.6720979616231285
C099,C046,1,0.5628129744148743
C099,C047,1,0.5770356519138561
C099,C050,1,0.7051224682873668
C099,C051,1,0.49285438159044054
C099,C052,1,0.7365203091762604
C099,C053,1,0.8533642785254808
C099,C056,1,0.619392976475281
C099,C057,1,0.7102608932191968
C099,C061,1,0.6091476191205792
C099,C062,1,0.7018682439030032
C099,C063,1,0.7457386765370476
C099,C064,1,0.7322848952357522
C099,C065,1,0.6690708282063916
C099,C086,1,0.7478203694037717
C099,C087,1,0.7090454606688317
C099,C091,1,0.7356008075743512
C099,C092,1,0.6998975179362322
C099,C093,1,0.8452882638004383
C099,C095,1,0.7227227271310466
C100,C005,1,0.7076050209689806
C100,C006,1,0.8316503099901129
C100,C007,1,0.6682032582231215
C100,C008,1,0.4073442352712903
C100,C009,1,0.84247727034281
C100,C010,1,0.8697632820402333
C100,C014,1,0.729358670575745
C100,C015,1,0.9126927084137475
C100,C016,1,0.717714272107736
C100,C017,1,0.6563143758116077
C100,C018,1,0.8884085754547763
C100,C019,1,0.864169730249625
C100,C025,1,0.6846262790942723
C100,C028,1,0.7066858823954891
C100,C030,1,0.8310852172295705
C100,C031,1,0.7955841686529761
C100,C034,1,0.8352594725308035
C100,C035,1,0.8017047222546516
C100,C036,1,0.8191551061102159
C100,C037,1,0.6738727655891444
C100,C038,1,0.745327462438819
C100,C045,1,0.7420633047907954
C100,C046,1,0.68979994308415
C100,C047,1,0.6880331156738936
C100,C050,1,0.7767272028455904
C100,C051,1,0.5676601028931416
C100,C052,1,0.8359765081179059
C100,C053,1,0.8908460322565254
C100,C056,1,0.709705677963651
C100,C057,1,0.8113984191023442
C100,C061,1,0.6771209362544129
C100,C062,1,0.7515986392118158
C100,C063,1,0.7956596847265401
C100,C064,1,0.8015786747662089
C100,C065,1,0.7434266891568009
C100,C086,1,0.8221137839674801
C100,C087,1,0.7666058356199343
C100,C091,1,0.8221633523086918
C100,C092,1,0.7558247372226659
C100,C093,1,0.89359577846158
C100,C095,1,0.774769421855815
C100,C099,1,0.1304587736124225
C103,C005,1,0.1896479457787481
C103,C006,1,0.1493653938712402
C103,C007,1,0.25351345564204214
C103,C008,1,0.44260865592758764
C103,C009,1,0.30177739489428446
C103,C010,1,0.3495380439169607
C103,C014,1,0.17573456027759424
C103,C015,1,0.26858718691814526
C103,C016,1,0.8089274334733761
C103,C017,1,0.3367765109593069
C103,C018,1,0.34851821586006904
C103,C019,1,0.34732865201635255
C103,C025,1,0.2188441509449751
C103,C028,1,0.20507437578480758
C103,C030,1,0.18671454346523234
C103,C031,1,0.292531524519826
C103,C034,1,0.3625002433826347
C103,C035,1,0.34242119728285336
C103,C036,1,0.47257389386426374
C103,C037,1,0.22949733915170603
C103,C038,1,0.1534352968963563
C103,C045,1,0.18326152583320326
C103,C046,1,0.31760284284076507
C103,C047,1,0.4055394168191621
C103,C050,1,0.21329986294082376
C103,C051,1,0.6089597654318509
C103,C052,1,0.2827211316766068
C103,C053,1,0.35740544539806574
C103,C056,1,0.20159082881907825
C103,C057,1,0.17809762792315736
C103,C061,1,0.22642985435426416
C103,C062,1,0.17410653399194012
C103,C063,1,0.14520461001367718
C103,C064,1,0.16371504639006904
C103,C065,1,0.20287077421349142
C103,C086,1,0.19666540919344336
C103,C087,1,0.2908081555629837
C103,C091,1,0.3263079544297526
C103,C092,1,0.14371768137414978
C103,C093,1,0.2665057832136445
C103,C095,1,0.13825891580091573
C103,C099,1,0.7216791650815569
C103,C100,1,0.7592940639501584
C104,C005,1,0.37770045317364803
C104,C006,1,0.3823104600203495
C104,C007,1,0.1509315787862014
C104,C008,1,0.40547943747281256
C104,C009,1,0.6050675906791853
C104,C010,1,0.582049608921951
C104,C014,1,0.2209310918062933
C104,C015,1,0.5059407999568519
C104,C016,1,0.8300103170388348
C104,C017,1,0.16846352841900442
C104,C018,1,0.6297749811157636
C104,C019,1,0.6049021793079271
C104,C025,1,0.23913025017267436
C104,C028,1,0.18078954175310946
C104,C030,1,0.3639934143763364
C104,C031,1,0.23296359353217747
C104,C034,1,0.594455922334112
C104,C035,1,0.5108195134577221
C104,C036,1,0.7179058494881383
C104,C037,1,0.25303752750068603
C104,C038,1,0.2786828650094836
C104,C045,1,0.2883515214719706
C104,C046,1,0.22451539710082552
C104,C047,1,0.33563678723231455
C104,C050,1,0.31713086832339715
C104,C051,1,0.41110697301749766
C104,C052,1,0.4150657771640168
C104,C053,1,0.5693629539368501
C104,C056,1,0.2710249177016884
C104,C057,1,0.3932624162835177
C104,C061,1,0.15001323157152788
C104,C062,1,0.2365266155281594
C104,C063,1,0.36179793971979557
C104,C064,1,0.3749981565389562
C104,C065,1,0.35843760583970957
C104,C086,1,0.3850979749245771
C104,C087,1,0.23517228272646087
C104,C091,1,0.4866673786839143
C104,C092,1,0.31769991650757656
C104,C093,1,0.5197272383803653
C104,C095,1,0.37934928389858114
C104,C099,1,0.54105917428332
C104,C100,1,0.6451629645116596
C104,C103,1,0.3425580419207306
C105,C005,1,0.1998529288128195
C105,C006,1,0.13478726478407463
C105,C007,1,0.32207609459365805
C105,C008,1,0.48616004105515676
C105,C009,1,0.16404619720344216
C105,C010,1,0.18912049969624609
C105,C014,1,0.2643290992905127
C105,C015,1,0.21105477073540763
C105,C016,1,0.895950071469899
C105,C017,1,0.5002564233403128
C105,C018,1,0.204307013941183
C105,C019,1,0.1689059507536818
C105,C025,1,0.1931764457289834
C105,C028,1,0.2533598424578859
C105,C030,1,0.12260745690048157
C105,C031,1,0.4473353806553177
C105,C034,1,0.22283259793708565
C105,C035,1,0.20248195270460057
C105,C036,1,0.38386849726153033
C105,C037,1,0.16841874534910986
C105,C038,1,0.1300732315029641
C105,C045,1,0.12197701877770296
C105,C046,1,0.23134683688314187
C105,C047,1,0.5739001372796905
C105,C050,1,0.17773703817643252
C105,C051,1,0.6624757432533609
C105,C052,1,0.17807116107725074
C105,C053,1,0.21259203173554198
C105,C056,1,0.13760584595043024
C105,C057,1,0.1254130475050502
C105,C061,1,0.2815891127047848
C105,C062,1,0.2044126864591896
C105,C063,1,0.10765104516607418
C105,C064,1,0.10123043389723231
C105,C065,1,0.1209615358438332
C105,C086,1,0.14671058789681643
C105,C087,1,0.42855790729435694
C105,C091,1,0.16482192148684735
C105,C092,1,0.09566502690456209
C105,C093,1,0.14834636739995
C105,C095,1,0.16648276906115866
C105,C099,1,0.7098517011745797
C105,C100,1,0.776297728126018
C105,C103,1,0.1891147768274851
C105,C104,1,0.36511614733784425
C106,C005,1,0.2919822927973922
C106,C006,1,0.27285767021343066
C106,C007,1,0.4921813527923985
C106,C008,1,0.517283826687355
C106,C009,1,0.13605353937011455
C106,C010,1,0.14501165156964185
C106,C014,1,0.44244804182145564
C106,C015,1,0.2739057373441603
C106,C016,1,0.8739906900275596
C106,C017,1,0.6540281837109391
C106,C018,1,0.18820540287570547
C106,C019,1,0.1260428350776438
C106,C025,1,0.3554804891766379
C106,C028,1,0.4267683097177852
C106,C030,1,0.22965741141161777
C106,C031,1,0.5654146930499181
C106,C034,1,0.20768959981408278
C106,C035,1,0.1356132182884125
C106,C036,1,0.21376031349072988
C106,C037,1,0.29386225417844913
C106,C038,1,0.2891453093554744
C106,C045,1,0.2799426262564631
C106,C046,1,0.33508145392942906
C106,C047,1,0.688027475899555
C106,C050,1,0.2782129413413821
C106,C051,1,0.7028081663019513
C106,C052,1,0.2930936944479429
C106,C053,1,0.18931008649424005
C106,C056,1,0.2935117798564634
C106,C057,1,0.24285832769628665
C106,C061,1,0.4256183103831091
C106,C062,1,0.34833469048736754
C106,C063,1,0.23894068791067472
C106,C064,1,0.2358585994018242
C106,C065,1,0.2500096909519431
C106,C086,1,0.263712270227553
C106,C087,1,0.5654235473788839
C106,C091,1,0.20430038974335032
C106,C092,1,0.2505420010223979
C106,C093,1,0.1874668655986819
C106,C095,1,0.21741389159733787
C106,C099,1,0.6958039928613818
C106,C100,1,0.7590646255762873
C106,C103,1,0.3251352884867136
C106,C104,1,0.5064725392121951
C106,C105,1,0.187709080753043
C109,C005,1,0.31632943001639124
C109,C006,1,0.18665260525039581
C109,C007,1,0.5004494578856765
C109,C008,1,0.5731209371645299
C109,C009,1,0.2044832814459541
C109,C010,1,0.1947153734364393
C109,C014,1,0.40303026970135575
C109,C015,1,0.08276133782510063
C109,C016,1,0.8757023635076987
C109,C017,1,0.6396023369108929
C109,C018,1,0.23124525639704716
C109,C019,1,0.2166246133195339
C109,C025,1,0.3949137200660709
C109,C028,1,0.4118723586419033
C109,C030,1,0.18876242045590638
C109,C031,1,0.5112488165956212
C109,C034,1,0.3364341775715818
C109,C035,1,0.33320557414166857
C109,C036,1,0.4542785446827349
C109,C037,1,0.31912242895340137
C109,C038,1,0.25836450882773015
C109,C045,1,0.26244118408962985
C109,C046,1,0.4129878647923655
C109,C047,1,0.6662598297844344
C109,C050,1,0.3043900942437575
C109,C051,1,0.7743364270434259
C109,C052,1,0.30247917942440655
C109,C053,1,0.28534816185543094
C109,C056,1,0.2890082823852231
C109,C057,1,0.1510532778322089
C109,C061,1,0.43671900511447626
C109,C062,1,0.30510412754078514
C109,C063,1,0.17844134199869024
C109,C064,1,0.17918520237682267
C109,C065,1,0.23260442362605224
C109,C086,1,0.2171506639128219
C109,C087,1,0.5204661355885715
C109,C091,1,0.26585247695413544
C109,C092,1,0.24424899495770486
C109,C093,1,0.1319595436790106
C109,C095,1,0.15549140372085787
C109,C099,1,0.8533058127319639
C109,C100,1,0.9177748512172961
C109,C103,1,0.2611124183626485
C109,C104,1,0.528701341375017
C109,C105,1,0.19857086402395033
C109,C106,1,0.2561728007872664
C110,C005,1,0.4779757099192414
C110,C006,1,0.34234602363571287
C110,C007,1,0.6880954785627927
C110,C008,1,0.6189141567396911
C110,C009,1,0.26783134635010214
C110,C010,1,0.24539577980746555
C110,C014,1,0.5748362167335423
C110,C015,1,0.1558997461744872
C110,C016,1,0.999455630836989
C110,C017,1,0.8430201824972589
C110,C018,1,0.29969907779966076
C110,C019,1,0.27657160558981225
C110,C025,1,0.552429312133239
C110,C028,1,0.6132412357149324
C110,C030,1,0.32637267512339657
C110,C031,1,0.6051425653521336
C110,C034,1,0.39719288151185606
C110,C035,1,0.41152231042974174
C110,C036,1,0.4834871805892106
C110,C037,1,0.4860758166535702
C110,C038,1,0.4378332845172726
C110,C045,1,0.43879777407538884
C110,C046,1,0.5763311092166847
C110,C047,1,0.7809190442120286
C110,C050,1,0.42768947267536717
C110,C051,1,0.8988746406833086
C110,C052,1,0.42107061423202635
C110,C053,1,0.3477451051323424
C110,C056,1,0.4778421602670195
C110,C057,1,0.2985953080428691
C110,C061,1,0.5891446674108136
C110,C062,1,0.44820084505077934
C110,C063,1,0.3228408369132558
C110,C064,1,0.3150436168878553
C110,C065,1,0.39221653303344656
C110,C086,1,0.3279557381002299
C110,C087,1,0.6092093491487636
C110,C091,1,0.33440589511096125
C110,C092,1,0.38522337254784456
C110,C093,1,0.22384669678831368
C110,C095,1,0.27453857307969304
C110,C099,1,1.000399408146299
C110,C100,1,1.0281147421432026
C110,C103,1,0.42304175394134313
C110,C104,1,0.731139400204462
C110,C105,1,0.31914304046415287
C110,C106,1,0.330066587071477
C110,C109,1,0.15061164171205216
C118,C005,1,0.3561392999474992
C118,C006,1,0.29755973934258945
C118,C007,1,0.28950305199273274
C118,C008,1,0.41307340294167866
C118,C009,1,0.4407163762925388
C118,C010,1,0.42386107108714866
C118,C014,1,0.2687645421458815
C118,C015,1,0.34534632869494897
C118,C016,1,0.5924567645090393
C118,C017,1,0.37040650003658815
C118,C018,1,0.4741067613563342
C118,C019,1,0.4172396440143412
C118,C025,1,0.2780672009841875
C118,C028,1,0.2723612791401541
C118,C030,1,0.28877882893712525
C118,C031,1,0.39313778274760214
C118,C034,1,0.4853366403219187
C118,C035,1,0.39466881395566894
C118,C036,1,0.6202705066607139
C118,C037,1,0.1911315587484515
C118,C038,1,0.24842605981355637
C118,C045,1,0.2549756633973992
C118,C046,1,0.21700465439391162
C118,C047,1,0.45177786009135373
C118,C050,1,0.32691760912505813
C118,C051,1,0.4814430345623222
C118,C052,1,0.3426633747953096
C118,C053,1,0.41802617701929135
C118,C056,1,0.24836789608236726
C118,C057,1,0.2992789767434553
C118,C061,1,0.2910929850142639
C118,C062,1,0.27626567463303486
C118,C063,1,0.2745360573325514
C118,C064,1,0.25761119265344706
C118,C065,1,0.26081588812641965
C118,C086,1,0.2761457591292355
C118,C087,1,0.3542980690492302
C118,C091,1,0.305737493836789
C118,C092,1,0.2556072545209204
C118,C093,1,0.3064526243837914
C118,C095,1,0.2705640261838297
C118,C099,1,0.5338930357001465
C118,C100,1,0.6257942775317414
C118,C103,1,0.3140587909015331
C118,C104,1,0.30324601379819327
C118,C105,1,0.2653547121339968
C118,C106,1,0.3817272114100881
C118,C109,1,0.3545174092836011
C118,C110,1,0.49230324632739075
C125,C029,2,0.3473453809550232
C125,C044,2,0.6527163586004976
C125,C055,2,0.41525715155088283
C129,C005,1,0.3060988880413497
C129,C006,1,0.3149966754467627
C129,C007,1,0.4033058579764955
C129,C008,1,0.5519010367381931
C129,C009,1,0.309112110744422
C129,C010,1,0.34974176744148555
C129,C014,1,0.2807450076683079
C129,C015,1,0.3541933376278636
C129,C016,1,1.100169938684227
C129,C017,1,0.5029860483025228
C129,C018,1,0.3408503059262273
C129,C019,1,0.33852759585934267
C129,C025,1,0.3013350931919744
C129,C028,1,0.34783512636978253
C129,C030,1,0.274782454173262
C129,C031,1,0.36517969399719896
C129,C034,1,0.39482432609277696
C129,C035,1,0.34708928776337444
C129,C036,1,0.5146186273517169
C129,C037,1,0.30688147892321127
C129,C038,1,0.2781699944292088
C129,C045,1,0.25231490843467513
C129,C046,1,0.3808201684437372
C129,C047,1,0.6347144047119834
C129,C050,1,0.23030326701763168
C129,C051,1,0.8077366083750501
C129,C052,1,0.393176449623429
C129,C053,1,0.3012578192525454
C129,C056,1,0.2711696913628454
C129,C057,1,0.27278981377925327
C129,C061,1,0.3517552848197183
C129,C062,1,0.26683147611192337
C129,C063,1,0.26689321931351256
C129,C064,1,0.2886689185315316
C129,C065,1,0.23956825273698046
C129,C086,1,0.20740120419293262
C129,C087,1,0.3526527031512816
C129,C091,1,0.2654629178049929
C129,C092,1,0.24022891885145922
C129,C093,1,0.32575970631875245
C129,C095,1,0.3081512581406152
C129,C099,1,0.8536085121641331
C129,C100,1,0.864581429064011
C129,C103,1,0.29943352085537495
C129,C104,1,0.46928976426458713
C129,C105,1,0.2894556793369463
C129,C106,1,0.38965870048035356
C129,C109,1,0.386026315521728
C129,C110,1,0.40553662388878287
C129,C118,1,0.4135938455922487
C130,C005,1,0.3402061135083556
C130,C006,1,0.30467285846911213
C130,C007,1,0.5010737656210903
C130,C008,1,0.4975097179847729
C130,C009,1,0.1992851775305895
C130,C010,1,0.21726599294210083
C130,C014,1,0.41308778996956
C130,C015,1,0.3271172245290922
C130,C016,1,0.9189684971805224
C130,C017,1,0.6585596010257817
C130,C018,1,0.19038069654060816
C130,C019,1,0.17378185438935503
C130,C025,1,0.3562683925401741
C130,C028,1,0.4389612071140445
C130,C030,1,0.26579257781901944
C130,C031,1,0.5413159488588568
C130,C034,1,0.18573422461090192
C130,C035,1,0.1343054930449491
C130,C036,1,0.26962018476849253
C130,C037,1,0.27477974033601454
C130,C038,1,0.25412435891566043
C130,C045,1,0.258814293349138
C130,C046,1,0.379266924058196
C130,C047,1,0.7911746072037887
C130,C050,1,0.285221364952302
C130,C051,1,0.7333017906672256
C130,C052,1,0.27429750586329293
C130,C053,1,0.27677034813053203
C130,C056,1,0.2879225367030823
C130,C057,1,0.265991929644628
C130,C061,1,0.42482642172772084
C130,C062,1,0.33307550158446875
C130,C063,1,0.2478011541014636
C130,C064,1,0.23507806005588738
C130,C065,1,0.257006198897469
C130,C086,1,0.26598802481939693
C130,C087,1,0.5270564261589573
C130,C091,1,0.2121317918937373
C130,C092,1,0.2591986984919259
C130,C093,1,0.23320532112122702
C130,C095,1,0.25956408491223937
C130,C099,1,0.7684661086289134
C130,C100,1,0.7978101554809529
C130,C103,1,0.3410255562860115
C130,C104,1,0.49225369346928544
C130,C105,1,0.18908941105521745
C130,C106,1,0.16862125968480476
C130,C109,1,0.31275290509961257
C130,C110,1,0.37951957991396396
C130,C118,1,0.3875959990372945
C130,C129,1,0.3590322325905658
C138,C029,2,0.6701189830651159
C138,C044,2,0.874986067029792
C138,C055,2,0.8473964066601024
C138,C125,2,0.6707327751316166
C139,C005,1,0.29864631469121555
C139,C006,1,0.35694062182236214
C139,C007,1,0.13155448211247092
C139,C008,1,0.41326822335295554
C139,C009,1,0.5027530489236833
C139,C010,1,0.5191435803923931
C139,C014,1,0.18951292601396472
C139,C015,1,0.5348534591049359
C139,C016,1,0.8958443029951406
C139,C017,1,0.14877062866030394
C139,C018,1,0.5719129996807821
C139,C019,1,0.5488091975756115
C139,C025,1,0.2018586378995134
C139,C028,1,0.1727858035351336
C139,C030,1,0.38797207395012506
C139,C031,1,0.3081038467858542
C139,C034,1,0.5425094471530587
C139,C035,1,0.5232206891226902
C139,C036,1,0.7009036855481993
C139,C037,1,0.25413091702840523
C139,C038,1,0.24962439560897667
C139,C045,1,0.26565794547858357
C139,C046,1,0.24908526576208057
C139,C047,1,0.3287778672420442
C139,C050,1,0.32750232552324465
C139,C051,1,0.5386878146662037
C139,C052,1,0.4299899200659382
C139,C053,1,0.5599994616030826
C139,C056,1,0.25089507748397905
C139,C057,1,0.3673361398954656
C139,C061,1,0.13458777834172395
C139,C062,1,0.24835805932333865
C139,C063,1,0.33078154745817856
C139,C064,1,0.34614934451056606
C139,C065,1,0.33740897632775063
C139,C086,1,0.4183310791376267
C139,C087,1,0.2555873116320633
C139,C091,1,0.47566404582519045
C139,C092,1,0.304799968442469
C139,C093,1,0.5322257967180235
C139,C095,1,0.3495836112809554
C139,C099,1,0.5660914017168119
C139,C100,1,0.65641035547525
C139,C103,1,0.314866893482924
C139,C104,1,0.1841037525064174
C139,C105,1,0.3653234628320577
C139,C106,1,0.48520354667306237
C139,C109,1,0.5198928465646423
C139,C110,1,0.6803812444640489
C139,C118,1,0.3589883044069979
C139,C129,1,0.4439017782506213
C139,C130,1,0.5683308928261107
C140,C005,1,0.21023695191935002
C140,C006,1,0.22083481961964888
C140,C007,1,0.2393236952359775
C140,C008,1,0.4373871600438627
C140,C009,1,0.241815273015358
C140,C010,1,0.23859034488339936
C140,C014,1,0.21281602217394907
C140,C015,1,0.2891400932928508
C140,C016,1,0.895643240991247
C140,C017,1,0.4450531418129518
C140,C018,1,0.24502432047494163
C140,C019,1,0.24475686716725528
C140,C025,1,0.12471281563959266
C140,C028,1,0.2078658062285405
C140,C030,1,0.19060494202345668
C140,C031,1,0.40958804384580366
C140,C034,1,0.25307279022931417
C140,C035,1,0.19252869191015437
C140,C036,1,0.4422803513333896
C140,C037,1,0.10428694929504394
C140,C038,1,0.11846282503551761
C140,C045,1,0.1261588904333707
C140,C046,1,0.13561555688109267
C140,C047,1,0.49103278700402414
C140,C050,1,0.17365977453041512
C140,C051,1,0.6019310134461306
C140,C052,1,0.21598903913012713
C140,C053,1,0.267745058312853
C140,C056,1,0.1149950156504783
C140,C057,1,0.2083688630971429
C140,C061,1,0.21686930293687276
C140,C062,1,0.1684633489514148
C140,C063,1,0.1810659043576758
C140,C064,1,0.1620447804976393
C140,C065,1,0.17046442028218703
C140,C086,1,0.18165380332086714
C140,C087,1,0.38300458415306876
C140,C091,1,0.21602252472944722
C140,C092,1,0.13717485692806078
C140,C093,1,0.23519673971258645
C140,C095,1,0.21406461259843393
C140,C099,1,0.6578264790248581
C140,C100,1,0.7410604497801679
C140,C103,1,0.2109364702745664
C140,C104,1,0.2882176760834087
C140,C105,1,0.1433311784862571
C140,C106,1,0.22624935072981286
C140,C109,1,0.2962517541699514
C140,C110,1,0.39961452924896085
C140,C118,1,0.2725491903619175
C140,C129,1,0.2539855000374343
C140,C130,1,0.17213317676416878
C140,C139,1,0.29195639693168396
C141,C005,1,0.26511978405289244
C141,C006,1,0.22217015518191474
C141,C007,1,0.12753322486645527
C141,C008,1,0.40918850612145896
C141,C009,1,0.4014171239897236
C141,C010,1,0.42564376930603115
C141,C014,1,0.10328447641214351
C141,C015,1,0.36089945653009864
C141,C016,1,0.9170292776263042
C141,C017,1,0.22497824338345357
C141,C018,1,0.4442918533266022
C141,C019,1,0.41640047473731384
C141,C025,1,0.11034232415471819
C141,C028,1,0.09263300695445051
C141,C030,1,0.21782507259492528
C141,C031,1,0.29133580635438683
C141,C034,1,0.4547254751819162
C141,C035,1,0.3694816842296284
C141,C036,1,0.6393278012344168
C141,C037,1,0.12150185443354264
C141,C038,1,0.12266099604660108
C141,C045,1,0.1335755121214501
C141,C046,1,0.14552747158817345
C141,C047,1,0.38547374135869567
C141,C050,1,0.15821622763838358
C141,C051,1,0.4527830698998735
C141,C052,1,0.3037565462244648
C141,C053,1,0.3692374295722939
C141,C056,1,0.11523378975278693
C141,C057,1,0.23441608084426022
C141,C061,1,0.11543364797248462
C141,C062,1,0.13935658549594365
C141,C063,1,0.2074639428341079
C141,C064,1,0.2028322545861572
C141,C065,1,0.21843831891842408
C141,C086,1,0.21919282021029207
C141,C087,1,0.24301368211935412
C141,C091,1,0.3154014374927067
C141,C092,1,0.1621112627712087
C141,C093,1,0.34138937037448913
C141,C095,1,0.24918635114734744
C141,C099,1,0.6391162941027321
C141,C100,1,0.7120290787141473
C141,C103,1,0.24949347232019842
C141,C104,1,0.2197846107349997
C141,C105,1,0.21711314220538497
C141,C106,1,0.3804025603758579
C141,C109,1,0.37215471336558764
C141,C110,1,0.5445666327573954
C141,C118,1,0.2570115779900655
C141,C129,1,0.2638037114475208
C141,C130,1,0.3767782011181096
C141,C139,1,0.22464167246807232
C141,C140,1,0.1384338804262775
C150,C005,1,0.2476665173380762
C150,C006,1,0.3426409011221497
C150,C007,1,0.13798773051331778
C150,C008,1,0.4539135961267162
C150,C009,1,0.4584726367227962
C150,C010,1,0.5020442095650279
C150,C014,1,0.17106099236100017
C150,C015,1,0.48775918047171074
C150,C016,1,0.9660361782986101
C150,C017,1,0.2254924293367343
C150,C018,1,0.48459155793139713
C150,C019,1,0.4782352974185436
C150,C025,1,0.1456750757009609
C150,C028,1,0.18516349453425432
C150,C030,1,0.3354562123814079
C150,C031,1,0.33644125678932857
C150,C034,1,0.4004206472694701
C150,C035,1,0.35674725333827095
C150,C036,1,0.5338630396627793
C150,C037,1,0.20277405771133264
C150,C038,1,0.2280858350198647
C150,C045,1,0.23622087526308094
C150,C046,1,0.21391786703005736
C150,C047,1,0.3562383614083806
C150,C050,1,0.254766319995528
C150,C051,1,0.535052082660461
C150,C052,1,0.3307552362179933
C150,C053,1,0.4235865247897538
C150,C056,1,0.22260326467119573
C150,C057,1,0.3679159393899396
C150,C061,1,0.1640919845115423
C150,C062,1,0.22283366992962902
C150,C063,1,0.30179023548456374
C150,C064,1,0.3120712028152277
C150,C065,1,0.29438062016866107
C150,C086,1,0.3050294100115179
C150,C087,1,0.2823534661650065
C150,C091,1,0.42755417820721625
C150,C092,1,0.25142266056030843
C150,C093,1,0.4418658443812788
C150,C095,1,0.3238097777070778
C150,C099,1,0.6105752141941198
C150,C100,1,0.690343298643187
C150,C103,1,0.26183030730767043
C150,C104,1,0.2473717329833847
C150,C105,1,0.3396883149718118
C150,C106,1,0.42634340337472926
C150,C109,1,0.4666566048490005
C150,C110,1,0.6003714914457885
C150,C118,1,0.3677817946102655
C150,C129,1,0.37258160752542074
C150,C130,1,0.4486258742577231
C150,C139,1,0.19795212680944346
C150,C140,1,0.22957951994688447
C150,C141,1,0.19469753510703525
C151,C005,1,0.6060842694572295
C151,C006,1,0.669817900151496
C151,C007,1,0.8784788566432984
C151,C008,1,0.5262638729892282
C151,C009,1,0.5760246725088826
C151,C010,1,0.5556385478765437
C151,C014,1,0.8373139088815597
C151,C015,1,0.5783673457524457
C151,C016,1,1.0225163228345369
C151,C017,1,0.9931442096308116
C151,C018,1,0.58374251908733
C151,C019,1,0.544332972077017
C151,C025,1,0.7034396942086768
C151,C028,1,0.8349321346783218
C151,C030,1,0.6668987939572303
C151,C031,1,0.8620833936504505
C151,C034,1,0.4954201732536265
C151,C035,1,0.5202947971187004
C151,C036,1,0.4280463121351766
C151,C037,1,0.6574081178536564
C151,C038,1,0.6579635065477552
C151,C045,1,0.6681903186623148
C151,C046,1,0.7694921079962257
C151,C047,1,1.100051590240556
C151,C050,1,0.7090022796161393
C151,C051,1,0.8720429437287773
C151,C052,1,0.6208674523445286
C151,C053,1,0.5756762589734259
C151,C056,1,0.6782275544238279
C151,C057,1,0.6242451746403271
C151,C061,1,0.8884756502726726
C151,C062,1,0.8201804051336583
C151,C063,1,0.640556741701907
C151,C064,1,0.6129894376079761
C151,C065,1,0.6131986896113398
C151,C086,1,0.6517064209966085
C151,C087,1,0.8740047935607447
C151,C091,1,0.5924158451326077
C151,C092,1,0.6718670780427319
C151,C093,1,0.5598542659699494
C151,C095,1,0.5708615311330022
C151,C099,1,0.9031849238431547
C151,C100,1,0.8745012330491503
C151,C103,1,0.7428202932583211
C151,C104,1,0.822080522469979
C151,C105,1,0.6104546219705597
C151,C106,1,0.47203705161185966
C151,C109,1,0.5661451152003629
C151,C110,1,0.5373588505041644
C151,C118,1,0.6402744504147256
C151,C129,1,0.8734656836286895
C151,C130,1,0.6143931517874841
C151,C139,1,0.963559160940988
C151,C140,1,0.6663234561483306
C151,C141,1,0.7913576574343053
C151,C150,1,0.8201488891357612
C152,C005,1,0.3235766623735909
C152,C006,1,0.34703065856168014
C152,C007,1,0.3705364153339997
C152,C008,1,0.4299684573415955
C152,C009,1,0.311746626471412
C152,C010,1,0.2948571091461582
C152,C014,1,0.3366578417823747
C152,C015,1,0.3865181509966278
C152,C016,1,1.048416762902659
C152,C017,1,0.5774885963299917
C152,C018,1,0.368570784344958
C152,C019,1,0.2995570805437872
C152,C025,1,0.21936422158213267
C152,C028,1,0.3604195885404512
C152,C030,1,0.3012034329982681
C152,C031,1,0.46282921063214644
C152,C034,1,0.18985850179522937
C152,C035,1,0.2333594908017598
C152,C036,1,0.35412871520182343
C152,C037,1,0.21539985864203573
C152,C038,1,0.25027244233449186
C152,C045,1,0.2548499656423853
C152,C046,1,0.21471341048504375
C152,C047,1,0.5854315979242818
C152,C050,1,0.18400021570766095
C152,C051,1,0.4891165664850016
C152,C052,1,0.25598998494295333
C152,C053,1,0.3204537122631375
C152,C056,1,0.24778679098686848
C152,C057,1,0.3283378907160199
C152,C061,1,0.3466827730240452
C152,C062,1,0.3045832022069739
C152,C063,1,0.29246496915400155
C152,C064,1,0.28735821226727665
C152,C065,1,0.25188032115744
C152,C086,1,0.2893696195628774
C152,C087,1,0.44341760380914275
C152,C091,1,0.2950848814693152
C152,C092,1,0.2236136074384739
C152,C093,1,0.3049957670712904
C152,C095,1,0.3093203058463941
C152,C099,1,0.7176437912400763
C152,C100,1,0.7714517085263652
C152,C103,1,0.3446829595026745
C152,C104,1,0.3365043319524459
C152,C105,1,0.2516569719516951
C152,C106,1,0.3026867243354602
C152,C109,1,0.3756259332822543
C152,C110,1,0.4489597363788327
C152,C118,1,0.32969251118349413
C152,C129,1,0.30824747869050767
C152,C130,1,0.20919797711170984
C152,C139,1,0.4052881230375593
C152,C140,1,0.21525066291848877
C152,C141,1,0.2619585490155934
C152,C150,1,0.27860904131708897
C152,C151,1,0.6536781012580237
C153,C005,1,0.3116940845158528
C153,C006,1,0.19695128774800763
C153,C007,1,0.49769606453026716
C153,C008,1,0.5772040026523966
C153,C009,1,0.18413173862825097
C153,C010,1,0.1670627791159427
C153,C014,1,0.42369018632297656
C153,C015,1,0.10298295869360492
C153,C016,1,0.8943387075150595
C153,C017,1,0.6481066887331429
C153,C018,1,0.23364063876643004
C153,C019,1,0.19087440113520424
C153,C025,1,0.38548273432439717
C153,C028,1,0.4245407360447325
C153,C030,1,0.1979647798845974
C153,C031,1,0.5231784839378942
C153,C034,1,0.31055386865778123
C153,C035,1,0.31820059912942444
C153,C036,1,0.4304032411860855
C153,C037,1,0.311135161316634
C153,C038,1,0.2691352659015858
C153,C045,1,0.2667391859661628
C153,C046,1,0.4159287256334885
C153,C047,1,0.6806225000821939
C153,C050,1,0.2989488035088045
C153,C051,1,0.8101492433813572
C153,C052,1,0.29383640194948385
C153,C053,1,0.2692722949819196
C153,C056,1,0.2867718971227494
C153,C057,1,0.16313709926131495
C153,C061,1,0.43925284955313393
C153,C062,1,0.3228028749976439
C153,C063,1,0.17471598174982975
C153,C064,1,0.17472261305860098
C153,C065,1,0.2205919517646094
C153,C086,1,0.190287356543403
C153,C087,1,0.5425338451608993
C153,C091,1,0.23283599170055488
C153,C092,1,0.24910922672192395
C153,C093,1,0.1368184126683401
C153,C095,1,0.16066682538762883
C153,C099,1,0.8374898578280262
C153,C100,1,0.9012314710860062
C153,C103,1,0.28290920053427415
C153,C104,1,0.5433432554834281
C153,C105,1,0.20130304610504077
C153,C106,1,0.24295351629956444
C153,C109,1,0.10382016278455435
C153,C110,1,0.15035293356098475
C153,C118,1,0.34230886349278977
C153,C129,1,0.373083775814287
C153,C130,1,0.2960226777473558
C153,C139,1,0.5307761747810834
C153,C140,1,0.27852596661305085
C153,C141,1,0.3813467591039387
C153,C150,1,0.4737004511311767
C153,C151,1,0.5592548829386955
C153,C152,1,0.3584697660765934
C154,C005,1,0.5018420940490173
C154,C006,1,0.351511417066068
C154,C007,1,0.6979685712173088
C154,C008,1,0.5960090934250092
C154,C009,1,0.2355865053547694
C154,C010,1,0.2343909782830078
C154,C014,1,0.5891250147890039
C154,C015,1,0.17847967771747747
C154,C016,1,0.9860917611999479
C154,C017,1,0.841071175833404
C154,C018,1,0.24561249762784623
C154,C019,1,0.24097558447651524
C154,C025,1,0.5862601889299818
C154,C028,1,0.6347158386350976
C154,C030,1,0.32381804906713363
C154,C031,1,0.6336642684135679
C154,C034,1,0.3612890324694531
C154,C035,1,0.3736130543647278
C154,C036,1,0.4380325255565432
C154,C037,1,0.4659123767769518
C154,C038,1,0.438477303646126
C154,C045,1,0.45107417734419947
C154,C046,1,0.5806752298433543
C154,C047,1,0.8015475331986542
C154,C050,1,0.4449237403077226
C154,C051,1,0.9305518827904258
C154,C052,1,0.44509952986609713
C154,C053,1,0.33279356166484636
C154,C056,1,0.4725664910078671
C154,C057,1,0.30912808153957433
C154,C061,1,0.6294873015407949
C154,C062,1,0.4726977921627816
C154,C063,1,0.33045092262211667
C154,C064,1,0.3054345720820404
C154,C065,1,0.39563002299801797
C154,C086,1,0.33116123626991817
C154,C087,1,0.6454958924359037
C154,C091,1,0.33644373909915787
C154,C092,1,0.38776956040091887
C154,C093,1,0.17415641143810656
C154,C095,1,0.2747852983995272
C154,C099,1,1.0013520404400404
C154,C100,1,1.0203207148286286
C154,C103,1,0.43892587104431474
C154,C104,1,0.7275023494399646
C154,C105,1,0.3099134765638886
C154,C106,1,0.28931611570021837
C154,C109,1,0.15803828324648836
C154,C110,1,0.13235273054660537
C154,C118,1,0.4630517360089688
C154,C129,1,0.40981704667040336
C154,C130,1,0.3379365613496886
C154,C139,1,0.7107354197007908
C154,C140,1,0.3851907994894479
C154,C141,1,0.5656960221720935
C154,C150,1,0.6121792473789776
C154,C151,1,0.5088909449220722
C154,C152,1,0.4464365943079933
C154,C153,1,0.162278938025954
C165,C005,1,0.19905745990896026
C165,C006,1,0.10557655666954685
C165,C007,1,0.31360341446361084
C165,C008,1,0.47597184663964875
C165,C009,1,0.19178464532482287
C165,C010,1,0.19751668483173027
C165,C014,1,0.23793789315029856
C165,C015,1,0.12181916705530084
C165,C016,1,0.8215321596541362
C165,C017,1,0.43930417877485806
C165,C018,1,0.22576308286543462
C165,C019,1,0.19730438121938992
C165,C025,1,0.22184887385944058
C165,C028,1,0.23330585782236216
C165,C030,1,0.12192132538206717
C165,C031,1,0.3682983911918136
C165,C034,1,0.2892815279199206
C165,C035,1,0.2536197432657922
C165,C036,1,0.46416120219806567
C165,C037,1,0.19607653118477877
C165,C038,1,0.13122577711129754
C165,C045,1,0.1285101980670069
C165,C046,1,0.25538392998504295
C165,C047,1,0.5002934239936138
C165,C050,1,0.21957646049291957
C165,C051,1,0.580533151293033
C165,C052,1,0.2069380882486524
C165,C053,1,0.22904001484190722
C165,C056,1,0.1412217597283794
C165,C057,1,0.05695739632503712
C165,C061,1,0.2751556802006064
C165,C062,1,0.17930842349394704
C165,C063,1,0.07257509264159934
C165,C064,1,0.0852901356450539
C165,C065,1,0.1414688807500377
C165,C086,1,0.1253060794207709
C165,C087,1,0.35226694175145123
C165,C091,1,0.20089201112653707
C165,C092,1,0.1313743157104572
C165,C093,1,0.1472300807826724
C165,C095,1,0.10325253067492692
C165,C099,1,0.7435155646762538
C165,C100,1,0.8178053383023097
C165,C103,1,0.16925665763281453
C165,C104,1,0.38664521593429924
C165,C105,1,0.1255976016077167
C165,C106,1,0.22633918428471264
C165,C109,1,0.14564891984288292
C165,C110,1,0.2787885452568629
C165,C118,1,0.26934791909786077
C165,C129,1,0.28315428127798714
C165,C130,1,0.24247010376253145
C165,C139,1,0.35686242051549405
C165,C140,1,0.19118563005590591
C165,C141,1,0.22576479780771533
C165,C150,1,0.3329843276390433
C165,C151,1,0.6091799047539488
C165,C152,1,0.3042611282675508
C165,C153,1,0.14223992393712337
C165,C154,1,0.27618198824266277
C166,C005,1,0.2323550161342926
C166,C006,1,0.12381517432822596
C166,C007,1,0.3599412114335994
C166,C008,1,0.498336937166026
C166,C009,1,0.21180493142579365
C166,C010,1,0.18376435267333596
C166,C014,1,0.286489738669996
C166,C015,1,0.10210045384913125
C166,C016,1,0.7979524923911695
C166,C017,1,0.47868382687174166
C166,C018,1,0.2682065729150398
C166,C019,1,0.19939147267949492
C166,C025,1,0.24928705852609892
C166,C028,1,0.2738659121457803
C166,C030,1,0.14517858794070448
C166,C031,1,0.4024710460717413
C166,C034,1,0.30184428588922163
C166,C035,1,0.25700944759908606
C166,C036,1,0.44567211207322366
C166,C037,1,0.2149887529993678
C166,C038,1,0.16261106390218208
C166,C045,1,0.1633023717385158
C166,C046,1,0.2864489815204388
C166,C047,1,0.5183375906263552
C166,C050,1,0.23448649436386623
C166,C051,1,0.6246117105803213
C166,C052,1,0.2568431467460414
C166,C053,1,0.23209159114774572
C166,C056,1,0.1770007983054429
C166,C057,1,0.07929708841354953
C166,C061,1,0.3050553287110372
C166,C062,1,0.20678463471057443
C166,C063,1,0.09215245521424231
C166,C064,1,0.09484361480164608
C166,C065,1,0.15021655887180219
C166,C086,1,0.13938121664195405
C166,C087,1,0.39940140292181964
C166,C091,1,0.22532639297826199
C166,C092,1,0.165022675001294
C166,C093,1,0.1560391378291046
C166,C095,1,0.09336077119619353
C166,C099,1,0.7496424496923516
C166,C100,1,0.8302129143003087
C166,C103,1,0.16992246446219333
C166,C104,1,0.4062792312961924
C166,C105,1,0.1419380696699926
C166,C106,1,0.21828686472456846
C166,C109,1,0.11426674485982709
C166,C110,1,0.23829680451839874
C166,C118,1,0.28243749541799046
C166,C129,1,0.3346188011921013
C166,C130,1,0.2595670571021211
C166,C139,1,0.3626789228194995
C166,C140,1,0.21269364805943305
C166,C141,1,0.2649066174871538
C166,C150,1,0.35741291733574526
C166,C151,1,0.5541364434961288
C166,C152,1,0.32255487185407905
C166,C153,1,0.11982095668277873
C166,C154,1,0.24632351437813277
C166,C165,1,0.0602929275867661
C167,C005,1,0.28064783731101484
C167,C006,1,0.2631718034223376
C167,C007,1,0.40662984822919024
C167,C008,1,0.4764414989293809
C167,C009,1,0.19655661722287573
C167,C010,1,0.1966901244779545
C167,C014,1,0.3449088273349165
C167,C015,1,0.21672597986324563
C167,C016,1,0.7514044458749741
C167,C017,1,0.5584785636891321
C167,C018,1,0.22205506161749608
C167,C019,1,0.20594485662870785
C167,C025,1,0.3321704255279487
C167,C028,1,0.370419052754751
C167,C030,1,0.24081720072767182
C167,C031,1,0.4507502491776584
C167,C034,1,0.2358771111952001
C167,C035,1,0.24519938001970581
C167,C036,1,0.2849615148448142
C167,C037,1,0.2810728067516039
C167,C038,1,0.2553002986105603
C167,C045,1,0.2642118440845964
C167,C046,1,0.38971727812359463
C167,C047,1,0.49989194372610835
C167,C050,1,0.2925764156848749
C167,C051,1,0.6443664653769544
C167,C052,1,0.3009304707150093
C167,C053,1,0.2948005895484633
C167,C056,1,0.28771084354812115
C167,C057,1,0.23961492470575704
C167,C061,1,0.35092840140112397
C167,C062,1,0.2798010392998967
C167,C063,1,0.20077234665663332
C167,C064,1,0.20638658805670818
C167,C065,1,0.21746898249570032
C167,C086,1,0.2389065483092767
C167,C087,1,0.4416203732036098
C167,C091,1,0.26760977273492315
C167,C092,1,0.22909310707987815
C167,C093,1,0.1754457500126894
C167,C095,1,0.12901686721556985
C167,C099,1,0.6987082976416072
C167,C100,1,0.767480855081984
C167,C103,1,0.22505403239824273
C167,C104,1,0.46268107024233596
C167,C105,1,0.19176759002322283
C167,C106,1,0.17808583254254096
C167,C109,1,0.19713014284329688
C167,C110,1,0.2476925693507132
C167,C118,1,0.33897253231593355
C167,C129,1,0.3764500675907222
C167,C130,1,0.22934140498464378
C167,C139,1,0.4091682185003008
C167,C140,1,0.2426040995094742
C167,C141,1,0.3466306364989328
C167,C150,1,0.36812089310233054
C167,C151,1,0.4912045665829876
C167,C152,1,0.30727476868743275
C167,C153,1,0.17806313257698178
C167,C154,1,0.2226612014778179
C167,C165,1,0.20311871197123177
C167,C166,1,0.17187807523195098
C172,C005,1,0.2692519728873481
C172,C006,1,0.25011309403010235
C172,C007,1,0.07368484816599312
C172,C008,1,0.3795885066150338
C172,C009,1,0.5145115481908575
C172,C010,1,0.514614291516794
C172,C014,1,0.09316586604996452
C172,C015,1,0.42213759719051314
C172,C016,1,0.8988798987992712
C172,C017,1,0.14535877980007134
C172,C018,1,0.5699840868439406
C172,C019,1,0.5510680825293968
C172,C025,1,0.10934295659184347
C172,C028,1,0.0780796521931667
C172,C030,1,0.2878442665134495
C172,C031,1,0.26238194086760164
C172,C034,1,0.5298265027167971
C172,C035,1,0.4566334220196697
C172,C036,1,0.6732706555640394
C172,C037,1,0.1370238925374314
C172,C038,1,0.14570184447060022
C172,C045,1,0.1469462930052879
C172,C046,1,0.18234967022083448
C172,C047,1,0.2838188825656563
C172,C050,1,0.24554784908709543
C172,C051,1,0.43617297479577455
C172,C052,1,0.3162851060519347
C172,C053,1,0.5068505513755992
C172,C056,1,0.12181169914930748
C172,C057,1,0.25752194017000785
C172,C061,1,0.08124338090606144
C172,C062,1,0.13818925778703137
C172,C063,1,0.22096494092138722
C172,C064,1,0.23535044322637183
C172,C065,1,0.235245734258861
C172,C086,1,0.267470538813007
C172,C087,1,0.23084328665955733
C172,C091,1,0.3702483627020907
C172,C092,1,0.20773282794588135
C172,C093,1,0.4568235781719814
C172,C095,1,0.2634808917138638
C172,C099,1,0.582768837319101
C172,C100,1,0.6878744672851086
C172,C103,1,0.23220280985131464
C172,C104,1,0.1738395336011389
C172,C105,1,0.2555450758297568
C172,C106,1,0.42457591472485123
C172,C109,1,0.4375937470926395
C172,C110,1,0.6526623312917391
C172,C118,1,0.27330692456822137
C172,C129,1,0.39558214349971166
C172,C130,1,0.4557304380842371
C172,C139,1,0.1457193926927439
C172,C140,1,0.20311768466315405
C172,C141,1,0.10591339839952665
C172,C150,1,0.15622785191540997
C172,C151,1,0.8362446389950723
C172,C152,1,0.3422472204304119
C172,C153,1,0.4442085868508909
C172,C154,1,0.6859484307292674
C172,C165,1,0.2435024724279789
C172,C166,1,0.27526486934741
C172,C167,1,0.3823449844189931
C173,C005,1,0.3789294235467738
C173,C006,1,0.4390968319628671
C173,C007,1,0.2446918258064015
C173,C008,1,0.45706930030768184
C173,C009,1,0.5901757289774182
C173,C010,1,0.5757224404857584
C173,C014,1,0.2898635115319909
C173,C015,1,0.5643541560708623
C173,C016,1,0.82692515237142
C173,C017,1,0.23193788938184212
C173,C018,1,0.6648167955121688
C173,C019,1,0.601759699245389
C173,C025,1,0.27050041923294327
C173,C028,1,0.3003129694461359
C173,C030,1,0.4225466721487836
C173,C031,1,0.3240895717618575
C173,C034,1,0.6188987928993134
C173,C035,1,0.545246001616164
C173,C036,1,0.7185452080665031
C173,C037,1,0.2923483685968841
C173,C038,1,0.34341962059760833
C173,C045,1,0.3645668585508576
C173,C046,1,0.24969645972889865
C173,C047,1,0.31258014284485264
C173,C050,1,0.3481686090130781
C173,C051,1,0.4466716850806088
C173,C052,1,0.4453476284126703
C173,C053,1,0.561285357885457
C173,C056,1,0.3655964276771744
C173,C057,1,0.44646262086602856
C173,C061,1,0.23954611806514367
C173,C062,1,0.30373283197697565
C173,C063,1,0.4012855109382638
C173,C064,1,0.3951011715912519
C173,C065,1,0.39303133868512224
C173,C086,1,0.46747528670128113
C173,C087,1,0.3306985107334115
C173,C091,1,0.5137343231034492
C173,C092,1,0.3638965436579949
C173,C093,1,0.5644119164565436
C173,C095,1,0.3955060847696004
C173,C099,1,0.5714678952568355
C173,C100,1,0.6568738557765031
C173,C103,1,0.3591961282135732
C173,C104,1,0.26052243854545143
C173,C105,1,0.38639441656701795
C173,C106,1,0.4963723265971402
C173,C109,1,0.5424464218611807
C173,C110,1,0.720917614296756
C173,C118,1,0.27934443821066196
C173,C129,1,0.4723890140491422
C173,C130,1,0.5521389959476661
C173,C139,1,0.21695782361276275
C173,C140,1,0.3198224351064955
C173,C141,1,0.3161652694993689
C173,C150,1,0.2909329527779572
C173,C151,1,0.8888670507258238
C173,C152,1,0.42660242443470064
C173,C153,1,0.5497318904862891
C173,C154,1,0.7334263634568149
C173,C165,1,0.42551759253873395
C173,C166,1,0.4332699627325429
C173,C167,1,0.4560195005501017
C173,C172,1,0.2465444619518347
C174,C005,1,0.45643335738702623
C174,C006,1,0.4833309166333342
C174,C007,1,0.22183780806654568
C174,C008,1,0.5529780820286266
C174,C009,1,0.6824780729211484
C174,C010,1,0.7113185841373713
C174,C014,1,0.30110443075723503
C174,C015,1,0.6092823442799116
C174,C016,1,0.9746829044456988
C174,C017,1,0.16181876307890194
C174,C018,1,0.7011876479558082
C174,C019,1,0.7191587972257292
C174,C025,1,0.3715726834599304
C174,C028,1,0.2466203527400495
C174,C030,1,0.49327248845503624
C174,C031,1,0.3000561214902471
C174,C034,1,0.6988430055366851
C174,C035,1,0.6622863040375131
C174,C036,1,0.8017987004285393
C174,C037,1,0.4073588190855415
C174,C038,1,0.3967985542615947
C174,C045,1,0.40009866739077043
C174,C046,1,0.44860871347674164
C174,C047,1,0.39363249515258614
C174,C050,1,0.5061070948334769
C174,C051,1,0.5551198262929561
C174,C052,1,0.6918576812715369
C174,C053,1,0.6950396462785483
C174,C056,1,0.37582140682051385
C174,C057,1,0.5422391584503744
C174,C061,1,0.22999729830064272
C174,C062,1,0.3395110298972725
C174,C063,1,0.5002149358419906
C174,C064,1,0.5247455580619252
C174,C065,1,0.49538576123928657
C174,C086,1,0.5104371457559302
C174,C087,1,0.2577993210798267
C174,C091,1,0.646365173443774
C174,C092,1,0.4648168654627755
C174,C093,1,0.6651466209696807
C174,C095,1,0.46951914162488934
C174,C099,1,0.6420278362426742
C174,C100,1,0.7322307167264337
C174,C103,1,0.3732667326879682
C174,C104,1,0.22706333521164657
C174,C105,1,0.5663138310870067
C174,C106,1,0.7024280177600168
C174,C109,1,0.6753430313804765
C174,C110,1,0.8079950458263183
C174,C118,1,0.4690450280068571
C174,C129,1,0.5117323643310797
C174,C130,1,0.6691681965215287
C174,C139,1,0.22489433551028648
C174,C140,1,0.5092978256518782
C174,C141,1,0.30131162529693467
C174,C150,1,0.33893063588265954
C174,C151,1,1.0085480301728342
C174,C152,1,0.5726179633578354
C174,C153,1,0.6784685525695051
C174,C154,1,0.8076199040668869
C174,C165,1,0.5209168519829741
C174,C166,1,0.5688809967218458
C174,C167,1,0.5685248564983849
C174,C172,1,0.23551261880951657
C174,C173,1,0.23355345158748983
C175,C005,1,0.3768682954304133
C175,C006,1,0.42196360491775303
C175,C007,1,0.1520967149614761
C175,C008,1,0.4293913632730248
C175,C009,1,0.6404538006225191
C175,C010,1,0.6495327053324939
C175,C014,1,0.22494761327141558
C175,C015,1,0.5819235139753683
C175,C016,1,0.906142174515024
C175,C017,1,0.1235152302589561
C175,C018,1,0.6816213876107345
C175,C019,1,0.6898292455126817
C175,C025,1,0.2702680843304714
C175,C028,1,0.2000522785486982
C175,C030,1,0.43241674206985475
C175,C031,1,0.2661676385151588
C175,C034,1,0.6256285805086457
C175,C035,1,0.5747315210370334
C175,C036,1,0.7518306053060145
C175,C037,1,0.3147169788487438
C175,C038,1,0.315207122383664
C175,C045,1,0.3238602229055892
C175,C046,1,0.30393843728884923
C175,C047,1,0.3495880265148164
C175,C050,1,0.3876600182560619
C175,C051,1,0.46872031596594904
C175,C052,1,0.5452189889925135
C175,C053,1,0.6266650524501043
C175,C056,1,0.2899828136796632
C175,C057,1,0.45381990855715226
C175,C061,1,0.16521385170070413
C175,C062,1,0.2800848268142411
C175,C063,1,0.41083882436381647
C175,C064,1,0.4340090509246458
C175,C065,1,0.41993665079018394
C175,C086,1,0.44519491316616433
C175,C087,1,0.20554955905422115
C175,C091,1,0.5589198458733369
C175,C092,1,0.37758837040245813
C175,C093,1,0.5969687814603356
C175,C095,1,0.3990042388606727
C175,C099,1,0.5711696373935101
C175,C100,1,0.6560696429452004
C175,C103,1,0.33754818289366356
C175,C104,1,0.12870562494087487
C175,C105,1,0.44810669473237197
C175,C106,1,0.6061157405198238
C175,C109,1,0.6107528947156846
C175,C110,1,0.761267180078567
C175,C118,1,0.3606714257103899
C175,C129,1,0.4943512127192444
C175,C130,1,0.5946659459650165
C175,C139,1,0.16437106759032255
C175,C140,1,0.38628493666545716
C175,C141,1,0.24382708635956482
C175,C150,1,0.2313404810727495
C175,C151,1,0.964181724499569
C175,C152,1,0.4583288328495177
C175,C153,1,0.6206463281640833
C175,C154,1,0.7705395047073759
C175,C165,1,0.4217590018439642
C175,C166,1,0.4760224200067643
C175,C167,1,0.4737372581846423
C175,C172,1,0.1772447381295174
C175,C173,1,0.23838620293562798
C175,C174,1,0.15807377297514366
C176,C029,2,0.46804886747749547
C176,C044,2,0.8149367325443876
C176,C055,2,0.5012581326554214
C176,C125,2,0.5196202741763337
C176,C138,2,0.5204270728730956
C177,C005,1,0.2778618179381184
C177,C006,1,0.15962446461532298
C177,C007,1,0.46061716107236683
C177,C008,1,0.5647896155432843
C177,C009,1,0.25013763875257133
C177,C010,1,0.252390439089863
C177,C014,1,0.36049688222821763
C177,C015,1,0.11852302476442894
C177,C016,1,0.9238594147168236
C177,C017,1,0.5897381714505537
C177,C018,1,0.2924856488782243
C177,C019,1,0.2693197087784078
C177,C025,1,0.41918011091834373
C177,C028,1,0.3793357730978394
C177,C030,1,0.20269291457018426
C177,C031,1,0.43890279127193077
C177,C034,1,0.38025459184956095
C177,C035,1,0.3750929822881895
C177,C036,1,0.5102467066553147
C177,C037,1,0.32852541544749536
C177,C038,1,0.2546990613250224
C177,C045,1,0.25062749648171195
C177,C046,1,0.46627325393186103
C177,C047,1,0.6585584428608636
C177,C050,1,0.33207218811610767
C177,C051,1,0.7850893808612547
C177,C052,1,0.33535188697689755
C177,C053,1,0.3058371762686705
C177,C056,1,0.26263229945773797
C177,C057,1,0.1412216395870549
C177,C061,1,0.4420609653073869
C177,C062,1,0.2948112592683908
C177,C063,1,0.16009241652148376
C177,C064,1,0.1773230848027124
C177,C065,1,0.22315894667517935
C177,C086,1,0.19885152531843472
C177,C087,1,0.4438625004947159
C177,C091,1,0.32073725152808985
C177,C092,1,0.24077549920727523
C177,C093,1,0.16797001450651183
C177,C095,1,0.17613877731706692
C177,C099,1,0.891899328868451
C177,C100,1,0.9511056803283545
C177,C103,1,0.21800378189050218
C177,C104,1,0.5249050766044571
C177,C105,1,0.23684128240745603
C177,C106,1,0.3288558314677877
C177,C109,1,0.12168880646583467
C177,C110,1,0.21350201215668435
C177,C118,1,0.34949883153444794
C177,C129,1,0.31606426614040606
C177,C130,1,0.3794298509669033
C177,C139,1,0.5600715192966925
C177,C140,1,0.3285956437301972
C177,C141,1,0.3628964755563544
C177,C150,1,0.4783760674199528
C177,C151,1,0.6551139040082147
C177,C152,1,0.40142559476572093
C177,C153,1,0.138068560756868
C177,C154,1,0.22807244895525222
C177,C165,1,0.14071981015717092
C177,C166,1,0.1274371795571505
C177,C167,1,0.2364976329659898
C177,C172,1,0.4303474311046601
C177,C173,1,0.5785020497603424
C177,C174,1,0.6224876752237554
C177,C175,1,0.5924936778845921
C178,C005,1,0.17077139080780324
C178,C006,1,0.1314691099399628
C178,C007,1,0.28974497702566426
C178,C008,1,0.4268627776337546
C178,C009,1,0.227901977588291
C178,C010,1,0.22303107909315706
C178,C014,1,0.22916151733352383
C178,C015,1,0.17786370086432846
C178,C016,1,0.8174553100810886
C178,C017,1,0.40116869609800576
C178,C018,1,0.25586738534479725
C178,C019,1,0.22695640563541064
C178,C025,1,0.21477609808606246
C178,C028,1,0.24571589507413458
C178,C030,1,0.15136976705442426
C178,C031,1,0.40949150650939575
C178,C034,1,0.2465053100867933
C178,C035,1,0.22472354152951055
C178,C036,1,0.406276497159609
C178,C037,1,0.18778939998255995
C178,C038,1,0.1492325912803839
C178,C045,1,0.14965532307842563
C178,C046,1,0.2642040881000547
C178,C047,1,0.47117018635694635
C178,C050,1,0.2099985604990662
C178,C051,1,0.5612347936200551
C178,C052,1,0.2025510982270952
C178,C053,1,0.2416843579615715
C178,C056,1,0.14757583353603165
C178,C057,1,0.10113132039238282
C178,C061,1,0.28983763805348944
C178,C062,1,0.2110333336431047
C178,C063,1,0.11268803073835995
C178,C064,1,0.11151581646427774
C178,C065,1,0.12131002724568728
C178,C086,1,0.14604914150438048
C178,C087,1,0.3901820826251668
C178,C091,1,0.22297699926472386
C178,C092,1,0.14053988933255193
C178,C093,1,0.18468558644779665
C178,C095,1,0.126176361023098
C178,C099,1,0.6982051786495185
C178,C100,1,0.7640802234122688
C178,C103,1,0.1566858930518009
C178,C104,1,0.3724058381184882
C178,C105,1,0.12505318627201475
C178,C106,1,0.23169460271151804
C178,C109,1,0.19877570478667406
C178,C110,1,0.34734600246237896
C178,C118,1,0.2702771885501398
C178,C129,1,0.2826014569903056
C178,C130,1,0.22947062354843015
C178,C139,1,0.3559276020178543
C178,C140,1,0.18857813734131482
C178,C141,1,0.22992995510679595
C178,C150,1,0.3060757696858455
C178,C151,1,0.6015838381352853
C178,C152,1,0.2733997855558565
C178,C153,1,0.19120356797703988
C178,C154,1,0.3448747816509854
C178,C165,1,0.09671688337032416
C178,C166,1,0.11289653386790578
C178,C167,1,0.19057934182567232
C178,C172,1,0.23584981592192963
C178,C173,1,0.4110013074935325
C178,C174,1,0.5204791594209212
C178,C175,1,0.42323606608937037
C178,C177,1,0.18440452277772665
C179,C005,1,0.25033116495195584
C179,C006,1,0.3068022136030156
C179,C007,1,0.16282414352252675
C179,C008,1,0.45954594342585003
C179,C009,1,0.3479133893557066
C179,C010,1,0.39314379433442825
C179,C014,1,0.1759806879747507
C179,C015,1,0.41578843453685554
C179,C016,1,0.8983491542191059
C179,C017,1,0.3321038288468751
C179,C018,1,0.3896773400682945
C179,C019,1,0.3994653291327552
C179,C025,1,0.17725962386139194
C179,C028,1,0.1780425596034799
C179,C030,1,0.3053932187256127
C179,C031,1,0.36314163501110447
C179,C034,1,0.3770098129103867
C179,C035,1,0.30708478499644865
C179,C036,1,0.5282692903287952
C179,C037,1,0.2047786637185767
C179,C038,1,0.19525795855845263
C179,C045,1,0.21467164073707828
C179,C046,1,0.2453280891584448
C179,C047,1,0.4561122660937027
C179,C050,1,0.25627998266267993
C179,C051,1,0.5647000427832725
C179,C052,1,0.3196520349123756
C179,C053,1,0.36908296242691413
C179,C056,1,0.21333000820451214
C179,C057,1,0.29424104376018717
C179,C061,1,0.16329284977257902
C179,C062,1,0.18663159514376382
C179,C063,1,0.26549815275336186
C179,C064,1,0.2694661611503902
C179,C065,1,0.24806828263300465
C179,C086,1,0.28261841076626126
C179,C087,1,0.3078929513785972
C179,C091,1,0.30002294994467804
C179,C092,1,0.22582915007262486
C179,C093,1,0.3528836577236077
C179,C095,1,0.2756440742677238
C179,C099,1,0.6400031564474342
C179,C100,1,0.7031142027190058
C179,C103,1,0.2465221328451836
C179,C104,1,0.2993830988829922
C179,C105,1,0.24688376744306015
C179,C106,1,0.31978690263960025
C179,C109,1,0.4115640622676893
C179,C110,1,0.5442973890716563
C179,C118,1,0.3564804175017019
C179,C129,1,0.2640130872195184
C179,C130,1,0.2768750255216114
C179,C139,1,0.2114674833074597
C179,C140,1,0.1603887818020459
C179,C141,1,0.18961615147190283
C179,C150,1,0.15797188824966785
C179,C151,1,0.8207257760428148
C179,C152,1,0.2468226801721472
C179,C153,1,0.40304172573236974
C179,C154,1,0.5212813861535294
C179,C165,1,0.27809035099965246
C179,C166,1,0.3093917473652589
C179,C167,1,0.31335428110266456
C179,C172,1,0.19193706352900242
C179,C173,1,0.3360982007363346
C179,C174,1,0.3753326614995077
C179,C175,1,0.2760702404134852
C179,C177,1,0.41226151764725943
C179,C178,1,0.2817644436588983
C180,C005,1,0.2765314320342618
C180,C006,1,0.2721508109055404
C180,C007,1,0.42401269446981876
C180,C008,1,0.5403593678850039
C180,C009,1,0.18104557123165677
C180,C010,1,0.23203846138314804
C180,C014,1,0.3857758343534272
C180,C015,1,0.34780353628795624
C180,C016,1,0.9439562470355345
C180,C017,1,0.6311226075644718
C180,C018,1,0.18973963457799095
C180,C019,1,0.18354019004708355
C180,C025,1,0.35387674989088896
C180,C028,1,0.39656808436628876
C180,C030,1,0.231244990151002
C180,C031,1,0.5226521336791049
C180,C034,1,0.20021965573470477
C180,C035,1,0.12548741574686556
C180,C036,1,0.36257749575543524
C180,C037,1,0.23977995484518616
C180,C038,1,0.23054233225939275
C180,C045,1,0.21810149225835446
C180,C046,1,0.29818806246229523
C180,C047,1,0.7089049189088715
C180,C050,1,0.240538547893144
C180,C051,1,0.6438674348351188
C180,C052,1,0.21228947592656267
C180,C053,1,0.1798874747826719
C180,C056,1,0.23710499677356084
C180,C057,1,0.2474157148019376
C180,C061,1,0.39235447762519754
C180,C062,1,0.31167464016434754
C180,C063,1,0.22674401462397734
C180,C064,1,0.22861343028419956
C180,C065,1,0.20421874108974358
C180,C086,1,0.24665868587400955
C180,C087,1,0.5082779464087477
C180,C091,1,0.20625231343040606
C180,C092,1,0.21101839671436284
C180,C093,1,0.25331432634766204
C180,C095,1,0.26258210940386684
C180,C099,1,0.7831357960097705
C180,C100,1,0.83286248703607
C180,C103,1,0.33258831157650187
C180,C104,1,0.49426973076560565
C180,C105,1,0.1827577465672322
C180,C106,1,0.19464302604209915
C180,C109,1,0.3324267337262615
C180,C110,1,0.43592379729629
C180,C118,1,0.3729302417426235
C180,C129,1,0.25865413771613693
C180,C130,1,0.1681685236611624
C180,C139,1,0.46569685827821267
C180,C140,1,0.18492336025223816
C180,C141,1,0.3119399397546023
C180,C150,1,0.35181109102803015
C180,C151,1,0.6194991290068711
C180,C152,1,0.24223764271913414
C180,C153,1,0.3218334559885488
C180,C154,1,0.398043744711872
C180,C165,1,0.2343811717588506
C180,C166,1,0.25179709862452343
C180,C167,1,0.28874793374519847
C180,C172,1,0.42133666401701086
C180,C173,1,0.5174005786458641
C180,C174,1,0.6428171518411908
C180,C175,1,0.5685005847374484
C180,C177,1,0.36010542965844344
C180,C178,1,0.21937519112271306
C180,C179,1,0.26808603688375265
C181,C005,1,0.21872297948942226
C181,C006,1,0.3272465081882836
C181,C007,1,0.21502911826378782
C181,C008,1,0.4694716459432857
C181,C009,1,0.3094853550361245
C181,C010,1,0.3379009482775903
C181,C014,1,0.22267368454191588
C181,C015,1,0.4207695423946115
C181,C016,1,0.9272184510586776
C181,C017,1,0.4121824843336347
C181,C018,1,0.359277341940604
C181,C019,1,0.34681977584271256
C181,C025,1,0.14755596509266242
C181,C028,1,0.2235161303717172
C181,C030,1,0.2957790071882176
C181,C031,1,0.4259124341315955
C181,C034,1,0.3559561395627726
C181,C035,1,0.2652545848959548
C181,C036,1,0.4956691643985279
C181,C037,1,0.19499540553806258
C181,C038,1,0.20280574896753858
C181,C045,1,0.215025914370769
C181,C046,1,0.19247081691320936
C181,C047,1,0.5250491142243618
C181,C050,1,0.20102310475719798
C181,C051,1,0.516777666232846
C181,C052,1,0.2811999570030318
C181,C053,1,0.34980079471355713
C181,C056,1,0.21095067319913707
C181,C057,1,0.31771956965574344
C181,C061,1,0.21994500367574982
C181,C062,1,0.22197672590209358
C181,C063,1,0.2730459028940765
C181,C064,1,0.2639202678167033
C181,C065,1,0.2382044071902753
C181,C086,1,0.2787068748599056
C181,C087,1,0.38559035866479835
C181,C091,1,0.29774061296035764
C181,C092,1,0.20897300157484033
C181,C093,1,0.3370277186891075
C181,C095,1,0.2935680652514715
C181,C099,1,0.6357656614123076
C181,C100,1,0.7163727881551684
C181,C103,1,0.25273707813071494
C181,C104,1,0.31408499130113715
C181,C105,1,0.24190910556088208
C181,C106,1,0.2994089020621625
C181,C109,1,0.4149016719079217
C181,C110,1,0.5528961390690109
C181,C118,1,0.34527594135035794
C181,C129,1,0.28185157620104406
C181,C130,1,0.21870034847409792
C181,C139,1,0.26596969153420463
C181,C140,1,0.15822735800175267
C181,C141,1,0.20820192376732724
C181,C150,1,0.1630627618684735
C181,C151,1,0.7453411572083559
C181,C152,1,0.14331806246906187
C181,C153,1,0.397665829410438
C181,C154,1,0.5262734618486169
C181,C165,1,0.2884189344740268
C181,C166,1,0.31291701102557246
C181,C167,1,0.32884536824677574
C181,C172,1,0.20027591575293904
C181,C173,1,0.3347794625860873
C181,C174,1,0.46409382368001484
C181,C175,1,0.33903945059968044
C181,C177,1,0.4207827862176948
C181,C178,1,0.2633270841948485
C181,C179,1,0.1308099833541985
C181,C180,1,0.2681093140226992
C182,C005,1,0.2848465540094399
C182,C006,1,0.1606514580396018
C182,C007,1,0.48304044771645105
C182,C008,1,0.5593067663047782
C182,C009,1,0.20288781160669472
C182,C010,1,0.20423590818420453
C182,C014,1,0.37901472819516
C182,C015,1,0.08200495910668157
C182,C016,1,0.8765882713919642
C182,C017,1,0.6113359911901723
C182,C018,1,0.23569135841168085
C182,C019,1,0.21788448939570745
C182,C025,1,0.3764825655609104
C182,C028,1,0.3794622675710654
C182,C030,1,0.18304792530008512
C182,C031,1,0.47891171206036626
C182,C034,1,0.3423467161791011
C182,C035,1,0.32637715559588587
C182,C036,1,0.46682002334044664
C182,C037,1,0.3080375105811718
C182,C038,1,0.2373044704409133
C182,C045,1,0.23757015362045308
C182,C046,1,0.3997728985351724
C182,C047,1,0.6456626087753575
C182,C050,1,0.303181067605205
C182,C051,1,0.7569287371412529
C182,C052,1,0.26922719433780773
C182,C053,1,0.2583279827931397
C182,C056,1,0.2638989274792802
C182,C057,1,0.1209133104088082
C182,C061,1,0.41578128262921704
C182,C062,1,0.2896155503122956
C182,C063,1,0.16578122355041225
C182,C064,1,0.16674785339657955
C182,C065,1,0.2318837247243568
C182,C086,1,0.19503020592014644
C182,C087,1,0.4944422621954242
C182,C091,1,0.25239412554490587
C182,C092,1,0.22876339490927078
C182,C093,1,0.12448125482375391
C182,C095,1,0.1560042225484515
C182,C099,1,0.8571922170109527
C182,C100,1,0.9102003029055399
C182,C103,1,0.23783262601444627
C182,C104,1,0.5258582079209593
C182,C105,1,0.18908128265076582
C182,C106,1,0.258404793925277
C182,C109,1,0.04376643362942392
C182,C110,1,0.1869943400618066
C182,C118,1,0.3432941563219107
C182,C129,1,0.3536702172936048
C182,C130,1,0.32055203594046955
C182,C139,1,0.5005026594696943
C182,C140,1,0.28759433551244584
C182,C141,1,0.3502140529508509
C182,C150,1,0.45249901447025453
C182,C151,1,0.6023317914823576
C182,C152,1,0.38421702449707806
C182,C153,1,0.10875322435570649
C182,C154,1,0.2031509213675303
C182,C165,1,0.12613616331749242
C182,C166,1,0.10279714224629596
C182,C167,1,0.21003864046162862
C182,C172,1,0.4173574390258213
C182,C173,1,0.5455981350979743
C182,C174,1,0.6552288995174631
C182,C175,1,0.5982204745291116
C182,C177,1,0.0962957162946078
C182,C178,1,0.17775315761621993
C182,C179,1,0.38981165370020127
C182,C180,1,0.31802070074184596
C182,C181,1,0.39460033492921703
C183,C005,1,0.40932531745423434
C183,C006,1,0.2697636566199442
C183,C007,1,0.6286604690716457
C183,C008,1,0.6139449436573731
C183,C009,1,0.2582915023818297
C183,C010,1,0.23590323991688156
C183,C014,1,0.5128993500608445
C183,C015,1,0.1623135210854093
C183,C016,1,0.9504313527177164
C183,C017,1,0.7854555019216873
C183,C018,1,0.312955520453637
C183,C019,1,0.2634008727560727
C183,C025,1,0.4738011850290349
C183,C028,1,0.5353874592670317
C183,C030,1,0.26489497598587103
C183,C031,1,0.5926640363958563
C183,C034,1,0.41947932557513257
C183,C035,1,0.41250975518212557
C183,C036,1,0.5322164501482594
C183,C037,1,0.42347769402214347
C183,C038,1,0.3571522812256786
C183,C045,1,0.35924878246607767
C183,C046,1,0.4677274397985903
C183,C047,1,0.7941087196435829
C183,C050,1,0.39499742200731147
C183,C051,1,0.7982035339839597
C183,C052,1,0.36341774961915974
C183,C053,1,0.3295713273064155
C183,C056,1,0.3998041785991563
C183,C057,1,0.2518627863815014
C183,C061,1,0.5562611715826326
C183,C062,1,0.4177944949166286
C183,C063,1,0.24914247745858162
C183,C064,1,0.23601559625900476
C183,C065,1,0.32025475607014126
C183,C086,1,0.28286418515824646
C183,C087,1,0.602001771534485
C183,C091,1,0.2930008186241073
C183,C092,1,0.34032811786721257
C183,C093,1,0.17288915090172613
C183,C095,1,0.26418431689563276
C183,C099,1,0.9445165273390081
C183,C100,1,1.0053418279043762
C183,C103,1,0.3864341653601351
C183,C104,1,0.6365973539549443
C183,C105,1,0.2686499709853253
C183,C106,1,0.330399968610454
C183,C109,1,0.1332076969371045
C183,C110,1,0.15648672061807709
C183,C118,1,0.4369914298902244
C183,C129,1,0.4317167167861777
C183,C130,1,0.3718877240569267
C183,C139,1,0.6161263139531836
C183,C140,1,0.36419197523381086
C183,C141,1,0.48219694152795634
C183,C150,1,0.5711193236336248
C183,C151,1,0.6088017988857352
C183,C152,1,0.45122580421071556
C183,C153,1,0.1057370487086238
C183,C154,1,0.14416300906009888
C183,C165,1,0.22536407773088055
C183,C166,1,0.1774625634040961
C183,C167,1,0.2736483593257838
C183,C172,1,0.5635093354801626
C183,C173,1,0.6715777058960095
C183,C174,1,0.7710740338914417
C183,C175,1,0.7227937968828689
C183,C177,1,0.21045346053630834
C183,C178,1,0.28048962334991673
C183,C179,1,0.5200346033348492
C183,C180,1,0.40804656055583877
C183,C181,1,0.5138488342059527
C183,C182,1,0.15402645558751069
C186,C005,1,0.2309313354766023
C186,C006,1,0.13365981623064618
C186,C007,1,0.3537616191294599
C186,C008,1,0.4975858064858609
C186,C009,1,0.3187889616195753
C186,C010,1,0.369902503531421
C186,C014,1,0.2460205976892134
C186,C015,1,0.2595195925475224
C186,C016,1,0.8384324241715659
C186,C017,1,0.4877129960763766
C186,C018,1,0.3501649339577973
C186,C019,1,0.38137366298317626
C186,C025,1,0.33113546979438235
C186,C028,1,0.2816976854914752
C186,C030,1,0.17508347064771468
C186,C031,1,0.33335786432637227
C186,C034,1,0.4113161583531572
C186,C035,1,0.41127940157385057
C186,C036,1,0.5641911970810541
C186,C037,1,0.29237243020077136
C186,C038,1,0.1944599602255954
C186,C045,1,0.1843574667404117
C186,C046,1,0.35560101252888293
C186,C047,1,0.5043678863486459
C186,C050,1,0.2516660492067907
C186,C051,1,0.625397424627099
C186,C052,1,0.35806898632579776
C186,C053,1,0.3759752524520946
C186,C056,1,0.19975806228114526
C186,C057,1,0.1687410296934915
C186,C061,1,0.3342126024489157
C186,C062,1,0.23705717415193472
C186,C063,1,0.15435229978501672
C186,C064,1,0.18285089431251464
C186,C065,1,0.23886775601228766
C186,C086,1,0.19131426159652576
C186,C087,1,0.30784742666906595
C186,C091,1,0.3844746754627474
C186,C092,1,0.19942613793752986
C186,C093,1,0.29579840607474656
C186,C095,1,0.1607846501736735
C186,C099,1,0.8066785052028262
C186,C100,1,0.8296421159465744
C186,C103,1,0.1757389624836868
C186,C104,1,0.4415633188257442
C186,C105,1,0.2676434747538751
C186,C106,1,0.39593263981005816
C186,C109,1,0.2865242917122947
C186,C110,1,0.4092559800149061
C186,C118,1,0.290797543632728
C186,C129,1,0.29191273062710915
C186,C130,1,0.42724261581897327
C186,C139,1,0.4474412377713293
C186,C140,1,0.30233620282288104
C186,C141,1,0.2815146329546107
C186,C150,1,0.3683211448120892
C186,C151,1,0.7702320650716773
C186,C152,1,0.40499683407886633
C186,C153,1,0.29995995829264316
C186,C154,1,0.4220786797192537
C186,C165,1,0.15615956928948818
C186,C166,1,0.19220027777731316
C186,C167,1,0.2921780489210493
C186,C172,1,0.35141616161914585
C186,C173,1,0.4774297206734169
C186,C174,1,0.45223115343814346
C186,C175,1,0.4493648869572189
C186,C177,1,0.2002920479581041
C186,C178,1,0.1702835349203105
C186,C179,1,0.3775133292816903
C186,C180,1,0.40468327196266296
C186,C181,1,0.3811321887848384
C186,C182,1,0.24888427859756088
C186,C183,1,0.4260133809795832
C191,C005,1,0.3646005926973182
C191,C006,1,0.24217208836330775
C191,C007,1,0.50257891541705
C191,C008,1,0.6404353877178177
C191,C009,1,0.3434281729679504
C191,C010,1,0.33565891409535636
C191,C014,1,0.3942819281072861
C191,C015,1,0.16812553641375097
C191,C016,1,0.900936979061228
C191,C017,1,0.5960639647499275
C191,C018,1,0.3706791207416412
C191,C019,1,0.3731765232724075
C191,C025,1,0.47748465072703056
C191,C028,1,0.42900257527729035
C191,C030,1,0.2792905026029632
C191,C031,1,0.4301416474429918
C191,C034,1,0.4595642504022005
C191,C035,1,0.47391183319548663
C191,C036,1,0.5806148253535358
C191,C037,1,0.42409575939839433
C191,C038,1,0.3382124356339565
C191,C045,1,0.3309222933621118
C191,C046,1,0.5022526859320322
C191,C047,1,0.600005660001937
C191,C050,1,0.3847535903046582
C191,C051,1,0.780967189127974
C191,C052,1,0.3915868232932476
C191,C053,1,0.4338010530406699
C191,C056,1,0.35123696647281505
C191,C057,1,0.23602299042185207
C191,C061,1,0.477899278275355
C191,C062,1,0.3445292638478056
C191,C063,1,0.24909935158968535
C191,C064,1,0.26569502882395357
C191,C065,1,0.3220014538290189
C191,C086,1,0.2631799510412448
C191,C087,1,0.44475167941457483
C191,C091,1,0.38822924641636264
C191,C092,1,0.3270865324078891
C191,C093,1,0.27013376284072055
C191,C095,1,0.23561364852854877
C191,C099,1,0.8801874415386677
C191,C100,1,0.9095375146114588
C191,C103,1,0.25424076508555693
C191,C104,1,0.5933449778085799
C191,C105,1,0.32670262082738105
C191,C106,1,0.3935432367446038
C191,C109,1,0.19174426933899957
C191,C110,1,0.2482916885336878
C191,C118,1,0.43010536586763953
C191,C129,1,0.4456462832656173
C191,C130,1,0.44898975993568785
C191,C139,1,0.5549954003951317
C191,C140,1,0.4019920938734346
C191,C141,1,0.4364111506885633
C191,C150,1,0.5227299126195231
C191,C151,1,0.7322853997466966
C191,C152,1,0.4839761467802147
C191,C153,1,0.20850841968391445
C191,C154,1,0.27870477710277275
C191,C165,1,0.21622555661207093
C191,C166,1,0.2013606658317035
C191,C167,1,0.31273163228311857
C191,C172,1,0.4851668824566072
C191,C173,1,0.6089971656467325
C191,C174,1,0.5879495085509683
C191,C175,1,0.5746129733608156
C191,C177,1,0.16072617506128356
C191,C178,1,0.2770164721714462
C191,C179,1,0.48760850117567395
C191,C180,1,0.4622737950209054
C191,C181,1,0.5090004786436153
C191,C182,1,0.18990020463102655
C191,C183,1,0.2647864896857498
C191,C186,1,0.19005212865499838
C192,C005,1,0.5631757701348845
C192,C006,1,0.5448302171458467
C192,C007,1,0.7962492216301197
C192,C008,1,0.4695438537463574
C192,C009,1,0.36099827780732086
C192,C010,1,0.3354493313826745
C192,C014,1,0.7498169316605099
C192,C015,1,0.3879122838521941
C192,C016,1,0.9990639384607376
C192,C017,1,0.9343179508849664
C192,C018,1,0.37172388306979687
C192,C019,1,0.32702022303524103
C192,C025,1,0.5836239321191925
C192,C028,1,0.7557217486652393
C192,C030,1,0.4923878404512627
C192,C031,1,0.6954175759506857
C192,C034,1,0.3675462542254533
C192,C035,1,0.396090482461917
C192,C036,1,0.40212788265264476
C192,C037,1,0.5375705135694316
C192,C038,1,0.57280402957418
C192,C045,1,0.5601340970568205
C192,C046,1,0.6026998495107654
C192,C047,1,0.9899442217357416
C192,C050,1,0.5035036937242457
C192,C051,1,0.7925356691251945
C192,C052,1,0.5362828842168743
C192,C053,1,0.4254650572552901
C192,C056,1,0.5488538380321809
C192,C057,1,0.4486105149495024
C192,C061,1,0.7072613455888163
C192,C062,1,0.6383496348132389
C192,C063,1,0.5107283033791665
C192,C064,1,0.4613783845029739
C192,C065,1,0.5114193163249173
C192,C086,1,0.5098411515437777
C192,C087,1,0.7221182814152488
C192,C091,1,0.424088680709488
C192,C092,1,0.5247489786394754
C192,C093,1,0.37078577299677373
C192,C095,1,0.45130507210230275
C192,C099,1,0.9149668382200546
C192,C100,1,0.9281938764213724
C192,C103,1,0.6596647147909007
C192,C104,1,0.7315152653572282
C192,C105,1,0.4334164329160083
C192,C106,1,0.33408510870667013
C192,C109,1,0.3969244132497652
C192,C110,1,0.3915437342251038
C192,C118,1,0.5060018190301254
C192,C129,1,0.5416284320180418
C192,C130,1,0.3636321817581875
C192,C139,1,0.7781083114164318
C192,C140,1,0.44344768953848007
C192,C141,1,0.6598487729729171
C192,C150,1,0.657516478778943
C192,C151,1,0.3785530937287293
C192,C152,1,0.41504286025557807
C192,C153,1,0.3747782928547454
C192,C154,1,0.34261151920258315
C192,C165,1,0.4360439339787278
C192,C166,1,0.37660564551663284
C192,C167,1,0.3895222769572047
C192,C172,1,0.722302187587178
C192,C173,1,0.7635773476737413
C192,C174,1,0.9693097493102919
C192,C175,1,0.8905943185847396
C192,C177,1,0.495189882803768
C192,C178,1,0.4657164527557139
C192,C179,1,0.5764968423565342
C192,C180,1,0.4169400939483561
C192,C181,1,0.5378719089085016
C192,C182,1,0.4467333553387963
C192,C183,1,0.4078574947199306
C192,C186,1,0.6210824561594156
C192,C191,1,0.5703941602101946
C193,C005,1,0.18946087123920788
C193,C006,1,0.15746877980034382
C193,C007,1,0.21733884974887294
C193,C008,1,0.4501793689770099
C193,C009,1,0.2960176904454744
C193,C010,1,0.2877589887507934
C193,C014,1,0.16244388223909834
C193,C015,1,0.2613452180582382
C193,C016,1,0.8980109132287419
C193,C017,1,0.3301243739555978
C193,C018,1,0.32989576110916596
C193,C019,1,0.30273306272441725
C193,C025,1,0.11906853475525266
C193,C028,1,0.17195901509377856
C193,C030,1,0.1307800023707819
C193,C031,1,0.3698883684743608
C193,C034,1,0.30045719619206485
C193,C035,1,0.22905256997508394
C193,C036,1,0.4926800911414077
C193,C037,1,0.11097057873263762
C193,C038,1,0.06887112224781232
C193,C045,1,0.07293131661904283
C193,C046,1,0.17734732389742464
C193,C047,1,0.4181539849199129
C193,C050,1,0.16653562410467937
C193,C051,1,0.532493720473391
C193,C052,1,0.19534450789094918
C193,C053,1,0.27048321768224326
C193,C056,1,0.07192014098044802
C193,C057,1,0.14156874226817032
C193,C061,1,0.19457324735529719
C193,C062,1,0.15106167715205573
C193,C063,1,0.12027239798490785
C193,C064,1,0.11208631775051876
C193,C065,1,0.13505909539666316
C193,C086,1,0.1514223193668342
C193,C087,1,0.33470263282318
C193,C091,1,0.22040770870688928
C193,C092,1,0.0842580272767747
C193,C093,1,0.22701827292523977
C193,C095,1,0.1744789255771988
C193,C099,1,0.6357694051951792
C193,C100,1,0.7247701689263921
C193,C103,1,0.18140210705209125
C193,C104,1,0.2870966448446271
C193,C105,1,0.1080789150670095
C193,C106,1,0.26548743478985687
C193,C109,1,0.2680308426756634
C193,C110,1,0.43147665729834545
C193,C118,1,0.2485052531784406
C193,C129,1,0.25293792394643067
C193,C130,1,0.20638636870698862
C193,C139,1,0.26061592034876374
C193,C140,1,0.10961139677937241
C193,C141,1,0.13155699284885458
C193,C150,1,0.2347826995134198
C193,C151,1,0.5786975826856906
C193,C152,1,0.2376225205520458
C193,C153,1,0.273402211389848
C193,C154,1,0.4386175421206319
C193,C165,1,0.13943027320198478
C193,C166,1,0.1684636137595974
C193,C167,1,0.24893445603145606
C193,C172,1,0.15638485232295787
C193,C173,1,0.3437857698813062
C193,C174,1,0.4393073783841623
C193,C175,1,0.33540244770221467
C193,C177,1,0.26857775823476693
C193,C178,1,0.14156469885154616
C193,C179,1,0.19211754791873273
C193,C180,1,0.16787122710673597
C193,C181,1,0.19300830475928818
C193,C182,1,0.24701325276889471
C193,C183,1,0.3558408970532755
C193,C186,1,0.22565056983172385
C193,C191,1,0.37141956433142576
C193,C192,1,0.509343415319319
C194,C005,1,0.23476928349720702
C194,C006,1,0.1652680414255416
C194,C007,1,0.14425788326805478
C194,C008,1,0.41557718423168244
C194,C009,1,0.36154558148991295
C194,C010,1,0.37808750242284195
C194,C014,1,0.08644309352081356
C194,C015,1,0.29362933428300697
C194,C016,1,0.8826536995664652
C194,C017,1,0.23811896605940636
C194,C018,1,0.37127609078720114
C194,C019,1,0.36578324962619035
C194,C025,1,0.1068229953024788
C194,C028,1,0.10089979866326487
C194,C030,1,0.14680587483277463
C194,C031,1,0.2870167570028236
C194,C034,1,0.3690013503897516
C194,C035,1,0.299776447950613
C194,C036,1,0.5603961576635768
C194,C037,1,0.11201649146892285
C194,C038,1,0.07837472168986725
C194,C045,1,0.07120616576180046
C194,C046,1,0.16982986489467441
C194,C047,1,0.38163607866366633
C194,C050,1,0.1699080923046853
C194,C051,1,0.4528687684194142
C194,C052,1,0.24491238871396973
C194,C053,1,0.328761357768232
C194,C056,1,0.051064558619125726
C194,C057,1,0.1752977393821689
C194,C061,1,0.14175744720332437
C194,C062,1,0.11398304851523271
C194,C063,1,0.1446937693425191
C194,C064,1,0.14201845989289233
C194,C065,1,0.18242583054462427
C194,C086,1,0.1669222986760579
C194,C087,1,0.2437842862586758
C194,C091,1,0.2917297567768073
C194,C092,1,0.1191764116270167
C194,C093,1,0.30409116276753917
C194,C095,1,0.19578563550444783
C194,C099,1,0.6245943897537609
C194,C100,1,0.7142317017320312
C194,C103,1,0.18679568446938416
C194,C104,1,0.23706108578722251
C194,C105,1,0.1755823931887406
C194,C106,1,0.3356348293850194
C194,C109,1,0.31935101410568106
C194,C110,1,0.5212599286515134
C194,C118,1,0.24449202962729824
C194,C129,1,0.2803730713157226
C194,C130,1,0.3049308378512162
C194,C139,1,0.2177851335447575
C194,C140,1,0.12225721991991081
C194,C141,1,0.10597708026325917
C194,C150,1,0.18819916224940728
C194,C151,1,0.7251633916909653
C194,C152,1,0.25493587430683784
C194,C153,1,0.3265381521583786
C194,C154,1,0.5228562954616074
C194,C165,1,0.17135933810357398
C194,C166,1,0.20361672940079684
C194,C167,1,0.3089650325178272
C194,C172,1,0.09122529639542368
C194,C173,1,0.3471244846781424
C194,C174,1,0.3304149413699767
C194,C175,1,0.25828462421014403
C194,C177,1,0.28754768500090483
C194,C178,1,0.17103346904983008
C194,C179,1,0.1816331878686739
C194,C180,1,0.25774172703189924
C194,C181,1,0.19407971546916414
C194,C182,1,0.29471863199747605
C194,C183,1,0.42918160309962183
C194,C186,1,0.2175898215256856
C194,C191,1,0.3679374101149951
C194,C192,1,0.6258991498777746
C194,C193,1,0.09582231338069097
C195,C005,1,0.793357065518952
C195,C006,1,0.8153719593187914
C195,C007,1,0.9707238030638665
C195,C008,1,0.997548118762642
C195,C009,1,0.6808347725596835
C195,C010,1,0.709815330052618
C195,C014,1,0.8597984482535329
C195,C015,1,0.7626883771510649
C195,C016,1,1.172972763678515
C195,C017,1,1.0018776021615676
C195,C018,1,0.6825545442176899
C195,C019,1,0.7088430385925393
C195,C025,1,0.8524926732675306
C195,C028,1,0.9817776971677695
C195,C030,1,0.7793218703870202
C195,C031,1,0.8642241996910031
C195,C034,1,0.7437696275357116
C195,C035,1,0.7726710757804979
C195,C036,1,0.7922280447588904
C195,C037,1,0.9207712174533138
C195,C038,1,0.8571225498061568
C195,C045,1,0.9135520538593744
C195,C046,1,0.9114848998461679
C195,C047,1,0.8453152896707896
C195,C050,1,0.7851515383896892
C195,C051,1,0.9240734301559506
C195,C052,1,0.8529234096173489
C195,C053,1,0.7660129832242524
C195,C056,1,1.0099880866730881
C195,C057,1,0.8861800711410271
C195,C061,1,0.8598676421075653
C195,C062,1,0.7615494371829304
C195,C063,1,0.8061932538972725
C195,C064,1,0.8174668213701363
C195,C065,1,0.8308780997595029
C195,C086,1,0.7544862971604346
C195,C087,1,0.8656957332096556
C195,C091,1,0.8829812655037722
C195,C092,1,0.7495738817783009
C195,C093,1,0.7122099457763343
C195,C095,1,0.77046208333543
C195,C099,1,1.2498639974224668
C195,C100,1,1.2557703654833676
C195,C103,1,0.7632282167984801
C195,C104,1,1.090397836765018
C195,C105,1,0.7584426682553347
C195,C106,1,0.7571796417593032
C195,C109,1,0.7435200380595378
C195,C110,1,0.6919134062485472
C195,C118,1,1.0469230488378083
C195,C129,1,0.6772170797338154
C195,C130,1,0.7451478516119974
C195,C139,1,0.8763761278200444
C195,C140,1,0.7831912480907316
C195,C141,1,0.9322350878668444
C195,C150,1,0.842983573424261
C195,C151,1,0.8832219645332543
C195,C152,1,0.8323051285871006
C195,C153,1,0.7219383953096243
C195,C154,1,0.7068228701793612
C195,C165,1,0.8829182219265393
C195,C166,1,0.8572755142538726
C195,C167,1,0.7502259121093029
C195,C172,1,1.0293267793090242
C195,C173,1,1.0418624582507092
C195,C174,1,0.9680940974981418
C195,C175,1,0.9888941404901781
C195,C177,1,0.6890903687453666
C195,C178,1,0.8046457292589253
C195,C179,1,0.8050306363885608
C195,C180,1,0.7841593490098938
C195,C181,1,0.8290026170960326
C195,C182,1,0.7398026874125505
C195,C183,1,0.7697176810568145
C195,C186,1,0.7695919027181689
C195,C191,1,0.6174886498519246
C195,C192,1,0.9095890521255172
C195,C193,1,0.8445191411821259
C195,C194,1,1.0131038869411217
C197,C005,1,0.6522104321469756
C197,C006,1,0.7249913650271971
C197,C007,1,0.7272603911672968
C197,C008,1,0.7146967573339381
C197,C009,1,0.9081789350624048
C197,C010,1,0.9575461453957803
C197,C014,1,0.7464900001745562
C197,C015,1,0.8188110999345029
C197,C016,1,0.36568478699581425
C197,C017,1,0.686743483383597
C197,C018,1,0.9561978557103332
C197,C019,1,0.9733044206830431
C197,C025,1,0.8277208200663767
C197,C028,1,0.7271932453035568
C197,C030,1,0.7580767439640703
C197,C031,1,0.8014306062565093
C197,C034,1,0.9522784111823615
C197,C035,1,0.9782851749558087
C197,C036,1,1.0065618112893226
C197,C037,1,0.7798166056363522
C197,C038,1,0.7483195674776816
C197,C045,1,0.7339338180580158
C197,C046,1,0.9392444219261987
C197,C047,1,0.5976593903619213
C197,C050,1,0.9236134540275445
C197,C051,1,0.8394811009745338
C197,C052,1,0.9568519494595281
C197,C053,1,1.0469485062441395
C197,C056,1,0.7319687549576805
C197,C057,1,0.7451857154310879
C197,C061,1,0.7955468130753208
C197,C062,1,0.7951176010442866
C197,C063,1,0.7287945287837454
C197,C064,1,0.733637506364572
C197,C065,1,0.7628352180597585
C197,C086,1,0.8587033775034981
C197,C087,1,0.8227108272376472
C197,C091,1,0.9337618931614522
C197,C092,1,0.7911999729148462
C197,C093,1,0.8681787380177712
C197,C095,1,0.6837813855402941
C197,C099,1,0.6550478685595219
C197,C100,1,0.733570148886063
C197,C103,1,0.6860433903134314
C197,C104,1,0.7922990957196484
C197,C105,1,0.8877966131423596
C197,C106,1,0.9402393028359747
C197,C109,1,0.8351002420602529
C197,C110,1,0.9545352739342358
C197,C118,1,0.7685617302929523
C197,C129,1,0.9553505714720406
C197,C130,1,0.9903925789088674
C197,C139,1,0.8578993456396258
C197,C140,1,0.9150273203951147
C197,C141,1,0.778883251835526
C197,C150,1,0.8435273002488224
C197,C151,1,1.2721397465147046
C197,C152,1,1.0254992081746446
C197,C153,1,0.8479261356654879
C197,C154,1,0.9712796026735478
C197,C165,1,0.743552993431687
C197,C166,1,0.763125667558419
C197,C167,1,0.7029978488179045
C197,C172,1,0.7196276127295723
C197,C173,1,0.7618440128745679
C197,C174,1,0.8250574348384819
C197,C175,1,0.7888704492907446
C197,C177,1,0.8283210518464752
C197,C178,1,0.7112441173824074
C197,C179,1,0.8951538201678847
C197,C180,1,1.0487467741846825
C197,C181,1,0.9434327535897448
C197,C182,1,0.8393306126164403
C197,C183,1,0.9928354651155816
C197,C186,1,0.645844197403007
C197,C191,1,0.7224096163514796
C197,C192,1,1.1768614232185026
C197,C193,1,0.7797567264038523
C197,C194,1,0.7027660262374437
C197,C195,1,1.004729447082628
C198,C029,2,0.4721474644409459
C198,C044,2,0.776192197909883
C198,C055,2,0.5904883013856992
C198,C125,2,0.4981118182391985
C198,C138,2,0.6739293666650973
C198,C176,2,0.417175525678039
C199,C005,1,0.5910713218184559
C199,C006,1,0.6871017479805959
C199,C007,1,0.5260650413319468
C199,C008,1,0.38031316648537367
C199,C009,1,0.8826462579842828
C199,C010,1,0.8226302555422549
C199,C014,1,0.5934255498838065
C199,C015,1,0.6934026908939518
C199,C016,1,0.37884728957793334
C199,C017,1,0.6112967038621153
C199,C018,1,0.902047950752554
C199,C019,1,0.7929003416358844
C199,C025,1,0.5817254803729617
C199,C028,1,0.5501224555994594
C199,C030,1,0.6457532998925839
C199,C031,1,0.7146814684681608
C199,C034,1,0.8639383394531417
C199,C035,1,0.7694423951528331
C199,C036,1,0.8857287279605287
C199,C037,1,0.48787174753102935
C199,C038,1,0.5709025353881076
C199,C045,1,0.5511228852456808
C199,C046,1,0.517446709504206
C199,C047,1,0.692421134353125
C199,C050,1,0.6855200049566728
C199,C051,1,0.5364393630325907
C199,C052,1,0.7200996933196431
C199,C053,1,0.8266363077650881
C199,C056,1,0.5084585093082556
C199,C057,1,0.590556739477133
C199,C061,1,0.577870401686964
C199,C062,1,0.6365751246790666
C199,C063,1,0.633521844598253
C199,C064,1,0.6263574785906586
C199,C065,1,0.5709641745899796
C199,C086,1,0.6866553124384683
C199,C087,1,0.7079029281138367
C199,C091,1,0.6301617159304592
C199,C092,1,0.645810173671669
C199,C093,1,0.7513917398466001
C199,C095,1,0.6186882823822104
C199,C099,1,0.376440492314154
C199,C100,1,0.4725837514469283
C199,C103,1,0.6603784684895253
C199,C104,1,0.49488943486005327
C199,C105,1,0.6578562765163047
C199,C106,1,0.7064296271085887
C199,C109,1,0.7337892625607938
C199,C110,1,0.8517384223385497
C199,C118,1,0.3763682926135085
C199,C129,1,0.815604737918417
C199,C130,1,0.747824267100644
C199,C139,1,0.6497743943804772
C199,C140,1,0.6140046290786579
C199,C141,1,0.5316917196827592
C199,C150,1,0.6657972626339196
C199,C151,1,0.7502688884347112
C199,C152,1,0.5975475032456794
C199,C153,1,0.7361233057363596
C199,C154,1,0.8394508133893093
C199,C165,1,0.584045524196346
C199,C166,1,0.6388049297873096
C199,C167,1,0.6577838621141676
C199,C172,1,0.5225343813270156
C199,C173,1,0.44112592599579603
C199,C174,1,0.6631124834342319
C199,C175,1,0.5740602815820003
C199,C177,1,0.8074398012291469
C199,C178,1,0.6084940541263921
C199,C179,1,0.7205482571695951
C199,C180,1,0.7798819882674816
C199,C181,1,0.6772505693527995
C199,C182,1,0.723021000110813
C199,C183,1,0.784566017297309
C199,C186,1,0.7143354750090379
C199,C191,1,0.8184232364427863
C199,C192,1,0.6162658230055235
C199,C193,1,0.5633859219208994
C199,C194,1,0.5357971482574309
C199,C195,1,1.2300761774277194
C199,C197,1,0.7309659009217367
C202,C005,1,0.36803266075490426
C202,C006,1,0.3593571609479593
C202,C007,1,0.2857025328478846
C202,C008,1,0.3960949035111455
C202,C009,1,0.5793906175382414
C202,C010,1,0.5919053970668289
C202,C014,1,0.3103420475684638
C202,C015,1,0.5993797304630464
C202,C016,1,0.9497179970913614
C202,C017,1,0.4105311204889959
C202,C018,1,0.6451352439268291
C202,C019,1,0.6254939575830752
C202,C025,1,0.25949489381257607
C202,C028,1,0.27707307644473333
C202,C030,1,0.42224253060395467
C202,C031,1,0.512641033299548
C202,C034,1,0.6216436474283259
C202,C035,1,0.5456387520418947
C202,C036,1,0.7308560513373634
C202,C037,1,0.2585433144708031
C202,C038,1,0.25970389711683045
C202,C045,1,0.26960529535043865
C202,C046,1,0.2152835757162937
C202,C047,1,0.39672143158566886
C202,C050,1,0.33146815042362937
C202,C051,1,0.5332122105400592
C202,C052,1,0.38880274409809534
C202,C053,1,0.5840482658565861
C202,C056,1,0.24570537042700902
C202,C057,1,0.40617856368183614
C202,C061,1,0.2917397042912156
C202,C062,1,0.3485809546091148
C202,C063,1,0.3426979320418614
C202,C064,1,0.3752121520761112
C202,C065,1,0.31456333767846056
C202,C086,1,0.4569749788011497
C202,C087,1,0.48449620702992835
C202,C091,1,0.4292105567485211
C202,C092,1,0.32546668220192454
C202,C093,1,0.5684459621962927
C202,C095,1,0.4324287713983548
C202,C099,1,0.5993752667088709
C202,C100,1,0.677649032587992
C202,C103,1,0.4234013827494974
C202,C104,1,0.33505183321692633
C202,C105,1,0.4200166664168675
C202,C106,1,0.5197201780770544
C202,C109,1,0.591769543517544
C202,C110,1,0.7290139571631198
C202,C118,1,0.3403191227706992
C202,C129,1,0.504557943616278
C202,C130,1,0.5279426814023533
C202,C139,1,0.3311430663613023
C202,C140,1,0.34786661265758606
C202,C141,1,0.24443648564348824
C202,C150,1,0.28560449307752866
C202,C151,1,0.9196840744737577
C202,C152,1,0.42030898312299136
C202,C153,1,0.5822743916271618
C202,C154,1,0.718357651594856
C202,C165,1,0.4005443131887436
C202,C166,1,0.4308055727771604
C202,C167,1,0.48938630973619507
C202,C172,1,0.2605149141521242
C202,C173,1,0.3217501868320212
C202,C174,1,0.4498248727180941
C202,C175,1,0.3868727834541927
C202,C177,1,0.6080048047790957
C202,C178,1,0.3191596519959857
C202,C179,1,0.22497686666888456
C202,C180,1,0.2328954523930953
C202,C181,1,0.137467778135164
C202,C182,1,0.5685300740510767
C202,C183,1,0.6681417292764327
C202,C186,1,0.515628825377384
C202,C191,1,0.6139704091284649
C202,C192,1,0.7330945372548074
C202,C193,1,0.2100520429719435
C202,C194,1,0.22909881999745857
C202,C195,1,0.9294262187246766
C202,C197,1,0.9143274339031737
C202,C199,1,0.6174371569990929
C216,C005,1,0.7859979442767102
C216,C006,1,0.6693947551801733
C216,C007,1,0.8622978005078485
C216,C008,1,0.7244199271695722
C216,C009,1,0.6832967675798843
C216,C010,1,0.6920856812247763
C216,C014,1,0.8015113838312349
C216,C015,1,0.5754852983405033
C216,C016,1,0.7960635225316987
C216,C017,1,0.8993266878093034
C216,C018,1,0.6982174324361853
C216,C019,1,0.6926344998920199
C216,C025,1,0.8611929087202745
C216,C028,1,0.8402564124470538
C216,C030,1,0.6799763262671696
C216,C031,1,0.7409614646726405
C216,C034,1,0.7377314023792974
C216,C035,1,0.7852425764576987
C216,C036,1,0.725901456373508
C216,C037,1,0.7968063624166464
C216,C038,1,0.7707915799800018
C216,C045,1,0.776305277355875
C216,C046,1,0.9245499794722803
C216,C047,1,0.9099808466524802
C216,C050,1,0.8424384577779879
C216,C051,1,1.0440257547908995
C216,C052,1,0.8354435153468484
C216,C053,1,0.7952955273951576
C216,C056,1,0.7834964204083893
C216,C057,1,0.6973463109264042
C216,C061,1,0.8471667362359525
C216,C062,1,0.7766542951503451
C216,C063,1,0.6802696567243371
C216,C064,1,0.6806861593861975
C216,C065,1,0.7163782228594695
C216,C086,1,0.6898807024842888
C216,C087,1,0.8039585866885015
C216,C091,1,0.7662454098716078
C216,C092,1,0.7577526343388777
C216,C093,1,0.64812608895177
C216,C095,1,0.6238636935275951
C216,C099,1,1.0131775376071952
C216,C100,1,1.005385611497166
C216,C103,1,0.7081772456433669
C216,C104,1,0.8959484230560145
C216,C105,1,0.743140368403847
C216,C106,1,0.7177540988197549
C216,C109,1,0.617305290492858
C216,C110,1,0.5774444103812029
C216,C118,1,0.8175054992013513
C216,C129,1,0.8200520489739259
C216,C130,1,0.7293069316909953
C216,C139,1,0.8816196908749577
C216,C140,1,0.7771041256251403
C216,C141,1,0.8353060385406157
C216,C150,1,0.9081772058353607
C216,C151,1,0.5390824816703531
C216,C152,1,0.8499969987433225
C216,C153,1,0.6400170128438004
C216,C154,1,0.5726867528148688
C216,C165,1,0.6606604953534833
C216,C166,1,0.6486203658688009
C216,C167,1,0.6203169843926586
C216,C172,1,0.8661287777105874
C216,C173,1,0.8836555187740722
C216,C174,1,0.9676289384727416
C216,C175,1,0.8946887746971592
C216,C177,1,0.5896307348915273
C216,C178,1,0.6738523400332393
C216,C179,1,0.8459139810329175
C216,C180,1,0.8397104060935014
C216,C181,1,0.8937723220923075
C216,C182,1,0.6229292450489848
C216,C183,1,0.6455028175437276
C216,C186,1,0.6678903259103176
C216,C191,1,0.5381265348818294
C216,C192,1,0.5777086827194271
C216,C193,1,0.802976507696063
C216,C194,1,0.794052482168367
C216,C195,1,0.8007176258897218
C216,C197,1,0.9083289165442909
C216,C199,1,0.8737537787959033
C216,C202,1,0.9175084103723087
