metadata_source,query_ids,best_query_rank,openalex_id,doi,title,abstract,publication_date,year,type,venue,publisher,authors,cited_by_count,landing_url,open_pdf_url,is_oa,dedup_key,screen_status,relevance_score,core_perovskite_pv,has_stability_terms,has_curve_time_terms,has_nonmonotonic_terms,has_clustering_terms,is_review_title,doi_url
OpenAlex,oa_light_soaking_recovery,66,https://openalex.org/W2993405996,10.1021/acsami.9b14619,Effect of Metal Electrodes on Aging-Induced Performance Recovery in Perovskite Solar Cells,"For commercialization of perovskite solar cells (PSCs), it is important to substitute the alternative electrode for Au to decrease the unit cost. From the early stage, Ag exhibits a potential to be a good counter electrode in PSCs; however, there is an abnormal s-shaped J – V curve with the Ag electrode, and it is recovered as time passes. The perception of the aging-induced recovery process and refutation of the raised stability issues are required for commercial application of Ag electrodes. Herein, we compared the aging effect of PSCs with Ag and Au electrodes and found that only devices with Ag electrodes have a dramatical aging-induced recovery process. We observed the change of photoelectronic properties only in the devices with Ag electrodes as time passes, which mainly contributes to recovery of the s-shaped J – V curve. We verified the work function change of an aged Ag electrode and its mechanism by photoelectron spectroscopy analysis. By comparing the light stability under 1 sun intensity illumination, we can assure the practical stability of Ag electrodes in case of being encapsulated. This work suggests the profound understanding of the aging-induced recovery process of PSCs and the possibility of commercial application of Ag electrodes.",2019-12-04,2019,article,ACS Applied Materials & Interfaces,,Dong Geon Lee; Min‐cheol Kim; Shen Wang; Byeong Jo Kim; Ying Shirley Meng; Hyun Suk Jung,37,https://doi.org/10.1021/acsami.9b14619,,True,doi:10.1021/acsami.9b14619,A_curve_likely_original,37,True,True,True,True,True,False,https://doi.org/10.1021/acsami.9b14619
Crossref,cr_reversible_degradation,8,,10.1002/solr.202200281,Reversible Degradation in Hole Transport Layer‐Free Carbon‐Based Perovskite Solar Cells,"The rationale for ambient degradation behaviors in hole transport layer (HTL)‐free carbon‐based perovskite solar cells (PSCs) still remains a mystery, although carbon‐based PSCs have been the frontrunner among the emerging next‐generation photovoltaics owing to their low cost of materials and fabrication process, as well as the exceptional durability. Herein, the long‐term stability of HTL‐free carbon‐based PSCs (H‐C‐PSCs) in the ambient air environment is investigated to thoroughly understand and identify the governing chemistry during the degradation. Specifically, a reversible degradation phenomenon is observed along with an anomalous S‐shape of current–voltage curves involving only reduction of fill factor (FF), almost without impact for short‐circuit current density and open‐circuit voltage. Furthermore, a minute‐heating treatment will eliminate the reversible degradation which can be attributed to the reversible formation of intermediate hydrate at the interface between perovskite and carbon contact. This provides a new perspective for the stability issue of H‐C‐PSCs.",2022-05-08,2022,journal-article,Solar RRL,Wiley,Yuan-Bo Yang; Peng Chen; Hong-Shi Li; Qian Zhao; Tian-Tian Li; Yue Wu; Yu Zhang; Xue-Ping Gao; Guo-Ran Li,5,https://doi.org/10.1002/solr.202200281,,False,doi:10.1002/solr.202200281,A_curve_likely_original,35,True,True,True,True,True,False,https://doi.org/10.1002/solr.202200281
OpenAlex,oa_operational_stability;oa_pce_time_curve,35,https://openalex.org/W4378194809,10.1126/science.ade9463,Lead-chelating hole-transport layers for efficient and stable perovskite minimodules,"The defective bottom interfaces of perovskites and hole-transport layers (HTLs) limit the performance of p-i-n structure perovskite solar cells. We report that the addition of lead chelation molecules into HTLs can strongly interact with lead(II) ion (Pb 2+ ), resulting in a reduced amorphous region in perovskites near HTLs and a passivated perovskite bottom surface. The minimodule with an aperture area of 26.9 square centimeters has a power conversion efficiency (PCE) of 21.8% (stabilized at 21.1%) that is certified by the National Renewable Energy Laboratory (NREL), which corresponds to a minimal small-cell efficiency of 24.6% (stabilized 24.1%) throughout the module area. Small-area cells and large-area minimodules with lead chelation molecules in HTLs had a light soaking stability of 3010 and 2130 hours, respectively, at an efficiency loss of 10% from the initial value under 1-sun illumination and open-circuit voltage conditions.",2023-05-25,2023,article,Science,,Chengbin Fei; Nengxu Li; Mengru Wang; Xiaoming Wang; Hangyu Gu; Bo Chen; Zhao Zhang; Zhenyi Ni; Haoyang Jiao; Wenzhan Xu; Zhifang Shi; Yanfa Yan; Jinsong Huang,362,https://doi.org/10.1126/science.ade9463,,True,doi:10.1126/science.ade9463,A_curve_likely_original,34,True,True,True,True,False,False,https://doi.org/10.1126/science.ade9463
OpenAlex,oa_pce_time_curve,171,https://openalex.org/W2890564463,10.1038/s41467-018-06204-2,In-situ cross-linking strategy for efficient and operationally stable methylammoniun lead iodide solar cells,"Abstract Long-term operational stability is the foremost issue delaying the commercialization of perovskite solar cells (PSCs). Here we demonstrate an in-situ cross-linking strategy for operationally stable inverted MAPbI3 PSCs through the incorporation of a cross-linkable organic small molecule additive trimethylolpropane triacrylate (TMTA) into perovskite films. TMTA can chemically anchor to grain boundaries and then in-situ cross-link to a robust continuous network polymer after thermal treatment, thus enhancing the thermal, water-resisting and light-resisting properties of organic/perovskite films. As a result, the cross-linked PSCs exhibit 590-fold improvement in operational stability, retaining nearly 80% of their initial efficiency after continuous power output for 400 h at maximum power point under full-sun AM 1.5 G illumination of Xenon lamp without any UV-filter. In addition, under moisture or thermal (85 °C) conditions, cross-linked TMTA-based PSCs also show excellent stability with over 90% of their initial or post burn-in efficiency after aging for over 1000 h.",2018-09-12,2018,article,Nature Communications,,Xiaodong Li; Wenxiao Zhang; Ying‐Chiao Wang; Wenjun Zhang; Hai-Qiao Wang; Junfeng Fang,330,https://doi.org/10.1038/s41467-018-06204-2,https://www.nature.com/articles/s41467-018-06204-2.pdf,True,doi:10.1038/s41467-018-06204-2,A_curve_likely_original,34,True,True,True,True,False,False,https://doi.org/10.1038/s41467-018-06204-2
OpenAlex,oa_curve_clustering;oa_pce_time_curve,29,https://openalex.org/W3179866831,10.1126/sciadv.abg0633,Efficient and stable inverted perovskite solar cells with very high fill factors via incorporation of star-shaped polymer,"Stabilizing high-efficiency perovskite solar cells (PSCs) at operating conditions remains an unresolved issue hampering its large-scale commercial deployment. Here, we report a star-shaped polymer to improve charge transport and inhibit ion migration at the perovskite interface. The incorporation of multiple chemical anchor sites in the star-shaped polymer branches strongly controls the crystallization of perovskite film with lower trap density and higher carrier mobility and thus inhibits the nonradiative recombination and reduces the charge-transport loss. Consequently, the modified inverted PSCs show an optimal power conversion efficiency of 22.1% and a very high fill factor (FF) of 0.862, corresponding to 95.4% of the Shockley-Queisser limited FF (0.904) of PSCs with a 1.59-eV bandgap. The modified devices exhibit excellent long-term operational and thermal stability at the maximum power point for 1000 hours at 45°C under continuous one-sun illumination without any significant loss of efficiency.",2021-07-07,2021,article,Science Advances,,Qi Cao; Yongjiang Li; Hong Zhang; Jiabao Yang; Jian Han; Ting Xu; Shuangjie Wang; Zishuai Wang; Bingyu Gao; Junsong Zhao; Xiaoqiang Li; Xiaoyan Ma; Xiaoyan Ma; Shaik M. Zakeeruddin; Wei E. I. Sha; Xuanhua Li; Xuanhua Li; Michaël Grätzel,323,https://doi.org/10.1126/sciadv.abg0633,https://www.science.org/doi/pdf/10.1126/sciadv.abg0633?download=true,True,doi:10.1126/sciadv.abg0633,A_curve_likely_original,34,True,True,True,False,True,False,https://doi.org/10.1126/sciadv.abg0633
OpenAlex,oa_operational_stability,45,https://openalex.org/W4399500807,10.1038/s41467-024-49395-7,Silver coordination-induced n-doping of PCBM for stable and efficient inverted perovskite solar cells,"Abstract The bidirectional migration of halides and silver causes irreversible chemical corrosion to the electrodes and perovskite layer, affecting long-term operation stability of perovskite solar cells. Here we propose a silver coordination-induced n-doping of [6,6]-phenyl-C 61 -butyric acid methyl ester strategy to safeguard Ag electrode against corrosion and impede the migration of iodine within the PSCs. Meanwhile, the coordination between DCBP and silver induces n-doping in the PCBM layer, accelerating electron extraction from the perovskite layer. The resultant PSCs demonstrate an efficiency of 26.03% (certified 25.51%) with a minimal non-radiative voltage loss of 126 mV. The PCE of resulting devices retain 95% of their initial value after 2500 h of continuous maximum power point tracking under one-sun irradiation, and > 90% of their initial value even after 1500 h of accelerated aging at 85 °C and 85% relative humidity.",2024-06-10,2024,article,Nature Communications,,Cheng Gong; Jing Li; Huaxin Wang; Cong Zhang; Qixin Zhuang; Awen Wang; Zhiyuan Xu; Wensi Cai; Ru Li; Xiong Li; Zhigang Zang,140,https://doi.org/10.1038/s41467-024-49395-7,,True,doi:10.1038/s41467-024-49395-7,A_curve_likely_original,34,True,True,True,True,False,False,https://doi.org/10.1038/s41467-024-49395-7
OpenAlex,oa_operational_stability,105,https://openalex.org/W4399964114,10.1038/s41586-024-07705-5,Water- and heat-activated dynamic passivation for perovskite photovoltaics,"Abstract Further improvements in perovskite solar cells require better control of ionic defects in the perovskite photoactive layer during the manufacturing stage and their usage 1–5 . Here we report a living passivation strategy using a hindered urea/thiocarbamate bond 6–8 Lewis acid–base material (HUBLA), where dynamic covalent bonds with water and heat-activated characteristics can dynamically heal the perovskite to ensure device performance and stability. Upon exposure to moisture or heat, HUBLA generates new agents and further passivates defects in the perovskite. This passivation strategy achieved high-performance devices with a power conversion efficiency (PCE) of 25.1 per cent. HUBLA devices retained 94 per cent of their initial PCE for approximately 1,500 hours of ageing at 85 degrees Celsius in nitrogen and maintained 88 per cent of their initial PCE after 1,000 hours of ageing at 85 degrees Celsius and 30 per cent relative humidity in air.",2024-06-24,2024,article,Nature,,Wei‐Ting Wang; Philippe Holzhey; Ning Zhou; Qiang Zhang; Suer Zhou; Elisabeth A. Duijnstee; Kevin J. Rietwyk; Jeng‐Yu Lin; Yijie Mu; Yanfeng Zhang; Udo Bach; Chun‐Guey Wu; Hin‐Lap Yip; Henry J. Snaith; Shien‐Ping Feng,103,https://doi.org/10.1038/s41586-024-07705-5,https://www.nature.com/articles/s41586-024-07705-5.pdf,True,doi:10.1038/s41586-024-07705-5,A_curve_likely_original,34,True,True,True,True,False,False,https://doi.org/10.1038/s41586-024-07705-5
OpenAlex,oa_reversible_degradation,61,https://openalex.org/W4393971126,10.1002/adma.202400852,Dynamic Reversible Oxidation‐Reduction of Iodide Ions for Operationally Stable Perovskite Solar Cells under ISOS‐L‐3 Protocol,"Abstract Despite rapid advancements in the photovoltaic efficiencies of perovskite solar cells (PSCs), their operational stability remains a significant challenge for commercialization. This instability mainly arises from light‐induced halide ion migration and subsequent oxidation into iodine (I 2 ). The situation is exacerbated when considering the heat effects at elevated temperatures, leading to the volatilization of I 2 and resulting in irreversible device degradation. Mercaptoethylammonium iodide (ESAI) is thus incorporated into perovskite as an additive to inhibit the oxidation of iodide anion (I − ) and the light‐induced degradation pathway of FAPbI 3 →FAI+PbI 2 . Additionally, the formation of a thiol‐disulfide/I − ‐I 2 redox pair within the perovskite film provides a dynamic mechanism for the continuous reduction of I 2 under light and thermal stresses, facilitating the healing of iodine‐induced degradations. This approach significantly enhances the operational stability of PSCs. Under the ISOS‐L‐3 testing protocol (maximum power point (MPP) tracking in an environment with relative humidity of ≈50% at ≈65 °C), the treated PSCs maintain 97% of their original power conversion efficieney (PCE) after 300 h of aging. In contrast, control devices exhibit almost complete degradation, primarily due to rapid thermal‐induced I 2 volatilization. These results demonstrate a promising strategy to overcome critical stability challenges in PSCs, particularly in scenarios involving thermal effects.",2024-04-05,2024,article,Advanced Materials,,Xiaoyi Lü; Kexuan Sun; Yaohua Wang; Chang Liu; Yuanyuan Meng; Xiting Lang; Chuanxiao Xiao; Ruijia Tian; Zhenhua Song; Zewei Zhu; Ming Yang; Yang Bai; Ziyi Ge,94,https://doi.org/10.1002/adma.202400852,https://onlinelibrary.wiley.com/doi/pdfdirect/10.1002/adma.202400852,True,doi:10.1002/adma.202400852,A_curve_likely_original,33,True,True,True,True,False,False,https://doi.org/10.1002/adma.202400852
OpenAlex,oa_curve_clustering;oa_operational_stability,104,https://openalex.org/W4406275628,10.1038/s41467-025-55815-z,Tailoring pyridine bridged chalcogen-concave molecules for defects passivation enables efficient and stable perovskite solar cells,"Suppressing deep-level defects at the perovskite bulk and surface is indispensable for reducing the non-radiative recombination losses and improving efficiency and stability of perovskite solar cells (PSCs). In this study, two Lewis bases based on chalcogen-thiophene (n-Bu4S) and selenophene (n-Bu4Se) having tetra-pyridine as bridge are developed to passivate defects in perovskite film. The uncoordinated Pb2+ and iodine vacancy defects can interact with chalcogen-concave group and pyridine group through the formation of the Lewis acid-base adduct, particularly both the defects can be surrounded by concave molecules, resulting in effective suppression charge recombination. This approach enables a power conversion efficiency (PCE) as high as 25.37% (25.18% certified) for n-i-p PSCs with stable operation at 65 °C and 1-sun illumination for 1300 hours in N2 (ISOS-L-2 protocol), retaining 94% of the initial efficiency. Our work provides insight into the bowl-shaped Lewis base in defects passivation by coordinated strategy for high-performance photovoltaic devices. Suppressing deep-level defects at the perovskite bulk and surface is critical to reduce the non-radiative recombination losses in perovskite solar cells. Here, authors employ concave-shaped chalcogen molecules for defect passivation, achieving certified efficiency of 25.18% for stable n-i-p devices.",2025-01-11,2025,article,Nature Communications,,Muhammad Azam; Yao Ma; Boxue Zhang; Xiangfeng Shao; Zhongquan Wan; Huaibiao Zeng; Haomiao Yin; Junsheng Luo; Chunyang Jia,67,https://doi.org/10.1038/s41467-025-55815-z,https://www.nature.com/articles/s41467-025-55815-z.pdf,True,doi:10.1038/s41467-025-55815-z,A_curve_likely_original,33,True,True,True,False,True,False,https://doi.org/10.1038/s41467-025-55815-z
OpenAlex,oa_light_soaking_recovery,46,https://openalex.org/W3139542098,10.1021/acssuschemeng.0c09015,Impact of P3HT Regioregularity and Molecular Weight on the Efficiency and Stability of Perovskite Solar Cells,"High Resolution Image Download MS PowerPoint Slide The commercialization of perovskite solar cells (PSCs) has seen an important limitation in the instability that afflicts the hole-transporting layer (HTL), namely, spiro-OMeTAD, used in high-efficiency devices. The latter is, in turn, relatively expensive, undermining the sustainability of the device. Its replacement with polymeric scaffolds, such as poly(3-hexylthiophene) (P3HT), will solve these issues. In this work, we adopted various sustainable synthetic methods to obtain four different homemade P3HTs with different molecular weights (MWs) and regioregularities (RRs), leading to different structural properties. They are implemented as HTLs in PSCs, and the effect of their properties on the efficiency and thermal stability of devices is thoroughly discussed. The highest efficiency is obtained with the highest MW and low-RR polymer (17.6%) owing to the more sustainable approach, but a very promising value is also reached with a lower-MW but fully regioregular polymer (15%). Finally, large-area devices with an efficiency of 16.7%, fabricated with a high-MW P3HT, show more than 1000 h (T80 = 1108 h) of stability under accelerated thermal stress tests (85 °C) out of glovebox while keeping over 85% of the initial efficiency of an unencapsulated device after more than 3000 min under continuous light soaking (AM 1.5G).",2021-04-01,2021,article,ACS Sustainable Chemistry & Engineering,,Narges Yaghoobi Nia; Matteo Bonomo; Mahmoud Zendehdel; Enrico Lamanna; Mohamed M. H. Desoky; Barbara Paci; Francesca Zurlo; Amanda Generosi; Claudia Barolo; Guido Viscardi; Pierluigi Quagliotto; Aldo Di Carlo,66,https://doi.org/10.1021/acssuschemeng.0c09015,https://pubs.acs.org/doi/pdf/10.1021/acssuschemeng.0c09015,True,doi:10.1021/acssuschemeng.0c09015,A_curve_likely_original,33,True,True,True,True,False,False,https://doi.org/10.1021/acssuschemeng.0c09015
Crossref,cr_light_soaking_recovery,55,,10.1002/adma.202006910,Stabilizing Fullerene for Burn‐in‐Free and Stable Perovskite Solar Cells under Ultraviolet Preconditioning and Light Soaking,"Abstract It is crucial to make perovskite solar cells sustainable and have a stable operation under natural light soaking before they become commercially acceptable. Herein, a small amount of the small molecule bathophenanthroline (Bphen) is introduced into [6,6]‐phenyl‐C 61 ‐butyric acid methyl ester and it is found that Bphen can stabilize the C 60 ‐cage well through formation of much more thermodynamically stable charge‐transfer complexes. Such a strengthened complex is used as an interlayer at the in‐light perovskite/SnO 2 side to achieve a champion device with efficiency of 23.09% (certified 22.85%). Most importantly, the stability of the resulting devices can be close to meeting the requirements of the International Electrotechnical Commission 61215 standard under simulated UV preconditioning and light‐soaking testing. They can retain over 95% and 92% of their initial efficiencies after 1100 h UV irradiation and 1000 h continuous illumination of maximum power point tracking at 60 °C, respectively.",2021-02-04,2021,journal-article,Advanced Materials,Wiley,Pengjie Hang; Jiangsheng Xie; Chenxia Kan; Biao Li; Yiqiang Zhang; Pingqi Gao; Deren Yang; Xuegong Yu,64,https://doi.org/10.1002/adma.202006910,,False,doi:10.1002/adma.202006910,A_curve_likely_original,33,True,True,True,True,False,False,https://doi.org/10.1002/adma.202006910
OpenAlex,oa_operational_stability,123,https://openalex.org/W4410809570,10.1126/sciadv.adu3493,Efficient perovskite solar modules enabled by a UV-stable and high-conductivity hole transport material,"Ultraviolet (UV) radiation poses a substantial challenge to the stability of prevalent p-i-n (positive-intrinsic-negative) perovskite solar cells (PSCs), demanding more robust hole-transport layers (HTLs) due to light incident from the HTL side. Here, we unveil that commonly used self-assembled monolayer (SAM)-type HTLs suffer from poor UV stability that causes irreversible damage to hole extraction and impairs device stability. To address this issue, we develop a polymeric and UV-stable HTL named Poly-2PACz, which exhibits strong binding to substrates and exceptional UV resistance over SAM-type HTLs. The PSCs blade-coated under ambient conditions using Poly-2PACz HTL achieved a remarkable efficiency of 26.0% and outstanding UV stability. Our cells retain 80% of the initial PCE even after about 500 hours of high-intensity UV illumination [7.7 times higher than that of air mass 1.5 global (AM 1.5G) solar spectrum]. Furthermore, Poly-2PACz exhibits good wettability and high conductance, enabling the fabrication of blade-coated minimodules with an aperture efficiency of 22.2% and excellent uniformity.",2025-05-28,2025,article,Science Advances,,Tianxiao Liu; Zhijun Ren; Yangyang Liu; Yaoyao Zhang; Jing Liang; Fangwen Cheng; Yiran Li; Xiaoyu Shi; Yunjie Dou; Xiaodong Hu; Lingyuan Wang; Siwei Luo; Feifei Wang; Xiaoxiao Peng; Yu Zhao; Wei Wang; Yi Cao; Feng Gao; Shangshang Chen,59,https://doi.org/10.1126/sciadv.adu3493,,True,doi:10.1126/sciadv.adu3493,A_curve_likely_original,33,True,True,True,True,False,False,https://doi.org/10.1126/sciadv.adu3493
OpenAlex,oa_operational_stability,93,https://openalex.org/W4285589789,10.1002/adma.202205309,Hot‐Casting‐Assisted Liquid Additive Engineering for Efficient and Stable Perovskite Solar Cells,"High-performance inorganic-organic lead halide perovskite solar cells (PSCs) are often fabricated with a liquid additive such as dimethyl sulfoxide (DMSO), which retards crystallization and reduces roughness and pinholes in the perovskite layers. However, DMSO can be trapped during perovskite film formation and induce voids and undesired reaction byproducts upon later processing steps. Here, it is shown that the amount of residual DMSO can be reduced in as-spin-coated films significantly through use of preheated substrates, or a so-called hot-casting method. Hot casting increases the perovskite film thickness given the same concentration of solutions, which allows for reducing the perovskite solution concentration. By reducing the amount of DMSO in proportion to the concentration of perovskite precursors and using hot casting, it is possible to fabricate perovskite layers with improved perovskite-substrate interfaces by suppressing the formation of byproducts, which increase trap density and accelerate degradation of the perovskite layers. The best-performing PSCs exhibit a power conversion efficiency (PCE) of 23.4% (23.0% stabilized efficiency) under simulated solar illumination. Furthermore, encapsulated devices show considerably reduced post-burn-in decay, retaining 75% and 90% of their initial and post-burn-in efficiencies after 3000 h of operation with maximum power point tracking (MPPT) under high power of ultraviolet (UV)-containing continuous light exposure.",2022-07-16,2022,article,Advanced Materials,,Hanul Min; Junnan Hu; Zhaojian Xu; Tianran Liu; Saeed‐Uz‐Zaman Khan; Kwangdong Roh; Yueh‐Lin Loo; Barry P. Rand,57,https://doi.org/10.1002/adma.202205309,,True,doi:10.1002/adma.202205309,A_curve_likely_original,33,True,True,True,True,False,False,https://doi.org/10.1002/adma.202205309
Crossref;OpenAlex,cr_reversible_degradation;oa_reversible_degradation,63,https://openalex.org/W2980830704,10.1039/c9ra07048f,Detecting and identifying reversible changes in perovskite solar cells by electrochemical impedance spectroscopy,") for more than 20 hours, with a total of 140 analysed spectra. We conclude that the observed changes stem from a temporary reduction of the electronically active area of the devices, as can be deduced from the inverse behaviour of resistance and capacitance. The changes in these values are almost 100% reversible if the devices are kept in the dark for only one day, while the time constant of the high-frequency process remains unchanged throughout the whole characterization procedure. The tested devices are full PSC devices that have proven to be stable over more than 500 hours, and the non-steady impedance measurements shine a critical light on previously published EIS data. With the results of this study, it can be rationalized that the high-frequency semicircle can serve as a good indicator for ionic migration by monitoring its consequences. The results presented here are helpful to quantify ionic migration on the device level in order to derive new stability criteria and countermeasures against degradation.",2019-01-01,2019,article,RSC Advances,Royal Society of Chemistry (RSC),Dino Klotz; Ganbaatar Tumen‐Ulzii; Chuanjiang Qin; Toshinori Matsushima; Chihaya Adachi,51,https://doi.org/10.1039/c9ra07048f,https://pubs.rsc.org/en/content/articlepdf/2019/ra/c9ra07048f,True,doi:10.1039/c9ra07048f,A_curve_likely_original,33,True,True,True,True,False,False,https://doi.org/10.1039/c9ra07048f
OpenAlex,oa_light_soaking_recovery,49,https://openalex.org/W4389153107,10.1002/anie.202317446,Accelerated Redox Reactions Enable Stable Tin‐Lead Mixed Perovskite Solar Cells,"Abstract The facile oxidation of Sn 2+ to Sn 4+ poses an inherent challenge that limits the efficiency and stability of tin‐lead mixed (Sn−Pb) perovskite solar cells (PSCs) and all‐perovskite tandem devices. In this work, we discover the sustainable redox reactions enabling self‐healing Sn−Pb perovskites, where their intractable oxidation degradation can be recovered to their original state under light soaking. Quantitative and operando spectroscopies are used to investigate the redox chemistry, revealing that metallic Pb 0 from the photolysis of perovskite reacts with Sn 4+ to regenerate Pb 2+ and Sn 2+ spontaneously. Given the sluggish redox reaction kinetics, V 3+ /V 2+ ionic pair is designed as an effective redox shuttle to accelerate the recovery of Sn−Pb perovskites from oxidation. The target Sn−Pb PSCs enabled by V 3+ /V 2+ ionic pair deliver an improved power conversion efficiency (PCE) of 21.22 % and excellent device lifespan, retaining nearly 90 % of its initial PCE after maximum power point tracking under light for 1,000 hours.",2023-11-29,2023,article,Angewandte Chemie International Edition,,Dongxu He; Peng Chen; Mengmeng Hao; Miaoqiang Lyu; Zhiliang Wang; Shanshan Ding; Tongen Lin; Chengxi Zhang; Xin Wu; Evan G. Moore; Julian A. Steele; Ebinazar B. Namdas; Yang Bai; Lianzhou Wang,37,https://doi.org/10.1002/anie.202317446,https://onlinelibrary.wiley.com/doi/pdfdirect/10.1002/anie.202317446,True,doi:10.1002/anie.202317446,A_curve_likely_original,33,True,True,True,True,False,False,https://doi.org/10.1002/anie.202317446
OpenAlex,oa_light_soaking_recovery;oa_operational_stability;oa_outdoor_diurnal;oa_reversible_degradation,5,https://openalex.org/W3021106302,10.1002/ente.202000134,An Interlaboratory Study on the Stability of All‐Printable Hole Transport Material–Free Perovskite Solar Cells,"Comparisons between different laboratories on long‐term stability analyses of perovskite solar cells (PSCs) is still lacking in the literature. This work presents the results of an interlaboratory study conducted between five laboratories from four countries. Carbon‐based PSCs are prepared by screen printing, encapsulated, and sent to different laboratories across Europe to assess their stability by the application of three ISOS aging protocols: (a) in the dark (ISOS‐D), (b) under simulated sunlight (ISOS‐L), and (c) outdoors (ISOS‐O). Over 1000 h stability is reported for devices in the dark, both at room temperature and at 65 °C. Under continuous illumination at open circuit, cells survive only for few hours, although they recover after being stored in the dark. Better stability is observed for cells biased at maximum power point under illumination. Finally, devices operate in outdoors for 30 days, with minor degradation, in two different locations (Barcelona, Spain and Paola, Malta). The findings demonstrate that open‐circuit conditions are too severe for stability assessment and that the diurnal variation of the photovoltaic parameters reveals performance to be strongly limited by the fill factor, in the central hours of the day, due to the high series resistance of the carbon electrode.",2020-04-29,2020,article,Energy Technology,,Francesca De Rossi; Jérémy Barbé; David M. Tanenbaum; Lucio Cinà; Luigi Angelo Castriotta; Vasil Stoichkov; Zhengfei Wei; Wing Chung Tsoi; J. Kettle; Artem Sadula; John Chircop; Brian Azzopardi; Haibing Xie; Aldo Di Carlo; Mónica Lira‐Cantú; Eugene A. Katz; Trystan Watson; Francesca Brunetti,37,https://doi.org/10.1002/ente.202000134,https://onlinelibrary.wiley.com/doi/pdfdirect/10.1002/ente.202000134,True,doi:10.1002/ente.202000134,A_curve_likely_original,33,True,True,True,True,False,False,https://doi.org/10.1002/ente.202000134
OpenAlex,oa_operational_stability,163,https://openalex.org/W3125054902,10.1002/aesr.202000065,Crystal Reorientation and Amorphization Induced by Stressing Efficient and Stable P–I–N Vacuum‐Processed MAPbI3 Perovskite Solar Cells,"Herein, the long‐term stability of vacuum‐deposited methylammonium lead iodide (MAPbI3) perovskite solar cells (PSCs) with power conversion efficiencies (PCEs) of around 19% is evaluated. A low‐temperature atomic layer deposition (ALD) Al2O3 coating is developed and used to protect the MAPbI3 layers and the solar cells from environmental agents. The ALD encapsulation enables the MAPbI3 to be exposed to temperatures as high as 150 °C for several hours without change in color. It also improves the thermal stability of the solar cells, which maintain 80% of the initial PCEs after aging for ≈40 and 37 days at 65 and 85 °C, respectively. However, room‐temperature operation of the solar cells under 1 sun illumination leads to a loss of 20% of their initial PCE in 230 h. Due to the very thin ALD Al2O3 encapsulation, X‐ray diffraction can be performed on the MAPbI3 films and completed solar cells before and after the different stress conditions. Surprisingly, it is found that the main effect of light soaking and thermal stress is a crystal reorientation with respect to the substrate from (002) to (202) of the perovskite layer, and that this reorientation is accelerated under illumination.",2021-01-14,2021,article,Advanced Energy and Sustainability Research,,İsmail Cihan Kaya; Kassio P. S. Zanoni; Francisco Palazón; Michele Sessolo; Hasan Akyıldız; Savaş Sönmezoğlu; Henk J. Bolink,36,https://doi.org/10.1002/aesr.202000065,https://onlinelibrary.wiley.com/doi/pdfdirect/10.1002/aesr.202000065,True,doi:10.1002/aesr.202000065,A_curve_likely_original,33,True,True,True,True,False,False,https://doi.org/10.1002/aesr.202000065
OpenAlex,oa_light_soaking_recovery;oa_reversible_degradation,94,https://openalex.org/W4413831920,10.1038/s41467-025-63176-w,Photo-homogenization assisted segregation easing technique (PHASET) for highly efficient and stable wide-bandgap perovskite solar cells,"Wide-bandgap (WBG) perovskite solar cells (PSCs) can exceed the Shockley–Queisser limit in tandem solar cells (TSCs), but phase segregation under continuous illumination limits their stability. Using in-situ microscopic characterizations, we investigate the dynamics of photon-induced phase segregation. Initial light soaking drives iodide diffusion into a metastable state, but continued redistribution increases the phase separation energy barrier, resulting in a more stable, segregation-resistant state. Inspired by stabilization methods in silicon photovoltaics, we develop the Photo-Homogenization Assisted Segregation Easing Technique (PHASET), which combines light soaking with 2-ThEABr surface passivation to suppress halide segregation. PHASET enhances efficiency and stability, enabling an efficiency of 20.23% for 1.79 eV WBG-PSCs, with 97% of the initial efficiency retained after 1200 hours of continuous illumination. Integration with a 1.25 eV narrow-bandgap subcell results in a two-terminal all-perovskite TSC with 28.64% efficiency, retaining 77% of its initial performance after 1200 hours of maximum power point tracking. Wide-bandgap perovskite solar cells often suffer from phase segregation under continuous illumination. Here, authors combine light soaking with small-molecule surface passivation to suppress halide segregation, achieving efficiency of 28.64% in stable two-terminal all-perovskite tandem solar cells.",2025-08-29,2025,article,Nature Communications,,Liming Du; Fangfang Cao; Rui Meng; Yueying Zhang; Junchuan Zhang; Zhiyu Gao; Cong Chen; Can Li; Dewei Zhao; Jichun Ye; Zhen Li; Chuanxiao Xiao,34,https://doi.org/10.1038/s41467-025-63176-w,https://www.nature.com/articles/s41467-025-63176-w.pdf,True,doi:10.1038/s41467-025-63176-w,A_curve_likely_original,33,True,True,True,True,False,False,https://doi.org/10.1038/s41467-025-63176-w
Crossref;OpenAlex,cr_curve_clustering;cr_pce_time_curve;cr_reversible_degradation;oa_light_soaking_recovery;oa_operational_stability;oa_pce_time_curve;oa_reversible_degradation,25,https://openalex.org/W4388982470,10.1002/advs.202306110,Towards Long‐Term Stable Perovskite Solar Cells: Degradation Mechanisms and Stabilization Techniques,"Abstract It is certain that perovskite materials must be a game‐changer in the solar industry as long as their stability reaches a level comparable with the lifetime of a commercialized Si photovoltaic. However, the operational stability of perovskite solar cells and modules still remains unresolved, especially when devices operate in practical energy‐harvesting modes represented by maximum power point tracking under 1 sun illumination at ambient conditions. This review article covers from fundamental aspects of perovskite instability including chemical decomposition pathways under light soaking and electrical bias, to recent advances and techniques that effectively prevent such degradation of perovskite solar cells and modules. In particular, fundamental causes for permanent degradation due to ion migration and trapped charges are overviewed and explain their interplay between ions and charges. Based on the degradation mechanism, recent advances on the strategies are discussed to slow down the degradation during operation for a practical use of perovskite‐based solar devices.",2023-11-23,2023,journal-article,Advanced Science,Wiley,Namyoung Ahn; Mansoo Choi,177,https://doi.org/10.1002/advs.202306110,,True,doi:10.1002/advs.202306110,A_curve_likely_original,32,True,True,True,True,False,False,https://doi.org/10.1002/advs.202306110
OpenAlex,oa_pce_time_curve,138,https://openalex.org/W3030645157,10.1002/aenm.202000454,Perovskite Solar Cells go Outdoors: Field Testing and Temperature Effects on Energy Yield,"Abstract Perovskite solar cells (PSC) have shown that under laboratory conditions they can compete with established photovoltaic technologies. However, controlled laboratory measurements usually performed do not fully resemble operational conditions and field testing outdoors, with day‐night cycles, changing irradiance and temperature. In this contribution, the performance of PSCs in the rooftop field test, exposed to real weather conditions is evaluated. The 1 cm2 single‐junction devices, with an initial average power conversion efficiency of 18.5% are tracked outdoors in maximum power point over several weeks. In parallel, irradiance and air temperature are recorded, allowing us to correlate outside factors with generated power. To get more insight into outdoor device performance, a comprehensive set of laboratory measurements under different light intensities (10% to 120% of AM1.5) and temperatures is performed. From these results, a low power temperature coefficient of −0.17% K−1 is extracted in the temperature range between 25 and 85 °C. By incorporating these temperature‐ and light‐dependent PV parameters into the energy yield model, it is possible to correctly predict the generated energy of the devices, thus validating the energy yield model. In addition, degradation of the tested devices can be tracked precisely from the difference between measured and modelled power.",2020-05-28,2020,article,Advanced Energy Materials,,Marko Jošt; Benjamin Lipovšek; Boštjan Glažar; Amran Al‐Ashouri; Kristijan Brecl; Gašper Matič; Artiom Magomedov; Vytautas Getautis; Marko Topič; Steve Albrecht,177,https://doi.org/10.1002/aenm.202000454,https://onlinelibrary.wiley.com/doi/pdfdirect/10.1002/aenm.202000454,True,doi:10.1002/aenm.202000454,A_curve_likely_original,32,True,True,True,True,False,False,https://doi.org/10.1002/aenm.202000454
OpenAlex,oa_light_soaking_recovery;oa_operational_stability;oa_pce_time_curve;oa_som_degradation,2,https://openalex.org/W4385782870,10.1038/s41467-023-40585-3,Stability follows efficiency based on the analysis of a large perovskite solar cells ageing dataset,"While perovskite solar cells have reached competitive efficiency values during the last decade, stability issues remain a critical challenge to be addressed for pushing this technology towards commercialisation. In this study, we analyse a large homogeneous dataset of Maximum Power Point Tracking (MPPT) operational ageing data that we collected with a custom-built High-throughput Ageing System in the past 3 years. In total, 2,245 MPPT ageing curves are analysed which were obtained under controlled conditions (continuous illumination, controlled temperature and atmosphere) from devices comprising various lead-halide perovskite absorbers, charge selective layers, contact layers, and architectures. In a high-level statistical analysis, we find a correlation between the maximum reached power conversion efficiency (PCE) and the relative PCE loss observed after 150-hours of ageing, with more efficient cells statistically also showing higher stability. Additionally, using the unsupervised machine learning method self-organising map, we cluster this dataset based on the degradation curve shapes. We find a correlation between the frequency of particular shapes of degradation curves and the maximum reached PCE.",2023-08-12,2023,article,Nature Communications,,Noor Titan Putri Hartono; Hans Köbler; Paolo Graniero; Mark Khenkin; Rutger Schlatmann; Carolin Ulbrich; Antonio Abate,111,https://doi.org/10.1038/s41467-023-40585-3,https://www.nature.com/articles/s41467-023-40585-3.pdf,True,doi:10.1038/s41467-023-40585-3,A_curve_likely_original,32,True,True,True,False,True,False,https://doi.org/10.1038/s41467-023-40585-3
OpenAlex,oa_light_soaking_recovery;oa_reversible_degradation,101,https://openalex.org/W4412066963,10.1002/aenm.202501906,Seasonality in Perovskite Solar Cells: Insights from 4 Years of Outdoor Data,"Abstract Insights are reported from a 4‐year outdoor study in Berlin using encapsulated p–i–n perovskite solar cells with the structure ITO | 2PACz | Cs0.15FA0.85PbI2.55Br0.45 (bandgap of 1.65 eV) | C60 | SnO2 | Cu. Peak summer performance showed little to no degradation during the first two summers and only ≈2% absolute drop in outdoor power conversion efficiency from the first to fourth summer. Despite good stability, the devices exhibit significant seasonality, with winter performance up to 30% lower than in summer during the first year, increasing with aging. The factors contributing to this seasonality are separated into four categories: I) solar spectrum, II) device temperature, III) maximum power point tracking losses, and IV) metastability effects. Among these, metastability – particularly light‐soaking behavior – is the largest contributing factor that sets perovskite technology apart from conventional photovoltaics. It was found that in cold, low‐light winter conditions, voltage gains from light‐soaking remain unsaturated, leading to reduced performance. Full saturation requires more than 24 h of continuous illumination, indicating that device performance depends on more than a single diurnal cycle. This comprehensive analysis highlights the complexity of seasonal behavior and the importance of long‐term, real‐world testing for accurate forecasting of perovskite photovoltaic energy yield.",2025-07-06,2025,article,Advanced Energy Materials,,Marko Remec; Mark Khenkin; Ulas Erdil; Quiterie Emery; Gopinath Paramasivam; Eva Unger; Rutger Schlatmann; Steve Albrecht; Marko Topič; Carolin Ulbrich,23,https://doi.org/10.1002/aenm.202501906,https://onlinelibrary.wiley.com/doi/pdfdirect/10.1002/aenm.202501906,True,doi:10.1002/aenm.202501906,A_curve_likely_original,32,True,True,True,True,False,False,https://doi.org/10.1002/aenm.202501906
OpenAlex,oa_operational_stability,175,https://openalex.org/W4416576176,10.1038/s41467-025-65341-7,Ambient blade-coated perovskite solar cells with high reverse bias stability enabled by polymeric hole transporter design,"Reverse bias stability remains a critical challenge for inverted perovskite solar cells (PSCs). While self-assembled monolayers (SAMs) boost efficiency, their low breakdown voltages limit device reliability. Thick PTAA layer improves breakdown voltage but suffers from poor wettability and efficiency loss, with unclear effects on device reverse bias stability. Here, we use electroluminescence mapping to reveal the critical role of hole transport layer (HTL) uniformity in affecting device reverse bias stability, and poor uniformity of current HTLs causes spatial heterogeneity that is not able to block electron injection and leads to device breakdown under reverse bias. Based on our study, we develop a polymeric Poly-PhPACz HTL with high conductivity and good wettability, achieving a breakdown voltage comparable to PTAA while maintaining high efficiencies across varying thicknesses. Ambient blade-coated Poly-PhPACz PSCs achieve 26.1% efficiency and retain 92% performance after 1,800 hours of light soaking. Further optimization yields a high breakdown voltage of −14.3 V without sacrificing efficiency, offering a promising pathway for stable PSCs. The low breakdown voltages of self-assembled monolayers limit the performance of perovskite solar cells. Here, the authors report a polymeric hole transport layer with high conductivity and strong substrate adhesion and achieve an efficiency of 26.1% for stable ambient blade-coated devices.",2025-11-24,2025,article,Nature Communications,,Chaoyue Zhao; Feifei Wang; Xiaodong Hu; Yaoyao Zhang; Tianxiao Liu; Yangyang Liu; Lingyuan Wang; Siwei Luo; Xiaoyu Shi; Xinsheng Tang; He Yan; Wei Wang; Shangshang Chen,23,https://doi.org/10.1038/s41467-025-65341-7,https://www.nature.com/articles/s41467-025-65341-7.pdf,True,doi:10.1038/s41467-025-65341-7,A_curve_likely_original,32,True,True,True,True,False,False,https://doi.org/10.1038/s41467-025-65341-7
Crossref,cr_outdoor_diurnal,163,,10.1126/sciadv.adt6008,High-value organic solvent recovery and reuse in perovskite solar cell manufacturing,"Recycling high-value organic solvents is crucial but challenging in various industries. For example, the perovskite solar cell (PSC), a rising star of photovoltaic industry, calls for proper management of solvents like N , N -dimethylformamide (DMF). Traditional solvent recovery methods are often less effective, costly, and energy-intensive. To address this, we developed a multistage air-gap membrane distillation (MAMD) system that efficiently recovered DMF from waste solutions using industrial waste heat. Our MAMD system achieved a DMF enrichment factor up to 314 (increasing the concentration from 0.3 to 94.2 weight %) and stable operation over 60 hours. The recovered DMF (94.2 weight %) was used in perovskite minimodule fabrication, achieving a certified stabilized power output of 19.97%. The narrow efficiency deviation, state-of-the-art power conversion efficiency, and small hysteresis demonstrated the viability of using the recovered DMF in industrial fabrication. These results demonstrate the potential of our MAMD system to minimize the environmental footprint and promote sustainable PSC manufacturing.",2025-08-22,2025,journal-article,Science Advances,American Association for the Advancement of Science (AAAS),Ziling Zheng; Yunpeng Zhou; Yuchao Wang; Ziming Cao; Rui Yang; Yaxing Li; Emely Gu; Jizhong Yao; Zheng Wang; Jun Ma; Buyi Yan; Le Shi,20,https://doi.org/10.1126/sciadv.adt6008,,False,doi:10.1126/sciadv.adt6008,A_curve_likely_original,32,True,True,True,True,False,False,https://doi.org/10.1126/sciadv.adt6008
OpenAlex,oa_curve_clustering,78,https://openalex.org/W4200072461,10.1002/adfm.202110700,Millimeter‐Sized Clusters of Triple Cation Perovskite Enables Highly Efficient and Reproducible Roll‐to‐Roll Fabricated Inverted Perovskite Solar Cells,"Abstract The high‐power conversion efficiencies (PCEs) of perovskite solar cells (PSCs) on lab‐scale devices trigger the need to develop scalable manufacturing processes to accelerate their commercialization transition. A roll‐to‐roll (R2R) vacuum‐free printing on flexible substrates allows for high‐volume and low‐cost manufacturing which is especially well‐suited for PSCs due to its solution processibility and low‐temperature annealing requirements. Herein, a facile hot deposition technique is reported to fabricate triple‐cation (Cs0.07FA0.79MA0.14Pb(I0.83Br0.17)3) perovskite films in an ambient environment using a R2R slot‐die coating method. This perovskite composition, whilst being most studied in lab devices due to its high efficiency and stability, has not been applied in R2R fabrication thus far. The demonstrated R2R slot‐die coated flexible PSCs achieve stabilized PCE reaching 12% at maximum power point in inverted “p‐i‐n” architectures, the highest efficiency reported to date for R2R inverted PSCs. To achieve this, the underlying hole transport layer (poly(3,4‐ethylenedioxythiophene):polystyrene sulfonate) is modified with guanidinium iodide additive which leads to the formation of large millimeter‐sized perovskite clusters, improved perovskite crystallinity, and enhanced charge‐transfer efficiency. This study highlights the potential of the facile hot‐deposition method while providing critical insights into the role of interfacial engineering in eliminating performance losses and fabricating efficient printed flexible PSCs.",2021-12-15,2021,article,Advanced Functional Materials,,Mostafa Othman; Fei Zheng; Aaron Seeber; Anthony S. R. Chesman; Andrew D. Scully; Kenneth P. Ghiggino; Mei Gao; Joanne Etheridge; Dechan Angmo,71,https://doi.org/10.1002/adfm.202110700,,True,doi:10.1002/adfm.202110700,A_curve_likely_original,31,True,True,True,False,True,False,https://doi.org/10.1002/adfm.202110700
OpenAlex,oa_light_soaking_recovery,72,https://openalex.org/W2939265284,10.1063/1.5086125,In situ investigation of light soaking in organolead halide perovskite films,"Organolead halide perovskite solar cells (PSCs) have generated extensive attention recently with power conversion efficiency (PCE) exceeding 23%. However, these PSCs exhibit photoinduced instability in the course of their current-voltage measurements. In this work, we study the light-induced behavior in CH3NH3PbI3−xClx films in situ, by employing wide-field photoluminescence (PL) microscopy to obtain both the spatially and temporally resolved PL images simultaneously. Along with the increase in the PL intensity under continuous illumination, some areas render PL inactive. By characterizing the excitation energy dependent long-time PL decay behavior, we suggest that the PL quenching can be ascribed to a localized accumulation of iodide ions driven by the optical field. This ion localization leads to an enhancement of non-radiative recombination. The appearance of the PL inactive areas in the perovskite film impedes its photovoltaic device performance approaching the theoretical maximum PCE. Therefore, the herein presented real-time investigation of the light soaking of perovskite films is a versatile and adaptable method providing more details to improve the performance of PSCs.",2019-04-01,2019,article,APL Materials,,Yu Zhong; Carlos A. Melo-Luna; Richard Hildner; Cheng Li; Sven Huettner,32,https://doi.org/10.1063/1.5086125,https://aip.scitation.org/doi/pdf/10.1063/1.5086125,True,doi:10.1063/1.5086125,A_curve_likely_original,31,True,True,True,True,False,False,https://doi.org/10.1063/1.5086125
OpenAlex,oa_light_soaking_recovery;oa_reversible_degradation,92,https://openalex.org/W4396779115,10.1002/aenm.202304452,From Sunrise to Sunset: Unraveling Metastability in Perovskite Solar Cells by Coupled Outdoor Testing and Energy Yield Modelling,"Abstract Perovskite‐based solar cells exhibit peculiar outdoor performance which is not yet fully understood. The results of outdoor tests may contain hidden, but valuable information that cannot be fully extracted from measurements alone. One such phenomenon is the effect of nighttime degradation and the subsequent light‐soaking recovery, which can take from a few hours in the morning up to the entire day. In this work, long‐term outdoor monitoring is combined with energy yield modeling to qualitatively and quantitatively investigate the effect of light‐soaking recovery in both single junction and tandem perovskite‐based devices. Following the novel methodology presented in this study, it is observed that the light‐soaking effect depends not only on the daily irradiation but also on the device temperature, and it can be described using a simple empirical formalism. Incorporating this dependency into the energy yield model results in an excellent agreement between the simulated and the measured outdoor data, which allows to perform long‐term prediction studies. The model estimates that the light‐soaking metastability effect decreases the attainable annual energy yield by up to ≈5% for the studied single junction devices, and for tandems by up to ≈3%, depending on the geographical location, and even more for non‐optimal device orientation.",2024-05-09,2024,article,Advanced Energy Materials,,Marko Remec; Špela Tomšič; Mark Khenkin; Quiterie Emery; Jinzhao Li; Florian Scheler; Boštjan Glažar; Marko Jankovec; Marko Jošt; Eva Unger; Steve Albrecht; Rutger Schlatmann; Benjamin Lipovšek; Carolin Ulbrich; Marko Topič,31,https://doi.org/10.1002/aenm.202304452,,True,doi:10.1002/aenm.202304452,A_curve_likely_original,31,True,True,True,True,False,False,https://doi.org/10.1002/aenm.202304452
OpenAlex,oa_light_soaking_recovery,125,https://openalex.org/W4389153160,10.1002/ange.202317446,Accelerated Redox Reactions Enable Stable Tin‐Lead Mixed Perovskite Solar Cells,"Abstract The facile oxidation of Sn2+ to Sn4+ poses an inherent challenge that limits the efficiency and stability of tin‐lead mixed (Sn−Pb) perovskite solar cells (PSCs) and all‐perovskite tandem devices. In this work, we discover the sustainable redox reactions enabling self‐healing Sn−Pb perovskites, where their intractable oxidation degradation can be recovered to their original state under light soaking. Quantitative and operando spectroscopies are used to investigate the redox chemistry, revealing that metallic Pb0 from the photolysis of perovskite reacts with Sn4+ to regenerate Pb2+ and Sn2+ spontaneously. Given the sluggish redox reaction kinetics, V3+/V2+ ionic pair is designed as an effective redox shuttle to accelerate the recovery of Sn−Pb perovskites from oxidation. The target Sn−Pb PSCs enabled by V3+/V2+ ionic pair deliver an improved power conversion efficiency (PCE) of 21.22 % and excellent device lifespan, retaining nearly 90 % of its initial PCE after maximum power point tracking under light for 1,000 hours.",2023-11-30,2023,article,Angewandte Chemie,,Dongxu He; Peng Chen; Mengmeng Hao; Miaoqiang Lyu; Zhiliang Wang; Shanshan Ding; Tongen Lin; Chengxi Zhang; Xin Wu; Evan G. Moore; Julian A. Steele; Ebinazar B. Namdas; Yang Bai; Lianzhou Wang,7,https://doi.org/10.1002/ange.202317446,https://onlinelibrary.wiley.com/doi/pdfdirect/10.1002/ange.202317446,True,doi:10.1002/ange.202317446,A_curve_likely_original,31,True,True,True,True,False,False,https://doi.org/10.1002/ange.202317446
OpenAlex,oa_light_soaking_recovery,133,https://openalex.org/W4366580319,10.1038/s41598-023-33473-9,Self-healing perovskite solar cells based on copolymer-templated TiO2 electron transport layer,"Abstract Inorganic hole-transport materials (HTMs) such as copper indium disulfide (CIS) have been applied in perovskite solar cells (PSCs) to improve the poor stability of the conventional Spiro-based PSCs. However, CIS-PSCs' main drawback is their lower efficiency than Spiro-PSCs. In this work, copolymer-templated TiO2 (CT-TiO2) structures have been used as an electron transfer layer (ETL) to improve the photocurrent density and efficiency of CIS-PSCs. Compared to the conventional random porous TiO2 ETLs, copolymer-templated TiO2 ETLs with a lower refractive index improve the transmittance of input light into the cell and therefore enhance the photovoltaic performance. Interestingly, a large number of surface hydroxyl groups on the CT-TiO2 induce a self-healing effect in perovskite. Thus, they provide superior stability in CIS-PSC. The fabricated CIS-PSC presents a conversion efficiency of 11.08% (Jsc = 23.35 mA/cm2, Voc = 0.995, and FF = 0.477) with a device area of 0.09 cm2 under 100 mW/cm2. Moreover, these unsealed CIS-PSCs retained 100% of their performance after aging tests for 90 days under ambient conditions and even increased from 11.08 to 11.27 over time due to self-healing properties.",2023-04-19,2023,article,Scientific Reports,,Nakisa Lalpour; Valiollah Mirkhani; Reza Keshavarzi; Majid Moghadam; Shahram Tangestaninejad; Iraj Mohammadpoor‐Baltork; Peng Gao,23,https://doi.org/10.1038/s41598-023-33473-9,https://www.nature.com/articles/s41598-023-33473-9.pdf,True,doi:10.1038/s41598-023-33473-9,A_curve_likely_original,30,True,True,True,True,False,False,https://doi.org/10.1038/s41598-023-33473-9
Crossref;OpenAlex,cr_light_soaking_recovery;oa_light_soaking_recovery;oa_reversible_degradation,54,https://openalex.org/W2994732556,10.1021/acs.jpclett.9b03210,Visualizing the Impact of Light Soaking on Morphological Domains in an Operational Cesium Lead Halide Perovskite Solar Cell,") perovskite solar cells (PSCs) under working conditions are studied using nanoscale-resolved fluorescence lifetime imaging microscopy (FLIM). The temporally and spatially resolved photoluminescence (PL) changes in the perovskite film during and after bias light soaking are dynamically monitored. Through the analysis of the dynamic variations of PL intensity and PL lifetime of an open-circuit PSC, the impacts of light soaking are revealed by a dynamic model of photogenerated charge carrier and mobile ions. We confirmed the different behaviors between morphological domain interiors and domain boundaries during light soaking, which shed light on the engineering of the domain interiors in addition to the commonly considered domain boundary strategies. This work provides a full picture of the photogenerated process in an operational PSC and therefore guides the design and operation of perovskite-based optoelectronic devices.",2019-12-12,2019,article,The Journal of Physical Chemistry Letters,American Chemical Society (ACS),Thi‐Hai‐Yen Vu; Weijian Chen; Xiaofan Deng; Cho Fai Jonathan Lau; Shujuan Huang; Anita Ho‐Baillie; Baohua Jia; Xiaoming Wen,23,https://doi.org/10.1021/acs.jpclett.9b03210,,True,doi:10.1021/acs.jpclett.9b03210,A_curve_likely_original,30,True,True,True,True,False,False,https://doi.org/10.1021/acs.jpclett.9b03210
OpenAlex,oa_light_soaking_recovery,146,https://openalex.org/W4404602389,10.1002/aenm.202403850,"Ion Migration in Mesoscopic Perovskite Solar Cells: Effects on Electroluminescence, Open Circuit Voltage, and Photovoltaic Quantum Efficiency","Abstract Perovskite solar cells (PSCs) commonly suffer from drastic changes in performance over time, dominated by the redistribution of mobile ionic defects. Common characterization techniques for solar cells, such as electroluminescence (EL) imaging, are compromised by transient ionic effects, which makes understanding them important for the device optimization process. This study looks at the shape of EL transients in carbon‐based triple mesoscopic PSCs (CPSCs), which have emerged as a potential solution for increased stability and scalability. The slow changes in EL are explained in terms of the migration of two ionic species with different mobilities, and increased ionic densities over time. The effects of applying a forward bias in the dark and illuminating at open circuit for several hours are found to be similar, both pointing toward an increased mobile ion density which causes current collection efficiency losses without decreasing the radiative recombination yield. Current losses are found to be highly dependent on the ionic distribution, as demonstrated with measurements and simulations of the external quantum efficiency (EQE). The findings explain the commonly observed shape of the EQE in CPSCs and help to further understand the effects of ion migration. Furthermore, this study establishes an effective way to analyze ion‐dominated current losses by measuring low temperature EQE spectra with different preconditioning voltages, which enables to directly compare the effect of different ionic distributions.",2024-11-20,2024,article,Advanced Energy Materials,,Miguel A. Torre Cachafeiro; Ennio Luigi Comi; Sharun Parayil Shaji; Stèphanie Narbey; Sandra Jenatsch; Evelyne Knapp; Wolfgang Tress,18,https://doi.org/10.1002/aenm.202403850,https://onlinelibrary.wiley.com/doi/pdfdirect/10.1002/aenm.202403850,True,doi:10.1002/aenm.202403850,A_curve_likely_original,30,True,True,True,False,True,False,https://doi.org/10.1002/aenm.202403850
OpenAlex,oa_light_soaking_recovery;oa_operational_stability;oa_outdoor_diurnal;oa_reversible_degradation,4,https://openalex.org/W4404717963,10.1002/aenm.202403844,Seasonal Effects on Outdoor Stability of Perovskite Solar Cells,"Abstract The critical challenge for the commercialization of perovskite solar cells (PSCs) is their operational stability. PSCs’ outdoor operation exposes the cells to a combination of stress factors that are difficult to reproduce by indoor testing due to diurnal and seasonal variations. This highlights the need for outdoor testing under operational conditions. The effect of climate conditions on outdoor operational lifetime/ degradation of n‐i‐p PSCs is systematically studied herein. Their lifetime indicators are determined in different seasons, and correlated with the outdoor irradiance and temperatures measured simultaneously. Based on this outdoor measurement analysis and indoor light cycling stability tests, it is suggested that ambient temperatures induce a more significant effect than the irradiance on the PSC's lifetime/ degradation . The study also suggests different roles played by the temperatures during the diurnal light versus dark periods: the day/ light time maximum temperatures have a more significant effect on the long‐term degradation. In contrast, minimum temperatures during the night/ dark cycles significantly affected the diurnal reversible degradation and the initial fast degradation. The results show that the commonly used lifetime indicators T80 and T50 are climate‐dependent, and their use for comparative purposes is valid only if measured in similar climatic conditions.",2024-11-26,2024,article,Advanced Energy Materials,,Ritesh Kant Gupta; Kishore Kumar Devarepally; Vediappan Sudhakar; Johannes M. Beckedahl; Antonio Abate; Eugene A. Katz; Iris Visoly‐Fisher,17,https://doi.org/10.1002/aenm.202403844,https://onlinelibrary.wiley.com/doi/pdfdirect/10.1002/aenm.202403844,True,doi:10.1002/aenm.202403844,A_curve_likely_original,30,True,True,True,True,False,False,https://doi.org/10.1002/aenm.202403844
OpenAlex,oa_operational_stability,167,https://openalex.org/W4404657037,10.1002/smll.202410601,The Molecular Additive N‐Acetyl‐L‐Phenylalanine Delays the Crystallization and Suppresses the Phase Impurity for Achieving Triple‐Cation Perovskite Solar Cells with Efficiency Over 25%,"Abstract The crystallization process plays an important role in the formation of high‐quality perovskite film for achieving efficient perovskite solar cells (PSCs), especially in the formation of mixed‐cation perovskite film, as there are normally more phase impurities than in pure CH(NH 2 ) 2 PbI 3 (FAPbI 3 ) film. Herein, a molecular additive strategy, i.e., introducing non‐planar molecule N‐acetyl‐L‐phenylalanine (APO) into the lead iodide (PbI 2 ) precursor solution, is proposed to modulate crystallization kinetics and inhibit the generation of phase impurities of metastable pretreated perovskite film. The delayed crystallization process promotes a sufficient reaction between organic salts solution and inorganic Pb‐I framework, and perovskite phase decomposition is prevented by forming strong hydrogen bonds between ─NH and I, resulting in the formation of uniform film with large‐size crystal grains and high‐purity crystalline phase. Ultimately, the target PSC devices achieve an impressive power conversion efficiency (PCE) of 25.05%, which is among the highest values of triple‐cation (FAMACs) PSCs. Meanwhile, PSC modules with 10.8 cm 2 obtain a PCE of 20.35%. Furthermore, the unencapsulated PSCs retain 94% of the initial efficiency after 40 days of storage under ambient conditions with 20% RH and also yield superior operational stability under light soaking at maximum power point tracking (MPPT) in nitrogen (N 2 ) atmosphere.",2024-11-24,2024,article,Small,,Yang Ding; Siyuan Lu; Jianhui Chang; Erming Feng; Hengyue Li; Caoyu Long; Yingguo Yang; Chenyi Yi; Zijian Zheng; Liming Ding; Junliang Yang,17,https://doi.org/10.1002/smll.202410601,,False,doi:10.1002/smll.202410601,A_curve_likely_original,30,True,True,True,True,False,False,https://doi.org/10.1002/smll.202410601
Crossref,cr_outdoor_diurnal;cr_reversible_degradation,31,,10.1002/solr.202100028,Photovoltaic Recovery of All Printable Mesoporous‐Carbon‐based Perovskite Solar Cells,"Lead halide perovskites attract much attention in recent years as a realistic solution for efficient and low‐cost solar cells. One of the interesting solar cell structures is the fully mesoporous‐carbon‐based perovskite solar cells. The mesoporous layers can be fabricated entirely by screen printing with the potential for upscaling. Herein, the two‐step deposition of perovskite in mesoporous‐carbon‐based perovskite solar cells is studied. The influence of the dipping time on the photovoltaic parameters is investigated using charge extraction and intensity‐modulated photovoltage spectroscopy (IMVS) measurements. A power conversion efficiency of 15% is observed for cells fabricated using two‐step deposition which is one of the highest reported for this solar cell structure. Stability characterizations at maximum power point (MPP) tracking show degradation with time, however a complete recovery of the devices in the dark is revealed. Analyzing the mechanism for this shows that the perovskite's unit cell shrinks during the recovery process due to internal stress relief. This interesting phenomenon opens the possibility to optimize the stability of these solar cells for commercial applications.",2021-03,2021,journal-article,Solar RRL,Wiley,Stav Alon; Maayan Sohmer; Chandra Shakher Pathak; Iris Visoly‐Fisher; Lioz Etgar,15,https://doi.org/10.1002/solr.202100028,,False,doi:10.1002/solr.202100028,A_curve_likely_original,30,True,True,True,True,False,False,https://doi.org/10.1002/solr.202100028
OpenAlex,oa_pce_time_curve,1,https://openalex.org/W2301656337,10.1039/c5ee03874j,"Cesium-containing triple cation perovskite solar cells: improved stability, reproducibility and high efficiency","Today's best perovskite solar cells use a mixture of formamidinium and methylammonium as the monovalent cations. With the addition of inorganic cesium, the resulting triple cation perovskite compositions are thermally more stable, contain less phase impurities and are less sensitive to processing conditions. This enables more reproducible device performances to reach a stabilized power output of 21.1% and ∼18% after 250 hours under operational conditions. These properties are key for the industrialization of perovskite photovoltaics.",2016-01-01,2016,article,Energy & Environmental Science,,Michael Saliba; Taisuke Matsui; Ji-Youn Seo; Konrad Domanski; Juan‐Pablo Correa‐Baena; Mohammad Khaja Nazeeruddin; Shaik M. Zakeeruddin; Wolfgang Tress; Antonio Abate; Anders Hagfeldt; Michaël Grätzel,5415,https://doi.org/10.1039/c5ee03874j,https://pubs.rsc.org/en/content/articlepdf/2016/ee/c5ee03874j,True,doi:10.1039/c5ee03874j,A_curve_likely_original,28,True,True,True,False,False,False,https://doi.org/10.1039/c5ee03874j
OpenAlex,oa_pce_time_curve,2,https://openalex.org/W2527042386,10.1126/science.aah5557,Incorporation of rubidium cations into perovskite solar cells improves photovoltaic performance,"Improving the stability of perovskite solar cells Inorganic-organic perovskite solar cells have poor long-term stability because ultraviolet light and humidity degrade these materials. Bella et al. show that coating the cells with a water-proof fluorinated polymer that contains pigments to absorb ultraviolet light and re-emit it in the visible range can boost cell efficiency and limit photodegradation. The performance and stability of inorganic-organic perovskite solar cells are also limited by the size of the cations required for forming a correct lattice. Saliba et al. show that the rubidium cation, which is too small to form a perovskite by itself, can form a lattice with cesium and organic cations. Solar cells based on these materials have efficiencies exceeding 20% for over 500 hours if given environmental protection by a polymer coating. Science , this issue pp. 203 and 206",2016-09-29,2016,article,Science,,Michael Saliba; Taisuke Matsui; Konrad Domanski; Ji‐Youn Seo; Amita Ummadisingu; Shaik M. Zakeeruddin; Juan‐Pablo Correa‐Baena; Wolfgang Tress; Antonio Abate; Anders Hagfeldt; Michaël Grätzel,3692,https://doi.org/10.1126/science.aah5557,,True,doi:10.1126/science.aah5557,A_curve_likely_original,28,True,True,True,False,False,False,https://doi.org/10.1126/science.aah5557
OpenAlex,oa_pce_time_curve,23,https://openalex.org/W4387770902,10.1126/science.ade9637,Stabilized hole-selective layer for high-performance inverted p-i-n perovskite solar cells,"P-i-n geometry perovskite solar cells (PSCs) offer simplified fabrication, greater amenability to charge extraction layers, and low-temperature processing over n-i-p counterparts. Self-assembled monolayers (SAMs) can enhance the performance of p-i-n PSCs but ultrathin SAMs can be thermally unstable. We report a thermally robust hole-selective layer comprised of nickel oxide (NiO x ) nanoparticle film with a surface-anchored (4-(3,11-dimethoxy-7H-dibenzo[c,g]carbazol-7-yl)butyl)phosphonic acid (MeO-4PADBC) SAM that can improve and stabilize the NiO x /perovskite interface. The energetic alignment and favorable contact and binding between NiO x /MeO-4PADBC and perovskite reduced the voltage deficit of PSCs with various perovskite compositions and led to strong interface toughening effects under thermal stress. The resulting 1.53–electron-volt devices achieved 25.6% certified power conversion efficiency and maintained >90% of their initial efficiency after continuously operating at 65 degrees Celsius for 1200 hours under 1-sun illumination.",2023-10-19,2023,article,Science,,Zhen Li; Xianglang Sun; Xiaopeng Zheng; Bo Li; Danpeng Gao; Shoufeng Zhang; Xin Wu; Shuai Li; Jianqiu Gong; Joseph M. Luther; Zhong’an Li; Zonglong Zhu,831,https://doi.org/10.1126/science.ade9637,,True,doi:10.1126/science.ade9637,A_curve_likely_original,28,True,True,True,False,False,False,https://doi.org/10.1126/science.ade9637
OpenAlex,oa_pce_time_curve,11,https://openalex.org/W2782219842,10.1038/s41560-017-0067-y,"Tailored interfaces of unencapsulated perovskite solar cells for >1,000 hour operational stability",,2018-01-04,2018,article,Nature Energy,,Jeffrey A. Christians; Philip Schulz; Jonathan S. Tinkham; Tracy H. Schloemer; Steven P. Harvey; Bertrand J. Tremolet de Villers; Alan Sellinger; Joseph J. Berry; Joseph M. Luther,826,https://doi.org/10.1038/s41560-017-0067-y,,True,doi:10.1038/s41560-017-0067-y,A_curve_likely_original,28,True,True,True,False,False,False,https://doi.org/10.1038/s41560-017-0067-y
OpenAlex,oa_operational_stability,2,https://openalex.org/W4388726580,10.1126/science.adk1633,Bimolecularly passivated interface enables efficient and stable inverted perovskite solar cells,"Compared with the n-i-p structure, inverted (p-i-n) perovskite solar cells (PSCs) promise increased operating stability, but these photovoltaic cells often exhibit lower power conversion efficiencies (PCEs) because of nonradiative recombination losses, particularly at the perovskite/C 60 interface. We passivated surface defects and enabled reflection of minority carriers from the interface into the bulk using two types of functional molecules. We used sulfur-modified methylthio molecules to passivate surface defects and suppress recombination through strong coordination and hydrogen bonding, along with diammonium molecules to repel minority carriers and reduce contact-induced interface recombination achieved through field-effect passivation. This approach led to a fivefold longer carrier lifetime and one-third the photoluminescence quantum yield loss and enabled a certified quasi-steady-state PCE of 25.1% for inverted PSCs with stable operation at 65°C for >2000 hours in ambient air. We also fabricated monolithic all-perovskite tandem solar cells with 28.1% PCE.",2023-11-16,2023,article,Science,,Cheng Liu; Yi Yang; Hao Chen; Jian Xu; Ao Liu; Abdulaziz S. R. Bati; Huihui Zhu; Luke Grater; Shreyash Hadke; Chuying Huang; Vinod K. Sangwan; Tong Cai; Donghoon Shin; Lin X. Chen; Mark C. Hersam; Chad A. Mirkin; Bin Chen; Mercouri G. Kanatzidis; Edward H. Sargent,735,https://doi.org/10.1126/science.adk1633,,True,doi:10.1126/science.adk1633,A_curve_likely_original,28,True,True,True,False,False,False,https://doi.org/10.1126/science.adk1633
OpenAlex,oa_curve_clustering;oa_pce_time_curve,5,https://openalex.org/W2948992934,10.1126/sciadv.aaw2543,Ultrahydrophobic 3D/2D fluoroarene bilayer-based water-resistant perovskite solar cells with efficiencies exceeding 22%,"perovskite layer using pentafluorophenylethylammonium (FEA) as a fluoroarene cation inserted between the 3D light-harvesting perovskite film and the hole-transporting material (HTM). The perfluorinated benzene moiety confers an ultrahydrophobic character to the spacer layer, protecting the perovskite light-harvesting material from ambient moisture while mitigating ionic diffusion in the device. Unsealed 3D/2D PSCs retain 90% of their efficiency during photovoltaic operation for 1000 hours in humid air under simulated sunlight. Remarkably, the 2D layer also enhances interfacial hole extraction, suppressing nonradiative carrier recombination and enabling a power conversion efficiency (PCE) >22%, the highest reported for 3D/2D architectures. Our new approach provides water- and heat-resistant operationally stable PSCs with a record-level PCE.",2019-06-01,2019,article,Science Advances,,Yuhang Liu; Seçkin Akın; Linfeng Pan; Ryusuke Uchida; Neha Arora; Jovana V. Milić; Alexander Hinderhofer; Frank Schreiber; Alexander R. Uhl; Shaik M. Zakeeruddin; Anders Hagfeldt; M. Ibrahim Dar; Michaël Grätzel,706,https://doi.org/10.1126/sciadv.aaw2543,https://advances.sciencemag.org/content/advances/5/6/eaaw2543.full.pdf,True,doi:10.1126/sciadv.aaw2543,A_curve_likely_original,28,True,True,True,False,False,False,https://doi.org/10.1126/sciadv.aaw2543
OpenAlex,oa_pce_time_curve,79,https://openalex.org/W3012625148,10.1038/s41467-020-15338-1,Regulating strain in perovskite thin films through charge-transport layers,"Thermally-induced tensile strain that remains in perovskite films following annealing results in increased ion migration and is a known factor in the instability of these materials. Previously-reported strain regulation methods for perovskite solar cells (PSCs) have utilized substrates with high thermal expansion coefficients that limits the processing temperature of perovskites and compromises power conversion efficiency. Here we compensate residual tensile strain by introducing an external compressive strain from the hole-transport layer. By using a hole-transport layer with high thermal expansion coefficient, we compensate the tensile strain in PSCs by elevating the processing temperature of hole-transport layer. We find that compressive strain increases the activation energy for ion migration, improving the stability of perovskite films. We achieve an efficiency of 16.4% for compressively-strained PSCs; and these retain 96% of their initial efficiencies after heating at 85 °C for 1000 hours-the most stable wide-bandgap perovskites (above 1.75 eV) reported so far.",2020-03-23,2020,article,Nature Communications,,Ding‐Jiang Xue; Yi Hou; Shunchang Liu; Mingyang Wei; Bin Chen; Ziru Huang; Zongbao Li; Bin Sun; Andrew H. Proppe; Yitong Dong; Makhsud I. Saidaminov; Shana O. Kelley; Jin‐Song Hu; Edward H. Sargent,673,https://doi.org/10.1038/s41467-020-15338-1,https://www.nature.com/articles/s41467-020-15338-1.pdf,True,doi:10.1038/s41467-020-15338-1,A_curve_likely_original,28,True,True,True,False,False,False,https://doi.org/10.1038/s41467-020-15338-1
OpenAlex,oa_operational_stability,3,https://openalex.org/W4321018137,10.1126/science.ade3970,Rational design of Lewis base molecules for stable and efficient inverted perovskite solar cells,"Lewis base molecules that bind undercoordinated lead atoms at interfaces and grain boundaries (GBs) are known to enhance the durability of metal halide perovskite solar cells (PSCs). Using density functional theory calculations, we found that phosphine-containing molecules have the strongest binding energy among members of a library of Lewis base molecules studied herein. Experimentally, we found that the best inverted PSC treated with 1,3-bis(diphenylphosphino)propane (DPPP), a diphosphine Lewis base that passivates, binds, and bridges interfaces and GBs, retained a power conversion efficiency (PCE) slightly higher than its initial PCE of ~23% after continuous operation under simulated AM1.5 illumination at the maximum power point and at ~40°C for >3500 hours. DPPP-treated devices showed a similar increase in PCE after being kept under open-circuit conditions at 85°C for >1500 hours.",2023-02-16,2023,article,Science,,Chongwen Li; Xiaoming Wang; Enbing Bi; Fangyuan Jiang; So Min Park; You Li; Lei Chen; Zaiwei Wang; Lewei Zeng; Hao Chen; Yanjiang Liu; Corey R. Grice; Abasi Abudulimu; Jaehoon Chung; Yeming Xian; Tao Zhu; Huagui Lai; Bin Chen; Randy J. Ellingson; Fan Fu; David S. Ginger; Zhaoning Song; Edward H. Sargent; Yanfa Yan,663,https://doi.org/10.1126/science.ade3970,,True,doi:10.1126/science.ade3970,A_curve_likely_original,28,True,True,True,False,False,False,https://doi.org/10.1126/science.ade3970
OpenAlex,oa_pce_time_curve,48,https://openalex.org/W4318263747,10.1126/science.add7331,Highly efficient p-i-n perovskite solar cells that endure temperature variations,"Daily temperature variations induce phase transitions and lattice strains in halide perovskites, challenging their stability in solar cells. We stabilized the perovskite black phase and improved solar cell performance using the ordered dipolar structure of β-poly(1,1-difluoroethylene) to control perovskite film crystallization and energy alignment. We demonstrated p-i-n perovskite solar cells with a record power conversion efficiency of 24.6% over 18 square millimeters and 23.1% over 1 square centimeter, which retained 96 and 88% of the efficiency after 1000 hours of 1-sun maximum power point tracking at 25° and 75°C, respectively. Devices under rapid thermal cycling between -60° and +80°C showed no sign of fatigue, demonstrating the impact of the ordered dipolar structure on the operational stability of perovskite solar cells.",2023-01-26,2023,article,Science,,Guixiang Li; Zhenhuang Su; Laura Canil; Declan Hughes; Mahmoud H. Aldamasy; Janardan Dagar; Sergei Trofimov; Luyao Wang; Weiwei Zuo; José J. Jerónimo-Rendon; Mahdi Malekshahi Byranvand; Chenyue Wang; Rui Zhu; Zuhong Zhang; Feng Yang; Giuseppe Nasti; Boris Naydenov; Wing Chung Tsoi; Zhe Li; Xingyu Gao; Zhao‐Kui Wang; Yu Jia; Eva Unger; Michael Saliba; Meng Li; Antonio Abate,568,https://doi.org/10.1126/science.add7331,,True,doi:10.1126/science.add7331,A_curve_likely_original,28,True,True,True,False,False,False,https://doi.org/10.1126/science.add7331
OpenAlex,oa_pce_time_curve,33,https://openalex.org/W4296766770,10.1126/science.abq7652,Deterministic fabrication of 3D/2D perovskite bilayer stacks for durable and efficient solar cells,"Realizing solution-processed heterostructures is a long-enduring challenge in halide perovskites because of solvent incompatibilities that disrupt the underlying layer. By leveraging the solvent dielectric constant and Gutmann donor number, we could grow phase-pure two-dimensional (2D) halide perovskite stacks of the desired composition, thickness, and bandgap onto 3D perovskites without dissolving the underlying substrate. Characterization reveals a 3D–2D transition region of 20 nanometers mainly determined by the roughness of the bottom 3D layer. Thickness dependence of the 2D perovskite layer reveals the anticipated trends for n-i-p and p-i-n architectures, which is consistent with band alignment and carrier transport limits for 2D perovskites. We measured a photovoltaic efficiency of 24.5%, with exceptional stability of T 99 (time required to preserve 99% of initial photovoltaic efficiency) of >2000 hours, implying that the 3D/2D bilayer inherits the intrinsic durability of 2D perovskite without compromising efficiency.",2022-09-22,2022,article,Science,,Siraj Sidhik; Yafei Wang; Michael C. De Siena; Reza Asadpour; Andrew J. Torma; Tanguy Terlier; Kevin Ho; Wenbin Li; Anand B. Puthirath; Xinting Shuai; Ayush Agrawal; Boubacar Traoré; Matthew R. Jones; Rajiv Giridharagopal; Pulickel M. Ajayan; Joseph Strzalka; David S. Ginger; Claudine Katan; Muhammad A. Alam; Jacky Even; Mercouri G. Kanatzidis; Aditya D. Mohite,554,https://doi.org/10.1126/science.abq7652,,True,doi:10.1126/science.abq7652,A_curve_likely_original,28,True,True,True,False,False,False,https://doi.org/10.1126/science.abq7652
OpenAlex,oa_pce_time_curve,44,https://openalex.org/W4312090043,10.1126/science.adf0194,Compositional texture engineering for highly stable wide-bandgap perovskite solar cells,"The development of highly stable and efficient wide-bandgap (WBG) perovskite solar cells (PSCs) based on bromine-iodine (Br–I) mixed-halide perovskite (with Br greater than 20%) is critical to create tandem solar cells. However, issues with Br–I phase segregation under solar cell operational conditions (such as light and heat) limit the device voltage and operational stability. This challenge is often exacerbated by the ready defect formation associated with the rapid crystallization of Br-rich perovskite chemistry with antisolvent processes. We combined the rapid Br crystallization with a gentle gas-quench method to prepare highly textured columnar 1.75–electron volt Br–I mixed WBG perovskite films with reduced defect density. With this approach, we obtained 1.75–electron volt WBG PSCs with greater than 20% power conversion efficiency, approximately 1.33-volt open-circuit voltage ( V oc ), and excellent operational stability (less than 5% degradation over 1100 hours of operation under 1.2 sun at 65°C). When further integrated with 1.25–electron volt narrow-bandgap PSC, we obtained a 27.1% efficient, all-perovskite, two-terminal tandem device with a high V oc of 2.2 volts.",2022-12-22,2022,article,Science,,Qi Jiang; Jinhui Tong; Rebecca A. Scheidt; Xiaoming Wang; Amy E. Louks; Yeming Xian; Robert Tirawat; Axel F. Palmstrom; Matthew P. Hautzinger; Steven P. Harvey; Steve Johnston; Laura T. Schelhas; Bryon W. Larson; Emily L. Warren; Matthew C. Beard; Joseph J. Berry; Yanfa Yan; Kai Zhu,416,https://doi.org/10.1126/science.adf0194,,True,doi:10.1126/science.adf0194,A_curve_likely_original,28,True,True,True,False,False,False,https://doi.org/10.1126/science.adf0194
OpenAlex,oa_pce_time_curve,124,https://openalex.org/W2752922284,10.1126/sciadv.1701293,Enhanced photovoltaic performance and stability with a new type of hollow 3D perovskite {en}FASnI 3,"solar cell has the highest efficiency of 7.14%, which is achieved for a lead-free perovskite cell, and retains 96% of its initial efficiency after aging over 1000 hours with encapsulation. Our results introduce a new approach for improving the performance and stability of tin-based, lead-free perovskite solar cells.",2017-08-04,2017,article,Science Advances,,Weijun Ke; Constantinos C. Stoumpos; Menghua Zhu; Lingling Mao; Ioannis Spanopoulos; Jian Liu; Oleg Y. Kontsevoi; Michelle Chen; Debajit Sarma; Yongbo Zhang; Michael R. Wasielewski; Mercouri G. Kanatzidis,409,https://doi.org/10.1126/sciadv.1701293,https://advances.sciencemag.org/content/advances/3/8/e1701293.full.pdf,True,doi:10.1126/sciadv.1701293,A_curve_likely_original,28,True,True,True,False,False,False,https://doi.org/10.1126/sciadv.1701293
OpenAlex,oa_pce_time_curve,53,https://openalex.org/W2068085953,10.1021/jz502703p,Improving the Long-Term Stability of Perovskite Solar Cells with a Porous Al2O3 Buffer Layer,"Hybrid perovskites represent a new paradigm for photovoltaics, which have the potential to overcome the performance limits of current technologies and achieve low cost and high versatility. However, an efficiency drop is often observed within the first few hundred hours of device operation, which could become an important issue. Here, we demonstrate that the electrode's metal migrating through the hole transporting material (HTM) layer and eventually contacting the perovskite is in part responsible for this early device degradation. We show that depositing the HTM within an insulating mesoporous ""buffer layer"" comprised of Al2O3 nanoparticles prevents the metal electrode migration while allowing for precise control of the HTM thickness. This enables an improvement in the solar cell fill factor and prevents degradation of the device after 350 h of operation.",2015-01-13,2015,article,The Journal of Physical Chemistry Letters,,Simone Guarnera; Antonio Abate; Wei Zhang; Jamie M. Foster; Giles Richardson; Annamaria Petrozza; Henry J. Snaith,379,https://doi.org/10.1021/jz502703p,,True,doi:10.1021/jz502703p,A_curve_likely_original,28,True,True,True,False,False,False,https://doi.org/10.1021/jz502703p
OpenAlex,oa_pce_time_curve,56,https://openalex.org/W4285492555,10.1126/sciadv.abo7422,Sequential vacuum-evaporated perovskite solar cells with more than 24% efficiency,"Vacuum evaporation is promising for the high-throughput fabrication of perovskite solar cells (PSCs) because of its solvent-free characteristic, precise control of film thickness, and compatibility with large-scale production. Nevertheless, the power conversion efficiency (PCE) of PSCs fabricated by vacuum evaporation lags behind that of solution-processed PSCs. Here, we report a Cl-containing alloy-mediated sequential vacuum evaporation approach to fabricate perovskite films. The presence of Cl in the alloy facilitates organic ammonium halide diffusion and the subsequent perovskite conversion reaction, leading to homogeneous pinhole-free perovskite films with few defects. The resulting PSCs yield a PCE of 24.42%, 23.44% (certified 22.6%), and 19.87% for 0.1, 1.0, and 14.4 square centimeters (mini-module, aperture area), respectively. The unencapsulated PSCs show good stability with negligible decline in performance after storage in dry air for more than 4000 hours. Our method provides a reproducible approach for scalable fabrication of large-area, high-efficiency PSCs and other perovskite-based optoelectronics.",2022-07-15,2022,article,Science Advances,,Hang Li; Junjie Zhou; Liguo Tan; Minghao Li; Chaofan Jiang; Siyang Wang; Xing Zhao; Yue Liu; Yu Zhang; Yiran Ye; Wolfgang Tress; Chenyi Yi,330,https://doi.org/10.1126/sciadv.abo7422,,True,doi:10.1126/sciadv.abo7422,A_curve_likely_original,28,True,True,True,False,False,False,https://doi.org/10.1126/sciadv.abo7422
OpenAlex,oa_pce_time_curve,73,https://openalex.org/W2728343142,10.1038/s41598-017-04690-w,Investigation of Thermally Induced Degradation in CH3NH3PbI3 Perovskite Solar Cells using In-situ Synchrotron Radiation Analysis,"Abstract In this study, we employ a combination of various in-situ surface analysis techniques to investigate the thermally induced degradation processes in MAPbI 3 perovskite solar cells (PeSCs) as a function of temperature under air-free conditions (no moisture and oxygen). Through a comprehensive approach that combines in-situ grazing-incidence wide-angle X-ray diffraction (GIWAXD) and high-resolution X-ray photoelectron spectroscopy (HR-XPS) measurements, we confirm that the surface structure of MAPbI 3 perovskite film changes to an intermediate phase and decomposes to CH 3 I, NH 3 , and PbI 2 after both a short (20 min) exposure to heat stress at 100 °C and a long exposure (>1 hour) at 80 °C. Moreover, we observe clearly the changes in the orientation of CH 3 NH 3 + organic cations with respect to the substrate in the intermediate phase, which might be linked directly to the thermal degradation processes in MAPbI 3 perovskites. These results provide important progress towards improved understanding of the thermal degradation mechanisms in perovskite materials and will facilitate improvements in the design and fabrication of perovskite solar cells with better thermal stability.",2017-06-29,2017,article,Scientific Reports,,Nam-Koo Kim; Young Hwan Min; Seokhwan Noh; Eunkyung Cho; Gitaeg Jeong; Minho Joo; Seh‐Won Ahn; Jeong Soo Lee; Seongtak Kim; Kyuwook Ihm; Hyungju Ahn; Yoonmook Kang; Hae‐Seok Lee; Dong‐Hwan Kim,250,https://doi.org/10.1038/s41598-017-04690-w,https://www.nature.com/articles/s41598-017-04690-w.pdf,True,doi:10.1038/s41598-017-04690-w,A_curve_likely_original,28,True,True,True,False,False,False,https://doi.org/10.1038/s41598-017-04690-w
OpenAlex,oa_pce_time_curve,167,https://openalex.org/W2951692015,10.1021/acsenergylett.9b00892,Suppressed Ion Migration in Reduced-Dimensional Perovskites Improves Operating Stability,"Impressive progress in halide perovskite solar cells motivates further work to improve operating stability. It is known that ion-migration-driven decomposition represents a degradation pathway in perovskite solar cells and that it can occur within the perovskite material even in well-encapsulated devices. Here we find that quasi-two-dimensional (2.5D) perovskites suppress this ion-migration-induced degradation. Using TOF-SIMS, we confirm that iodide migration occurs in bulk perovskite photovoltaic devices operating at their maximum power point (MPP). We observe that iodine ions migrate across the spiro-OMeTAD layer to the spiro/gold contact interface, oxidizing and deteriorating the gold at the interface. In contrast, we find that large ⟨ n ⟩ 2.5D perovskites exhibit a significantly reduced rate of ion migration compared to 3D devices and exhibit less than 1% relative PCE loss in over 80 h of continuous operation at MPP, whereas the PCE of 3D devices diminishes by more than 50% within the first 24 h.",2019-06-10,2019,article,ACS Energy Letters,,Ziru Huang; Andrew H. Proppe; Hairen Tan; Makhsud I. Saidaminov; Furui Tan; Anyi Mei; Chih‐Shan Tan; Mingyang Wei; Yi Hou; Hongwei Han; Shana O. Kelley; Edward H. Sargent,205,https://doi.org/10.1021/acsenergylett.9b00892,,True,doi:10.1021/acsenergylett.9b00892,A_curve_likely_original,28,True,True,True,False,False,False,https://doi.org/10.1021/acsenergylett.9b00892
OpenAlex,oa_operational_stability,10,https://openalex.org/W3131787299,10.1021/jacs.0c12802,Synergistic Effect of Fluorinated Passivator and Hole Transport Dopant Enables Stable Perovskite Solar Cells with an Efficiency Near 24%,"Long-term durability is critically important for the commercialization of perovskite solar cells (PSCs). The ionic character of the perovskite and the hydrophilicity of commonly used additives for the hole-transporting layer (HTL), such as lithium bis(trifluoromethanesulfonyl)imide (Li-TFSI) and tert -butylpyridine ( t BP), render PSCs prone to moisture attack, compromising their long-term stability. Here we introduce a trifluoromethylation strategy to overcome this drawback and to boost the PSC’s solar to electric power conversion efficiency (PCE). We employ 4-(trifluoromethyl)benzylammonium iodide (TFMBAI) as an amphiphilic modifier for interfacial defect mitigation and 4-(trifluoromethyl)pyridine (TFP) as an additive to enhance the HTL’s hydrophobicity. Surface treatment of the triple-cation perovskite with TFMBAI largely suppressed the nonradiative charge carrier recombination, boosting the PCE from 20.9% to 23.9% and suppressing hysteresis, while adding TFP to the HTL enhanced the PCS’s resistance to moisture while maintaining its high PCE. Taking advantage of the synergistic effects resulting from the combination of both fluoromethylated modifiers, we realize TFMBAI/TFP-based highly efficient PSCs with excellent operational stability and resistance to moisture, retaining over 96% of their initial efficiency after 500 h maximum power point tracking (MPPT) under simulated 1 sun irradiation and 97% of their initial efficiency after 1100 h of exposure under ambient conditions to a relative humidity of 60–70%.",2021-02-18,2021,article,Journal of the American Chemical Society,,Hongwei Zhu; Yameng Ren; Linfeng Pan; Olivier Ouellette; Felix T. Eickemeyer; Yinghui Wu; Xianggao Li; Shirong Wang; Hongli Liu; Xiaofei Dong; Shaik M. Zakeeruddin; Yuhang Liu; Anders Hagfeldt; Michaël Grätzel,201,https://doi.org/10.1021/jacs.0c12802,,True,doi:10.1021/jacs.0c12802,A_curve_likely_original,28,True,True,True,False,False,False,https://doi.org/10.1021/jacs.0c12802
OpenAlex,oa_curve_clustering;oa_light_soaking_recovery;oa_operational_stability;oa_pce_time_curve,19,https://openalex.org/W4399601921,10.1126/science.abq6993,"Two-dimensional perovskite templates for durable, efficient formamidinium perovskite solar cells","We present a design strategy for fabricating ultrastable phase-pure films of formamidinium lead iodide (FAPbI 3 ) by lattice templating using specific two-dimensional (2D) perovskites with FA as the cage cation. When a pure FAPbI 3 precursor solution is brought in contact with the 2D perovskite, the black phase forms preferentially at 100°C, much lower than the standard FAPbI 3 annealing temperature of 150°C. X-ray diffraction and optical spectroscopy suggest that the resulting FAPbI 3 film compresses slightly to acquire the (011) interplanar distances of the 2D perovskite seed. The 2D-templated bulk FAPbI 3 films exhibited an efficiency of 24.1% in a p-i-n architecture with 0.5–square centimeter active area and an exceptional durability, retaining 97% of their initial efficiency after 1000 hours under 85°C and maximum power point tracking.",2024-06-13,2024,article,Science,,Siraj Sidhik; Isaac Metcalf; Wenbin Li; Tim Kodalle; Connor J. Dolan; Mohammad Khalili; Jin Hou; Faiz Mandani; Andrew J. Torma; Hao Zhang; Rabindranath Garai; Jessica Persaud; Amanda B. Marciel; Itzel Alejandra Muro Puente; G. N. Manjunatha Reddy; Adam Balvanz; Muhammad A. Alam; Claudine Katan; Esther H. R. Tsai; David S. Ginger; David P. Fenning; Mercouri G. Kanatzidis; Carolin M. Sutter‐Fella; Jacky Even; Aditya D. Mohite,192,https://doi.org/10.1126/science.abq6993,,True,doi:10.1126/science.abq6993,A_curve_likely_original,28,True,True,True,False,False,False,https://doi.org/10.1126/science.abq6993
OpenAlex,oa_pce_time_curve,119,https://openalex.org/W2979002590,10.1002/adma.201903559,Efficient and Stable Inverted Perovskite Solar Cells Incorporating Secondary Amines,"Abstract Large‐bandgap perovskites offer a route to improve the efficiency of energy capture in photovoltaics when employed in the front cell of perovskite–silicon tandems. Implementing perovskites as the front cell requires an inverted (p–i–n) architecture; this architecture is particularly effective at harnessing high‐energy photons and is compatible with ionic‐dopant‐free transport layers. Here, a power conversion efficiency of 21.6% is reported, the highest among inverted perovskite solar cells (PSCs). Only by introducing a secondary amine into the perovskite structure to form MA1−xDMAxPbI3 (MA is methylamine and DMA is dimethylamine) are defect density and carrier recombination suppressed to enable record performance. It is also found that the controlled inclusion of DMA increases the hydrophobicity and stability of films in ambient operating conditions: encapsulated devices maintain over 80% of their efficiency following 800 h of operation at the maximum power point, 30 times longer than reported in the best prior inverted PSCs. The unencapsulated devices show record operational stability in ambient air among PSCs.",2019-09-30,2019,article,Advanced Materials,,Hao Chen; Qi Wei; Makhsud I. Saidaminov; Fei Wang; Andrew Johnston; Yi Hou; Zijian Peng; Kaimin Xu; Wenjia Zhou; Zhenghao Liu; Lu Qiao; Xiao Wang; Siwen Xu; Jiangyu Li; Run Long; Youqi Ke; Edward H. Sargent; Zhijun Ning,191,https://doi.org/10.1002/adma.201903559,,True,doi:10.1002/adma.201903559,A_curve_likely_original,28,True,True,True,False,False,False,https://doi.org/10.1002/adma.201903559
Crossref;OpenAlex,cr_operational_stability;oa_pce_time_curve,17,https://openalex.org/W2998935771,10.1038/s41467-019-13998-2,Efficient lateral-structure perovskite single crystal solar cells with high operational stability,"The power conversion efficiency of perovskite polycrystalline thin film solar cells has rapidly increased in recent years, while the stability still lags behind due to its low thermal stability as well as the fast ion migration along the massive grain boundaries. Here, stable and efficient lateral-structure perovskite solar cells (PSCs) are achieved based on perovskite single crystals. By optimizing anode contact with a simple surface treatment, the open circuit voltage and fill factor dramatically increase and promote the efficiency of the devices exceeding 11% (0.05 to 1 Sun) compared to that of 5.9% (0.25 Sun) of the best lateral-structure single crystal PSCs previously reported. Devices show excellent operational stability and no degradation observed after 200 h continuous operation at maximum power point under 1 Sun illumination. Devices with scalable architectures are investigated by utilizing interdigital electrodes, which show huge potential to realize low cost and highly efficient perovskite photovoltaic devices.",2020-01-14,2020,article,Nature Communications,Springer Science and Business Media LLC,Yilong Song; Weihui Bi; Anran Wang; Xiaoting Liu; Yifei Kang; Qingfeng Dong,188,https://doi.org/10.1038/s41467-019-13998-2,https://www.nature.com/articles/s41467-019-13998-2.pdf,True,doi:10.1038/s41467-019-13998-2,A_curve_likely_original,28,True,True,True,False,False,False,https://doi.org/10.1038/s41467-019-13998-2
OpenAlex,oa_curve_clustering,68,https://openalex.org/W2904458745,10.1002/adfm.201806779,Scalable Fabrication of Stable High Efficiency Perovskite Solar Cells and Modules Utilizing Room Temperature Sputtered SnO2 Electron Transport Layer,"Abstract Stability and scalability have become the two main challenges for perovskite solar cells (PSCs) with the research focus in the field advancing toward commercialization. One of the prerequisites to solve these challenges is to develop a cost‐effective, uniform, and high quality electron transport layer that is compatible with stable PSCs. Sputtering deposition is widely employed for large area deposition of high quality thin films in the industry. Here the composition, structure, and electronic properties of room temperature sputtered SnO2 are systematically studied. Ar and O2 are used as the sputtering and reactive gas, respectively, and it is found that a highly oxidizing environment is essential for the formation of high quality SnO2 films. With the optimized structure, SnO2 films with high quality have been prepared. It is demonstrated that PSCs based on the sputtered SnO2 electron transport layer show an efficiency up to 20.2% (stabilized power output of 19.8%) and a T80 operational lifetime of 625 h. Furthermore, the uniform and thin sputtered SnO2 film with high conductivity is promising for large area solar modules, which show efficiencies over 12% with an aperture area of 22.8 cm2 fabricated on 5 × 5 cm2 substrates (geometry fill factor = 91%), and a T80 operational lifetime of 515 h.",2018-12-13,2018,article,Advanced Functional Materials,,Longbin Qiu; Zonghao Liu; Luis K. Ono; Yan Jiang; Dae‐Yong Son; Zafer Hawash; Sisi He; Yabing Qi,176,https://doi.org/10.1002/adfm.201806779,https://onlinelibrary.wiley.com/doi/pdfdirect/10.1002/adfm.201806779,True,doi:10.1002/adfm.201806779,A_curve_likely_original,28,True,True,True,False,False,False,https://doi.org/10.1002/adfm.201806779
OpenAlex,oa_pce_time_curve,139,https://openalex.org/W2514572839,10.1038/ncomms12446,Defective TiO2 with high photoconductive gain for efficient and stable planar heterojunction perovskite solar cells,"Formation of planar heterojunction perovskite solar cells exhibiting both high efficiency and stability under continuous operation remains a challenge. Here, we show this can be achieved by using a defective TiO2 thin film as the electron transport layer. TiO2 layers with native defects are deposited by electron beam evaporation in an oxygen-deficient environment. Deep-level hole traps are introduced in the TiO2 layers and contribute to a high photoconductive gain and reduced photocatalytic activity. The high photoconductivity of the TiO2 electron transport layer leads to improved efficiency for the fabricated planar devices. A maximum power conversion efficiency of 19.0% and an average PCE of 17.5% are achieved. In addition, the reduced photocatalytic activity of the TiO2 layer leads to enhanced long-term stability for the planar devices. Under continuous operation near the maximum power point, an efficiency of over 15.4% is demonstrated for 100 h.",2016-08-18,2016,article,Nature Communications,,Yanbo Li; Jason K. Cooper; Wenjun Liu; Carolin M. Sutter‐Fella; Matin Amani; Jeffrey W. Beeman; Ali Javey; Joel W. Ager; Yi Liu; Francesca M. Toma; Ian D. Sharp,171,https://doi.org/10.1038/ncomms12446,https://www.nature.com/articles/ncomms12446.pdf,True,doi:10.1038/ncomms12446,A_curve_likely_original,28,True,True,True,False,False,False,https://doi.org/10.1038/ncomms12446
OpenAlex,oa_pce_time_curve,105,https://openalex.org/W4388412864,10.1038/s41467-023-43016-5,Heterojunction formed via 3D-to-2D perovskite conversion for photostable wide-bandgap perovskite solar cells,"Abstract Light-induced halide segregation constrains the photovoltaic performance and stability of wide-bandgap perovskite solar cells and tandem cells. The implementation of an intermixed two-dimensional/three-dimensional heterostructure via solution post-treatment is a typical strategy to improve the efficiency and stability of perovskite solar cells. However, owing to the composition-dependent sensitivity of surface reconstruction, the conventional solution post-treatment is suboptimal for methylammonium-free and cesium/bromide-enriched wide-bandgap PSCs. To address this, we develop a generic three-dimensional to two-dimensional perovskite conversion approach to realize a preferential growth of wider dimensionality (n ≥ 2) atop wide-bandgap perovskite layers (1.78 eV). This technique involves depositing a well-defined MAPbI 3 thin layer through a vapor-assisted two-step process, followed by its conversion into a two-dimensional structure. Such a two-dimensional/three-dimensional heterostructure enables suppressed light-induced halide segregation, reduced non-radiative interfacial recombination, and facilitated charge extraction. The wide-bandgap perovskite solar cells demonstrate a champion power conversion efficiency of 19.6% and an open-circuit voltage of 1.32 V. By integrating with the thermal-stable FAPb 0.5 Sn 0.5 I 3 narrow-bandgap perovskites, our all-perovskite tandem solar cells exhibit a stabilized PCE of 28.1% and retain 90% of the initial performance after 855 hours of continuous 1-sun illumination.",2023-11-06,2023,article,Nature Communications,,Jin Wen; Yicheng Zhao; Pu Wu; Yuxuan Liu; Xuntian Zheng; Renxing Lin; Sushu Wan; Ke Li; Haowen Luo; Yuxi Tian; Ludong Li; Hairen Tan,167,https://doi.org/10.1038/s41467-023-43016-5,https://www.nature.com/articles/s41467-023-43016-5.pdf,True,doi:10.1038/s41467-023-43016-5,A_curve_likely_original,28,True,True,True,False,False,False,https://doi.org/10.1038/s41467-023-43016-5
OpenAlex,oa_operational_stability,64,https://openalex.org/W4296193024,10.1002/adfm.202208793,Versatile Hole Selective Molecules Containing a Series of Heteroatoms as Self‐Assembled Monolayers for Efficient p‐i‐n Perovskite and Organic Solar Cells,"Abstract Inverted type perovskite solar cells (PSCs) have recently emerged as a major focus in academic and industrial photovoltaic research. Their multiple advantages over conventional PSCs include easy processing, hysteresis‐free behavior, high stability, and compatibility for tandem applications. However, the maximum power conversion efficiency (PCE) of inverted PSCs still lags behind those of conventional PSCs because suitable charge‐selective materials for inverted PSCs are limited. In this study, excellent hole‐selective materials for inverted PSCs are introduced. A series of tricyclic aromatic rings containing O, S, or Se, respectively, as a core heteroatom, along with a phosphonic acid anchor, form a self‐assembled monolayer (SAM) that directly contacts the perovskite absorber. The influence of heteroatoms in the aromatic structure on the molecular energetics and operating characteristics of the corresponding inverted PSCs is investigated using complementary experimental techniques as well as density functional theory (DFT) calculations. It is found that all of the SAMs formed an energetically well‐aligned interface with the perovskite absorber. The interaction energy between the Se‐containing SAM and perovskite absorber is the strongest among the series and it reduces the interfacial defect density, in turn leading to an extended charge carrier lifetime. As a result, PSCs incorporating the Se‐containing SAM achieves a PCE of 22.73% and retains ≈96% of their initial efficiency after a maximum power point tracking test of 500 h without encapsulation under ambient conditions. All of the SAMs are then employed in organic solar cells (OSCs). Again, the Se‐containing SAM‐based OSCs demonstrates the highest PCE of 17.9% among the three molecular SAM‐based OSCs. This study demonstrates the great potential for precisely engineered SAMs for use in high‐performance solar cells.",2022-09-16,2022,article,Advanced Functional Materials,,Asmat Ullah; Keun Hyeong Park; YoungWan Lee; Sujung Park; Abdullah Bin Faheem; Hieu Dinh Nguyen; Yasir Siddique; Kyung‐Koo Lee; Yimhyun Jo; Chi‐Hwan Han; SeJin Ahn; Inyoung Jeong; Shinuk Cho; BongSoo Kim; Young S. Park; Sungjun Hong,166,https://doi.org/10.1002/adfm.202208793,https://onlinelibrary.wiley.com/doi/pdfdirect/10.1002/adfm.202208793,True,doi:10.1002/adfm.202208793,A_curve_likely_original,28,True,True,True,False,False,False,https://doi.org/10.1002/adfm.202208793
OpenAlex,oa_operational_stability,12,https://openalex.org/W4322773263,10.1002/aenm.202204115,Enhancing Photostability of Sn‐Pb Perovskite Solar Cells by an Alkylammonium Pseudo‐Halogen Additive,"Abstract High‐performance tin‐lead perovskite solar cells (PSCs) are needed for all‐perovskite‐tandem solar cells. However, iodide related fast photodegradation severely limits the operational stability of Sn‐Pb perovskites despite the demonstrated high efficiency and thermal stability. Herein, this work employs an alkylammonium pseudo‐halogen additive to enhance the power conversion efficiency (PCE) and photostability of methylammonium (MA)‐free, Sn‐Pb PSCs. Density functional theory (DFT) calculations reveal that the pseudo‐halogen tetrafluoroborate (BF4−) has strong binding capacity with metal ions (Sn2+/Pb2+) in the Sn‐Pb perovskite lattice, which lowers iodine vacancy formation. Upon combining BF4− with an octylammonium (OA+) cation, the PCE of the device with a built‐in light‐scattering layer is boosted to 23.7%, which represents a new record for Sn‐Pb PSCs. The improved efficiency benefits from the suppressed defect density. Under continuous 1 sun illumination, the OABF4 embodied PSCs show slower generation of interstitial iodides and iodine, which greatly improves the device photostability under open‐circuit condition. Moreover, the device based on OABF4 retains 88% of the initial PCE for 1000 h under the maximum‐power‐point tracking (MPPT) without cooling.",2023-03-01,2023,article,Advanced Energy Materials,,Jiantao Wang; Md Aslam Uddin; Bo Chen; Xingjian Ying; Zhenyi Ni; Ying Zhou; Mingze Li; Mengru Wang; Zhenhua Yu; Jinsong Huang,146,https://doi.org/10.1002/aenm.202204115,https://onlinelibrary.wiley.com/doi/pdfdirect/10.1002/aenm.202204115,True,doi:10.1002/aenm.202204115,A_curve_likely_original,28,True,True,True,False,False,False,https://doi.org/10.1002/aenm.202204115
OpenAlex,oa_curve_clustering;oa_operational_stability,53,https://openalex.org/W2890767583,10.1038/s41467-018-06317-8,Gas-solid reaction based over one-micrometer thick stable perovskite films for efficient solar cells and modules,"Abstract Besides high efficiency, the stability and reproducibility of perovskite solar cells (PSCs) are also key for their commercialization. Herein, we report a simple perovskite formation method to fabricate perovskite films with thickness over 1 μm in ambient condition on the basis of the fast gas−solid reaction of chlorine-incorporated hydrogen lead triiodide and methylamine gas. The resultant thick and smooth chlorine-incorporated perovskite films exhibit full coverage, improved crystallinity, low surface roughness and low thickness variation. The resultant PSCs achieve an average power conversion efficiency of 19.1 ± 0.4% with good reproducibility. Meanwhile, this method enables an active area efficiency of 15.3% for 5 cm × 5 cm solar modules. The un-encapsulated PSCs exhibit an excellent T80 lifetime exceeding 1600 h under continuous operation conditions in dry nitrogen environment.",2018-09-18,2018,article,Nature Communications,,Zonghao Liu; Longbin Qiu; Emilio J. Juárez‐Pérez; Zafer Hawash; Taehoon Kim; Yan Jiang; Zhifang Wu; Sonia R. Raga; Luis K. Ono; Shengzhong Liu; Yabing Qi,142,https://doi.org/10.1038/s41467-018-06317-8,https://www.nature.com/articles/s41467-018-06317-8.pdf,True,doi:10.1038/s41467-018-06317-8,A_curve_likely_original,28,True,True,True,False,False,False,https://doi.org/10.1038/s41467-018-06317-8
OpenAlex,oa_operational_stability,56,https://openalex.org/W3011975943,10.1021/acsenergylett.0c00255,Improving Low-Bandgap Tin–Lead Perovskite Solar Cells via Contact Engineering and Gas Quench Processing,"Low-bandgap Sn/Pb ABX 3 perovskites have reached photovoltaic power conversion efficiencies >20%, but they usually have poor stability due to the common use of acidic poly(3,4-ethylenedioxythiophene):polystyrenesulfonate (PEDOT:PSS) hole transport layers and A-site cation compositions containing methylammonium (MA). Here, we develop a process to enable high-quality MA-free Sn/Pb perovskite films grown using a gas quenching process instead of the conventional antisolvents, which provides improved control of the film growth and eliminates wrinkling. Using this method in a device structure with poly[bis(4-phenyl)(2,4,6-trimethylphenyl)amine] (PTAA) instead of PEDOT:PSS as the hole transport layer, devices can reach efficiencies up to 20% mppt at 0.06 cm 2 and up to 17.5% mppt at 1 cm 2 active area. With these improvements, the devices are characterized for thermal stability and show 80% of the initial power output remaining after 4000 h at 85 °C.",2020-03-17,2020,article,ACS Energy Letters,,Jérémie Werner; Taylor Moot; Tyler A. Gossett; Isaac E. Gould; Axel F. Palmstrom; Eli J. Wolf; Caleb C. Boyd; Maikel F. A. M. van Hest; Joseph M. Luther; Joseph J. Berry; Michael D. McGehee,117,https://doi.org/10.1021/acsenergylett.0c00255,,True,doi:10.1021/acsenergylett.0c00255,A_curve_likely_original,28,True,True,True,False,False,False,https://doi.org/10.1021/acsenergylett.0c00255
OpenAlex,oa_curve_clustering,122,https://openalex.org/W3124328146,10.1002/aenm.202003712,Scalable Fabrication of >90 cm2 Perovskite Solar Modules with >1000 h Operational Stability Based on the Intermediate Phase Strategy,"Abstract In addition to high efficiencies, upscaling and long‐term operational stability are key pre‐requisites for moving perovskite solar cells toward commercial applications. In this work, a strategy to fabricate large‐area uniform and dense perovskite films with a thickness over one‐micrometer via a two‐step coating process by introducing NH4Cl as an additive in the PbI2 precursor solution is developed. Incorporation of NH4Cl induces the formation of the intermediate phases of x[NH4+]·[PbI2Clx]x− and HPbI3−xClx, which can effectively retard the crystallization rate of perovskite leading to uniform and compact full‐coverage perovskite layers across large areas with high crystallinity, large grain sizes, and small surface roughness. The 5 × 5 and 10 × 10 cm2 perovskite solar modules (PSMs) based on this method achieve a power conversion efficiency (PCE) of 14.55% and 10.25%, respectively. These PSMs also exhibit good operational stability with a T80 lifetime (the time during which the solar module PCE drops to 80% of its initial value) under continuous light illumination exceeding 1600 h (5 × 5 cm2) and 1100 h (10 × 10 cm2), respectively.",2021-01-25,2021,article,Advanced Energy Materials,,Guoqing Tong; Dae‐Yong Son; Luis K. Ono; Yuqiang Liu; Yanqiang Hu; Hui Zhang; Afshan Jamshaid; Longbin Qiu; Zonghao Liu; Yabing Qi,111,https://doi.org/10.1002/aenm.202003712,https://onlinelibrary.wiley.com/doi/pdfdirect/10.1002/aenm.202003712,True,doi:10.1002/aenm.202003712,A_curve_likely_original,28,True,True,True,False,False,False,https://doi.org/10.1002/aenm.202003712
Crossref,cr_operational_stability,123,,10.1002/smll.201904746,Low‐Cost and Highly Efficient Carbon‐Based Perovskite Solar Cells Exhibiting Excellent Long‐Term Operational and UV Stability,"Abstract Today's perovskite solar cells (PSCs) mostly use components, such as organic hole conductors or noble metal back contacts, that are very expensive or cause degradation of their photovoltaic performance. For future large‐scale deployment of PSCs, these components need to be replaced with cost‐effective and robust ones that maintain high efficiency while ascertaining long‐term operational stability. Here, a simple and low‐cost PSC architecture employing dopant‐free TiO 2 and CuSCN as the electron and hole conductor, respectively, is introduced while a graphitic carbon layer deposited at room temperature serves as the back electrical contact. The resulting PSCs show efficiencies exceeding 18% under standard AM 1.5 solar illumination and retain ≈95% of their initial efficiencies for >2000 h at the maximum power point under full‐sun illumination at 60 °C. In addition, the CuSCN/carbon‐based PSCs exhibit remarkable stability under ultraviolet irradiance for >1000 h while under similar conditions, the standard spiro‐MeOTAD/Au based devices degrade severely.",2019-10-31,2019,journal-article,Small,Wiley,Neha Arora; M. Ibrahim Dar; Seckin Akin; Ryusuke Uchida; Thomas Baumeler; Yuhang Liu; Shaik Mohammed Zakeeruddin; Michael Grätzel,110,https://doi.org/10.1002/smll.201904746,,False,doi:10.1002/smll.201904746,A_curve_likely_original,28,True,True,True,False,False,False,https://doi.org/10.1002/smll.201904746
OpenAlex,oa_operational_stability,61,https://openalex.org/W4415988330,10.1038/s41566-025-01791-1,Stabilizing high-efficiency perovskite solar cells via strategic interfacial contact engineering,"Abstract Surface passivation in perovskite solar cells can enhance device efficiency, yet incomplete interfacial functionality poses challenges to long-term reliability. Here we present a strategic interfacial engineering approach using sodium heptafluorobutyrate to fully functionalize the perovskite surface. Sodium heptafluorobutyrate acts as an ion shield that tunes the perovskite surface work function and increases the defect formation energy, resulting in an improved interface with the electron transport layer that minimizes recombination and boosts electron extraction under operation. We find that a sodium-heptafluorobutyrate-functionalized perovskite surface promotes a uniform, compact C 60 layer that effectively blocks ion diffusion and stabilizes the device stack. This approach allows p–i–n perovskite solar cells to achieve a record power conversion efficiency (PCE) of 27.02% (certified 26.96% with a maximum-power-point-tracking PCE of 26.61%). Devices with an active area of 1 cm 2 deliver a PCE of 25.95%. Perovskite solar cells retain 100% of their initial efficiency following 1,200 h of continuous 1-sun illumination at the maximum power point. Devices also demonstrate exceptional thermal stability, retaining 92% of the initial PCE when ageing at 85 °C for 1,800 h and 94% after 200 thermal cycles between –40 °C and +85 °C.",2025-11-07,2025,article,Nature Photonics,,Guixiang Li; Zuhong Zhang; Benjamin Agyei‐Tuffour; Luyan Wu; Thomas W. Gries; Karunanantharajah Prashanthan; Lennart Frohloff; Artem Musiienko; Jinzhao Li; Rui Zhu; Lucy J. F. Hart; Luyao Wang; Zhe Li; Bo Hou; Norbert Koch; Michele Saba; Piers R. F. Barnes; Jenny Nelson; Paul J. Dyson; Mohammad Khaja Nazeeruddin; Meng Li; Antonio Abate,101,https://doi.org/10.1038/s41566-025-01791-1,https://www.nature.com/articles/s41566-025-01791-1.pdf,True,doi:10.1038/s41566-025-01791-1,A_curve_likely_original,28,True,True,True,False,False,False,https://doi.org/10.1038/s41566-025-01791-1
OpenAlex,oa_pce_time_curve,163,https://openalex.org/W4399793787,10.1038/s41467-024-49617-y,Inhibiting perovskite decomposition by a creeper-inspired strategy enables efficient and stable perovskite solar cells,"The commercialization of perovskite solar cells is badly limited by stability, an issue determined mainly by perovskite. Herein, inspired by a natural creeper that can cover the walls through suckers, we adopt polyhexamethyleneguanidine hydrochloride as a molecular creeper on perovskite to inhibit its decomposition starting from the annealing process. The molecule possesses a long-line molecular structure where the guanidinium groups can serve as suckers that strongly anchor cations through multiple hydrogen bonds. These features make the molecular creeper can cover perovskite grains and inhibit perovskite decomposition by suppressing cations' escape. The resulting planar perovskite solar cells achieve an efficiency of 25.42% (certificated 25.36%). Moreover, the perovskite film and device exhibit enhanced stability even under harsh damp-heat conditions. The devices can maintain >96% of their initial efficiency after 1300 hours of operation under 1-sun illumination and 1000 hours of storage under 85% RH, respectively.",2024-06-18,2024,article,Nature Communications,,Shuxian Du; Hao Huang; Zhineng Lan; Peng Cui; Liang Li; Min Wang; Shujie Qu; Luyao Yan; Changxu Sun; Yingying Yang; Xinxin Wang; Meicheng Li,100,https://doi.org/10.1038/s41467-024-49617-y,,True,doi:10.1038/s41467-024-49617-y,A_curve_likely_original,28,True,True,True,False,False,False,https://doi.org/10.1038/s41467-024-49617-y
OpenAlex,oa_pce_time_curve,178,https://openalex.org/W4362471085,10.1038/s41467-023-37492-y,Oxidation-resistant all-perovskite tandem solar cells in substrate configuration,"The commonly-used superstrate configuration (depositing front subcell first and then depositing back subcell) in all-perovskite tandem solar cells is disadvantageous for long-term stability due to oxidizable narrow-bandgap perovskite assembled last and easily exposable to air. Here we reverse the processing order and demonstrate all-perovskite tandems in a substrate configuration (depositing back subcell first and then depositing front subcell) to bury oxidizable narrow-bandgap perovskite deep in the device stack. By using guanidinium tetrafluoroborate additive in wide-bandgap perovskite subcell, we achieve an efficiency of 25.3% for the substrate-configured all-perovskite tandem cells. The unencapsulated devices exhibit no performance degradation after storage in dry air for 1000 hours. The substrate configuration also widens the choice of flexible substrates: we achieve 24.1% and 20.3% efficient flexible all-perovskite tandem solar cells on copper-coated polyethylene naphthalene and copper metal foil, respectively. Substrate configuration offers a promising route to unleash the commercial potential of all-perovskite tandem solar cells.",2023-03-31,2023,article,Nature Communications,,Yurui Wang; Renxing Lin; Xiaoyu Wang; Chenshuaiyu Liu; Yameen Ahmed; Zilong Huang; Zhibin Zhang; Hongjiang Li; Mei Zhang; Yuan Gao; Haowen Luo; Pu Wu; Han Gao; Xuntian Zheng; Manya Li; Zhou Liu; Wenchi Kong; Ludong Li; Kaihui Liu; Makhsud I. Saidaminov; Lijun Zhang; Hairen Tan,100,https://doi.org/10.1038/s41467-023-37492-y,https://www.nature.com/articles/s41467-023-37492-y.pdf,True,doi:10.1038/s41467-023-37492-y,A_curve_likely_original,28,True,True,True,False,False,False,https://doi.org/10.1038/s41467-023-37492-y
Crossref,cr_curve_clustering;cr_pce_time_curve;cr_reversible_degradation,1,,10.1002/solr.70433,Quantifying Perovskite Solar Cell Degradation via Machine Learning From Spatially Resolved Multimodal Luminescence Time Series,"Perovskite solar cells achieve remarkable power conversion efficiencies, yet operational stability remains a major barrier to large‐scale deployment. Reliable and rapid assessment of device state of health is therefore essential. Conventional electrical diagnostics, such as illuminated current–voltage (J–V) sweeps, provide accurate performance metrics but are time‐consuming and do not resolve spatially localized degradation, motivating non‐invasive imaging‐based alternatives. Here, a deep‐learning framework is introduced to estimate PSC efficiency retention, R PCE = PCE t /PCE 0 , directly from multimodal luminescence imaging acquired during device aging. Each sample combines electroluminescence (EL), open‐circuit photoluminescence (PL oc ), and short‐circuit photoluminescence (PL sc ) at an aged state with device‐specific reference images at t = 0, enabling learning of degradation‐relevant spatial changes. LumPerNet, a compact convolutional neural network, is benchmarked against a spatially homogenized control in which each luminescence channel is replaced by its spatial average while retaining the same learning framework and leakage‐aware protocol. The comparison indicates that global luminescence evolution contains most of the predictive signal, while spatial information provides a secondary contribution to robustness. These results establish spatially resolved luminescence imaging as a practical route for accelerated stability testing and non‐invasive degradation monitoring in perovskite photovoltaics.",2026-07-28,2026,journal-article,Solar RRL,Wiley,Giulio Barletta; Simon Ternes; Saif Ali; Zohair Abbas; Chiara Ostendi; Marialucia D’Addio; Erica Magliano; Pietro Asinari; Eliodoro Chiavazzo; Aldo Di Carlo,0,https://doi.org/10.1002/solr.70433,,False,doi:10.1002/solr.70433,A_curve_likely_original,28,True,True,True,True,False,False,https://doi.org/10.1002/solr.70433
OpenAlex,oa_operational_stability,127,https://openalex.org/W4365815336,10.1038/s41467-023-37877-z,Long-chain anionic surfactants enabling stable perovskite/silicon tandems with greatly suppressed stress corrosion,"Despite the remarkable rise in the efficiency of perovskite-based solar cells, the stress-induced intrinsic instability of perovskite active layers is widely identified as a critical hurdle for upcoming commercialization. Herein, a long-alkyl-chain anionic surfactant additive is introduced to chemically ameliorate the perovskite crystallization kinetics via surface segregation and micellization, and physically construct a glue-like scaffold to eliminate the residual stresses. As a result, benefiting from the reduced defects, suppressed ion migration and improved energy level alignment, the corresponding unencapsulated perovskite single-junction and perovskite/silicon tandem devices exhibit impressive operational stability with 85.7% and 93.6% of their performance after 3000 h and 450 h at maximum power point tracking under continuous light illumination, providing one of the best stabilities to date under similar test conditions, respectively.",2023-04-15,2023,article,Nature Communications,,Xinlong Wang; Zhiqin Ying; Jingming Zheng; Xin Li; Zhipeng Zhang; Chuanxiao Xiao; Ying Chen; Ming Wu; Zhenhai Yang; Jingsong Sun; Jia-Ru Xu; Jiang Sheng; Yuheng Zeng; Xi Yang; Guichuan Xing; Jichun Ye,94,https://doi.org/10.1038/s41467-023-37877-z,https://www.nature.com/articles/s41467-023-37877-z.pdf,True,doi:10.1038/s41467-023-37877-z,A_curve_likely_original,27,True,True,True,False,False,False,https://doi.org/10.1038/s41467-023-37877-z
Crossref;OpenAlex,cr_operational_stability;oa_curve_clustering,87,https://openalex.org/W2913249881,10.1002/aenm.201803047,Negligible‐Pb‐Waste and Upscalable Perovskite Deposition Technology for High‐Operational‐Stability Perovskite Solar Modules,"Abstract An upscalable perovskite film deposition method combining raster ultrasonic spray coating and chemical vapor deposition is reported. This method overcomes the coating size limitation of the existing stationary spray, single‐pass spray, and spin‐coating methods. In contrast with the spin‐coating method (>90% Pb waste), negligible Pb waste during PbI2 deposition makes this method more environmentally friendly. Outstanding film uniformity across the entire area of 5 cm × 5 cm is confirmed by both large‐area compatible characterization methods (electroluminescence and scattered light imaging) and local characterization methods (atomic force microscopy, scanning electron microscopy, photoluminescence mapping, UV–vis, and X‐ray diffraction measurements on multiple sample locations), resulting in low solar cell performance decrease upon increasing device area. With the FAPb(I0.85Br0.15)3 (FA = formamidinium) perovskite layer deposited by this method, champion solar modules show a power conversion efficiency of 14.7% on an active area of 12.0 cm2 and an outstanding shelf stability (only 3.6% relative power conversion efficiency decay after 3600 h aging). Under continuous operation (1 sun light illumination, maximum power point condition, dry N2 atmosphere with <5% relative humidity, no encapsulation), the devices show high light‐soaking stability corresponding to an average T80 lifetime of 535 h on the small‐area solar cells and 388 h on the solar module.",2019-02-14,2019,article,Advanced Energy Materials,Wiley,Yan Jiang; Mikas Remeika; Zhanhao Hu; Emilio J. Juárez‐Pérez; Longbin Qiu; Zonghao Liu; Taehoon Kim; Luis K. Ono; Dae‐Yong Son; Zafer Hawash; Matthew R. Leyden; Zhifang Wu; Lingqiang Meng; Jin‐Song Hu; Yabing Qi,94,https://doi.org/10.1002/aenm.201803047,https://onlinelibrary.wiley.com/doi/pdfdirect/10.1002/aenm.201803047,True,doi:10.1002/aenm.201803047,A_curve_likely_original,27,True,True,True,False,False,False,https://doi.org/10.1002/aenm.201803047
OpenAlex,oa_curve_clustering,91,https://openalex.org/W4402430669,10.1038/s41467-024-52199-4,Superoxide radical derived metal-free spiro-OMeTAD for highly stable perovskite solar cells,"Lithium salt-doped spiro-OMeTAD is widely used as a hole-transport layer (HTL) for high-efficiency n-i-p perovskite solar cells (PSCs), but unfortunately facing awkward instability for commercialization arising from the intrinsic Li+ migration and hygroscopicity. We herein demonstrate a superoxide radicals (•O2−) derived HTL of metal-free spiro-OMeTAD with remarkable capability of avoiding the conventional tedious oxidation treatment in air for highly stable PSCs. Present work explores the employing of variant-valence Eu(TFSI)2 salts that could generate •O2− for facile and adequate pre-oxidation of spiro-OMeTAD, resulting in the HTL with dramatically increased conductivity and work function. Comparing to devices adopting HTL with LiTFSI doping, the •O2−-derived spiro-OMeTAD increases the PSCs efficiency up to 25.45% and 20.76% for 0.05 cm2 active area and 6 × 6 cm2 module, respectively. State-of-art PSCs employing such metal-free HTLs are also demonstrated to show much-improved environmental stability even under harsh conditions, e.g., maintaining over 90% of their initial efficiency after 1000 h of operation at the maximum power point and after 80 light-thermal cycles under simulated low earth orbit conditions, respectively, indicating the potentials of developing metal-free spiro-OMeTAD for low-cost and shortened processing of perovskite photovoltaics. The migration and hygroscopicity of lithium salt in doped spiro-OMeTAD hampers the device efficiency of perovskite solar cells. Here, the authors employ Eu(TFSI)2 salts to generate superoxide radical for facile pre-oxidation, achieving enhanced efficiency and stability of solar cells and modules.",2024-09-10,2024,article,Nature Communications,,Linfeng Ye; Jiahao Wu; Sergio Catalán‐Gómez; Yuan Li; Riming Sun; Ruihao Chen; Zhe Liu; J. M. Ulloa; A. Hierro; Pengfei Guo; Yuanyuan Zhou; Hongqiang Wang,91,https://doi.org/10.1038/s41467-024-52199-4,https://www.nature.com/articles/s41467-024-52199-4.pdf,True,doi:10.1038/s41467-024-52199-4,A_curve_likely_original,27,True,True,True,False,False,False,https://doi.org/10.1038/s41467-024-52199-4
OpenAlex,oa_operational_stability,60,https://openalex.org/W4376107953,10.1021/acsenergylett.3c00697,Minimizing the Interface-Driven Losses in Inverted Perovskite Solar Cells and Modules,"The inverted p-i-n perovskite solar cells hold high promise for scale-up toward commercialization. However, the interfaces between the perovskite and the charge transport layers contribute to major power conversion efficiency (PCE) loss and instability. Here, we use a single material of 2-thiopheneethylammonium chloride (TEACl) to molecularly engineer both the interface between the perovskite and fullerene-C 60 electron transport layer and the buried interface between the perovskite and NiO x -based hole transport layer. The dual interface modification results in optimized band alignment, suppressed nonradiative recombination, and improved interfacial contact. A PCE of 24.3% is demonstrated, with open-circuit voltage ( V oc ) and fill factor (FF) of 1.17 V and 84.6%, respectively. The unencapsulated device retains >97.0% of the initial performance after 1000 h of maximum power point tracking under illumination. Moreover, a PCE of 22.6% and a remarkable FF of 82.4% are obtained for a mini-module with an active area of 3.63 cm 2 .",2023-05-09,2023,article,ACS Energy Letters,,Xin Zhang; Weiming Qiu; Sofia Apergi; Shivam Singh; Paulo E. Marchezi; Wenya Song; Christian Sternemann; Karim Elkhouly; Dong Zhang; Aránzazu Aguirre; Tamara Merckx; Anurag Krishna; Yuanyuan Shi; Andrea Bracesco; Cristian van Helvoirt; Frennie Bens; Valerio Zardetto; Jan D’Haen; Anran Yu; Geert Brocks; Tom Aernouts; Ellen Moons; Shuxia Tao; Yiqiang Zhan; Yinghuan Kuang; Jef Poortmans,90,https://doi.org/10.1021/acsenergylett.3c00697,,True,doi:10.1021/acsenergylett.3c00697,A_curve_likely_original,27,True,True,True,False,False,False,https://doi.org/10.1021/acsenergylett.3c00697
OpenAlex,oa_operational_stability,82,https://openalex.org/W4366083338,10.1002/anie.202302507,Low‐Cost Hydroxyacid Potassium Synergists as an Efficient In Situ Defect Passivator for High Performance Tin‐Oxide‐Based Perovskite Solar Cells,"Abstract Perovskite solar cells (PSCs) based on SnO 2 electron transport layers have attracted extensive research due to their compelling photovoltaic performance. Herein, we presented an in situ passivation of SnO 2 with low‐cost hydroxyacid potassium synergist during deposition to optimize the interface carrier extraction and transport for high power conversion efficiency (PCE) and stabilities of PSCs. The orbital overlap of the carboxyl oxygen with the Sn atom alongwith the homogenous nano‐particle deposition effectively suppresses the interfacial defects and releases the internal residual strains in the perovskite. Accordingly, a PCE of 24.91 % with a fill factor (FF) up to 0.852 is obtained for in situ passivated devices, which is one of the highest values for SnO 2 ‐based PSCs. Moreover, the unencapsulated device maintained 80 % of its initial PCE at 80 °C over 600 h, 100 % PCE at ambient conditions for 1300 h, and 98 % after one week maximum power point tracking (MPPT) under continuous AM1.5G illumination.",2023-04-17,2023,article,Angewandte Chemie International Edition,,Wei Dong; Chenpu Zhu; Cong Bai; Yue Ma; Linfeng Lv; Juan Zhao; Fuzhi Huang; Yi‐Bing Cheng; Jie Zhong,90,https://doi.org/10.1002/anie.202302507,https://onlinelibrary.wiley.com/doi/pdfdirect/10.1002/anie.202302507,True,doi:10.1002/anie.202302507,A_curve_likely_original,27,True,True,True,False,False,False,https://doi.org/10.1002/anie.202302507
OpenAlex,oa_operational_stability,39,https://openalex.org/W4403778109,10.1002/adma.202411721,Iodide Management and Oriented Crystallization Modulation for High‐Performance All‐Air Processed Perovskite Solar Cells,"Abstract Halide‐related defects at the buried interface not only cause nonradiative recombination, but also seriously impair the long‐term stability of perovskite solar cells (PSCs). Herein, a bottom‐up, all‐in‐one modification strategy is proposed by introducing a multisite antioxidant ergothioneine (EGT) at the buried interface to manage iodide ions and manipulate crystallization dynamics. The findings demonstrate that EGT not only passivates uncoordinated Sn 4+ /Pb 2+ defects, but also firmly anchors iodide ions and inhibits their oxidation to I 2 . Additionally, the modification by EGT enhances the oriented crystallization of perovskite, improves the carrier dynamics, and releases residual stresses. Consequently, the optimized all‐air processed device (Rb 0.02 (FA 0.95 Cs 0.05 ) 0.98 PbI 2.91 Br 0.03 Cl 0.06 ) achieves a remarkable power conversion efficiency (PCE) of 25.13%, which is among the highest values reported for devices fabricated in air, along with ultrahigh open‐circuit voltage ( V OC ) of 1.191 V and fill factor (FF) of 84.9%. The optimized device without encapsulation exhibits strong humidity, thermal, and operational stability under ISOS protocol. Specifically, the initial efficiency of the device is retained at 90.12% after 1512 h of thermal ageing at 65 °C and 90.14% after 930 h of continuous maximum power point tracking (MPPT) under simulated AM1.5 illumination.",2024-10-24,2024,article,Advanced Materials,,Haichao Yang; Zhiyuan Xu; Huaxin Wang; Saif M. H. Qaid; Omar F. Mohammed; Zhigang Zang,78,https://doi.org/10.1002/adma.202411721,,False,doi:10.1002/adma.202411721,A_curve_likely_original,27,True,True,True,False,False,False,https://doi.org/10.1002/adma.202411721
OpenAlex,oa_operational_stability,120,https://openalex.org/W4401357517,10.1038/s41467-024-50962-1,Efficient and stable perovskite mini-module via high-quality homogeneous perovskite crystallization and improved interconnect,"The efficiency and stability of perovskite module devices are mainly limited by the quality of scalable perovskite films and sub-cells’ lateral contact. Here, firstly, we report constant low temperature substrate to regulate the growth of perovskite intermediate films to slow down the crystallization for obtaining high-quality homogeneous perovskite films in large scale size, which avoid the effect of the ambient temperature on the film quality. Secondly, a scribing step named P1.5 was added before the top function layers deposition, the diffusion barrier layer can be formed “naturally” at the interconnection interface without introducing any additional materials, which well alleviates the diffusion degradation process. As a result, our inverted perovskite devices exhibit a very small efficiency loss with area expansion comparable to other photovoltaic devices (for example, Cadmium Telluride), the perovskite module (aperture area 14.61 cm2) shows a certified quasi-steady-state power conversion efficiency of 22.73%, and the module maintaining over 90% of its initial efficiency after 1000 hours of continuous operation under illumination. The quality of perovskite films and lateral contact of subcells limit the performance of perovskite solar modules. Here, authors regulate the growth of perovskites on low temperature substrate and apply an additional scribing step, realizing certified efficiency of 22.73% and long device stability.",2024-08-06,2024,article,Nature Communications,,Haitao Zhou; Kai Cai; Shiqi Yu; Zhenhan Wang; Zhuang Xiong; Zema Chu; Xinbo Chu; Qi Jiang; Jingbi You,78,https://doi.org/10.1038/s41467-024-50962-1,https://www.nature.com/articles/s41467-024-50962-1.pdf,True,doi:10.1038/s41467-024-50962-1,A_curve_likely_original,27,True,True,True,False,False,False,https://doi.org/10.1038/s41467-024-50962-1
Crossref;OpenAlex,cr_operational_stability;oa_operational_stability,52,https://openalex.org/W4386398772,10.1002/adma.202306415,Uracil Induced Simultaneously Strengthening Grain Boundaries and Interfaces Enables High‐Performance Perovskite Solar Cells with Superior Operational Stability,"Abstract The operational stability is a huge obstacle to further commercialization of perovskite solar cells. To address this critical issue, in this work, uracil is introduced as a “binder” into the perovskite film to simultaneously improve the power conversion efficiency (PCE) and operational stability. Uracil can efficiently passivate defects and strengthen grain boundaries to enhance the stability of perovskite films. Moreover, the uracil also strengthens the interface between the perovskite and the Tin oxide (SnO2) electron transport layer to increase the binding force. The uracil‐modified devices deliver a champion PCE of 24.23% (certificated 23.19%) with negligible hysteresis at active area of 0.0625 cm2. In particular, the optimal device exhibits over 90% of its initial PCE after tracking for ≈6000 h at its maximum power point under continuous light, indicating its superior operational stability. Moreover, the devices also show great reproducibility in both PCE and operational stability.",2023-09-03,2023,article,Advanced Materials,Wiley,Min Wang; Haoxuan Sun; Meng Wang; Linxing Meng; Liang Li,70,https://doi.org/10.1002/adma.202306415,https://onlinelibrary.wiley.com/doi/pdfdirect/10.1002/adma.202306415,True,doi:10.1002/adma.202306415,A_curve_likely_original,27,True,True,True,False,False,False,https://doi.org/10.1002/adma.202306415
OpenAlex,oa_curve_clustering;oa_light_soaking_recovery;oa_operational_stability,80,https://openalex.org/W4410310578,10.1002/adma.202504520,Bifacially Reinforced Self‐Assembled Monolayer Interfaces for Minimized Recombination Loss and Enhanced Stability in Perovskite/Silicon Tandem Solar Cells,"Abstract Perovskite/silicon tandem solar cells have shown higher power conversion efficiencies (PCEs) than single‐junction cells. However, their record PCE still falls short of the theoretical maximum, and their stability is significantly lower than that of crystalline silicon solar cells. These challenges stem from the substantial losses in open‐circuit voltage ( V OC ) and the instability of wide‐bandgap perovskite devices, which are mainly caused by nonradiative recombination and degradation at the heterojunction interfaces, respectively. Specifically, the weak adhesion between indium tin oxide (ITO) and self‐assembled monolayers (SAMs), along with inadequate interactions between the SAMs and the perovskite, contributes to this instability. Herein, a novel SAM material, 4‐(11H‐benzo[a]carbazol‐11‐yl)butyl (4‐PhCz), has been developed to bifacially reinforce interfaces by enhancing SAM coverage on ITO and strengthening the interactions between SAM and perovskites. The resulting 1.67 eV perovskite solar cell (PSCs) achieves a V OC of 1.273 V with a low voltage loss of 0.397 V relative to the bandgap and a PCE of 22.53%. The 4‐PhCz‐based perovskite/silicon tandem cell achieves a V OC of 1.96 V and a PCE of 31.26%, retaining 92% of its initial efficiency after 1000 h of maximum power point tracking (MPPT) under 1‐sun illumination in a nitrogen atmosphere at 25 °C.",2025-05-12,2025,article,Advanced Materials,,Guo Chang; Hong‐Qiang Du; Yu‐Chen Wang; Xiang Gao; Yu‐Qi Lan; Yu‐Song Xiao; Wei Jiang; Yi‐Chen Zhou; Qi‐Bo Yuan; Ziyue Qiang; Jihong Zheng; Long‐Hui Yang; Caixia Wang; Ning Yang; Rui Lin; Guijie Liang; Mathias Uller Rothmann; Xinhua Ouyang; Yi‐Bing Cheng; Wei Li,66,https://doi.org/10.1002/adma.202504520,https://onlinelibrary.wiley.com/doi/pdfdirect/10.1002/adma.202504520,True,doi:10.1002/adma.202504520,A_curve_likely_original,27,True,True,True,False,False,False,https://doi.org/10.1002/adma.202504520
OpenAlex,oa_curve_clustering,168,https://openalex.org/W3163649618,10.1016/j.nanoen.2021.106152,Removal of residual compositions by powder engineering for high efficiency formamidinium-based perovskite solar cells with operation lifetime over 2000 h,"Defects as a result of structural imperfections and/or extrinsic impurities in the perovskite films have a detrimental effect on efficiency and stability of perovskite solar cells (PSCs). Here, we propose to use pre-synthesized crystalline perovskite with perfect stoichiometry to control and lower the density of defects from precursors by the powder engineering method. Compared with raw materials (i.e., PbI2 and FAI) based perovskites, the average efficiency of the PSCs fabricated based on these pre-synthesized perovskite precursors increased from 18.62% to 19.85%. Moreover, the unwanted intermediate chemical compositions (i.e., the unreacted phases and residual solvent) in the raw material-based perovskite films were significantly reduced in the pre-synthesized δ-FAPbI3 and α-FAPbI3 perovskites according to the secondary ion mass spectroscopy depth profiling results. Finally, we obtained the champion efficiency of 22.76% for α-FAPbI3 and 23.05% for FAPb(I0.9Br0.1)3 based PSCs. Long-term operational stability measurements of the encapsulated FAPb(I0.9Br0.1)3 based PSCs showed a slow decay and maintained the efficiency about 88% after 1200 h (T80 > 2000 h). Furthermore, a proof-of-concept integrated perovskite solar module-lithium ion battery-light-emitting diode device was demonstrated.",2021-05-12,2021,article,Nano Energy,,Guoqing Tong; Dae‐Yong Son; Luis K. Ono; Hyung‐Been Kang; Sisi He; Longbin Qiu; Hui Zhang; Yuqiang Liu; Jérémy Hieulle; Yabing Qi,64,https://doi.org/10.1016/j.nanoen.2021.106152,https://www.sciencedirect.com/science/article/pii/S2211285521004080/pdf,True,doi:10.1016/j.nanoen.2021.106152,A_curve_likely_original,27,True,True,True,False,False,False,https://doi.org/10.1016/j.nanoen.2021.106152
OpenAlex,oa_curve_clustering;oa_operational_stability,83,https://openalex.org/W4401260622,10.1002/adma.202409261,Bottom Contact Engineering for Ambient Fabrication of >25% Durable Perovskite Solar Cells,"Abstract The bottom contact in perovskite solar cells (PSCs) is easy to cause deep trap states and severe instability issues, especially under maximum power point tracking (MPPT). In this study, sodium gluconate (SG) is employed to disperse tin oxide (SnO2) nanoparticles (NPs) and regulate the interface contact at the buried interface. The SG‐SnO2 electron transfer layer (ETL) enabled the deposition of pinhole‐free perovskite films in ambient air and improved interface contact by bridging effect. SG‐SnO2 PSCs achieved an impressive power conversion efficiency (PCE) of 25.34% (certified as 25.17%) with a high open‐circuit voltage (VOC) exceeding 1.19 V. The VOC loss is less than 0.34 V relative to the 1.53 eV bandgap, and the fill factor (FF) loss is only 2.02% due to the improved contact. The SG‐SnO2 PSCs retained around 90% of their initial PCEs after 1000 h operation (T90 = 1000 h), higher than T80 = 1000 h for the control SnO2 PSC. Microstructure analysis revealed that light‐induced degradation primarily occurred at the buried holes and grain boundaries and highlighted the importance of bottom‐contact engineering.",2024-08-02,2024,article,Advanced Materials,,Ligang Yuan; Shibing Zou; Kaicheng Zhang; Peng Huang; Yuyan Dong; Jiarong Wang; Kezhou Fan; Man Yu Lam; Xiaoshuai Wu; Wei Cheng; Ruijia Tang; Wenhao Chen; Weiqing Liu; Kam Sing Wong; Keyou Yan,61,https://doi.org/10.1002/adma.202409261,https://onlinelibrary.wiley.com/doi/pdfdirect/10.1002/adma.202409261,True,doi:10.1002/adma.202409261,A_curve_likely_original,27,True,True,True,False,False,False,https://doi.org/10.1002/adma.202409261
OpenAlex,oa_curve_clustering,163,https://openalex.org/W4323533954,10.1002/adma.202300169,Graphene‐Like Conjugated Molecule as Hole‐Selective Contact for Operationally Stable Inverted Perovskite Solar Cells and Modules,"Abstract Further enhancing the operational lifetime of inverted‐structure perovskite solar cells (PSCs) is crucial for their commercialization, and the design of hole‐selective contacts at the illumination side plays a key role in operational stability. In this work, the self‐anchoring benzo[ rst ]pentaphene (SA‐BPP) is developed as a new type of hole‐selective contact toward long‐term operationally stable inverted PSCs. The SA‐BPP molecule with a graphene‐like conjugated structure shows a higher photostability and mobility than that of the frequently‐used triphenylamine and carbazole‐based hole‐selective molecules. Besides, the anchoring groups of SA‐BPP promote the formation of a large‐scale uniform hole contact on ITO substrate and efficiently passivate the perovskite absorbers. Benefiting from these merits, the champion efficiencies of 22.03% for the small‐sized cells and 17.08% for 5 × 5 cm 2 solar modules on an aperture area of 22.4 cm 2 are achieved based on this SA‐BPP contact. Also, the SA‐BPP‐based device exhibits promising operational stability, with an efficiency retention of 87.4% after 2000 h continuous operation at the maximum power point under simulated 1‐sun illumination, which indicates an estimated T 80 lifetime of 3175 h. This novel design concept of hole‐selective contacts provides a promising strategy for further improving the PSC stability.",2023-03-08,2023,article,Advanced Materials,,Tianhao Wu; Xiushang Xu; Luis K. Ono; Ting Guo; Silvia Mariotti; Chenfeng Ding; Shuai Yuan; Congyang Zhang; Jiahao Zhang; Kirill Mitrofanov; Qizheng Zhang; Saurav Raj; Xiao Liu; Hiroshi Segawa; Penghui Ji; Tongtong Li; Ryota Kabe; Liyuan Han; Akimitsu Narita; Yabing Qi,55,https://doi.org/10.1002/adma.202300169,https://onlinelibrary.wiley.com/doi/pdfdirect/10.1002/adma.202300169,True,doi:10.1002/adma.202300169,A_curve_likely_original,27,True,True,True,False,False,False,https://doi.org/10.1002/adma.202300169
OpenAlex,oa_operational_stability,113,https://openalex.org/W4386466390,10.1002/adma.202306051,Highly Stable and Efficient Formamidinium‐Based 2D Ruddlesden–Popper Perovskite Solar Cells via Lattice Manipulation,"Formamidinium (FA)-based 2D perovskites have emerged as highly promising candidates in solar cells. However, the insertion of 2D spacer cations into the perovskite lattice concomitantly introduces microstrain and unfavorable orientations that hinder efficiency and stability. In this study, by finely tuning the FA-based 2D perovskite lattice through spacer cation engineering, a stable lattice structure with balanced distortion, microstrain relaxation, and reduced carrier-lattice interactions is achieved. These advancements effectively stabilize the inherently soft lattice against light and thermal-aging stress. To reduce the photocurrent loss induced by undesired crystal texture, a polarity-matched molecular-type selenourea (SENA) additive is further employed to modulate the crystallization kinetics. The introduction of the SENA significantly inhibits the disordered crystallization induced by spacer cations and drives the templated growth of the quantum well structure with a vertical orientation. This controlled crystallization process effectively reduces crystal defects and enhances charge separation. Ultimately, the optimized FA-based perovskite photovoltaic devices achieve a remarkable power conversion efficiency (PCE) of 20.03% (certified steady-state efficiency of 19.30%), setting a new record for low-n 2D perovskite solar cells. Furthermore, the devices exhibit less than 1% efficiency degradation after operating at maximum power point for 1000 h and maintain excellent stability after thermal aging and cycles of cold-warm shock, respectively.",2023-09-06,2023,article,Advanced Materials,,Fang Zeng; Weiyu Kong; Yuhang Liang; Feng Li; Yuze Lvtao; Zhenhuang Su; Tao Wang; Bingguo Peng; Longfang Ye; Zhenhua Chen; Xingyu Gao; Jun Huang; Rongkun Zheng; Xudong Yang,55,https://doi.org/10.1002/adma.202306051,https://onlinelibrary.wiley.com/doi/pdfdirect/10.1002/adma.202306051,True,doi:10.1002/adma.202306051,A_curve_likely_original,27,True,True,True,False,False,False,https://doi.org/10.1002/adma.202306051
OpenAlex,oa_operational_stability;oa_outdoor_diurnal;oa_reversible_degradation,7,https://openalex.org/W4406386898,10.1126/sciadv.adp3112,Dimensional engineering of interlayer for efficient large-area perovskite solar cells with high stability under ISOS-L-3 aging test,"The utilization of low-dimensional perovskites (LDPs) as interlayers on three-dimensional (3D) perovskites has been regarded as an efficient strategy to enhance the performance of perovskite solar cells. Yet, the formation mechanism of LDPs and their impacts on the device performance remain elusive. Herein, we use dimensional engineering to facilitate the controllable growth of 1D and 2D structures on 3D perovskites. The differences of isomeric ligands in electrostatic potential distribution and steric effects for intermolecular forces contribute to different LDPs. The 1D structure facilitates charge transfer with favored channel orientation and energy level alignment. This approach enables perovskite solar modules (PSMs) using 2,2′,7,7′-tetrakis[ N , N -di(4-methoxyphenyl)amino]-9,9′-spirobifluorene to achieve an efficiency of 20.20% over 10 by 10 square centimeters (cm 2 ) and 22.05% over 6 by 6 cm 2 . In particular, a PSM (6 by 6 cm 2 ) using poly[bis(4-phenyl)(2,4,6-trimethylphenyl)amine] maintains an initial efficiency of ~95% after 1000 hours under the rigorous ISOS-L-3 accelerated aging tests, marking a record for the highest stability of n-i-p structure modules.",2025-01-15,2025,article,Science Advances,,Yikai Yun; Qing Chang; Jinjian Yan; Yuanyuan Tian; Sijie Jiang; Wenjie Wei; Shaoqun Li; Yuzheng Guo; Jun Yin; Jing Li; Mengyu Chen; Kai Huang; Cheng Li; Rong Zhang,54,https://doi.org/10.1126/sciadv.adp3112,https://www.science.org/doi/pdf/10.1126/sciadv.adp3112?download=true,True,doi:10.1126/sciadv.adp3112,A_curve_likely_original,27,True,True,True,False,False,False,https://doi.org/10.1126/sciadv.adp3112
OpenAlex,oa_operational_stability,106,https://openalex.org/W3005790001,10.1039/c9ee03736e,Highly stable inverted methylammonium lead tri-iodide perovskite solar cells achieved by surface re-crystallization,A long-term operational stability over 1000 hours in the inverted type perovskite solar cells based on the MAPbI 3 layer is demonstrated under ionic defect-free conditions.,2020-01-01,2020,article,Energy & Environmental Science,,Hyungcheol Back; Geunjin Kim; Heejoo Kim; Chang‐Yong Nam; Jinhyun Kim; Yong Ryun Kim; Taejin Kim; Byoungwook Park; James R. Durrant; Kwanghee Lee,52,https://doi.org/10.1039/c9ee03736e,,True,doi:10.1039/c9ee03736e,A_curve_likely_original,27,True,True,True,False,False,False,https://doi.org/10.1039/c9ee03736e
Crossref,cr_pce_time_curve,140,,10.1002/advs.202202028,Constructing Soft Perovskite–Substrate Interfaces for Dynamic Modulation of Perovskite Film in Inverted Solar Cells with Over 6200 Hours Photostability,"Abstract High‐performance perovskite solar cells (PSCs) depend heavily on the quality of perovskite films, which is closely related to the lattice distortion, perovskite crystallization, and interfacial defects when being spin‐coated and annealed on the substrate surface. Here, a dynamic strategy to modulate the perovskite film formation by using a soft perovskite–substrate interface constructed by employing amphiphilic soft molecules (ASMs) with long alkyl chains and Lewis base groups is proposed. The hydrophobic alkyl chains of ASMs interacted with poly(triarylamine) (PTAA) greatly improve the wettability of PTAA to facilitate the nucleation and growth of perovskite crystals, while the Lewis base groups bound to perovskite lattices significantly passivate the defects in situ. More importantly, this soft perovskite–substrate interface with ASMs between PTAA and perovskite film can dynamically match the lattice distortion with reduced interfacial residual strain upon perovskite crystallization and thermal annealing owing to the soft self‐adaptive long‐chains, leading to high‐quality perovskite films. Thus, the inverted PSCs show a power conversion efficiency approaching 20% with good reproducibility and negligible hysteresis. More impressively, the unencapsulated device exhibits state‐of‐the‐art photostability, retaining 84% of its initial efficiency under continuous simulated 1‐sun illumination for more than 6200 h at elevated temperature (≈65 °C).",2022-08-17,2022,journal-article,Advanced Science,Wiley,Wenxuan Lv; Zhaoying Hu; Wei Qiu; Dongdong Yan; Meicheng Li; Anyi Mei; Ligang Xu; Runfeng Chen,51,https://doi.org/10.1002/advs.202202028,,False,doi:10.1002/advs.202202028,A_curve_likely_original,27,True,True,True,False,False,False,https://doi.org/10.1002/advs.202202028
OpenAlex,oa_curve_clustering,156,https://openalex.org/W4396625443,10.1007/s40820-024-01407-3,TiO2 Electron Transport Layer with p–n Homojunctions for Efficient and Stable Perovskite Solar Cells,"Abstract Low-temperature processed electron transport layer (ETL) of TiO 2 that is widely used in planar perovskite solar cells (PSCs) has inherent low carrier mobility, resulting in insufficient photogenerated electron transport and thus recombination loss at buried interface. Herein, we demonstrate an effective strategy of laser embedding of p-n homojunctions in the TiO 2 ETL to accelerate electron transport in PSCs, through localized build-in electric fields that enables boosted electron mobility by two orders of magnitude. Such embedding is found significantly helpful for not only the enhanced crystallization quality of TiO 2 ETL, but the fabrication of perovskite films with larger-grain and the less-trap-states. The embedded p–n homojunction enables also the modulation of interfacial energy level between perovskite layers and ETLs, favoring for the reduced voltage deficit of PSCs. Benefiting from these merits, the formamidinium lead iodide (FAPbI 3 ) PSCs employing such ETLs deliver a champion efficiency of 25.50%, along with much-improved device stability under harsh conditions, i.e., maintain over 95% of their initial efficiency after operation at maximum power point under continuous heat and illumination for 500 h, as well as mixed-cation PSCs with a champion efficiency of 22.02% and over 3000 h of ambient storage under humidity stability of 40%. Present study offers new possibilities of regulating charge transport layers via p-n homojunction embedding for high performance optoelectronics.",2024-05-03,2024,article,Nano-Micro Letters,,Wenhao Zhao; Pengfei Guo; Jiahao Wu; Deyou Lin; Ning Jia; Zhiyu Fang; Chong Liu; Qian Ye; Jijun Zou; Yuanyuan Zhou; Hongqiang Wang,48,https://doi.org/10.1007/s40820-024-01407-3,,True,doi:10.1007/s40820-024-01407-3,A_curve_likely_original,27,True,True,True,False,False,False,https://doi.org/10.1007/s40820-024-01407-3
OpenAlex,oa_curve_clustering;oa_light_soaking_recovery;oa_operational_stability,77,https://openalex.org/W4385350478,10.1002/aenm.202301717,Synergetic Effect of Aluminum Oxide and Organic Halide Salts on Two‐Dimensional Perovskite Layer Formation and Stability Enhancement of Perovskite Solar Cells,"Abstract Long‐chain organic halide salts are widely used in perovskite‐based optoelectronic devices for surface passivation owing to their capability to interact with the surface defects of perovskites. Here, aluminum oxide (AlOx) is introduced via atomic layer deposition onto octylammonium iodide (OAI) to exploit the benefits of organic halide salts without generating undesired defects. The devices incorporating AlOx on OAI‐treated perovskite (OAI/AlOx) show enhancement in both device performance and photo‐stability compared to those with only treatment. A diffusion of aluminum from AlOx into the perovskite through surface characterization contributes to a uniform photo‐generated carrier transport in both the surface and the bulk of the perovskite absorber. In addition, it is revealed that light‐induced two‐dimensional perovskite formation on OAI/AlOx. This may be ascribed to preventing the loss of OA cations due to the presence of AlOx, leading to a decrease in the number of iodine anions which suppresses the light‐induced degradation of corresponding devices. Consequently, the devices show over 24% efficiency and retain their efficiency over 1000 hours under continuous light illumination.",2023-07-28,2023,article,Advanced Energy Materials,,Eun Young Choi; Jin‐Won Lee; Miguel Anaya; Alessandro J. Mirabelli; Hongjae Shim; Joseph Strzalka; Jongchul Lim; Siwon Yun; Miloš Dubajić; Jihoo Lim; Jan Seidel; Raphael Edem Agbenyeke; Chang Gyoun Kim; Nam Joong Jeon; Arman Mahboubi Soufiani; Helen Hejin Park; Jae Sung Yun,48,https://doi.org/10.1002/aenm.202301717,https://onlinelibrary.wiley.com/doi/pdfdirect/10.1002/aenm.202301717,True,doi:10.1002/aenm.202301717,A_curve_likely_original,27,True,True,True,False,False,False,https://doi.org/10.1002/aenm.202301717
OpenAlex,oa_operational_stability,199,https://openalex.org/W4402982318,10.1021/jacs.4c06659,Reactive Passivation of Wide-Bandgap Organic–Inorganic Perovskites with Benzylamine,"High Resolution Image Download MS PowerPoint Slide While amines are widely used as additives in metal-halide perovskites, our understanding of the way amines in perovskite precursor solutions impact the resultant perovskite film is still limited. In this paper, we explore the multiple effects of benzylamine (BnAm), also referred to as phenylmethylamine, used to passivate both FA 0.75 Cs 0.25 Pb(I 0.8 Br 0.2 ) 3 and FA 0.8 Cs 0.2 PbI 3 perovskite compositions. We show that, unlike benzylammonium (BnA + ) halide salts, BnAm reacts rapidly with the formamidinium (FA + ) cation, forming new chemical products in solution and these products passivate the perovskite crystal domains when processed into a thin film. In addition, when BnAm is used as a bulk additive, the average perovskite solar cell maximum power point tracked efficiency (for 30 s) increased to 19.3% compared to the control devices 16.8% for a 1.68 eV perovskite. Under combined full spectrum simulated sunlight and 65 °C temperature, the devices maintained a better T 80 stability of close to 2500 h while the control devices have T 80 stabilities of <100 h. We obtained similar results when presynthesizing the product BnFAI and adding it directly into the perovskite precursor solution. These findings highlight the mechanistic differences between amine and ammonium salt passivation, enabling the rational design of molecular strategies to improve the material quality and device performance of metal-halide perovskites.",2024-09-30,2024,article,Journal of the American Chemical Society,,Suer Zhou; Benjamin M. Gallant; Junxiang Zhang; Yangwei Shi; Joel A. Smith; James N. Drysdale; Pattarawadee Therdkatanyuphong; Margherita Taddei; Declan P. McCarthy; Stephen Barlow; Rachel C. Kilbride; Akash Dasgupta; Ashley R. Marshall; Jian Wang; Dominik J. Kubicki; David S. Ginger; Seth R. Marder; Henry J. Snaith,47,https://doi.org/10.1021/jacs.4c06659,https://pubs.acs.org/doi/pdf/10.1021/jacs.4c06659?ref=article_openPDF,True,doi:10.1021/jacs.4c06659,A_curve_likely_original,27,True,True,True,False,False,False,https://doi.org/10.1021/jacs.4c06659
OpenAlex,oa_operational_stability,41,https://openalex.org/W4327954604,10.1002/idm2.12079,Stress compensation based on interfacial nanostructures for stable perovskite solar cells,"Abstract The long‐term stability issue of halide perovskite solar cells hinders their commercialization. The residual stress–strain affects device stability, which is derived from the mismatched thermophysical and mechanical properties between adjacent layers. In this work, we introduced the Rb2CO3 layer at the interface of SnO2/perovskite with the hierarchy morphology of snowflake‐like microislands and dendritic nanostructures. With a suitable thermal expansion coefficient, the Rb2CO3 layer benefits the interfacial stress relaxation and results in a compressive stress–strain in the perovskite layer. Moreover, reduced nonradiative recombination losses and optimized band alignment were achieved. An enhancement of open‐circuit voltage from 1.087 to 1.153 V in the resultant device was witnessed, which led to power conversion efficiency (PCE) of 22.7% (active area of 0.08313 cm2) and 20.6% (1 cm2). Moreover, these devices retained 95% of its initial PCE under the maximum power point tracking (MPPT) after 2700 h. It suggests inorganic materials with high thermal expansion coefficients and specific nanostructures are promising candidates to optimize interfacial mechanics, which improves the operational stability of perovskite cells.",2023-03-01,2023,article,Interdisciplinary materials,,Cheng Zhu; Xi Wang; Hangxuan Li; Chenyue Wang; Ziyan Gao; Pengxiang Zhang; Xiuxiu Niu; Nengxu Li; Zipeng Xu; Zhenhuang Su; Yihua Chen; Huachao Zai; Haipeng Xie; Yizhou Zhao; Ning Yang; Guilin Liu; Xueyun Wang; Huanping Zhou; Jiawang Hong; Xingyu Gao; Yang Bai; Qi Chen,45,https://doi.org/10.1002/idm2.12079,https://onlinelibrary.wiley.com/doi/pdfdirect/10.1002/idm2.12079,True,doi:10.1002/idm2.12079,A_curve_likely_original,27,True,True,True,False,False,False,https://doi.org/10.1002/idm2.12079
OpenAlex,oa_operational_stability,114,https://openalex.org/W4362638710,10.1021/acsenergylett.3c00296,Buried Interface Passivation of Perovskite Solar Cells by Atomic Layer Deposition of Al2O3,"Despite having long excited carrier lifetimes and high mobilities in hybrid halide perovskite materials, conventional (n-i-p) devices exhibit significant interfacial nonradiative recombination losses that are little understood but limit the radiative efficiency and the overall open-circuit potential. In this Letter, we reveal that the process of spiro-OMeTAD coating on perovskite gives rise to buried defect states, which are detrimental to the devices’ operational stability. We subsequently report a method to passivate these deleterious buried defect states by atomic layer deposition of Al 2 O 3 through controlled precursor dosages on fully functional devices. The process results in notable improvements in the overall device performance, but the underlying root-cause analysis is what we essentially aimed to elucidate here. The reported passivation technique results in (a) an increase in the efficiency primarily due to an increase of V OC by ∼60–70 mV and consequently (b) enhanced photoluminescence and higher electroluminescence quantum efficiency and (c) overall device operational (MPPT) stability under ambient and, exclusively, even under high vacuum (>300 h) conditions, which is otherwise challenging.",2023-04-05,2023,article,ACS Energy Letters,,Sudeshna Ghosh; Debasmita Pariari; Tejmani Behera; Pablo P. Boix; Narasimha Ganesh; Susmita Basak; Arya Vidhan; Nisha Sarda; Iván Mora‐Seró; Arindam Chowdhury; K. S. Narayan; D. D. Sarma; Shaibal K. Sarkar,37,https://doi.org/10.1021/acsenergylett.3c00296,,False,doi:10.1021/acsenergylett.3c00296,A_curve_likely_original,27,True,True,True,False,False,False,https://doi.org/10.1021/acsenergylett.3c00296
OpenAlex,oa_operational_stability,137,https://openalex.org/W4285606203,10.1016/j.nanoen.2022.107604,Hydrogen bonding drives the self-assembling of carbazole-based hole-transport material for enhanced efficiency and stability of perovskite solar cells,"Designing a hole-transport material (HTM) that guarantees effective hole transport while self-assembling at the perovskite|HTM interface with the formation of an ordered interlayer, has recently emerged as a promising strategy for high-performance and stable perovskite solar cells (PSCs). Hydrogen bonding (HB) is a versatile multi-functional tool for the design of small molecular HTMs. However, to date, its employment is mostly limited to p-i-n inverted PSCs. This study demonstrates the advantages of a novel HTM design that can self-assemble into a long-range ordered interlayer on the perovskite surface via HB association. A hydro-functional HTM (O1) is compared to a reference HTM (O2) that cannot form HB due to the replacement of the amide group of O1 with a plain butyl alkyl chain in O2. As a result, O1-based n-i-p PSCs display enhanced hole extraction reaction, suppressed interfacial charge recombination, reduced hysteresis effect, and an increase in Voc (by 60 mV), FF (>11% increase), and overall power conversion efficiency, PCE (32% increase) compared to the case of HB-free O2-based devices. Remarkable stability is observed for unencapsulated O1 cells, with a T80 lifetime of 35.5 h under continuous maximum power point tracking in air. This work emphasizes the role of HB-directed self-assembling in simultaneously enhancing both the PCE and stability of popular n-i-p PSCs. This study paves the way for the development of new hydro-functional charge-transport material designs for efficient and stable PSCs.",2022-07-16,2022,article,Nano Energy,,Cheng Wang; Maning Liu; S M Musfequr Rahman; Hannu P. Pasanen; Jingshu Tian; Jianhui Li; Zhifeng Deng; Haichang Zhang; Paola Vivo,37,https://doi.org/10.1016/j.nanoen.2022.107604,https://www.sciencedirect.com/science/article/pii/S2211285522006826/pdf,True,doi:10.1016/j.nanoen.2022.107604,A_curve_likely_original,27,True,True,True,False,False,False,https://doi.org/10.1016/j.nanoen.2022.107604
OpenAlex,oa_operational_stability,132,https://openalex.org/W4392761535,10.1002/aenm.202304093,Revealing the Hole and Electron Transport Dynamics in the Working Devices for Efficient Semitransparent Perovskite Solar Cells,"Abstract The performance and stability of perovskite solar cells (PSCs) are dominated by the electron and hole transport dynamics, which are highly desired to be characterized in the working devices. Nevertheless, for the opaque PSCs, the hole transport layer (HTL) in n–i–p devices or the electron transport layer (ETL) in p–i–n devices are typically buried beneath the metal electrode, which makes it difficult to simultaneously characterize the charge transport dynamics from both sides of the working devices. In this work, for the first time, the charge transport dynamics of the working devices from both the front and rear side of semitransparent PSCs (ST‐PSCs) is characterized via femtosecond transient reflection spectroscopy (FS‐TRS). A significant enhancement of the hole transport and negligible change of the electron transport is observed when the perovskite/HTL interface is treated by 2‐chloro‐phenethylammonium iodide (2‐Cl‐PEAI). A champion power conversion efficiency (PCE) of 23.3% (certified 22.3%) is achieved, which is the highest certified PCE for ST‐PSCs up to date. The ST‐PSCs maintained more than 90% of its initial efficiency after 2000 h of maximum power point tracking (MPPT). Additionally, the ST‐PSCs are implemented in 4‐terminal (4‐T) perovskite/passivated emitter rear silicon cell (PERC), reaching a simulated output power of 30.8 mW cm−2.",2024-03-13,2024,article,Advanced Energy Materials,,Chaofan Jiang; Ting‐Xiao Qin; Liguo Tan; Hang Li; Junjie Zhou; Minghao Li; Zhi‐Min Dang; Liming Ding; Qihua Xiong; Chenyi Yi,35,https://doi.org/10.1002/aenm.202304093,https://onlinelibrary.wiley.com/doi/pdfdirect/10.1002/aenm.202304093,True,doi:10.1002/aenm.202304093,A_curve_likely_original,27,True,True,True,False,False,False,https://doi.org/10.1002/aenm.202304093
OpenAlex,oa_reversible_degradation,114,https://openalex.org/W4402903789,10.1126/sciadv.adp0790,Eliminating performance loss from perovskite films to solar cells,"Preoptimizing perovskite films may generally improve the performance of the final perovskite solar cells (PSCs). However, the research on whether the film optimization fully contributes to the enhancement of the final PSCs has been long neglected. We demonstrated that the preparation of metal electrodes by high-vacuum thermal evaporation, an unavoidable step in almost all device fabrication processes, will damage the surface of perovskite films, resulting in component escape, defect density rebound, carrier extraction barrier, and film stability deterioration. Therefore, the prepared perovskite film and the final film actually working in devices are not exactly the same, and the contribution of film optimization to the device improvement was weakened. We designed a bilayer structure composed of graphene oxide and graphite flakes to eliminate the unwanted film inconsistencies and thus save the film optimization loss. Therefore, the efficient PSCs with power conversion efficiency of 25.55% were obtained, which demonstrated negligible photovoltaic performance loss after operating for 2000 hours.",2024-09-27,2024,article,Science Advances,,Chao Luo; Feng Gao; Xianjin Wang; Changling Zhan; Xianchen Zhang; Guanhaojie Zheng; Xusheng Zhang; Xingyu Gao; Zhubing He; Qing Zhao,32,https://doi.org/10.1126/sciadv.adp0790,,True,doi:10.1126/sciadv.adp0790,A_curve_likely_original,27,True,True,True,False,False,False,https://doi.org/10.1126/sciadv.adp0790
OpenAlex,oa_pce_time_curve,36,https://openalex.org/W4384155265,10.1126/science.adi4107,Engineering ligand reactivity enables high-temperature operation of stable perovskite solar cells,"Perovskite solar cells (PSCs) consisting of interfacial two- and three-dimensional heterostructures that incorporate ammonium ligand intercalation have enabled rapid progress toward the goal of uniting performance with stability. However, as the field continues to seek ever-higher durability, additional tools that avoid progressive ligand intercalation are needed to minimize degradation at high temperatures. We used ammonium ligands that are nonreactive with the bulk of perovskites and investigated a library that varies ligand molecular structure systematically. We found that fluorinated aniliniums offer interfacial passivation and simultaneously minimize reactivity with perovskites. Using this approach, we report a certified quasi–steady-state power-conversion efficiency of 24.09% for inverted-structure PSCs. In an encapsulated device operating at 85°C and 50% relative humidity, we document a 1560-hour T 85 at maximum power point under 1-sun illumination.",2023-07-13,2023,article,Science,,So Min Park; Mingyang Wei; Jian Xu; Harindi R. Atapattu; Felix T. Eickemeyer; Kasra Darabi; Luke Grater; Yi Yang; Cheng Liu; Sam Teale; Bin Chen; Hao Chen; Tonghui Wang; Lewei Zeng; Aidan Maxwell; Zaiwei Wang; K.R.P.M. Rao; Zhuoyun Cai; Shaik M. Zakeeruddin; Jonathan T. Pham; Chad Risko; Aram Amassian; Mercouri G. Kanatzidis; Kenneth R. Graham; Michaël Grätzel; Edward H. Sargent,483,https://doi.org/10.1126/science.adi4107,,True,doi:10.1126/science.adi4107,A_curve_likely_original,26,True,True,True,False,False,False,https://doi.org/10.1126/science.adi4107
Crossref,cr_curve_clustering;cr_pce_time_curve;cr_reversible_degradation,118,,10.1002/aenm.201904054,From Defects to Degradation: A Mechanistic Understanding of Degradation in Perovskite Solar Cell Devices and Modules,"Abstract Metal halide perovskite solar cells (PSCs) have risen in efficiency from just 3.81% in 2009 to over 25.2% today. While metal halide perovskites have excelled in efficiency, advances in stability are significantly more complex and have progressed more slowly. The advance of efficiency, which is readily measured, over stability, which can require literally thousands of hours to demonstrate, is to be expected given the rapid rate of innovation in the field. In the face of changing absorber composition, synthetic approaches, and device stack components it is necessary to understand basic material properties to rationalize how to enable stability in devices. In this article the aim is to present an in‐depth review of the current understanding of metal halide perovskite devices and module stability by focusing on what is known retarding intrinsic and extrinsic degradation mechanisms at the material, device, and module level. Once these considerations are presented the discussion then moves to connecting different degradation mechanisms to stresses anticipated in operation and how they can impact efficiency of cells and ultimately modules over time.",2020-03,2020,journal-article,Advanced Energy Materials,Wiley,Sean P. Dunfield; Lyle Bliss; Fei Zhang; Joseph M. Luther; Kai Zhu; Maikel F. A. M. van Hest; Matthew O. Reese; Joseph J. Berry,421,https://doi.org/10.1002/aenm.201904054,,False,doi:10.1002/aenm.201904054,A_curve_likely_original,26,True,True,True,False,False,False,https://doi.org/10.1002/aenm.201904054
OpenAlex,oa_curve_clustering;oa_operational_stability;oa_pce_time_curve,23,https://openalex.org/W4402100360,10.1038/s41467-024-51760-5,Co-adsorbed self-assembled monolayer enables high-performance perovskite and organic solar cells,"Self-assembled monolayers (SAMs) have become pivotal in achieving high-performance perovskite solar cells (PSCs) and organic solar cells (OSCs) by significantly minimizing interfacial energy losses. In this study, we propose a co-adsorb (CA) strategy employing a novel small molecule, 2-chloro-5-(trifluoromethyl)isonicotinic acid (PyCA-3F), introducing at the buried interface between 2PACz and the perovskite/organic layers. This approach effectively diminishes 2PACz's aggregation, enhancing surface smoothness and increasing work function for the modified SAM layer, thereby providing a flattened buried interface with a favorable heterointerface for perovskite. The resultant improvements in crystallinity, minimized trap states, and augmented hole extraction and transfer capabilities have propelled power conversion efficiencies (PCEs) beyond 25% in PSCs with a p-i-n structure (certified at 24.68%). OSCs employing the CA strategy achieve remarkable PCEs of 19.51% based on PM1:PTQ10:m-BTP-PhC6 photoactive system. Notably, universal improvements have also been achieved for the other two popular OSC systems. After a 1000-hour maximal power point tracking, the encapsulated PSCs and OSCs retain approximately 90% and 80% of their initial PCEs, respectively. This work introduces a facile, rational, and effective method to enhance the performance of SAMs, realizing efficiency breakthroughs in both PSCs and OSCs with a favorable p-i-n device structure, along with improved operational stability.",2024-09-01,2024,article,Nature Communications,,Dongyang Li; Qing Lian; Tao Du; Ruijie Ma; Heng Liu; Qiong Liang; Yu Han; Guojun Mi; Ouwen Peng; Guihua Zhang; Wenbo Peng; Baomin Xu; Xinhui Lu; Kuan Liu; Jun Yin; Zhiwei Ren; Gang Li; Chun Cheng,227,https://doi.org/10.1038/s41467-024-51760-5,https://www.nature.com/articles/s41467-024-51760-5.pdf,True,doi:10.1038/s41467-024-51760-5,A_curve_likely_original,26,True,True,True,False,False,False,https://doi.org/10.1038/s41467-024-51760-5
OpenAlex,oa_curve_clustering;oa_light_soaking_recovery;oa_reversible_degradation,42,https://openalex.org/W2771001224,10.1002/adma.201702905,Influence of Radiation on the Properties and the Stability of Hybrid Perovskites,"Abstract Organic–inorganic perovskites are well suited for optoelectronic applications. In particular, perovskite single and perovskite tandem solar cells with silicon are close to their market entry. Despite their swift rise in efficiency to more than 21%, solar cell lifetimes are way below the needed 25 years. In fact, comparison of the time when the device performance has degraded to 80% of its initial value (T80 lifetime) of numerous solar cells throughout the literature reveals a strongly reduced stability under illumination. Herein, the various detrimental effects are discussed. Most notably, moisture‐ and heat‐related degradation can be mitigated easily by now. Recently, however, several photoinduced degradation mechanisms have been observed. Under illumination, mixed perovskites tend to phase segregate, while, further, oxygen catalyzes deprotonation of the organic cations. Additionally, during illumination photogenerated charge can be trapped in the NH antibonding orbitals causing dissociation of the organic cation. On the other hand, organic–inorganic perovskites exhibit a high radiation hardness that is superior to crystalline silicon. Here, the proposed degradation mechanisms reported in the literature are thoroughly reviewed and the microscopic mechanisms and their implications for solar cells are discussed.",2017-11-20,2017,article,Advanced Materials,,Felix Lang; Oleksandra Shargaieva; В. В. Брус; Heinz C. Neitzert; Jörg Rappich; N. H. Nickel,220,https://doi.org/10.1002/adma.201702905,,True,doi:10.1002/adma.201702905,A_curve_likely_original,26,True,True,True,False,False,False,https://doi.org/10.1002/adma.201702905
OpenAlex,oa_light_soaking_recovery;oa_reversible_degradation,52,https://openalex.org/W4323266868,10.1002/aenm.202203898,"Ink Design Enabling Slot‐Die Coated Perovskite Solar Cells with >22% Power Conversion Efficiency, Micro‐Modules, and 1 Year of Outdoor Performance Evaluation","Abstract The next technological step in the exploration of metal‐halide perovskite solar cells is the demonstration of larger‐area device prototypes under outdoor operating conditions. The authors here demonstrate that when slot‐die coating the halide perovskite layers on large areas, ribbing effects may occur but can be prevented by adjusting the precursor ink's rheological properties. For formamidinium lead triiodide (FAPbI3) precursor inks based on 2‐methoxyethanol, the ink viscosity is adjusted by adding acetonitrile (ACN) as a co‐solvent leading to smooth FAPbI3 thin‐films with high quality and layer homogeneity. For an optimized content of 46 vol% of the ACN co‐solvent, a certified steady‐state performance of 22.3% is achieved in p‐i‐n FAPbI3‐perovskite solar cells. Scaling devices to larger areas by making laser series‐interconnected mini‐modules of 12.7 cm2, a power conversion efficiency of 17.1% is demonstrated. A full year of outdoor stability testing with continuous maximum power point tracking on encapsulated devices is performed and it is demonstrated that these devices maintain close to 100% of their initial performance during winter and spring followed by a significant performance decline during warmer summer months. This work highlights the importance of the real‐condition evaluation of larger area device prototypes to validate the technological potential of halide perovskite photovoltaics.",2023-03-04,2023,article,Advanced Energy Materials,,Jinzhao Li; Janardan Dagar; Oleksandra Shargaieva; Oliver Maus; Marco Remec; Quiterie Emery; Mark Khenkin; Carolin Ulbrich; Fatima Akhundova; J.A. Marquez; Thomas Unold; Markus Fenske; Christof Schultz; Bert Stegemann; Amran Al‐Ashouri; Steve Albrecht; Alvaro Tejada Esteves; Lars Korte; Hans Köbler; Antonio Abate; Daniel M. Többens; Ivo Žižak; Emil List; Rutger Schlatmann; Eva Unger,138,https://doi.org/10.1002/aenm.202203898,https://onlinelibrary.wiley.com/doi/pdfdirect/10.1002/aenm.202203898,True,doi:10.1002/aenm.202203898,A_curve_likely_original,26,True,True,True,False,False,False,https://doi.org/10.1002/aenm.202203898
OpenAlex,oa_operational_stability,165,https://openalex.org/W4410131822,10.1002/adma.202503154,AI‐Generated Ammonium Ligands for High‐Efficiency and Stable 2D/3D Heterojunction Perovskite Solar Cells,"The 2D/3D heterojunction perovskite solar cells (PSCs) exhibit remarkable stability, but the quantum well in the 2D perovskite capping layer hinders the carrier transport, thereby lowering the power conversion efficiency (PCE). The relationship between the transport barrier and the complex structure of ammonium ligands (ALs) is currently poorly understood, thus leading to the one-sided approach and inefficient process in the development of 2D perovskite. Here, a machine learning procedure is established to comprehensively explore the relationship and combined it with an artificial intelligence (AI) model based on reinforcement learning algorithm to accelerate the generation of ALs. Finally, the AI-designed ALs improved the carrier transport performance of the 2D perovskite capping layer, and we achieved a certified PCE of 26.12% in inverted PSCs. The devices retained 96.79% of the initial PCE after 2000 h operation in maximum power point tracking under 1-sun illumination at 85°C.",2025-05-06,2025,article,Advanced Materials,,Ge Yan; Hongcai Tang; Yangzi Shen; Liyuan Han; Qifeng Han,30,https://doi.org/10.1002/adma.202503154,https://onlinelibrary.wiley.com/doi/pdfdirect/10.1002/adma.202503154,True,doi:10.1002/adma.202503154,A_curve_likely_original,26,True,True,True,False,False,False,https://doi.org/10.1002/adma.202503154
Crossref;OpenAlex,cr_operational_stability;oa_operational_stability,51,https://openalex.org/W4281677085,10.1021/acsami.2c05241,Critical Role of Perovskite Film Stoichiometry in Determining Solar Cell Operational Stability: a Study on the Effects of Volatile A-Cation Additives,"Volatile A-cation halide (AX) additives such as formamidinium chloride and methylammonium chloride have been widely employed for high-efficiency perovskite solar cells (PSCs). However, it remains unstudied how they influence the perovskite film stoichiometry and the solar cell performance and operational stability. Hereby, our work shows that over annealing of formamidinium chloride-containing perovskite films leads to a Pb-rich surface, resulting in a high initial efficiency, which however decays during maximum power point tracking (MPPT). On the contrary, perovskite films obtained by a shorter annealing time at the same temperature provide good stability during MPPT but a lower initial efficiency. Thus, we deduce that an optimal annealing is vital for both high efficiency and operational stability, which is then confirmed in the case where methylammonium chloride additive is used. With optimized perovskite annealing conditions, we demonstrate efficient and stable p-i-n PSCs that show a best power conversion efficiency of 20.7% and remain 90% of the initial performance after a 200 h MPPT at 60 °C under simulated 1 sun illumination with high UV content. Our work presents a comprehensive understanding on how volatile AX impacts perovskite film stoichiometry and its correlation to the device performance and operational stability, providing a new guideline for fabricating high-efficiency and operationally stable PSCs.",2022-06-10,2022,article,ACS Applied Materials & Interfaces,American Chemical Society (ACS),Wenya Song; Xin Zhang; Stijn Lammar; Weiming Qiu; Yinghuan Kuang; Bart Ruttens; Jan D’Haen; I. Vaesen; Thierry Conard; Yaser Abdulraheem; Tom Aernouts; Yiqiang Zhan; Jef Poortmans,27,https://doi.org/10.1021/acsami.2c05241,,False,doi:10.1021/acsami.2c05241,A_curve_likely_original,26,True,True,True,False,False,False,https://doi.org/10.1021/acsami.2c05241
OpenAlex,oa_operational_stability,191,https://openalex.org/W4403441275,10.1007/s40820-024-01538-7,Efficient and Stable Perovskite Solar Cells and Modules Enabled by Tailoring Additive Distribution According to the Film Growth Dynamics,"Abstract Gas quenching and vacuum quenching process are widely applied to accelerate solvent volatilization to induce nucleation of perovskites in blade-coating method. In this work, we found these two pre-crystallization processes lead to different order of crystallization dynamics within the perovskite thin film, resulting in the differences of additive distribution. We then tailor-designed an additive molecule named 1,3-bis(4-methoxyphenyl)thiourea to obtain films with fewer defects and holes at the buried interface, and prepared perovskite solar cells with a certified efficiency of 23.75%. Furthermore, this work also demonstrates an efficiency of 20.18% for the large-area perovskite solar module (PSM) with an aperture area of 60.84 cm 2 . The PSM possesses remarkable continuous operation stability for maximum power point tracking of T 90 > 1000 h in ambient air.",2024-10-15,2024,article,Nano-Micro Letters,,Mengen Ma; Cuiling Zhang; Yujiao Ma; Weile Li; Yao Wang; Shaohang Wu; Chong Liu; Yaohua Mai,26,https://doi.org/10.1007/s40820-024-01538-7,https://link.springer.com/content/pdf/10.1007/s40820-024-01538-7.pdf,True,doi:10.1007/s40820-024-01538-7,A_curve_likely_original,26,True,True,True,False,False,False,https://doi.org/10.1007/s40820-024-01538-7
OpenAlex,oa_operational_stability,159,https://openalex.org/W7117884912,10.1126/sciadv.adz2113,Bifacial carbodithioate-lead chelating for efficient and robust inverted perovskite solar cells,"Low-dimensional conversion of lead iodide at perovskite grain boundaries (GBs) is of importance to address the interfacial instability of perovskite solar cells (PSCs), while current strategies relying on organic cations interacted with A/X site to low-dimensional lead-halide complexes are challenged by the instability caused by the introduction or residual cations and halides in perovskite films. Present work proposes and verifies a strategy of multidentate carbodithioate-lead chelation (MCLC), which is able to form a robust one-dimensional structure at the GBs, not only reducing interfacial defects and residual stress but also enhancing interfacial carrier transport in perovskite while substantially improving the photothermal and operational stabilities of PSCs. It was further demonstrated that bifacial modification at both top and buried interfaces of perovskite using MCLC strategy achieved PSCs with a high power conversion efficiency up to 26.15% (certified value of 25.75%) and 24.89% for 1-cm 2 -area device. The device retains 90.1% of its initial efficiency after 1700 hours of maximum power point tracking under illumination.",2026-01-01,2026,article,Science Advances,,Zhiyuan Dai; Yang Yang; Zhiyu Fang; Lei Li; Xiongkai Tang; Shuyuan Wan; Lingfeng Chao; Zhe Liu; Ruihao Chen; Hongqiang WANG,23,https://doi.org/10.1126/sciadv.adz2113,,True,doi:10.1126/sciadv.adz2113,A_curve_likely_original,26,True,True,True,False,False,False,https://doi.org/10.1126/sciadv.adz2113
OpenAlex,oa_operational_stability,150,https://openalex.org/W4412032724,10.1002/adma.202505571,Industry‐Compatible Fully Laminated Perovskite‐CIGS Tandem Solar Cells with Co‐Evaporated Perovskite,"Abstract Perovskite‐CIGS thin‐film tandem solar cells could potentially share vacuum‐based production equipment between sub‐cells, reducing CapEx and supply chain dependence while enabling flexible, lightweight designs for versatile photovoltaic applications. However, scalable vacuum‐based fabrication techniques for perovskite‐CIGS tandems remain limited and challenging. Here, a highly efficient and stable bilayer methylammonium lead iodide perovskite fabricated using a scalable co‐evaporation technique is presented. In this bilayer structure, an additional thin layer with an enhanced PbI₂ evaporation rate is deposited atop a thick stoichiometric perovskite film. This approach reduces film roughness and improves the contact potential difference at the perovskite interface. For the first time, this interface engineering strategy enhances absorber film stability, enabling the deposition of a SnO x buffer layer via atomic layer deposition without damaging the perovskite layer. The bilayer film is used to fabricate single‐junction solar cells, achieving a maximum power conversion efficiency of 23.1%, with over 93% of its efficiency retained after 500 h of continuous maximum power point tracking. Ultimately, its compatibility for tandem applications is demonstrated, leading to the fabrication of fully laminated perovskite‐CIGS tandem solar cells with an efficiency of 26.1%, surpassing the current record for monolithic perovskite‐CIGS tandems at the same 1 cm 2 active area. The sub‐cells are integrated via POE lamination, a widely adopted industrial process, ensuring compatibility with large‐scale manufacturing.",2025-07-04,2025,article,Advanced Materials,,Ezra Alvianto; Yuduan Wang; Shuping Lin; Haoming Liang; Jia Li; L. K. Lee; Zijing Dong; Xiao Guo; Jinxi Chen; Y. Sun; Xingye Huang; Xiuxiu Niu; Dalong Zhong; Yi Hou,22,https://doi.org/10.1002/adma.202505571,https://onlinelibrary.wiley.com/doi/pdfdirect/10.1002/adma.202505571,True,doi:10.1002/adma.202505571,A_curve_likely_original,26,True,True,True,False,False,False,https://doi.org/10.1002/adma.202505571
OpenAlex,oa_operational_stability,197,https://openalex.org/W7119472418,10.1038/s41467-025-68207-0,Anti-aggregation self-assembled monolayers enable high-performance and scalable perovskite solar cells,"Stable self-assembled monolayers (SAMs), such as (2-(9H-carbazol-9-yl)) ethylphosphonic acid (2PACz), are crucial for reducing interfacial energy loss in high-performance perovskite solar cells (PSCs). However, the inherent aggregation tendency of SAMs at the buried interface hinders the device's performance. Here, we propose a surfactant-assisted strategy to inhibit the aggregation of 2PACz by functionalizing cetyltrimethylammonium bromide (CTAB). Capitalizing on its distinctive electrostatic potential distribution, CTAB engages in non-bonding interactions with 2PACz. Theoretical and experimental characterizations prove that this promotes the uniform dispersion and anchoring of 2PACz on the substrate, leading to the SAM formation with high surface potential and excellent coverage. Moreover, the perovskite films with CTAB-modified SAM exhibit enhanced crystallinity with reduced trap state density and improved hole extraction efficiency. Consequently, the PSCs with a p-i-n architecture achieve a power conversion efficiency (PCE) of 26.20% (0.072 cm²). Scaled-up modules attain a PCE of 22.34% (22.96 cm²), confirming the scalability. Additionally, anti-aggregation-SAMs-integrated devices demonstrate stability, maintaining over 80% and 90% of their initial PCEs after tracking at maximum power point for 800 h and ageing at 65 °C for 1000 h, respectively.",2026-01-08,2026,article,Nature Communications,,Kaihuai Du; Chunna Huang; Aili Wang; Haoran Zhang; LvZhou Li; X. F. Dong; Luozheng Zhang; Mohammad Khaja Nazeeruddin; Guixiang Li; Jianning Ding,21,https://doi.org/10.1038/s41467-025-68207-0,https://www.nature.com/articles/s41467-025-68207-0_reference.pdf,True,doi:10.1038/s41467-025-68207-0,A_curve_likely_original,26,True,True,True,False,False,False,https://doi.org/10.1038/s41467-025-68207-0
OpenAlex,oa_operational_stability,143,https://openalex.org/W4411896776,10.1002/idm2.12256,Efficient Inverted Perovskite Solar Cells Enabled by Sequential Passivation Using Two‐Dimensional Perovskites,"ABSTRACT Refining the process in which two‐dimensional (2D) perovskites passivate three‐dimensional (3D) perovskites is vital for improving the performance of perovskite solar cells (PSCs), yet is frequently overlooked. Herein, a novel sequential passivation process that initially employs phenethylamine iodide (PEAI) on the 3D perovskite surface, followed by treatment with 4‐trifluoromethylphenylethylamine iodide (CF 3 PEAI) is presented. A comprehensive comparison of the intrinsic molecular structures and their impact on the perovskites reveals that the small‐sized, low‐polarized PEA molecule induces minimal lattice strain and a negative shift of the vacuum energy level of perovskite surface, whereas the large‐sized, high‐polarized CF 3 PEA molecule leads to larger lattice strain and a positive shift of the vacuum energy level. By leveraging the opposing properties of these molecules through our tailored sequential passivation strategy, optimal passivation effects and efficient interface charge transfer are obtained, outperforming the posttreatment with mixed ligands and greatly surpassing posttreatment with a single ligand. Consequently, a champion efficiency of 26.27% is achieved for the inverted PSCs, along with outstanding operational stability featuring a T 80 lifetime exceeding 1000 h under continuous light illumination at the maximum power point tracking.",2025-07-01,2025,article,Interdisciplinary materials,,Bingcan Ke; Jing Li; Zewei Zhu; Siqi Zhang; Ruixuan Jiang; Chengkai Jin; Chang Ming Hu; Qi Zhang; Jie Su; Sai Bai; Fuzhi Huang; Yi‐Bing Cheng; Tongle Bu,21,https://doi.org/10.1002/idm2.12256,https://onlinelibrary.wiley.com/doi/pdfdirect/10.1002/idm2.12256,True,doi:10.1002/idm2.12256,A_curve_likely_original,26,True,True,True,False,False,False,https://doi.org/10.1002/idm2.12256
OpenAlex,oa_operational_stability,100,https://openalex.org/W4401644434,10.1002/anie.202412042,Molecular Design of Hole Transport Materials to Immobilize Ion Motion for Photostable Perovskite Solar Cells,"Abstract Poor operational stability is a crucial factor limiting the further application of perovskite solar cells (PSCs). Organic semiconductor layers can be a powerful means for reinforcing interfaces and inhibiting ion migration. Herein, two hole‐transporting molecules, pDPA‐SFX and mDPA‐SFX, are synthesized with tuned substituent connection sites. The meta‐substituted mDPA‐SFX results in a larger dipole moment, more ordered packing, and better charge mobility than pDPA‐SFX, accompanying with strong interface bonding on perovskite surfaces and suppressed ion motion as well. Importantly, mDPA‐SFX‐based PSCs exhibit an efficiency that has significantly increased from 22.5 % to 24.8 % and a module‐based efficiency of 19.26 % with an active area of 12.95 cm2. The corresponding cell retain 94.8 % of its initial efficiency at maximum power point tracking (MPPT) after 1,000 h (T95=1,000 h). The MPPT T80 lifetime is as long as 2,238 h. This work illustrates that a small degree of structural variation in organic compounds leaves considerable room for developing new HTMs for light stable PSCs.",2024-08-16,2024,article,Angewandte Chemie International Edition,,Zheng Zhang; Chenghao Duan; Sijing Wang; Tianyou Xie; Feilin Zou; Yang Luo; Ruijia Tang; Kunpeng Guo; Kunpeng Guo; Ligang Yuan; Kaicheng Zhang; Yao Wang; Yao Wang; Jianhang Qiu; Jianhang Qiu; Keyou Yan,21,https://doi.org/10.1002/anie.202412042,,False,doi:10.1002/anie.202412042,A_curve_likely_original,26,True,True,True,False,False,False,https://doi.org/10.1002/anie.202412042
Crossref,cr_operational_stability,93,,10.1002/adma.202303692,Sequential Molecule‐Doped Hole Conductor to Achieve &gt;23% Perovskite Solar Cells with 3000‐Hour Operational Stability,"Abstract Although hole transport layers (HTLs) based on solution‐processed doped Spiro‐OMeTAD are extremely popular and effective for their remarkable performance in n‐i‐p perovskite solar cells (PSCs), their scalable application is still being held back by poor chemical stability and unsatisfied scalability. Essentially, the volatile components and hygroscopic nature of ionic salts often cause morphological deformation that deteriorate both device efficiency and stability. Herein, a simple and effective molecular implantation‐assisted sequential doping (MISD) approach is strategically introduced to modulate spatial doping uniformity of organic films and fabricate all evaporated Spiro‐OMeTAD layer in which phase‐segregation free HTL is achieved accompanied with high molecular density, uniform doping composition, and superior optoelectronic characteristics. The resultant MISD‐based devices attain a record power conversion efficiency (PCE) of 23.4%, which represents the highest reported value among all the PSCs with evaporated HTLs. Simultaneously, the unencapsulated devices realize considerably enhanced stability by maintaining over 90% of their initial PCEs in the air for 5200 h and after working at maximum power point under illumination for 3000 h. This method provides a facile way to fabricate robust and reliable HTLs toward developing efficient and stable perovskite solar cells.",2023-07-13,2023,journal-article,Advanced Materials,Wiley,Guozheng Du; Li Yang; Peiyao Dong; Lianlian Qi; Yuliang Che; Xiao Wang; Xiaoli Zhang; Jinbao Zhang,21,https://doi.org/10.1002/adma.202303692,,False,doi:10.1002/adma.202303692,A_curve_likely_original,26,True,True,True,False,False,False,https://doi.org/10.1002/adma.202303692
OpenAlex,oa_operational_stability,173,https://openalex.org/W4402554846,10.1002/anie.202411604,A Graded Redox Interfacial Modifier for High‐Performance Perovskite Solar Cells,"Abstract Perovskite solar cells have emerged as a potential competitor to the silicon photovoltaic technology. The most representative perovskite cells employ SnO2 and spiro‐OMeTAD as the charge‐transport materials. Despite their high efficiencies, perovskite cells with such a configuration show unsatisfactory lifespan, normally attributed to the instability of perovskites and spiro‐OMeTAD. Limited attention was paid to the influence of SnO2, an inorganic material, on device stability. Here we show that improving SnO2 with a redox interfacial modifier, cobalt hexammine sulfamate, simultaneously enhances the power‐conversion efficiency (PCE) and stability of the perovskite solar cells. Redox reactions between the bivalent cobalt complexes and oxygen lead to the formation of a graded distribution of trivalent and bivalent cobalt complexes across the surface and bulk regions of the SnO2. The trivalent cobalt complex at the top surface of SnO2 raises the concentration of (SO3NH2)− which passivates uncoordinated Pb2+ and relieves tensile stress, facilitating the formation of perovskite with improved crystallinity. Our approach enables perovskite cells with PCEs of up to 24.91 %. The devices retained 93.8 % of their initial PCEs after 1000 hours of continuous operation under maximum power point tracking. These findings showcase the potential of cobalt complexes as redox interfacial modifiers for high‐performance perovskite photovoltaics.",2024-09-16,2024,article,Angewandte Chemie International Edition,,Wenjing Qi; Zhe Liu; Xinrui Xie; Yijia Zhang; Minhui Yu; Shi‐Yuan Zhang; Baodan Zhao; Meng Zhang; Bo Liu; Dawei Di,19,https://doi.org/10.1002/anie.202411604,https://onlinelibrary.wiley.com/doi/pdfdirect/10.1002/anie.202411604,True,doi:10.1002/anie.202411604,A_curve_likely_original,26,True,True,True,False,False,False,https://doi.org/10.1002/anie.202411604
Crossref;OpenAlex,cr_operational_stability;oa_light_soaking_recovery,132,https://openalex.org/W4387606784,10.1002/adma.202308819,Simultaneous Enhancement of Efficiency and Operational‐Stability of Mesoscopic Perovskite Solar Cells via Interfacial Toughening,"Abstract The combined effects of compact TiO2 (c‐TiO2) electron‐transport layer (ETL) are investigated without and with mesoscopic TiO2 (m‐TiO2) on top, and without and with an iodine‐terminated silane self‐assembled monolayer (SAM), on the mechanical behavior, opto–electronic properties, photovoltaic (PV) performance, and operational‐stability of solar cells based on metal‐halide perovskites (MHPs). The interfacial toughness increases almost threefold in going from c‐TiO2 without SAM to m‐TiO2 with SAM. This is attributed to the synergistic effect of the m‐TiO2/MHP nanocomposite at the interface and the enhanced adhesion afforded by the iodine‐terminated silane SAM. The combination of m‐TiO2 and SAM also offers a significant beneficial effect on the photocarriers extraction at the ETL/MHP interface, resulting in perovskite solar cells (PSCs) with power‐conversion efficiency (PCE) of over 24% and 20% for 0.1 and 1 cm2 active areas, respectively. These PSCs also have exceptionally long operational‐stability lives: extrapolated T80 (duration at 80% initial PCE retained) is ≈18 000 and 10 000 h for 0.1 and 1 cm2 active areas, respectively. Postmortem characterization and analyses of the operational‐stability‐tested PSCs are performed to elucidate the possible mechanisms responsible for the long operational‐stability.",2023-10-13,2023,article,Advanced Materials,Wiley,In Seok Yang; Zhenghong Dai; Anush Ranka; Du Chen; Kai Zhu; Joseph J. Berry; Peijun Guo; Nitin P. Padture,19,https://doi.org/10.1002/adma.202308819,,True,doi:10.1002/adma.202308819,A_curve_likely_original,26,True,True,True,False,False,False,https://doi.org/10.1002/adma.202308819
OpenAlex,oa_operational_stability,196,https://openalex.org/W4414337244,10.1002/adma.202511684,Oriented Crystallization of Perovskite Film via Fluorine‐Containing Hyperbranched Polymer for Efficient and Stable Perovskite Solar Cells,"Abstract Solution‐processed perovskite solar cells have significant potential for large‐scale manufacture, but the production of perovskite film with high crystallinity over large areas remains a major challenge. Here, a fluorine‐containing hyperbranched polymer is shown for meticulous control of the perovskite film crystallization. Synergistic coordination of functional fluorine groups and perovskite species constrains the complex intermediate phases and facilitates the formation of spatially oriented perovskite films with high crystallinity and phase purity. Simultaneously, the thermal radical polymerization during the annealing process creates a cross‐linked hydrophobic network, which enhances resistance to moisture. This results in efficient regular planar perovskite solar cells with a remarkable power conversion efficiency of 26.05% for small devices (active area 0.04 cm 2 ) and 22.43% for large devices (active area 16.1 cm 2 ) under simulated AM 1.5G sunlight (100 mW cm −2 ). Moreover, the unencapsulated devices exhibit excellent operating stability, with 97% of initial efficiency remaining at the maximum power point tracking for 1500 h under continuous illumination (one sunlight intensity) at 50–55 °C.",2025-09-18,2025,article,Advanced Materials,,Junyi Huang; Xiongjie Li; Zhiguo Zhang; Tianyu Sun; Hongliang Dong; Haixuan Yu; Xiaoting Ma; Wanpeng Yang; Letian Dai; Lei Wang; Bo Hu; Yan Shen; Mohammad Khaja Nazeeruddin; Mingkui Wang,17,https://doi.org/10.1002/adma.202511684,https://onlinelibrary.wiley.com/doi/pdfdirect/10.1002/adma.202511684,True,doi:10.1002/adma.202511684,A_curve_likely_original,26,True,True,True,False,False,False,https://doi.org/10.1002/adma.202511684
OpenAlex,oa_operational_stability,130,https://openalex.org/W4414793925,10.1002/anie.202518592,Dual‐Ligand Regulation of Homogeneous Cation–Anion Distribution Enables Efficient and Stable Perovskite Solar Cells,"Abstract While amidine ligands are known to significantly enhance defect passivation in perovskite solar cells (PSCs), their role in modulating perovskite film homogeneity through coordinated control of cation–anion distributions remains unexplored. Herein, we demonstrate that a dual‐ligand strategy utilizing pyridine‐2‐carboximidamide hydrochloride (PCH) and pyridine‐2,6‐dicarboximidamide dihydrochloride (PBD) achieves homogeneous cation–anion distributions, enabling high‐performance PSCs. Incorporated into the precursor solutions, these dual‐ligand additives distribute uniformly throughout the perovskite bulk. By simultaneously utilizing their pyridine and amidine groups to passivate Pb 2 ⁺ and FA⁺ ions, as well as employing hydrogen bonding to stabilize I − ions, the uniformity of anions and cations within the film is enhanced. Vacuum flash‐assisted solution‐processed PSCs incorporating PBD‐passivated films with optimized homogeneity achieved a PCE of 26.66% (certified 26.33%). Notably, these devices retained over 90% of their initial efficiency after 1100 h of continuous maximum power point tracking (MPPT) under operational conditions (60 °C, N 2 atmosphere). This PCE value ranks among the highest reported to date for perovskite solar cells. Our findings highlight that achieving homogeneous cation‐anion distribution is essential for designing effective passivators, thereby simultaneously advancing both the PCE and operational stability of PSCs.",2025-10-03,2025,article,Angewandte Chemie International Edition,,Kunpeng Li; Zuolin Zhang; Xinlong Zhao; Tao Wang; Zhishan Li; Huicong Zhang; Dongfang Li; Fashe Li; Yuling Zhai; Hua Wang; Xing Zhu; Cong Chen; Jiangzhao Chen; Tao Zhu,16,https://doi.org/10.1002/anie.202518592,,False,doi:10.1002/anie.202518592,A_curve_likely_original,26,True,True,True,False,False,False,https://doi.org/10.1002/anie.202518592
OpenAlex,oa_operational_stability,172,https://openalex.org/W4411571951,10.1002/aenm.202502057,Minimizing Redox‐Reactivity to Improve the Stability of Perovskite/Silicon Tandem Solar Cells,"Abstract Perovskite/silicon tandem solar cells have shown great promise as a next‐generation photovoltaic technology. However, the instability of perovskite significantly lags behind its remarkable progress in power conversion efficiencies (PCE). It mainly results from the halide phase segregation due to the redox reactions at the grain boundaries (GBs) in perovskites. Therefore, reducing GB density is the most straightforward way to reduce the redox‐active site and improve its long‐term stability. Herein, GB density of the perovskite is controlled by nucleation and growth kinetics through comparison of two different perovskite fabrication methods, one‐step and hybrid two‐step method. It is found that the hybrid two‐step method exhibits a much slower nucleation and crystallization rate than the one‐step method. It significantly reduces the GB density, decreases the possibility of I− oxidation and Pb2+ reduction, and eliminates phase segregation. Therefore, perovskite solar cells (PSCs) and perovskite/silicon tandem solar cells fabricated by the hybrid two‐step method retain at 95% and 83% of initial PCEs after 1000 and 500 h of maximum power point tracking (MPPT) at room temperature in nitrogen (N2), respectively, which is ≈10 and 6 times longer than the one prepared by one‐step method.",2025-06-22,2025,article,Advanced Energy Materials,,Yu‐Chen Wang; Hong‐Qiang Du; Guo Chang; Jungan Wang; Qi‐Bo Yuan; Zhiwen Yin; Yu‐Qi Lan; Aoshuo Tian; Yu‐Song Xiao; Wei Jiang; Xinjun Yang; Yi‐Xiang Gao; Jie Yang; Xinyu Zhang; Tao Zeng; Yunxia Chen; Wangnan Li; Wangnan Li; Mathias Uller Rothmann; Menglei Xu; Yi‐Bing Cheng; Wei Li; Wei Li,13,https://doi.org/10.1002/aenm.202502057,https://onlinelibrary.wiley.com/doi/pdfdirect/10.1002/aenm.202502057,True,doi:10.1002/aenm.202502057,A_curve_likely_original,26,True,True,True,False,False,False,https://doi.org/10.1002/aenm.202502057
OpenAlex,oa_operational_stability,67,https://openalex.org/W4390753270,10.1021/acsenergylett.3c02018,Electrochemical Impedance Spectroscopy of All-Perovskite Tandem Solar Cells,"This work explores electrochemical impedance spectroscopy to study recombination and ionic processes in all-perovskite tandem solar cells. We exploit selective excitation of each subcell to enhance or suppress the impedance signal from each subcell, allowing study of individual tandem subcells. We use this selective excitation methodology to show that the recombination resistance and ionic time constants of the wide gap subcell are increased with passivation. Furthermore, we investigate subcell-dependent degradation during maximum power point tracking and find an increase in recombination resistance and a decrease in capacitance for both subcells. Complementary optical and external quantum efficiency measurements indicate that the main driver for performance loss is the reduced capacity of the recombination layer to facilitate recombination due to the formation of a charge extraction barrier. This methodology highlights electrochemical impedance spectroscopy as a powerful tool to provide critical feedback to unlock the full potential of perovskite tandem solar cells.",2024-01-11,2024,article,ACS Energy Letters,,Bart Roose; Krishanu Dey; Melissa R. Fitzsimmons; Yu‐Hsien Chiang; Petra J. Cameron; Samuel D. Stranks,76,https://doi.org/10.1021/acsenergylett.3c02018,,True,doi:10.1021/acsenergylett.3c02018,A_curve_likely_original,25,True,True,True,False,False,False,https://doi.org/10.1021/acsenergylett.3c02018
OpenAlex,oa_operational_stability,99,https://openalex.org/W2948981394,10.1002/solr.201900088,Alkali Salts as Interface Modifiers in n‐i‐p Hybrid Perovskite Solar Cells,"After demonstration of a 23% power conversion efficiency, a high operational stability is the next most important scientific and technological challenge in perovskite solar cells (PSCs). A potential failure mechanism is tied to a bias‐induced ion migration, which causes current–voltage hysteresis and a decay in the device performance over time. Herein, alkali salts are shown to mitigate hysteresis and stabilize device performance in n‐i‐p hybrid planar PSCs. Different alkali salts of potassium chloride, iodide, and nitrate as well as sodium chloride and iodide are deposited from aqueous solution onto the n‐type contact, based on SnO2, prior to deposition of the perovskite absorber Cs0.05(FA0.83MA0.17)0.95Pb(I0.83Br0.17)3. Introduction of potassium‐based alkali salts suppresses the current–voltage hysteresis and stabilizes the operational device stability at the maximum power point. This is attributed to the suppression of hole trapping at the n‐type selective transport layer (SnO2)/perovskite interface observed by surface photovoltage spectroscopy, which is interpreted to reduce interfacial recombination and improve charge carrier extraction. The best and most stable performance of 19% is achieved using potassium nitrate as the interface modifier. Devices with higher and more stable performance exhibit substantially lower current transients, analyzed during maximum power point tracking.",2019-06-04,2019,article,Solar RRL,,Janardan Dagar; Katrin Hirselandt; Aboma Merdasa; Aniela Czudek; Rahim Munir; Fengshuo Zu; Norbert Koch; Thomas Dittrich; Eva Unger,56,https://doi.org/10.1002/solr.201900088,,True,doi:10.1002/solr.201900088,A_curve_likely_original,25,True,True,True,False,False,False,https://doi.org/10.1002/solr.201900088
OpenAlex,oa_reversible_degradation,160,https://openalex.org/W4404949925,10.1038/s41598-024-81797-x,Design and simulation of CsPb.625Zn.375IBr2-based perovskite solar cells with different charge transport layers for efficiency enhancement,"Abstract In this work, CsPb.625Zn.375IBr2-based perovskite solar cells (PSCs) are numerically simulated and optimized under ideal lighting conditions using the SCAPS-1D simulator. We investigate how various hole transport layers (HTL) including Zn3P2, PTAA, MoS2, MoO3, MEH-PPV, GaAs, CuAlO2, Cu2Te, ZnTe, MoTe2, CMTS, CNTS, CZTS, CZTSe and electron transport layers (ETL) such as CdS, SnS2, ZnSe, PC60BM interact with the devices’ functionality. Following HTL material optimization, a maximum power conversion efficiency (PCE) of 16.59% was observed for the FTO/SnS2/CsPb.625Zn.375IBr2/MoS2/Au structure, with MoS2 proving to be a more economical option. The remainder of the investigation is done following the HTL optimization. We study how the performance of the PSC is affected by varying the materials of the ETL and to improve the PCE of the device, we finally optimized the thickness, charge carrier densities, and defect densities of the absorber, ETL, and HTL. In the end, the optimized arrangement produced a VOC of 0.583 V, a JSC of 43.95 mA/cm2, an FF of 82.17%, and a PCE of 21.05% for the FTO/ZnSe/CsPb.625Zn.375IBr2/MoS2/Au structure. We also examine the effects of temperature, shunt resistance, series resistance, generation rate, recombination rate, current-voltage (JV) curve, and quantum efficiency (QE) properties to learn more about the performance of the optimized device. At 300 K, the optimized device provides the highest thermal stability. Our research shows the promise of CsPb.625Zn.375IBr2-based PSCs and offers insightful information for further development and improvement.",2024-12-03,2024,article,Scientific Reports,,M. Khalid Hossain; Mohammad Aminul Islam; Md. Shihab Uddin; Prabhu Paramasivam; Junainah Abd Hamid; Razan A. Alshgari; Vandana Mishra; Rajesh Haldhar,39,https://doi.org/10.1038/s41598-024-81797-x,,True,doi:10.1038/s41598-024-81797-x,A_curve_likely_original,25,True,True,True,False,False,False,https://doi.org/10.1038/s41598-024-81797-x
OpenAlex,oa_operational_stability,192,https://openalex.org/W4411609944,10.1002/aenm.202501762,Magnesium Oxide Buffer Layer for Over 32% Efficiency Four‐Terminal Perovskite/Silicon Tandem Solar Cells,"Abstract Perovskite/silicon tandem solar cells have emerged as a promising candidate for next‐generation photovoltaics, offering a pathway to surpass the efficiency limits of single‐junction devices. However, the integration of a buffer layer between the electron transport layer and the transparent electrode is critical for maintaining structural integrity and optimizing charge extraction and stability. Here, the fabrication of a chemically stable and multifunctional buffer layer, magnesium oxide (MgO x ), via thermal evaporation is demonstrated in four‐terminal perovskite/silicon tandem solar cells. The introduction of MgO x enhances electron extraction while effectively mitigating damage caused by the sputtering process used for subsequent layers. As a result, the optimized device achieves a power conversion efficiency exceeding 32%, along with exceptional operational stability, MgO x device retains 80% of its initial efficiency after 400 h of continuous MPPT testing. This work highlights the pivotal role of buffer layer engineering in advancing high‐performance tandem solar cells and provides a scalable route toward efficient and durable perovskite/silicon photovoltaics.",2025-06-24,2025,article,Advanced Energy Materials,,Haicheng Li; Bo Gao; Yang Liu; Shibo Wang; Kun Gao; Wei Shi; Fengxian Cao; Xiang Chen; Wenhao Li; Yao Li; Bowen Yang; Chang Wang; Wenhao Li; Cao Yu; Xiaohong Zhang; Xinbo Yang,8,https://doi.org/10.1002/aenm.202501762,,False,doi:10.1002/aenm.202501762,A_curve_likely_original,25,True,True,True,False,False,False,https://doi.org/10.1002/aenm.202501762
Crossref,cr_pce_time_curve,190,,10.1002/solr.202300045,Lead‐Free Tin‐Based Perovskite Solar Cells with over 1600 Hours Stability in N<sub>2</sub> Achieved by Multifunctional Additive,"Lead‐free tin‐based perovskite solar cells have received great attention due to their promising photovoltaic performance and ecofriendly properties. However, the fast crystallization process and easy oxidation of Sn 2+ limit the device performance. Herein, a multifunctional zinc ethylphenyl dithiocarbamate (Ze) additive is introduced to tune the crystallization process of tin‐based perovskite and suppress the oxidation of Sn 2+ . Meantime, the interaction between Ze and Sn 2+ can effectively passivate defects and reduce nonradiative recombination. As a result, the Ze‐modified solar cells show an efficiency of 4.64% along with excellent long‐term stability.",2023-03-10,2023,journal-article,Solar RRL,Wiley,Xianglin Chen; Ya Li; Jiupeng Cao; Haoyu Chen; Bingxu Liu; Jiankai Xie; Yuting Shu; Fangfang Wang; Aifei Wang; Jingjin Dong; Tianshi Qin,6,https://doi.org/10.1002/solr.202300045,,False,doi:10.1002/solr.202300045,A_curve_likely_original,25,True,True,True,False,False,False,https://doi.org/10.1002/solr.202300045
Crossref,cr_operational_stability,174,,10.1002/solr.202100010,A Coadditive Strategy for Blocking Ionic Mobility in Methylammonium‐Free Perovskite Solar Cells and High‐Stability Achievement,"Herein, the synthesis of methylammonium‐free and bromide‐free Cs x FA 1− x PbI 3 (FA for formamidinium) perovskite (PVK) photovoltaic layers with intrinsic outstanding properties in terms of crystallinity, defect waiving/passivation, and ionic mobility blocking by using a coadditives approach is described. It consists in mixing two chloride additives in the PVK precursor solution: potassium chloride (KCl) and ammonium chloride (NH 4 Cl). KCl favors the lead iodide (PbI 2 ) precursor solubilization and results in a purer PVK phase. NH 4 Cl allows the control of the crystallization growth speed, leading to the formation of large crystal grains and well‐crystallized layers. By the glow‐discharge optical emission spectroscopy (GD‐OES) technique, it is directly visualized that potassium incorporated in the whole film blocks the iodide mobility by defect passivation. Also, the reduction (or suppression) of iodide mobility and the reduction (or suppression) of the J–V curve hysteresis is clearly correlated. It is found that blocking the ionic mobility is insufficient to fully stabilize the halide perovskite material which also requires the crystallization monitoring carried out in parallel by the second additive. It resulted in Cs 0.1 FA 0.9 PbI 3 cells with a stabilized power conversion efficiency (PCE) of 20.02% and with superior stability.",2021-03-26,2021,journal-article,Solar RRL,Wiley,Daming Zheng; Tao Zhu; Thierry Pauporté,30,https://doi.org/10.1002/solr.202100010,,False,doi:10.1002/solr.202100010,A_curve_likely_original,24,True,True,True,False,False,False,https://doi.org/10.1002/solr.202100010
OpenAlex,oa_operational_stability,57,https://openalex.org/W4225807675,10.1002/ente.202200234,High‐Throughput Aging System for Parallel Maximum Power Point Tracking of Perovskite Solar Cells,"In this research instrument article, the capabilities and details of a high‐throughput aging system for parallel maximum power point tracking (MPPT) of perovskite solar cells (PSCs), capable of assessing the operational stability of a large number of devices, are presented. The intention is to provide insights into the machine and the development process to engineers who want to create a similar system and eventually make MPPT stability testing of PSCs a standard procedure.",2022-04-04,2022,article,Energy Technology,,Hans Köbler; Sebastian Neubert; Marko Jankovec; Boštjan Glažar; Martin Haase; Clemens Hilbert; Marko Topič; B. Rech; Antonio Abate,29,https://doi.org/10.1002/ente.202200234,https://onlinelibrary.wiley.com/doi/pdfdirect/10.1002/ente.202200234,True,doi:10.1002/ente.202200234,A_curve_likely_original,24,True,True,True,False,False,False,https://doi.org/10.1002/ente.202200234
OpenAlex,oa_light_soaking_recovery,192,https://openalex.org/W4390497275,10.1039/d3se01268a,Measuring metal halide perovskite single cell degradation consistent with module-based conditions,"Although a harsher condition, degradation of perovskite solar cells in an open-circuit condition is related to the performance in a quasi-maximum power point condition. Further, shadow masks should be used during illuminated stability studies.",2024-01-01,2024,article,Sustainable Energy & Fuels,,Robert Tirawat; Amy E. Louks; Mengjin Yang; Severin N. Habisreutinger; Jao van de Lagemaat; Soňa Uličná; Ross A. Kerner; Kai Zhu; Laura T. Schelhas; Axel F. Palmstrom; Joseph J. Berry,20,https://doi.org/10.1039/d3se01268a,https://pubs.rsc.org/en/content/articlepdf/2024/se/d3se01268a,True,doi:10.1039/d3se01268a,A_curve_likely_original,24,True,True,True,False,False,False,https://doi.org/10.1039/d3se01268a
Crossref,cr_curve_clustering;cr_pce_time_curve;cr_reversible_degradation,89,,10.1002/solr.201800022,Laser Desorption/Ionization Mass Spectrometry of Perovskite Solar Cells: Identification of Interface Interactions and Degradation Reactions,"It is demonstrated that laser desorption/ionization mass spectrometry (LDI‐MS) is a promising technique for the study of molecular interactions as well as the direct identification of degradation products from perovskite solar cells (PSCs) without the necessity to dissolve the device, remove the metal cathode, or add an external matrix. The chemical stability of the individual layers and starting materials are assessed and compared to full device structures. Mechanisms for degradation products, interfacial interactions, and intra‐device reactions are proposed. Reactive oxygen species quickly degrade the perovskite layer to form lead oxyiodide and iodine. The iodine released from this process or other perovskite degradation products like HI and CH 3 NH 3 I undergo further reactions with the other layers within 1 day and are detected as and . Alternatively, the interfacial interaction between the perovskite and spiro‐OMeTAD layer to form a charge‐transfer complex appears to increase over time, which may enhance device efficiency.",2018-05-07,2018,journal-article,Solar RRL,Wiley,Nishat Sultana; Nicholas J. Demarais; Denys Shevchenko; Peter J. Derrick,12,https://doi.org/10.1002/solr.201800022,,False,doi:10.1002/solr.201800022,A_curve_likely_original,24,True,True,True,False,False,False,https://doi.org/10.1002/solr.201800022
OpenAlex,oa_light_soaking_recovery,167,https://openalex.org/W4413475468,10.1021/acsenergylett.5c02199,Iodine’s Wild Ride Leading to Photoinstability in Halide Perovskite Solar Cells,"High Resolution Image Download MS PowerPoint Slide Understanding processes that contribute to efficiency losses during long-term operation of perovskite solar cells is crucial for achieving operational stability. Although maximum power point tracking optimizes outdoor performance, it is not uncommon that devices are kept under open-circuit conditions during sunny hours. Under these conditions, charge carriers accumulate at the interfaces rather than flowing through the circuit. In the case of the MAPbI 3 /spiro-OMeTAD interface studied here, hole accumulation leads to formation of I 2 and subsequent oxidation of spiro-OMeTAD. By employing in situ absorption measurements, we show that the decrease in power conversion efficiency follows the spiro-OMeTAD oxidation while operating the device under open-circuit conditions. In short-circuit conditions, where photogenerated charge carriers are extracted in the external circuit, the I 2 -induced oxidation of spiro-OMeTAD and the device instability are minimized. The photoinduced expulsion of iodine from MAPbI 3 into spiro-OMeTAD discussed in this study provides new insight into the photoinstability of perovskite solar cells.",2025-08-24,2025,article,ACS Energy Letters,,Gábor Szabó; Masaru Kuno; Prashant V. Kamat,11,https://doi.org/10.1021/acsenergylett.5c02199,https://pubs.acs.org/doi/pdf/10.1021/acsenergylett.5c02199?ref=article_openPDF,True,doi:10.1021/acsenergylett.5c02199,A_curve_likely_original,24,True,True,True,False,False,False,https://doi.org/10.1021/acsenergylett.5c02199
Crossref,cr_operational_stability,152,,10.1002/solr.201700141,Crystallization Dependent Stability of Perovskite Solar Cells With Different Hole Transporting Layers,"In this work, the crystallization dependent stability of perovskite solar cells with different hole transporting layers (HTLs), i.e., PEDOT: PSS and Cu:NiO x is studied. The evolution of photovoltaic performance over time is demonstrated to be associated with the variety of crystallized quality and conductivity of as‐prepared films. The potential mechanisms behind the device are also provided in view of the microscopic kinetics of crystallization combined with the varied conductivity of HTLs induced by the ambient atmosphere.",2017-09-14,2017,journal-article,Solar RRL,Wiley,Cuiling Zhang; Wenzhe Li; Chong Liu; Jiandong Fan; Yaohua Mai,9,https://doi.org/10.1002/solr.201700141,,False,doi:10.1002/solr.201700141,A_curve_likely_original,24,True,True,True,False,False,False,https://doi.org/10.1002/solr.201700141
Crossref,cr_curve_clustering;cr_pce_time_curve;cr_reversible_degradation,71,,10.1002/solr.202400923,Investigation of Potential‐Induced Degradation in Perovskite Solar Cells under Inert Conditions,"Perovskite solar cells (PSCs) have emerged as a promising photovoltaic technology due to their remarkable efficiency advancements. However, their commercialization is hindered by stability challenges, including sensitivity to environmental conditions and a critical degradation mechanism known as potential‐induced degradation (PID). PID can significantly impair PSC performance within hours under operational conditions. This study investigates PID in 48 triple‐cation p‐i‐n PSCs over 313 h in an inert environment, excluding additional stressors like moisture and oxygen. The PID‐stressed devices degraded to 79% of their initial efficiency, primarily driven by losses in short‐circuit current density. Time‐of‐flight secondary ion mass spectroscopy revealed sodium ion migration from soda‐lime glass substrates into the perovskite layer. Interestingly, photoluminescence and X‐ray diffraction analyses detected no measurable differences between PID‐stressed and reference devices, contradicting prior literature that associates PID with perovskite segregation and decomposition. These findings challenge the conventional understanding of PID, suggesting that environmental factors such as oxygen and moisture might exacerbate degradation effects. This work provides critical insights into the intrinsic mechanisms of PID under controlled conditions and highlights the need for further research into the interplay between PID and environmental stressors to guide the development of more stable PSC technologies.",2025-03-16,2025,journal-article,Solar RRL,Wiley,Robbe Breugelmans; Stijn Lammar; Aranzazu Aguirre; Tom Aernouts; Bart Vermang; Michaël Daenen,2,https://doi.org/10.1002/solr.202400923,,False,doi:10.1002/solr.202400923,A_curve_likely_original,24,True,True,True,False,False,False,https://doi.org/10.1002/solr.202400923
Crossref,cr_operational_stability,125,,10.1002/ange.202509065,Improving Charge Extraction and Operational Stability in Inverted Perovskite Solar Cells with Conjugated Block Copolymers,"Abstract A defect‐passivated, electronically benign interface is essential for high‐performance, stable perovskite solar cells (PSCs). Most conventional surface passivation strategies frequently introduce electrically resistive interlayers that compromise charge transport/extraction between the perovskite and charge‐transport layers. We resolve this challenge through the rational implementation of all‐conjugated block copolymers (CBCPs). The CBCPs demonstrate dual‐functional capabilities of offering charge transport channels while facile integrating multiple defect‐passivating moieties, thereby enabling efficient charge carrier transport and defect passivation. This dual‐functional synergy yielded a power conversion efficiency (PCE) of 26.11% in our best device. The target PSCs maintained >90% of their initial PCEs after maximum power point tracking for >1400 hours at 65 °C. This approach offers a promising strategy for interface engineering that improves both charge extraction and defect reduction using conjugated block copolymers.",2025-08-13,2025,journal-article,Angewandte Chemie,Wiley,Lei Yang; Chenglin Yang; Wenjuan Wei; Jiali Weng; Jikai Lv; Mingyan Zhan; Yanan Wei; Zheng Tang; Xiaopeng Zheng; Hui Huang,1,https://doi.org/10.1002/ange.202509065,,False,doi:10.1002/ange.202509065,A_curve_likely_original,24,True,True,True,False,False,False,https://doi.org/10.1002/ange.202509065
Crossref,cr_curve_clustering;cr_pce_time_curve;cr_reversible_degradation,7,,10.3390/asi9060116,On the Sufficiency of Direct Regression for Perovskite Solar Cell Degradation Forecasting,"Accurate prediction of the long-term MPPT degradation trajectory of perovskite solar cells (PSCs) from short-term measurements can significantly reduce the time required for material characterization. Although conditional diffusion models have recently been introduced for degradation prediction in energy devices, their applicability to PSC-specific maximum power point tracking (MPPT) degradation trajectory forecasting remains uncertain due to the complexity of the underlying dynamics. This study benchmarks three approaches using 2245 devices from a publicly available dataset: NHITS, a hierarchical multilayer perceptron (MLP) with direct multi-horizon regression; Probabilistic NHITS (P-NHITS), which utilizes the same architecture with multi-quantile output; and TimeDiff, a conditional diffusion model with a CSDI backbone, autoregressive initialization, mode conditioning, and classifier-free guidance. The results indicate that PSC degradation under controlled conditions is predominantly single-exponential, with device-specific decay rates identifiable within the first 30 h. Therefore, the forecasting task is most appropriately framed as a regression problem rather than a generative one. NHITS achieves a root mean squared error (RMSE) of 0.738 PCE% compared to TimeDiff’s 0.863 (a 17% increase, p",2026-05-30,2026,journal-article,Applied System Innovation,MDPI AG,Khaled Chahine; Hassan N. Noura,0,https://doi.org/10.3390/asi9060116,,False,doi:10.3390/asi9060116,A_curve_likely_original,24,True,True,True,False,False,False,https://doi.org/10.3390/asi9060116
Crossref,cr_light_soaking_recovery;cr_operational_stability,55,,10.69855/science.v3i1.371,Engineering Structure and Stability of Next-Generation Perovskite Materials for Optimization of Photovoltaic Solar Cell Efficiency,"Perovskite solar cells (PSCs) are a promising next-generation photovoltaic technology due to their high power conversion efficiency (PCE) and facile fabrication. However, structural instability, environmental sensitivity, and operational degradation limit their practical applications. This study investigates the effects of compositional and interfacial engineering on PSC performance and stability. Three perovskite types mixed-cation, interface-modified, and anti-perovskite were fabricated and characterized in terms of crystallinity, morphology, optical absorption, and electrical performance. Mixed-cation perovskites exhibited superior crystallinity, homogeneous morphology, broad optical absorption, the highest PCE (21.0 ± 0.3%), and 86.7% efficiency retention after 500 hours. Interface-modified PSCs enhanced Voc and fill factor, whereas anti-perovskites showed the lowest performance due to poor crystallinity and secondary phase formation. These findings indicate that combining cation/anion compositional engineering with interface modification is an effective strategy for developing high-performance and stable PSCs, offering insights for next-generation photovoltaic device optimization",2026-01-25,2026,journal-article,Science Get Journal,Get Press Indonesia,Anugrah; Rismen Sinambela,0,https://doi.org/10.69855/science.v3i1.371,,False,doi:10.69855/science.v3i1.371,A_curve_likely_original,24,True,True,True,False,False,False,https://doi.org/10.69855/science.v3i1.371
Crossref,cr_operational_stability,199,,10.1103/3m96-tfbt,Perovskite Photovoltaic Module Curvature from Lamination Correlates to Operational Stability,"We report on a rapid, nondestructive scanning laser curvature method for directly characterizing an important and unacknowledged factor that can contribute to the stability of encapsulated single-junction and tandem perovskite solar modules, i.e., the curvature from lamination. The ability to directly identify mechanical stresses and their evolution in fully packaged modules provides critical information regarding possible risks for accelerated degradation and failure. We define a metric for the curvature relating the magnitude and variance in front-glass z -displacement to the “flatness” of the module. We also study the effects of package design and lamination parameters—specifically, encapsulant volume, module layout, front- and back-glass thickness, and ribbon placement with the goal of reducing the curvature and the resulting mechanical stress imposed after lamination. Critically, we show that flatter modules show significantly enhanced durability when compared to curved modules, increasing T 80 by about a factor of 2 from ∼ 900 to 1800 h under ISOS-L2 conditions at 65 ° C . A direct link between mechanical stress imparted from lamination and chemical degradation mechanisms in modules provides an important design guideline to the community toward robust and reliable perovskite module manufacturing.",2026-07-13,2026,journal-article,PRX Energy,American Physical Society (APS),Muneeza Ahmad; Terrence Banks; Sean P. Dunfield; Nicholas Rolston,0,https://doi.org/10.1103/3m96-tfbt,,False,doi:10.1103/3m96-tfbt,A_curve_likely_original,24,True,True,True,False,False,False,https://doi.org/10.1103/3m96-tfbt
Crossref,cr_outdoor_diurnal,142,,10.1021/acsenergylett.6c01363,Material Selection through Accelerated Aging Enables &amp;gt;95% Performance Retention of a Perovskite–Silicon Tandem Solar Cell after 1 Year of Outdoor Monitoring,"Abstract In order to ensure that the degradation modes of perovskite–silicon tandem solar cells exacerbated by accelerated aging tests are relevant to those observed under real-world operating conditions, accelerated testing should be developed in line with outdoor monitoring. Here, a short 3-day accelerated aging test under 1 sun equivalent illumination and at open-circuit conditions is validated by outdoor monitoring data. This accelerated test is used to successfully screen perovskite–silicon tandem cell architectures. In particular, by replacing 2-(9H-carbazol-9-yl)ethyl)phosphonic acid (2PACz) with nickel oxide (NiOx) combined with the dye N719 as the hole transport layer (HTL), significantly improved stability is achieved. Exemplifying this, after 1 year of maximum power point tracking outdoors, a tandem with the NiOx/N719 HTL retains 96.4% of its initial power conversion efficiency.",2026-08-09,2026,journal-article,ACS Energy Letters,American Chemical Society (ACS),Helen Bristow; Nathalie Nguyen; Yannick Roujol; Giuliana Giuliano; Diego Di Girolamo; Giuseppe Bengasi; Amandine Boulanger; Vincent Barth; Matthias Demuylder; Marina Foti; Cosimo Gerardi; Noëlla Lemaitre,0,https://doi.org/10.1021/acsenergylett.6c01363,,False,doi:10.1021/acsenergylett.6c01363,A_curve_likely_original,24,True,True,True,False,False,False,https://doi.org/10.1021/acsenergylett.6c01363
Crossref,cr_pce_time_curve,97,,10.24214/jcbps.c.16.1.12128,Molecular Multitasker: A Single Interface Modifier Boosts Efficiency to 25.2% and Stability to 1000 Hours in Inverted Perovskite Solar Cells,,2025-12-31,2025,journal-article,"Journal of Chemical, Biological and physical sciences",SAE Publications,,0,https://doi.org/10.24214/jcbps.c.16.1.12128,,False,doi:10.24214/jcbps.c.16.1.12128,A_curve_likely_original,24,True,True,True,False,False,False,https://doi.org/10.24214/jcbps.c.16.1.12128
Crossref,cr_burn_in_nonmonotonic,57,,10.1002/solr.202400511,Coupled In Situ Electrical and Optical Characterization to Assess the Accelerated Aging of Perovskite Solar Cells,"While perovskite (PVK)‐based solar cells exhibit excellent efficiencies and require a relatively simple synthesis process, stability issues during operation severely limit their commercial development. Therefore, degradation studies have drawn much attention, but the plethoric literature highlights the complexity of the topic. Thus far, in most studies, pre‐ and postmortem analyses are performed and the system's performances before and after aging are compared, severely limiting the understanding of degradation pathways. By contrast, in situ characterization allows the degradation to be tracked in real time and the pathways to be fully explored. To this end, a coupled current–voltage (IV)–photoluminescence (PL) characterization bench is set up inside a climate chamber, allowing for the periodic acquisition of PL spectra and IV curves during accelerated aging. In this study, the International Summit on Organic Photovoltaic Stability protocol damp–heat test (65 °C, 85% relative humidity) is applied to several PVK solar cells with various transport layer combinations. By following the evolution kinetics of PL spectra and IV curves, insights into the nature of the degradation mechanisms are obtained. Notably, it becomes possible to distinguish performance losses due to degradation of the PVK absorber from those where extracting layers are the cause.",2024-10-19,2024,journal-article,Solar RRL,Wiley,Alexandra Levtchenko; Arthur Julien; Daniel McDermott; Jean‐Baptiste Puel; Jean‐François Guillemoles; Daniel Ory; Daniel Suchet,7,https://doi.org/10.1002/solr.202400511,,False,doi:10.1002/solr.202400511,A_curve_likely_original,23,True,True,True,False,False,False,https://doi.org/10.1002/solr.202400511
Crossref,cr_operational_stability,1,,10.1002/solr.202500162,The Roles of Ion Migration on Perovskite Solar Cell Operational Stability at Various Illumination Intensities,"Monitoring the stability of perovskite solar cells (PSCs) under operational conditions is crucial for their development. This study integrates maximum power point (MPP) tracking with quasi in‐situ electrochemical impedance spectroscopy at successive intervals to elucidate the temporal evolution of degradation mechanisms in PSCs. The gradual losses in photocurrent, photovoltage, and fill factor during MPP tracking were attributed to alterations in recombination processes, kinetic constants, shunt pathways, and series resistances, each manifesting at distinct phases of the PSC stability assessment. Notably, these variations correlated with a progressive increase in ionic density and mobility within the perovskite layer, as evidenced by a shift in the low‐frequency ionic response and a 0.13 eV reduction in ionic activation energy. This apparent enhancement in ionic conductivity was more pronounced under illuminance levels below 1000Lx, predominantly affecting shunt resistance and leading to significant implications for indoor photovoltaic performance. The reported methodology offers a straightforward, non‐destructive, and effective means to augment conventional PSC stability analyses across various lighting conditions.",2025-06,2025,journal-article,Solar RRL,Wiley,Kenedy T. Tanko; Sonia R. Raga; Naji Vahedigharehchopogh; Fanny Baumann; Masoud Karimipour; Ramsés Alejandro Miranda‐Gamboa; Monica Lira‐Cantú,6,https://doi.org/10.1002/solr.202500162,,False,doi:10.1002/solr.202500162,A_curve_likely_original,23,True,True,True,False,False,False,https://doi.org/10.1002/solr.202500162
Crossref,cr_outdoor_diurnal,22,,10.1002/solr.202400093,Six‐Month Outdoor Performance Study of Stable Perovskite Solar Cells Under Real Operating Conditions,"Perovskite solar cells (PSCs) have sparked great excitement in the photovoltaics community due to their remarkable efficiency, flexibility, and ability to be synthesized at low cost. However, their instability poses a major roadblock to their widespread adoption. Recognizing this challenge, this work describes the performance of stable PSCs operating under real‐life conditions in the Paris area. Two state‐of‐the‐art 2D/3D (HOOC(CH 2 ) 4 NH 3 )2PbI 4 /CH 3 NH 3 PbI 3 encapsulated cells are considered—one with maximum power point tracking and hourly current–voltage curve measurements, and another connected to a fixed resistive load. Their performance is compared over six months, and a detailed analysis is conducted on the cells’ hysteresis and electrical response to varying weather conditions. Although the first cell starts to degrade after a few months of operation, the second one remains remarkably stable, highlighting critical issues with outdoor tracking. Given that the stability of this PSC architecture has already been established under controlled standard conditions for over one year, these exciting findings pave the way for the commercialization of perovskite‐based photovoltaic devices.",2024-05-17,2024,journal-article,Solar RRL,Wiley,Joseph Chakar; Frédéric Oswald; Anne Migan Dubois; Emma Stéphan; Stéphanie Narbey; Johan Parra; Jean‐Baptiste Puel; Yvan Bonnassieux,5,https://doi.org/10.1002/solr.202400093,,False,doi:10.1002/solr.202400093,A_curve_likely_original,23,True,True,True,False,False,False,https://doi.org/10.1002/solr.202400093
Crossref,cr_operational_stability,75,,10.1002/solr.202500186,Formamidinium's (FAI) Impact on α‐CsPbI<sub>3</sub> Perovskite Stability in Ambient Air: A Path for Highly Efficient Perovskite–Perovskite Tandem Solar Cells,"Cesium lead triiodide (CsPbI 3 ) perovskites are known for their instability, particularly under ambient conditions, where they often degrade from the preferred black‐phase (α‐phase) to the nonperovskite yellow‐phase (δ‐phase). This phase transition causes a loss of optical performance, which drastically lowers the solar cell's durability and efficiency. To solve this problem, we explored adding formamidinium iodide (FAI) as a CsPbI 3 stabilizer agent. By adding FAI, we facilitate the transition from the less stable δ phase to the more stable and optically active α‐phase. This modification enhances the crystallinity of the material, reduces the density of defects, and improves the mobility of charge carriers, all of which improve device performance. Our results show a noticeable increase in solar cell efficiency after FAI incorporation. Theoretical calculations have shown that with single‐junction devices, the PCE was enhanced from 23.12% to 26.9%. Furthermore, the material becomes more stable over time, especially as compared to its original unstable structure. Finally, we integrated CsPbI 3 into tandem perovskite–perovskite solar cells for the first time, achieving a ground‐breaking efficiency of 32%. These advancements represent a significant leap forward for perovskite‐based solar technologies. The promising outcomes of this research are under active consideration for commercialization, paving the way for the practical use of CsPbI 3 ‐based solar technologies.",2025-06-17,2025,journal-article,Solar RRL,Wiley,Rania Boudaya; Moez Hajji; Houssem Eddin Fehri; Mohamed Ali Aloui; Fayçal Kouki; Philippe Lang,4,https://doi.org/10.1002/solr.202500186,,False,doi:10.1002/solr.202500186,A_curve_likely_original,23,True,True,True,False,False,False,https://doi.org/10.1002/solr.202500186
Crossref,cr_burn_in_nonmonotonic;cr_outdoor_diurnal,52,,10.1002/solr.202500716,Bridging Accelerated Indoor Aging and Outdoor Stability of Perovskite Solar Cells Using a Bayesian Modeling Framework,"The commercial viability of promising perovskite photovoltaic technologies hinges on their ability to achieve multidecade operational lifetimes, driving a global effort to design accelerated aging tests that can reliably predict real‐world stability. However, establishing a link between indoor and outdoor degradation remains challenging, as it typically requires sophisticated characterization techniques that are difficult to implement and interpret. In this work, we demonstrate how coupling physics‐based modeling with a probabilistic Bayesian framework allows us to validate the relationship between indoor and outdoor degradation pathways of perovskite solar cells (PSCs) using readily available current–voltage curve data. Our findings reveal that bulk trap density is a dominant degradation mechanism common to p‐i‐n PSCs tested under various indoor and outdoor conditions, while new degradation modes not yet observed during outdoor exposure emerge under elevated stress levels. Furthermore, they emphasize the need to move beyond efficiency‐based lifetime metrics toward a mechanistic framework that can uncover potential failure points. This flexible approach can guide the design of predictive accelerated testing protocols while offering broad applications for optimizing fabrication processes and assessing performance across the solar industry and beyond.",2025-11-18,2025,journal-article,Solar RRL,Wiley,Joseph Chakar; Ulas Erdil; Antoine Burgaud; Marko Remec; Antonio Abate; Carolin Ulbrich; Rutger Schlatmann; Yvan Bonnassieux; Mark Khenkin; Jean‐Baptiste Puel,3,https://doi.org/10.1002/solr.202500716,,False,doi:10.1002/solr.202500716,A_curve_likely_original,23,True,True,True,False,False,False,https://doi.org/10.1002/solr.202500716
Crossref,cr_curve_clustering;cr_pce_time_curve;cr_reversible_degradation,3,,10.3390/en15155397,Analysis of Perovskite Solar Cell Degradation over Time Using NIR Spectroscopy—A Novel Approach,"In recent years, there has been a dynamic development of photovoltaic materials based on perovskite structures. Solar cells based on perovskite materials are characterised by a relatively high price/performance ratio. Achieving stability at elevated temperatures has remained one of the greatest challenges in the perovskite solar cell research community. However, significant progress in this field has been made by utilising different compositional engineering routes for the fabrication of perovskite semiconductors such as triple cation-based perovskite structures. In this work, a new approach for the rapid analysis of the changes occurring in time in perovskite structures was developed. We implemented a quick and inexpensive method of estimating the ageing of perovskite structures based on an express diagnosis of light reflection in the near-infrared region. The possibility of using optical reflectance in the NIR range (900–1700 nm) to observe the ageing of perovskite structures over time was investigated, and changes in optical reflectance spectra of original perovskite solar cell structures during one month after PSC production were monitored. The ratio of characteristic pikes in the reflection spectra was determined, and statistical analysis by the two-dimensional correlation spectroscopy (2D-COS) method was performed. This method allowed correctly detecting critical points in thermal ageing over time.",2022-07-26,2022,journal-article,Energies,MDPI AG,Marek Gąsiorowski; Shyantan Dasgupta; Leszek Bychto; Taimoor Ahmad; Piotr Szymak; Konrad Wojciechowski; Aleksy Patryn,3,https://doi.org/10.3390/en15155397,,False,doi:10.3390/en15155397,A_curve_likely_original,23,True,True,True,False,False,False,https://doi.org/10.3390/en15155397
Crossref,cr_operational_stability,118,,10.1002/solr.202300960,Charge Carrier Dynamics at Carbon/Perovskite Interface: Implications on Carbon‐Based HTM‐Free Solar Cell Stability,"Carbon‐based hole transport material (HTM)‐free perovskite solar cells (CPSCs) are an innovative device architecture that mitigates inherent challenges associated with record‐breaking perovskite solar cells (PSCs), which rely on metal/HTMs, including instability, manufacturing intricacy, and elevated costs. The photovoltaic efficiency and stability of CPSCs are profoundly influenced by the charge carrier dynamics at the interfaces. Herein, the charge carrier dynamics at the carbon(C)–perovskite interface in CPSCs and its implications on photovoltaic performances and stability, an aspect that has received limited exploration thus far are probed, are investigated using transient surface photovoltage (Tr‐SPV) and transient photoluminescence measurements. The study reveals that the C‐electrode effectively acts as a selective barrier, impeding electrons while facilitating the extraction of holes at the C–perovskite interface. This selective blocking mechanism holds significant implications for improving the performance and stability of CPSCs over HTM‐free PSCs with gold(Au) electrodes. The stability of CPSCs is evaluated by measuring shelf life, maximum power point tracking, Tr‐SPV, and X‐Ray diffraction measurements. By delving into these pivotal aspects, this work aims to contribute to the advancement and understanding of CPSCs for sustainable and efficient energy conversion.",2024-01-02,2024,journal-article,Solar RRL,Wiley,Reshma Dileep K.; Igal Levine; Orestis Karalis; Hannes Hempel; Reshma Dileep Koliyot Easwaramoorthi; Sudhanshu Mallick; Tata Narasinga Rao; Eva Unger; Ganapathy Veerappan,2,https://doi.org/10.1002/solr.202300960,,False,doi:10.1002/solr.202300960,A_curve_likely_original,22,True,True,True,False,False,False,https://doi.org/10.1002/solr.202300960
Crossref,cr_burn_in_nonmonotonic;cr_curve_clustering;cr_operational_stability;cr_outdoor_diurnal;cr_pce_time_curve;cr_reversible_degradation,2,,10.1002/solr.70390,One Year of Outdoor Performance of Perovskite/Perovskite/Silicon Triple‐Junction Solar Cell,"Outdoor performance indicates the end use performance of solar modules and is therefore essential to monitor for emerging technologies, preferably at an early stage to elucidate optimal improvement paths. We study the performance of triple‐junction perovskite–perovskite–silicon sample during 1 year outdoor by monitoring the performance in situ by performing I – V curves. It is shown that the temperature step necessary for encapsulation degraded the performance significantly; however, this power loss could be reclaimed after a few weeks outdoors. The degradation to a performance of 80% of original takes 4 months. Further degradation until 50% of original performance was reached after 6 months. This degradation is for a significant part due to degradation of the top and middle perovskite and transport layers. Although the voltage, current, and resistances degraded significantly, all three subcells remained operational until the end of the measurement period after a full year, although the sample changed from middle cell limited to top cell limited. During that year, the energy yield was 0.75 kWh/Wp, or 10% of available solar energy, which was caused by degradation of the perovskite and transport layers, decrease of shunt resistance and the suboptimal low‐light performance during the entire runtime.",2026-06-09,2026,journal-article,Solar RRL,Wiley,Petra Manshanden; Martijn Ronchetti; Mark Jansen; Alexandra Schmid; Minasadat Heydarian; Juliane Borchert; Martin Spath,1,https://doi.org/10.1002/solr.70390,,False,doi:10.1002/solr.70390,A_curve_likely_original,22,True,True,True,False,False,False,https://doi.org/10.1002/solr.70390
Crossref,cr_curve_clustering;cr_outdoor_diurnal;cr_pce_time_curve;cr_reversible_degradation,7,,10.1002/solr.202500524,Outdoor Performance and Thermally Accelerated Degradation of Inverted Perovskite Solar Cells,"In this article, the long‐term outdoor performance of inverted perovskite solar cells (PSCs) with glass–glass encapsulation is investigated over a 3‐year period. Despite achieving initial power conversion efficiencies of >20%, the devices show significant degradation during summer months, particularly when surface temperatures exceed 50°C, with their internal cell temperatures increasing to ~90°C. Optical and scanning electron microscopy imaging reveal the formation of a high‐resistance phase within the perovskite layer, particularly near the NiO x interface, as the major degradation pathway. Indoor accelerated tests, conducted under heat and light conditions, replicate these effects, indicating the occurrence of thermally induced phase transitions. The measurement methodology also influences the degradation; devices measured with maximum power point tracking show slightly less deterioration than do those assessed via current–voltage curve tracing. Additionally, UV‐cut filters show minimal benefits, likely owing to the inherent UV blocking feature of NiO x . These findings underscore the critical role of thermal management and operational conditions in ensuring the stability of PSCs. Further improving the material design, encapsulation, and measurement protocols is essential for enhancing the outdoor reliability and commercial viability of PSCs.",2025-10-09,2025,journal-article,Solar RRL,Wiley,Ryousuke Ishikawa; Hayato Okawa; Masatoshi Yanagida; Yasuhiro Shirai; Makoto Konagai,1,https://doi.org/10.1002/solr.202500524,,False,doi:10.1002/solr.202500524,A_curve_likely_original,22,True,True,True,False,False,False,https://doi.org/10.1002/solr.202500524
Crossref,cr_curve_clustering;cr_pce_time_curve,177,,10.1038/s41524-025-01875-0,Autoencoder for parameter estimation and current-voltage curve simulation of perovskite solar cells,"Abstract In perovskite solar cells (PSCs), key quantities crucial for understanding physical processes, like electronic/ionic parameters, are difficult or impossible to measure directly. This study uses Autoencoders (AEs) to provide parameter values for different physical quantities of PSCs. The data set used for Machine Learning (ML) is simulated with a 1D drift-diffusion (DD) model, mimicking real-world devices. AEs are trained with the simulated data and, after learning, the encoder part of the AE is used for parameter estimation of measured PSCs. These estimates are retaken for new DD simulations that are compared to the measurements for validation, since the true device parameters are unknown. Furthermore, the decoder can be regarded as a device simulator restricted to the training data regime. The results show that AEs obtain device parameter estimates within seconds for the studied PSC devices. This procedure is applicable to gain a deeper understanding of device behaviour, for example, to study effects of degradation or different manufacturing processes.",2025-12-04,2025,journal-article,npj Computational Materials,Springer Science and Business Media LLC,Oliver Zbinden; Ennio Luigi Comi; Evelyne Knapp; Wolfgang Tress,1,https://doi.org/10.1038/s41524-025-01875-0,,False,doi:10.1038/s41524-025-01875-0,A_curve_likely_original,22,True,True,True,False,False,False,https://doi.org/10.1038/s41524-025-01875-0
Crossref,cr_outdoor_diurnal,197,,10.1002/aesr.202500162,Perovskite‐CIGSe Tandem Solar Cell: Over One Year of Outdoor Monitoring,"Tandem solar cells can surpass the limitations of single‐junction devices, promising increased performance due to lower thermalization losses. Even though many research and industrial upscaling efforts are based on perovskite‐Si tandems, all‐thin‐film photovoltaic (PV) devices, for instance with chalcopyrite (CIGSe) and perovskite, can offer many advantages such as significant cost and material savings and access to niche markets like building integrated‐ and flexible PV. However, long‐term stability and outdoor performance of perovskite‐based tandem devices is to this day challenging. This work presents the first data analysis of year‐round outdoor measurements (mpp‐tracked) of a perovskite‐chalcopyrite tandem device with a starting efficiency of about 23.14% before encapsulation. The maximum outdoor performance of the tandem device changed during the period of observation, reaching the peak performance in April and then decreased due to the device degradation. At its maximum outdoor performance, the tandem could reach up to 68% higher instantaneous power output, relative to its single‐junction reference (CIGSe‐SJ). In addition, a quantitative time series performance analysis, exemplary qualitative imaging characterization of the tandem before and after outdoor exposure, is shown. Finally, the possibility of predicting the immediate performance of an all‐thin‐film tandem is verified by using a multiple linear regression model with accuracies generally exceeding 90%.",2025-08-27,2025,journal-article,Advanced Energy and Sustainability Research,Wiley,Guillermo Farias‐Basulto; Ivona Kafedjiska; Tobias Bertram; Maximilian Riedel; Quiterie Emery; Marko Remec; Paolo Graniero; Mark Khenkin; Christian A. Kaufmann; Iver Lauermann; Reiner Klenk; Rutger Schlatmann; Carolin Ulbrich,1,https://doi.org/10.1002/aesr.202500162,,False,doi:10.1002/aesr.202500162,A_curve_likely_original,22,True,True,True,False,False,False,https://doi.org/10.1002/aesr.202500162
Crossref,cr_operational_stability,32,,10.1063/5.0023622,The effect of current density–voltage measurement conditions on the operational stability of hybrid perovskite solar cells,"Organic–inorganic lead halide perovskites have attracted great attention for use in solar cells, because of their efficient solar power conversion, along with compatibility with simple solution processing. To evaluate the operational stability of perovskite solar cells (PSCs), measurements on their current density–voltage (J−V) curves are periodically repeated in most literature studies. However, how the periodic J–V measurements affect the operational stability of PSCs has not been well understood to date. In this study, we found that repeating the J−V measurements, especially applying a voltage higher than the open-circuit voltage of PSCs, under continuous illumination, causes serious ion migration, which lowers the operational stability of PSCs. On the other hand, we observed no decrease in operational stability when the applied voltage is close to or lower than the open-circuit voltage of PSCs during the periodic J−V measurements because of the suppressed ion migration. These findings are important in evaluating the intrinsic operational stability of PSCs.",2020-09-10,2020,journal-article,Applied Physics Letters,AIP Publishing,Ganbaatar Tumen-Ulzii; Toshinori Matsushima; Dino Klotz; Chihaya Adachi,1,https://doi.org/10.1063/5.0023622,,False,doi:10.1063/5.0023622,A_curve_likely_original,22,True,True,True,False,False,False,https://doi.org/10.1063/5.0023622
Crossref,cr_curve_clustering;cr_pce_time_curve;cr_reversible_degradation,2,,10.1002/solr.70465,Front Cover: Quantifying Perovskite Solar Cell Degradation via Machine Learning From Spatially Resolved Multimodal Luminescence Time Series (Sol. RRL 15/2026),,2026-08-13,2026,journal-article,Solar RRL,Wiley,Giulio Barletta; Simon Ternes; Saif Ali; Zohair Abbas; Chiara Ostendi; Marialucia D’Addio; Erica Magliano; Pietro Asinari; Eliodoro Chiavazzo; Aldo Di Carlo,0,https://doi.org/10.1002/solr.70465,,False,doi:10.1002/solr.70465,A_curve_likely_original,22,True,True,True,False,False,False,https://doi.org/10.1002/solr.70465
Crossref,cr_operational_stability,157,,10.1002/solr.70343,Parylene Capping for Prolonged Stability of Perovskite Solar Cells,"The effect of Parylene capping on perovskite solar cells has been tested by its deposition on top of FACs perovskite devices, already capped with 30‐nm‐thick Al 2 O 3 , in three different thicknesses: 2, 5, and 15 μm. The cells were tested against ingress of water, in damp‐heat chamber and long‐term maximum power point operation. Devices immersed in water and tested in the damp‐heat chamber were regularly measured under a sun simulator to monitor their performance, in addition to visual comparison. In all tests, Parylene‐capped cells outperformed the reference without Parylene, clearly demonstrating the beneficial effect of Parylene. In the long‐term stability test in air without additional encapsulant, the perovskite solar cell's t 80 lifetime (time till 80% of initial performance) was tripled in the case of 5‐μm‐thick Parylene.",2026-04-20,2026,journal-article,Solar RRL,Wiley,Ajdič Žan; Jannik H. Schwarberg; Jochen Wilhelm; Victoria Zimmermann; Marko Topič; Marko Jošt,0,https://doi.org/10.1002/solr.70343,,False,doi:10.1002/solr.70343,A_curve_likely_original,22,True,True,True,False,False,False,https://doi.org/10.1002/solr.70343
