curve_id,raw_cluster_id,som_node_x,som_node_y,bmu_distance,max_pce_0_200h,pce_norm_t0,pce_norm_t10,pce_norm_t50,pce_norm_t100,pce_norm_t150,pce_norm_t200,peak_time_h,qc_status
x_time_day/10.1002_adfm.201705545/Fig11_B_stability_performance_curve/10.1002_adfm.201705545__Fig11__B__stability_performance_curve__PSC-0.1__Series_1.csv,0,0,0,1.5872940668647013,0.9905418103999388,0.9061592977075275,0.9086490702500347,0.9241160018636855,0.9770123569055704,0.9910304455008027,0.9658178546690271,126.66666666666667,included
x_time_day/10.1002_adfm.201705545/Fig11_B_stability_performance_curve/10.1002_adfm.201705545__Fig11__B__stability_performance_curve__PSC-0.25__Series_3.csv,0,0,0,3.4465455705031904,1.0004934927552012,0.8165029551257132,0.8139329996789982,0.8215311017561296,0.9293116974155924,0.9925838210326666,0.9999999999999601,189.0,included
x_time_day/10.1002_adfm.201705545/Fig11_B_stability_performance_curve/10.1002_adfm.201705545__Fig11__B__stability_performance_curve__PSC-0.5__Series_4.csv,0,0,0,1.7188004493470386,1.0006898017547046,0.921635056962256,0.9353318841124177,0.9864272146889645,0.9983082224437531,0.9997858571583353,0.992098821007752,117.83333333333333,included
x_time_day/10.1002_adfm.201705545/Fig11_B_stability_performance_curve/10.1002_adfm.201705545__Fig11__B__stability_performance_curve__PSC-0__Series_2.csv,0,0,0,0.841174020077576,0.9929423501461554,0.9460931965795821,0.9542203760638013,0.9993713566816621,0.9710690230602528,0.9184200158810499,0.8907327998571941,53.666666666666664,included
x_time_day/10.1002_adfm.201801654/Fig4_F_stability_performance_curve_pce/10.1002_adfm.201801654__Fig4__F__stability_performance_curve_pce__Control_MAPbl__Series_1.csv,2,1,0,1.606245848017201,1.0035646390205453,0.9992891912329906,0.9923268170778285,0.9564187204543684,0.9085505492336897,0.852348963536175,0.7997848350263963,0.0,included
x_time_day/10.1002_adfm.201804128/Fig8_C_stability_performance_curve_decay/10.1002_adfm.201804128__Fig8__C__stability_performance_curve_decay__FF__Series_3.csv,0,0,0,1.685439471846062,1.000499557576434,0.9954432914051266,0.9889148515355934,0.9879532632641427,0.9984097631785804,0.9967406651214681,0.9951350045433481,58.0,included
x_time_day/10.1002_adfm.201804128/Fig8_C_stability_performance_curve_decay/10.1002_adfm.201804128__Fig8__C__stability_performance_curve_decay__J_sc__Series_4.csv,0,0,0,0.8781549019703253,1.003760520680359,0.9999197362121376,0.9986333742672815,0.9887614028267832,0.9742740595266768,0.961411089290035,0.9512767854114847,0.0,included
x_time_day/10.1002_adfm.201804128/Fig8_C_stability_performance_curve_decay/10.1002_adfm.201804128__Fig8__C__stability_performance_curve_decay__PCE__Series_2.csv,2,1,0,1.6416819960832474,0.9988690760244715,0.9993697153674779,0.9929849856041987,0.9539435675999581,0.9045818023853669,0.8552996184600272,0.815667137672832,0.0,included
x_time_day/10.1002_adfm.201804128/Fig8_C_stability_performance_curve_decay/10.1002_adfm.201804128__Fig8__C__stability_performance_curve_decay__V_oc__Series_1.csv,0,0,0,1.408988787281697,1.0021300391283965,0.9989548730822521,0.991211840987659,0.9613086188134068,0.9226027176045011,0.8824641166793449,0.8503865173031424,0.0,included
x_time_day/10.1002_adfm.201807556/Fig6_A_stability_performance_curve_ff/10.1002_adfm.201807556__Fig6__A__stability_performance_curve_ff__PEDOT_PSS-controlled__Series_2.csv,0,0,0,1.2083399632349703,13.656828618271103,0.9992134442800888,0.9919442519649928,0.9461965558568964,0.9082947129589214,0.8966373734567076,0.887139119163644,0.0,included
x_time_day/10.1002_adfm.201807556/Fig6_A_stability_performance_curve_ff/10.1002_adfm.201807556__Fig6__A__stability_performance_curve_ff__PTAA-controlled__Series_1.csv,0,0,0,0.9795433959418101,14.786920046362956,0.9997053960904043,0.9973412493409964,0.9866734308862569,0.9768900309460335,0.9670891753742691,0.9617916806762539,0.0,included
x_time_day/10.1002_adfm.201807556/Fig6_A_stability_performance_curve_ff/10.1002_adfm.201807556__Fig6__A__stability_performance_curve_ff__TFB-controlled__Series_3.csv,0,0,0,0.9503541902003078,20.293159053531998,0.9996275470691495,0.9999035629042783,0.9923778696513506,0.9778803388215478,0.9628589309777748,0.9514103973802439,7.5,included
x_time_day/10.1002_adfm.201807604/Fig5_A_stability/10.1002_adfm.201807604__Fig5__A__stability__AD-SnO₂__Series_1.csv,0,0,0,1.3352384981298469,1.0015454534902426,0.9994791731604384,0.9945302980614276,0.9637950734203354,0.9258212947921368,0.8903512425899592,0.8472781986333379,0.0,included
x_time_day/10.1002_adfm.201807604/Fig5_A_stability/10.1002_adfm.201807604__Fig5__A__stability__TA-SnO2__Series_2.csv,0,0,0,1.0353394232861628,1.0038295639006198,0.9998943396956559,0.9982544948276824,0.9854794643007793,0.9763778777665008,0.9713930065504799,0.9636055472225661,0.0,included
x_time_day/10.1002_adfm.201900221/Fig5_D_stability_performance_curve_pce/10.1002_adfm.201900221__Fig5__D__stability_performance_curve_pce__F-PEAI__Series_2.csv,0,0,0,1.3845333099738468,1.0052715843146118,0.9999999999999601,0.9999999999999601,0.9999641562274736,0.9849537429194041,0.9793671812865322,0.9798193191270893,46.833333333333336,included
x_time_day/10.1002_adfm.201900221/Fig5_D_stability_performance_curve_pce/10.1002_adfm.201900221__Fig5__D__stability_performance_curve_pce__PEAI__Series_1.csv,0,0,0,0.7012282665329368,1.0032418745498535,0.9997923536724632,0.9977402946535789,0.9811886268786768,0.947189067509663,0.9129021690804909,0.8968901125900841,0.0,included
x_time_day/10.1002_adfm.202000778/Fig6_D_stability_performance_curve_pce/10.1002_adfm.202000778__Fig6__D__stability_performance_curve_pce__MAPbI₃__Series_2.csv,1,0,1,3.880399221653299,1.0044468535310687,0.9980531056169596,0.9998623668315155,0.9723552900181398,0.816424400759013,0.6002625165040972,0.33217741500828823,20.833333333333332,included
x_time_day/10.1002_adfm.202001418/Fig6_A_stability_performance_curve_pce/10.1002_adfm.202001418__Fig6__A__stability_performance_curve_pce__T—ITO_PCgBM__Series_1.csv,0,0,0,0.4763566214242174,1.001511536120638,0.9997704132159597,0.9976779934278414,0.9814902491003016,0.9584604213825718,0.9357456132847367,0.9196821452273064,0.0,included
x_time_day/10.1002_adfm.202001557/Fig4_B_pce/10.1002_adfm.202001557__Fig4__B__pce__perovskite__Series_1.csv,0,0,0,2.0568539760249536,107.06910044657677,0.9399167307588715,0.9503049112207802,0.9993606223058689,0.9449494708832423,0.8313334030839499,0.8285810164381389,49.0,included
x_time_day/10.1002_adfm.202008052/Fig7_G_decay/10.1002_adfm.202008052__Fig7__G__decay__W_MoOx__Series_2.csv,0,0,0,1.2509535004850532,1.007825524227444,0.9997002510763512,0.9976526857420224,0.9921251192226632,0.9841032727021267,0.9776858654426983,0.9722113067032773,0.0,included
x_time_day/10.1002_adfm.202008052/Fig7_G_decay/10.1002_adfm.202008052__Fig7__G__decay__W_o_MoOx__Series_1.csv,0,0,0,0.6953573037299952,0.9994251330081955,0.9996422064358678,0.9967709733528357,0.9850753998540445,0.9705078784269544,0.9543663413279478,0.9383491842144804,0.0,included
x_time_day/10.1002_adfm.202101568/Fig6_F_stability_performance_curve_pce/10.1002_adfm.202101568__Fig6__F__stability_performance_curve_pce__Without_HOCP__Series_2.csv,0,0,0,0.507019184263505,17.13756203656498,1.0000045688589554,0.9985376686097205,0.9738422544587334,0.9573509402879622,0.9536784229848446,0.934546637062346,0.0,included
x_time_day/10.1002_adfm.202106560/Fig4_A_stability_performance_curve_pce/10.1002_adfm.202106560__Fig4__A__stability_performance_curve_pce__FASnl-based_perovskite_with_HTL__Series_1.csv,0,0,0,0.8548650298979626,1.0290488616126423,0.9846385229770722,0.9882200537560513,0.9991442435045649,0.9769651023293294,0.9540570981222631,0.9373064009949891,55.5,included
x_time_day/10.1002_adfm.202204450/Fig1_F_stability/10.1002_adfm.202204450__Fig1__F__stability__Control__Series_1.csv,0,0,0,1.551993621495915,0.9999927697563171,0.9994032626250614,0.9946145457093767,0.9696706184028769,0.9292231261599441,0.8722163950304656,0.8417526503321142,0.0,included
x_time_day/10.1002_adma.201606806/Fig5_A_stability_performance_curve_pce/10.1002_adma.201606806__Fig5__A__stability_performance_curve_pce__Control__Series_1.csv,0,0,0,0.9949228508186331,0.9993588442620445,0.9993584636102337,0.9938473382216254,0.9627410013457064,0.92573324569133,0.8999052654403544,0.876837656208756,0.0,included
x_time_day/10.1002_adma.201606806/Fig5_A_stability_performance_curve_pce/10.1002_adma.201606806__Fig5__A__stability_performance_curve_pce__PCBM__Series_2.csv,0,0,0,0.48867675729593113,1.0042162176987541,0.9998647347028937,0.9978387080354257,0.9736585374690214,0.9503729179295133,0.9219919278830435,0.9064651985415073,0.0,included
x_time_day/10.1002_adma.201700607/Fig2_F_stability_performance_curve_pce/10.1002_adma.201700607__Fig2__F__stability_performance_curve_pce__ICBA-mixture__Series_1.csv,0,0,0,1.0834188205028756,14.344180601969105,0.9908213142066443,0.995778584484185,0.9987276716812391,0.9800359834318007,0.9647470142074492,0.9615361329229828,42.333333333333336,included
x_time_day/10.1002_adma.201706975/Fig4_A_stability_performance_curve/10.1002_adma.201706975__Fig4__A__stability_performance_curve__TiO2__Series_2.csv,2,1,0,1.4497966371236655,11.921132097689918,0.9991918256108505,0.9949817686483381,0.9709551552876798,0.9052967665693267,0.8211425681075594,0.7430745669012496,0.0,included
x_time_day/10.1002_adma.201900605/Fig5_F_stability_performance_curve_pce/10.1002_adma.201900605__Fig5__F__stability_performance_curve_pce__CsPbl__Series_2.csv,2,1,0,1.5047844505208345,1.0041416395237504,0.9994789975640259,0.9947881503141708,0.9637411019350004,0.9056569388149359,0.8013241114615139,0.7005805394226411,0.0,included
x_time_day/10.1002_adma.201902902/Fig6_D_stability_performance_curve_pce/10.1002_adma.201902902__Fig6__D__stability_performance_curve_pce__1TSnO₂__Series_1.csv,0,0,0,1.7420661863071656,0.996758014034471,0.9991200630015538,0.9998555613248341,0.9989916269207978,0.998000108687283,0.9971237445198228,0.9950307903752725,15.333333333333334,included
x_time_day/10.1002_adma.201907864/Fig1_F_stability_performance_curve_pce/10.1002_adma.201907864__Fig1__F__stability_performance_curve_pce__1%_H₂O__Series_3.csv,0,0,0,1.225763257285643,1.0005188959643325,0.9998532541521605,0.9986756434422848,0.9933782172115835,0.9867564344232069,0.9784308600284527,0.9636052784644857,0.0,included
x_time_day/10.1002_adma.201907864/Fig1_F_stability_performance_curve_pce/10.1002_adma.201907864__Fig1__F__stability_performance_curve_pce__Reference__Series_2.csv,0,0,0,1.0201843130672166,1.0050737635685887,0.9996319134092143,0.996927249952104,0.9911403077153977,0.9804307161070541,0.9672471687001077,0.9569640017226898,0.0,included
x_time_day/10.1002_admi.201900939/Fig11_D_pce/10.1002_admi.201900939__Fig11__D__pce__Standard__Series_2.csv,0,0,0,0.815428124046748,0.9987181876360735,0.9995156115348801,0.9953398987522978,0.9525666944212081,0.9322412354256228,0.90833166268204,0.8839914929453653,0.0,included
x_time_day/10.1002_admi.202101463/Fig7_B_stability_performance_curve_pce/10.1002_admi.202101463__Fig7__B__stability_performance_curve_pce__Pristine__Series_1.csv,0,0,0,0.6080901933639832,1.0024705108445546,0.9994947596120707,0.9946895428956863,0.967912378840183,0.9488357574117264,0.9348676314733476,0.8727897956711861,0.0,included
x_time_day/10.1002_advs.201801715/Fig5_A_sem_image_stability_performance_curve_pce/10.1002_advs.201801715__Fig5__A__sem_image_stability_performance_curve_pce__Control__Series_1.csv,2,1,0,2.2283916525114518,1.0007567476236672,1.0000330616632642,0.9939270382534349,0.9592477350109329,0.8706080665645192,0.7434207054443733,0.5920481889437492,0.0,included
x_time_day/10.1002_advs.202101418/Fig5_A_stability_performance_curve_pce/10.1002_advs.202101418__Fig5__A__stability_performance_curve_pce__W_o_Ti₃C2C1x__Series_1.csv,0,0,0,0.793700595735872,0.9995074662377987,0.9977001463230522,0.9808825106291508,0.9433472134595635,0.9279403387463212,0.9101224766392957,0.89570436947257,0.0,included
x_time_day/10.1002_aenm.201501354/Fig9_C_stability_performance_curve/10.1002_aenm.201501354__Fig9__C__stability_performance_curve__Device_based_on_C-PbI₂__Series_1.csv,0,0,0,0.6777778039693544,0.992028174722042,0.9995413659709851,0.9958609051434151,0.9773956997073941,0.9472213116200268,0.9157979902826834,0.886824326286867,0.0,included
x_time_day/10.1002_aenm.201502206/Fig7_A_pce/10.1002_aenm.201502206__Fig7__A__pce__S1__Series_1.csv,0,0,0,1.0169107820628347,16.412487364496435,0.9929509062634472,0.9878940769171727,0.9368783351025197,0.9283873939934608,0.9402633714379663,0.925095145609969,5.0,included
x_time_day/10.1002_aenm.201502206/Fig7_A_pce/10.1002_aenm.201502206__Fig7__A__pce__S3__Series_2.csv,0,0,0,1.3388964697664085,15.632553086470814,0.9973592277426645,0.9767091011509025,0.9515043417864132,0.9053891360751866,0.9230319871499684,0.8972554112899015,0.0,included
x_time_day/10.1002_aenm.201602556/Fig7_A_stability_performance_curve/10.1002_aenm.201602556__Fig7__A__stability_performance_curve__doped_Spiro-OMeTAD__Series_1.csv,0,0,0,0.5839133639168601,17.796818719076256,0.9992856818021665,0.992560299060335,0.9581824716933132,0.9672680314100337,0.9585764902185312,0.9419569588380284,0.0,included
x_time_day/10.1002_aenm.201700683/Fig5_A_stability_performance_curve_pce/10.1002_aenm.201700683__Fig5__A__stability_performance_curve_pce__Spiro-OMeTAD__Series_1.csv,0,0,0,0.4595538210323571,1.0294159515486225,0.9973672720480075,0.981517922672581,0.9822375384173441,0.9502785425174138,0.9277181250742434,0.8997856670161095,0.0,included
x_time_day/10.1002_aenm.201702960/Fig5_F_stability_performance_curve/10.1002_aenm.201702960__Fig5__F__stability_performance_curve__Pristine__Series_1.csv,0,0,0,0.679897578609167,1.0196942480117726,0.9948854986543403,0.9984105257039307,0.991712705487408,0.9700429776646392,0.9405910932632751,0.9267319457983132,20.833333333333332,included
x_time_day/10.1002_aenm.201703392/Fig6_C_stability_performance_curve/10.1002_aenm.201703392__Fig6__C__stability_performance_curve__Reference__Series_1.csv,2,1,0,1.7030677387487303,1.0318698421537067,0.9993883703734575,0.993821030198249,0.9560913502022276,0.9046966589166658,0.8507586160752971,0.8283348428955579,0.0,included
x_time_day/10.1002_aenm.201800715/Fig6_D_stability_performance_curve_pce/10.1002_aenm.201800715__Fig6__D__stability_performance_curve_pce__W_OAQ310__Series_1.csv,0,0,0,1.3476632762277845,1.0082726964782032,0.9998561818742567,0.9996648491267193,0.9756367634215319,0.9320628401681369,0.8884889169147417,0.8420304830613892,5.333333333333333,included
x_time_day/10.1002_aenm.201803766/Fig4_F_stability_performance_curve_pce/10.1002_aenm.201803766__Fig4__F__stability_performance_curve_pce__Control__Series_1.csv,0,0,0,1.1712396083114558,0.9964861350666582,0.9998888432022087,0.999823977911976,0.9938479433643369,0.9858425700004688,0.9744703516506311,0.9591275629672055,5.5,included
x_time_day/10.1002_aenm.201803766/Fig4_F_stability_performance_curve_pce/10.1002_aenm.201803766__Fig4__F__stability_performance_curve_pce__SP1__Series_2.csv,0,0,0,1.3456069299368638,0.9963177984459446,0.9987528021469613,0.9999776264001935,0.9953527162768012,0.9907479481645418,0.982532793862386,0.9686714172808992,9.333333333333334,included
x_time_day/10.1002_aenm.201803766/Fig4_F_stability_performance_curve_pce/10.1002_aenm.201803766__Fig4__F__stability_performance_curve_pce__SP3__Series_3.csv,0,0,0,1.564436024675397,0.9964860961095067,0.9984935744622488,0.9997831002143548,0.9983125604187263,0.9922926421064459,0.9911239942349365,0.984156182940217,15.5,included
x_time_day/10.1002_aenm.201903013/Fig5_E_stability_performance_curve_pce/10.1002_aenm.201903013__Fig5__E__stability_performance_curve_pce__Reference__Series_1.csv,0,0,0,1.2224383507727243,0.9996265348837228,0.9989065246964537,0.9923206206169309,0.9685079786673243,0.9287440682049907,0.8906775484197655,0.8594982218543289,0.0,included
x_time_day/10.1002_aenm.202101416/Fig4_F_stability_performance_curve/10.1002_aenm.202101416__Fig4__F__stability_performance_curve__SnO₂__Series_1.csv,0,0,0,1.6892035131469771,0.9388144631827761,0.9979148493400948,0.9819256560191307,0.9566627747194131,0.9225368890722837,0.8684626271828106,0.8280698299976789,0.0,included
x_time_day/10.1002_anie.202105512/Fig4_D_stability_performance_curve_pce_photovoltaic_parameter/10.1002_anie.202105512__Fig4__D__stability_performance_curve_pce_photovoltaic_parameter__Control_Device__Series_2.csv,0,0,0,0.7352645481046433,1.0008012337175969,1.0000046309294497,0.9996417712121035,0.9860786232861342,0.9698693397677361,0.9537527681723678,0.9450896839236628,0.0,included
x_time_day/10.1002_chem.201703382/Fig5_A_stability_performance_curve_pce/10.1002_chem.201703382__Fig5__A__stability_performance_curve_pce__PCBM+PMMA1__Series_4.csv,0,0,0,1.438134043448467,0.9970073277632169,0.9995658736584125,0.9948848111912355,0.9506677676627132,0.9063320974059867,0.8867425118773569,0.8619168970209327,0.0,included
x_time_day/10.1002_chem.201703382/Fig5_A_stability_performance_curve_pce/10.1002_chem.201703382__Fig5__A__stability_performance_curve_pce__PCBM+PMMA2__Series_1.csv,2,1,0,1.1002198860986974,1.0033985824247027,0.9995686388726084,0.9949173929338161,0.951113953727716,0.8831768726775119,0.8249127011251584,0.7960910601344056,0.0,included
x_time_day/10.1002_chem.201703382/Fig5_A_stability_performance_curve_pce/10.1002_chem.201703382__Fig5__A__stability_performance_curve_pce__PCBM+PMMA3__Series_3.csv,0,0,0,1.4387504668082278,1.0002029550939597,0.9985365581579126,0.988166072860308,0.9583813103280366,0.9368266964203866,0.8767354351343423,0.8400658369039088,0.0,included
x_time_day/10.1002_chem.201703382/Fig5_A_stability_performance_curve_pce/10.1002_chem.201703382__Fig5__A__stability_performance_curve_pce__PCBM__Series_2.csv,2,1,0,1.2121123661756343,0.9874204457709884,0.9975891229510455,0.97945113676995,0.9213497529230223,0.8788084679715027,0.8666257427682212,0.81535095677075,0.0,included
x_time_day/10.1002_cnma.201800064/Fig6_B_stability_performance_curve/10.1002_cnma.201800064__Fig6__B__stability_performance_curve__(a)MAPbl₃__Series_1.csv,1,0,1,1.1838067934103838,0.9869849678618438,0.9971056001627886,0.9752681090903497,0.8762138318606734,0.7259318745184241,0.5819112961463332,0.4687329572474538,0.0,included
x_time_day/10.1002_cssc.201600887/Fig6_whole_stability/10.1002_cssc.201600887__Fig6__whole__stability__D-0_in_ambient_atm__Series_3.csv,3,1,1,3.9313633848324883,0.9718513151205798,0.9956310372666178,0.9598939470556633,0.7873983252613936,0.5772676769908007,0.4256005117235488,0.32540298804973905,0.0,included
x_time_day/10.1002_cssc.201600887/Fig6_whole_stability/10.1002_cssc.201600887__Fig6__whole__stability__−−D-0_in_glove_box__Series_1.csv,2,1,0,2.6293594598622643,1.0008959916064761,0.998529530850607,0.9849272823455537,0.8963501399980188,0.7781823701133194,0.6969435888444078,0.6519072392909747,0.0,included
x_time_day/10.1002_cssc.201600887/Fig7_D_photovoltaic_parameter/10.1002_cssc.201600887__Fig7__D__photovoltaic_parameter__D-0__Series_2.csv,1,0,1,2.664770411453605,1.0000092906967688,0.9980210945169862,0.9814859149636569,0.8922000956157903,0.7751128110048514,0.6980842499570922,0.647024978533246,0.0,included
x_time_day/10.1002_cssc.201600887/Fig7_D_photovoltaic_parameter/10.1002_cssc.201600887__Fig7__D__photovoltaic_parameter__D-5__Series_3.csv,2,1,0,0.798548073608899,1.0000092906967688,0.9992504870484736,0.9919770796007641,0.94067611845143,0.8787756894043592,0.8204789107254936,0.7728053166363545,0.0,included
x_time_day/10.1002_cssc.201700271/Fig5_C_stability_performance_curve_pce/10.1002_cssc.201700271__Fig5__C__stability_performance_curve_pce__Device_without_PVP__Series_2.csv,2,1,0,1.146630371766925,11.612689009428994,0.999178388523365,0.9916531491671827,0.9482135252921366,0.8975069360429794,0.8339394069132527,0.7732628240208719,0.0,included
x_time_day/10.1002_cssc.201700603/Fig5_B_stability_performance_curve_pce/10.1002_cssc.201700603__Fig5__B__stability_performance_curve_pce__0__Series_4.csv,2,1,0,2.065691072074056,14.604756706936742,0.9996262675788495,0.9982280071517105,0.9758395354023709,0.9367578474853764,0.8475005428724622,0.6845608386557133,4.333333333333333,included
x_time_day/10.1002_cssc.201700603/Fig5_B_stability_performance_curve_pce/10.1002_cssc.201700603__Fig5__B__stability_performance_curve_pce__5__Series_1.csv,0,0,0,1.15324011300083,10.961469591868562,0.9561879075184784,0.9615616277206244,0.9998685057223581,0.9395428798532705,0.90036257063603,0.845871993021027,49.666666666666664,included
x_time_day/10.1002_cssc.201702265/Fig3_A_pce/10.1002_cssc.201702265__Fig3__A__pce__MAPbI₃_+_10%_F1_0.5_mmol__Series_1.csv,0,0,0,1.3932528993942246,1.0001121807680406,0.9998763738441127,0.9988842947677377,0.9940783454388961,0.9881566908778321,0.9832632091985498,0.9787108223701764,0.0,included
x_time_day/10.1002_cssc.201702265/Fig3_A_pce/10.1002_cssc.201702265__Fig3__A__pce__Reference__Series_2.csv,0,0,0,0.42752776570629425,0.9990826800909627,0.9997358652364581,0.9960075624789362,0.9787417417714785,0.9573954124676397,0.9377175011947415,0.9199153859800784,0.0,included
x_time_day/10.1002_cssc.201702265/Fig3_B_pce/10.1002_cssc.201702265__Fig3__B__pce__MAPbl+10%F20.5mmol3__Series_1.csv,2,1,0,0.7739428627370489,0.999645042563824,0.9982702650603631,0.9843894335366065,0.9235116191199054,0.8483013673663682,0.8175093154003855,0.8161801132868128,0.0,included
x_time_day/10.1002_cssc.201702265/Fig3_B_pce/10.1002_cssc.201702265__Fig3__B__pce__MAPbl+10%F3_0.5mmol3__Series_3.csv,0,0,0,0.8990233106955294,1.001016345836044,0.9997532335204273,0.9977729740889422,0.9861256921402048,0.9732695826541629,0.9638547893968714,0.9560796249697713,0.0,included
x_time_day/10.1002_cssc.201702265/Fig3_B_pce/10.1002_cssc.201702265__Fig3__B__pce__Reference__Series_2.csv,1,0,1,1.7687164867448144,0.9982737392916043,0.9970306668013272,0.9732022680538766,0.8687123030789597,0.7402594822948358,0.6640811751433474,0.620602868579182,0.0,included
x_time_day/10.1002_cssc.201702265/Fig3_C_pce/10.1002_cssc.201702265__Fig3__C__pce__MAPbI₃_+_10%_C₆₀__Series_3.csv,0,0,0,0.5405107384897325,1.0002216992211042,0.9998323313011339,0.9975168983159226,0.9824817243848908,0.9642596685320508,0.9463022036817813,0.9289024745770674,0.0,included
x_time_day/10.1002_cssc.201702265/Fig3_C_pce/10.1002_cssc.201702265__Fig3__C__pce__MAPbI₃_+_5%_C₆₀__Series_1.csv,0,0,0,0.43620177358659007,0.998299457395049,0.9996215053865808,0.9962453773165234,0.9786884832838177,0.9543003510388717,0.9315480374720476,0.9133606387055958,0.0,included
x_time_day/10.1002_cssc.201702265/Fig3_C_pce/10.1002_cssc.201702265__Fig3__C__pce__Reference__Series_2.csv,0,0,0,0.4784284600486443,0.9880475009894221,0.9995785410374505,0.9961976267633749,0.9791093527334421,0.9587161696973173,0.9433715872815488,0.9306196290641062,0.0,included
x_time_day/10.1002_cssc.201902165/Fig6_B_stability_performance_curve_pce_mapping/10.1002_cssc.201902165__Fig6__B__stability_performance_curve_pce_mapping__TiO2_NPs__Series_2.csv,2,1,0,1.1869801307743173,0.9999974189626701,0.999020984684808,0.990307274404285,0.9455623691243495,0.8757525185592033,0.7483071488546833,0.7165640236957916,0.0,included
x_time_day/10.1002_cssc.201903025/Fig7_A_stability_performance_curve_pce/10.1002_cssc.201903025__Fig7__A__stability_performance_curve_pce__NiO_NCs__Series_1.csv,0,0,0,0.39468732807832796,1.0024098859315,0.9997936722314462,0.9965142470309394,0.9764925112306715,0.9504619842597252,0.9335924954670752,0.9176187283457349,0.0,included
x_time_day/10.1002_cssc.201903025/Fig7_A_stability_performance_curve_pce/10.1002_cssc.201903025__Fig7__A__stability_performance_curve_pce__NiO_NWs_DEA__Series_3.csv,0,0,0,1.6113725904659502,1.0066469960283024,0.9997945406922618,0.9981485703270435,0.9957908679869311,0.9955511893378377,0.9933271481032836,0.9894663935858787,0.0,included
x_time_day/10.1002_cssc.201903025/Fig7_A_stability_performance_curve_pce/10.1002_cssc.201903025__Fig7__A__stability_performance_curve_pce__NiO_NWs__Series_2.csv,0,0,0,1.120333570930734,1.0045284409799013,0.999893945974607,0.9982364255536454,0.9907092688268133,0.9810189590878575,0.9721278064805194,0.9662450164088235,0.0,included
x_time_day/10.1002_ente.201800378/Fig9_C_jv_curve_stability_performance_pce_jsc/10.1002_ente.201800378__Fig9__C__jv_curve_stability_performance_pce_jsc__W_O_PVB__Series_1.csv,3,1,1,3.4270636435806137,14.218752348700693,0.9991825583190449,0.9916571345278989,0.7029917575863475,0.5640269993593914,0.4069041129560817,0.27298746273394714,0.0,included
x_time_day/10.1002_ente.201800378/Fig9_C_jv_curve_stability_performance_pce_jsc/10.1002_ente.201800378__Fig9__C__jv_curve_stability_performance_pce_jsc__With_PVB__Series_2.csv,2,1,0,1.8703229074325445,19.265829377900907,0.9673513179066735,0.9990027705468898,0.9113853786350815,0.8740800055977507,0.7690106770154101,0.6123975747907621,9.5,included
x_time_day/10.1002_ente.201900990/Fig6_whole_stability/10.1002_ente.201900990__Fig6__whole__stability__Standard__Series_1.csv,0,0,0,2.0671752971125272,1.0017945316687114,0.999820327336212,0.9981052701841115,0.9814901233568933,0.9395429967748706,0.8871451964807698,0.7573350974058728,3.1666666666666665,included
x_time_day/10.1002_ente.202200761/Fig5_F_stability_performance_curve/10.1002_ente.202200761__Fig5__F__stability_performance_curve__Pristine__Series_1.csv,0,0,0,0.4111840036614318,1.0024605863343317,0.9989446981932416,0.9911351315800213,0.9693900107946724,0.9544365452605763,0.9464037017970772,0.9413466605926412,0.0,included
x_time_day/10.1002_ente.202200761/Fig5_F_stability_performance_curve/10.1002_ente.202200761__Fig5__F__stability_performance_curve__→—Brij_30__Series_2.csv,0,0,0,1.2213548542217951,1.00386062541291,0.9995772390992822,0.9965461439718725,0.9884047674350428,0.9811359961134383,0.9775432531164472,0.9749021584943013,0.0,included
x_time_day/10.1002_pc.25527/Fig9_D_stability_performance_curve/10.1002_pc.25527__Fig9__D__stability_performance_curve__based_on_Ag_CuO_Nfs_PEDOT_PSS__Series_2.csv,0,0,0,0.4813077339474757,1.0113623067787372,0.9989293485481686,0.9917652641071881,0.9782773510344577,0.9615291648167988,0.9318455341109777,0.8956315603371631,0.0,included
x_time_day/10.1002_pc.25527/Fig9_D_stability_performance_curve/10.1002_pc.25527__Fig9__D__stability_performance_curve__based_on_PEDOT_PSS__Series_1.csv,2,1,0,0.4792578356072981,1.0038158305992708,0.9987115532097811,0.988371984751988,0.9347824383589872,0.8619456014323379,0.8053353497846969,0.7720563774263435,0.0,included
x_time_day/10.1002_smll.201904387/Fig5_A_stability_performance_curve_pce/10.1002_smll.201904387__Fig5__A__stability_performance_curve_pce__0-Control__Series_1.csv,0,0,0,1.1723449687916756,14.313474823371747,0.9998187706729906,0.9998053646814312,0.9972733715117222,0.9947407527647637,0.9710474842990666,0.9367396970012288,5.833333333333333,included
x_time_day/10.1002_smll.202004778/Fig4_A_stability_performance_curve_pce/10.1002_smll.202004778__Fig4__A__stability_performance_curve_pce__TiO2CL__Series_1.csv,0,0,0,0.3998668618418281,0.9920350649521608,0.9993082211247656,0.9937568121785451,0.9722336836056052,0.9446820205834637,0.9309752520560273,0.9243725752950406,0.0,included
x_time_day/10.1002_smll.202004778/Fig4_A_stability_performance_curve_pce/10.1002_smll.202004778__Fig4__A__stability_performance_curve_pce__TiO2_CL+Ti_100-NaPA@TiO2__Series_2.csv,0,0,0,1.022455407419644,1.0014065158860754,0.9997715649969589,0.9979384125767796,0.988997811625321,0.9762646963172594,0.9688817437638386,0.9624919028432252,0.0,included
x_time_day/10.1002_smtd.201900449/Fig5_C_stability_performance_curve_pce/10.1002_smtd.201900449__Fig5__C__stability_performance_curve_pce__Ag__Series_1.csv,0,0,0,1.0495125488261003,1.0023995267713497,0.9988878041979127,0.9988543899199448,0.9901208311618844,0.9814286654175955,0.9691343853869449,0.9563349655717933,5.166666666666667,included
x_time_day/10.1002_smtd.201900476/Fig5_C_stability_performance_curve_pce/10.1002_smtd.201900476__Fig5__C__stability_performance_curve_pce__SnO₂__Series_2.csv,0,0,0,1.4548220729545642,17.97547663231324,0.9425364591277872,0.9502972169913252,0.9794995485479064,0.9997610109072437,0.9892051004429608,0.9749628530203776,94.66666666666667,included
x_time_day/10.1002_smtd.202001090/Fig5_E_stability_performance_curve_pce/10.1002_smtd.202001090__Fig5__E__stability_performance_curve_pce__MAPbI₃__Series_2.csv,2,1,0,2.52446076824122,100.7179761675955,0.9985005901978382,0.9829785262379412,0.8273002109415554,0.7730365685394175,0.7249572842345069,0.6625787378769016,0.0,included
x_time_day/10.1002_solr.201700096/Fig7_whole_stability/10.1002_solr.201700096__Fig7__whole__stability__BTPA-4__Series_3.csv,0,0,0,1.4051944092558895,13.166316025994064,0.9151711144519776,0.9473811769156246,0.9864983568069493,0.9189310649492235,0.8987528781783087,0.8552459032033796,29.166666666666668,included
x_time_day/10.1002_solr.201700096/Fig7_whole_stability/10.1002_solr.201700096__Fig7__whole__stability__BTPA-5__Series_2.csv,0,0,0,0.8213263243276904,14.137574279248277,0.9659638644578622,0.9783961365110287,0.9911953486085346,0.9832383606291258,0.9396394209938235,0.9056054718259047,70.0,included
x_time_day/10.1002_solr.201700096/Fig7_whole_stability/10.1002_solr.201700096__Fig7__whole__stability__BTPA-6__Series_1.csv,2,1,0,0.8394946069300351,14.921494306631665,0.9482458855477864,0.9732666580800934,0.9452184295267988,0.8354197105573389,0.8082935771708574,0.7452249944550243,23.333333333333332,included
x_time_day/10.1002_solr.201700096/Fig7_whole_stability/10.1002_solr.201700096__Fig7__whole__stability__spiro-OMeTAD__Series_4.csv,2,1,0,1.0796797997654166,14.304334571990932,0.9327255311090613,0.957310893460066,0.8643885393140995,0.8344611344652048,0.7675681420009905,0.7474982790014023,23.333333333333332,included
x_time_day/10.1002_solr.201700125/Fig6_A_stability_performance_curve_pce/10.1002_solr.201700125__Fig6__A__stability_performance_curve_pce__3D_PSCs__Series_1.csv,0,0,0,1.1781159929270801,18.487179376127578,0.9993408017356318,0.9927066505427105,0.9588955189118681,0.9252344666756362,0.8900968648488096,0.8635264540217235,0.0,included
x_time_day/10.1002_solr.201700125/Fig6_A_stability_performance_curve_pce/10.1002_solr.201700125__Fig6__A__stability_performance_curve_pce__MDMC_PSCs_n=30__Series_2.csv,0,0,0,1.1426807266007342,18.216097122179004,0.9995961015195451,0.9957487419314549,0.9864708463462923,0.982209524591548,0.975245546855324,0.9702626301936235,0.0,included
x_time_day/10.1002_solr.201800034/Fig10_B_stability_performance_curve_pce/10.1002_solr.201800034__Fig10__B__stability_performance_curve_pce__TU-0__Series_2.csv,1,0,1,2.675730160341648,106.1501089147764,0.9949365963606653,0.9584558793293103,0.8068995761326678,0.6754283186905712,0.5005238054220787,0.38012034811359424,0.0,included
x_time_day/10.1002_solr.201800066/Fig5_A_pce/10.1002_solr.201800066__Fig5__A__pce__W_O_PbAc2__Series_1.csv,0,0,0,0.6535239438037977,17.25357266996509,0.9997814414619193,0.997176891182895,0.9824970353855441,0.9660787573534291,0.952814167034479,0.9412320541663762,0.0,included
x_time_day/10.1002_solr.201800205/Fig3_A_stability_performance_curve_pce/10.1002_solr.201800205__Fig3__A__stability_performance_curve_pce__FTO_PTCA__Series_1.csv,0,0,0,0.4369868476356856,0.9958290976769892,0.998383715817072,0.9860850441700323,0.9499163233997214,0.9367589023395749,0.9372898256517198,0.9246217397577141,0.0,included
x_time_day/10.1002_solr.201800205/Fig3_A_stability_performance_curve_pce/10.1002_solr.201800205__Fig3__A__stability_performance_curve_pce__FTO__Series_2.csv,1,0,1,3.934757568601983,0.9885700506639453,0.9974180652213658,0.975051651663815,0.8539486095758073,0.6527186574817403,0.43467195064102027,0.311752596453178,0.0,included
x_time_day/10.1002_solr.201800216/Fig4_C_image/10.1002_solr.201800216__Fig4__C__image__PEAI-1__Series_1.csv,2,1,0,1.1098148035492676,0.993105632116122,0.9986709178740926,0.9880011285285604,0.9460770181632835,0.8931495482728401,0.837532853268367,0.7641514019476568,0.0,included
x_time_day/10.1002_solr.201800216/Fig4_C_image/10.1002_solr.201800216__Fig4__C__image__Pristine__Series_2.csv,0,0,0,0.48508095119141503,0.9960723148339616,0.9995582921289259,0.9960136608676937,0.9830466851987903,0.9601366086772946,0.9372265321557989,0.9225438582666802,0.0,included
x_time_day/10.1002_solr.201800232/Fig4_D_stability_performance_curve_pce/10.1002_solr.201800232__Fig4__D__stability_performance_curve_pce__Spiro-OMeTAD_Devices__Series_1.csv,0,0,0,0.6726249597344256,1.0016500272812938,0.9998352350400629,0.9984104244352555,0.9901067779906553,0.964844250366776,0.9254820583825161,0.9076390662992223,0.0,included
x_time_day/10.1002_solr.201800240/Fig6_E_stability_performance_curve/10.1002_solr.201800240__Fig6__E__stability_performance_curve__ZnO_based_PSCs__Series_1.csv,0,0,0,0.47537082545163134,1.0006392339739105,0.9997036456995035,0.9960399950090167,0.9683992767757734,0.9395060276534937,0.9239526028645645,0.9134548404611885,0.0,included
x_time_day/10.1002_solr.201800352/Fig5_A_stability_performance_curve_pce/10.1002_solr.201800352__Fig5__A__stability_performance_curve_pce__Spiro-OMeTAD_(doped)__Series_1.csv,1,0,1,1.299999654204609,0.9964655548377053,0.9982397220404247,0.9780394742387395,0.8306407762284282,0.7377669329789452,0.6574010098333932,0.5927163476226532,0.0,included
x_time_day/10.1002_solr.201900207/Fig4_A_stability_performance_curve_pce/10.1002_solr.201900207__Fig4__A__stability_performance_curve_pce__PCBM__Series_1.csv,2,1,0,0.49227063072959415,0.9986363081478362,0.999410897901693,0.9910714115067949,0.9174607548958192,0.8392315238316971,0.7828129715632238,0.7529713659564182,0.0,included
x_time_day/10.1002_solr.201900249/Fig1_C_stability_performance_curve_pce/10.1002_solr.201900249__Fig1__C__stability_performance_curve_pce__o—pero-pristine__Series_1.csv,0,0,0,1.5301471405556482,1.0018847540330267,0.9967933494007091,0.9967577461370952,0.9983970657869514,0.9969355883025456,0.9869655036117808,0.9771699218909621,34.666666666666664,included
x_time_day/10.1002_solr.201900249/Fig6_E_stability_performance_curve_pce/10.1002_solr.201900249__Fig6__E__stability_performance_curve_pce__pero-pristine__Series_1.csv,0,0,0,0.6187736255018185,1.0520891490293487,0.9570804023924131,0.9628077562785834,0.9932113297708064,0.9588047091637844,0.9358651619089027,0.9133526593004219,35.166666666666664,included
x_time_day/10.1002_solr.202000206/Fig7_A_stability_performance_curve_pce/10.1002_solr.202000206__Fig7__A__stability_performance_curve_pce__PEDOT_PSS__Series_2.csv,0,0,0,0.32205176368220395,13.858585119494617,0.999073602817259,0.9913030761366857,0.9582510352171273,0.9445632294057584,0.9361114234947655,0.9293664601059595,0.0,included
x_time_day/10.1002_solr.202000490/Fig2_F_stability_performance_curve_pce/10.1002_solr.202000490__Fig2__F__stability_performance_curve_pce__PS__Series_3.csv,2,1,0,0.5402471419806409,1.005240846630517,0.9982702106875082,0.9885846871493311,0.9428739339266125,0.8633486192391536,0.7950725817559403,0.7523768207859394,0.0,included
x_time_day/10.1002_solr.202000490/Fig2_F_stability_performance_curve_pce/10.1002_solr.202000490__Fig2__F__stability_performance_curve_pce__Pristine__Series_1.csv,1,0,1,3.001873264127089,1.0032766466020147,0.9975374207383989,0.9773829632055685,0.8659724060385996,0.6222504490671167,0.49945166496271715,0.36041586822406657,0.0,included
x_time_day/10.1002_solr.202000491/Fig7_B_stability_performance_curve/10.1002_solr.202000491__Fig7__B__stability_performance_curve__C-PSC_without_M_TLC__Series_1.csv,0,0,0,0.7543413678386629,0.9862553420992762,0.9992166294416558,0.9991051814728042,0.9804487101426096,0.9649006706218983,0.960052994361721,0.9523057886492029,6.0,included
x_time_day/10.1002_solr.202000536/Fig5_B_stability_performance_curve_pce/10.1002_solr.202000536__Fig5__B__stability_performance_curve_pce__PTAA__Series_1.csv,0,0,0,1.309944266151077,0.9925972148301002,0.9843795501661523,0.9905548945777881,0.9966047997577737,0.987841299881231,0.9790586609603702,0.9707039892591557,30.333333333333332,included
x_time_day/10.1002_solr.202000573/Fig4_F_sem_curve_pce/10.1002_solr.202000573__Fig4__F__sem_curve_pce__Control__Series_1.csv,0,0,0,0.8271396801763963,1.0038177169861764,0.9998714459427361,0.9995288014299097,0.9802767176030812,0.9521294426846123,0.911059249219557,0.8754520171812863,4.833333333333333,included
x_time_day/10.1002_solr.202000637/Fig5_B_stability_performance_curve_pce/10.1002_solr.202000637__Fig5__B__stability_performance_curve_pce__Reference_PSCs__Series_1.csv,0,0,0,0.8123614056132477,0.9950639062877349,0.9998221324448718,0.9983947752763209,0.9919738763817637,0.9803298468444297,0.953513180570811,0.9234205814397584,0.0,included
x_time_day/10.1002_solr.202000801/Fig5_A_stability_performance_curve/10.1002_solr.202000801__Fig5__A__stability_performance_curve__PMMA_Spiro__Series_1.csv,0,0,0,1.1835837963012021,1.0038245169229774,0.9998409926708659,0.9985649856389938,0.9919156010654969,0.9815700182666133,0.9766427560961084,0.9655035696622467,0.0,included
x_time_day/10.1002_solr.202100058/Fig6_C_stability_performance_curve_pce/10.1002_solr.202100058__Fig6__C__stability_performance_curve_pce__SnO₂-CNS__Series_2.csv,2,1,0,1.5888308601474437,1.0033155845673511,0.9990784478917257,0.9844380540512714,0.9468483604500235,0.8984119896213542,0.8549230173823849,0.8258818677566224,0.0,included
x_time_day/10.1002_solr.202100058/Fig6_C_stability_performance_curve_pce/10.1002_solr.202100058__Fig6__C__stability_performance_curve_pce__SnO₂__Series_1.csv,2,1,0,0.3286569193586919,1.001101953611772,0.9975214382377752,0.9767751338168784,0.9201626186964935,0.8513345901985513,0.7867577790266298,0.7389990415366811,0.0,included
x_time_day/10.1002_solr.202100178/Fig3_D_stability_performance_curve_pce/10.1002_solr.202100178__Fig3__D__stability_performance_curve_pce__Control__Series_1.csv,0,0,0,1.5466353925058993,1.0000025208765182,0.9993130972476988,0.9938008183666531,0.966447963784597,0.9376965050215625,0.8936652250060214,0.8172829541535581,0.0,included
x_time_day/10.1002_solr.202100344/Fig5_A_pce/10.1002_solr.202100344__Fig5__A__pce__Pristine__Series_2.csv,0,0,0,1.1217699291192964,1.0030241961105444,0.9998342741366567,0.9985043519994655,0.9923419783869167,0.9821104749575441,0.9717301162767461,0.9645054084006416,0.0,included
x_time_day/10.1002_solr.202100404/Fig7_A_pce/10.1002_solr.202100404__Fig7__A__pce__W_O_BMIMBF₄__Series_2.csv,0,0,0,1.6101066716927994,1.0010473786743126,0.9996972808993739,0.997041136051515,0.976349350405194,0.9438774391195864,0.8792082783178614,0.8223040448348691,0.0,included
x_time_day/10.1002_solr.202100404/Fig7_A_pce/10.1002_solr.202100404__Fig7__A__pce__With_BMIMBF₄__Series_1.csv,0,0,0,1.2042694185541098,1.0069129251313724,0.9997976221074573,0.9981735736098205,0.991970062916994,0.9856192539352177,0.9745381799547419,0.9669961339869466,0.0,included
x_time_day/10.1002_solr.202300091/Fig4_F_stability_performance_curve_pce/10.1002_solr.202300091__Fig4__F__stability_performance_curve_pce__w_o__Series_1.csv,0,0,0,1.797853493186897,1.008624479691331,0.9948321406764373,0.995750968040335,0.9970569669167781,0.9997377470691206,0.9999999999999601,0.9999999999999601,107.33333333333333,included
x_time_day/10.1007_s10853-021-06200-w/Fig7_A_stability_performance_curve_pce/10.1007_s10853-021-06200-w__Fig7__A__stability_performance_curve_pce__Two-steps__Series_1.csv,0,0,0,0.8618340863695253,0.9709901714107693,0.9998753766648358,0.9986909724535395,0.9897684034839664,0.973057983917667,0.9588924043014949,0.9512187020718825,0.0,included
x_time_day/10.1007_s10854-021-06778-6/Fig4_A_stability_performance_curve_pce/10.1007_s10854-021-06778-6__Fig4__A__stability_performance_curve_pce__WithoutPCBM__Series_1.csv,1,0,1,0.5058678320361822,1.0013275150536112,0.9969904995241676,0.9722623268753207,0.8515266240069785,0.715992277237309,0.6021906487703502,0.5078038151360936,0.0,included
x_time_day/10.1007_s11431-021-1861-y/Fig5_D_stability_performance_curve_pce_plot/10.1007_s11431-021-1861-y__Fig5__D__stability_performance_curve_pce_plot__Control__Series_1.csv,0,0,0,1.0837459498538884,1.0025816909786576,0.9996960738036744,0.9999820006278392,0.9942972499070492,0.9826791606466347,0.9693371459469088,0.9539519784689913,8.5,included
x_time_day/10.1007_s11664-018-6614-x/Fig5_D_stability_performance_curve_pce/10.1007_s11664-018-6614-x__Fig5__D__stability_performance_curve_pce__SampleB__Series_4.csv,1,0,1,1.5607279941183043,1.0207726927232708,0.9936195498433114,0.9502841469532389,0.7597459999425106,0.7008162269660421,0.6401794296730632,0.6030251869329051,0.0,included
x_time_day/10.1007_s11664-018-6614-x/Fig5_D_stability_performance_curve_pce/10.1007_s11664-018-6614-x__Fig5__D__stability_performance_curve_pce__Sample_A__Series_3.csv,1,0,1,1.8255036950053285,0.9164656593228114,0.9838161544572066,0.9118196292042577,0.7965216874182345,0.7225927177768369,0.671594761192095,0.6138059130541337,0.0,included
x_time_day/10.1007_s12274-021-3286-2/Fig5_F_stability_performance_curve_pce_decay/10.1007_s12274-021-3286-2__Fig5__F__stability_performance_curve_pce_decay__Control__Series_1.csv,0,0,0,0.5145437174929576,1.000608362979821,0.999268078021968,0.993685782621859,0.9776491940163798,0.9624283261935389,0.9468471529082138,0.9394147457776162,0.0,included
x_time_day/10.1007_s13233-021-9020-9/Fig5_D_stability_performance_curve/10.1007_s13233-021-9020-9__Fig5__D__stability_performance_curve__Spiro-OMeTAD__Series_1.csv,0,0,0,1.5126257502384866,1.0004744081130412,0.9997807190359346,0.9983950904603383,0.9952730003789289,0.9912219667281644,0.9881730351747793,0.9856114228408116,0.0,included
x_time_day/10.1007_s40843-019-1287-3/Fig4_D_stability_performance_curve_pce/10.1007_s40843-019-1287-3__Fig4__D__stability_performance_curve_pce__w_o_KF__Series_2.csv,1,0,1,2.003688793128587,0.9988141849061587,0.99812130632055,0.9765060762283438,0.8580779203394608,0.6962257319471437,0.5345111516177161,0.3881528167517085,0.0,included
x_time_day/10.1016_j.apsusc.2016.06.187/Fig9_whole_figure/10.1016_j.apsusc.2016.06.187__Fig9__whole__figure__cl-SnO2(SnO__Series_2.csv,0,0,0,0.7788812188635875,0.9728281376821459,0.9988836995763767,0.9810610814105851,0.9373788852682149,0.9232876002694664,0.9211336873009934,0.9192221965048059,0.0,included
x_time_day/10.1016_j.apsusc.2016.06.187/Fig9_whole_figure/10.1016_j.apsusc.2016.06.187__Fig9__whole__figure__cl-TiO2__Series_1.csv,2,1,0,1.075467578212522,0.9731011975791829,0.9975707406009343,0.9611667182325716,0.8657460040863727,0.8378455173519328,0.8182871041619633,0.802485125656292,0.0,included
"x_time_day/10.1016_j.apsusc.2017.02.057/Fig4_D_stability_performance_curve_pce/10.1016_j.apsusc.2017.02.057__Fig4__D__stability_performance_curve_pce__In-Pbl,based__Series_1.csv",0,0,0,2.0874084593171314,10.849750887177276,0.9985859066876136,0.9871062495041609,0.9629119304242062,0.9680699525357009,0.9466906830157612,0.6459208413998929,0.0,included
x_time_day/10.1016_j.apsusc.2017.04.153/Fig5_D_pce/10.1016_j.apsusc.2017.04.153__Fig5__D__pce__spiro-OMeTAD__Series_2.csv,0,0,0,0.779646343872327,13.682571266821792,0.9990081524608647,0.9920593983540434,0.9682655170971476,0.9376684707138994,0.9092002390535596,0.881859498167514,0.0,included
x_time_day/10.1016_j.apsusc.2019.145099/Fig6_whole_stability/10.1016_j.apsusc.2019.145099__Fig6__whole__stability__SnO₂__Series_1.csv,0,0,0,1.3097701364319518,18.347820394277512,0.9994418823173158,0.9943614063942143,0.9672245607795672,0.9253438377181971,0.889059473234214,0.8525939542402091,0.0,included
x_time_day/10.1016_j.apsusc.2020.145790/Fig7_F_stability_performance_curve_pce/10.1016_j.apsusc.2020.145790__Fig7__F__stability_performance_curve_pce__Reference__Series_3.csv,0,0,0,0.7338576918319929,1.0057796122409848,0.9994197566569007,0.9999907781053243,0.986854759274684,0.9545162730813472,0.9192222606339211,0.8918598580202552,9.0,included
x_time_day/10.1016_j.apsusc.2020.147949/Fig8_A_stability_performance_curve_pattern/10.1016_j.apsusc.2020.147949__Fig8__A__stability_performance_curve_pattern__Pristine__Series_1.csv,0,0,0,1.521278490221365,14.275588004826432,0.9632144134412812,0.9664827284721682,0.9731396273422067,0.9852103387186101,0.9973858582504297,0.9925480595343436,164.66666666666666,included
x_time_day/10.1016_j.apsusc.2021.149276/Fig5_D_stability_performance_curve_pce/10.1016_j.apsusc.2021.149276__Fig5__D__stability_performance_curve_pce__MAPbl₃__Series_1.csv,2,1,0,1.5891970249491845,0.9825768062942841,0.9988463435207248,0.9914235761539112,0.9508572057892963,0.9021402234321594,0.8529936440695385,0.8146757618698666,0.0,included
x_time_day/10.1016_j.carbon.2019.10.101/Fig4_D_stability_performance_curve_pce/10.1016_j.carbon.2019.10.101__Fig4__D__stability_performance_curve_pce__CuSCN_Au_PSC__Series_2.csv,3,1,1,5.942872925835495,0.9855621498977393,0.9951097245209383,0.9214148674444084,0.4888594645456819,0.22675950011086643,0.1461194655518292,0.12753930456946044,0.0,included
x_time_day/10.1016_j.carbon.2020.05.079/Fig8_D_pce/10.1016_j.carbon.2020.05.079__Fig8__D__pce__Control__Series_1.csv,2,1,0,2.4544621257631074,15.011696954035767,0.9987960058517326,0.9831410103170951,0.8986440040132267,0.7949226006713194,0.7056430436689557,0.6156453214566578,0.0,included
x_time_day/10.1016_j.carbon.2021.05.008/Fig6_A_stability_performance_curve_pce/10.1016_j.carbon.2021.05.008__Fig6__A__stability_performance_curve_pce__PC61BM__Series_1.csv,2,1,0,1.0525881799351455,1.002624132239326,0.9991479502108771,0.9915340554451773,0.9468822266000982,0.889806700103414,0.829998654818845,0.7739186717516242,0.0,included
x_time_day/10.1016_j.cclet.2020.02.004/Fig4_D_charge_density/10.1016_j.cclet.2020.02.004__Fig4__D__charge_density__PHJ_PSCs__Series_2.csv,1,0,1,2.208758100541452,1.0006066959520117,1.0002601495314976,0.9910815055437538,0.9432906719402963,0.7286961405403707,0.5838953969690654,0.41601697871827836,0.0,included
x_time_day/10.1016_j.cej.2020.126435/Fig4_F_stability_performance_curve_pce_structure/10.1016_j.cej.2020.126435__Fig4__F__stability_performance_curve_pce_structure__PSC-T-SnO₂_ETL__Series_1.csv,2,1,0,1.4266115176399847,1.0035167528082143,0.9996665120135568,0.9918225668903954,0.9490605901897757,0.8931791695351342,0.8469167844915758,0.8138131053017705,0.0,included
x_time_day/10.1016_j.cej.2021.128436/Fig8_A_stability_performance_curve_pce/10.1016_j.cej.2021.128436__Fig8__A__stability_performance_curve_pce__SnO2_2D_Bi2O2Se_(20_nm)__Series_2.csv,0,0,0,0.5955999160126623,1.0037891526799725,0.9997483103386771,0.9977285432029346,0.9762326557498787,0.9381565372064924,0.9236201665780607,0.8955027174398754,0.0,included
x_time_day/10.1016_j.cej.2021.128436/Fig8_A_stability_performance_curve_pce/10.1016_j.cej.2021.128436__Fig8__A__stability_performance_curve_pce__SnO₂__Series_1.csv,0,0,0,1.4355809123783625,1.0037891526799725,0.9994966206773938,0.9954570864059089,0.9661059805248694,0.9194992397432958,0.8854296637947306,0.8362368597848011,0.0,included
x_time_day/10.1016_j.cej.2021.128727/Fig7_F_stability_performance_curve_pce/10.1016_j.cej.2021.128727__Fig7__F__stability_performance_curve_pce__Pristine__Series_1.csv,0,0,0,0.9591234579447657,1.0080956743445368,0.9995003373373531,0.9973580915131727,0.9970913887674131,0.9935422334588067,0.9466889663730671,0.9255593142876415,84.16666666666667,included
x_time_day/10.1016_j.cej.2021.128727/Fig7_F_stability_performance_curve_pce/10.1016_j.cej.2021.128727__Fig7__F__stability_performance_curve_pce__w_Br-GO_HTM__Series_3.csv,0,0,0,1.4422260015193125,1.0079394521950493,0.9994373220717289,0.9956728833448384,0.9915346073777436,0.9951791925819496,0.9808635135079486,0.9861828234502275,0.0,included
x_time_day/10.1016_j.cej.2021.128727/Fig7_F_stability_performance_curve_pce/10.1016_j.cej.2021.128727__Fig7__F__stability_performance_curve_pce__wloHTM__Series_2.csv,0,0,0,1.2289025400671576,1.0081450410407304,0.9997960721549461,0.9997941693042726,0.9951490138532271,0.9829926563435639,0.98023027506262,0.961309606168687,22.5,included
x_time_day/10.1016_j.cej.2021.129735/Fig3_D_stability_performance_curve_pce_eqe/10.1016_j.cej.2021.129735__Fig3__D__stability_performance_curve_pce_eqe__DTB(Na)__Series_2.csv,0,0,0,1.5249626646378145,1.0060421113653697,0.9974468789585782,0.9992191844710736,0.9973720138441465,0.9891374815956278,0.9897844096367652,0.9869941777917182,21.0,included
x_time_day/10.1016_j.cej.2021.129735/Fig3_D_stability_performance_curve_pce_eqe/10.1016_j.cej.2021.129735__Fig3__D__stability_performance_curve_pce_eqe__。—TB(Na)__Series_1.csv,0,0,0,0.9947560522669767,1.0057229882116803,0.9997987303923567,0.998182484476111,0.9867339248634371,0.976758700207414,0.9676765786793609,0.959383031291051,0.0,included
x_time_day/10.1016_j.cej.2021.130001/Fig5_I_stability_performance_curve_pce/10.1016_j.cej.2021.130001__Fig5__I__stability_performance_curve_pce__withPPPDE__Series_1.csv,0,0,0,0.9982354168076385,1.0381549177957619,0.9666834903797882,0.9736548011160877,0.9983328301675163,0.9857435684077726,0.9641199068889859,0.9424121654979397,59.333333333333336,included
x_time_day/10.1016_j.cej.2021.130001/Fig5_I_stability_performance_curve_pce/10.1016_j.cej.2021.130001__Fig5__I__stability_performance_curve_pce__wlo_PPPDE__Series_2.csv,0,0,0,0.6473186608250485,1.0144905940046318,0.9953537163361522,0.9969417429280379,0.9948295175668155,0.9603181784433366,0.9388424023895079,0.9166992291312712,35.333333333333336,included
"x_time_day/10.1016_j.cej.2021.131108/Fig11_E_stability/10.1016_j.cej.2021.131108__Fig11__E__stability__SGT-405(3,6)__Series_2.csv",0,0,0,1.0687463749252297,1.0017910390138856,0.9984656439397667,0.9993675198308996,0.999011507455793,0.9828664667976754,0.9664192063162175,0.9456708282253835,26.5,included
x_time_day/10.1016_j.cej.2021.131108/Fig11_E_stability/10.1016_j.cej.2021.131108__Fig11__E__stability__spiro-OMeTAD__Series_3.csv,0,0,0,0.8398415684882728,1.0030768717449947,0.9982535765586286,0.9987080771904021,0.9988496146959456,0.9779849650574086,0.9472955814045373,0.9259707859820729,42.333333333333336,included
x_time_day/10.1016_j.cej.2021.131357/Fig5_E_stability_performance_curve_pce/10.1016_j.cej.2021.131357__Fig5__E__stability_performance_curve_pce__NiOx__Series_1.csv,0,0,0,0.6805391865588473,1.0029956686555088,0.9997652066741525,0.9999418338169062,0.9885970007250514,0.9663843247853667,0.930557249510987,0.8878382918531826,7.166666666666667,included
x_time_day/10.1016_j.cej.2021.131357/Fig5_F_stability_performance_curve_pce/10.1016_j.cej.2021.131357__Fig5__F__stability_performance_curve_pce__→NiOx__Series_1.csv,0,0,0,0.6129010737043965,1.0053637007175724,0.9997878962249803,0.9980849926091119,0.9863080980342369,0.9616461807479642,0.9273292559836568,0.8994849772378815,0.0,included
x_time_day/10.1016_j.cej.2021.131358/Fig5_A_stability_performance_curve/10.1016_j.cej.2021.131358__Fig5__A__stability_performance_curve__Control__Series_1.csv,0,0,0,0.2912489809033736,1.0001860973223087,0.9991700874267976,0.9925116610149933,0.9705821590530124,0.9545216252622231,0.9358063751660824,0.920266674805118,0.0,included
x_time_day/10.1016_j.ceramint.2020.07.260/Fig7_A_stability_performance_curve_pce/10.1016_j.ceramint.2020.07.260__Fig7__A__stability_performance_curve_pce__Cell_A__Series_2.csv,0,0,0,1.8878957514950658,0.9803038980222583,0.9996191900989011,0.9961718021293435,0.9730650414766898,0.9272256030881278,0.869031293389059,0.7959152249457355,0.0,included
x_time_day/10.1016_j.ceramint.2020.07.260/Fig7_A_stability_performance_curve_pce/10.1016_j.ceramint.2020.07.260__Fig7__A__stability_performance_curve_pce__Cell_B__Series_1.csv,0,0,0,1.2878030403832068,0.982152554306522,0.9996670349795651,0.9967676998351824,0.9793963296719327,0.9456071631908235,0.893384784060458,0.8340647778831622,0.0,included
x_time_day/10.1016_j.ceramint.2020.07.260/Fig7_B_stability_performance_curve_pce/10.1016_j.ceramint.2020.07.260__Fig7__B__stability_performance_curve_pce__Cell_B__Series_2.csv,0,0,0,1.870882694361817,0.9390502881888442,0.9995468139665933,0.9950943102234634,0.9441071787942746,0.8829838438658083,0.8704927775168619,0.8650289366263392,0.0,included
x_time_day/10.1016_j.dyepig.2018.07.053/Fig8_B_curve/10.1016_j.dyepig.2018.07.053__Fig8__B__curve__PEDOT_PSS__Series_1.csv,0,0,0,0.6720167862900468,11.28000687949738,0.9980298191089931,0.9998195143362694,0.9806974127020873,0.966275274664733,0.9313418783469276,0.8809907597195762,15.166666666666666,included
x_time_day/10.1016_j.dyepig.2020.108663/Fig6_whole_figure/10.1016_j.dyepig.2020.108663__Fig6__whole__figure__Spiro-OMeTAD__Series_1.csv,2,1,0,0.40193508713589976,0.9964279723465842,0.9988392638292176,0.9864664357411593,0.9253514146838947,0.8472711950860247,0.8010065622545175,0.7797539799354566,0.0,included
x_time_day/10.1016_j.dyepig.2021.109339/Fig7_whole_stability/10.1016_j.dyepig.2021.109339__Fig7__whole__stability__Spiro-OMeTAD_(doped)__Series_1.csv,2,1,0,2.028326551978146,1.0034839199530072,0.9976797155822604,0.9766000172430271,0.8603320044282746,0.7917038913360164,0.7269904703283819,0.6880870274125358,0.0,included
x_time_day/10.1016_j.dyepig.2021.109718/Fig6_A_stability_performance_curve_pce/10.1016_j.dyepig.2021.109718__Fig6__A__stability_performance_curve_pce__BTPA-C__Series_1.csv,0,0,0,1.0457165148613983,1.017808833508933,0.9913124244160298,0.9913352623679397,0.9996897846167644,0.982596332136285,0.9585657919049009,0.9599085920466663,55.5,included
x_time_day/10.1016_j.dyepig.2021.109718/Fig6_A_stability_performance_curve_pce/10.1016_j.dyepig.2021.109718__Fig6__A__stability_performance_curve_pce__Spiro-OMeTAD__Series_3.csv,0,0,0,0.5379027794181255,1.0046722415360172,0.9994071168994112,0.9958809171395464,0.9842834275599147,0.9622664699591882,0.9345877219645841,0.904318493300595,0.0,included
x_time_day/10.1016_j.electacta.2016.11.132/Fig6_A_stability_performance_curve_pce/10.1016_j.electacta.2016.11.132__Fig6__A__stability_performance_curve_pce__MAPbI₃_Perovskite_Device__Series_2.csv,2,1,0,0.890456357413966,0.9939048630513136,0.9990396470254512,0.9871435780693809,0.9135676991234298,0.8047939630162613,0.7764341990762639,0.7448455585609955,0.0,included
x_time_day/10.1016_j.electacta.2016.11.132/Fig6_A_stability_performance_curve_pce/10.1016_j.electacta.2016.11.132__Fig6__A__stability_performance_curve_pce__MA₀.₈FA₀.₂PbI₃_Perovskite_Device__Series_1.csv,0,0,0,1.4817127157380252,1.1380532589564392,0.8858298836745675,0.8972465625101734,0.9654942589590976,0.9898618858067858,0.98107837544037,0.9527935446328755,75.66666666666667,included
x_time_day/10.1016_j.electacta.2017.03.192/Fig6_E_eqe_plot_stability_performance_curve/10.1016_j.electacta.2017.03.192__Fig6__E__eqe_plot_stability_performance_curve__M-PSCs__Series_2.csv,2,1,0,2.1670781858631916,1.0129534772575792,0.9902179391673481,0.991839227425136,0.9840068313661172,0.9245189923593887,0.7536448459527577,0.6774929342779473,32.833333333333336,included
x_time_day/10.1016_j.electacta.2017.03.192/Fig6_E_eqe_plot_stability_performance_curve/10.1016_j.electacta.2017.03.192__Fig6__E__eqe_plot_stability_performance_curve__P-Pscs__Series_3.csv,1,0,1,3.046320920242776,1.0096015618489165,1.0000133767814943,0.9972211279935118,0.9255172131406209,0.7734553396563248,0.5563282230648748,0.3661816610621485,0.0,included
x_time_day/10.1016_j.electacta.2017.03.192/Fig6_E_eqe_plot_stability_performance_curve/10.1016_j.electacta.2017.03.192__Fig6__E__eqe_plot_stability_performance_curve__QM-PSCs__Series_1.csv,0,0,0,1.2735370138771624,1.0298203461287017,0.9785088448943506,0.9877331207742761,0.9906062512849674,0.9457733511102587,0.8915343425704171,0.8541597315919122,31.5,included
x_time_day/10.1016_j.electacta.2017.07.040/Fig8_whole_stability_performance_curve_pce/10.1016_j.electacta.2017.07.040__Fig8__whole__stability_performance_curve_pce__FAPbI_3__Series_2.csv,1,0,1,1.2610038173373619,0.9954543502174508,0.9984511301768321,0.9788706402201478,0.8613287146503945,0.7623476872479397,0.6460517589997518,0.4959150021807652,0.0,included
x_time_day/10.1016_j.electacta.2018.06.112/Fig7_A_pce/10.1016_j.electacta.2018.06.112__Fig7__A__pce__Pristine_PSCs__Series_2.csv,0,0,0,1.6633843174419298,0.9952196742905247,0.9991944448689263,0.9996655612049553,0.999794437216077,0.9987225633444204,0.9940568167696912,0.9844930808893555,22.333333333333332,included
x_time_day/10.1016_j.electacta.2018.09.097/Fig8_A_stability_performance_curve_pce/10.1016_j.electacta.2018.09.097__Fig8__A__stability_performance_curve_pce__ZnO_PSC__Series_1.csv,0,0,0,1.3292843059813784,1.0106154050268994,0.9969110041645773,0.9981486445562717,0.9992751056634082,0.9907836036645761,0.9783957206050571,0.9670584141596513,41.0,included
x_time_day/10.1016_j.electacta.2018.09.195/Fig6_D_stability_performance_curve/10.1016_j.electacta.2018.09.195__Fig6__D__stability_performance_curve__W_OMethanol__Series_1.csv,0,0,0,1.7534842014299488,1.000746058366001,0.9998241116171571,0.999025782711543,0.9668299827661765,0.9255505308809427,0.8700726551573661,0.8229391636250342,4.833333333333333,included
x_time_day/10.1016_j.electacta.2019.06.102/Fig6_A_stability_performance_curve_pce/10.1016_j.electacta.2019.06.102__Fig6__A__stability_performance_curve_pce__Tw_o_PVK__Series_1.csv,0,0,0,1.1089314098353082,0.9984086694342312,0.9999455184075342,0.9993305505252198,0.9916218962777057,0.9814167088179272,0.9712115213581487,0.9615908789159069,0.0,included
x_time_day/10.1016_j.jallcom.2019.06.089/Fig6_B_stability_performance_curve_pce/10.1016_j.jallcom.2019.06.089__Fig6__B__stability_performance_curve_pce__PCBM__Series_1.csv,1,0,1,2.085312454739605,0.9872832936756634,0.994156009532408,0.9316833375736984,0.7634888775850569,0.6354286804739296,0.5528760244731034,0.5136668829424468,0.0,included
x_time_day/10.1016_j.jallcom.2019.152091/Fig5_A_chart/10.1016_j.jallcom.2019.152091__Fig5__A__chart__PEDOT_PSS__Series_1.csv,0,0,0,0.6316793195551519,1.0015713747689314,0.9997122471552834,0.9962216118571383,0.9675728911977779,0.9427269506785655,0.915962505743276,0.891099172833482,0.0,included
x_time_day/10.1016_j.jallcom.2020.153738/Fig8_whole_figure/10.1016_j.jallcom.2020.153738__Fig8__whole__figure__TiO₂__Series_1.csv,0,0,0,1.4567657664060663,11.456514696260982,0.9995599007437105,0.9998130070283783,0.9924248574056507,0.9916153410430517,0.9868156398163273,0.9757215895666588,20.5,included
x_time_day/10.1016_j.jallcom.2020.155460/Fig7_B_stability_performance_curve_pce/10.1016_j.jallcom.2020.155460__Fig7__B__stability_performance_curve_pce__−-p-In203__Series_1.csv,2,1,0,0.6334266702202014,1.0029193490736523,0.9991936957301526,0.991539493845704,0.9401970458027018,0.8729830962213516,0.8090939371618789,0.7547159017520542,0.0,included
x_time_day/10.1016_j.jallcom.2020.158079/Fig7_D_pce/10.1016_j.jallcom.2020.158079__Fig7__D__pce__CH3NH3PbI3_Control_TiO2__Series_1.csv,2,1,0,1.917395579063367,0.9983513849308772,0.9982205240623868,0.9839405294085313,0.9188009253334579,0.8368511455496214,0.7313867116889532,0.6360953853666749,0.0,included
x_time_day/10.1016_j.jallcom.2020.158079/Fig7_D_pce/10.1016_j.jallcom.2020.158079__Fig7__D__pce__CH3NH3PbI3_HollowTiO2__Series_2.csv,0,0,0,0.5305935783878326,1.0102634504184036,0.9987875510518016,0.9909597603794275,0.9731913010501518,0.9513100179990598,0.9224098049181775,0.8938841583914549,0.0,included
x_time_day/10.1016_j.jallcom.2021.161061/Fig6_whole_stability/10.1016_j.jallcom.2021.161061__Fig6__whole__stability__TiO2_Nanorod_based_PSC__Series_2.csv,0,0,0,0.9798762934986732,1.0418092206122045,0.9944702826651314,0.9960386767907761,0.9995271434796986,0.9758084761177613,0.9598957026915139,0.955110708004846,43.833333333333336,included
x_time_day/10.1016_j.jallcom.2021.161247/Fig7_B_stability_performance_curve_pce/10.1016_j.jallcom.2021.161247__Fig7__B__stability_performance_curve_pce__Pristine__Series_2.csv,3,1,1,2.4411616945151664,1.0015099836367836,0.9942083645809647,0.9228329762488025,0.6610381862385952,0.5382991459230396,0.4063685256924858,0.2919626393078883,0.0,included
x_time_day/10.1016_j.jallcom.2021.161352/Fig5_D_stability_performance_curve_pce/10.1016_j.jallcom.2021.161352__Fig5__D__stability_performance_curve_pce__o—SnO2__Series_1.csv,0,0,0,0.5069207683474714,0.9996280267221376,0.9998142955611693,0.9953356325690651,0.9785155121260007,0.9688556650050999,0.9413702750543378,0.9310455515728331,0.0,included
x_time_day/10.1016_j.jechem.2020.05.061/Fig6_A_stability_performance_curve_pce/10.1016_j.jechem.2020.05.061__Fig6__A__stability_performance_curve_pce__MAPbl3__Series_2.csv,0,0,0,1.7554312347203265,1.0049651897299834,0.9998867769494831,0.9983039948491114,0.9822261940261638,0.9233474128987786,0.8712136626289623,0.8217297845566852,4.0,included
x_time_day/10.1016_j.jechem.2020.06.061/Fig2_C_eqe_spectrum_jsc_2/10.1016_j.jechem.2020.06.061__Fig2__C__eqe_spectrum_jsc_2__w_o__Series_2.csv,2,1,0,1.0341019790486228,0.9871867520616127,0.9958475222448555,0.9631404059990473,0.8602978517084418,0.8267263645675286,0.7938238891852271,0.7616323462836467,0.0,included
x_time_day/10.1016_j.jechem.2020.06.062/Fig5_A_stability_performance_curve_pce/10.1016_j.jechem.2020.06.062__Fig5__A__stability_performance_curve_pce__Spiro-OMeTAD__Series_2.csv,0,0,0,1.1207138232184473,19.27418896675476,0.9975921790503506,0.9975921790503506,0.9965210724956773,0.9840221918676049,0.9691861897306789,0.956476544940777,32.333333333333336,included
x_time_day/10.1016_j.jechem.2021.04.058/Fig5_F_stability_performance_curve_pce/10.1016_j.jechem.2021.04.058__Fig5__F__stability_performance_curve_pce__Control__Series_2.csv,2,1,0,2.6899279099629148,0.9921350213852955,0.9979803409128066,0.9796197980501813,0.8603022534804808,0.7617814539650691,0.7114717970393024,0.669347816107968,0.0,included
x_time_day/10.1016_j.jmst.2018.03.005/Fig6_whole_curve/10.1016_j.jmst.2018.03.005__Fig6__whole__curve__Spiro-OMeTAD__Series_2.csv,2,1,0,1.5954857800200881,100.62787334452014,0.9994869523977074,0.9938188295594405,0.9410499035058185,0.8969541626023048,0.8621056886722998,0.8165100573273266,0.0,included
x_time_day/10.1016_j.jmst.2021.05.084/Fig5_A_stability_performance_curve_pce/10.1016_j.jmst.2021.05.084__Fig5__A__stability_performance_curve_pce__0_wt%__Series_2.csv,2,1,0,0.701898297519293,0.9933133345233623,0.9969016855106615,0.9760544770006928,0.9042180762880228,0.8578299564904598,0.8292443773921571,0.7845438750106396,0.0,included
x_time_day/10.1016_j.jpcs.2021.110000/Fig4_E_stability_performance_curve_pce/10.1016_j.jpcs.2021.110000__Fig4__E__stability_performance_curve_pce__CsPbI2Br__Series_1.csv,0,0,0,0.772905534686523,1.0024208885031447,0.9995107324339724,0.9946691711807575,0.9708550152282237,0.9399170444868746,0.9064086890450136,0.881105020987384,0.0,included
x_time_day/10.1016_j.jpowsour.2017.05.007/Fig5_A_pce/10.1016_j.jpowsour.2017.05.007__Fig5__A__pce__PEDOT_PSS__Series_1.csv,0,0,0,1.3884182095146296,1.0031612763329245,0.999128231024239,0.9921302956881372,0.9533032334166706,0.9128748749100474,0.8829284477128947,0.8657008559608065,0.0,included
x_time_day/10.1016_j.jpowsour.2017.07.112/Fig7_A_stability_performance_curve_pce/10.1016_j.jpowsour.2017.07.112__Fig7__A__stability_performance_curve_pce__W_O_IPA_treatment__Series_1.csv,0,0,0,0.9774331864947731,1.000551909517051,0.9988319159478657,0.9995292499595451,0.9999826668703845,0.9863232741709833,0.954019233757473,0.8984158377373456,49.0,included
x_time_day/10.1016_j.jpowsour.2018.02.030/Fig6_A_stability_performance_curve_pce/10.1016_j.jpowsour.2018.02.030__Fig6__A__stability_performance_curve_pce__ZnO_Device__Series_2.csv,0,0,0,1.5244224835096893,1.0066410648690038,0.9980737596312445,0.9980737596312445,0.999867155837239,0.9986799560645286,0.9871576036436389,0.9729169520443582,88.16666666666667,included
x_time_day/10.1016_j.jpowsour.2019.04.024/Fig8_A_xrd_pattern_stability_performance_curve_pce/10.1016_j.jpowsour.2019.04.024__Fig8__A__xrd_pattern_stability_performance_curve_pce__MAPbI+TMA__Series_1.csv,2,1,0,1.7222637163099836,1.0064574964283841,0.9993228657275421,0.9938878353552326,0.9720046034428435,0.8847268215952614,0.8548455063299493,0.8278185812588013,0.0,included
x_time_day/10.1016_j.jpowsour.2019.04.024/Fig8_A_xrd_pattern_stability_performance_curve_pce/10.1016_j.jpowsour.2019.04.024__Fig8__A__xrd_pattern_stability_performance_curve_pce__MAPbl3__Series_2.csv,2,1,0,2.659058896042682,1.0041168634519388,0.9989819309543602,0.9908107315151169,0.953790380721895,0.7536696681734101,0.701393945897405,0.6525399693717107,0.0,included
x_time_day/10.1016_j.jpowsour.2019.227216/Fig6_A_stability_performance_curve_pce/10.1016_j.jpowsour.2019.227216__Fig6__A__stability_performance_curve_pce__CH₃NH₃PbI₃_w_o_tBP__Series_1.csv,3,1,1,9.568782031725581,0.9953222617079929,0.9908588093588554,0.8576605969343134,0.4045171331027576,0.10448897929687373,0.020269425351451535,0.004409107841800219,0.0,included
x_time_day/10.1016_j.jpowsour.2019.227267/Fig5_B_stability_performance_curve_pce/10.1016_j.jpowsour.2019.227267__Fig5__B__stability_performance_curve_pce__NiOx__Series_1.csv,0,0,0,0.6757647204018936,100.21389129522578,0.9996823633187629,0.9966517352538082,0.9859694182784873,0.970531292301006,0.9422130153724648,0.899565338469297,0.0,included
x_time_day/10.1016_j.jpowsour.2020.227913/Fig5_B_stability_performance_curve_pce/10.1016_j.jpowsour.2020.227913__Fig5__B__stability_performance_curve_pce__Pristine__Series_2.csv,0,0,0,0.5957455297734876,1.009258147925115,0.993100192028865,0.993100192028865,0.9936417304823139,0.9631207219663478,0.9410008927340541,0.9120225440007584,42.166666666666664,included
x_time_day/10.1016_j.jpowsour.2020.227938/Fig5_C_stability_performance_curve/10.1016_j.jpowsour.2020.227938__Fig5__C__stability_performance_curve__spiro-OMeTAD__Series_2.csv,2,1,0,0.8270087078320556,1.0646516647177862,0.9434127360247506,0.9710640910221316,0.9400423329133525,0.8295556961397282,0.8030723681118728,0.7452143332130879,25.0,included
x_time_day/10.1016_j.jpowsour.2020.228556/Fig7_A_stability_performance_curve_pce/10.1016_j.jpowsour.2020.228556__Fig7__A__stability_performance_curve_pce__PSCwith_t-BP__Series_2.csv,2,1,0,0.7361412195285877,0.9978381835881202,0.9981821727328161,0.98757725512166,0.9399038326865647,0.8793805157630612,0.803660703745065,0.718943483184283,0.0,included
x_time_day/10.1016_j.jpowsour.2020.228738/Fig6_A_stability_performance_curve_pce/10.1016_j.jpowsour.2020.228738__Fig6__A__stability_performance_curve_pce__NiO__Series_1.csv,0,0,0,0.3783650397624204,0.9984274295661952,0.9994881064569962,0.995169900617465,0.9720853086600127,0.9497938494890625,0.9312604474729322,0.9201673233499027,0.0,included
x_time_day/10.1016_j.jpowsour.2020.228764/Fig6_D_stability_performance_curve/10.1016_j.jpowsour.2020.228764__Fig6__D__stability_performance_curve__AgNWs__Series_2.csv,0,0,0,0.5207101756480675,10.252111563500813,0.999241099429582,0.9931510501858772,0.9663341456184459,0.9377155685719981,0.9206531445971624,0.905578910046849,0.0,included
x_time_day/10.1016_j.jpowsour.2020.228857/Fig4_F_stability_performance_curve/10.1016_j.jpowsour.2020.228857__Fig4__F__stability_performance_curve__Pristine__Series_1.csv,0,0,0,0.48852903696462374,0.9919731980931411,0.9997721733890345,0.9973024387737897,0.9763278888064248,0.9490493075169415,0.9437746684891206,0.9357809666919191,0.0,included
x_time_day/10.1016_j.jpowsour.2020.229149/Fig2_D_jv_curve_stability_performance_pce/10.1016_j.jpowsour.2020.229149__Fig2__D__jv_curve_stability_performance_pce__tra._Spiro__Series_2.csv,0,0,0,0.5892933221154014,1.012862407320834,0.9995789520506219,0.9967269077139175,0.9858415643704503,0.9674991067291113,0.9438212347905504,0.9190338907431426,0.0,included
x_time_day/10.1016_j.jpowsour.2020.229345/Fig8_E_stability_performance_curve_jsc/10.1016_j.jpowsour.2020.229345__Fig8__E__stability_performance_curve_jsc__Bare__Series_1.csv,2,1,0,1.9126065110146324,0.9947077592214283,0.9859950396562044,0.9907039568831502,0.9760847119087394,0.8977049277006974,0.8613196536356981,0.8328194699298211,24.333333333333332,included
x_time_day/10.1016_j.jpowsour.2020.229345/Fig8_E_stability_performance_curve_jsc/10.1016_j.jpowsour.2020.229345__Fig8__E__stability_performance_curve_jsc__Perovskite_PEG__Series_2.csv,0,0,0,0.8397326837244349,1.002738581893721,0.9867773061135208,0.9935540634979363,0.9946156597747898,0.9763132600712544,0.9547745357303578,0.9371247019432083,26.333333333333332,included
x_time_day/10.1016_j.jpowsour.2021.229909/Fig7_A_stability_performance_curve/10.1016_j.jpowsour.2021.229909__Fig7__A__stability_performance_curve__ZnO__Series_1.csv,2,1,0,1.7872824953409843,1.0025212849664973,0.9969839699827294,0.9707669424438959,0.8463153964872812,0.7903853873676635,0.760466666876193,0.7227588933131426,0.0,included
x_time_day/10.1016_j.jpowsour.2021.229909/Fig7_B_stability_performance_curve/10.1016_j.jpowsour.2021.229909__Fig7__B__stability_performance_curve__ZnO__Series_1.csv,0,0,0,0.6497785596348997,1.0041574407223324,0.9997269165921534,0.9930109793621497,0.9555933601541072,0.9348794772616548,0.9172590269917826,0.8876941257294912,0.0,included
x_time_day/10.1016_j.jpowsour.2021.230212/Fig5_F_stability_performance_curve_pce/10.1016_j.jpowsour.2021.230212__Fig5__F__stability_performance_curve_pce__SC_device__Series_1.csv,0,0,0,1.8810742673772514,1.023206742378443,0.9881729243862784,0.9957187951396401,0.9669444922525121,0.8843019595242055,0.8715609528526225,0.8437778737704944,19.833333333333332,included
x_time_day/10.1016_j.jpowsour.2021.230302/Fig7_B_pce/10.1016_j.jpowsour.2021.230302__Fig7__B__pce__PEDOT_PSS__Series_2.csv,1,0,1,2.063926205173406,1.0018282451384022,0.9976441723592923,0.9711248457054971,0.841051840356206,0.7330863583453001,0.6839548669067284,0.6395534171781261,0.0,included
x_time_day/10.1016_j.jpowsour.2021.230302/Fig7_B_pce/10.1016_j.jpowsour.2021.230302__Fig7__B__pce__Pristine__Series_3.csv,3,1,1,1.591344956956094,1.0018282451384022,0.9958248795838808,0.9460284307178993,0.656621832158511,0.45310105368524833,0.2692595294786571,0.16449778691714248,0.0,included
x_time_day/10.1016_j.materresbull.2018.03.027/Fig6_B_eis_plot_pce/10.1016_j.materresbull.2018.03.027__Fig6__B__eis_plot_pce__PEDOT_PSS__Series_1.csv,2,1,0,1.4521082773990377,1.0029855125697824,0.9992112034119371,0.9928767418132416,0.9539716216096897,0.9054891451724999,0.8483233747890635,0.7611944775388049,0.0,included
x_time_day/10.1016_j.mssp.2019.03.028/Fig5_F_stability_performance_curve_eqe/10.1016_j.mssp.2019.03.028__Fig5__F__stability_performance_curve_eqe__MAPbl3__Series_2.csv,1,0,1,1.8996481388825412,10.445180827720561,0.9965480460209096,0.9653880144511253,0.8087835456700614,0.7065370015474716,0.6732319964979147,0.6422990485704413,0.0,included
x_time_day/10.1016_j.mssp.2019.104908/Fig11_A_stability_performance_curve_pce/10.1016_j.mssp.2019.104908__Fig11__A__stability_performance_curve_pce__PEDOT_PSS__Series_1.csv,2,1,0,0.5008569905545611,1.0037500505850863,0.9983877642612641,0.983481499640114,0.9065816294572129,0.8442088023671493,0.8001262941470892,0.7197019210961123,0.0,included
x_time_day/10.1016_j.mssp.2021.105847/Fig6_C_stability_performance_curve_pce/10.1016_j.mssp.2021.105847__Fig6__C__stability_performance_curve_pce__。—W_O_QDs__Series_1.csv,0,0,0,0.8167717200961906,0.9974853292852071,0.9989172289416173,0.9979924746144272,0.9887351537959228,0.9775507998373528,0.9567211240348054,0.9363484445493414,5.0,included
x_time_day/10.1016_j.mssp.2021.105941/Fig9_whole_figure/10.1016_j.mssp.2021.105941__Fig9__whole__figure__Pure__Series_4.csv,1,0,1,3.044339004731491,0.9965619428845885,0.998153685313197,0.9833373209557973,0.9125933987633362,0.8172647143467772,0.6708483744703734,0.3666177446789923,0.0,included
x_time_day/10.1016_j.mtener.2018.07.004/Fig5_A_stability_performance_curve_pce/10.1016_j.mtener.2018.07.004__Fig5__A__stability_performance_curve_pce__Without_V₂O₅__Series_2.csv,2,1,0,1.3971451178213068,16.69945370313124,0.9995381300199471,0.9936939528367844,0.9499150138171423,0.8974570275414048,0.8473707940682014,0.795753580594926,0.0,included
x_time_day/10.1016_j.mtener.2021.100853/Fig5_B_stability_performance_curve_pce/10.1016_j.mtener.2021.100853__Fig5__B__stability_performance_curve_pce__0%GQDs__Series_1.csv,0,0,0,0.9284116630410361,0.9613933336144593,0.9997893402827089,0.9980988315365027,0.9892558166171476,0.9773900720312747,0.964266100129796,0.9507185021294267,0.0,included
x_time_day/10.1016_j.nanoen.2015.11.024/Fig8_B_stability_performance_curve_pce/10.1016_j.nanoen.2015.11.024__Fig8__B__stability_performance_curve_pce__Device_with_S0__Series_1.csv,2,1,0,1.6370552071154836,1.0017200165105147,0.9997313814228749,0.997575762589424,0.9809542262911037,0.9053301518160264,0.8311075374070993,0.7112011433983004,0.0,included
x_time_day/10.1016_j.nanoen.2016.06.007/Fig7_D_ff/10.1016_j.nanoen.2016.06.007__Fig7__D__ff__primitive__Series_1.csv,2,1,0,1.3663647648393682,9.617024337050456,0.9989033958933017,0.9901033326556752,0.9494703340449026,0.8954277004575583,0.8459443637361329,0.8011108793332112,0.0,included
x_time_day/10.1016_j.nanoen.2016.08.006/Fig5_D_stability_performance_curve_pce/10.1016_j.nanoen.2016.08.006__Fig5__D__stability_performance_curve_pce__MAPbI₃_Spiro-OMeTAD__Series_2.csv,2,1,0,1.0330412547594767,1.054204258287822,0.9429488883523826,0.9412566854479131,0.9668207571541784,0.8225453227457504,0.7828659367495138,0.7562582503092468,36.666666666666664,included
x_time_day/10.1016_j.nanoen.2016.08.048/Fig5_A_stability_performance_curve_pce/10.1016_j.nanoen.2016.08.048__Fig5__A__stability_performance_curve_pce__W_OPCBDAN__Series_2.csv,0,0,0,0.9394951474428104,1.0181160341316553,0.9868477398677875,0.9917271771636184,0.9941696246488019,0.9582401474772454,0.9124093611300881,0.868860527331014,37.166666666666664,included
x_time_day/10.1016_j.nanoen.2016.08.048/Figunknown_whole_stability/10.1016_j.nanoen.2016.08.048__Figunknown__whole__stability__W_OPCBDAN__Series_2.csv,0,0,0,1.3740158313676307,1.0356315450228375,0.9673912915172665,0.9717760804273251,0.9872283496967409,0.9974112177449872,0.987026766320586,0.9705063637599209,91.0,included
x_time_day/10.1016_j.nanoen.2016.10.036/Fig7_D_xrd_pattern_stability_performance_curve_pce/10.1016_j.nanoen.2016.10.036__Fig7__D__xrd_pattern_stability_performance_curve_pce__0.025%_DF-C₆₀-MAPbI₃__Series_1.csv,0,0,0,0.640414060761462,1.008866288186199,0.998758444268588,0.9895913562461576,0.9545601561481647,0.9200445401048736,0.9419297765178388,0.9268647703791969,0.0,included
x_time_day/10.1016_j.nanoen.2016.10.036/Fig7_D_xrd_pattern_stability_performance_curve_pce/10.1016_j.nanoen.2016.10.036__Fig7__D__xrd_pattern_stability_performance_curve_pce__MAPbI₃__Series_2.csv,1,0,1,2.0257706752679723,1.006405532036059,0.9991284256979128,0.9872180985247434,0.8674533785672973,0.7815677316044245,0.6653397335732182,0.5967652919960095,0.0,included
x_time_day/10.1016_j.nanoen.2017.10.006/Fig8_whole_curve/10.1016_j.nanoen.2017.10.006__Fig8__whole__curve__GUTS-4-MAPbI3__Series_2.csv,0,0,0,1.4697114209305093,1.0188804414531618,0.993230984339102,0.9947388013002371,0.9999999999999601,0.997050190540734,0.9838167098196919,0.9737592644717002,33.166666666666664,included
x_time_day/10.1016_j.nanoen.2017.10.006/Fig8_whole_curve/10.1016_j.nanoen.2017.10.006__Fig8__whole__curve__Ref-MAPbI3__Series_1.csv,0,0,0,1.7163035487563656,1.013346914916068,0.9902588584622781,0.9910476181861283,0.9931977409641718,0.9982084058020568,0.999183585102197,0.9943694620775674,135.83333333333334,included
x_time_day/10.1016_j.nanoen.2017.11.024/Fig9_A_stability_performance_curve/10.1016_j.nanoen.2017.11.024__Fig9__A__stability_performance_curve__PS-0__Series_2.csv,0,0,0,0.5480253920325149,0.9814670226256396,0.9997033224742958,0.9968765914427188,0.970980028274073,0.9386589575774603,0.9187746654551078,0.9119660786335269,0.0,included
x_time_day/10.1016_j.nanoen.2017.12.028/Fig5_B_stability_performance_curve_pattern/10.1016_j.nanoen.2017.12.028__Fig5__B__stability_performance_curve_pattern__PCDTBT8__Series_3.csv,2,1,0,1.5835792295939246,0.9693965506815937,0.9988943762032537,0.9779400746471201,0.8529993280689064,0.8077870853654032,0.7664378573237709,0.7008719014868837,0.0,included
x_time_day/10.1016_j.nanoen.2017.12.028/Fig5_B_stability_performance_curve_pattern/10.1016_j.nanoen.2017.12.028__Fig5__B__stability_performance_curve_pattern__spiro-OMeTAD__Series_1.csv,0,0,0,0.43645367177094085,1.0024806440283092,0.9998436625170072,0.9967154664080348,0.9745559986448584,0.9436969771123888,0.9339870740923117,0.9292705164975832,0.0,included
x_time_day/10.1016_j.nanoen.2019.03.014/Fig5_C_stability_performance_curve_pce/10.1016_j.nanoen.2019.03.014__Fig5__C__stability_performance_curve_pce__BAI5min__Series_1.csv,0,0,0,0.9849994975080827,1.0074028281736924,0.996951697747559,0.9967774112761811,0.9969735504730176,0.9766548066283,0.955285116548371,0.9579045274001756,30.833333333333332,included
x_time_day/10.1016_j.nanoen.2019.03.014/Fig5_C_stability_performance_curve_pce/10.1016_j.nanoen.2019.03.014__Fig5__C__stability_performance_curve_pce__wlo__Series_2.csv,0,0,0,1.0793068931157732,1.0021506422170965,0.9995573959281263,0.999998119241824,0.9937676013669073,0.9824553676528932,0.9548022557455933,0.8450814847262792,9.5,included
x_time_day/10.1016_j.nanoen.2019.03.081/Fig6_C_stability_performance_curve_pce/10.1016_j.nanoen.2019.03.081__Fig6__C__stability_performance_curve_pce__o—W_o_MoO3__Series_1.csv,0,0,0,1.1311403336725923,0.9961237590414352,0.9998818666111972,0.9983917635759075,0.984624787250737,0.9789018303225585,0.974963920371955,0.9706549670450179,0.0,included
x_time_day/10.1016_j.nanoen.2019.103866/Fig5_C_stability_performance_curve_pce/10.1016_j.nanoen.2019.103866__Fig5__C__stability_performance_curve_pce__Control_(PCBM)__Series_3.csv,0,0,0,0.40974046144505255,1.0012642876831692,0.9995089315937642,0.9955681903524305,0.9767636942462811,0.9535715445947317,0.9336183381407045,0.9153203447596509,0.0,included
x_time_day/10.1016_j.nanoen.2020.104635/Fig4_A_stability_performance_curve_pce/10.1016_j.nanoen.2020.104635__Fig4__A__stability_performance_curve_pce__Spiro-OMeTAD__Series_2.csv,3,1,1,5.971083153577038,0.992915962643042,0.9999315687111315,0.9945412576880427,0.9163527993581725,0.5645364955696852,0.1818535664744298,0.11036805959292353,0.0,included
x_time_day/10.1016_j.nanoen.2021.105788/Fig2_E_stability_performance_curve_pce/10.1016_j.nanoen.2021.105788__Fig2__E__stability_performance_curve_pce__Ref__Series_1.csv,0,0,0,0.6989211978161801,1.0004033832691546,0.9998458518721396,0.9979560455043996,0.9683395090315363,0.9324502731111414,0.9126209330003536,0.9025740013356349,0.0,included
x_time_day/10.1016_j.nanoen.2021.106495/Fig3_B_stability_performance_curve_pce/10.1016_j.nanoen.2021.106495__Fig3__B__stability_performance_curve_pce__63%__Series_1.csv,0,0,0,1.1358381860948812,1.0060093911533319,0.9994565057205509,0.9944086086319263,0.9654301082809829,0.9215208908421333,0.894920377439237,0.8744740667474973,0.0,included
x_time_day/10.1016_j.nanoen.2021.106495/Fig3_B_stability_performance_curve_pce/10.1016_j.nanoen.2021.106495__Fig3__B__stability_performance_curve_pce__85%__Series_2.csv,0,0,0,0.5825863834337515,1.0172704086133646,0.9992475309589931,0.993889249083979,0.983399041143739,0.9777614671110547,0.9413441705150286,0.9200603604371266,0.0,included
x_time_day/10.1016_j.nanoen.2022.107138/Fig4_B_stability/10.1016_j.nanoen.2022.107138__Fig4__B__stability__SnO₂__Series_1.csv,0,0,0,1.1317739721692728,1.0005428070939821,0.999903679314712,0.998406967679104,0.9870750910322725,0.9742736615285208,0.9752253059103292,0.9731488389092582,0.0,included
x_time_day/10.1016_j.optmat.2021.111313/Fig8_whole_stability/10.1016_j.optmat.2021.111313__Fig8__whole__stability__FTO_cTiO₂_ETL1_CH₃NH₃PbI₃__Series_1.csv,2,1,0,2.0249275063474665,0.9785943377213958,0.9961870730513656,0.9571630908986906,0.895683177545794,0.8917670542393183,0.8859527999532752,0.8439848784043508,0.0,included
x_time_day/10.1016_j.orgel.2017.06.023/Fig5_B_stability_performance_curve_pce/10.1016_j.orgel.2017.06.023__Fig5__B__stability_performance_curve_pce__conventional_device__Series_2.csv,2,1,0,1.9916871050295357,1.0011427889251758,0.9998757870983372,0.9967259517068717,0.9749959650437497,0.9180893297798124,0.8627218185124483,0.7857306575926049,0.0,included
x_time_day/10.1016_j.orgel.2017.10.034/Fig10_whole_stability_performance_curve_pce/10.1016_j.orgel.2017.10.034__Fig10__whole__stability_performance_curve_pce__Ref__Series_1.csv,0,0,0,1.0293962674359665,103.17383070678552,0.9733470264230295,0.9850227881451973,0.9242606685869854,0.9384612929506624,0.9101775871967578,0.8908528655256956,20.833333333333332,included
x_time_day/10.1016_j.orgel.2017.11.045/Fig7_D_pce/10.1016_j.orgel.2017.11.045__Fig7__D__pce__FA0.8Cs0.2PbI2.68Br0.32__Series_2.csv,0,0,0,1.2008764189678638,1.0009968880610778,0.9997051202293985,0.9968503997650873,0.9710072768650454,0.9305724016699235,0.8882853208646092,0.8639002924486837,0.0,included
x_time_day/10.1016_j.orgel.2018.05.024/Fig9_D_pce/10.1016_j.orgel.2018.05.024__Fig9__D__pce__B186__Series_2.csv,0,0,0,1.1926569024222036,1.072739500123438,0.9372798284144811,0.9409413526577414,0.9669685258474912,0.9894293192568534,0.992172891071109,0.9511395864557399,142.0,included
x_time_day/10.1016_j.orgel.2018.05.024/Fig9_D_pce/10.1016_j.orgel.2018.05.024__Fig9__D__pce__Spiro-OMeTAD__Series_1.csv,0,0,0,1.2726636552782669,0.9985745147787995,0.9997887921880547,0.9957439029376252,0.9592979183387731,0.9141190395029655,0.8828057569032572,0.8757819511327178,0.0,included
x_time_day/10.1016_j.orgel.2018.07.029/Fig6_A_stability_performance_curve_pce/10.1016_j.orgel.2018.07.029__Fig6__A__stability_performance_curve_pce__ITIC-Th__Series_2.csv,0,0,0,0.43013145541853726,1.002349886501263,0.9995406309217646,0.9959324879336037,0.9788001732762819,0.9606861221061347,0.9324425195672672,0.9137907323085217,0.0,included
x_time_day/10.1016_j.orgel.2018.07.029/Fig6_A_stability_performance_curve_pce/10.1016_j.orgel.2018.07.029__Fig6__A__stability_performance_curve_pce__PCBM__Series_1.csv,0,0,0,1.0476342381377142,1.002349886501263,1.0000834021601896,0.9916483923478282,0.9625065407143216,0.9290048546553534,0.895007615554861,0.8700807392019829,0.0,included
x_time_day/10.1016_j.orgel.2018.09.040/Fig8_whole_stability_performance_curve_pce/10.1016_j.orgel.2018.09.040__Fig8__whole__stability_performance_curve_pce__0mM_KSCN__Series_1.csv,2,1,0,2.022531029475766,0.9954804015078791,1.0000538208393037,0.9936734926365594,0.9658680547424747,0.9271551277500668,0.8760055628594684,0.7445101212036511,0.0,included
x_time_day/10.1016_j.orgel.2018.12.012/Fig8_whole_figure/10.1016_j.orgel.2018.12.012__Fig8__whole__figure__without_DOBD__Series_2.csv,0,0,0,0.8709782163934031,1.0058553462607167,0.999770201207416,0.9973863560928863,0.9817078158341174,0.973015627396542,0.9711498520852809,0.9452803861784139,0.0,included
x_time_day/10.1016_j.orgel.2019.03.033/Fig7_D_stability_performance_curve_pce/10.1016_j.orgel.2019.03.033__Fig7__D__stability_performance_curve_pce__reference__Series_1.csv,0,0,0,0.839226177551895,1.001871187902478,0.9999486990744426,0.99925288320652,0.9907979653835103,0.9758658148299598,0.9570550989877225,0.94224447423668,0.0,included
x_time_day/10.1016_j.orgel.2019.03.035/Fig7_whole_stability/10.1016_j.orgel.2019.03.035__Fig7__whole__stability__Spiro-OMeTAD__Series_2.csv,0,0,0,1.0300743849855643,100.2201683798709,0.9997090177750689,0.9986368620175539,0.9926201219143266,0.9852329719150811,0.967970242221059,0.9464058983293944,0.0,included
x_time_day/10.1016_j.orgel.2019.105519/Fig8_whole_pce/10.1016_j.orgel.2019.105519__Fig8__whole__pce__W_O_Habtc__Series_2.csv,0,0,0,0.4567576728944139,0.9993746392305871,0.9995660056211408,0.9960956903086459,0.9796282644832394,0.959005724786193,0.9411896142576595,0.9248804154141973,0.0,included
x_time_day/10.1016_j.orgel.2020.105681/Fig8_D_stability_performance_curve_pce/10.1016_j.orgel.2020.105681__Fig8__D__stability_performance_curve_pce__Reference__Series_1.csv,0,0,0,1.3121732155296706,16.244644918087097,0.9998728341964248,0.9963920005214908,0.9737254878488472,0.9318306091944255,0.8803822135615569,0.8593289108848173,0.0,included
x_time_day/10.1016_j.orgel.2020.105681/Fig8_D_stability_performance_curve_pce/10.1016_j.orgel.2020.105681__Fig8__D__stability_performance_curve_pce__TSA_passivated__Series_2.csv,0,0,0,0.7999740451685103,18.079176106616437,0.9996056974815273,0.999012529219248,0.9947183859108107,0.9749611793764328,0.948185049707103,0.9353093116968947,0.0,included
x_time_day/10.1016_j.orgel.2020.105922/Fig8_F_stability_performance_curve/10.1016_j.orgel.2020.105922__Fig8__F__stability_performance_curve__4-CIBA-TiO2__Series_1.csv,0,0,0,1.0899289073387939,1.0059165355782702,0.9991820919610811,0.9952521229019287,0.9896782659794967,0.9808351058426266,0.9720407695032109,0.9578138426932898,0.0,included
x_time_day/10.1016_j.orgel.2020.105922/Fig8_F_stability_performance_curve/10.1016_j.orgel.2020.105922__Fig8__F__stability_performance_curve__TiO2$__Series_2.csv,0,0,0,0.43944121341094494,0.997046807509977,0.9998954556658586,0.998089844578968,0.9761726645677398,0.9508491311197743,0.9299866637877653,0.9112036566124212,0.0,included
x_time_day/10.1016_j.orgel.2021.106249/Fig8_B_stability_performance_curve_pce/10.1016_j.orgel.2021.106249__Fig8__B__stability_performance_curve_pce__Spiro__Series_2.csv,0,0,0,0.6735886924622412,1.000244316224662,0.9998013756290401,0.99820744850984,0.9857016934240798,0.9618951156309461,0.9504497892514976,0.9420627951171205,0.0,included
x_time_day/10.1016_j.orgel.2021.106258/Fig9_D_pce/10.1016_j.orgel.2021.106258__Fig9__D__pce__CH3NH3PbI3__Series_1.csv,2,1,0,1.714624905304537,0.9953387435106722,0.9988950418398482,0.9893616387257529,0.9270355231410461,0.8413569837915075,0.738555007922883,0.6613456926429176,0.0,included
x_time_day/10.1016_j.orgel.2021.106258/Fig9_H_pce/10.1016_j.orgel.2021.106258__Fig9__H__pce__CH3NH3Pbl3__Series_1.csv,0,0,0,1.346764517913095,0.982184391400101,0.9991513072277762,0.9923406906896955,0.961703453448637,0.9197439279193005,0.8851103603459898,0.8565092480376754,0.0,included
x_time_day/10.1016_j.orgel.2021.106293/Fig6_C_stability_performance_curve_pce/10.1016_j.orgel.2021.106293__Fig6__C__stability_performance_curve_pce__TiO₂__Series_1.csv,1,0,1,1.323953075393556,1.0027867835964825,0.9987463225510478,0.9839944473025384,0.8935049297927553,0.7234869101326785,0.6364534635498362,0.5669263622716273,0.0,included
x_time_day/10.1016_j.orgel.2021.106428/Fig9_whole_stability/10.1016_j.orgel.2021.106428__Fig9__whole__stability__NiOx__Series_3.csv,0,0,0,0.8136853215867514,1.002317778042685,0.9901107530295454,0.9855608953287983,0.9971955618786082,0.9571484771546293,0.9096806586075418,0.899612932284259,59.333333333333336,included
x_time_day/10.1016_j.orgel.2021.106428/Fig9_whole_stability/10.1016_j.orgel.2021.106428__Fig9__whole__stability__TPA-Py-PTZ__Series_1.csv,0,0,0,0.8437994554095706,1.007642116446357,0.9886856933401107,0.988675752124281,0.9926627684309212,0.9836802906003969,0.9544770682253606,0.9102830921297833,75.33333333333333,included
x_time_day/10.1016_j.orgel.2021.106428/Fig9_whole_stability/10.1016_j.orgel.2021.106428__Fig9__whole__stability__TPA-TPy__Series_2.csv,0,0,0,1.1859344645312861,1.003308421056485,0.9996773934650457,0.9985774389683072,0.9984295336926277,0.9732441810776907,0.9037165753316335,0.8669014423550959,70.66666666666667,included
x_time_day/10.1016_j.solener.2016.07.034/Fig8_D_sem_image_stability_performance_curve_pce/10.1016_j.solener.2016.07.034__Fig8__D__sem_image_stability_performance_curve_pce__device_with_small_crystal__Series_1.csv,0,0,0,1.4390153881796321,15.136884844429636,0.9991299698559394,0.9919701768562912,0.9552296449364275,0.9343753888908304,0.8787986483665096,0.851564681022745,0.0,included
x_time_day/10.1016_j.solener.2017.05.089/Fig5_D_stability_performance_curve_ff/10.1016_j.solener.2017.05.089__Fig5__D__stability_performance_curve_ff__Spiro-OMeTAD__Series_1.csv,0,0,0,1.501670861815283,1.0008420798472528,0.9989283969158343,0.9895928478854978,0.9418451255146192,0.9029670774493417,0.8811250936603638,0.8740011556510956,0.0,included
x_time_day/10.1016_j.solener.2017.05.089/Fig5_D_stability_performance_curve_ff/10.1016_j.solener.2017.05.089__Fig5__D__stability_performance_curve_ff__ZnPcNO2-OPh__Series_3.csv,0,0,0,1.5932870836973405,1.0093897148230901,0.9943375474746861,0.9950536048494741,0.9988328986649816,0.996252158955406,0.990318320541277,0.9861353214795348,74.16666666666667,included
x_time_day/10.1016_j.solener.2018.05.086/Fig7_A_stability_performance_curve/10.1016_j.solener.2018.05.086__Fig7__A__stability_performance_curve__FMC__Series_2.csv,0,0,0,1.8313256653762615,5.70996545145269,0.9981032332911342,0.9860535094722301,0.9686066634011923,0.9402854604835467,0.8768818715696746,0.7796080413002533,0.0,included
x_time_day/10.1016_j.solener.2018.05.086/Fig7_A_stability_performance_curve/10.1016_j.solener.2018.05.086__Fig7__A__stability_performance_curve__MAPI__Series_1.csv,1,0,1,3.0029247756050594,2.2130517477296996,0.9924788717446692,0.9456510205812639,0.8561913628378744,0.7071002714488175,0.5224970874319071,0.33005161501852426,0.0,included
x_time_day/10.1016_j.solener.2019.02.020/Fig7_B_stability_performance_curve_pce/10.1016_j.solener.2019.02.020__Fig7__B__stability_performance_curve_pce__EA__Series_2.csv,0,0,0,1.109084031875433,0.9994082663243087,0.9999288843407138,0.9998656685034454,0.9946631644877373,0.9841393769587211,0.9694902862456086,0.9544646413577917,5.5,included
x_time_day/10.1016_j.solener.2019.02.020/Fig7_B_stability_performance_curve_pce/10.1016_j.solener.2019.02.020__Fig7__B__stability_performance_curve_pce__EI12__Series_1.csv,0,0,0,0.5625133422413525,0.9972193366226748,0.9998242003002302,0.9979090652625304,0.9832721012392126,0.9656004322939502,0.9485653949234113,0.9224615103944398,0.0,included
x_time_day/10.1016_j.solener.2019.02.020/Fig7_B_stability_performance_curve_pce/10.1016_j.solener.2019.02.020__Fig7__B__stability_performance_curve_pce__IPA__Series_3.csv,0,0,0,1.3833282245011964,0.9982494279662903,0.9994268433809098,0.9937165189869853,0.965626944282961,0.9311307776644548,0.8887955675396888,0.8295792698119607,0.0,included
x_time_day/10.1016_j.solener.2019.05.073/Fig6_whole_stability/10.1016_j.solener.2019.05.073__Fig6__whole__stability__W_oCTAB__Series_1.csv,0,0,0,1.283938874106219,99.57422554271513,0.9994848146998427,0.9943759290015879,0.9684108698632056,0.9368887386733739,0.8923725207229448,0.8377287526972719,0.0,included
x_time_day/10.1016_j.solener.2019.10.034/Fig1_B_pce/10.1016_j.solener.2019.10.034__Fig1__B__pce__Spiro-OMeTAD__Series_1.csv,3,1,1,5.096047520242541,0.9789661718200895,0.9896511479164144,0.8769399833263926,0.4408760179124588,0.3047954333690036,0.18653094782823698,0.0988350782662222,0.0,included
x_time_day/10.1016_j.solener.2019.10.034/Fig1_C_pce/10.1016_j.solener.2019.10.034__Fig1__C__pce__Spiro-OMeTAD__Series_2.csv,1,0,1,3.762499139572791,0.909818205607926,0.9920105869723745,0.8899873515272598,0.7249356315666095,0.6310737073503766,0.49541150900973036,0.35838283668702897,0.0,included
x_time_day/10.1016_j.solener.2019.10.067/Fig5_D_stability_performance_curve/10.1016_j.solener.2019.10.067__Fig5__D__stability_performance_curve__ACN-spiro__Series_1.csv,0,0,0,1.1407905421522109,0.9993804485301363,0.9998838309541044,0.9995514436834244,0.9919784984717098,0.9803292657846471,0.9777897156224282,0.9526148075465878,4.666666666666667,included
x_time_day/10.1016_j.solener.2019.12.031/Fig9_A_stability_performance_curve/10.1016_j.solener.2019.12.031__Fig9__A__stability_performance_curve__Spiro-OMeTAD__Series_2.csv,0,0,0,0.5778005703989079,0.9699910727097178,0.9960075195747675,0.9689049102767531,0.943832569421493,0.9292677833515607,0.9279980383223062,0.9218659763231806,0.0,included
x_time_day/10.1016_j.solener.2020.09.058/Fig6_B_stability_performance_curve_pce/10.1016_j.solener.2020.09.058__Fig6__B__stability_performance_curve_pce__Spiro-OMeTAD__Series_1.csv,0,0,0,0.4293317089665054,1.0042347106674452,0.9990938406852061,0.9927682284958591,0.973064771577067,0.9461295431541732,0.924622845600365,0.9124331064908834,0.0,included
x_time_day/10.1016_j.solener.2021.03.036/Fig5_whole_stability/10.1016_j.solener.2021.03.036__Fig5__whole__stability__without_GuaI__Series_2.csv,0,0,0,1.594189568044934,1.0064409931933236,0.9971351599542263,0.9969609767589874,0.9985967097684684,0.994978822749141,0.9912037444578166,0.9849122655056797,36.666666666666664,included
x_time_day/10.1016_j.solener.2021.03.055/Fig3_D_stability_performance_curve_pce/10.1016_j.solener.2021.03.055__Fig3__D__stability_performance_curve_pce__P0__Series_1.csv,2,1,0,1.3391175111988551,1.0038886082845886,0.9987061971787785,0.9915217074488007,0.9549256725052733,0.9050649801538644,0.8223199489321049,0.7013703531720887,0.0,included
x_time_day/10.1016_j.solener.2021.04.053/Fig6_whole_stability/10.1016_j.solener.2021.04.053__Fig6__whole__stability__0.0%_Mg(Ac)₂__Series_1.csv,0,0,0,1.341724518082366,1.0066278764619578,0.9998523817805957,0.9998523817805957,0.9984788922813965,0.9870180691571317,0.9776116330362553,0.9759351814375139,38.833333333333336,included
x_time_day/10.1016_j.solmat.2017.08.032/Fig8_A_stability_performance_curve_pce/10.1016_j.solmat.2017.08.032__Fig8__A__stability_performance_curve_pce__CA_Device__Series_2.csv,0,0,0,1.013585009508271,1.0106003240981916,0.9992896057057508,0.9944611404945307,0.9867276042373339,0.9759218047152601,0.969202197256529,0.9655586053892786,0.0,included
x_time_day/10.1016_j.solmat.2017.08.032/Fig8_A_stability_performance_curve_pce/10.1016_j.solmat.2017.08.032__Fig8__A__stability_performance_curve_pce__CC_Device__Series_1.csv,2,1,0,0.7823637569934662,1.002838222522849,0.9993936163681342,0.9927135615765568,0.9462157576338621,0.8412934498944106,0.816768216054735,0.793177933182782,0.0,included
x_time_day/10.1016_j.solmat.2018.01.025/Fig3_D_stability_performance_curve_pce/10.1016_j.solmat.2018.01.025__Fig3__D__stability_performance_curve_pce__0-PEDOT__Series_3.csv,2,1,0,2.364198013814962,14.669194975698996,0.9998745188203022,0.9962214135015813,0.9821541073255021,0.9155960830532788,0.7449973205990786,0.6231079737101526,0.0,included
x_time_day/10.1016_j.solmat.2018.05.022/Fig5_whole_stability/10.1016_j.solmat.2018.05.022__Fig5__whole__stability__spiro__Series_2.csv,2,1,0,0.48226255955572367,1.004407833705276,0.9992446655752085,0.9913422210320202,0.9293283031006875,0.844146263649926,0.8202322163412332,0.7494651829238483,0.0,included
"x_time_day/10.1016_j.solmat.2018.07.031/Fig5_whole_stability_performance_curve/10.1016_j.solmat.2018.07.031__Fig5__whole__stability_performance_curve__with1,6-DD__Series_2.csv",0,0,0,0.9984538635524686,1.0014959151007372,0.9946209940739732,0.9970630964709734,0.9985229363436121,0.9792356355628974,0.9601308008508672,0.9506540175526783,20.333333333333332,included
x_time_day/10.1016_j.solmat.2018.07.031/Fig5_whole_stability_performance_curve/10.1016_j.solmat.2018.07.031__Fig5__whole__stability_performance_curve__一with_1-HH__Series_3.csv,0,0,0,0.44142081097065217,0.990187352270084,0.9987697098370942,0.9889288166891145,0.9634325569862294,0.9616590824900817,0.9511950006694514,0.9362958939911693,0.0,included
x_time_day/10.1016_j.solmat.2018.07.031/Fig5_whole_stability_performance_curve/10.1016_j.solmat.2018.07.031__Fig5__whole__stability_performance_curve__一without_additive__Series_1.csv,2,1,0,0.4909798442509702,0.990187352270084,0.999073964712694,0.9915467530035137,0.9373401586902645,0.8617559047924015,0.7992582179739314,0.7491321757881392,0.0,included
x_time_day/10.1016_j.solmat.2019.110052/Fig4_E_stability_performance_curve/10.1016_j.solmat.2019.110052__Fig4__E__stability_performance_curve__Control__Series_1.csv,0,0,0,1.3202416028002766,1.0023666605277304,0.999805345648872,0.9982432772700887,0.9938578837339349,0.9848460239101662,0.9792629652149648,0.9769847841587392,0.0,included
x_time_day/10.1016_j.solmat.2019.110197/Fig5_D_stability_performance_curve_pce/10.1016_j.solmat.2019.110197__Fig5__D__stability_performance_curve_pce__x=0__Series_1.csv,0,0,0,1.0909710357013065,100.2292614500455,0.99977789566694,0.9999624294141112,0.9919278564470834,0.9851902755526255,0.968861723605163,0.9541635546098777,7.5,included
x_time_day/10.1016_j.solmat.2019.110284/Fig3_A_chart/10.1016_j.solmat.2019.110284__Fig3__A__chart__illumination__Series_2.csv,2,1,0,0.9052334192823711,0.9927653812311648,0.9981096691965856,0.9825576998294119,0.908114143227696,0.8224571009512683,0.7636622049958981,0.7325009436205077,0.0,included
x_time_day/10.1016_j.solmat.2019.110284/Fig4_C_stability_performance_curve/10.1016_j.solmat.2019.110284__Fig4__C__stability_performance_curve__Temperature_30_oC__Series_2.csv,2,1,0,0.9095406101258284,1.0066440840457849,0.996386546242606,0.9693267368356667,0.8849561788210919,0.8223373546920668,0.7731273729895765,0.7279753162641694,0.0,included
x_time_day/10.1016_j.solmat.2019.110284/Fig5_B_stability_performance_curve_structure/10.1016_j.solmat.2019.110284__Fig5__B__stability_performance_curve_structure__planar_regular_(n-i-p)cells__Series_2.csv,2,1,0,1.6058910932186825,1.0002686966351022,0.9993082095002467,0.9928998542432013,0.9477226005222794,0.8929661230277092,0.8551147155006077,0.830866169014037,0.0,included
x_time_day/10.1016_j.solmat.2019.110284/Fig5_D_stability_performance_curve_structure/10.1016_j.solmat.2019.110284__Fig5__D__stability_performance_curve_structure__planar_n-i-p_cells__Series_2.csv,0,0,0,1.5801457618062855,1.0235163423186204,0.9863771757523162,0.9865340329844519,0.9944115766342132,0.9998035079858674,0.9921049815417298,0.9812559308942423,117.33333333333333,included
x_time_day/10.1016_j.solmat.2019.110317/Fig4_D_stability_performance_curve_pce/10.1016_j.solmat.2019.110317__Fig4__D__stability_performance_curve_pce__OSS_device__Series_2.csv,0,0,0,1.2285846208460725,5.991759983835284,0.9997063266370778,0.9999999654618822,0.9965942837450144,0.9879199445177557,0.9712878463127692,0.966526635570495,10.166666666666666,included
x_time_day/10.1016_j.solmat.2020.110689/Fig5_A_giwaxs_pattern_stability_performance_curve_pce/10.1016_j.solmat.2020.110689__Fig5__A__giwaxs_pattern_stability_performance_curve_pce__Spin-coating__Series_1.csv,0,0,0,0.6611717466564456,0.9940197441702545,0.999773638967447,0.9975556874246435,0.9780631321446392,0.9494634243522905,0.9209289732764084,0.8855223134382544,0.0,included
x_time_day/10.1016_j.synthmet.2017.02.022/Fig1_B_stability_performance_curve_pce/10.1016_j.synthmet.2017.02.022__Fig1__B__stability_performance_curve_pce__Series_1__Series_1.csv,2,1,0,2.161114086406589,11.004532041858084,0.9977886769696392,0.9697456306834069,0.8333812488232996,0.7793243607542965,0.7536861196444126,0.7056103703729106,0.0,included
x_time_day/10.1016_j.tsf.2018.03.038/Fig12_D_stability_performance_curve_photovoltaic_parameter/10.1016_j.tsf.2018.03.038__Fig12__D__stability_performance_curve_photovoltaic_parameter__SDR__Series_1.csv,0,0,0,6.4051671084238535,4.18753439094308,0.631065044258214,0.6437420571229119,0.717771095392446,0.8272343894274402,0.9311982379381871,1.0000128091020597,197.5,included
x_time_day/10.1016_j.tsf.2018.10.001/Fig7_A_chart/10.1016_j.tsf.2018.10.001__Fig7__A__chart__x=0__Series_2.csv,1,0,1,2.175796020132829,0.9992842591320976,0.9985502972012856,0.9876835089328583,0.9301391490066475,0.7623379327128623,0.6314746094855902,0.5758913454860581,0.0,included
x_time_day/10.1016_j.xcrp.2020.100180/Fig7_F_stability_performance_curve/10.1016_j.xcrp.2020.100180__Fig7__F__stability_performance_curve__Reference__Series_1.csv,0,0,0,0.7179564447122937,15.161251046184319,0.9992784387665158,0.9934946787719521,0.9779803086593285,0.9640859688973641,0.9589638369224563,0.9553261316892334,0.0,included
x_time_day/10.1021_acs.chemmater.5b03991/Fig8_A_stability_performance_curve_pce_profile/10.1021_acs.chemmater.5b03991__Fig8__A__stability_performance_curve_pce_profile__Series_1__Series_1.csv,0,0,0,0.9742446924376654,100.49132094669855,0.9975878575807838,0.9803532992168031,0.9209538749617208,0.9185121770125477,0.9255714205689747,0.9390523739237715,0.0,included
x_time_day/10.1021_acs.chemmater.5b03991/Fig9_D_stability_performance_curve_pce_profile/10.1021_acs.chemmater.5b03991__Fig9__D__stability_performance_curve_pce_profile__Series_1__Series_1.csv,2,1,0,2.757791305802728,100.61333005680409,0.9856918257014119,0.8938514639391071,0.8205267985947098,0.7630537260198414,0.7315939952236805,0.7140462126385367,0.0,included
x_time_day/10.1021_acs.iecr.9b05173/Fig8_whole_stability_performance_curve/10.1021_acs.iecr.9b05173__Fig8__whole__stability_performance_curve__Spiro__Series_1.csv,2,1,0,0.2205877607896996,0.9949093086144931,0.9981893911910328,0.9836595604887627,0.9216164829682545,0.8555058184349681,0.7987072834708058,0.7578034655413464,0.0,included
x_time_day/10.1021_acs.jpcc.0c05357/Fig1_C_stability_performance_curve_pce/10.1021_acs.jpcc.0c05357__Fig1__C__stability_performance_curve_pce__Cs15-M__Series_2.csv,0,0,0,1.389964475648176,1.1798250166758353,0.8607341196372308,0.8762538587213622,0.9656027950752637,0.9858067970068232,0.9452628782822897,0.926487896142506,74.0,included
x_time_day/10.1021_acs.jpcc.0c05357/Fig1_C_stability_performance_curve_pce/10.1021_acs.jpcc.0c05357__Fig1__C__stability_performance_curve_pce__Cs15-U__Series_3.csv,1,0,1,0.38155255911158587,1.005526485553675,0.9974585043068634,0.9751937705378612,0.838169319213411,0.7030264362322903,0.607566889991772,0.5401375064935048,0.0,included
x_time_day/10.1021_acs.jpcc.0c05357/Fig1_C_stability_performance_curve_pce/10.1021_acs.jpcc.0c05357__Fig1__C__stability_performance_curve_pce__Rb5Cs10-M__Series_4.csv,0,0,0,1.8895137532348896,1.0618446524373348,0.94810590774865,0.9565845434444913,0.9890581675858611,0.9585442305404867,0.8711618106010156,0.8004167022752978,68.0,included
x_time_day/10.1021_acs.jpcc.0c05357/Fig1_C_stability_performance_curve_pce/10.1021_acs.jpcc.0c05357__Fig1__C__stability_performance_curve_pce__Rb5Cs10-U__Series_1.csv,0,0,0,1.6421371070980275,1.0097389800706753,0.9956964134743896,0.9954549653118181,0.9956020813857762,0.9654958134312136,0.8929932121025884,0.8061073775017099,30.666666666666668,included
x_time_day/10.1021_acs.jpcc.6b12137/Fig4_D_stability_performance_curve/10.1021_acs.jpcc.6b12137__Fig4__D__stability_performance_curve__PMMA0mg_mL__Series_2.csv,2,1,0,1.847132437515724,1.0024152796435588,0.9976557441319192,0.9781831629281021,0.9141533001993809,0.8825708819945169,0.8723040683012488,0.8635235442330009,0.0,included
x_time_day/10.1021_acs.jpclett.0c03566/Fig7_A_stability_performance_curve/10.1021_acs.jpclett.0c03566__Fig7__A__stability_performance_curve__Pristine__Series_2.csv,2,1,0,1.806069063901694,0.8636831516409158,0.9961056955296853,0.9673915278103108,0.8804455148577413,0.7952279434119417,0.7356421753724394,0.693812233651852,0.0,included
x_time_day/10.1021_acs.langmuir.7b00127/Fig10_A_pce/10.1021_acs.langmuir.7b00127__Fig10__A__pce__PEDOT_PSS__Series_1.csv,2,1,0,1.5994401971578522,1.0019597903348287,0.9992240762926409,0.9929975437672383,0.9613273757371281,0.9101815650435227,0.7899956670533798,0.6568137513089277,0.0,included
x_time_day/10.1021_acs.langmuir.7b00127/Fig10_A_pce_2/10.1021_acs.langmuir.7b00127__Fig10__A__pce_2__PEDOT_PSS__Series_2.csv,2,1,0,1.6052898303180956,1.0021583835231007,0.9992219530040403,0.9929805129388682,0.9598997160894676,0.912563628796322,0.7889727212124737,0.6575865877906841,0.0,included
x_time_day/10.1021_acs.nanolett.9b01553/Fig4_F_stability_performance_curve_pce/10.1021_acs.nanolett.9b01553__Fig4__F__stability_performance_curve_pce__CuBr(0.2wt%)__Series_2.csv,0,0,0,1.6090993220829009,0.9844475037873397,0.9988156252339226,0.999938881009668,0.9957528286994811,0.9930653031349588,0.9917659639440822,0.9903884893523324,8.833333333333334,included
x_time_day/10.1021_acs.nanolett.9b01553/Fig4_F_stability_performance_curve_pce/10.1021_acs.nanolett.9b01553__Fig4__F__stability_performance_curve_pce__Pristine_perovskite__Series_1.csv,0,0,0,1.310479096633923,0.9844282471398098,0.9998998311220234,0.9998989616307357,0.9964186520284888,0.9848181394763766,0.9786147219269534,0.9728390226130272,18.166666666666668,included
x_time_day/10.1021_acsaelm.0c00808/Fig6_E_pattern/10.1021_acsaelm.0c00808__Fig6__E__pattern__Control__Series_1.csv,0,0,0,1.2214092064187678,1.0205870993093813,0.9868456339048461,0.9889139104375838,0.9999896864391519,0.9977505328240628,0.9751930365561682,0.9296093214458874,50.833333333333336,included
x_time_day/10.1021_acsaelm.0c00808/Fig6_E_pattern/10.1021_acsaelm.0c00808__Fig6__E__pattern__PFOMA__Series_2.csv,0,0,0,1.5090183541344115,1.0138264401082981,0.9871638957987803,0.9910712354642832,0.9982741445700817,0.9964252640976918,0.9869407113293213,0.9797507476340295,82.16666666666667,included
x_time_day/10.1021_acsaem.0c00398/Fig4_D_stability_performance_curve/10.1021_acsaem.0c00398__Fig4__D__stability_performance_curve__10%_PEAI__Series_3.csv,2,1,0,2.5479275996632764,0.989162037655791,0.9975954143680458,0.9782990197141787,0.8872735368504994,0.7810415473348442,0.6895388176116443,0.6746193936651694,0.0,included
x_time_day/10.1021_acsaem.0c00398/Fig4_D_stability_performance_curve/10.1021_acsaem.0c00398__Fig4__D__stability_performance_curve__60%_PEAI__Series_2.csv,0,0,0,1.4509310660301726,1.0141909759896734,0.9897071495778941,0.9842160160176762,0.9773162128256693,0.9770707865490086,0.9902991789245577,0.9999999999999601,189.83333333333334,included
x_time_day/10.1021_acsaem.0c00398/Fig4_D_stability_performance_curve/10.1021_acsaem.0c00398__Fig4__D__stability_performance_curve__Control__Series_1.csv,2,1,0,0.5608418351395632,0.9968721593120619,0.9991861380042043,0.9914041095298943,0.9347193588220963,0.852093802474031,0.7796725300208521,0.7564127741401524,0.0,included
x_time_day/10.1021_acsaem.0c01675/Fig6_B_stability_performance_curve/10.1021_acsaem.0c01675__Fig6__B__stability_performance_curve__Control__Series_2.csv,2,1,0,0.7307540979900994,0.9967101941303224,0.9960338908454903,0.9664387773846529,0.9072250557061671,0.8760234197598917,0.8207209725386632,0.7891938689068015,0.0,included
x_time_day/10.1021_acsaem.0c03227/Fig5_E_stability/10.1021_acsaem.0c03227__Fig5__E__stability__reference__Series_1.csv,0,0,0,0.9919795521554361,1.031030568596601,0.9762066224167456,0.9830306921937947,0.9979344397442917,0.9610754573138369,0.9167300436623045,0.8602991029851671,43.166666666666664,included
x_time_day/10.1021_acsaem.1c00054/Fig9_whole_stability/10.1021_acsaem.1c00054__Fig9__whole__stability__0%Pb(AC)2__Series_1.csv,2,1,0,1.8502643203428115,1.0036927495353491,0.9980508742687525,0.9831097499680505,0.9089081372129956,0.8449020545057195,0.7218580277651301,0.645010194453943,0.0,included
x_time_day/10.1021_acsaem.1c00517/Fig5_D_stability_performance_curve_pce/10.1021_acsaem.1c00517__Fig5__D__stability_performance_curve_pce__Control__Series_1.csv,0,0,0,1.1633018176658816,1.004781236078001,0.9998272394912084,0.9984408655092512,0.9922043275464151,0.9813386218872038,0.9735429494336586,0.9693171297058166,0.0,included
x_time_day/10.1021_acsaem.1c00767/Fig5_A_stability_performance_curve_pce/10.1021_acsaem.1c00767__Fig5__A__stability_performance_curve_pce__Control__Series_1.csv,2,1,0,0.8173279093325387,17.49036768652384,0.9989973766324239,0.9911447966283465,0.9423948599334702,0.8868815431859025,0.8086994936114924,0.7415413935533676,0.0,included
x_time_day/10.1021_acsaem.1c00767/Fig5_B_stability_performance_curve_pce/10.1021_acsaem.1c00767__Fig5__B__stability_performance_curve_pce__Control__Series_1.csv,2,1,0,0.8633835937966722,1.0037517077214777,1.0001138749582346,0.993324608361688,0.9466132059575089,0.8902153955051791,0.808340530484236,0.7395567093977242,0.0,included
x_time_day/10.1021_acsaem.1c00767/Fig5_C_stability_performance_curve_pce/10.1021_acsaem.1c00767__Fig5__C__stability_performance_curve_pce__Control__Series_2.csv,1,0,1,1.9175089810827208,17.60841430372792,0.9969967397538696,0.9728960821654374,0.864461270366497,0.7473913202153094,0.6860917927911487,0.6016099389099662,0.0,included
x_time_day/10.1021_acsaem.1c00767/Fig5_D_stability_performance_curve_pce/10.1021_acsaem.1c00767__Fig5__D__stability_performance_curve_pce__Control__Series_1.csv,1,0,1,1.9845703309939808,1.0025318749502845,0.9972391078497146,0.97511801748197,0.8669556264713253,0.7513094341642508,0.6888469595962465,0.6020241816453619,0.0,included
x_time_day/10.1021_acsaem.8b00277/Fig9_A_stability_performance_curve_pce/10.1021_acsaem.8b00277__Fig9__A__stability_performance_curve_pce__PEDOT_PSS__Series_1.csv,0,0,0,0.8280066694054198,1.0009703433466086,0.9993406585577409,0.9936976175611979,0.9600274517904309,0.9208000374891024,0.9095252315673488,0.9041375307822828,0.0,included
x_time_day/10.1021_acsaem.8b00277/Fig9_A_stability_performance_curve_pce/10.1021_acsaem.8b00277__Fig9__A__stability_performance_curve_pce__WOx@PEDOT_PEDOT_PSS__Series_3.csv,0,0,0,0.7510988128177558,1.006611923233195,0.9998115149781477,0.9982989544276036,0.9914383934271912,0.9713729494826545,0.9517708944339505,0.9383303792885956,0.0,included
x_time_day/10.1021_acsaem.8b01075/Fig6_A_retention/10.1021_acsaem.8b01075__Fig6__A__retention__VASP_withMAI__Series_2.csv,1,0,1,2.7212471733201933,10.38675695675042,0.9935666175361588,0.9358900077882605,0.704430484837716,0.6325807758327063,0.5566073697119277,0.5019410999954766,0.0,included
x_time_day/10.1021_acsami.0c05527/Fig7_B_stability_performance_curve_pce/10.1021_acsami.0c05527__Fig7__B__stability_performance_curve_pce__Sn-based__Series_1.csv,0,0,0,0.5765348693897876,1.0014286897421203,0.998721954390336,0.9928287660558761,0.9691861986966055,0.9411494435520772,0.9198957650168481,0.8877508849908894,0.0,included
x_time_day/10.1021_acsami.0c09046/Fig6_A_stability_performance_curve_pce/10.1021_acsami.0c09046__Fig6__A__stability_performance_curve_pce__Control_Device__Series_1.csv,0,0,0,1.1320668445606639,0.9977278013383915,0.9984111636471835,0.9999873326261396,0.9978511752557099,0.9893780637160491,0.9703996321307465,0.9426160763378744,10.666666666666666,included
x_time_day/10.1021_acsami.0c09046/Fig6_A_stability_performance_curve_pce/10.1021_acsami.0c09046__Fig6__A__stability_performance_curve_pce__With_0.02Wt%__Series_2.csv,0,0,0,1.2588924406655555,1.0018727769484985,0.999774411088961,0.9998475444413527,0.9939514343019284,0.9871908840516093,0.9758523408531399,0.9710804667415177,6.0,included
x_time_day/10.1021_acsami.0c15042/Fig4_F_stability_performance_curve/10.1021_acsami.0c15042__Fig4__F__stability_performance_curve__w_o_F8IC__Series_1.csv,0,0,0,0.6117809731339079,1.007560236754161,0.9995949892173661,0.9963448459093958,0.981724229547138,0.9560979083708993,0.9195463674652544,0.8966187491971088,0.0,included
x_time_day/10.1021_acsami.0c16939/Fig8_D_stability_performance_curve_pce/10.1021_acsami.0c16939__Fig8__D__stability_performance_curve_pce__Pristine__Series_1.csv,0,0,0,0.6953740063897784,1.0017451015393937,0.999695060624746,0.9972479735043961,0.9840323577646884,0.9544219840659397,0.9281479502879957,0.8719905212564217,0.0,included
x_time_day/10.1021_acsami.0c19784/Fig5_C_diagram/10.1021_acsami.0c19784__Fig5__C__diagram__Control__Series_1.csv,0,0,0,0.4669816646448701,0.9994905302356076,0.9994021289302677,0.993812520646024,0.9619645688968191,0.9502496241465678,0.950066386074966,0.9385440659804735,0.0,included
x_time_day/10.1021_acsami.0c19968/Fig6_F_stability_performance_curve_pce/10.1021_acsami.0c19968__Fig6__F__stability_performance_curve_pce__HTM_Zn-CBOB-0.6__Series_2.csv,0,0,0,1.062975535347793,1.0047618621580932,0.9963898575211626,0.9996891533923163,0.9957635237300425,0.9757859209633896,0.963775982888781,0.9636746963011414,36.666666666666664,included
x_time_day/10.1021_acsami.0c19968/Fig6_F_stability_performance_curve_pce/10.1021_acsami.0c19968__Fig6__F__stability_performance_curve_pce__HTM__Series_1.csv,0,0,0,0.5025188682672989,1.0088429086588822,0.9965921574650872,0.9996272480495868,0.9797541508265188,0.9440083891513158,0.9280263564036573,0.9199770951645848,8.0,included
x_time_day/10.1021_acsami.0c20126/Fig5_F_stability_performance_curve_pce/10.1021_acsami.0c20126__Fig5__F__stability_performance_curve_pce__Ref__Series_1.csv,0,0,0,0.8731307037612247,1.0029229724823832,0.9996336786738858,0.994856642252323,0.9547026156241765,0.926535572960889,0.9020565085178639,0.897123189671373,0.0,included
x_time_day/10.1021_acsami.0c22817/Fig5_F_stability_performance_curve_pce/10.1021_acsami.0c22817__Fig5__F__stability_performance_curve_pce__Ambient_stability__Series_2.csv,1,0,1,3.1993434428854317,1.0078273445810075,0.9962750496287734,0.9648199451940889,0.7993296907886084,0.6275767459536368,0.475646991064744,0.3818557335748074,0.0,included
x_time_day/10.1021_acsami.1c02218/Fig8_F_stability_performance_curve_pce/10.1021_acsami.1c02218__Fig8__F__stability_performance_curve_pce__W_O_5-TFMAP__Series_1.csv,2,1,0,0.7063778669412474,1.0055774600557943,0.9992111097704743,0.9904400375273744,0.8963743344835744,0.8270325399817497,0.7840222785037774,0.7573340294511988,0.0,included
x_time_day/10.1021_acsami.1c02218/Fig8_F_stability_performance_curve_pce/10.1021_acsami.1c02218__Fig8__F__stability_performance_curve_pce__With5-TFMAP__Series_2.csv,0,0,0,1.1615093600163195,0.9928296370624563,0.9994109612029157,0.9950025323661196,0.9834028340835123,0.9817087112745293,0.9781470064291603,0.9724911538905541,0.0,included
x_time_day/10.1021_acsami.1c02377/Fig8_D_stability_performance_curve/10.1021_acsami.1c02377__Fig8__D__stability_performance_curve__Cs-0__Series_1.csv,1,0,1,1.9746686713894952,1.0040127034621167,0.9941403862179866,0.9303629737615041,0.7395151790877386,0.6550100304343829,0.6108942532055414,0.5177575153914111,0.0,included
x_time_day/10.1021_acsami.1c04601/Fig6_A_stability_performance_curve_pce/10.1021_acsami.1c04601__Fig6__A__stability_performance_curve_pce__W_O4-ABSA__Series_1.csv,0,0,0,1.1146720860920936,1.0043564975899335,0.9993496874027094,0.9941274604641948,0.9657224352915896,0.9265428220531761,0.8881941195156696,0.8787817304370116,0.0,included
x_time_day/10.1021_acsami.1c05055/Fig10_D_stability_performance_curve_pce/10.1021_acsami.1c05055__Fig10__D__stability_performance_curve_pce__Reference__Series_2.csv,0,0,0,0.6788546428287494,0.9996148421188665,0.9996854854450142,0.9971615591202139,0.985807795601228,0.9719549848471638,0.9519765858467925,0.9303888792928713,0.0,included
x_time_day/10.1021_acsami.1c16519/Fig5_E_stability_performance_curve/10.1021_acsami.1c16519__Fig5__E__stability_performance_curve__SnO2__Series_1.csv,0,0,0,0.7463708226416005,1.002262711563172,0.9995762776620368,0.9986381053689477,0.9849409656907062,0.9414593748221959,0.9149877675691422,0.8880022234413667,0.0,included
x_time_day/10.1021_acsami.6b09532/Fig7_D_stability_performance_curve_pce/10.1021_acsami.6b09532__Fig7__D__stability_performance_curve_pce__FAₓMA₁₋ₓPbI₃__Series_1.csv,2,1,0,2.7114541153341603,1.0021388583483648,0.9985665100062545,0.9816594105353175,0.831343580757584,0.7574099817156339,0.7119731216470796,0.6981115458930064,0.0,included
x_time_day/10.1021_acsami.6b11757/Fig6_A_stability_performance_curve_pce/10.1021_acsami.6b11757__Fig6__A__stability_performance_curve_pce__a-PEDOT_PSS__Series_2.csv,2,1,0,1.1663126357097042,1.0016550717033867,0.9991685656563997,0.9839100543944264,0.9277400810056063,0.8365608917442774,0.7620093763363188,0.682034697240274,0.0,included
x_time_day/10.1021_acsami.6b11757/Fig6_A_stability_performance_curve_pce/10.1021_acsami.6b11757__Fig6__A__stability_performance_curve_pce__n-PEDOT_PSS__Series_1.csv,2,1,0,1.5679623783674634,1.0016550717033867,0.9998713661976907,0.99395792465219,0.9703766144246587,0.8988563997594238,0.8464853413404128,0.7936520637923233,0.0,included
x_time_day/10.1021_acsami.7b01136/Fig5_D_stability_performance_curve_pce/10.1021_acsami.7b01136__Fig5__D__stability_performance_curve_pce__Pristine_PVK__Series_1.csv,1,0,1,1.5529490156216006,12.88717078935285,0.9957883466101546,0.961298417177677,0.792362951234527,0.6744705155219843,0.642031350719249,0.6046557100110037,0.0,included
x_time_day/10.1021_acsami.7b01864/Fig6_B_stability_performance_curve_pce/10.1021_acsami.7b01864__Fig6__B__stability_performance_curve_pce__I-MAPbl3__Series_2.csv,0,0,0,1.7972844695654446,100.37341218153352,0.999334059386803,0.9929192535736995,0.9610488601756852,0.9193950270683198,0.863494271388092,0.8267577786237528,0.0,included
x_time_day/10.1021_acsami.7b01864/Fig6_B_stability_performance_curve_pce/10.1021_acsami.7b01864__Fig6__B__stability_performance_curve_pce__N-MAPbl3__Series_1.csv,0,0,0,1.0868527487748731,100.15559578943741,0.9995457763084252,0.9959007076959104,0.9841319301236476,0.9798113521554951,0.9728220814604618,0.967495760373886,0.0,included
x_time_day/10.1021_acsami.7b08488/Fig7_A_stability_performance_curve_pce/10.1021_acsami.7b08488__Fig7__A__stability_performance_curve_pce__MAPbI₃__Series_1.csv,2,1,0,1.3903740432219063,1.0079121654336123,0.9999332330238901,0.9969814023797173,0.9602523102634637,0.8642529323729153,0.7602250982380446,0.6978750046516018,0.0,included
x_time_day/10.1021_acsami.7b10994/Fig5_A_stability_performance_curve/10.1021_acsami.7b10994__Fig5__A__stability_performance_curve__WithPCBM__Series_1.csv,2,1,0,1.2116628605753632,18.261125357983346,0.9998202431769956,0.990686375940712,0.9536264085695628,0.8953297664692108,0.816630819788708,0.6977116209961575,0.0,included
x_time_day/10.1021_acsami.7b10994/Fig5_A_stability_performance_curve/10.1021_acsami.7b10994__Fig5__A__stability_performance_curve__Without_PCBM__Series_2.csv,1,0,1,0.8022813090532986,17.509985669334384,0.9973016729641432,0.9746663701150944,0.8679672259864808,0.7309797500409136,0.6177771899253051,0.48675282092589295,0.0,included
x_time_day/10.1021_acsami.7b10994/Fig5_B_stability_performance_curve/10.1021_acsami.7b10994__Fig5__B__stability_performance_curve__With_PCBM__Series_2.csv,2,1,0,1.1014828100229805,1.006566685669699,0.9977478374439122,0.9870369827226487,0.9455326461026523,0.8908740744571236,0.8081470897316968,0.6899058298527708,0.0,included
x_time_day/10.1021_acsami.7b10994/Fig5_B_stability_performance_curve/10.1021_acsami.7b10994__Fig5__B__stability_performance_curve__WithoutPCBM__Series_1.csv,1,0,1,0.7623821672726675,1.004385490594685,0.9969677285961018,0.9726342613533894,0.8631367652326677,0.728816410227416,0.6130961763761571,0.48102035818035305,0.0,included
x_time_day/10.1021_acsami.7b16912/Fig5_C_stability_performance_curve_pce/10.1021_acsami.7b16912__Fig5__C__stability_performance_curve_pce__CH3NH3Pbl3__Series_2.csv,0,0,0,0.7832364783864336,17.42071862914308,0.9996909197620416,0.9972106029159995,0.9860681327555698,0.9684708959999445,0.9582793588554266,0.9509277336128825,0.0,included
x_time_day/10.1021_acsami.8b05956/Fig4_A_stability_performance_curve_pce/10.1021_acsami.8b05956__Fig4__A__stability_performance_curve_pce__PEDOT_PSS__Series_2.csv,1,0,1,2.325147485801633,1.0051606571348435,0.9980801335274313,0.9681529190883607,0.7941298531607007,0.6312954982733359,0.5311447913024979,0.4014535564847674,0.0,included
x_time_day/10.1021_acsami.8b08658/Fig7_D_stability_performance_curve_pce/10.1021_acsami.8b08658__Fig7__D__stability_performance_curve_pce__MAPbI₃₋ₓClₓ__Series_2.csv,0,0,0,0.9984696785404091,1.0135033433797394,0.9812439093515478,0.9813341595802898,0.9998740617447387,0.9737773362203057,0.9661659189386358,0.9628666175279367,49.5,included
x_time_day/10.1021_acsami.8b18807/Fig9_B_pce/10.1021_acsami.8b18807__Fig9__B__pce__control__Series_1.csv,0,0,0,0.7269355718348449,0.9949954443928465,0.9996803781182196,0.9966280603744908,0.9729202547783785,0.9383632731820304,0.9131716523839393,0.8937175475074702,0.0,included
x_time_day/10.1021_acsami.9b01740/Fig5_E_stability_performance_curve_pce/10.1021_acsami.9b01740__Fig5__E__stability_performance_curve_pce__w_o_EC__Series_2.csv,2,1,0,1.668224094093193,1.0042005820407645,0.9985895367129217,0.9962932619003252,0.9873626997711387,0.8985603134477039,0.8069108497013869,0.6681945029344132,41.666666666666664,included
x_time_day/10.1021_acsami.9b07149/Fig4_D_stability_performance_curve_pce/10.1021_acsami.9b07149__Fig4__D__stability_performance_curve_pce__PVK_C60-PEG__Series_2.csv,0,0,0,1.3819131121120256,1.0056921525570506,0.999826514164845,0.9984343195609976,0.9921715978051473,0.9845966474031387,0.9824617546899141,0.9821842116510613,0.0,included
x_time_day/10.1021_acsami.9b07149/Fig4_D_stability_performance_curve_pce/10.1021_acsami.9b07149__Fig4__D__stability_performance_curve_pce__PVK_PCBM__Series_3.csv,0,0,0,0.6112660167561744,1.0056921525570506,0.9996530283297296,0.9968686391220353,0.9818455347445506,0.970861820568473,0.9499031191130773,0.9313335526275504,0.0,included
x_time_day/10.1021_acsami.9b07149/Fig4_D_stability_performance_curve_pce/10.1021_acsami.9b07149__Fig4__D__stability_performance_curve_pce__PVK__Series_1.csv,2,1,0,1.5865866564082123,0.9980166248690544,0.9994832648054028,0.9946692592295269,0.9577412237878169,0.9019817921766957,0.8507003893686576,0.8078127990183832,0.0,included
x_time_day/10.1021_acsami.9b09171/Fig6_H_stability_performance_curve_pce/10.1021_acsami.9b09171__Fig6__H__stability_performance_curve_pce__Control__Series_1.csv,0,0,0,1.319825075644649,1.010811001374252,0.9903906449262555,0.9937783979507756,0.9999471361075721,0.9863968694136296,0.9861660757691346,0.9634665784865882,47.666666666666664,included
x_time_day/10.1021_acsami.9b09171/Fig6_H_stability_performance_curve_pce/10.1021_acsami.9b09171__Fig6__H__stability_performance_curve_pce__GAI-DEE__Series_2.csv,0,0,0,1.1625495525890512,1.029833671760406,0.9860848508727387,0.9890335885080184,0.999326613971265,0.9857712581842919,0.9654102461329441,0.9551667117700648,54.666666666666664,included
x_time_day/10.1021_acsami.9b12323/Fig4_F_stability_performance_curve_pce/10.1021_acsami.9b12323__Fig4__F__stability_performance_curve_pce__0%__Series_2.csv,2,1,0,1.2959369034605597,1.0095732888785014,0.9921307790617143,0.9985332584220575,0.9827630913817881,0.8728846542062956,0.8267354269551804,0.7831782325392761,18.833333333333332,included
x_time_day/10.1021_acsami.9b12961/Fig6_A_stability_performance_curve_pce/10.1021_acsami.9b12961__Fig6__A__stability_performance_curve_pce__Control_device__Series_1.csv,0,0,0,0.9519568747244593,0.9907125738421653,0.9995852360736432,0.9953359168254485,0.956606429063004,0.9230596913561626,0.9030913587173717,0.8888310446902034,0.0,included
x_time_day/10.1021_acsami.9b12961/Fig6_A_stability_performance_curve_pce/10.1021_acsami.9b12961__Fig6__A__stability_performance_curve_pce__TFTPA_device__Series_2.csv,0,0,0,0.8458729405907905,1.000723153483045,0.9994835928740465,0.9958606217389223,0.9845328126332649,0.9713547050142217,0.9597048263254199,0.956667679175305,0.0,included
x_time_day/10.1021_acsami.9b17851/Fig5_A_stability_performance_curve/10.1021_acsami.9b17851__Fig5__A__stability_performance_curve__Pristine__Series_1.csv,0,0,0,1.077531947143043,0.9987684026359672,0.9661751154243493,0.9728731161117324,0.9979227386680997,0.989418436166756,0.966611429024232,0.9518820381021258,61.333333333333336,included
x_time_day/10.1021_acsami.9b20831/Fig5_A_photovoltaic_parameter/10.1021_acsami.9b20831__Fig5__A__photovoltaic_parameter__Pristine__Series_1.csv,0,0,0,1.3536586461956461,100.45107274968683,0.9998134049311086,0.9978578520572406,0.9890539807093021,0.9860156488432102,0.9831596431987508,0.9809194251806882,0.0,included
x_time_day/10.1021_acsomega.0c04593/Fig10_A_stability_performance_curve/10.1021_acsomega.0c04593__Fig10__A__stability_performance_curve__Aged__Series_2.csv,2,1,0,1.226208629608564,18.92443193983457,0.9988662976978147,0.9859791917014771,0.9200882114264751,0.8931231754143368,0.8543362549361339,0.7860444644103772,0.0,included
x_time_day/10.1021_acssuschemeng.0c02983/Fig5_A_stability_performance_curve_pce/10.1021_acssuschemeng.0c02983__Fig5__A__stability_performance_curve_pce__w_PTABr__Series_1.csv,0,0,0,1.4348779620196972,0.9992374269442375,0.9997540500309606,0.9977769030063414,0.9918955575734795,0.9891063200567602,0.9860048641023579,0.9826123423919833,0.0,included
x_time_day/10.1021_acssuschemeng.0c02983/Fig5_A_stability_performance_curve_pce/10.1021_acssuschemeng.0c02983__Fig5__A__stability_performance_curve_pce__w_o_PTABr__Series_2.csv,0,0,0,1.1786701171818639,1.0021320685765855,0.9997089100189738,0.9978024349964835,0.9918533854464388,0.9830184730724416,0.9749528628974619,0.965320632918756,0.0,included
x_time_day/10.1021_acssuschemeng.1c02537/Fig6_A_stability_performance_curve/10.1021_acssuschemeng.1c02537__Fig6__A__stability_performance_curve__0.1MABr__Series_2.csv,0,0,0,0.7479432457297661,1.0039323056854883,0.9988976192057432,0.9926272995256888,0.9827160374874361,0.9484655504236972,0.9087106636760699,0.8937956076260624,0.0,included
x_time_day/10.1021_acssuschemeng.1c02537/Fig6_A_stability_performance_curve/10.1021_acssuschemeng.1c02537__Fig6__A__stability_performance_curve__o—Control__Series_1.csv,2,1,0,1.697274311984201,1.0014526536258084,0.9986318430085996,0.9876526136131686,0.9358297333930735,0.8470765908925817,0.7359147537475702,0.6632640257589348,0.0,included
x_time_day/10.1021_acssuschemeng.9b00368/Fig7_A_stability_performance_curve/10.1021_acssuschemeng.9b00368__Fig7__A__stability_performance_curve__MAPbI3__Series_2.csv,2,1,0,1.3939617757412661,1.0004304794858911,0.9996911332828456,0.9955470877726285,0.949038652864765,0.9021129168394051,0.8383234474830511,0.805494477083688,0.0,included
x_time_day/10.1021_acssuschemeng.9b02336/Fig6_whole_figure/10.1021_acssuschemeng.9b02336__Fig6__whole__figure__PEDOT_PSS__Series_2.csv,2,1,0,0.7394850344733093,1.0025931430575383,0.9995360261135283,0.9946969638985336,0.9511649208016438,0.8638987825487338,0.8126999599657407,0.780045145653665,0.0,included
x_time_day/10.1038_nenergy.2017.102/Fig4_A_pce/10.1038_nenergy.2017.102__Fig4__A__pce__L-α-phosphatidylcholine__Series_1.csv,0,0,0,1.2176624723656515,19.595919828065398,0.9996657759459158,0.9972641302033384,0.9886073182541508,0.9827379540529332,0.9778675739540699,0.9710565300300725,0.0,included
x_time_day/10.1038_s41427-018-0055-0/Fig5_A_stability_performance_curve/10.1038_s41427-018-0055-0__Fig5__A__stability_performance_curve__W_O_QDs__Series_1.csv,2,1,0,0.6392865186548525,1.004938509099256,0.9990722980128344,0.9906812617449197,0.935414922847958,0.8622468860409401,0.7893472282478134,0.7293066764887327,0.0,included
x_time_day/10.1038_s41560-018-0192-2/Fig5_B_statistics_plot_stability_performance_curve_pce/10.1038_s41560-018-0192-2__Fig5__B__statistics_plot_stability_performance_curve_pce__CsMAFA__Series_1.csv,0,0,0,0.5281927366324651,0.9970784238988168,0.9994485311003821,0.9954605016708669,0.9825102013892717,0.965332418994567,0.9456792790305588,0.9125962102331913,0.0,included
x_time_day/10.1038_s41598-018-25975-8/Fig6_A_stability_performance_curve/10.1038_s41598-018-25975-8__Fig6__A__stability_performance_curve__w_o_Cu₂O_60__Series_1.csv,0,0,0,1.4749352167512486,0.9951613329488913,0.9644434950427473,0.9372255339504452,0.9692138772676625,0.9669868113490894,0.991842211439164,0.9953398651381558,177.33333333333334,included
x_time_day/10.1038_s41598-024-78155-2/Fig8_C_stability_performance_curve_pce/10.1038_s41598-024-78155-2__Fig8__C__stability_performance_curve_pce__Control__Series_1.csv,2,1,0,1.3630978812266392,1.0003820703774393,1.000246911274766,0.9895478168048565,0.9389367507710011,0.8556238986412975,0.7491948572969517,0.6847166546848253,0.0,included
x_time_day/10.1038_s41598-024-78155-2/Fig8_C_stability_performance_curve_pce/10.1038_s41598-024-78155-2__Fig8__C__stability_performance_curve_pce__GAI__Series_2.csv,0,0,0,1.1625399148999718,1.0067444855117405,0.9995159672789437,0.9913602725549256,0.9557619263874285,0.9261550456244925,0.8967296866547683,0.8549305867964057,0.0,included
x_time_day/10.1038_s41598-024-78155-2/Fig8_D_stability_performance_curve_pce/10.1038_s41598-024-78155-2__Fig8__D__stability_performance_curve_pce__Control__Series_1.csv,1,0,1,1.706228828757664,1.0021513360756988,0.9980374641385737,0.9717565697828253,0.8565064925004786,0.6984766480243685,0.5278694707328103,0.44716200631927694,0.0,included
x_time_day/10.1038_s41598-024-78155-2/Fig8_D_stability_performance_curve_pce/10.1038_s41598-024-78155-2__Fig8__D__stability_performance_curve_pce__GAI__Series_2.csv,2,1,0,1.7852249080647495,1.003809023391652,0.9979205033655999,0.9797063937688212,0.8974812003412943,0.7982074977992085,0.7393408880195548,0.6711173806621489,0.0,included
x_time_day/10.1039_C9TA04366G/Fig2_D_stability_performance_curve_eqe/10.1039_C9TA04366G__Fig2__D__stability_performance_curve_eqe__PCBM__Series_1.csv,0,0,0,1.4990220944598556,0.997797979041075,0.9988897745089093,0.9899811278973983,0.9535040614168645,0.9118332547045228,0.880813565960669,0.8482811265648038,0.0,included
x_time_day/10.1039_c5ta06008g/Fig4_F_stability_performance_curve_decay/10.1039_c5ta06008g__Fig4__F__stability_performance_curve_decay__Without_PEI__Series_2.csv,1,0,1,1.6802853526971686,0.9975469562316532,0.9970674614189382,0.9706776809908579,0.8154471076809781,0.6119221848821809,0.5658776350169463,0.5341371145199617,0.0,included
x_time_day/10.1039_c6ee02687g/Fig6_D_stability_performance_curve_pce/10.1039_c6ee02687g__Fig6__D__stability_performance_curve_pce__Without_ALD_AI203__Series_2.csv,0,0,0,0.9179064840202701,0.8088294352676835,0.9998556129351803,0.9985926403335161,0.9887573300488453,0.9734967272429628,0.9624267786493105,0.9563698765904788,0.0,included
x_time_day/10.1039_c6ta03164a/Fig7_A_stability_performance_curve_pce/10.1039_c6ta03164a__Fig7__A__stability_performance_curve_pce__LN-P3HT__Series_2.csv,0,0,0,1.281989430251981,13.140453210670158,0.9996934184719102,0.9978280448621651,0.9936366542599199,0.9844138320989466,0.977940257479165,0.9742719360701115,0.0,included
x_time_day/10.1039_c6ta03164a/Fig7_A_stability_performance_curve_pce/10.1039_c6ta03164a__Fig7__A__stability_performance_curve_pce__LP-P3HT__Series_1.csv,0,0,0,0.7113932758474365,10.923539059809482,0.9997541321725381,0.9977810659413769,0.9846182371440791,0.9696147820948426,0.9529570544050108,0.9449689577874779,0.0,included
x_time_day/10.1039_c6ta09174a/Fig4_B_stability_performance_curve_pce/10.1039_c6ta09174a__Fig4__B__stability_performance_curve_pce__b__Series_2.csv,0,0,0,0.8877396513061055,1.010689468759395,0.9986890515380421,0.9908998120287471,0.9752675954884136,0.9513481414557775,0.9113993159954781,0.8616729498931647,0.0,included
x_time_day/10.1039_c6ta09687e/Fig1_C_jv_curve_stability_performance_ff/10.1039_c6ta09687e__Fig1__C__jv_curve_stability_performance_ff__FAPbI3__Series_1.csv,2,1,0,0.5287698483226876,0.9983247245487318,0.9981218780402255,0.9835515929751195,0.9228866641505238,0.8619602307270463,0.828279957999296,0.764899773686322,0.0,included
x_time_day/10.1039_c6ta09687e/Fig1_C_jv_curve_stability_performance_ff/10.1039_c6ta09687e__Fig1__C__jv_curve_stability_performance_ff__MAPbI3__Series_2.csv,1,0,1,3.127560680107886,0.9951551639722952,0.996621138680726,0.9701375472014068,0.8683303982925903,0.7240501545151816,0.49652986008581373,0.3212438179024233,0.0,included
x_time_day/10.1039_c7nr03963h/Fig5_whole_figure/10.1039_c7nr03963h__Fig5__whole__figure__PEDOT__Series_2.csv,1,0,1,2.4852292867878707,11.722137935150243,0.9990614661048326,0.9915298896884854,0.948681839065602,0.7923834708750668,0.6354656716306972,0.48923065133852456,0.0,included
x_time_day/10.1039_c7nr06812c/Fig8_A_stability_performance_curve_pce/10.1039_c7nr06812c__Fig8__A__stability_performance_curve_pce__ZnO_Device__Series_1.csv,0,0,0,1.0930401048326621,1.0022268534617746,0.9997082609005409,0.9978027352015562,0.9908900663453556,0.9814480683231214,0.9704397916587958,0.9623507943345264,0.0,included
x_time_day/10.1039_c7se00036g/Fig5_C_stability_performance_curve_pce/10.1039_c7se00036g__Fig5__C__stability_performance_curve_pce__Conventional_dripping__Series_2.csv,0,0,0,0.9302561634812353,18.922668717120352,1.0000119343121998,0.9986591475933482,0.9803411066033451,0.981220605118473,0.969030910338591,0.9436252387456452,0.0,included
x_time_day/10.1039_c7ta00894e/Fig6_G_stability_performance_curve_pce/10.1039_c7ta00894e__Fig6__G__stability_performance_curve_pce__CH3NH3PbI3__Series_1.csv,0,0,0,0.8269331103891754,0.9994182060366822,0.9996417521595166,0.9967668735852823,0.9801019415079049,0.94238547483554,0.9101137062440495,0.8772833412149351,0.0,included
x_time_day/10.1039_c7ta00894e/Fig6_H_stability_performance_curve_pce/10.1039_c7ta00894e__Fig6__H__stability_performance_curve_pce__CH3NH3PbI3__Series_2.csv,2,1,0,0.8310192003541381,0.9995395707684221,0.9994385339687615,0.9936441183647775,0.9374401621132349,0.8650837479241982,0.7909595157007865,0.6982860046811549,0.0,included
x_time_day/10.1039_c7ta06088b/Fig6_A_stability_performance_curve_pce/10.1039_c7ta06088b__Fig6__A__stability_performance_curve_pce__perovskite_spiro-OMeTAD__Series_2.csv,3,1,1,3.9278030380056896,0.9934001255209464,0.9904136603990396,0.9099982433899021,0.5500054598314679,0.32467618669296633,0.1926062202492588,0.09450227607852771,0.0,included
x_time_day/10.1039_c7tc01973d/Fig5_D_stability_performance_curve/10.1039_c7tc01973d__Fig5__D__stability_performance_curve__Compact_Pbl2__Series_2.csv,1,0,1,3.405956346061163,1.0024899874683573,0.9990778021704068,0.9893323486922847,0.9310106953302939,0.8421972975838803,0.6920996247661056,0.4033825722217672,0.0,included
x_time_day/10.1039_c7tc01973d/Fig5_D_stability_performance_curve/10.1039_c7tc01973d__Fig5__D__stability_performance_curve__Mesoporous_Pbl__Series_1.csv,0,0,0,1.8044925650597332,1.0024899874683573,0.9994466813022281,0.9924302640280208,0.9572517148635254,0.9042757963025628,0.8607836378988832,0.8468310446099585,0.0,included
x_time_day/10.1039_c8nj06146g/Fig6_A_stability_performance_curve_pce/10.1039_c8nj06146g__Fig6__A__stability_performance_curve_pce__Pure_PCBM__Series_2.csv,1,0,1,1.6751645942257671,0.9963015609459189,0.9980686026085807,0.9805558526663052,0.8658426511685808,0.7513672585454537,0.6698056835763807,0.5804249647446985,0.0,included
x_time_day/10.1039_c8ra03162b/Fig10_A_stability_performance_curve_plot/10.1039_c8ra03162b__Fig10__A__stability_performance_curve_plot__ZnO_NPs_TiO₂__Series_2.csv,2,1,0,1.8717791634386598,1.262634252761653,0.8004889758608491,0.8611809596310229,0.996240174599014,0.8569875921859963,0.7704543233594024,0.7392358525125625,44.833333333333336,included
x_time_day/10.1039_c8ra03162b/Fig10_A_stability_performance_curve_plot/10.1039_c8ra03162b__Fig10__A__stability_performance_curve_plot__ZnO_NPs__Series_1.csv,3,1,1,7.943987600974086,0.9708983693999707,0.9721461579576832,0.7658886500615545,0.27581671021531823,0.2413901988111896,0.22982553111335635,0.23832831871400614,0.0,included
x_time_day/10.1039_c8ra03162b/Fig10_B_stability_performance_curve_plot/10.1039_c8ra03162b__Fig10__B__stability_performance_curve_plot__ZnO_sol-gel_TiO2__Series_2.csv,2,1,0,2.4971259984372107,1.3117602841791034,0.7832344069586208,0.8445038544328711,0.9945725415207005,0.7859550613600832,0.7311648859519226,0.749988109061793,44.833333333333336,included
x_time_day/10.1039_c8ta00457a/Fig9_H_pce/10.1039_c8ta00457a__Fig9__H__pce__WithoutOTAB__Series_2.csv,2,1,0,0.80808415150794,0.9957513151747335,0.9991772088399977,0.9921001159618982,0.9424322676528115,0.8804075532502447,0.8021698460684928,0.7336282269891761,0.0,included
x_time_day/10.1039_c8ta00583d/Fig5_whole_stability_performance_curve/10.1039_c8ta00583d__Fig5__whole__stability_performance_curve__MAPbI₃_(IT-4F)__Series_1.csv,0,0,0,1.2796489101849104,18.372946731453258,0.9983627338357375,0.9999338227510521,0.99339422740577,0.9850326415442984,0.9786544651562274,0.9738218350692023,9.0,included
x_time_day/10.1039_c8ta00583d/Fig5_whole_stability_performance_curve/10.1039_c8ta00583d__Fig5__whole__stability_performance_curve__MAPbI₃__Series_2.csv,0,0,0,1.09373378605947,16.902972345659524,0.9983525974829929,0.9999937402874716,0.9979465897681076,0.9920204166718718,0.9664309229981559,0.9334212549665221,9.833333333333334,included
x_time_day/10.1039_c8ta03608j/Fig4_B_stability_performance_curve_pce/10.1039_c8ta03608j__Fig4__B__stability_performance_curve_pce__PEDOT_PSS__Series_1.csv,1,0,1,4.014265977314706,1.0015568339016243,0.9989379816603629,0.9811669242838855,0.8509272630907642,0.7143215967569245,0.46568216149117225,0.23966896170105723,0.0,included
x_time_day/10.1039_c8ta11925b/Fig6_E_stability_performance_curve_pce/10.1039_c8ta11925b__Fig6__E__stability_performance_curve_pce__ABS-0__Series_1.csv,0,0,0,0.596195682390232,1.008055241389431,0.9896819608996351,0.9969524061531755,0.9866761536253731,0.9589931035085816,0.9444993721942313,0.9287077813346791,18.833333333333332,included
x_time_day/10.1039_c8ta12206g/Fig8_A_pce/10.1039_c8ta12206g__Fig8__A__pce__Control__Series_1.csv,0,0,0,0.7123479887649221,1.0244817312013388,0.9832652146072537,0.9867132109893981,0.9999868583831043,0.9699115250404652,0.9334520841446402,0.9140880077886139,49.166666666666664,included
x_time_day/10.1039_c9nr05719f/Fig6_A_stability_performance_curve_pce/10.1039_c9nr05719f__Fig6__A__stability_performance_curve_pce__Spiro-OMeTAD_(LiTFSI_+TBP)__Series_2.csv,1,0,1,1.8522545883648804,1.002281049384218,0.9966768076322795,0.9635210798123125,0.8496652421679751,0.7250660530608609,0.6600179750247827,0.3560530522442577,0.0,included
x_time_day/10.1039_c9nr05719f/Fig6_A_stability_performance_curve_pce/10.1039_c9nr05719f__Fig6__A__stability_performance_curve_pce__TFB_(LiTFSI_+TBP)__Series_1.csv,1,0,1,2.1058039017767483,1.0053776389886664,0.9990640533387456,0.9862340092184207,0.7070196510976324,0.6697893522720288,0.531692881000967,0.4788365917599934,0.0,included
x_time_day/10.1039_c9se00003h/Fig4_D_stability_performance_curve/10.1039_c9se00003h__Fig4__D__stability_performance_curve__spiro-OMeTAD__Series_2.csv,0,0,0,0.47578343038296045,1.0002390050833483,0.9998677887161793,0.9978249967612108,0.9812977621116266,0.9616861407556231,0.9391738605863406,0.9100640614268811,0.0,included
x_time_day/10.1039_c9ta03022k/Fig1_F_stability_performance_curve_pce/10.1039_c9ta03022k__Fig1__F__stability_performance_curve_pce__PTAA__Series_2.csv,2,1,0,2.519012015612606,1.0092779836988581,0.9950521926974002,0.9983999957905006,0.9953393006542205,0.9733635265333584,0.8159918102820115,0.7391000175534863,20.333333333333332,included
x_time_day/10.1039_c9ta08084h/Fig7_D_stability_performance_curve_pce/10.1039_c9ta08084h__Fig7__D__stability_performance_curve_pce__0—NiOx_PS_MAPbl3__Series_2.csv,0,0,0,1.487217976999724,1.0050302639408528,0.9963329508112136,0.9996508434085649,0.9964871219514295,0.9933428069089952,0.9880551145260247,0.9787547735465154,13.5,included
x_time_day/10.1039_c9ta08084h/Fig7_D_stability_performance_curve_pce/10.1039_c9ta08084h__Fig7__D__stability_performance_curve_pce__NiOx_MAPbl₃__Series_3.csv,0,0,0,1.4182749548420672,1.0030412471385708,0.9998422836132572,0.9998422836132572,0.9987580822377156,0.991056016864445,0.9854156314508045,0.9677951514851739,37.333333333333336,included
x_time_day/10.1039_c9ta08177a/Fig6_B_stability_performance_curve/10.1039_c9ta08177a__Fig6__B__stability_performance_curve__withPEVCNT__Series_2.csv,2,1,0,2.133799565761691,1.0039954051627793,0.9974854018417527,0.9666099386797937,0.8269172128721598,0.7774035571743717,0.7640673792156621,0.7478429576535837,0.0,included
x_time_day/10.1039_c9ta08177a/Fig6_B_stability_performance_curve/10.1039_c9ta08177a__Fig6__B__stability_performance_curve__without_PEVCNT__Series_1.csv,2,1,0,1.048201991136891,1.0072847720840887,0.9984756338685286,0.9843014935950614,0.8764811898342638,0.8401776450952597,0.8237505902760273,0.8203932138299583,0.0,included
x_time_day/10.1039_c9ta11744j/Fig6_A_stability_performance_curve_pce/10.1039_c9ta11744j__Fig6__A__stability_performance_curve_pce__Spiro-OMeTAD__Series_1.csv,0,0,0,2.0405544654732886,1.0001969083505344,0.999855908681829,0.999855908681829,0.9933834255209588,0.9369673440592593,0.8652931361508511,0.8050763277208659,33.333333333333336,included
x_time_day/10.1039_c9tc00374f/Fig4_F_jv_curve_stability_performance_pce/10.1039_c9tc00374f__Fig4__F__jv_curve_stability_performance_pce__Reference-PSC__Series_1.csv,0,0,0,1.238257680645086,1.0031690964418485,0.9999431145610609,0.9988944586702783,0.9904981535416251,0.9888176125977252,0.9751935725631162,0.9710267018614517,0.0,included
x_time_day/10.1039_c9tc02526j/Fig7_whole_stability/10.1039_c9tc02526j__Fig7__whole__stability__NiOX__Series_3.csv,0,0,0,1.524151296413045,0.9990668445856622,0.9991015162480336,0.9998936165220803,0.9978848239218968,0.9949461803776958,0.9878959764077572,0.979167209373205,14.666666666666666,included
x_time_day/10.1039_c9tc03120k/Fig7_D_stability_performance_curve_pce/10.1039_c9tc03120k__Fig7__D__stability_performance_curve_pce__NPB__Series_1.csv,2,1,0,0.6538642758545454,0.9990344443170375,0.9984667954150551,0.9796284121065606,0.89216863846409,0.8280895876599146,0.7957510095998606,0.7202195204616773,0.0,included
x_time_day/10.1039_c9tc05410c/Fig5_F_stability_performance_curve_image/10.1039_c9tc05410c__Fig5__F__stability_performance_curve_image__Z8@MWCNT__Series_2.csv,0,0,0,1.1955088672803131,15.457632738835818,0.9992461081586469,0.9910983784004319,0.945975915595086,0.9110879778324734,0.9016854225633332,0.8670463541506604,0.0,included
x_time_day/10.1039_c9tc05410c/Fig5_F_stability_performance_curve_image/10.1039_c9tc05410c__Fig5__F__stability_performance_curve_image__Z8__Series_1.csv,1,0,1,1.1140127427930386,15.024286782133451,0.9980033211717858,0.9718732756454856,0.8043563418275486,0.6627872632942472,0.580513793423285,0.48630006431149236,0.0,included
x_time_day/10.1039_d0dt03201h/Fig6_E_stability_performance_curve_pce/10.1039_d0dt03201h__Fig6__E__stability_performance_curve_pce__HTMwithout_BiWg-Zn__Series_2.csv,0,0,0,0.9118980465303868,17.59610936972641,0.9995836777171848,0.9999883425666313,0.9900715178637796,0.9768638736041966,0.9618673852711063,0.9457259703668007,8.833333333333334,included
x_time_day/10.1039_d0qm00983k/Fig10_B_stability_performance_curve/10.1039_d0qm00983k__Fig10__B__stability_performance_curve__o—Pristine__Series_1.csv,0,0,0,1.0789332468573782,16.432525557684226,0.9795668525514339,0.9807687152101422,0.999293550173779,0.981920128262811,0.9291205456076657,0.8717671222815612,45.166666666666664,included
x_time_day/10.1039_d0ra07254k/Fig6_C_stability_performance_curve/10.1039_d0ra07254k__Fig6__C__stability_performance_curve__W_O_DDQ__Series_1.csv,0,0,0,0.7944620027460559,18.35999051413492,0.9969030811801813,0.999158236369817,0.997367553061686,0.9734465044622229,0.936002364187564,0.8976353009311888,38.833333333333336,included
x_time_day/10.1039_d0ta06646j/Fig4_G_stability_performance_curve_pce/10.1039_d0ta06646j__Fig4__G__stability_performance_curve_pce__1nmFPPX__Series_2.csv,0,0,0,1.1084696068535145,1.004505937909906,0.999679616278845,0.999773761128013,0.9918426317596376,0.9761357121172073,0.9244303647329509,0.845945378578885,6.5,included
x_time_day/10.1039_d0ta06646j/Fig4_G_stability_performance_curve_pce/10.1039_d0ta06646j__Fig4__G__stability_performance_curve_pce__5nmPPX__Series_1.csv,0,0,0,1.5877901735797426,1.0017599499090628,0.9941341191044215,0.9997717944138683,0.9992940604223376,0.9954984178106414,0.9885059805143237,0.9885059805143237,13.166666666666666,included
x_time_day/10.1039_d0ta06646j/Fig4_G_stability_performance_curve_pce/10.1039_d0ta06646j__Fig4__G__stability_performance_curve_pce__Uncoated__Series_3.csv,0,0,0,2.2281551505080737,1.004505937909906,0.999679616278845,0.999773761128013,0.9855780970609823,0.9538962266382437,0.8708010730475856,0.7588231182180144,6.5,included
x_time_day/10.1039_d0tc01464h/Fig5_C_eqe_curve_stability_performance/10.1039_d0tc01464h__Fig5__C__eqe_curve_stability_performance__pristine__Series_1.csv,0,0,0,1.6416364536871213,1.0209174713334783,0.9837573276286207,0.9849129000330051,0.991336956934195,0.999234972259182,0.9955821764596199,0.9914885246966394,111.0,included
x_time_day/10.1039_d0tc01464h/Fig5_C_eqe_curve_stability_performance/10.1039_d0tc01464h__Fig5__C__eqe_curve_stability_performance__with_NH₂GACl__Series_2.csv,0,0,0,1.5351217160336872,1.0508183408945841,0.9537090668027237,0.9586040701778429,0.9745636595821104,0.9935072373540642,0.9967121690056193,0.9887578339055602,132.16666666666666,included
x_time_day/10.1039_d0tc02535f/Fig6_whole_stability/10.1039_d0tc02535f__Fig6__whole__stability__Control__Series_2.csv,2,1,0,0.5975115460777451,1.0064448745032117,0.9997696178210659,0.9816537669857022,0.9275278975573791,0.8476210182646279,0.776897271801478,0.7320904662700465,0.0,included
x_time_day/10.1039_d0tc03133j/Fig6_D_stability_performance_curve_pce/10.1039_d0tc03133j__Fig6__D__stability_performance_curve_pce__Without_CB__Series_1.csv,0,0,0,1.7748630587735947,1.0020449800829057,0.9990428686518538,0.993175739237092,0.9619912588694493,0.9112842920005071,0.8660438793240578,0.8363878190207658,0.0,included
x_time_day/10.1039_d0tc05455k/Fig6_A_stability_performance_curve_pce/10.1039_d0tc05455k__Fig6__A__stability_performance_curve_pce__CsPbIBr₂__Series_2.csv,0,0,0,0.783450499364621,1.0190760251357773,0.9751036723207505,0.9828714482992023,0.9996636282910394,0.9692378035342762,0.9481271270234642,0.9386559017645525,52.666666666666664,included
x_time_day/10.1039_d0tc05877g/Fig9_whole_stability/10.1039_d0tc05877g__Fig9__whole__stability__o—ITO_SnO2_Perovskite__Series_2.csv,0,0,0,0.8749821631930743,18.61586874614535,0.9998975750342594,0.9991084639108774,0.9921206048551964,0.9795105812697585,0.9613967090966931,0.9260970681012025,0.0,included
x_time_day/10.1039_d1ra05399j/Fig5_C_stability_performance_curve_pce/10.1039_d1ra05399j__Fig5__C__stability_performance_curve_pce__Control__Series_2.csv,2,1,0,1.179736077536093,1.005234610364729,0.9984869249488463,0.9854627096482514,0.9344575571415604,0.8855081587827682,0.8449510647759505,0.7987334846863993,0.0,included
x_time_day/10.1039_d1sc01416a/Fig5_B_stability_performance_curve/10.1039_d1sc01416a__Fig5__B__stability_performance_curve__Spiro-OMeTAD__Series_1.csv,0,0,0,0.5075738586733631,1.0040943785679755,0.9996774181630302,0.9968159815486396,0.9799930864308397,0.9562167982148608,0.9275767970269769,0.903122324404654,0.0,included
x_time_day/10.1039_d1se00192b/Fig6_A_stability_performance_curve_pce/10.1039_d1se00192b__Fig6__A__stability_performance_curve_pce__Control__Series_1.csv,0,0,0,1.140097387372511,1.0076295815280498,0.9976481872389573,1.0001521801983158,0.9764016016057893,0.9324855861676493,0.8936076143987969,0.8670836836394126,5.833333333333333,included
x_time_day/10.1039_d1ta04520b/Fig5_A_stability_performance_curve_pce/10.1039_d1ta04520b__Fig5__A__stability_performance_curve_pce__Pristine__Series_1.csv,0,0,0,1.342570543436194,1.0011812509827531,0.9999595680459323,0.9993564305200614,0.9945591726349714,0.9898613205230435,0.9810254194309458,0.9715592580613759,0.0,included
x_time_day/10.1039_d2cp02033e/Fig5_A_stability_performance_curve_pce/10.1039_d2cp02033e__Fig5__A__stability_performance_curve_pce__NiOx_C60_C70__Series_1.csv,0,0,0,0.5838390667677885,1.0027242212085075,0.9999077740463368,0.9999917912572133,0.9870036098333493,0.9639656835749837,0.9345918526148336,0.915255704547903,10.333333333333334,included
x_time_day/10.1039_d2cp02033e/Fig5_A_stability_performance_curve_pce/10.1039_d2cp02033e__Fig5__A__stability_performance_curve_pce__PEDOT_PSS_PCBM__Series_2.csv,2,1,0,1.6816257637791139,1.0026317440109853,0.999574106496087,0.9961482151392924,0.9656539974927006,0.899798937988206,0.849883013022642,0.8219298670196681,0.0,included
x_time_day/10.1039_d2ra03411e/Fig8_F_stability_performance_curve_pce/10.1039_d2ra03411e__Fig8__F__stability_performance_curve_pce__NiOx__Series_1.csv,2,1,0,0.959990473993457,0.9785965678130429,0.9931983672606148,0.9452809917703698,0.8735617848901853,0.8269823707441657,0.8061437494283605,0.7623565383510541,0.0,included
x_time_day/10.1039_d3ra00809f/Fig4_C_stability_performance_curve_pce/10.1039_d3ra00809f__Fig4__C__stability_performance_curve_pce__Control__Series_1.csv,0,0,0,0.630846797619836,1.0033937160056066,0.9994682284624862,0.9960351762320044,0.9861157227355102,0.9626196914610479,0.9267475979260326,0.8884126839694431,0.0,included
x_time_day/10.1039_d3ta01935g/Fig5_E_stability_performance_curve_pce/10.1039_d3ta01935g__Fig5__E__stability_performance_curve_pce__Pure_F-PEA__Series_3.csv,2,1,0,0.7113414946833215,1.001838340541796,0.9981104391961056,0.9832363279404214,0.9241753305532028,0.8710264367908473,0.8267901070197827,0.7878490592775079,0.0,included
x_time_day/10.1039_d3ta01935g/Fig5_E_stability_performance_curve_pce/10.1039_d3ta01935g__Fig5__E__stability_performance_curve_pce__Pure_iso-BA__Series_1.csv,2,1,0,0.8817944770709814,1.001838340541796,0.9986512705934752,0.9863807419163163,0.9015588074682955,0.820095728702978,0.7721174150651787,0.7362163469402487,0.0,included
x_time_day/10.1039_d3ta03423b/Fig3_C_stability_performance_curve_pce/10.1039_d3ta03423b__Fig3__C__stability_performance_curve_pce__Reference__Series_1.csv,0,0,0,1.7140073805867884,1.006481226897642,0.9955185999636793,0.9962311979747408,0.9983896873943265,0.9999589600061995,0.9967139929770555,0.9909717411149929,105.16666666666667,included
x_time_day/10.1039_d4ra00583j/Fig7_whole_stability_performance_curve_pce/10.1039_d4ra00583j__Fig7__whole__stability_performance_curve_pce__W_O_BA__Series_2.csv,0,0,0,0.4733654205769856,0.9993759125326134,0.9995651727759308,0.9960757575478965,0.9794918489871757,0.960757575479323,0.9412657681108397,0.9303249759037612,0.0,included
x_time_day/10.1039_d4sc02020k/Fig4_A_stability_performance_curve_image/10.1039_d4sc02020k__Fig4__A__stability_performance_curve_image__PTAA_Li-CYCLIC__Series_2.csv,0,0,0,0.4854860444368725,1.004716563803922,0.9996274061483424,0.996243617747309,0.9774113967683361,0.963910827315589,0.9317045728966217,0.9058378442192511,0.0,included
x_time_day/10.1039_d4sc02020k/Fig4_A_stability_performance_curve_image/10.1039_d4sc02020k__Fig4__A__stability_performance_curve_image__PTAA_Li-TFSI__Series_1.csv,2,1,0,1.6689995080580315,1.0001006956233862,0.9986504749952305,0.9885206782823078,0.9570477144653875,0.9123299986314795,0.8525445912658882,0.8061872886975593,0.0,included
x_time_day/10.1039_d5sc04440e/Fig4_A_stability_performance_curve_pce/10.1039_d5sc04440e__Fig4__A__stability_performance_curve_pce__PTAA_Li-TFSI__Series_1.csv,2,1,0,0.7517593250881301,1.0003719742145072,0.9992315447515205,0.9912969556418522,0.9516583242393061,0.8732818474297835,0.7999131657890074,0.7532223231997415,0.0,included
x_time_day/10.1063_5.0012646/Fig4_B_stability_performance_curve_pce/10.1063_5.0012646__Fig4__B__stability_performance_curve_pce__PCBM_Ag__Series_1.csv,0,0,0,1.5225391186586341,9.05164177662655,0.9988909574459796,0.9898995222691034,0.9723345125957018,0.9291702698009537,0.883679389468199,0.8422794577270836,0.0,included
x_time_day/10.1109_jphotov.2017.2775162/Fig6_A_stability_performance_curve/10.1109_jphotov.2017.2775162__Fig6__A__stability_performance_curve__without_substrate-preheating__Series_2.csv,1,0,1,1.4422770284062267,0.9857399669460698,0.9972775794753149,0.9674070696359955,0.7730578682549848,0.6691618418531636,0.6184178614837598,0.45411156866551927,0.0,included
x_time_day/10.1134_s1063785020030153/Fig3_A_stability_performance_curve_pce_ff/10.1134_s1063785020030153__Fig3__A__stability_performance_curve_pce_ff__PSC(CH3NH3PbI3)__Series_1.csv,0,0,0,0.7373421647910314,10.429166068689767,0.9986867718192907,0.9996915069163542,0.9912828805813898,0.9704172517165718,0.9501617666621691,0.9289531836011671,20.333333333333332,included
x_time_day/10.1142_s0218625x18501378/Fig9_whole_pce/10.1142_s0218625x18501378__Fig9__whole__pce__x=0__Series_1.csv,0,0,0,2.0389444108312964,1.0016133043805615,0.9997694051960325,0.9981887611893233,0.9821951408161574,0.9224899733941413,0.859620929869448,0.8004675200064191,3.6666666666666665,included
x_time_day/10.1186_s11671-019-2936-8/Fig4_A_stability_performance_curve_pce/10.1186_s11671-019-2936-8__Fig4__A__stability_performance_curve_pce__Series_1__Series_1.csv,0,0,0,0.7864110207940783,1.0036564571243458,0.9851667994051705,0.9905197248660305,0.9985153840524731,0.9656948853155418,0.949863546164738,0.9404460832788198,41.333333333333336,included
x_time_day/10.1186_s11671-020-03406-w/Fig4_D_jv_curve_stability_performance_pce/10.1186_s11671-020-03406-w__Fig4__D__jv_curve_stability_performance_pce__x=0__Series_2.csv,0,0,0,0.9080999676615474,1.0011611919619996,0.999725807884959,0.9967355115253379,0.97424173433468,0.9397901899059374,0.9040916259388513,0.8745547594018505,0.0,included
x_time_day/10.3390_coatings14040409/Fig10_D_stability_performance_curve_pce/10.3390_coatings14040409__Fig10__D__stability_performance_curve_pce__Reference__Series_2.csv,0,0,0,1.0546381334093249,1.0038686692174743,0.9937955364089536,0.9978545394014456,0.9908166867748408,0.9390587951307492,0.9001440060219295,0.8752056912481155,22.0,included
x_time_day/10.3390_cryst11121588/Fig4_A_stability_performance_curve_pce/10.3390_cryst11121588__Fig4__A__stability_performance_curve_pce__Control__Series_1.csv,0,0,0,1.5502819959503935,1.0046132783814077,0.9980820360243119,0.9999475697725715,0.9978035070257819,0.9912569124571025,0.9885987303075652,0.986329782873757,11.5,included
x_time_day/10.3390_cryst11121588/Fig4_A_stability_performance_curve_pce/10.3390_cryst11121588__Fig4__A__stability_performance_curve_pce__OABr__Series_2.csv,0,0,0,0.9845853166995165,1.0050138390942442,0.99966671317257,0.9999068866649933,0.9911433652818662,0.9774973780101911,0.9664497296819594,0.954130344660382,7.5,included
x_time_day/10.3390_cryst12020290/Fig10_whole_stability_performance_curve/10.3390_cryst12020290__Fig10__whole__stability_performance_curve__PSC_0.0wt%__Series_1.csv,0,0,0,0.5509067408802998,10.069903234391475,0.9995127216569546,0.9956023950343033,0.9795248577674355,0.967411209646727,0.9503094442000276,0.9271906334868185,0.0,included
x_time_day/10.3390_cryst12081090/Fig6_D_stability_performance_curve_pce/10.3390_cryst12081090__Fig6__D__stability_performance_curve_pce__FTO_PEIE__Series_2.csv,2,1,0,0.679362231026279,1.0002253951370972,0.9989870926568662,0.9908586818484821,0.9458547148588344,0.8640025303196327,0.8152234170702546,0.7815401291517456,0.0,included
x_time_day/10.3390_cryst12081090/Fig6_D_stability_performance_curve_pce/10.3390_cryst12081090__Fig6__D__stability_performance_curve_pce__FTO_TiO2__Series_1.csv,0,0,0,0.9301754477772272,1.0046848288618264,0.9997478971468121,0.9976943095934246,0.9892813657364979,0.9371062575277711,0.9051125897288278,0.883120184722103,0.0,included
x_time_day/10.3390_en16237849/Fig8_F_stability_performance_curve_pce/10.3390_en16237849__Fig8__F__stability_performance_curve_pce__CsPbI3−xBrx__Series_1.csv,1,0,1,1.6457508525800366,1.00242549607942,0.9979875897946772,0.9777261450148089,0.8621824409010088,0.702191287212207,0.55517291427566,0.4176259517848825,0.0,included
x_time_day/10.3390_ijms232214441/Fig5_C_stability_performance_curve_pce/10.3390_ijms232214441__Fig5__C__stability_performance_curve_pce__PCE_(30_%_UCNPs)__Series_1.csv,0,0,0,0.5690348402609581,18.5739678564117,0.9779222260678438,0.988526982808291,0.9812407299880163,0.9578809939845429,0.9490354569987277,0.9160503381717472,29.333333333333332,included
x_time_day/10.3390_ijms232214441/Fig5_C_stability_performance_curve_pce/10.3390_ijms232214441__Fig5__C__stability_performance_curve_pce__PCE_(pristine)__Series_2.csv,2,1,0,1.7627034953977374,16.6375513603422,0.997580062627362,0.9790604048215622,0.878624480133709,0.7924908282097192,0.7416588121469109,0.6996199205824122,0.0,included
x_time_day/10.3390_molecules28134976/Fig5_whole_stability/10.3390_molecules28134976__Fig5__whole__stability__0—0THI__Series_1.csv,0,0,0,0.5885332806210866,100.02280140537349,0.9999207230902145,0.9996562046352062,0.9863356435934046,0.9670786092075462,0.9337885744615297,0.9124343470077004,4.666666666666667,included
x_time_day/10.3390_molecules29112556/Fig6_whole_stability_performance_curve_pce/10.3390_molecules29112556__Fig6__whole__stability_performance_curve_pce__PSC_device_30%_UCNPs__Series_1.csv,0,0,0,0.6460167377938416,16.519221905580814,0.9997180927649185,0.9922887301726614,0.9869866185160892,0.9725364313575773,0.9494870863343577,0.9339196563992971,0.0,included
x_time_day/10.3390_molecules29112556/Fig6_whole_stability_performance_curve_pce/10.3390_molecules29112556__Fig6__whole__stability_performance_curve_pce__Pristine_device__Series_3.csv,2,1,0,1.1891793936482697,15.099020580663922,0.9998624802946574,0.995564324599012,0.9636544207174869,0.8902460985365757,0.8164448239822787,0.7791877988443862,0.0,included
x_time_day/10.3390_molecules29215064/Fig5_A_stability_performance_curve/10.3390_molecules29215064__Fig5__A__stability_performance_curve__PEDOT_PSS__Series_2.csv,2,1,0,2.431947864641895,0.9987562854533681,0.9991546746114441,0.9864628145181872,0.9215243746884326,0.8431688453407389,0.7180050589324186,0.5812568711608808,0.0,included
x_time_day/10.3390_molecules29215064/Fig5_B_stability_performance_curve_pce/10.3390_molecules29215064__Fig5__B__stability_performance_curve_pce__PEDOT_PSS__Series_1.csv,1,0,1,1.3705770941494388,0.9970045786679841,0.9965548553400536,0.9689081497643024,0.8874090968531921,0.7553910980748952,0.6100196559098877,0.5167023635834973,0.0,included
x_time_h/10.1002_adem.202000990/Fig5_C_jv_curve_stability_performance_pce/10.1002_adem.202000990__Fig5__C__jv_curve_stability_performance_pce__Pero@Pbl₂-300°C__Series_1.csv,0,0,0,1.3010164350267683,1.006959352633995,0.9998108754475835,0.9981955497716195,0.9839481753671121,0.9223307632552513,0.8896779711545444,0.8618820075037952,3.3333333333333335,included
x_time_h/10.1002_adfm.201601119/Fig5_B_stability_performance_curve/10.1002_adfm.201601119__Fig5__B__stability_performance_curve__[spiro-OMeTAD]__Series_2.csv,2,1,0,0.7022704361934512,15.213402223387508,0.9989991441139717,0.9905639190612758,0.9445209873904373,0.8727740783327216,0.789951093176219,0.7599662007710717,0.0,included
x_time_h/10.1002_adfm.201605988/Fig7_D_stability_performance_curve_pce/10.1002_adfm.201605988__Fig7__D__stability_performance_curve_pce__FAPbl₃__Series_1.csv,2,1,0,1.6169139217922373,1.0037826547967226,0.999272475037353,0.9931226783893937,0.956460084674862,0.9049751735029812,0.8513917609450473,0.8164900659471501,0.0,included
x_time_h/10.1002_adfm.201702090/Fig4_B_mppt_stability_performance_curve/10.1002_adfm.201702090__Fig4__B__mppt_stability_performance_curve__Mesoporous_Ts_TiO2__Series_2.csv,2,1,0,1.3803551921497552,1.0099350040377526,0.9995575427875428,0.9893882581384047,0.9027222427326709,0.8162045361333735,0.7504681314277445,0.6898312986664155,0.0,included
x_time_h/10.1002_adfm.201705363/Fig4_C_stability_performance_curve_pce/10.1002_adfm.201705363__Fig4__C__stability_performance_curve_pce__withPTT__Series_2.csv,2,1,0,1.7135062179963982,1.0000255231632431,0.9964201566201234,0.9632835691028852,0.8820771115430146,0.7918943385196763,0.7352096447730411,0.7213739490389712,0.0,included
x_time_h/10.1002_adfm.201705363/Fig4_C_stability_performance_curve_pce/10.1002_adfm.201705363__Fig4__C__stability_performance_curve_pce__without_PTT__Series_1.csv,1,0,1,2.78066521645693,1.0000255231632431,0.9966332469475288,0.9626912036735975,0.8773962804772544,0.6911181511821197,0.5113851509904361,0.3609137643224525,0.0,included
x_time_h/10.1002_adfm.201706923/Fig5_B_stability_performance_curve_pce/10.1002_adfm.201706923__Fig5__B__stability_performance_curve_pce__→Control__Series_2.csv,0,0,0,0.4843458727249974,1.0026977911524024,1.0000045008423613,0.9992591705175149,0.979318030360427,0.9556648154322261,0.9322998644761887,0.9129490675389148,0.0,included
x_time_h/10.1002_adfm.201800346/Fig4_A_stability/10.1002_adfm.201800346__Fig4__A__stability__PCBM__Series_2.csv,0,0,0,0.3896278113444061,20.043767053057117,0.9994734430017769,0.9952556559165596,0.9681272576188874,0.9455391439004783,0.9326254841555691,0.9187151534443772,0.0,included
x_time_h/10.1002_adfm.201803269/Fig7_A_stability_performance_curve_pce/10.1002_adfm.201803269__Fig7__A__stability_performance_curve_pce__w_o_DMSO-adducts__Series_1.csv,2,1,0,1.4046826248820798,10.581640952345893,0.997403821704981,0.9765699282029906,0.8798358815489977,0.8148772108001057,0.7665492869452007,0.6802455953141202,0.0,included
x_time_h/10.1002_adfm.201804856/Fig5_F_stability_performance_curve_eqe/10.1002_adfm.201804856__Fig5__F__stability_performance_curve_eqe__MAPbI₃__Series_1.csv,2,1,0,0.7766828769878522,0.997230556287941,0.9984674606341962,0.9861689147253087,0.9221430348812747,0.8405763553872689,0.7713983528347291,0.7151747637167768,0.0,included
x_time_h/10.1002_adfm.201807850/Fig7_F_stability_performance_curve_pce/10.1002_adfm.201807850__Fig7__F__stability_performance_curve_pce__w_NbF₅__Series_1.csv,1,0,1,1.2083746764693282,1.0034334681098083,0.9980429619903115,0.9707763730774661,0.843297049424536,0.7510080543141054,0.6662587840082801,0.4808095673878101,0.0,included
x_time_h/10.1002_adfm.201808119/Fig7_B_stability_performance_curve/10.1002_adfm.201808119__Fig7__B__stability_performance_curve__Control__Series_2.csv,0,0,0,0.6374274244008177,0.9991964570945099,0.9996962805792671,0.9972589833884505,0.9850142958789866,0.9581996322453562,0.952537434228779,0.9400180284105413,0.0,included
x_time_h/10.1002_adfm.201901026/Fig7_C_stability_performance_curve_pce/10.1002_adfm.201901026__Fig7__C__stability_performance_curve_pce__0%__Series_3.csv,0,0,0,1.2198498555781454,1.0361623674277252,0.999138790584829,0.9926732936534938,0.9640573525859323,0.9167299587957799,0.8903732809097207,0.8736341709342976,0.0,included
x_time_h/10.1002_adfm.201901296/Fig7_B_stability_performance_curve_pce/10.1002_adfm.201901296__Fig7__B__stability_performance_curve_pce__Doped_Spiro-OMeTAD__Series_1.csv,0,0,0,0.43946321782561293,1.003928591414696,0.9984189258228269,0.9998618473737619,0.966809607833852,0.9525958220878601,0.9269375255789128,0.9198779995212094,8.0,included
x_time_h/10.1002_adfm.201905951/Fig7_A_mppt_stability/10.1002_adfm.201905951__Fig7__A__mppt_stability__NDI-ID(RS)__Series_2.csv,0,0,0,0.7251350428442064,19.963897624181747,0.9994724877188458,0.9893859866189169,0.9789881160517643,0.9676410326152749,0.9610063629197398,0.951980499276547,3.5,included
x_time_h/10.1002_adfm.201905951/Fig7_A_mppt_stability/10.1002_adfm.201905951__Fig7__A__mppt_stability__PCBM__Series_1.csv,0,0,0,0.4334657619339861,20.031196523672968,0.9995512385497898,0.9960369990896297,0.9721999475647879,0.9447039094596362,0.927717233732102,0.9141967336284673,0.0,included
x_time_h/10.1002_adfm.201909737/Fig8_B_stability_performance_curve_pce/10.1002_adfm.201909737__Fig8__B__stability_performance_curve_pce__MAPbI₃__Series_1.csv,1,0,1,1.3342909618534302,0.9622380721278592,0.9990272044437283,0.9807069654863334,0.8081608634074556,0.6736830957936982,0.631045461949435,0.6140819200507166,0.0,included
x_time_h/10.1002_adfm.201910620/Fig5_D_stability_performance_curve_pce/10.1002_adfm.201910620__Fig5__D__stability_performance_curve_pce__w_oM2P__Series_1.csv,2,1,0,0.9860563156399642,0.9673414504582117,0.9956960017484985,0.9635015120236448,0.873549722507173,0.8194287578327364,0.7799576369276648,0.7622609457369123,0.0,included
x_time_h/10.1002_adfm.202000034/Fig6_F_stability_performance_curve_pce/10.1002_adfm.202000034__Fig6__F__stability_performance_curve_pce__3D__Series_3.csv,1,0,1,1.962484249329619,1.0021613126634026,0.99893017542227,0.9839120049846709,0.901394434191623,0.7822371890192562,0.6470197389276262,0.49018334822575427,0.0,included
x_time_h/10.1002_adfm.202000034/Fig6_F_stability_performance_curve_pce/10.1002_adfm.202000034__Fig6__F__stability_performance_curve_pce__BA_(n=4)__Series_2.csv,2,1,0,1.192409955915449,1.0044595347269274,0.9968629017755289,0.9867027376554972,0.9176896889500381,0.836103238718094,0.7508536819955385,0.6932428425717001,0.0,included
x_time_h/10.1002_adfm.202001788/Fig6_D_stability/10.1002_adfm.202001788__Fig6__D__stability__Pero-I-0.1__Series_2.csv,0,0,0,0.8951107233226637,1.004452066991766,0.9997684762395397,0.9999579473925421,0.9864870328663564,0.9714854855526744,0.9630859759729332,0.9560104093802719,11.166666666666666,included
x_time_h/10.1002_adfm.202001788/Fig6_D_stability/10.1002_adfm.202001788__Fig6__D__stability__Pero-Th-0.05__Series_3.csv,0,0,0,0.4999648113273398,1.0073590039509366,0.9997496837226054,0.9939315785503593,0.9742928208902082,0.9548260941117023,0.9470155515270233,0.9439019789387036,0.0,included
x_time_h/10.1002_adfm.202001788/Fig6_D_stability/10.1002_adfm.202001788__Fig6__D__stability__Pero-pristine__Series_1.csv,0,0,0,1.4900457102469866,1.0042195124720539,0.9992261806792937,0.9893973136478507,0.9578063962771983,0.9093042026487533,0.8720737300858651,0.8686953992872386,0.0,included
x_time_h/10.1002_adfm.202005846/Fig4_A_stability/10.1002_adfm.202005846__Fig4__A__stability__Reference__Series_2.csv,0,0,0,0.5031163033638859,1.000254274550481,0.9996330019687941,0.9964427456013151,0.976171999878927,0.9558161336661106,0.9462470752141586,0.9395684570983859,0.0,included
x_time_h/10.1002_adfm.202008801/Fig6_C_stability_performance_curve_spectrum/10.1002_adfm.202008801__Fig6__C__stability_performance_curve_spectrum__w_oIMBF4__Series_1.csv,0,0,0,0.413736022349616,0.999173363709092,0.9995088391234545,0.9955673558234617,0.975409898762648,0.9556670350484553,0.938564825160608,0.9242695073056563,0.0,included
x_time_h/10.1002_adfm.202008801/Fig6_C_stability_performance_curve_spectrum/10.1002_adfm.202008801__Fig6__C__stability_performance_curve_spectrum__with_IMBF4__Series_2.csv,0,0,0,1.5198965819075825,1.004362775487136,0.9997775200081774,0.9999867321818768,0.9972284689120555,0.9923599390501092,0.9898854191004602,0.9802468184100952,8.333333333333334,included
x_time_h/10.1002_adfm.202010368/Fig7_B_stability_performance_curve/10.1002_adfm.202010368__Fig7__B__stability_performance_curve__Control__Series_1.csv,0,0,0,0.6693771664070535,1.000014168645368,0.9913121174699786,0.9962974775739738,0.993720068891231,0.9604625216602442,0.9415504521266652,0.9278380403337575,25.0,included
x_time_h/10.1002_adfm.202010368/Fig7_E_stability_performance_curve/10.1002_adfm.202010368__Fig7__E__stability_performance_curve__Control__Series_1.csv,0,0,0,0.5507451695507257,0.991110523205972,0.9991828995022228,0.9907409668584148,0.9600626393693349,0.9568447936379216,0.953248526441085,0.953248526441085,0.0,included
"x_time_h/10.1002_adfm.202010696/Fig6_B_mppt_stability_performance_curve_pce/10.1002_adfm.202010696__Fig6__B__mppt_stability_performance_curve_pce__→CsPbl,Br-PT_Spiro-OMeTAD__Series_2.csv",2,1,0,0.5088996332952371,0.9947979412333603,0.9975716522267914,0.9815429462926565,0.9194479208220875,0.8612605708972819,0.8161618386665775,0.7899862657866714,0.0,included
x_time_h/10.1002_adfm.202103316/Fig6_B_stability_performance_curve_pce_image/10.1002_adfm.202103316__Fig6__B__stability_performance_curve_pce_image__reference__Series_1.csv,2,1,0,1.4020492045718442,1.0009076118757085,0.9996744030732821,0.9934401325338299,0.9528292256376331,0.9004964910024125,0.8481637563671919,0.7812304963786835,1.6666666666666667,included
x_time_h/10.1002_adfm.202103316/Fig6_B_stability_performance_curve_pce_image/10.1002_adfm.202103316__Fig6__B__stability_performance_curve_pce_image__w_4t-5CzBn__Series_3.csv,0,0,0,0.45430267357694715,1.0098887216655084,0.9998386493306617,0.9967492352677245,0.9797919319640671,0.957025836880987,0.9343573648683507,0.9138660574961884,1.6666666666666667,included
x_time_h/10.1002_adfm.202103316/Fig6_B_stability_performance_curve_pce_image/10.1002_adfm.202103316__Fig6__B__stability_performance_curve_pce_image__w_5CzBn__Series_2.csv,0,0,0,0.9971815894131981,0.9996764700799183,0.9999999999999601,1.0000482700123916,0.9674015500776004,0.9252120762060786,0.9010141742736835,0.8783319622484312,9.0,included
x_time_h/10.1002_adfm.202103316/Fig6_C_stability_performance_curve_pce_image/10.1002_adfm.202103316__Fig6__C__stability_performance_curve_pce_image__reference__Series_3.csv,0,0,0,1.5909805822520173,1.00679452203988,0.9993516483589434,0.9941487356518672,0.971474965255735,0.9287672715730086,0.8753001233509831,0.8278869997383108,0.0,included
x_time_h/10.1002_adfm.202103316/Fig6_C_stability_performance_curve_pce_image/10.1002_adfm.202103316__Fig6__C__stability_performance_curve_pce_image__w_4t-5CzBn__Series_1.csv,0,0,0,0.7742803409773712,1.010617182979693,0.9971859573435341,0.9996362273578477,0.9829497781298487,0.9460675303711152,0.9118549884632086,0.8820592680843758,8.0,included
x_time_h/10.1002_adfm.202103316/Fig6_C_stability_performance_curve_pce_image/10.1002_adfm.202103316__Fig6__C__stability_performance_curve_pce_image__w_5CzBn__Series_2.csv,2,1,0,0.7972810117098184,1.00679452203988,0.9998022188673655,0.9914936053337073,0.9466442395002125,0.8531235788191551,0.7749160581695674,0.7259941640556313,0.0,included
x_time_h/10.1002_adfm.202103807/Fig5_B_stability_performance_curve_pce/10.1002_adfm.202103807__Fig5__B__stability_performance_curve_pce__NiO__Series_1.csv,0,0,0,1.2847500973937809,1.004344844994392,0.9998020831996314,0.998572949615264,0.9975504215398251,0.9899186026078892,0.9807559562334671,0.96056047693125,0.0,included
"x_time_h/10.1002_adfm.202106560/Fig4_B_stability_performance_curve/10.1002_adfm.202106560__Fig4__B__stability_performance_curve__。—FASnl,_based_PSCs_with_HTL__Series_2.csv",0,0,0,1.5627706951276628,0.9996607832352997,0.9995678313764185,0.9935632867560178,0.9609975096950157,0.9288077579893906,0.8744322265874043,0.833904604655537,0.0,included
x_time_h/10.1002_adfm.202107710/Fig4_F_stability_performance_curve_jsc/10.1002_adfm.202107710__Fig4__F__stability_performance_curve_jsc__FASnl₃__Series_1.csv,2,1,0,1.7802084070564845,1.0214107676779096,0.9964765436077615,0.9701375105895662,0.8878910560628128,0.7927004478469792,0.7363180523554158,0.6943551290696555,0.0,included
x_time_h/10.1002_adfm.202111116/Fig5_B_stability_performance_curve/10.1002_adfm.202111116__Fig5__B__stability_performance_curve__O-Ref__Series_2.csv,0,0,0,1.6652077044319467,100.3083119371711,0.9994146354112752,0.9938596935508358,0.9509511667093886,0.9030406664341071,0.8728779394554644,0.8566413766910149,0.0,included
x_time_h/10.1002_adfm.202200174/Fig3_E_stability_performance_curve_pce/10.1002_adfm.202200174__Fig3__E__stability_performance_curve_pce__Control__Series_2.csv,1,0,1,3.5766138042831193,1.0037462523813787,0.9982504174091501,0.9806882078090041,0.823228333717649,0.5716683169430025,0.467313241650917,0.3993986055496622,0.0,included
x_time_h/10.1002_adfm.202200473/Fig4_A_stability_performance_curve/10.1002_adfm.202200473__Fig4__A__stability_performance_curve__FA0.92CS0.08Pbl3__Series_1.csv,0,0,0,0.8860867411433538,1.0053770382450011,0.9967981296354697,0.999953617858404,0.9894048678247173,0.9758556098105711,0.9618154249389722,0.9468541663558352,10.166666666666666,included
x_time_h/10.1002_adfm.202200473/Fig4_B_stability_performance_curve/10.1002_adfm.202200473__Fig4__B__stability_performance_curve__FA0.92CS0.08PbI3__Series_1.csv,2,1,0,1.390036991389697,1.0010153814557792,0.9989307461088016,0.9914490252277556,0.9552930354514318,0.8964029786939347,0.8437918669752773,0.802212671631949,0.0,included
x_time_h/10.1002_adfm.202200473/Fig4_C_stability_performance_curve/10.1002_adfm.202200473__Fig4__C__stability_performance_curve__FA₀.₉₂Cs₀.₀₈PbI₃__Series_1.csv,0,0,0,0.5435425443310498,1.0034226588062232,0.9995517860180008,0.9949895570512179,0.9652977756600242,0.9442332661481734,0.9209984349705842,0.897828237012631,0.0,included
x_time_h/10.1002_adfm.202215041/Fig3_E_stability_performance_curve_pce/10.1002_adfm.202215041__Fig3__E__stability_performance_curve_pce__Control__Series_1.csv,0,0,0,1.0138120038109764,1.0065365272475966,0.999215868684391,0.9999650883429182,0.9885448545305353,0.9759122692487947,0.9681734427739865,0.9636149060327919,8.5,included
x_time_h/10.1002_adfm.202501623/Fig5_A_mppt_stability_performance_curve_pce_cross_section/10.1002_adfm.202501623__Fig5__A__mppt_stability_performance_curve_pce_cross_section__Control__Series_1.csv,0,0,0,1.0251196039431905,0.9857480033294748,0.9989089123790379,0.9906621074448518,0.9644765703596236,0.9349061629398774,0.8952343490866086,0.8722672302564498,0.0,included
x_time_h/10.1002_adfm.202501623/Fig5_B_stability_performance_curve/10.1002_adfm.202501623__Fig5__B__stability_performance_curve__o—Control__Series_1.csv,0,0,0,1.5903300024787685,1.0052475331368749,0.9990527976636184,0.9898153422812925,0.9556827562955733,0.9190879491800182,0.8738764787665361,0.8370361759958622,0.0,included
x_time_h/10.1002_adma.201503729/Fig4_A_stability_performance_curve_retention/10.1002_adma.201503729__Fig4__A__stability_performance_curve_retention__Spiro-OMeTAD__Series_2.csv,2,1,0,1.313355288118632,14.646032631505564,0.999906609218604,0.9973410865715698,0.9592772854312108,0.9010013998177333,0.8285044923009329,0.7759367264596708,0.0,included
x_time_h/10.1002_adma.201606608/Fig4_F_stability_performance_curve_pce/10.1002_adma.201606608__Fig4__F__stability_performance_curve_pce__MAPbI₃_device__Series_2.csv,0,0,0,0.7944046776680159,0.9862339877371271,0.9989875292460773,0.9903738091107194,0.9564550930868455,0.931750572552674,0.9105154328646292,0.8839061341523864,0.0,included
x_time_h/10.1002_adma.201705596/Fig5_C_image/10.1002_adma.201705596__Fig5__C__image__MAPbl₃__Series_1.csv,0,0,0,1.3625586494615192,1.0002286614052984,0.997401870610328,0.9975078214254326,0.9975214078480672,0.99140020605779,0.9800441337261514,0.9732845834301272,25.5,included
x_time_h/10.1002_adma.201707143/Fig4_C_mppt_stability_performance_curve/10.1002_adma.201707143__Fig4__C__mppt_stability_performance_curve__Series_1__Series_1.csv,0,0,0,0.6518264802751552,0.9715436922349419,0.9989833606189958,0.9999449435154758,0.9875317110742772,0.9709380516114677,0.9488208337072002,0.9321653190598717,8.333333333333334,included
x_time_h/10.1002_adma.201707143/Fig4_D_stability/10.1002_adma.201707143__Fig4__D__stability__Series_1__Series_1.csv,2,1,0,1.7156245048165122,0.9081862387583925,0.9949392982319376,0.9595810305399052,0.9067263598809205,0.8776104867170711,0.8717873083375574,0.8485212502242011,0.0,included
x_time_h/10.1002_adma.201800544/Fig3_A_stability_performance_curve/10.1002_adma.201800544__Fig3__A__stability_performance_curve__Reference__Series_1.csv,0,0,0,0.5740192256504162,1.0066346373929507,0.9992104258853136,0.993333290095138,0.976041510130288,0.9623162162617469,0.9543989558964365,0.9453822783305587,0.0,included
x_time_h/10.1002_adma.201801948/Fig8_C_stability/10.1002_adma.201801948__Fig8__C__stability__w_FAPFpost-treatment6__Series_2.csv,2,1,0,1.4021630266417089,0.9858484715515069,0.9953803450354031,0.947888791147981,0.8764549044291209,0.8059167444320633,0.8382008599806985,0.8119105486783589,0.0,included
x_time_h/10.1002_adma.201801948/Fig8_C_stability/10.1002_adma.201801948__Fig8__C__stability__w_o_post-treatment__Series_1.csv,2,1,0,0.6248917054460768,0.9710151185234361,0.9763527559812019,0.9796135354496616,0.892358886699877,0.8325374036693675,0.7934823032839461,0.7671436660317037,6.0,included
x_time_h/10.1002_adma.201803735/Fig4_D_stability_performance_curve_decay/10.1002_adma.201803735__Fig4__D__stability_performance_curve_decay__Spiro-OMeTAD__Series_1.csv,0,0,0,0.8162290010105167,0.9782125009737053,0.9971590199528468,0.9651434927854213,0.9255820939465219,0.9311122039287779,0.9338677157716251,0.9338677157716251,0.0,included
x_time_h/10.1002_adma.201806823/Fig3_C_pce/10.1002_adma.201806823__Fig3__C__pce__X=0.17__Series_1.csv,0,0,0,1.0585572739920068,1.0013077206063719,1.000000777410846,0.9997100892417802,0.9917937577540675,0.9800112270328843,0.9679433256535913,0.9591311867619768,0.0,included
x_time_h/10.1002_adma.201901673/Fig7_C_stability_performance_curve_pce/10.1002_adma.201901673__Fig7__C__stability_performance_curve_pce__(PEA)₂MA₄Pb₅I₁₆__Series_2.csv,0,0,0,1.0587707251205263,1.0326945826000593,0.9733516149867678,0.97682143371142,0.996156650942731,0.9970085583492428,0.9660084599688525,0.9112373379732521,81.33333333333333,included
x_time_h/10.1002_adma.201901966/Fig4_E_stability_performance_curve/10.1002_adma.201901966__Fig4__E__stability_performance_curve__LDRP__Series_1.csv,0,0,0,0.7884924870660414,0.9660478225133837,0.9993903482981393,0.9944191657942277,0.9783753008395624,0.9700359697412713,0.9618792913905367,0.9543349197958909,0.0,included
x_time_h/10.1002_adma.201904347/Fig3_F_stability_performance_curve_pce/10.1002_adma.201904347__Fig3__F__stability_performance_curve_pce__Pristine__Series_1.csv,0,0,0,0.5597753033972038,1.002329605047999,0.9997002761002932,0.9972950422926841,0.9843575775899559,0.9665116300380032,0.9410291756714297,0.9197280682908235,0.0,included
x_time_h/10.1002_adma.201904494/Fig4_D_mppt_stability_performance_curve_profile/10.1002_adma.201904494__Fig4__D__mppt_stability_performance_curve_profile__with_IEICO-4F__Series_2.csv,2,1,0,3.2867822025722546,0.9608309763033405,0.9444718770187502,0.7954842140708577,0.7841518079385418,0.7802395563017159,0.7691130250975414,0.7599882331975303,0.0,included
x_time_h/10.1002_adma.201904494/Fig4_D_mppt_stability_performance_curve_profile/10.1002_adma.201904494__Fig4__D__mppt_stability_performance_curve_profile__without_IEICO-4F__Series_1.csv,2,1,0,2.2526471463623374,0.8091870598813321,0.9657642210427623,0.8375990220069004,0.8268303289878419,0.8081157321208395,0.805632207873729,0.7810075551342772,0.0,included
x_time_h/10.1002_adma.201905502/Fig4_H_stability_performance_curve/10.1002_adma.201905502__Fig4__H__stability_performance_curve__0.15__Series_2.csv,0,0,0,1.6008602556854514,0.934798210003879,0.9986815067080254,0.9949973976888343,0.994548611367318,0.9993497181062627,0.9918276996845788,0.9809628118456378,95.66666666666667,included
x_time_h/10.1002_adma.201905502/Fig4_H_stability_performance_curve/10.1002_adma.201905502__Fig4__H__stability_performance_curve__R__Series_1.csv,1,0,1,3.6907454882592017,0.9781137708584308,0.9957248348463879,0.9194706902444564,0.6562405182413397,0.6032235101304849,0.5846846994684892,0.5779824236955677,0.0,included
x_time_h/10.1002_adma.201906995/Fig5_D_stability/10.1002_adma.201906995__Fig5__D__stability__AceMA__Series_1.csv,0,0,0,1.0217700646079273,1.1455925639668587,0.8842330901212915,0.936293780927349,0.9926138105984382,0.9777712942522505,0.9637005434369776,0.9160233895003926,27.5,included
x_time_h/10.1002_adma.201907769/Fig4_E_jv_curve_stability_performance_jsc/10.1002_adma.201907769__Fig4__E__jv_curve_stability_performance_jsc__Control__Series_2.csv,1,0,1,2.442311925826358,1.000188933977876,0.9997232790884969,0.9854136845829754,0.9153683980799552,0.7978591820154038,0.6567809253845117,0.58764881838976,0.0,included
x_time_h/10.1002_adma.201907769/Fig4_F_jv_curve_stability_performance_jsc/10.1002_adma.201907769__Fig4__F__jv_curve_stability_performance_jsc__Control__Series_1.csv,0,0,0,1.2490557061392882,0.9993242616229355,0.9997776160995906,0.9972143494376685,0.9654394829275521,0.9273010322203851,0.8891559645691098,0.8590697168115887,0.0,included
x_time_h/10.1002_adma.201908107/Fig5_E_stability_performance_curve_pce/10.1002_adma.201908107__Fig5__E__stability_performance_curve_pce__0%GABr__Series_2.csv,1,0,1,5.233199048860454,0.9929288886986739,0.9975278701710224,0.9766896698581213,0.8605519099327101,0.6512967705890252,0.394314689294033,0.21209160580321004,0.0,included
x_time_h/10.1002_adma.202000865/Fig4_F_mppt_stability_performance_curve_pce/10.1002_adma.202000865__Fig4__F__mppt_stability_performance_curve_pce__Control__Series_1.csv,1,0,1,1.8137987969337044,1.000320604897182,0.9974681427566238,0.9495032210601144,0.7897090612912095,0.6719881079020932,0.6545499380417519,0.6328822435240629,0.0,included
x_time_h/10.1002_adma.202001470/Fig5_G_stability_performance_curve_pattern/10.1002_adma.202001470__Fig5__G__stability_performance_curve_pattern__Control__Series_1.csv,0,0,0,0.5766224680542543,1.008374876857021,0.9987146401727524,0.99242527263354,0.9776213147258134,0.9431989596587783,0.9180394041124503,0.8973754031361958,0.0,included
x_time_h/10.1002_adma.202001470/Fig5_G_stability_performance_curve_pattern/10.1002_adma.202001470__Fig5__G__stability_performance_curve_pattern__FAPbI₃__Series_2.csv,2,1,0,1.7719573453447393,1.002110500628581,0.9982126870886076,0.9879203942919987,0.9556660428339662,0.8842868666657956,0.8738111723671961,0.8341004461475056,0.0,included
x_time_h/10.1002_adma.202001470/Fig5_H_stability_performance_curve_pattern/10.1002_adma.202001470__Fig5__H__stability_performance_curve_pattern__Control__Series_2.csv,2,1,0,1.0169240715466084,0.9982046389603705,0.9997524918338184,0.9945907351208404,0.9419937432241726,0.852718976775584,0.8192207865383088,0.8245068291182982,0.0,included
x_time_h/10.1002_adma.202001470/Fig5_H_stability_performance_curve_pattern/10.1002_adma.202001470__Fig5__H__stability_performance_curve_pattern__FAPbl3__Series_1.csv,1,0,1,1.4749392854391437,0.9982046389603705,0.9952721951661303,0.9464933651641513,0.7621377699713163,0.7125866214557166,0.648542526405624,0.5892984333269888,0.0,included
x_time_h/10.1002_adma.202003296/Fig5_A_stability_performance_curve_pce/10.1002_adma.202003296__Fig5__A__stability_performance_curve_pce__Control__Series_1.csv,0,0,0,1.263854656059144,1.0040628227653279,0.9971873609478731,0.9978627081557998,0.9987711577680092,0.9967275414608598,0.9731096779039409,0.9512529281309715,75.16666666666667,included
x_time_h/10.1002_adma.202003965/Fig6_A_stability_performance_curve_pce/10.1002_adma.202003965__Fig6__A__stability_performance_curve_pce__Eth-PSCs__Series_2.csv,2,1,0,1.4617732269754415,1.100706004236981,0.9984410812206803,0.9875557459064934,0.9172016352067479,0.8245475065978682,0.7404777254862318,0.6949493950823763,0.0,included
x_time_h/10.1002_adma.202006087/Fig3_C_stability_performance_curve/10.1002_adma.202006087__Fig3__C__stability_performance_curve__Spiro-OMeTAD°__Series_2.csv,1,0,1,2.5203507508720593,19.196099386175558,0.994884722237831,0.9493552121881674,0.6992368370041462,0.6245557863117799,0.5857140624026014,0.5502803052898715,0.0,included
x_time_h/10.1002_adma.202006087/Fig7_A_mppt_stability_performance_curve/10.1002_adma.202006087__Fig7__A__mppt_stability_performance_curve__Control__Series_2.csv,3,1,1,3.1294121801270944,0.9938249874418252,0.9953153991867837,0.952268239782052,0.6885238967581163,0.5325258882366133,0.4445507252054598,0.37489324421318826,0.0,included
x_time_h/10.1002_adma.202006087/Fig7_B_mppt_stability_performance_curve_pce/10.1002_adma.202006087__Fig7__B__mppt_stability_performance_curve_pce__Control__Series_1.csv,1,0,1,1.5127010643774088,1.0011549659338117,0.9978749012255643,0.9847221017189371,0.8922610302630932,0.7471175234886982,0.6452194444100647,0.5373085595090267,0.0,included
x_time_h/10.1002_adma.202006753/Fig6_B_stability_performance_curve_pce/10.1002_adma.202006753__Fig6__B__stability_performance_curve_pce__PTAA__Series_1.csv,0,0,0,0.7962411970878185,1.004458532792144,0.9997310262064698,0.9975725568212037,0.9877851840833479,0.9717567018559433,0.9553556398136519,0.9483271474062998,0.0,included
x_time_h/10.1002_adma.202007431/Fig4_F_stability_performance_curve_pce/10.1002_adma.202007431__Fig4__F__stability_performance_curve_pce__HL38__Series_1.csv,0,0,0,0.4622676404842554,21.99243052199894,0.9981846411973601,0.9836601392244783,0.9515005425707265,0.9400951180965731,0.9224674372932457,0.9077884695744982,0.0,included
x_time_h/10.1002_adma.202007431/Fig4_F_stability_performance_curve_pce/10.1002_adma.202007431__Fig4__F__stability_performance_curve_pce__spiro-MeOTAD__Series_2.csv,2,1,0,0.6443658710051299,20.775235745932974,0.9998921011043241,0.9859539497496286,0.8963472977125273,0.8205030832798257,0.7982560098392736,0.7704232172272271,0.0,included
x_time_h/10.1002_adma.202101823/Fig6_D_stability_performance_curve_pce/10.1002_adma.202101823__Fig6__D__stability_performance_curve_pce__BZA__Series_2.csv,0,0,0,0.9477388447589029,0.962368468624015,0.9998367401095185,0.9985266069891611,0.9926330349459646,0.979079713509129,0.9647055258616705,0.9465091221783012,0.0,included
x_time_h/10.1002_adma.202101823/Fig6_D_stability_performance_curve_pce/10.1002_adma.202101823__Fig6__D__stability_performance_curve_pce__Reference__Series_3.csv,2,1,0,2.03568630208318,0.9759327072010291,0.9993534712794521,0.9932476933229674,0.9465746828009083,0.8176301897512198,0.7162811597312871,0.6584181245606717,0.0,included
x_time_h/10.1002_adma.202103231/Fig6_A_stability_performance_curve/10.1002_adma.202103231__Fig6__A__stability_performance_curve__Control__Series_2.csv,0,0,0,1.3235374495315126,1.0067026633837906,0.9999424008996377,0.9991715872370245,0.993050492793682,0.9861427211155923,0.9808515268631984,0.9772466811539858,0.0,included
x_time_h/10.1002_adma.202205769/Fig4_D_stability_performance_curve_pce/10.1002_adma.202205769__Fig4__D__stability_performance_curve_pce__PEDOT_PSS__Series_2.csv,3,1,1,2.545247572965785,20.523892627824214,0.991882881715705,0.9280292539721858,0.6667112842769336,0.46422419857959,0.4149380322616618,0.4044241426836138,0.0,included
x_time_h/10.1002_adma.202304150/Fig4_E_stability_performance_curve_pce/10.1002_adma.202304150__Fig4__E__stability_performance_curve_pce__Ref__Series_1.csv,0,0,0,1.0436657595481542,1.1327962109380714,0.9946787945086161,0.9993472174964994,0.9564239454588002,0.9215130129224551,0.8963766244028419,0.8812393671860662,8.0,included
x_time_h/10.1002_adma.202307422/Fig6_H_mppt_stability_performance_curve_pce/10.1002_adma.202307422__Fig6__H__mppt_stability_performance_curve_pce__Control__Series_1.csv,0,0,0,1.1468882745959486,0.9959952213277177,0.9971041179427758,0.9979780248019825,0.9938803799342906,0.9822049410805793,0.9718675985349515,0.9617726602945782,28.666666666666668,included
x_time_h/10.1002_adma.202307422/Fig6_H_mppt_stability_performance_curve_pce/10.1002_adma.202307422__Fig6__H__mppt_stability_performance_curve_pce__HDACl₂__Series_2.csv,0,0,0,1.5027225417259569,1.0008495780404598,0.9974816775756792,0.9974816661855064,0.9950034679867111,0.9848899286242774,0.9875097062325805,0.9899265748611906,23.666666666666668,included
x_time_h/10.1002_adma.202307422/Fig6_H_stability_performance_curve_pce/10.1002_adma.202307422__Fig6__H__stability_performance_curve_pce__Control__Series_1.csv,0,0,0,0.39016091772266864,0.9986091387624145,0.9997894079430162,0.9946985235925141,0.9689720501592036,0.9460312236498526,0.9289051241599645,0.9178775130352335,0.0,included
x_time_h/10.1002_admi.201800645/Fig5_whole_mppt_stability/10.1002_admi.201800645__Fig5__whole__mppt_stability__W_o_5-AVA__Series_2.csv,2,1,0,1.9114107786643866,0.9824970114857742,0.9738702130470958,0.9073374790566486,0.8410791724632489,0.7936133691566197,0.7668541791446437,0.7406814127133705,0.0,included
x_time_h/10.1002_admi.201901964/Fig4_D_stability_performance_curve_pce/10.1002_admi.201901964__Fig4__D__stability_performance_curve_pce__TiO2__Series_1.csv,3,1,1,3.719491130501419,0.9999050996779005,0.9927177497144236,0.9353990979662242,0.7361450731345599,0.5632508088270818,0.442328836806881,0.3816451242670504,0.0,included
x_time_h/10.1002_admi.202000105/Fig5_E_stability_performance_curve_pce_pattern/10.1002_admi.202000105__Fig5__E__stability_performance_curve_pce_pattern__reference__Series_1.csv,0,0,0,0.6810022581478452,1.0036908161409819,0.9984026125351104,0.9984024376623806,0.9897897822566535,0.9680289514800422,0.9483371012359221,0.9267724122440018,19.5,included
x_time_h/10.1002_admi.202000537/Fig5_C_stability_performance_curve_pce/10.1002_admi.202000537__Fig5__C__stability_performance_curve_pce__PEG_CsPbIBr₂__Series_2.csv,0,0,0,1.6057475752227826,1.1551191877325953,0.8712644591370511,0.8857973979295529,0.928017539555157,0.9854319761927195,0.987294726922932,0.8980964895129838,113.33333333333333,included
x_time_h/10.1002_admi.202001144/Fig3_A_stability_performance_curve_pce/10.1002_admi.202001144__Fig3__A__stability_performance_curve_pce__C6-BTC@AuNPs__Series_3.csv,0,0,0,0.5449239935242938,1.0055975355579698,0.999128242605903,0.9933395341668343,0.9803882323150335,0.9697290232055016,0.9493314909006139,0.9245714084489713,0.0,included
x_time_h/10.1002_admi.202001144/Fig3_A_stability_performance_curve_pce/10.1002_admi.202001144__Fig3__A__stability_performance_curve_pce__c-TiO2__Series_1.csv,0,0,0,1.1100250254743793,1.0034926856896362,0.9991180182381966,0.9908485431548719,0.9673356493673256,0.9324231500254322,0.9003973134880686,0.8488621457469275,0.0,included
x_time_h/10.1002_admi.202001144/Fig3_A_stability_performance_curve_pce/10.1002_admi.202001144__Fig3__A__stability_performance_curve_pce__。—PCBM__Series_2.csv,0,0,0,0.9492866402022525,0.9992829859529695,0.9994987050861404,0.9954758978437384,0.988941325259605,0.9478375132812015,0.9044401750119223,0.8714357651550139,0.0,included
x_time_h/10.1002_admi.202001425/Fig4_F_stability_performance_curve_pce/10.1002_admi.202001425__Fig4__F__stability_performance_curve_pce__PCDTBTw_ofibrils__Series_3.csv,2,1,0,2.162228602876934,1.003551042495444,0.9975994705674092,0.9753923038338315,0.8504563187139889,0.7974919929338292,0.7268772654147819,0.6575289185011225,0.0,included
x_time_h/10.1002_admi.202001425/Fig4_F_stability_performance_curve_pce/10.1002_admi.202001425__Fig4__F__stability_performance_curve_pce__Spiro-OMeTAD__Series_1.csv,1,0,1,1.2402923368966166,1.0010639740921965,0.9991662475008806,0.9589376657369821,0.7862156793668269,0.7190149720163193,0.6333720791981136,0.6024153605616379,0.0,included
x_time_h/10.1002_admi.202100776/Fig5_B_stability_performance_curve_pce/10.1002_admi.202100776__Fig5__B__stability_performance_curve_pce__without_QDs__Series_2.csv,0,0,0,0.48730824170098064,1.008870629772121,0.9992120488376852,0.989948588051621,0.9517762604676953,0.9467556256164622,0.9320159237113431,0.8830297758853575,0.0,included
x_time_h/10.1002_admi.202102324/Fig6_F_stability_performance_curve_pce/10.1002_admi.202102324__Fig6__F__stability_performance_curve_pce__25_°C_BDP-NH₂__Series_2.csv,0,0,0,1.0661265072678334,0.9894175433916435,0.9981131482637092,0.9826301056963208,0.9245900363535836,0.9145204735382211,0.9082389346454541,0.9090447726193239,0.0,included
x_time_h/10.1002_admi.202102324/Fig6_F_stability_performance_curve_pce/10.1002_admi.202102324__Fig6__F__stability_performance_curve_pce__25_°C_w_o_BDP__Series_1.csv,0,0,0,1.744676459207479,0.9878104415996115,0.9980058054184155,0.9810285771294839,0.9135736639719739,0.8931950596324653,0.8812566266733012,0.8715080118288621,0.0,included
x_time_h/10.1002_admi.202102324/Fig6_F_stability_performance_curve_pce/10.1002_admi.202102324__Fig6__F__stability_performance_curve_pce__65_°C_BDP-NH₂__Series_3.csv,2,1,0,1.7461795772381445,0.9781678308474195,0.9959410275357715,0.9675769298683183,0.9142097989411584,0.8933960852956523,0.8686082635734838,0.8472913343630695,0.0,included
x_time_h/10.1002_admi.202102324/Fig6_F_stability_performance_curve_pce/10.1002_admi.202102324__Fig6__F__stability_performance_curve_pce__65_°C_w_o_BDP__Series_4.csv,2,1,0,0.7525137004435922,0.8833488251175328,0.9989227744533178,0.9891775815582754,0.9197269334056538,0.8491952387033288,0.8292998200676157,0.798174370753091,0.0,included
x_time_h/10.1002_adom.201900542/Fig5_whole_stability_performance_curve_pce/10.1002_adom.201900542__Fig5__whole__stability_performance_curve_pce__PCBM__Series_1.csv,2,1,0,1.1770793758479354,0.9964426232966717,0.9993667669958619,0.9920864260809199,0.960022447141694,0.8928028675321256,0.824986609128741,0.7491421475272204,0.0,included
x_time_h/10.1002_advs.201700018/Fig5_A_stability_performance_curve_pce/10.1002_advs.201700018__Fig5__A__stability_performance_curve_pce__TiO₂__Series_1.csv,3,1,1,3.0928236088196943,1.004622060913978,0.9743227078018756,0.7637799283874303,0.6010698685782104,0.5217695365268885,0.4330565324076319,0.36493128428470417,0.0,included
x_time_h/10.1002_advs.201700484/Fig5_A_stability_performance_curve_pce/10.1002_advs.201700484__Fig5__A__stability_performance_curve_pce__FF__Series_2.csv,0,0,0,1.7868058147756944,1.0622769889835393,0.8884231654199166,0.8977995353038581,0.9332764060372927,0.9703810187488846,0.9951085279931134,0.999948515405449,200.0,included
x_time_h/10.1002_advs.201700484/Fig5_A_stability_performance_curve_pce/10.1002_advs.201700484__Fig5__A__stability_performance_curve_pce__J_SC__Series_3.csv,1,0,1,2.60890354514493,1.0133736277420318,0.9968680736352334,0.9641323603256291,0.8071560098091718,0.737512300557974,0.6988649731976422,0.6840690396439408,0.0,included
x_time_h/10.1002_advs.201700484/Fig5_A_stability_performance_curve_pce/10.1002_advs.201700484__Fig5__A__stability_performance_curve_pce__PCE__Series_1.csv,1,0,1,3.382725763138305,0.9693360968245368,0.9877142944923312,0.8961949067675596,0.7149784789669628,0.6893954788238307,0.6827261634575836,0.6921816944426814,0.0,included
x_time_h/10.1002_advs.201700484/Fig5_A_stability_performance_curve_pce/10.1002_advs.201700484__Fig5__A__stability_performance_curve_pce__V_OC__Series_4.csv,0,0,0,1.598807257657645,0.9889083327878679,0.9960379099956773,0.9662058156706713,0.8787432322018405,0.9074643385751497,0.9314879815006956,0.9478809543527716,0.0,included
x_time_h/10.1002_advs.201901241/Fig5_B_stability_performance_curve_pce/10.1002_advs.201901241__Fig5__B__stability_performance_curve_pce__Control__Series_2.csv,1,0,1,1.8810276624326439,0.9971853518338172,0.9953923643063533,0.9584168640018382,0.8401582792630932,0.7577215409057545,0.6853014305404123,0.5955217150893036,0.0,included
x_time_h/10.1002_advs.201903044/Fig6_D_stability_performance_curve_pce/10.1002_advs.201903044__Fig6__D__stability_performance_curve_pce__NiOx__Series_2.csv,0,0,0,1.3969745628623877,0.9989988558083285,0.9992686594409554,0.9933997746461573,0.9631942971203755,0.9177693984011015,0.8747678898080024,0.8721541946761865,0.0,included
x_time_h/10.1002_advs.201903250/Fig5_F_tga_stability_performance_curve_pce/10.1002_advs.201903250__Fig5__F__tga_stability_performance_curve_pce__Control__Series_2.csv,1,0,1,0.9307573760600953,0.9786362267721181,0.9970561854165652,0.9714708585218104,0.8411032734002094,0.7260809389971336,0.6364932276680311,0.5821462618911356,0.0,included
x_time_h/10.1002_advs.201903250/Fig5_F_tga_stability_performance_curve_pce/10.1002_advs.201903250__Fig5__F__tga_stability_performance_curve_pce__WTGA__Series_3.csv,1,0,1,1.5095366596304138,0.9900751243448256,0.9980091055692986,0.977800238208085,0.8001358380321406,0.6811307737003595,0.6458786754070209,0.6129708719747715,0.0,included
x_time_h/10.1002_aelm.202000604/Fig4_F_stability_performance_curve/10.1002_aelm.202000604__Fig4__F__stability_performance_curve__WithoutMI__Series_1.csv,0,0,0,0.47277524310148833,1.0027906283532713,0.9996083109378646,0.9964650721929074,0.9769419075629249,0.9483117450273113,0.9319523730375555,0.9027543904164588,0.0,included
x_time_h/10.1002_aenm.201600285/Fig6_whole_stability_performance_curve_pce/10.1002_aenm.201600285__Fig6__whole__stability_performance_curve_pce__PC[70]BM_AZO_Al__Series_3.csv,0,0,0,0.47073590085134237,99.95605558274224,0.9993586541383094,0.9948629807092118,0.9808287254120425,0.9614130775372347,0.9409236943518946,0.9190170526580348,0.0,included
x_time_h/10.1002_aenm.201600285/Fig6_whole_stability_performance_curve_pce/10.1002_aenm.201600285__Fig6__whole__stability_performance_curve_pce__PC[70]BM_Al__Series_2.csv,0,0,0,1.8313409688923492,99.68172329542143,0.9981141741648243,0.9834483265423082,0.9266782280065285,0.8944992150775868,0.8688359064585613,0.8623929303864254,0.0,included
x_time_h/10.1002_aenm.201600920/Fig7_B_stability_performance_curve_jsc/10.1002_aenm.201600920__Fig7__B__stability_performance_curve_jsc__Spiro__Series_2.csv,0,0,0,1.6733066772315057,13.538326172172791,0.9854357198421704,0.9884483857751448,0.9892126717904776,0.9960635660285798,0.9979780594179669,0.9941984159884721,162.16666666666666,included
x_time_h/10.1002_aenm.201700169/Fig7_whole_stability/10.1002_aenm.201700169__Fig7__whole__stability__FF__Series_1.csv,0,0,0,1.2470176156873676,0.9655522780294278,0.9909311072961341,0.9327730012778773,0.9204584823198697,0.9540331347029616,0.9133908572249032,0.8608492484682599,0.0,included
x_time_h/10.1002_aenm.201700169/Fig7_whole_stability/10.1002_aenm.201700169__Fig7__whole__stability__PCE__Series_4.csv,0,0,0,0.9265062820845132,1.0032083841000194,0.9986821391817619,0.9803040853779897,0.9180818874514652,0.9556916753979589,0.9406888570942501,0.885749000876918,0.0,included
x_time_h/10.1002_aenm.201700763/Fig5_A_stability_performance_curve_pce/10.1002_aenm.201700763__Fig5__A__stability_performance_curve_pce__r-GO_PTAA__Series_2.csv,0,0,0,0.5456934762424259,16.87848778799523,0.9997186237791597,0.997460627003864,0.9822911802744254,0.9620218043288469,0.9439779478425203,0.9334395499087214,0.0,included
x_time_h/10.1002_aenm.201700763/Fig5_A_stability_performance_curve_pce/10.1002_aenm.201700763__Fig5__A__stability_performance_curve_pce__r-GO__Series_1.csv,0,0,0,0.4020338965403828,15.062552498148193,0.9993694023496349,0.9943012604533025,0.977282673176007,0.957257064131969,0.9401271450397529,0.9225213791077074,0.0,included
x_time_h/10.1002_aenm.201701688/Fig4_F_device_structure/10.1002_aenm.201701688__Fig4__F__device_structure__PEDOT_PSS__Series_2.csv,2,1,0,1.7402315148779675,12.728999666483759,0.9993151081421454,0.9973058051068643,0.9782727529083379,0.9160244149247414,0.843844326680076,0.7402080927198137,0.0,included
x_time_h/10.1002_aenm.201703054/Fig8_A_stability_performance_curve_pce/10.1002_aenm.201703054__Fig8__A__stability_performance_curve_pce__Pero-pristine__Series_1.csv,0,0,0,0.33074770520687075,0.9976424212717787,0.9991332434438172,0.9899686204101011,0.9612990109208216,0.9516353632619838,0.9287831934992201,0.9049111109380127,0.0,included
x_time_h/10.1002_aenm.201802774/Fig3_B_stability_performance_curve_pce_pattern/10.1002_aenm.201802774__Fig3__B__stability_performance_curve_pce_pattern__w_oGDR__Series_2.csv,3,1,1,3.6360567148662466,0.9970352682993726,0.9975216633361195,0.9747543581182779,0.8150339734490427,0.5594467329951017,0.3486427927951582,0.2184459810262366,0.0,included
x_time_h/10.1002_aenm.201803047/Fig6_A_stability_performance_curve_pce_ff/10.1002_aenm.201803047__Fig6__A__stability_performance_curve_pce_ff__RUS-D__Series_1.csv,0,0,0,5.757339700554153,0.8367043838412496,0.9554623055858136,0.7910140465338674,1.0050546516912149,0.977547263681145,0.959707885186196,0.9356035109308403,50.666666666666664,included
x_time_h/10.1002_aenm.201901726/Fig6_E_stability_performance_curve_pce_pattern/10.1002_aenm.201901726__Fig6__E__stability_performance_curve_pce_pattern__control_device__Series_2.csv,2,1,0,2.392854373961839,0.9652948177899301,0.9745334012238678,0.8872472463808211,0.8094437435467003,0.7892074828414792,0.7834913234191259,0.7758482107513873,0.0,included
x_time_h/10.1002_aenm.201901852/Fig6_A_stability_performance_curve_pce/10.1002_aenm.201901852__Fig6__A__stability_performance_curve_pce__control__Series_2.csv,1,0,1,1.497214107631473,100.79666241750449,0.9962472323866889,0.9675754103874183,0.8408646816155482,0.6104366773038695,0.5988711414171346,0.5651231462733862,0.0,included
x_time_h/10.1002_aenm.201901852/Fig6_B_stability_performance_curve_pce/10.1002_aenm.201901852__Fig6__B__stability_performance_curve_pce__control__Series_1.csv,1,0,1,2.20561423498562,99.50491714482752,0.9977463148201599,0.9810475981547631,0.8909623011813353,0.7922257258327243,0.6779204976750811,0.47808305057728206,0.0,included
x_time_h/10.1002_aenm.201901852/Fig6_C_stability_performance_curve/10.1002_aenm.201901852__Fig6__C__stability_performance_curve__control__Series_1.csv,3,1,1,4.0336130906287115,101.4961995560985,0.9832036400148205,0.8868488457474294,0.6658640340751533,0.5527312136990713,0.4834240077528308,0.42842656995198625,0.0,included
x_time_h/10.1002_aenm.201902472/Fig5_C_stability_performance_curve/10.1002_aenm.201902472__Fig5__C__stability_performance_curve__UVCA_without_Paraffin__Series_1.csv,2,1,0,1.7765199782036392,1.0318874518052754,0.9731818053774988,0.9847040325028651,0.9677060710702619,0.8976789179744085,0.8567748552972329,0.8244666913855749,27.5,included
x_time_h/10.1002_aenm.201902472/Fig5_D_stability_performance_curve/10.1002_aenm.201902472__Fig5__D__stability_performance_curve__UVCA_without_Paraffin__Series_1.csv,0,0,0,1.0591014355001387,1.0049461789566976,0.999624771935984,0.9967754756753613,0.9903548700996746,0.9810162275512914,0.9682287084244062,0.9622281509943311,0.0,included
x_time_h/10.1002_aenm.201902653/Fig5_E_stability_performance_curve_pce/10.1002_aenm.201902653__Fig5__E__stability_performance_curve_pce__Perovskite__Series_2.csv,2,1,0,0.35064616252083536,19.226103996891254,0.9983428702998199,0.9850446835926606,0.9279567968253051,0.8531758344745546,0.7944218500080215,0.7486298176630275,0.0,included
x_time_h/10.1002_aenm.201903146/Fig7_whole_figure/10.1002_aenm.201903146__Fig7__whole__figure__spiro-OMeTAD__Series_1.csv,0,0,0,0.8524374305890597,0.9903318504199456,0.999950975801418,0.9998176101529291,0.9924331646264364,0.9815883065286394,0.9559545915894857,0.9281098478950759,4.833333333333333,included
x_time_h/10.1002_aenm.201903751/Fig4_D_stability_performance_curve_pce/10.1002_aenm.201903751__Fig4__D__stability_performance_curve_pce__O-without_STCG__Series_1.csv,0,0,0,1.8072369617996835,1.021557964237101,0.9821225790260354,0.9946097202056277,0.9712415592972607,0.9527782535274141,0.8728026926945746,0.8001373686871986,17.333333333333332,included
x_time_h/10.1002_aenm.201903751/Fig4_F_stability/10.1002_aenm.201903751__Fig4__F__stability__MAPbl3__Series_1.csv,2,1,0,0.7331305584168561,1.005512223803151,0.9989199914056407,0.9892081882861601,0.9482663903170324,0.8731851914104444,0.7837181854490296,0.7580499100619642,0.0,included
x_time_h/10.1002_aenm.201903751/Fig4_F_stability/10.1002_aenm.201903751__Fig4__F__stability__O-CsPbl₂without_STCG__Series_3.csv,0,0,0,1.08516766103411,1.0077041537720586,0.9990370368178761,0.9935201705027988,0.9870693318060435,0.9622829743463637,0.8994613613096755,0.8608160479799112,0.0,included
x_time_h/10.1002_aenm.201903751/Fig5_D_stability_performance_curve_pce/10.1002_aenm.201903751__Fig5__D__stability_performance_curve_pce__Series_1__Series_1.csv,0,0,0,1.3386816792884457,1.0236882359647657,0.9754640234057725,0.983429564824034,0.9963310677358261,0.9976769556689946,0.9826245395661783,0.9495428402801608,120.16666666666667,included
x_time_h/10.1002_aenm.202001869/Fig8_C_stability_performance_curve/10.1002_aenm.202001869__Fig8__C__stability_performance_curve__ITO_SnO₂_SAM_FAPbI₃_PDCBT_Ta-WOₓ_Ag__Series_3.csv,3,1,1,1.6473935520255514,0.9939457493219807,0.9883955347005691,0.8846087797748604,0.558621257715064,0.44302502480689343,0.32552254325616226,0.22681753042949052,0.0,included
x_time_h/10.1002_aenm.202001869/Fig8_C_stability_performance_curve/10.1002_aenm.202001869__Fig8__C__stability_performance_curve__ITO_SnO₂_SAM_MAPbI₃_PDCBT_Ta-WOₓ_Carbon__Series_2.csv,0,0,0,1.7432766193214604,1.0005531243937986,0.9982625342347671,0.9999455822979513,0.9998840831932729,0.9977740527878891,0.997806689179776,0.9955851651979881,79.0,included
x_time_h/10.1002_aenm.202001869/Fig8_D_stability/10.1002_aenm.202001869__Fig8__D__stability__MAPbI₃__Series_2.csv,3,1,1,6.163827572166768,1.0530825611811723,0.9688381480852633,0.9967339729429209,0.9889022113375839,0.49085233935069955,0.35505938990995967,0.15689307208347025,32.666666666666664,included
x_time_h/10.1002_aenm.202002882/Fig5_C_stability_performance_curve_pce/10.1002_aenm.202002882__Fig5__C__stability_performance_curve_pce__CsPbI₂Br_NSs__Series_2.csv,0,0,0,1.2819069789621904,1.005878105366359,0.9976704662052747,0.999957511486795,0.9942938594727792,0.9886673254163347,0.9806571866728114,0.9634940561538206,9.666666666666666,included
x_time_h/10.1002_aenm.202002882/Fig5_C_stability_performance_curve_pce/10.1002_aenm.202002882__Fig5__C__stability_performance_curve_pce__CsPbI₂Br__Series_1.csv,0,0,0,0.48095383050742285,1.0030369592655892,0.9998902082458376,0.9981641003792042,0.9810627793911594,0.956921772276873,0.9368992012418687,0.9089577869981555,0.0,included
x_time_h/10.1002_aenm.202002882/Fig5_C_stability_performance_curve_pce/10.1002_aenm.202002882__Fig5__C__stability_performance_curve_pce__NSs_CsPbI₂Br_NSs__Series_3.csv,0,0,0,1.3447632983641489,1.003081367456126,0.9978376192386255,0.9999779949914949,0.9946508276454821,0.9895115957339101,0.9806573781084233,0.9713600722512943,10.666666666666666,included
x_time_h/10.1002_aenm.202003301/Fig5_E_stability_performance_curve_pce/10.1002_aenm.202003301__Fig5__E__stability_performance_curve_pce__o-Control__Series_2.csv,0,0,0,2.0389232361027245,1.0075357732621775,0.9995394404085733,0.995843527267003,0.9761752546861205,0.9409176122051285,0.8800674070350419,0.7808733956874684,0.0,included
x_time_h/10.1002_aenm.202003301/Fig5_F_mppt_stability_performance_curve_pce/10.1002_aenm.202003301__Fig5__F__mppt_stability_performance_curve_pce__o-Control__Series_2.csv,2,1,0,2.1173308807476734,1.0049392076802466,0.9993730644519915,0.9943420122841765,0.9699277590717106,0.9442309351735908,0.8401798217443629,0.7449300425731293,0.0,included
x_time_h/10.1002_aenm.202003785/Fig6_F_mppt_stability_performance_curve/10.1002_aenm.202003785__Fig6__F__mppt_stability_performance_curve__o-Control__Series_2.csv,0,0,0,1.0702517253104553,0.996641331355671,0.9985730355337481,0.9979365433068603,0.9938089179380382,0.9821112015690201,0.9672059541161455,0.9585652295296296,0.0,included
x_time_h/10.1002_aenm.202100967/Fig4_F_mppt_stability_performance_curve_pce_jsc/10.1002_aenm.202100967__Fig4__F__mppt_stability_performance_curve_pce_jsc__Spiro__Series_1.csv,3,1,1,0.7128718981396249,0.9178680714063222,0.9922649618578018,0.9301925837013344,0.6681402738408204,0.4481732296943311,0.3056574286060912,0.22004481293238104,0.0,included
x_time_h/10.1002_aenm.202101291/Fig5_G_stability_performance_curve_pce/10.1002_aenm.202101291__Fig5__G__stability_performance_curve_pce__MAPbl₃__Series_1.csv,1,0,1,1.7106074407688665,0.9407236553916106,0.9884278299434784,0.9217453901644554,0.8212007226745967,0.7414497345876718,0.6687708610316733,0.616538383343248,0.0,included
x_time_h/10.1002_aenm.202101539/Fig4_F_stability_performance_curve_pce/10.1002_aenm.202101539__Fig4__F__stability_performance_curve_pce__Reference__Series_1.csv,0,0,0,1.6155575215505027,1.01346259842909,0.9943573215157812,0.9943573215157812,0.9954453453434675,0.99993551260174,0.9932316753081694,0.986132508446282,98.66666666666667,included
x_time_h/10.1002_aenm.202200480/Fig6_A_stability_performance_curve_pce/10.1002_aenm.202200480__Fig6__A__stability_performance_curve_pce__85.2%__Series_1.csv,0,0,0,0.5454897729070379,1.0009975599941041,0.9996239387934094,0.996672001324386,0.9818425253183795,0.967274759783084,0.9467102063645222,0.9260199165027773,0.0,included
x_time_h/10.1002_aenm.202200480/Fig6_B_stability/10.1002_aenm.202200480__Fig6__B__stability__TTDA-TAPB-COF__Series_1.csv,0,0,0,0.8373822339995267,1.0033181472011086,0.998659328139503,0.9833986112513828,0.9574923931603965,0.975734063716339,0.9698809455841826,0.9552255535663622,0.0,included
x_time_h/10.1002_aenm.202200480/Fig6_C_stability/10.1002_aenm.202200480__Fig6__C__stability__TTDA-TTA-COF__Series_1.csv,0,0,0,1.2070342349816985,1.0607134867980446,0.944312179925735,0.9446343048579475,0.9416923059949721,0.9724568692363161,0.9841590683076297,0.9611554373229744,123.66666666666667,included
x_time_h/10.1002_aenm.202301066/Fig4_D_stability_performance_curve_pce/10.1002_aenm.202301066__Fig4__D__stability_performance_curve_pce__Control__Series_3.csv,2,1,0,0.9079502479315186,0.9931537143312807,0.9966968732030665,0.969329136321603,0.8685210389849352,0.8251702549915139,0.8023417021462865,0.7712024066564721,0.0,included
x_time_h/10.1002_aenm.202301066/Fig4_D_stability_performance_curve_pce/10.1002_aenm.202301066__Fig4__D__stability_performance_curve_pce__With_NMAI__Series_1.csv,1,0,1,2.902007507740677,0.9980964461570929,0.996605468445564,0.9626962883843051,0.8001491685143836,0.7359621493139247,0.7134027001365884,0.7004838757385726,0.0,included
x_time_h/10.1002_aenm.202302169/Fig5_A_stability_performance_curve_spectrum/10.1002_aenm.202302169__Fig5__A__stability_performance_curve_spectrum__Control_(initial_PCE_20.15%)__Series_1.csv,2,1,0,0.9348311382361438,0.9719489689399696,0.9984596522543404,0.9815840095721624,0.9156048248974549,0.8663843235704384,0.8395253988151621,0.8094261626961934,0.0,included
x_time_h/10.1002_aenm.202302169/Fig5_B_stability/10.1002_aenm.202302169__Fig5__B__stability__Control_(initial_PCE_20.98%)__Series_1.csv,0,0,0,1.0231840101068619,1.0200700162324643,0.9680991295447273,0.9954063074704971,0.9626491023747576,0.9140521780171431,0.9071110703404283,0.8858535122853238,15.0,included
x_time_h/10.1002_aenm.202302169/Fig5_C_stability_performance_curve_pce/10.1002_aenm.202302169__Fig5__C__stability_performance_curve_pce__Control_(initial_PCE_21.02%)__Series_1.csv,2,1,0,1.2203759189052688,1.020955760335759,1.0002256799506948,0.987955683560941,0.9023111303730735,0.8262161214034397,0.7583478066331556,0.6808471907535677,0.0,included
x_time_h/10.1002_anie.201800816/Fig2_D_jv_curve_stability_performance/10.1002_anie.201800816__Fig2__D__jv_curve_stability_performance__e-LiTFSI__Series_2.csv,2,1,0,13.210044173619034,17.2718437300091,0.9811229139637936,0.8258070749171064,0.10436334411324191,0.9615274230143658,0.9214287490753015,0.8713175042783582,0.0,included
x_time_h/10.1002_anie.201904195/Fig4_A_stability_performance_curve/10.1002_anie.201904195__Fig4__A__stability_performance_curve__PCBM_in_ambient__Series_1.csv,0,0,0,0.39804338342087564,1.0053853266056747,0.9991143320143226,0.9927865804246303,0.9689120693128132,0.9441239658393907,0.931440714639301,0.9132009736186105,0.0,included
x_time_h/10.1002_anie.201904195/Fig4_A_stability_performance_curve/10.1002_anie.201904195__Fig4__A__stability_performance_curve__PDI-C60_in_ambient__Series_2.csv,2,1,0,1.488937592960846,0.9986720594312137,0.9989810038656489,0.9908037315333761,0.9548412111318881,0.9161055032859895,0.8360088279915652,0.795033011615356,0.0,included
x_time_h/10.1002_anie.201905690/Fig1_F_stability_performance_curve_pce/10.1002_anie.201905690__Fig1__F__stability_performance_curve_pce__BA₂MA₄Pb₅I₁₆__Series_1.csv,0,0,0,0.9325181876097572,1.011008098427495,0.9991979654293922,0.9942139687970062,0.9889957353269705,0.9839372110756309,0.9640764811915914,0.9456540313094953,0.0,included
x_time_h/10.1002_anie.202005211/Fig4_E_mppt_stability_performance_curve_pce/10.1002_anie.202005211__Fig4__E__mppt_stability_performance_curve_pce__Bare_FAPbI₃_with_MACI__Series_1.csv,1,0,1,4.388394809920239,0.9594955749209176,0.9903339481923633,0.8979546674745352,0.6226593598725502,0.580174422539841,0.5463778801142426,0.5349372405217946,0.0,included
x_time_h/10.1002_anie.202007353/Fig3_F_stability_performance_curve_pce/10.1002_anie.202007353__Fig3__F__stability_performance_curve_pce__a__Series_1.csv,0,0,0,1.154370412463447,1.0062090922329587,0.9982218686202587,0.9839526638168427,0.9425031836977582,0.9170547186503335,0.895080977745665,0.873325474171355,0.0,included
x_time_h/10.1002_anie.202007353/Fig3_F_stability_performance_curve_pce/10.1002_anie.202007353__Fig3__F__stability_performance_curve_pce__c__Series_2.csv,0,0,0,0.49455484806791156,1.0062090922329587,0.9986735285100085,0.9892231063136966,0.9748440632145046,0.9645200918751904,0.9510454113203957,0.9351774321839288,0.0,included
x_time_h/10.1002_anie.202012095/Fig5_E_stability_performance_curve_pce/10.1002_anie.202012095__Fig5__E__stability_performance_curve_pce__Pristine__Series_1.csv,0,0,0,1.1120211565296507,18.891632619891915,0.976234105392741,0.9781668186559606,0.9962415077705074,0.990250521451305,0.9681925913359796,0.9565033726550486,72.16666666666667,included
x_time_h/10.1002_anie.202016085/Fig6_A_pce/10.1002_anie.202016085__Fig6__A__pce__PTAA__Series_2.csv,0,0,0,1.504092574835277,1.0110961582072049,0.9910766477226169,0.9892497363603406,0.9805452626341411,0.9935329315052362,0.9954681347547727,0.981134401511872,84.0,included
x_time_h/10.1002_anie.202410069/Fig4_E_stability_performance_curve_pce/10.1002_anie.202410069__Fig4__E__stability_performance_curve_pce__Control__Series_1.csv,2,1,0,1.4707737588229717,0.97089596911103,0.9979492848006497,0.9998379133065036,0.9757543072312007,0.9020693162169725,0.8054750856072874,0.7166976926876399,5.833333333333333,included
x_time_h/10.1002_anie.202505470/Fig6_D_stability_performance_curve/10.1002_anie.202505470__Fig6__D__stability_performance_curve__Control__Series_1.csv,0,0,0,1.8183300319557234,0.9979654760149834,0.9993517597830015,0.9922959116086814,0.9506890349609411,0.9151599992374483,0.867225373821493,0.8187135365894617,0.0,included
x_time_h/10.1002_cjoc.201800469/Fig5_B_stability/10.1002_cjoc.201800469__Fig5__B__stability__Perovskite__Series_1.csv,1,0,1,2.805318330396376,1.0003801291894034,0.9986984041034851,0.9856164330169085,0.9142971701773419,0.7230217104057816,0.511275752600393,0.38765761306060886,0.0,included
x_time_h/10.1002_cssc.201600860/Fig11_A_stability_performance_curve_pce/10.1002_cssc.201600860__Fig11__A__stability_performance_curve_pce__ZnO__Series_2.csv,0,0,0,0.7252439602720546,1.0245253581030882,0.9817277301678992,0.986781579514143,0.99864603988327,0.9674967034376145,0.9413496175998896,0.9245075151152878,41.5,included
x_time_h/10.1002_cssc.201800658/Fig6_C_stability_performance_curve_pce/10.1002_cssc.201800658__Fig6__C__stability_performance_curve_pce__FA__Series_3.csv,0,0,0,0.7820142074568522,0.9981539305388383,0.9996998369102539,0.9965862836352932,0.9684247002551385,0.9311112206675144,0.9106506657605427,0.8903775255509679,0.0,included
x_time_h/10.1002_cssc.201802421/Fig5_whole_figure/10.1002_cssc.201802421__Fig5__whole__figure__TiO2__Series_2.csv,0,0,0,1.0068303842424855,12.147801255475365,0.9743342421322255,0.9790990182770317,0.9884419906246041,0.9977339532918901,0.9633392967632686,0.9094639397155271,112.5,included
x_time_h/10.1002_cssc.201900106/Fig6_A_stability_performance_curve_pce/10.1002_cssc.201900106__Fig6__A__stability_performance_curve_pce__W_Ot-BAI__Series_2.csv,0,0,0,1.4401610070448316,1.0034690435163967,0.9986261002048987,0.9881103140469111,0.9459875349012952,0.9117801528078773,0.8820480516093483,0.8607617060357772,0.0,included
x_time_h/10.1002_cssc.201900106/Fig6_C_stability_performance_curve_pce/10.1002_cssc.201900106__Fig6__C__stability_performance_curve_pce__W_Ot-BAI__Series_1.csv,2,1,0,2.950405952953424,1.0052057618962151,0.9951524543621036,0.9447378184078293,0.8115052113730722,0.7541090502857974,0.7292836345668565,0.707470902835834,0.0,included
x_time_h/10.1002_cssc.201900509/Fig7_C_stability/10.1002_cssc.201900509__Fig7__C__stability__HTL__Series_1.csv,0,0,0,0.7995406988153182,1.0049662151544587,0.9996008783600935,0.9999432780309098,0.994690398195344,0.9770542622944568,0.9505493817149905,0.9250976513580725,8.0,included
x_time_h/10.1002_cssc.201902488/Fig6_A_stability_performance_curve_pce/10.1002_cssc.201902488__Fig6__A__stability_performance_curve_pce__Controlgroup__Series_1.csv,2,1,0,2.989002663838824,0.9989713665185119,0.9993053964276271,0.9890101742744545,0.9418845458713457,0.8070230630111086,0.6861427902295871,0.6060625510939931,0.0,included
x_time_h/10.1002_cssc.201902488/Fig6_A_stability_performance_curve_pce/10.1002_cssc.201902488__Fig6__A__stability_performance_curve_pce__With_ttfa__Series_2.csv,2,1,0,1.7513420424800357,1.0087102657947358,0.9976253136797747,0.9874513912528577,0.9573547284625213,0.8852413756559869,0.8706407017532399,0.8260482701041284,0.0,included
x_time_h/10.1002_cssc.201903216/Fig5_C_stability_performance_curve_pce/10.1002_cssc.201903216__Fig5__C__stability_performance_curve_pce__BA_Method__Series_2.csv,0,0,0,0.589850814906412,0.999016193153747,0.9989183093314236,0.9948645664843939,0.9842158714726064,0.9745542103141639,0.9532760748203886,0.9231832533233627,3.5,included
x_time_h/10.1002_cssc.201903216/Fig5_C_stability_performance_curve_pce/10.1002_cssc.201903216__Fig5__C__stability_performance_curve_pce__Control__Series_1.csv,2,1,0,1.7728884533420772,0.9972567544866046,0.9996798327902826,0.9910450984967292,0.9096586691947159,0.898889995473447,0.8878335312249458,0.8046619317700656,0.0,included
x_time_h/10.1002_cssc.202001527/Fig5_A_jsc/10.1002_cssc.202001527__Fig5__A__jsc__0.3_suns__Series_3.csv,1,0,1,4.224283146592334,0.9503241312611779,0.9885243906659978,0.9011879388025943,0.6456083263710951,0.5701497627810027,0.5426019228206063,0.5214861106555767,0.0,included
x_time_h/10.1002_cssc.202001527/Fig5_A_jsc/10.1002_cssc.202001527__Fig5__A__jsc__0.5_suns__Series_1.csv,3,1,1,3.5614586956917997,0.9118347556433719,0.9835423517069893,0.8655150839492566,0.5927060305178895,0.4844362257656698,0.45368927984701307,0.45127840624827054,0.0,included
x_time_h/10.1002_cssc.202001527/Fig5_A_jsc/10.1002_cssc.202001527__Fig5__A__jsc__1sun__Series_2.csv,3,1,1,3.80611995407569,0.64240912631873,0.9817485935199344,0.851090331633034,0.5574307589024453,0.4957295811152537,0.45921845809045797,0.4390155156663754,0.0,included
x_time_h/10.1002_cssc.202002707/Fig7_A_stability_performance_curve_pce/10.1002_cssc.202002707__Fig7__A__stability_performance_curve_pce__Control__Series_1.csv,0,0,0,1.371095799232427,0.9471979413288603,0.9972733092893749,0.9811805552528434,0.9367620239592801,0.9045771789121834,0.8907354801967774,0.8741161188434133,0.0,included
x_time_h/10.1002_eem2.12595/Fig3_F_stability_performance_curve_pce/10.1002_eem2.12595__Fig3__F__stability_performance_curve_pce__PCBM-only_IPSC__Series_1.csv,0,0,0,0.5523151524777578,100.12130282195176,0.9997726177423524,0.9999506129329293,0.9842017036522196,0.9628549144197327,0.9396216570529035,0.9109802964673427,9.166666666666666,included
x_time_h/10.1002_ente.201700448/Fig6_D_stability_performance_curve/10.1002_ente.201700448__Fig6__D__stability_performance_curve__Spiro-OMeTAD__Series_1.csv,1,0,1,1.0053845405428774,11.084549934567217,0.9984117966234956,0.9824108604086096,0.8448954385537958,0.6971404440999401,0.6216924465726418,0.599308680424736,0.0,included
x_time_h/10.1002_ente.202000224/Fig5_C_stability_performance_curve_pce/10.1002_ente.202000224__Fig5__C__stability_performance_curve_pce__Control__Series_1.csv,2,1,0,1.486452077236454,1.0057229087138209,0.9979248960024603,0.9814364482789608,0.906326440300781,0.8004929436025104,0.7432698745987059,0.7112251146602966,0.0,included
x_time_h/10.1002_er.7725/Fig5_B_stability_performance_curve_pce/10.1002_er.7725__Fig5__B__stability_performance_curve_pce__SnO2__Series_3.csv,1,0,1,14.120890652047274,0.9239980886163378,0.978958380969546,0.7314555461299529,0.5343453583878353,0.11883996389440682,0.8630448177195442,0.910306711815706,0.0,included
x_time_h/10.1002_slct.201904141/Fig6_D_stability_performance_curve_voc_eqe/10.1002_slct.201904141__Fig6__D__stability_performance_curve_voc_eqe__Spiro-OMeTAD__Series_1.csv,1,0,1,2.6352223457826223,0.9952649600094897,0.9990673731837707,0.989073643233774,0.9270357078887967,0.8046630613490259,0.6389366727393033,0.4151024251882948,0.0,included
x_time_h/10.1002_slct.202102172/Fig8_whole_stability/10.1002_slct.202102172__Fig8__whole__stability__0%__Series_1.csv,0,0,0,1.58679335311795,0.9999742628043694,0.9597288095090201,0.9659163367742933,0.9954632560476064,0.997755413365906,0.9920705098562392,0.9861019206754581,81.16666666666667,included
x_time_h/10.1002_slct.202102172/Fig8_whole_stability/10.1002_slct.202102172__Fig8__whole__stability__4%__Series_2.csv,0,0,0,1.7338111986543092,0.9982798742902645,0.9419687619275872,0.9506441417380525,0.9925121494352674,0.9996599038811241,0.9981476247112196,0.9983230316984819,178.5,included
x_time_h/10.1002_smll.201904372/Fig6_A_stability_performance_curve_pce/10.1002_smll.201904372__Fig6__A__stability_performance_curve_pce__MAPbI₃__Series_1.csv,2,1,0,1.0518551958216389,0.9975914740413139,0.9993192308854125,0.9735621830177411,0.8749605837029194,0.8655775350395565,0.8458306159959622,0.7632504217354601,0.0,included
x_time_h/10.1002_smll.201904399/Fig6_B_stability/10.1002_smll.201904399__Fig6__B__stability__P3HT_Li+TBP__Series_1.csv,2,1,0,0.8899929903375318,1.00103440747047,0.9989734985440052,0.9898827953971556,0.942594979273785,0.8827095154850867,0.8242164532604805,0.7815445439353128,0.0,included
x_time_h/10.1002_smll.201904746/Fig3_B_stability_performance_curve/10.1002_smll.201904746__Fig3__B__stability_performance_curve__TiO2_Pero_Spiro_Au__Series_2.csv,1,0,1,1.0286336174249149,0.9994621690995453,0.9968488796331573,0.9680484475563357,0.843137754182465,0.7163415178702296,0.6196508242982157,0.6044904347793159,0.0,included
x_time_h/10.1002_smll.201904746/Fig3_C_stability_performance_curve/10.1002_smll.201904746__Fig3__C__stability_performance_curve__TiO₂_Pero_Spiro_Au__Series_2.csv,1,0,1,1.0537403897285151,0.9974432303747592,0.9972738816907386,0.9710092635695202,0.8455747943335633,0.7158885282339194,0.6205075912408506,0.6034144257324947,0.0,included
x_time_h/10.1002_smll.201904746/Fig4_C_stability_performance_curve/10.1002_smll.201904746__Fig4__C__stability_performance_curve__TiO2_Pero_CuSCN_C__Series_1.csv,0,0,0,0.9970479857454513,0.9972030251062909,0.9992826156178178,0.9922750132664919,0.9481872256880974,0.918693640070646,0.9007922424958004,0.8926886636639487,0.0,included
x_time_h/10.1002_smll.202004877/Fig5_I_stability_performance_curve/10.1002_smll.202004877__Fig5__I__stability_performance_curve__Pristine__Series_2.csv,0,0,0,1.0601821044421988,1.004326223533303,0.9999999999999601,0.999331918746399,0.9833316698829181,0.944609445619856,0.9023274225375024,0.8563341821548904,0.0,included
x_time_h/10.1002_smll.202005246/Fig5_A_stability_performance_curve_pce/10.1002_smll.202005246__Fig5__A__stability_performance_curve_pce__Series_1__Series_1.csv,2,1,0,0.9560328519540082,1.0039411890289511,0.9987734644138456,0.9861764433661615,0.9163589360687892,0.846884603889136,0.8288872024560187,0.8253160704899116,0.0,included
x_time_h/10.1002_smll.202101380/Fig5_H_stability_performance_curve_pce/10.1002_smll.202101380__Fig5__H__stability_performance_curve_pce__CsPb0.55Sn0.45l2Br-CsCI__Series_3.csv,1,0,1,3.4471057844733815,0.9920249255005715,0.9958725903819211,0.9823485837153692,0.9404443614091316,0.8538679062741978,0.668645470605477,0.4091418643929001,0.0,included
x_time_h/10.1002_smll.202101902/Fig7_A_stability_performance_curve_pce/10.1002_smll.202101902__Fig7__A__stability_performance_curve_pce__Spiro-OMeTAD__Series_1.csv,2,1,0,1.1480134401051103,1.0193926065279986,0.9927079225435457,1.0000432944743307,0.9538723961999879,0.8848418894432725,0.8283663823788501,0.7898925669085619,9.166666666666666,included
x_time_h/10.1002_smll.202101902/Fig7_A_stability_performance_curve_pce/10.1002_smll.202101902__Fig7__A__stability_performance_curve_pce__Spiro_Ts-CuPc-i__Series_2.csv,0,0,0,1.510043952406547,1.065674551272127,0.942870961666191,0.9662174230940824,0.9999376764285806,0.9999242097090371,0.9908621988213354,0.9632841461012567,102.5,included
"x_time_h/10.1002_smll.202102272/Fig6_B_stability_performance_curve_pce/10.1002_smll.202102272__Fig6__B__stability_performance_curve_pce__o—CsPbI,Br__Series_1.csv",0,0,0,1.1150584970049031,1.0035991001648166,0.9997243076943438,0.9976436302633939,0.991710751838956,0.9799084167999452,0.9714485585931489,0.9657458488786558,0.0,included
x_time_h/10.1002_smll.202201820/Fig5_C_stability_performance_curve_pce_pattern/10.1002_smll.202201820__Fig5__C__stability_performance_curve_pce_pattern__C-C1_C-C1-P__Series_2.csv,0,0,0,1.409321642967054,1.00396814036866,0.9998386041228576,0.9998935619172756,0.973797811819098,0.9130093888540829,0.8886810727197142,0.8582443603091631,12.5,included
x_time_h/10.1002_smll.202201820/Fig5_C_stability_performance_curve_pce_pattern/10.1002_smll.202201820__Fig5__C__stability_performance_curve_pce_pattern__Control__Series_1.csv,0,0,0,1.332630428395341,1.0146741702357192,0.9854519544397355,0.9891770268035123,0.9910465775133582,0.9677198200831711,0.9786950852290076,1.0000451910062524,198.33333333333334,included
x_time_h/10.1002_smtd.201900652/Fig5_E_stability_performance_curve_pce/10.1002_smtd.201900652__Fig5__E__stability_performance_curve_pce__80°℃__Series_2.csv,0,0,0,1.134316270432403,1.0056179249326085,0.9985190910969974,0.9884553271481271,0.9460361331516457,0.9092327969140646,0.9142567705231275,0.863683317833857,0.0,included
x_time_h/10.1002_smtd.201900831/Fig5_I_stability_performance_curve/10.1002_smtd.201900831__Fig5__I__stability_performance_curve__0SCN__Series_1.csv,0,0,0,0.970258321792296,1.0109177104325435,0.9904967276446989,0.9890344071536706,0.9872508596489927,0.9980703348299587,0.9583677031723853,0.9311060598536892,91.33333333333333,included
x_time_h/10.1002_smtd.201900831/Fig5_I_stability_performance_curve/10.1002_smtd.201900831__Fig5__I__stability_performance_curve__2SCN__Series_2.csv,0,0,0,1.478676930288143,1.001494898022139,0.9990803052468606,0.9916999097719138,0.9558531749646799,0.9168618920376622,0.8804528877464491,0.8510150716930008,0.0,included
x_time_h/10.1002_solr.201700209/Fig5_A_pce/10.1002_solr.201700209__Fig5__A__pce__FA_MA__Series_2.csv,0,0,0,1.43509749341506,0.9948481732039621,0.9995119275452855,0.9929547479481037,0.9509209697337428,0.9056120618694325,0.8823200712251323,0.8687652344990929,0.0,included
x_time_h/10.1002_solr.201800004/Fig6_D_pce/10.1002_solr.201800004__Fig6__D__pce__W-NiOx__Series_2.csv,0,0,0,0.8635522446270324,1.013189916638114,0.9987672471760873,0.9923564847932906,0.986737091447957,0.9778773325890451,0.9649061965964225,0.9508550775552209,0.0,included
x_time_h/10.1002_solr.201800222/Fig7_D_stability_performance_curve_pce/10.1002_solr.201800222__Fig7__D__stability_performance_curve_pce__PCBM__Series_2.csv,1,0,1,4.570678449604838,1.0068886816128229,0.9984682048984657,0.9861756548807087,0.9229567613807222,0.8082383260455429,0.5253663926537967,0.21686632646611698,0.0,included
x_time_h/10.1002_solr.201900011/Fig8_D_stability_performance_curve_pce/10.1002_solr.201900011__Fig8__D__stability_performance_curve_pce__spiro-OMeTAD__Series_1.csv,0,0,0,1.2536496822207983,1.0005280251481286,0.9154564732562638,0.9315734872064776,0.997594287062894,0.9988876723932358,0.957896305474564,0.8529485987885856,94.0,included
x_time_h/10.1002_solr.201900029/Fig7_whole_stability_performance_curve_pce/10.1002_solr.201900029__Fig7__whole__stability_performance_curve_pce__CB_anti-solvent__Series_1.csv,0,0,0,0.456712888175625,0.9905211225520274,0.999702454528411,0.9963385106808483,0.9728552747477223,0.9455223346058669,0.92515063618471,0.906853869759158,0.0,included
x_time_h/10.1002_solr.201900072/Fig6_A_stability_performance_curve_pce/10.1002_solr.201900072__Fig6__A__stability_performance_curve_pce__WoTPFPB__Series_1.csv,2,1,0,1.6189079907052752,0.9969516386149836,0.9982630559500181,0.9811532895296411,0.8822968522417426,0.805387923673536,0.7421399929407566,0.6967708358787702,0.0,included
x_time_h/10.1002_solr.201900091/Fig5_A_xps_spectrum_stability_performance_curve/10.1002_solr.201900091__Fig5__A__xps_spectrum_stability_performance_curve__wc-Nb2O5__Series_1.csv,0,0,0,1.0553140711492293,0.9956654868602481,0.9980459808532519,0.9850131540533094,0.9447091531186658,0.9213184732084836,0.8983891567155855,0.8793497040727191,0.0,included
x_time_h/10.1002_solr.201900091/Fig5_A_xps_spectrum_stability_performance_curve/10.1002_solr.201900091__Fig5__A__xps_spectrum_stability_performance_curve__wo__Series_2.csv,2,1,0,0.8448035683381578,1.002730726239516,0.9972298315004937,0.9749996959154044,0.8898028566856604,0.831979299921324,0.767857241545255,0.7274913754222768,0.0,included
x_time_h/10.1002_solr.201900119/Fig5_D_stability_performance_curve/10.1002_solr.201900119__Fig5__D__stability_performance_curve__ZnBu₄Pc__Series_2.csv,0,0,0,0.5752587185519481,100.13555440365292,0.9999059472303947,0.9981340896215836,0.9828921994363492,0.969279513275371,0.9475763433915079,0.9213406948414828,0.0,included
x_time_h/10.1002_solr.201900167/Fig4_D_stability_performance_curve/10.1002_solr.201900167__Fig4__D__stability_performance_curve__W-TiO₂__Series_1.csv,0,0,0,0.9951365535772689,19.26151013489793,0.9950430364518199,0.9638555165373517,0.9336668253017323,0.9216365844413872,0.9086490131770936,0.8911421463273264,0.0,included
x_time_h/10.1002_solr.201900197/Fig2_C_stability_performance_curve/10.1002_solr.201900197__Fig2__C__stability_performance_curve__MAPbI₃_BP__Series_2.csv,0,0,0,1.7769724911906295,1.0139257052159034,0.9959852537568862,0.997345655967157,1.0000114860544433,0.9978806307788152,0.9988062423931523,0.9978712489503593,77.5,included
x_time_h/10.1002_solr.201900197/Fig2_C_stability_performance_curve/10.1002_solr.201900197__Fig2__C__stability_performance_curve__MAPbI₃__Series_1.csv,0,0,0,0.8221159626856741,0.9860033962284767,0.9998478129457651,0.9986265374711129,0.990845442288103,0.9762238038902723,0.9413455393979728,0.8848063557825655,0.0,included
x_time_h/10.1002_solr.201900224/Fig2_F_stability_performance_curve/10.1002_solr.201900224__Fig2__F__stability_performance_curve__Spiro-OMeTAD__Series_1.csv,0,0,0,0.9337257715317601,1.1002610435058742,0.912166245718131,0.9217141159711153,0.9949700797308918,0.9819834035105046,0.9330002681182598,0.8976443989542585,57.0,included
x_time_h/10.1002_solr.201900245/Fig6_A_stability_performance_curve/10.1002_solr.201900245__Fig6__A__stability_performance_curve__NA_process__Series_1.csv,0,0,0,3.984660569271956,4.171373567889556,0.7517122362322816,0.7635469369492922,0.8145864461861485,0.8789349142685992,0.9432217618827772,1.0002666894849621,200.0,included
x_time_h/10.1002_solr.201900291/Fig6_whole_stability/10.1002_solr.201900291__Fig6__whole__stability__Control_device__Series_1.csv,0,0,0,0.4223031407034152,1.004252493405705,0.9986388294272822,0.993555910186444,0.956739463736884,0.9418105866775488,0.9350298612875972,0.9260746140799996,0.0,included
x_time_h/10.1002_solr.201900293/Fig6_C_stability_performance_curve_pce/10.1002_solr.201900293__Fig6__C__stability_performance_curve_pce__Conventional__Series_1.csv,0,0,0,0.6149492809965768,0.9991204976397423,0.9986988485010814,0.9906867979238103,0.9721281515996593,0.9443288698654174,0.9186859073966416,0.8900641654489707,0.0,included
x_time_h/10.1002_solr.201900345/Fig5_A_pce/10.1002_solr.201900345__Fig5__A__pce__PEV+1mg_ml_N719__Series_1.csv,0,0,0,0.6220951118248775,0.9962639413075076,0.9999582546718745,0.9857807230237048,0.9607818386529695,0.9629710120724781,0.9302144289950691,0.859862830199369,0.0,included
x_time_h/10.1002_solr.201900345/Fig5_A_pce/10.1002_solr.201900345__Fig5__A__pce__PEV+2mg_ml_N719__Series_3.csv,2,1,0,1.534170627932967,1.00154830005214,0.9977378524077264,0.9983619493875233,0.9205704090312626,0.814682862952488,0.7599008121897664,0.6648856996311631,25.833333333333332,included
x_time_h/10.1002_solr.201900345/Fig5_A_pce/10.1002_solr.201900345__Fig5__A__pce__PEV__Series_2.csv,1,0,1,1.739174509128469,0.9922355102747206,0.9997814060851783,0.9983382378509286,0.8963686500478054,0.6481157776857632,0.5625151960877918,0.49460963276944697,4.0,included
x_time_h/10.1002_solr.201900363/Fig4_F_stability/10.1002_solr.201900363__Fig4__F__stability__ZnO__Series_2.csv,2,1,0,2.41397901465652,8.42142065207704,0.9907815707260786,0.9928450087914081,0.9998416093977117,0.9484798039837194,0.8256757968395458,0.6777568060796887,44.333333333333336,included
x_time_h/10.1002_solr.201900380/Fig4_B_stability_performance_curve_pce/10.1002_solr.201900380__Fig4__B__stability_performance_curve_pce__pristine_PSC__Series_1.csv,0,0,0,0.605451580162199,0.9921142396356081,1.0000085755874624,0.9980041743261587,0.9828207796948402,0.9710914633555232,0.9497798051306762,0.9280358212465598,0.0,included
x_time_h/10.1002_solr.201900406/Fig5_E_stability_performance_curve_pce/10.1002_solr.201900406__Fig5__E__stability_performance_curve_pce__pristine__Series_1.csv,3,1,1,3.0321443799181083,0.9731838391143557,0.9939213950208762,0.944710418419778,0.6527064663233902,0.5284197867665142,0.43834768129825846,0.3942989810684515,0.0,included
x_time_h/10.1002_solr.201900529/Fig6_A_stability_performance_curve_pce/10.1002_solr.201900529__Fig6__A__stability_performance_curve_pce__MAPbI₃__Series_2.csv,0,0,0,1.7697632287319638,1.0001817733258196,0.9991001532127877,0.9888160708736714,0.946242534059911,0.9086897223135559,0.8764023698937952,0.8228680335167535,0.0,included
x_time_h/10.1002_solr.202000011/Fig5_E_jv_curve_stability_performance_pce/10.1002_solr.202000011__Fig5__E__jv_curve_stability_performance_pce__Puv-polyTPD__Series_1.csv,2,1,0,1.5066302639949491,1.0190951369574586,0.9984085877227548,0.999822307842995,0.958382355689892,0.8261355390177122,0.7402135130239831,0.7147581928486749,8.0,included
x_time_h/10.1002_solr.202000113/Fig6_A_stability_performance_curve_pce/10.1002_solr.202000113__Fig6__A__stability_performance_curve_pce__w_o__Series_2.csv,0,0,0,1.2002079444287397,1.0123658213919389,0.9866964091542298,0.988001616564799,0.993873030534857,0.9985356356635672,0.9739763668143284,0.9453814339469492,93.0,included
x_time_h/10.1002_solr.202000205/Fig4_F_stability_performance_curve_pce/10.1002_solr.202000205__Fig4__F__stability_performance_curve_pce__TiO₂__Series_2.csv,1,0,1,2.029149481828277,0.9990656544648518,0.9994458251731666,0.9949720700255937,0.929217148863092,0.7647315705238297,0.6333973746213167,0.520409160316853,0.0,included
x_time_h/10.1002_solr.202000292/Fig6_A_stability_performance_curve_pce_image/10.1002_solr.202000292__Fig6__A__stability_performance_curve_pce_image__PEDOT_PSS__Series_1.csv,0,0,0,0.6730655270325308,0.9945421079186074,0.9995002351359246,0.9998995208118326,0.9834292496032943,0.9704167954483276,0.954023738505198,0.9310174126151585,7.5,included
x_time_h/10.1002_solr.202000621/Fig6_A_stability_performance_curve_pce/10.1002_solr.202000621__Fig6__A__stability_performance_curve_pce__MAPbI₃-BA__Series_2.csv,0,0,0,1.515529431251853,100.4901000646113,0.986163731060816,0.989594796676631,0.9970305319705591,0.997666177891385,0.9873914225760242,0.9812115121080557,87.33333333333333,included
x_time_h/10.1002_solr.202000621/Fig6_A_stability_performance_curve_pce/10.1002_solr.202000621__Fig6__A__stability_performance_curve_pce__MAPbI₃-BP__Series_1.csv,0,0,0,0.36615142848149074,99.22971459869669,0.9994753880037646,0.9925908493074102,0.972686798209266,0.9537541274536585,0.9415144249761297,0.9310669690177222,0.0,included
x_time_h/10.1002_solr.202000621/Fig6_A_stability_performance_curve_pce/10.1002_solr.202000621__Fig6__A__stability_performance_curve_pce__MAPbI₃__Series_3.csv,2,1,0,1.4189325046167376,100.47473730760893,0.9994939205108957,0.9929597637595264,0.9365012990023188,0.9024798586091793,0.8680404535332488,0.7057243264055453,0.0,included
x_time_h/10.1002_solr.202000621/Fig6_B_stability_performance_curve_pce/10.1002_solr.202000621__Fig6__B__stability_performance_curve_pce__MAPbl3__Series_3.csv,2,1,0,2.4595829502179587,99.92739067108118,0.9990498559592658,0.9860916211034813,0.9345684368889574,0.812314334502498,0.7220087237732433,0.5950434881771692,0.0,included
x_time_h/10.1002_solr.202000629/Fig5_B_stability_performance_curve_pce/10.1002_solr.202000629__Fig5__B__stability_performance_curve_pce__Pristine__Series_2.csv,3,1,1,4.312987090686225,0.9094317423503325,0.952839515580881,0.7585048509541825,0.5481995069994422,0.3230713020619719,0.18499192525818883,0.1162128409955492,0.0,included
x_time_h/10.1002_solr.202000650/Fig3_C_mppt_stability_performance_curve_voc/10.1002_solr.202000650__Fig3__C__mppt_stability_performance_curve_voc__Without_PFOTES__Series_1.csv,0,0,0,1.5080490264761868,0.999024485597126,0.9988762602897683,0.9782522867410036,0.9125318862581082,0.9028007307170431,0.8975124382335381,0.8825720341184935,0.0,included
x_time_h/10.1002_solr.202000681/Fig5_E_stability_performance_curve_pce_jsc/10.1002_solr.202000681__Fig5__E__stability_performance_curve_pce_jsc__Control__Series_1.csv,0,0,0,1.2529389431928741,1.0244925946496746,0.9791307951734606,0.9821029116768244,0.9954730502137928,0.9906468425699214,0.9733939619420662,0.9702699165717202,67.83333333333333,included
x_time_h/10.1002_solr.202000819/Fig7_A_stability_performance_curve_pce/10.1002_solr.202000819__Fig7__A__stability_performance_curve_pce__Pristine__Series_1.csv,0,0,0,1.3716001644554985,1.009502513799855,0.999608130182444,0.9998309327934254,0.9911901293748715,0.988344552967516,0.9831332715809908,0.9804095024030075,7.0,included
x_time_h/10.1002_solr.202000819/Fig7_B_pce/10.1002_solr.202000819__Fig7__B__pce__Pristine__Series_1.csv,0,0,0,1.0965810729609067,1.0073401828133666,0.9997508825407064,0.9977517568929719,0.9914774629402822,0.9835325262402534,0.9704814347490528,0.9592526450734514,0.0,included
x_time_h/10.1002_solr.202100087/Fig5_D_stability_performance_curve/10.1002_solr.202100087__Fig5__D__stability_performance_curve__Spiro-OMeTAD__Series_1.csv,0,0,0,9.332290919282027,1.0627322833979398,0.9426675169008218,0.9292697700090828,0.7634728332162026,0.9915289571732233,0.995207033197122,0.995207033197122,116.33333333333333,included
x_time_h/10.1002_solr.202100178/Fig3_E_mppt_stability_performance_curve_pce_jsc/10.1002_solr.202100178__Fig3__E__mppt_stability_performance_curve_pce_jsc__Control__Series_1.csv,2,1,0,2.377813769155903,1.0036029044844557,0.9987863383712297,0.9815741908342679,0.866885565221903,0.7637854413613344,0.7262383490097049,0.684039165632318,0.0,included
x_time_h/10.1002_solr.202100236/Fig6_B_mppt_stability_performance_curve_pce_profile/10.1002_solr.202100236__Fig6__B__mppt_stability_performance_curve_pce_profile__PCBM__Series_1.csv,0,0,0,0.6068656205107167,0.9979845423287753,0.9994715827226724,0.9952311230820862,0.976142068309004,0.9581917483353837,0.9530901162490848,0.9485083890439298,0.0,included
x_time_h/10.1002_solr.202100249/Fig5_D_stability_performance_curve_pce/10.1002_solr.202100249__Fig5__D__stability_performance_curve_pce__w_o_F4-TCNQ__Series_1.csv,0,0,0,1.7114100613886754,16.846080473842218,0.8929888672974363,0.8982694196940603,0.9402923812797742,0.9911923214749856,0.9937831951502252,0.972712562481901,119.66666666666667,included
x_time_h/10.1002_solr.202100257/Fig8_E_stability_performance_curve_pce/10.1002_solr.202100257__Fig8__E__stability_performance_curve_pce__PVK__Series_2.csv,0,0,0,0.5914842170147103,0.9889709017748314,0.994066649424005,0.9988259816391941,0.9845025708725565,0.9486856995809023,0.9261365961666628,0.9144872475006603,17.0,included
x_time_h/10.1002_solr.202100320/Fig7_F_stability_performance_curve_pce_pattern/10.1002_solr.202100320__Fig7__F__stability_performance_curve_pce_pattern__Control__Series_1.csv,2,1,0,1.185148795142272,1.000374510719734,0.9967976969199155,0.9771601774735329,0.9044115073401583,0.8131093123125802,0.7503571234404898,0.7293092205951182,0.0,included
x_time_h/10.1002_solr.202100347/Fig8_B_stability_performance_curve_pce_diagram/10.1002_solr.202100347__Fig8__B__stability_performance_curve_pce_diagram__Ag__Series_1.csv,0,0,0,0.7191911125795296,1.0020923940045627,0.9997380000571932,0.9971787788388274,0.987219687196069,0.9753971604425974,0.9531407459551543,0.9263993618003907,0.0,included
x_time_h/10.1002_solr.202100555/Fig5_F_stability_performance_curve_structure/10.1002_solr.202100555__Fig5__F__stability_performance_curve_structure__N₂__Series_2.csv,0,0,0,0.44618191352932873,0.9829224175816924,0.9998855485232253,0.998216534536003,0.9718054609194096,0.9484735184261175,0.9277032663673082,0.9185075581975053,0.0,included
x_time_h/10.1002_solr.202100622/Fig3_C_stability_performance_curve_pce_eqe/10.1002_solr.202100622__Fig3__C__stability_performance_curve_pce_eqe__Spiro-OMeTAD__Series_1.csv,2,1,0,2.177574974726182,0.9888205560122904,0.9974823780212226,0.9769353442752968,0.8709966595653406,0.7565452605980323,0.7341224101093866,0.7217083776824126,0.0,included
x_time_h/10.1002_solr.202100712/Fig6_B_stability_performance_curve/10.1002_solr.202100712__Fig6__B__stability_performance_curve__CF₃BZA-Br__Series_1.csv,0,0,0,1.7891516747456917,1.0182448884109858,0.9969126774611491,0.971945527181678,0.921800313274602,0.8995833611117351,0.8665725126973314,0.8647787600557089,0.0,included
x_time_h/10.1002_solr.202100712/Fig6_B_stability_performance_curve/10.1002_solr.202100712__Fig6__B__stability_performance_curve__CF₃BZA-I__Series_3.csv,0,0,0,1.1252748113387923,0.9684802334631747,0.9975655282223745,0.9803608687651396,0.9331561261733061,0.9154041484258584,0.9034797422272927,0.8820071488911942,0.0,included
x_time_h/10.1002_solr.202100712/Fig6_B_stability_performance_curve/10.1002_solr.202100712__Fig6__B__stability_performance_curve__Pristine__Series_2.csv,2,1,0,1.537044348207983,0.9801895640391303,0.9951892207751749,0.9552633364337395,0.8498282333765407,0.8132553606271951,0.7662267792473461,0.7252075506565522,0.0,included
x_time_h/10.1002_solr.202101103/Fig7_A_pce/10.1002_solr.202101103__Fig7__A__pce__MAGA_without_NH₄Br__Series_1.csv,0,0,0,1.0628198545882277,0.9918391808142388,0.999433257588983,0.9948852452062439,0.9782535194133063,0.976612154222043,0.9740543437691782,0.9722133339155135,0.0,included
x_time_h/10.1002_solr.202101103/Fig7_A_pce/10.1002_solr.202101103__Fig7__A__pce__MAPbI₃__Series_3.csv,2,1,0,0.20914380716452088,0.9758874905909494,0.9983717895544865,0.9849767928914518,0.9163086955580753,0.8542648906504874,0.8024416437495268,0.7638787855007719,0.0,included
x_time_h/10.1002_solr.202101103/Fig7_C_pce/10.1002_solr.202101103__Fig7__C__pce__MAGA_without_NH₄Br__Series_1.csv,0,0,0,1.2214873510830613,1.0005473728534882,0.9995445740276027,0.9999192805105901,0.9912183713263798,0.9820531853490594,0.9764987782197716,0.9719486696551407,7.833333333333333,included
x_time_h/10.1002_solr.202101103/Fig7_C_pce/10.1002_solr.202101103__Fig7__C__pce__MAPb₃__Series_3.csv,2,1,0,0.8817484317371483,0.9846752237566276,0.9983455159049455,0.9857684716864259,0.9407496171365358,0.8835825555038693,0.8240260375232895,0.7843670621632686,0.0,included
x_time_h/10.1007_s10854-019-01515-6/Fig6_D_stability_performance_curve_pce/10.1007_s10854-019-01515-6__Fig6__D__stability_performance_curve_pce__Spiro-OMeTAD__Series_1.csv,0,0,0,1.1914150572032682,0.99627516673829,0.8880989645377905,0.9311729628678185,0.9995472571250905,0.9894346513117913,0.9610850060628011,0.9211811450607731,38.666666666666664,included
x_time_h/10.1007_s10854-020-03923-5/Fig7_D_stability_performance_curve_pce/10.1007_s10854-020-03923-5__Fig7__D__stability_performance_curve_pce__ZCK__Series_2.csv,1,0,1,1.9335574453408124,0.9984411156712322,0.9981218585361742,0.9764444435519252,0.8501352525260949,0.7023894564921372,0.6643060041230524,0.6507154494492146,0.0,included
x_time_h/10.1007_s11426-020-9741-1/Fig5_D_stability_performance_curve_pce/10.1007_s11426-020-9741-1__Fig5__D__stability_performance_curve_pce__BDT-TPA-sTPA__Series_1.csv,2,1,0,1.5645628305689487,1.0170082813016448,0.9907558887874468,0.9933628604916483,0.9668738322946151,0.858092035717789,0.8354145745660874,0.8398425132317472,20.666666666666668,included
x_time_h/10.1007_s11426-020-9866-6/Fig4_B_stability_performance_curve_pce/10.1007_s11426-020-9866-6__Fig4__B__stability_performance_curve_pce__pristine_PsCs__Series_2.csv,2,1,0,2.500441936877339,1.0086507230947177,0.9981017818368246,0.9795284379590729,0.8438694225868703,0.7665071472035389,0.7202259733026164,0.6856242874556121,0.0,included
x_time_h/10.1007_s11426-020-9866-6/Fig4_C_stability_performance_curve_pce/10.1007_s11426-020-9866-6__Fig4__C__stability_performance_curve_pce__pristine_PSCs__Series_2.csv,2,1,0,2.7906649277944138,1.0013786932083555,0.9993338474366528,0.9920386412560032,0.9238307337573566,0.7970297002102744,0.7046105501253646,0.5868227472670468,0.0,included
x_time_h/10.1007_s11426-021-1075-7/Fig5_A_stability_performance_curve/10.1007_s11426-021-1075-7__Fig5__A__stability_performance_curve__BAI__Series_2.csv,2,1,0,1.9141391086720423,1.0072774202646149,0.9995735034581077,0.9952311853254742,0.9578250583977649,0.8370320224293295,0.7379678691379746,0.6384218646977582,0.0,included
x_time_h/10.1007_s12200-023-00103-1/Fig4_A_stability_performance_curve/10.1007_s12200-023-00103-1__Fig4__A__stability_performance_curve__Control__Series_1.csv,2,1,0,1.2323409207201703,0.9993428984371159,0.9992117885386822,0.9890506525175795,0.9210913985088545,0.8891128235145985,0.8122690588556758,0.6581297903053903,0.0,included
x_time_h/10.1007_s12274-020-2836-3/Fig5_F_stability_performance_curve/10.1007_s12274-020-2836-3__Fig5__F__stability_performance_curve__CsPbl₃__Series_1.csv,0,0,0,0.4316218218354952,0.9925973604577805,0.9995018204983855,0.9955040139144713,0.9775200508064437,0.9578194727037087,0.9352108613146716,0.911124869164999,0.0,included
x_time_h/10.1007_s12274-021-3408-x/Fig7_B_stability_performance_curve_pce/10.1007_s12274-021-3408-x__Fig7__B__stability_performance_curve_pce__Control__Series_1.csv,1,0,1,2.8450367964614443,1.0000805043700063,1.0000276236627734,0.9942357450328638,0.9374787285304119,0.8047407818975026,0.6740270045168034,0.5710812044567668,0.0,included
x_time_h/10.1007_s12598-020-01595-y/Fig4_whole_stability/10.1007_s12598-020-01595-y__Fig4__whole__stability__Device_B__Series_1.csv,2,1,0,1.596996915405075,0.9305084792533933,0.9990569913943491,0.9945554252396079,0.96812290652213,0.9212903335074434,0.8170789368503666,0.7248437258476598,0.0,included
x_time_h/10.1007_s12598-020-01641-9/Fig6_F_cv_curve_stability_performance_pce/10.1007_s12598-020-01641-9__Fig6__F__cv_curve_stability_performance_pce__PEDOT_PSS__Series_2.csv,1,0,1,2.758808117839848,1.0662198147354003,0.9975704818035932,0.977690433362419,0.8801500387781357,0.735929987963964,0.6844755437631873,0.7075259797249657,0.0,included
x_time_h/10.1007_s13391-020-00206-3/Fig3_D_mppt_stability_performance_curve_jsc/10.1007_s13391-020-00206-3__Fig3__D__mppt_stability_performance_curve_jsc__MAPbI₃__Series_1.csv,0,0,0,0.6538478510240182,100.67399888392912,0.9994687564528005,0.9977668403640126,0.9774827531436255,0.9561886821294948,0.9273981987631981,0.8772798375274592,0.0,included
x_time_h/10.1007_s40820-020-00509-y/Fig5_C_mppt_stability_performance_curve/10.1007_s40820-020-00509-y__Fig5__C__mppt_stability_performance_curve__Ref__Series_1.csv,0,0,0,1.0541412680019113,1.0188483070406287,0.9888270222493313,0.9983817507874667,0.9913826973009185,0.9694647004877407,0.9710554974597126,0.9629850985005214,21.666666666666668,included
x_time_h/10.1007_s40820-021-00675-7/Fig5_C_jv_curve_stability_performance/10.1007_s40820-021-00675-7__Fig5__C__jv_curve_stability_performance__SnO₂_K_based_5×5_cm²_module__Series_2.csv,0,0,0,1.0874175458040753,0.9888030412907435,0.9734223311132483,0.9978950529261845,0.9950416657485125,0.9773085736261609,0.9699577396253105,0.9591692932434062,15.0,included
x_time_h/10.1007_s40820-021-00675-7/Fig5_C_jv_curve_stability_performance/10.1007_s40820-021-00675-7__Fig5__C__jv_curve_stability_performance__SnO₂_based_5×5_cm²_module__Series_1.csv,0,0,0,1.3449990083133585,0.9215707189183123,0.9876620646778372,0.9986404496867423,0.9531007919854404,0.9014124747314426,0.891128871321394,0.891128871321394,13.5,included
x_time_h/10.1007_s40820-021-00688-2/Fig7_D_xrd_pattern_stability_performance_curve_pce/10.1007_s40820-021-00688-2__Fig7__D__xrd_pattern_stability_performance_curve_pce__w_o__Series_2.csv,0,0,0,0.5023068147826436,1.0004922333084714,0.9991728564756169,0.9925351690215805,0.9641322668078723,0.9394915390734391,0.9213710916264393,0.9058815673463017,0.0,included
x_time_h/10.1007_s40820-022-00916-3/Fig5_F_eis_plot_stability_performance_curve_pce/10.1007_s40820-022-00916-3__Fig5__F__eis_plot_stability_performance_curve_pce__o—with_TBP__Series_2.csv,0,0,0,0.8689551590835407,0.9989489202507108,0.9996882746030011,0.9971867308012248,0.9859336540062821,0.9742804369441352,0.9648899145219102,0.9465642923402825,0.0,included
x_time_h/10.1007_s40820-023-01130-5/Fig5_C_mppt_stability_performance_curve_pce_mapping/10.1007_s40820-023-01130-5__Fig5__C__mppt_stability_performance_curve_pce_mapping__Control__Series_1.csv,0,0,0,0.3128924916414702,0.9999318739250604,0.9988815767970465,0.9904568931852323,0.9646762874580297,0.9468015044650508,0.9315395464418318,0.9159836398281511,0.0,included
x_time_h/10.1007_s40820-024-01401-9/Fig5_K_mppt_stability_performance_curve_voc/10.1007_s40820-024-01401-9__Fig5__K__mppt_stability_performance_curve_voc__3D(initial_PCE_-19.5%)__Series_1.csv,0,0,0,0.7066448892994435,0.9776902441804862,0.9966540426946201,0.9778046961972018,0.9468254425178054,0.9306188021307465,0.9123380969196869,0.893990078819554,0.0,included
x_time_h/10.1007_s40820-024-01538-7/Fig5_D_mppt_stability_performance_curve_pce/10.1007_s40820-024-01538-7__Fig5__D__mppt_stability_performance_curve_pce__Control__Series_2.csv,2,1,0,1.6168465819022928,1.0113785220953582,0.9989720882005726,0.9943131838045381,0.9669616329928709,0.8969318718086265,0.8446715020613539,0.8068686244051115,0.0,included
x_time_h/10.1007_s40820-025-01677-5/Fig4_G_mppt_stability_performance_curve_eqe/10.1007_s40820-025-01677-5__Fig4__G__mppt_stability_performance_curve_eqe__Control__Series_2.csv,0,0,0,0.3882970138191404,0.9286580552758723,0.9980242492914644,0.9869064635414189,0.9550626131690164,0.9408446714560316,0.9261657610046863,0.9125708682831883,0.0,included
x_time_h/10.1007_s40843-020-1383-3/Fig7_B_stability_performance_curve_voc/10.1007_s40843-020-1383-3__Fig7__B__stability_performance_curve_voc__EACI-0%__Series_2.csv,2,1,0,0.9071640577955623,99.61668143334931,0.9990815205646114,0.989528685053191,0.9218353105625192,0.8756622523961943,0.837111142982839,0.7960500448645849,0.0,included
x_time_h/10.1007_s40843-020-1581-4/Fig4_D_stability_performance_curve/10.1007_s40843-020-1581-4__Fig4__D__stability_performance_curve__Sn-control-1__Series_2.csv,2,1,0,1.3560875251424194,1.003967127543519,0.999314508057513,0.9932766888253237,0.9537616515185073,0.9127887246459203,0.8276531427801334,0.732896178792868,0.0,included
x_time_h/10.1007_s40843-020-1581-4/Fig4_D_stability_performance_curve/10.1007_s40843-020-1581-4__Fig4__D__stability_performance_curve__Sn-control-2__Series_3.csv,2,1,0,0.9735801404162656,1.0015091483000451,0.9993815431043612,0.993556567360207,0.9543400838002002,0.8775378293677653,0.7914217804358203,0.7200086571693988,0.0,included
x_time_h/10.1007_s40843-020-1581-4/Fig4_D_stability_performance_curve/10.1007_s40843-020-1581-4__Fig4__D__stability_performance_curve__Sn-target__Series_1.csv,0,0,0,1.6069462547843445,1.014231741960321,0.9896742255431797,0.9888787327849993,0.998794179714477,0.9969951758485701,0.9908590991269525,0.9874344452510165,71.16666666666667,included
x_time_h/10.1007_s42114-024-01208-7/Fig5_A_statistics_stability_performance_curve_pce/10.1007_s42114-024-01208-7__Fig5__A__statistics_stability_performance_curve_pce__101Guanine__Series_2.csv,0,0,0,0.8179047898696599,1.0003613739602342,0.9996674274319103,0.9969985885937469,0.9863186900988661,0.9746560381928151,0.9601590424886185,0.9441342317327986,0.0,included
x_time_h/10.1007_s42114-024-01208-7/Fig5_A_statistics_stability_performance_curve_pce/10.1007_s42114-024-01208-7__Fig5__A__statistics_stability_performance_curve_pce__o-Control__Series_1.csv,0,0,0,1.1469221873185294,1.0076330433082255,0.9996147987150815,0.996797034204656,0.9896210869990675,0.9819391364364594,0.9737660367745413,0.967618121981927,0.0,included
"x_time_h/10.1016_j.apsusc.2019.04.069/Fig7_E_stability_performance_curve_pce/10.1016_j.apsusc.2019.04.069__Fig7__E__stability_performance_curve_pce__MAPbI,_with_TBP__Series_1.csv",0,0,0,1.2130826368424976,104.4342395029247,0.9977738746430879,0.9817637005441591,0.9309841535983708,0.9038056526390836,0.9083936561440976,0.8826235706081125,0.0,included
"x_time_h/10.1016_j.apsusc.2019.04.069/Fig7_E_stability_performance_curve_pce/10.1016_j.apsusc.2019.04.069__Fig7__E__stability_performance_curve_pce__MAPbI,_without_TBP__Series_2.csv",2,1,0,1.7700028551570912,102.0772601043107,1.0000586474264361,0.9904702195061141,0.9293980028799363,0.8856620272268633,0.872252380847067,0.8456767512152265,0.0,included
x_time_h/10.1016_j.apsusc.2021.150153/Fig7_whole_stability/10.1016_j.apsusc.2021.150153__Fig7__whole__stability__MAPbI3(spin-coating)__Series_3.csv,2,1,0,2.3019938365575645,1.004833156347375,0.9999999999999601,0.9999999999999601,0.9520232712830639,0.8065930347865875,0.6989818992489469,0.6653069514751128,16.833333333333332,included
x_time_h/10.1016_j.cclet.2021.08.039/Fig5_E_stability_performance_curve_pce/10.1016_j.cclet.2021.08.039__Fig5__E__stability_performance_curve_pce__Pristine__Series_1.csv,2,1,0,2.9258022165183157,1.0100884347863741,1.0001957701792408,0.9867784373934153,0.9120911973320895,0.8367474392150116,0.6964778675981947,0.5691996584949024,0.0,included
x_time_h/10.1016_j.cej.2016.12.050/Fig11_whole_stability/10.1016_j.cej.2016.12.050__Fig11__whole__stability__Au__Series_2.csv,1,0,1,0.8728056109026006,7.250545367494743,0.9977316979033313,0.9756941144001524,0.8517724368329718,0.7449359803297243,0.5827480862230668,0.5094603683386467,0.0,included
x_time_h/10.1016_j.cej.2019.04.099/Fig5_B_pce/10.1016_j.cej.2019.04.099__Fig5__B__pce__W_O_ILPF₆__Series_1.csv,0,0,0,1.2165661170781086,10.10737945639206,0.9998272880017812,0.9984413033089988,0.992206516545153,0.9844071092957404,0.9765518539357331,0.9653536176702903,0.0,included
x_time_h/10.1016_j.cej.2020.126152/Fig5_C_stability_performance_curve/10.1016_j.cej.2020.126152__Fig5__C__stability_performance_curve__Pristine__Series_1.csv,2,1,0,0.8590584710841158,1.0042409962810828,1.0000671969800843,0.9932859069441591,0.9480432866882659,0.8730463542339665,0.7740937372789143,0.7429783124713771,0.0,included
x_time_h/10.1016_j.cej.2020.126152/Fig5_C_stability_performance_curve_2/10.1016_j.cej.2020.126152__Fig5__C__stability_performance_curve_2__Pristine__Series_2.csv,2,1,0,0.8643261729651405,1.0050329613358833,0.9997045556119112,0.9909983160108151,0.9468246011178365,0.8748424031538679,0.7718296682142579,0.7433857073916771,0.0,included
x_time_h/10.1016_j.cej.2020.126548/Fig7_A_stability_performance_curve_pce/10.1016_j.cej.2020.126548__Fig7__A__stability_performance_curve_pce__Pristine__Series_1.csv,0,0,0,0.7334942489188789,1.0138780153295233,0.994285696160061,0.996686945147451,0.9936647580303049,0.9702367854105703,0.9435950855601464,0.9198163810461216,25.166666666666668,included
x_time_h/10.1016_j.cej.2020.126548/Fig7_A_stability_performance_curve_pce/10.1016_j.cej.2020.126548__Fig7__A__stability_performance_curve_pce__UV-360__Series_2.csv,0,0,0,1.062529934934443,1.010912868054797,0.989906831470912,0.9875982203051367,0.9996570502105722,0.9432533440390413,0.9064902767190411,0.8655147533463733,47.166666666666664,included
x_time_h/10.1016_j.cej.2020.126712/Fig5_B_stability_performance_curve_pce_pattern/10.1016_j.cej.2020.126712__Fig5__B__stability_performance_curve_pce_pattern__F0__Series_2.csv,0,0,0,1.201948022927984,1.009718080632318,0.9995310706920578,0.995767991985294,0.9793296009073484,0.9819077356742882,0.9797187453862591,0.9757512378725095,0.0,included
x_time_h/10.1016_j.cej.2020.127204/Fig6_A_stability_performance_curve_pce/10.1016_j.cej.2020.127204__Fig6__A__stability_performance_curve_pce__Pristine__Series_1.csv,0,0,0,1.05400997005695,1.0060628316356608,0.9999999999999601,0.9999999999999601,0.9984053538816186,0.9862809326266273,0.9609410112879855,0.9508335398355819,35.333333333333336,included
x_time_h/10.1016_j.cej.2020.127328/Fig2_F_stability_performance_curve_pce/10.1016_j.cej.2020.127328__Fig2__F__stability_performance_curve_pce__PSCs_with_pristine_HTM__Series_1.csv,2,1,0,1.3854843555031546,0.9981038468266179,0.9970817638498402,0.972362897560176,0.8463556133140061,0.852626158651089,0.865695023295703,0.7343593290521572,0.0,included
x_time_h/10.1016_j.cej.2020.127579/Fig6_A_stability_performance_curve_pce/10.1016_j.cej.2020.127579__Fig6__A__stability_performance_curve_pce__control__Series_2.csv,0,0,0,1.0166808273914114,1.000852504764114,0.9982430573640013,0.9998132969304462,0.9994013330504063,0.9950731418752544,0.9503898028332128,0.8878453441419847,55.166666666666664,included
x_time_h/10.1016_j.cej.2020.127997/Fig5_F_stability_performance_curve_pce/10.1016_j.cej.2020.127997__Fig5__F__stability_performance_curve_pce__SnO₂__Series_1.csv,0,0,0,1.6217543264317547,1.0019471468249472,0.999832581690383,0.999832581690383,0.9974848859128571,0.9952649888802052,0.9907785794819292,0.9907913492439118,27.5,included
x_time_h/10.1016_j.cej.2021.128680/Fig7_whole_stability/10.1016_j.cej.2021.128680__Fig7__whole__stability__SnO₂__Series_2.csv,2,1,0,0.9522502147251038,0.8602125693463512,0.998511226254841,0.9865640677278804,0.9330264693790022,0.882525854471574,0.8292919563463037,0.7975343804009156,0.0,included
x_time_h/10.1016_j.cej.2021.129678/Fig6_D_stability_performance_curve/10.1016_j.cej.2021.129678__Fig6__D__stability_performance_curve__10.0_0.0__Series_1.csv,0,0,0,2.9453222034856745,1.0466692102323913,0.9513194778507615,0.9472423543447313,0.9532670079580591,0.9934389600265591,0.8236331320986554,0.8202626169526243,88.83333333333333,included
x_time_h/10.1016_j.cej.2021.130324/Fig6_A_stability_performance_curve_pce/10.1016_j.cej.2021.130324__Fig6__A__stability_performance_curve_pce__Pure_CsPbIBr₂__Series_2.csv,0,0,0,1.5086188071803341,1.0006642908679093,0.9997393804622948,0.9983472797221152,0.9966062000760414,0.9932437098418606,0.9884590847621985,0.9796414541261771,0.0,included
x_time_h/10.1016_j.cej.2021.130572/Fig5_A_stability_performance_curve_pce/10.1016_j.cej.2021.130572__Fig5__A__stability_performance_curve_pce__O-_w_o_HEMA__Series_2.csv,0,0,0,1.6505633867234772,1.0175193298293348,0.9838116023019869,0.9835501109982607,0.9877403652883084,0.9918864851249071,0.9977682511476943,0.9970619573684145,175.0,included
x_time_h/10.1016_j.cej.2021.130572/Fig5_B_stability_performance_curve_pce/10.1016_j.cej.2021.130572__Fig5__B__stability_performance_curve_pce__w_o_HEMA__Series_1.csv,0,0,0,1.6325755227233496,1.0073126599555682,0.9857150361144771,0.9851537076041237,0.9945016084594523,0.9882054496748247,0.885827538805826,0.8295116081526197,85.16666666666667,included
x_time_h/10.1016_j.cej.2021.131185/Fig7_A_stability_performance_curve_plot/10.1016_j.cej.2021.131185__Fig7__A__stability_performance_curve_plot__3D__Series_1.csv,0,0,0,0.7719035643416405,0.9943698316560531,0.9989223577003266,0.9914074831165071,0.9679682142697781,0.9348419510750028,0.9067985814072548,0.8909004187671621,0.0,included
x_time_h/10.1016_j.cej.2021.131185/Fig7_B_stability_performance_curve/10.1016_j.cej.2021.131185__Fig7__B__stability_performance_curve__3D__Series_3.csv,2,1,0,0.40959010515954114,0.9966854975316654,0.9987947400180611,0.9816919781445141,0.8974563687058893,0.8412896818017972,0.7973083792599298,0.7412019342072033,0.0,included
x_time_h/10.1016_j.cej.2021.131499/Fig5_B_stability_performance_curve_pce/10.1016_j.cej.2021.131499__Fig5__B__stability_performance_curve_pce__planar-M_CcO__Series_1.csv,2,1,0,1.6182812696619395,0.9992570227366361,0.9977527650507192,0.9831313340031953,0.9432584244922003,0.8925356995038519,0.8571524943921185,0.8376818072991368,0.0,included
x_time_h/10.1016_j.cej.2021.131499/Fig5_C_stability_performance_curve_pce/10.1016_j.cej.2021.131499__Fig5__C__stability_performance_curve_pce__planar-M_cco__Series_1.csv,0,0,0,0.42024022875480216,1.0068694453509348,0.9999619824269064,0.9959425071306469,0.9696746574099286,0.9426124707891196,0.927680763843702,0.9057054089878369,0.0,included
x_time_h/10.1016_j.cej.2021.131609/Fig8_whole_figure/10.1016_j.cej.2021.131609__Fig8__whole__figure__doped_spiro-OMeTAD_with_TABC-coated__Series_1.csv,2,1,0,0.3192088109692932,0.8815730274096529,0.9983704468982509,0.9818650345515387,0.9091728965513606,0.8436728405667246,0.79659925367334,0.7794430569791138,0.0,included
x_time_h/10.1016_j.cej.2022.137851/Fig5_E_stability_performance_curve/10.1016_j.cej.2022.137851__Fig5__E__stability_performance_curve__Pristine__Series_2.csv,0,0,0,1.0380979667387953,1.0021271484343721,0.9998986175981186,0.9989412991365517,0.9926903989335312,0.9820721872544482,0.9659868659706901,0.956027186690074,0.0,included
x_time_h/10.1016_j.cej.2022.139961/Fig5_F_stability_performance_curve_pce_image/10.1016_j.cej.2022.139961__Fig5__F__stability_performance_curve_pce_image__w_0__Series_1.csv,0,0,0,0.7115349847836885,1.0012495344563797,0.9998741799025089,0.9978933971655674,0.9832729416753837,0.9667656139275526,0.9269135359590408,0.8760434473855604,0.0,included
x_time_h/10.1016_j.dyepig.2019.01.002/Fig4_A_stability_performance_curve_pce/10.1016_j.dyepig.2019.01.002__Fig4__A__stability_performance_curve_pce__P3HT__Series_1.csv,2,1,0,1.3500904745500515,1.0038615862244487,0.9979415085713385,0.9668811958723587,0.8716834580956464,0.794216944987604,0.7850936996517738,0.7821088899247157,0.0,included
x_time_h/10.1016_j.dyepig.2019.01.002/Fig4_A_stability_performance_curve_pce/10.1016_j.dyepig.2019.01.002__Fig4__A__stability_performance_curve_pce__Spiro-OMeTAD__Series_2.csv,1,0,1,1.590943590827768,1.0008652503972657,0.9999984229567296,0.9602385550321361,0.7919497150694528,0.6963194908222351,0.650838422037212,0.613880251660943,0.0,included
x_time_h/10.1016_j.dyepig.2020.108301/Fig6_C_stability_performance_curve/10.1016_j.dyepig.2020.108301__Fig6__C__stability_performance_curve__Spiro-OMeTAD__Series_3.csv,2,1,0,0.6757245477134635,0.994018133277921,0.9983043389262951,0.9837760921560427,0.8983746630280242,0.8233634253250575,0.7854316575549694,0.7613267354719494,0.0,included
x_time_h/10.1016_j.electacta.2018.07.029/Fig7_A_stability_performance_curve_pce_spectrum/10.1016_j.electacta.2018.07.029__Fig7__A__stability_performance_curve_pce_spectrum__PEDOT_PSS__Series_1.csv,2,1,0,2.643578656483449,0.9967649382675815,0.9985259857821753,0.9839946119435052,0.9221959352598259,0.8181449433018027,0.6865291623420284,0.6185725002095447,0.0,included
x_time_h/10.1016_j.electacta.2018.07.044/Fig4_H_stability_performance_curve_pce/10.1016_j.electacta.2018.07.044__Fig4__H__stability_performance_curve_pce__Mg(0.04)-TiO₂__Series_2.csv,0,0,0,1.5751659884018212,1.0713461701745488,0.9411880200554533,0.9486989461089138,0.9749293858678804,0.9814983263904358,0.9980873873094681,0.9982166704491309,156.66666666666666,included
x_time_h/10.1016_j.electacta.2018.07.044/Fig4_H_stability_performance_curve_pce/10.1016_j.electacta.2018.07.044__Fig4__H__stability_performance_curve_pce__None-doped_TiO₂__Series_1.csv,0,0,0,1.6860949860712162,1.095350192898711,0.9136237354926567,0.9239085947820517,0.9654774853363969,0.9911320695304475,0.9990193748358219,0.9926268440419994,123.33333333333333,included
x_time_h/10.1016_j.electacta.2019.135173/Fig9_C_stability_performance_curve/10.1016_j.electacta.2019.135173__Fig9__C__stability_performance_curve__Pulse-constant_Potential__Series_2.csv,0,0,0,0.548276411068443,0.04030982906014649,0.9997031629429441,0.9917125454824613,0.9594683964660213,0.9505029672851826,0.9596980699335633,0.9437072142408031,0.0,included
x_time_h/10.1016_j.electacta.2022.140172/Fig6_D_stability_performance_curve_pce/10.1016_j.electacta.2022.140172__Fig6__D__stability_performance_curve_pce__Control__Series_2.csv,0,0,0,1.170219295006976,0.9993257333370223,0.9997043028877916,0.9976130136812351,0.9911318575437912,0.9822637150876222,0.974250091602648,0.9684729668245654,0.0,included
x_time_h/10.1016_j.jallcom.2019.05.148/Fig9_A_stability_performance_curve_pce/10.1016_j.jallcom.2019.05.148__Fig9__A__stability_performance_curve_pce__TBAO__Series_2.csv,0,0,0,0.6959001676977071,1.0056279428083075,0.9995574788451633,0.9960063211187288,0.9859441185632373,0.9707167537435408,0.9539872504921311,0.9360222872497113,0.0,included
x_time_h/10.1016_j.jallcom.2020.155283/Fig5_F_stability_performance_curve_jsc/10.1016_j.jallcom.2020.155283__Fig5__F__stability_performance_curve_jsc__w_o_BiBr₃__Series_1.csv,0,0,0,1.0868233644978131,1.0088735716213202,0.9926417092781312,0.9862934793700507,0.9589754622192582,0.9857464477194424,0.9949902780964912,0.9449384604839883,107.5,included
x_time_h/10.1016_j.jallcom.2020.155283/Fig5_G_stability_performance_curve_jsc/10.1016_j.jallcom.2020.155283__Fig5__G__stability_performance_curve_jsc__o—w_o_BiBr₃__Series_1.csv,2,1,0,1.560424893003299,1.097470467789877,0.9147550554139294,0.9148219311091343,0.939683717002126,0.8271558134658262,0.8418290823773441,0.7912533428599772,68.16666666666667,included
x_time_h/10.1016_j.jallcom.2023.170856/Fig7_whole_stability_performance_curve_pce/10.1016_j.jallcom.2023.170856__Fig7__whole__stability_performance_curve_pce__0—0nmMgF2__Series_2.csv,3,1,1,3.799636667757053,0.9796723409955327,0.9975668395525323,0.9565824902877109,0.7290719512072125,0.5735728501698496,0.45550859634593077,0.3569215824122938,0.0,included
x_time_h/10.1016_j.jcis.2021.04.055/Fig8_A_stability_performance_curve_pce/10.1016_j.jcis.2021.04.055__Fig8__A__stability_performance_curve_pce__w_o_C₆₀-tBu-I__Series_1.csv,2,1,0,0.36913695191007484,1.0162707496033643,0.996853695115449,0.9756358696126641,0.9031051307572605,0.8428545881308391,0.793430971810269,0.738371959941584,0.0,included
x_time_h/10.1016_j.jcis.2021.07.058/Fig4_B_stability_performance_curve_pce/10.1016_j.jcis.2021.07.058__Fig4__B__stability_performance_curve_pce__(SnS₂_SnS)_PVK+DTA_CuSCN_C__Series_4.csv,0,0,0,1.4961326851308197,1.053824770301631,0.9514192144899354,0.9633886498637516,0.9995287294724694,0.9384037799558856,0.8780531800912932,0.8508607741994514,47.166666666666664,included
x_time_h/10.1016_j.jcis.2021.07.058/Fig4_B_stability_performance_curve_pce/10.1016_j.jcis.2021.07.058__Fig4__B__stability_performance_curve_pce__(SnS₂_SnS)_PVK_CuSCN_C__Series_1.csv,2,1,0,1.835655966398427,1.1182588527179187,0.9161292321573087,0.9341058735372183,0.9967141669578885,0.8910594066893052,0.8439940014666917,0.8258784749910759,44.666666666666664,included
x_time_h/10.1016_j.jcis.2021.07.058/Fig4_B_stability_performance_curve_pce/10.1016_j.jcis.2021.07.058__Fig4__B__stability_performance_curve_pce__SnO₂_PVK_C__Series_3.csv,0,0,0,0.8489732622907764,1.0765153260892364,0.937777621373581,0.9539863504081564,0.9999878454332436,0.947552937487382,0.9126546425694113,0.8912012950352184,49.833333333333336,included
x_time_h/10.1016_j.jcis.2021.07.058/Fig4_B_stability_performance_curve_pce/10.1016_j.jcis.2021.07.058__Fig4__B__stability_performance_curve_pce__SnO₂_PVK_CuSCN_C__Series_2.csv,0,0,0,0.9740189194955957,1.1096228542473585,0.9204263533318483,0.9362189252663928,0.9962687100854318,0.9428562025742135,0.9042473451561938,0.8861537783308779,54.666666666666664,included
x_time_h/10.1016_j.jechem.2019.08.015/Fig5_D_stability_performance_curve_ff/10.1016_j.jechem.2019.08.015__Fig5__D__stability_performance_curve_ff__IDT1__Series_2.csv,0,0,0,1.2555360007467524,19.52468221503364,0.941728311013772,0.9587920337795092,0.9906587036192546,0.9411696325585946,0.8899873781002487,0.8624215746139782,31.333333333333332,included
x_time_h/10.1016_j.jechem.2019.08.015/Fig5_D_stability_performance_curve_ff/10.1016_j.jechem.2019.08.015__Fig5__D__stability_performance_curve_ff__IDT2__Series_1.csv,0,0,0,1.2728775183278422,15.913653048281128,0.9872743361005147,0.989548512827733,0.9955353093548249,0.9999120040313608,0.980020555780289,0.9308504739339765,82.0,included
x_time_h/10.1016_j.jechem.2019.08.015/Fig5_D_stability_performance_curve_ff/10.1016_j.jechem.2019.08.015__Fig5__D__stability_performance_curve_ff__Spiro-OMeTAD__Series_3.csv,0,0,0,1.3914092554970277,19.239838476967464,0.9965450057031094,0.9979017394568989,0.9765830826795088,0.9251204431826782,0.8803333611903543,0.8603977901648445,24.333333333333332,included
x_time_h/10.1016_j.jechem.2019.09.014/Fig7_D_pce/10.1016_j.jechem.2019.09.014__Fig7__D__pce__Pristine__Series_1.csv,1,0,1,2.106145239384256,0.9911926652451306,0.9994347986644015,0.9702167460457631,0.804981556137364,0.6227312392149806,0.5335742302220482,0.5190554684835137,0.0,included
x_time_h/10.1016_j.jechem.2020.05.047/Fig5_C_stability_performance_curve/10.1016_j.jechem.2020.05.047__Fig5__C__stability_performance_curve__W_OTBUP__Series_1.csv,2,1,0,1.2148859089489474,0.979886539023097,0.9962335796957217,0.9694500596283118,0.9134992272877428,0.8677120621592233,0.8471863026000644,0.8286349636282531,0.0,included
x_time_h/10.1016_j.jechem.2020.06.019/Fig6_A_jv_curve_stability_performance_pce/10.1016_j.jechem.2020.06.019__Fig6__A__jv_curve_stability_performance_pce__DIP-KCI__Series_3.csv,0,0,0,1.7197460010921404,1.0005360934180447,0.9999013904073588,0.9994736298300598,0.9978739324167275,0.9964226156020368,0.9958814675868521,0.9958739765599032,4.166666666666667,included
x_time_h/10.1016_j.jechem.2020.06.019/Fig6_A_jv_curve_stability_performance_pce/10.1016_j.jechem.2020.06.019__Fig6__A__jv_curve_stability_performance_pce__Pristine__Series_1.csv,0,0,0,0.5770413969924845,1.0032840440515807,0.9999265353514096,0.998340239898943,0.9879420534800225,0.9631306491627348,0.9399540886217077,0.91029143038969,0.0,included
x_time_h/10.1016_j.jechem.2020.06.019/Fig6_A_jv_curve_stability_performance_pce/10.1016_j.jechem.2020.06.019__Fig6__A__jv_curve_stability_performance_pce__SIP-KCI__Series_2.csv,0,0,0,1.1924673332889204,0.9996559225573302,0.9998711385052497,0.9990119981285509,0.992079884323708,0.9854938712992505,0.9744965974908226,0.9664464900525189,4.333333333333333,included
x_time_h/10.1016_j.jechem.2020.06.019/Fig6_B_mppt_stability_performance_curve/10.1016_j.jechem.2020.06.019__Fig6__B__mppt_stability_performance_curve__DIP-KCI__Series_3.csv,0,0,0,1.4704625602659835,1.001007927595844,0.999965160960851,0.9995137257380516,0.9943311691601033,0.9883664303637248,0.987101631654239,0.9843604506974238,0.0,included
x_time_h/10.1016_j.jechem.2020.06.019/Fig6_B_mppt_stability_performance_curve/10.1016_j.jechem.2020.06.019__Fig6__B__mppt_stability_performance_curve__Pristine__Series_1.csv,0,0,0,0.4858463939685564,1.001007927595844,0.9997803785904756,0.9976020992944945,0.9806479927405097,0.9575359850013383,0.9375180011686725,0.9296167367517928,0.0,included
x_time_h/10.1016_j.jechem.2020.06.019/Fig6_B_mppt_stability_performance_curve/10.1016_j.jechem.2020.06.019__Fig6__B__mppt_stability_performance_curve__SIP-KCI__Series_2.csv,0,0,0,0.8199977593959762,1.001007927595844,0.9996685827904531,0.9967833466175176,0.9826315746427897,0.9722424301366455,0.9602331918646217,0.9550237878799682,0.0,included
x_time_h/10.1016_j.jechem.2020.06.061/Fig2_D_stability_performance_curve_pce_jsc_2/10.1016_j.jechem.2020.06.061__Fig2__D__stability_performance_curve_pce_jsc_2__w_o__Series_1.csv,2,1,0,0.7104207895254749,1.0039930309140048,0.9986060724386459,0.979359199348704,0.9151761782667573,0.8471711972601621,0.7788177088870694,0.7033826218381871,0.0,included
x_time_h/10.1016_j.jechem.2020.08.055/Fig4_B_stability/10.1016_j.jechem.2020.08.055__Fig4__B__stability__FA-0__Series_1.csv,0,0,0,1.2881421888275355,0.9987938647950042,0.9996008334625767,0.9963975892379846,0.9856159205773078,0.9748446619027754,0.9818601280638304,0.9854907921733638,0.0,included
x_time_h/10.1016_j.jechem.2021.02.017/Fig4_F_stability_performance_curve_voc/10.1016_j.jechem.2021.02.017__Fig4__F__stability_performance_curve_voc__Control__Series_1.csv,0,0,0,1.2333223741246357,100.44543836557366,0.9997955829284656,0.9984329513433244,0.9969017459393378,0.9862930143884112,0.9739937543653169,0.9647555155765816,0.0,included
x_time_h/10.1016_j.jechem.2021.04.023/Fig3_F_stability_performance_curve_pce/10.1016_j.jechem.2021.04.023__Fig3__F__stability_performance_curve_pce__o—Control__Series_2.csv,1,0,1,2.5611563730051454,98.33512264753587,0.9947501384741431,0.9591691473586548,0.8910339356520439,0.821685081426436,0.6834165871344791,0.5153490715103332,0.0,included
x_time_h/10.1016_j.jechem.2021.04.063/Fig6_C_stability_performance_curve_pce/10.1016_j.jechem.2021.04.063__Fig6__C__stability_performance_curve_pce__Control__Series_1.csv,0,0,0,1.412469701872466,0.9979977364631777,0.999663327385002,0.9926892932971755,0.9690908681000904,0.9099212856077425,0.8835817796678801,0.8597265896975252,0.0,included
x_time_h/10.1016_j.jechem.2021.04.063/Fig6_C_stability_performance_curve_pce/10.1016_j.jechem.2021.04.063__Fig6__C__stability_performance_curve_pce__F-T__Series_2.csv,0,0,0,0.4686457162709089,1.0004194279529608,0.9998528458387042,0.9954755739232914,0.9795234292453029,0.9565541960164323,0.9420920406180888,0.9297071879446334,0.0,included
x_time_h/10.1016_j.jechem.2021.04.063/Fig6_C_stability_performance_curve_pce/10.1016_j.jechem.2021.04.063__Fig6__C__stability_performance_curve_pce__F₂-T__Series_3.csv,0,0,0,0.6320182575894556,1.0004194279529608,1.0000430132380624,0.9967157902873797,0.9810229253685903,0.9614723214591651,0.9519983504537632,0.9436205260285894,0.0,included
x_time_h/10.1016_j.jechem.2021.04.063/Fig6_C_stability_performance_curve_pce/10.1016_j.jechem.2021.04.063__Fig6__C__stability_performance_curve_pce__F₃-T__Series_4.csv,0,0,0,0.9330770810244517,1.0010248508254065,0.9990618501665711,0.9951303868803734,0.9861444793840262,0.9715945358760103,0.9659228272234676,0.9600364263090801,0.0,included
x_time_h/10.1016_j.jechem.2021.04.063/Fig6_C_stability_performance_curve_pce/10.1016_j.jechem.2021.04.063__Fig6__C__stability_performance_curve_pce__F₅-T__Series_5.csv,0,0,0,0.8102863127147548,1.0004194279529608,0.9997461790625767,0.9961111165157198,0.9831281264932685,0.9669580506663985,0.9610797188685976,0.9545657201625712,0.0,included
x_time_h/10.1016_j.jechem.2021.07.011/Fig6_D_pce/10.1016_j.jechem.2021.07.011__Fig6__D__pce__SnO₂__Series_2.csv,0,0,0,1.4416494570256035,0.9943902724913394,0.949583438400695,0.9518010847925091,0.9632804614451633,0.974218084821772,0.990936717293992,0.9999999999999601,196.5,included
x_time_h/10.1016_j.jechem.2021.08.021/Fig5_H_voc/10.1016_j.jechem.2021.08.021__Fig5__H__voc__w_o_GABr__Series_1.csv,0,0,0,1.3657723347778106,0.9834433279203187,0.9997993205165803,0.9999907266802177,0.9922524796702069,0.9831776368735212,0.9865715568715113,0.9727695462947078,8.333333333333334,included
x_time_h/10.1016_j.jmat.2021.02.004/Fig6_A_stability_performance_curve/10.1016_j.jmat.2021.02.004__Fig6__A__stability_performance_curve__o-Control__Series_1.csv,0,0,0,0.6764955398421041,1.00511556007218,0.998852513617777,0.9896373291611095,0.9703241829190143,0.9508213153851521,0.9196602852208333,0.8706871343448215,0.0,included
x_time_h/10.1016_j.jmat.2021.02.004/Fig6_B_stability_performance_curve/10.1016_j.jmat.2021.02.004__Fig6__B__stability_performance_curve__o-Control__Series_1.csv,0,0,0,1.1799566548186438,1.0031536013392834,0.9998531009682066,0.9986742609829026,0.9933713049146717,0.9842317144230532,0.9726978464149455,0.9650799634178768,0.0,included
x_time_h/10.1016_j.joule.2018.10.011/Fig4_E_jv_curve_stability_performance_pce/10.1016_j.joule.2018.10.011__Fig4__E__jv_curve_stability_performance_pce__GTA-ATS-IPA__Series_3.csv,0,0,0,1.48873454281397,1.0911323046173356,0.9255731516528667,0.9271775885258727,0.9700558600607881,0.9989569675948458,0.9865693682477586,0.9808882510529788,105.0,included
x_time_h/10.1016_j.joule.2018.10.011/Fig4_E_jv_curve_stability_performance_pce/10.1016_j.joule.2018.10.011__Fig4__E__jv_curve_stability_performance_pce__GTA-ATS-Tol__Series_2.csv,0,0,0,1.113008503487626,0.9988481833859842,0.9969440224759016,0.9998012952615302,0.9800232910859585,0.9445983223519484,0.8970007629422528,0.8568743469561031,8.333333333333334,included
x_time_h/10.1016_j.joule.2018.10.011/Fig4_E_jv_curve_stability_performance_pce/10.1016_j.joule.2018.10.011__Fig4__E__jv_curve_stability_performance_pce__GTA__Series_1.csv,0,0,0,0.9131527034851837,1.0027527385805066,0.9995189706940643,0.9957045835679408,0.9645103563443325,0.9288593721681815,0.9031921094123342,0.8851760943101147,0.0,included
x_time_h/10.1016_j.joule.2019.07.030/Fig5_A_stability_performance_curve_ff_pce/10.1016_j.joule.2019.07.030__Fig5__A__stability_performance_curve_ff_pce__w_o_DBL__Series_2.csv,0,0,0,1.949441962530696,14.753533244059225,0.9871973495534014,0.9966897445933063,0.9867553824691744,0.9402625825398702,0.8621283342583075,0.8118456351815688,18.166666666666668,included
x_time_h/10.1016_j.joule.2019.07.030/Fig5_B_mppt_stability_performance_curve_pce/10.1016_j.joule.2019.07.030__Fig5__B__mppt_stability_performance_curve_pce__w_o_DBL__Series_1.csv,0,0,0,0.8061664387416729,14.621310144523132,0.9991353443050274,0.9930352130406164,0.9743623343382929,0.9462836273835978,0.9062838041255451,0.8810065169036398,0.0,included
x_time_h/10.1016_j.joule.2021.06.001/Fig4_F_stability_performance_curve_pce/10.1016_j.joule.2021.06.001__Fig4__F__stability_performance_curve_pce__Control__Series_1.csv,0,0,0,1.7136286583250449,0.9401029786204445,0.9980433657197186,0.9832810596309816,0.9355231508475904,0.903147850326827,0.8712624032467762,0.8547819520741784,0.0,included
x_time_h/10.1016_j.jpcs.2020.109792/Fig5_B_stability_performance_curve_pce/10.1016_j.jpcs.2020.109792__Fig5__B__stability_performance_curve_pce__ACN_0%__Series_2.csv,0,0,0,1.310741624028516,1.0010706394362694,0.9993912262364395,0.9936593914440776,0.9575335735092395,0.9122262081294632,0.8899636750469075,0.8599857899101937,0.0,included
x_time_h/10.1016_j.jphotochem.2018.02.018/Fig8_A_pce/10.1016_j.jphotochem.2018.02.018__Fig8__A__pce__PEDOT_PSS__Series_1.csv,0,0,0,0.6755674500659593,1.062484434905918,0.9511647997483033,0.9596550773720612,0.9999256032344127,0.9694738498727576,0.9359436568153282,0.9075294045448424,49.0,included
x_time_h/10.1016_j.jpowsour.2019.04.039/Fig8_B_stability_performance_curve_pce_pattern/10.1016_j.jpowsour.2019.04.039__Fig8__B__stability_performance_curve_pce_pattern__NYES-30__Series_1.csv,2,1,0,1.3041168238569523,0.9922129469347465,0.8884648131038154,0.9120021073611643,0.9883120007820145,0.8692537691666863,0.8031295074080651,0.7711570814748089,42.5,included
x_time_h/10.1016_j.jpowsour.2019.04.039/Fig8_B_stability_performance_curve_pce_pattern/10.1016_j.jpowsour.2019.04.039__Fig8__B__stability_performance_curve_pce_pattern__pristine__Series_2.csv,1,0,1,2.3025136547451623,0.9788583647676405,0.8344744089638544,0.8749522758808643,0.955471935665487,0.6637432809545751,0.5891011560883138,0.5848541902421068,40.666666666666664,included
x_time_h/10.1016_j.jpowsour.2019.227386/Fig8_D_stability_performance_curve_pce/10.1016_j.jpowsour.2019.227386__Fig8__D__stability_performance_curve_pce__FABr-0__Series_1.csv,2,1,0,0.6608339832545586,98.77582599194386,0.998680375625474,0.9865234624793653,0.9181218036030653,0.8736610752371828,0.8258285238196026,0.781136148014442,0.0,included
x_time_h/10.1016_j.jpowsour.2019.227386/Fig8_D_stability_performance_curve_pce/10.1016_j.jpowsour.2019.227386__Fig8__D__stability_performance_curve_pce__Trad-Mixed-PSC__Series_3.csv,0,0,0,0.9067099835490472,99.87948267933015,0.9987656801129013,0.9883942587746553,0.9450333348938837,0.9232584168656874,0.9034282060875403,0.8917551994762758,0.0,included
x_time_h/10.1016_j.jpowsour.2019.227504/Fig7_whole_stability/10.1016_j.jpowsour.2019.227504__Fig7__whole__stability__TiO2__Series_2.csv,0,0,0,0.7320409868278598,1.006311405576227,0.9992520685574624,0.9940016483226909,0.9819764666577455,0.9677104655467647,0.957193087074979,0.9490695134055559,0.0,included
x_time_h/10.1016_j.jpowsour.2020.228965/Fig6_D_stability_performance_curve/10.1016_j.jpowsour.2020.228965__Fig6__D__stability_performance_curve__Control__Series_2.csv,2,1,0,1.756035921748188,12.411384596772725,0.9983788654263617,0.9853695335464724,0.9197949289469473,0.8098989658514878,0.7463474540133432,0.6544133792861427,0.0,included
x_time_h/10.1016_j.jpowsour.2021.229621/Fig4_E_stability_performance_curve_pce/10.1016_j.jpowsour.2021.229621__Fig4__E__stability_performance_curve_pce__Control__Series_1.csv,0,0,0,1.6454817917561508,0.973402808276125,0.9613302005510541,0.9502551224061472,0.9973944381479976,0.8708567045788546,0.9118675798553245,0.91597058984502,46.833333333333336,included
x_time_h/10.1016_j.jpowsour.2021.229621/Fig4_E_stability_performance_curve_pce/10.1016_j.jpowsour.2021.229621__Fig4__E__stability_performance_curve_pce__TEAH_treated__Series_2.csv,0,0,0,1.866373667138429,1.0043105948484206,0.9992443036236947,0.9939715283003445,0.957170797494725,0.8957314690565474,0.8685164870650859,0.8340969880776413,0.0,included
x_time_h/10.1016_j.jpowsour.2021.229970/Fig6_C_stability_performance_curve_pce/10.1016_j.jpowsour.2021.229970__Fig6__C__stability_performance_curve_pce__LPT-CuSCN__Series_1.csv,0,0,0,1.0685753246374257,1.0576314213254698,0.9496473407657829,0.9606161631457544,0.9896005596423028,0.9997816709698816,0.9603177911667564,0.9480155678022171,101.16666666666667,included
x_time_h/10.1016_j.jpowsour.2021.229970/Fig6_C_stability_performance_curve_pce/10.1016_j.jpowsour.2021.229970__Fig6__C__stability_performance_curve_pce__Without-CuSCN__Series_2.csv,0,0,0,1.1818092130711515,1.009203749905496,0.9912383138913825,0.9943594983546153,0.9977613879187487,0.9944533598031741,0.9769804326693103,0.9357297306841781,75.66666666666667,included
x_time_h/10.1016_j.jpowsour.2021.230120/Fig5_whole_stability_performance_curve_pce/10.1016_j.jpowsour.2021.230120__Fig5__whole__stability_performance_curve_pce__Dopant-free__Series_1.csv,0,0,0,0.42219296206045837,0.996240881101509,0.9997316295506614,0.9976717424346175,0.9757646597283584,0.955357612144789,0.9373618460624604,0.9210910214377823,0.0,included
x_time_h/10.1016_j.jpowsour.2021.230213/Fig5_A_stability_performance_curve_pce/10.1016_j.jpowsour.2021.230213__Fig5__A__stability_performance_curve_pce__Control__Series_1.csv,0,0,0,0.5760345379599814,0.9961344007616438,0.9992943156774959,0.9936313178592502,0.9681565764245642,0.9484203943762354,0.9476698991164484,0.9538128038406726,0.0,included
x_time_h/10.1016_j.jpowsour.2021.230213/Fig5_B_stability_performance_curve_pce/10.1016_j.jpowsour.2021.230213__Fig5__B__stability_performance_curve_pce__Control__Series_2.csv,2,1,0,1.3845369334741542,1.0061558099064343,0.989218273483641,0.9935641856207529,0.8638373166147462,0.8664742353357381,0.8420454983992661,0.8252653757589177,6.666666666666667,included
x_time_h/10.1016_j.jpowsour.2021.230213/Fig5_C_stability_performance_curve_pce/10.1016_j.jpowsour.2021.230213__Fig5__C__stability_performance_curve_pce__Control__Series_1.csv,0,0,0,2.095419197029985,1.0374633454356517,0.9714580547306892,0.97352177964457,0.9943941332432962,0.946248342475152,0.8562846140929481,0.8006515190255894,29.5,included
x_time_h/10.1016_j.jpowsour.2021.230534/Fig4_A_stability_performance_curve_pce/10.1016_j.jpowsour.2021.230534__Fig4__A__stability_performance_curve_pce__Control__Series_2.csv,2,1,0,1.474193299497741,17.055800053259183,0.9990834607566651,0.9892723726855733,0.9404586896968523,0.9259476110100809,0.8405959153413565,0.7417509734297935,0.0,included
x_time_h/10.1016_j.jpowsour.2021.230534/Fig4_A_stability_performance_curve_pce/10.1016_j.jpowsour.2021.230534__Fig4__A__stability_performance_curve_pce__Y6_treated'__Series_1.csv,0,0,0,0.540311928750831,19.94413273893462,0.9994486339126987,0.9945460648078275,0.9623420847506347,0.9332926081565524,0.9242847507883708,0.9107411023094935,0.0,included
x_time_h/10.1016_j.jpowsour.2021.230549/Fig7_F_stability_performance_curve/10.1016_j.jpowsour.2021.230549__Fig7__F__stability_performance_curve__Control__Series_2.csv,0,0,0,1.5359071038802001,0.9688030645799808,0.9141207841461688,0.9150020225385942,0.9258143864795927,0.9464555048865284,0.9747658388188719,0.9999860954915575,200.0,included
x_time_h/10.1016_j.materresbull.2020.111182/Fig8_B_stability_performance_curve_pce/10.1016_j.materresbull.2020.111182__Fig8__B__stability_performance_curve_pce__Control_PSCs__Series_2.csv,2,1,0,0.8203968142881622,0.9921781205366782,0.9986717407807578,0.9873078204226968,0.9231490398433411,0.8465103372061955,0.7696248184081456,0.7142413358438158,0.0,included
x_time_h/10.1016_j.mtchem.2021.100557/Fig6_B_stability_performance_curve_pce/10.1016_j.mtchem.2021.100557__Fig6__B__stability_performance_curve_pce__CsPbI₂Br__Series_1.csv,1,0,1,4.346301905052928,1.0010401993513622,0.9982019067353863,0.9742573024985017,0.8457194213165604,0.6253214989398915,0.47470252730813356,0.19527468975070147,0.0,included
x_time_h/10.1016_j.mtener.2021.100724/Fig6_A_stability_performance_curve/10.1016_j.mtener.2021.100724__Fig6__A__stability_performance_curve__SnO2__Series_1.csv,2,1,0,0.2805168364056422,1.0028067970378423,0.9981406943432519,0.9832200796403164,0.9212351294283896,0.861911049584645,0.7946174980994565,0.7675938029389097,0.0,included
x_time_h/10.1016_j.mtener.2021.100724/Fig6_C_curve/10.1016_j.mtener.2021.100724__Fig6__C__curve__→SnO2__Series_1.csv,0,0,0,0.48017280190658085,1.0071007977562134,0.9996881541080139,0.9965021726909571,0.9788701237607725,0.9539427163495539,0.9257964462727845,0.9054737471879736,0.0,included
x_time_h/10.1016_j.mtener.2021.100837/Fig5_C_stability_performance_curve_pce/10.1016_j.mtener.2021.100837__Fig5__C__stability_performance_curve_pce__w_o_CsPbI₂Br__Series_1.csv,0,0,0,1.0084072931306665,1.0061609604145447,0.9971661921728037,0.9975231156136751,0.9936892628831199,0.9787776981863354,0.966125020873528,0.949833467634843,22.666666666666668,included
x_time_h/10.1016_j.nanoen.2015.10.006/Fig3_D_jv_curve/10.1016_j.nanoen.2015.10.006__Fig3__D__jv_curve__'Partial'_Encapsulation__Series_1.csv,0,0,0,0.7922052072216438,1.0082030319249342,0.9993846632027923,0.9967909447079959,0.9877266069586491,0.9754051461343332,0.9570291992132466,0.9347375753367247,0.0,included
x_time_h/10.1016_j.nanoen.2015.10.006/Fig3_D_jv_curve/10.1016_j.nanoen.2015.10.006__Fig3__D__jv_curve__No_Encapsulation__Series_3.csv,3,1,1,7.587305256057025,1.0050630290504543,0.9973969808129584,0.9500329600584794,0.6289864001478966,0.21765876903146095,0.012862344461096431,0.009633343940103317,0.0,included
x_time_h/10.1016_j.nanoen.2017.08.008/Fig5_A_pce/10.1016_j.nanoen.2017.08.008__Fig5__A__pce__PCBM__Series_2.csv,1,0,1,2.5564244353101206,0.9934724466506867,0.9882302598573379,0.8940183245775537,0.7071899273547149,0.6498617685928331,0.5785868006816551,0.54588967437028,0.0,included
x_time_h/10.1016_j.nanoen.2018.03.046/Fig4_G_sem_image_stability_performance_curve_pce/10.1016_j.nanoen.2018.03.046__Fig4__G__sem_image_stability_performance_curve_pce__Control__Series_1.csv,1,0,1,2.3352783992714743,1.0036856393659923,0.9980705569172691,0.98268693353027,0.9043022838335294,0.8031417148130192,0.6543163174372604,0.4554053834792354,0.0,included
x_time_h/10.1016_j.nanoen.2018.09.037/Fig6_B_stability_performance_curve_pce/10.1016_j.nanoen.2018.09.037__Fig6__B__stability_performance_curve_pce__without_DRCN5T__Series_2.csv,0,0,0,1.2945802786113143,1.0174983778465778,0.9995784288689593,0.9961953915545446,0.9725674915556104,0.9318004602133713,0.8837125440452056,0.8569742304041857,0.0,included
x_time_h/10.1016_j.nanoen.2018.11.021/Fig4_F_stability_performance_curve/10.1016_j.nanoen.2018.11.021__Fig4__F__stability_performance_curve__Before__Series_1.csv,1,0,1,4.100216010723754,1.0149313582363637,0.9953259679473196,0.9997223664442956,0.9558289935323361,0.8275097874987983,0.4893616411091816,0.41819088854999215,8.666666666666666,included
x_time_h/10.1016_j.nanoen.2019.02.002/Fig2_D_stability_performance_curve_pce/10.1016_j.nanoen.2019.02.002__Fig2__D__stability_performance_curve_pce__Hot_3%_degradation__Series_2.csv,0,0,0,1.2000331911484774,1.0098424725191892,0.9993804097523757,0.9951030302385739,0.9858144288387979,0.9785197680047312,0.9779109368335654,0.9754703949131271,0.0,included
x_time_h/10.1016_j.nanoen.2019.02.002/Fig2_D_stability_performance_curve_pce/10.1016_j.nanoen.2019.02.002__Fig2__D__stability_performance_curve_pce__RT_5%_degradation__Series_1.csv,0,0,0,1.6082084580017388,0.9850575012263165,0.9998417012310964,0.9985713802757195,0.9928381085053904,0.9949678246150157,0.992451718423905,0.9899497701780879,0.0,included
x_time_h/10.1016_j.nanoen.2019.02.009/Fig6_A_stability_performance_curve/10.1016_j.nanoen.2019.02.009__Fig6__A__stability_performance_curve__MAPbI₃__Series_1.csv,0,0,0,1.4088284177389003,1.006699268357615,0.9728004311632931,0.9813546642870308,0.985867476492977,0.9445590172280357,0.8895899590041813,0.8376410513539301,31.833333333333332,included
x_time_h/10.1016_j.nanoen.2019.02.064/Fig5_C_stability_performance_curve_pce/10.1016_j.nanoen.2019.02.064__Fig5__C__stability_performance_curve_pce__PABA·HI__Series_1.csv,0,0,0,0.6642225998533702,1.0010774705155183,0.9977488393295142,0.9796839554294423,0.9599292839032864,0.96318193400345,0.9603063623375209,0.9545948284607292,0.0,included
x_time_h/10.1016_j.nanoen.2019.02.064/Fig5_C_stability_performance_curve_pce/10.1016_j.nanoen.2019.02.064__Fig5__C__stability_performance_curve_pce__Pristine__Series_2.csv,2,1,0,1.913274603531765,1.0010774705155183,0.9987158858612973,0.981667778108596,0.9464367876628167,0.8749010457360513,0.7392833159760511,0.6415963453170791,0.0,included
x_time_h/10.1016_j.nanoen.2019.02.070/Fig6_A_stability_performance_curve_pce/10.1016_j.nanoen.2019.02.070__Fig6__A__stability_performance_curve_pce__MAPbI__Series_2.csv,0,0,0,1.0110695171892519,1.0040067771091146,0.9993540937215676,0.9929006461763448,0.9630470940703459,0.9300532146702433,0.898972256384611,0.8712184325195125,0.0,included
x_time_h/10.1016_j.nanoen.2019.03.044/Fig3_F_stability_performance_curve/10.1016_j.nanoen.2019.03.044__Fig3__F__stability_performance_curve__C-SnO2__Series_1.csv,2,1,0,0.9241655628762343,1.0009364673775096,0.9994671163733112,0.9936826172916086,0.9250105127644382,0.8182957647302013,0.804321740440533,0.8021490642999105,0.0,included
x_time_h/10.1016_j.nanoen.2019.03.044/Fig3_F_stability_performance_curve/10.1016_j.nanoen.2019.03.044__Fig3__F__stability_performance_curve__G-SnO2__Series_2.csv,0,0,0,0.5146682876135105,1.0029987758740362,0.9997781543397128,0.9976670875188737,0.982074611055084,0.9641944253666753,0.9371162777926332,0.9073444463901061,0.0,included
x_time_h/10.1016_j.nanoen.2019.03.091/Fig7_B_mppt_stability_performance_curve_pce/10.1016_j.nanoen.2019.03.091__Fig7__B__mppt_stability_performance_curve_pce__Control_device__Series_1.csv,0,0,0,1.0407905002247697,0.947268785357094,0.9976551612713567,0.9993647278859094,0.9633739006490977,0.9223642014463503,0.8982918967540543,0.8819470737201066,7.166666666666667,included
x_time_h/10.1016_j.nanoen.2019.03.091/Fig7_B_mppt_stability_performance_curve_pce/10.1016_j.nanoen.2019.03.091__Fig7__B__mppt_stability_performance_curve_pce__QDs-10_modified__Series_2.csv,0,0,0,1.4638199480862328,0.9959769023305121,0.9989983284939006,0.9974076163166028,0.9947994499522973,0.9895988999046342,0.9870740195334121,0.9843983498569711,0.0,included
x_time_h/10.1016_j.nanoen.2019.05.072/Fig7_B_stability_performance_curve_pce/10.1016_j.nanoen.2019.05.072__Fig7__B__stability_performance_curve_pce__GO__Series_2.csv,0,0,0,0.8816916084178169,0.997520048169205,0.9998372028971695,0.9997932458073652,0.9933050470790606,0.9867100597394383,0.9514740192778565,0.934291227881794,7.666666666666667,included
x_time_h/10.1016_j.nanoen.2019.103962/Fig5_A_stability_performance_curve/10.1016_j.nanoen.2019.103962__Fig5__A__stability_performance_curve__FAMA__Series_2.csv,2,1,0,1.296328672605928,0.9867225209173434,0.9992647653639011,0.9965034147721435,0.9433487712501903,0.8770115223172704,0.8106742733843504,0.5988101421167712,0.0,included
x_time_h/10.1016_j.nanoen.2019.103962/Fig5_B_stability_performance_curve/10.1016_j.nanoen.2019.103962__Fig5__B__stability_performance_curve__FAMA__Series_1.csv,0,0,0,0.4179899483158523,0.9975953974611758,0.9998557037436421,0.9978218896047854,0.9736564473499468,0.9510574572678634,0.9354414599459774,0.9148457555762223,0.0,included
x_time_h/10.1016_j.nanoen.2019.103962/Fig5_C_stability_performance_curve/10.1016_j.nanoen.2019.103962__Fig5__C__stability_performance_curve__FAMA__Series_1.csv,2,1,0,1.2752353776285599,0.9810092760202803,0.9990356155538148,0.9872587512099518,0.8940472274226253,0.8006990738477032,0.7605990838460139,0.7267636042687765,0.0,included
x_time_h/10.1016_j.nanoen.2019.103962/Fig6_A_stability_performance_curve_structure/10.1016_j.nanoen.2019.103962__Fig6__A__stability_performance_curve_structure__FAMA_PCBMhalfPSCs__Series_2.csv,0,0,0,1.0174935413208035,0.972136859421481,0.9989933851806837,0.9931797536747433,0.9900216704101207,0.9825240302947011,0.968995100168464,0.9548503981018331,0.0,included
x_time_h/10.1016_j.nanoen.2019.103962/Fig6_A_stability_performance_curve_structure/10.1016_j.nanoen.2019.103962__Fig6__A__stability_performance_curve_structure__FAMAfullPSCs__Series_3.csv,0,0,0,0.3779351430279514,1.0013995114442287,0.9997371241152087,0.996145996791726,0.9697395708409569,0.9465782662200719,0.9304043033581826,0.9135558793013794,0.0,included
x_time_h/10.1016_j.nanoen.2019.103962/Fig6_A_stability_performance_curve_structure/10.1016_j.nanoen.2019.103962__Fig6__A__stability_performance_curve_structure__FAMAhalfPSCs__Series_1.csv,0,0,0,1.3933393753906387,1.0013995114442287,0.9998122958366705,0.9984983970245149,0.9951718943075135,0.9885146107092684,0.9830448669165578,0.9786929803314401,0.0,included
x_time_h/10.1016_j.nanoen.2019.104018/Fig3_D_stability_performance_curve_pce_jsc/10.1016_j.nanoen.2019.104018__Fig3__D__stability_performance_curve_pce_jsc__PATCVD-Gr_device__Series_2.csv,0,0,0,1.4177299140002335,14.286418924407613,0.991098661852557,0.994091435902309,0.9990524928581004,0.9903560757404726,0.9826708235044833,0.9748284768886307,36.833333333333336,included
x_time_h/10.1016_j.nanoen.2019.104244/Fig5_A_stability_performance_curve_pce/10.1016_j.nanoen.2019.104244__Fig5__A__stability_performance_curve_pce__PHJ__Series_1.csv,0,0,0,0.6975578032194345,1.0072306816319934,0.9997929921455383,0.9981317889833963,0.9886802547906719,0.973832035254099,0.94593940499077,0.9327785405218094,0.0,included
x_time_h/10.1016_j.nanoen.2019.104249/Fig16_C_stability_performance_curve_pce/10.1016_j.nanoen.2019.104249__Fig16__C__stability_performance_curve_pce__CsPbl₂Br__Series_2.csv,3,1,1,4.442035676046076,0.919785647193487,0.9586131783935016,0.7338241604877668,0.4556237720135406,0.35357689594024544,0.25749931744167903,0.31356563891425554,0.0,included
x_time_h/10.1016_j.nanoen.2019.104313/Fig5_C_stability_performance_curve_pce/10.1016_j.nanoen.2019.104313__Fig5__C__stability_performance_curve_pce__CH₃NH₃PbI₃_PbSO₄(PbO)₄__Series_2.csv,3,1,1,1.7996301780691282,0.9938287289006537,0.9971517763941635,0.9663244411219285,0.7282337571765639,0.449030270064483,0.2889220714319666,0.24546421345012878,0.0,included
x_time_h/10.1016_j.nanoen.2019.104313/Fig5_C_stability_performance_curve_pce/10.1016_j.nanoen.2019.104313__Fig5__C__stability_performance_curve_pce__CH₃NH₃PbI₃__Series_1.csv,0,0,0,0.5973442499318947,1.005481082594216,0.9988702036198143,0.9977458251506235,0.9825169575607111,0.9522008638797785,0.9295024667648357,0.886700608384248,0.0,included
x_time_h/10.1016_j.nanoen.2019.104375/Fig4_D_pce/10.1016_j.nanoen.2019.104375__Fig4__D__pce__PSC_W_O_encapsulation__Series_2.csv,3,1,1,5.105535892187449,0.9904272715339058,0.9866467452341826,0.884693085252736,0.511408717507318,0.26447120508672595,0.16445666095958494,0.11735651815081817,0.0,included
x_time_h/10.1016_j.nanoen.2020.104673/Fig6_D_stability_performance_curve_pce/10.1016_j.nanoen.2020.104673__Fig6__D__stability_performance_curve_pce__t-BP+FK209__Series_2.csv,0,0,0,1.1313838723279424,1.0010549631987682,0.9002658062085749,0.9195612031360967,0.9962526345138295,0.9849017207238426,0.9583324896750256,0.9536512687774994,57.333333333333336,included
x_time_h/10.1016_j.nanoen.2020.104929/Fig5_C_stability_performance_curve_pce/10.1016_j.nanoen.2020.104929__Fig5__C__stability_performance_curve_pce__MAPbI₃__Series_2.csv,2,1,0,0.8761828368888223,0.9998001317170921,0.9986445251085998,0.9874078876593874,0.9300872379117927,0.8627210519857673,0.8298229141110769,0.8073366966375182,0.0,included
x_time_h/10.1016_j.nanoen.2020.104940/Fig5_B_stability_performance_curve_pce/10.1016_j.nanoen.2020.104940__Fig5__B__stability_performance_curve_pce__4-ePy__Series_2.csv,0,0,0,1.5184363696930145,99.52893587231672,0.9977669520371424,0.9798471182829819,0.9489140517634543,0.9054345587718815,0.8869893095264892,0.837837595641946,0.0,included
x_time_h/10.1016_j.nanoen.2020.104940/Fig5_B_stability_performance_curve_pce/10.1016_j.nanoen.2020.104940__Fig5__B__stability_performance_curve_pce__O-Control__Series_1.csv,2,1,0,1.33438752810158,99.7768492291406,0.9987308385078306,0.9823129130370255,0.9067063557728741,0.7975328453349281,0.7581039054266387,0.704070445437882,0.0,included
x_time_h/10.1016_j.nanoen.2020.105019/Fig2_C_stability_performance_curve/10.1016_j.nanoen.2020.105019__Fig2__C__stability_performance_curve__TiO2_Pero_CuSCN_C__Series_1.csv,0,0,0,1.1157616632868006,1.0036874951376609,0.9983136650560662,0.9887641137931423,0.9503824478401527,0.9153233896266739,0.8962450352004774,0.8866710346809522,0.0,included
x_time_h/10.1016_j.nanoen.2020.105019/Fig2_C_stability_performance_curve/10.1016_j.nanoen.2020.105019__Fig2__C__stability_performance_curve__TiO2_Pero_Spiro_Au__Series_2.csv,1,0,1,1.0720329362682939,0.9985194765710371,0.9976322072940766,0.97014368209397,0.8440035670239702,0.7167367721276949,0.6220967155476805,0.6066017353559288,0.0,included
x_time_h/10.1016_j.nanoen.2020.105127/Fig8_A_stability_performance_curve_ff/10.1016_j.nanoen.2020.105127__Fig8__A__stability_performance_curve_ff__0mM__Series_1.csv,1,0,1,2.3928267737485567,0.9861982281766777,0.9943892726301543,0.9376586051555482,0.8024846791750241,0.7010909657692211,0.6784891627973525,0.6728569582852024,0.0,included
x_time_h/10.1016_j.nanoen.2020.105181/Fig6_A_stability_performance_curve_pce/10.1016_j.nanoen.2020.105181__Fig6__A__stability_performance_curve_pce__S3__Series_2.csv,0,0,0,0.9572388678299526,1.0239338697695959,0.9993395167451891,0.9947249759837969,0.9823537909856405,0.9750806466932722,0.9672765038788524,0.9646154886720046,0.0,included
x_time_h/10.1016_j.nanoen.2020.105181/Fig6_A_stability_performance_curve_pce/10.1016_j.nanoen.2020.105181__Fig6__A__stability_performance_curve_pce__S5__Series_1.csv,0,0,0,1.2938670440497393,0.9743574984624497,0.9988907719562489,0.9907100189657635,0.9625344333060661,0.9223317513743895,0.8844675546750812,0.8630408133723532,0.0,included
x_time_h/10.1016_j.nanoen.2020.105181/Fig6_A_stability_performance_curve_pce/10.1016_j.nanoen.2020.105181__Fig6__A__stability_performance_curve_pce__S6__Series_3.csv,2,1,0,0.8832780665215655,0.9991656019105569,1.000051010315085,0.9956897214718231,0.9337665690218406,0.8616862184227742,0.7701633286769919,0.7213949255043118,0.0,included
x_time_h/10.1016_j.nanoen.2020.105564/Fig6_A_stability_performance_curve/10.1016_j.nanoen.2020.105564__Fig6__A__stability_performance_curve__Control__Series_1.csv,0,0,0,1.5400150838298388,0.9871378439655185,0.9986175384301889,0.9908758555608702,0.968919594866643,0.9322777264194391,0.8843195723925377,0.8217704715919023,0.0,included
x_time_h/10.1016_j.nanoen.2020.105564/Fig6_B_stability_performance_curve/10.1016_j.nanoen.2020.105564__Fig6__B__stability_performance_curve__Control__Series_1.csv,2,1,0,2.057516841087383,1.0087234577700361,0.997156262452708,0.9757729282796833,0.909090395737377,0.8065703394315832,0.7144114886961622,0.6595688187911832,0.0,included
x_time_h/10.1016_j.nanoen.2021.105742/Fig5_C_stability/10.1016_j.nanoen.2021.105742__Fig5__C__stability__CsFAMA__Series_1.csv,0,0,0,1.0640169909291541,1.0040701119502888,0.9996190056490932,0.9961445843452201,0.966172124711894,0.926378094867169,0.8942370021663033,0.8771541668674214,0.0,included
x_time_h/10.1016_j.nanoen.2021.105742/Fig5_D_stability_performance_curve_pce_spectrum/10.1016_j.nanoen.2021.105742__Fig5__D__stability_performance_curve_pce_spectrum__CsFAMA__Series_1.csv,0,0,0,1.0721823763074763,1.003727013731886,0.9992672218324885,0.9939271014651474,0.9836340094548189,0.9793267473737524,0.9720547421509501,0.9681826289994767,0.0,included
x_time_h/10.1016_j.nanoen.2021.105751/Fig4_A_stability_performance_curve_pce/10.1016_j.nanoen.2021.105751__Fig4__A__stability_performance_curve_pce__Li-TFSI_t-BP__Series_2.csv,0,0,0,1.3074741685107625,1.0029800775043147,0.9998065040412856,0.999777607091504,0.9794911111057807,0.9314905278338951,0.8931166607334617,0.8296692700256014,6.0,included
x_time_h/10.1016_j.nanoen.2021.106286/Fig1_F_stability_performance_curve_pce/10.1016_j.nanoen.2021.106286__Fig1__F__stability_performance_curve_pce__Control__Series_2.csv,0,0,0,0.3868044634590796,0.9854856139626791,0.9994197343009721,0.994660007274839,0.9738820762361164,0.9542214691785234,0.93658384025275,0.9317314225264551,0.0,included
x_time_h/10.1016_j.nanoen.2021.106286/Fig1_G_stability_performance_curve_pce/10.1016_j.nanoen.2021.106286__Fig1__G__stability_performance_curve_pce__Control__Series_1.csv,0,0,0,1.6512795184795752,19.29043313511803,0.9996549455005888,0.9979670894781261,0.9959399538971201,0.9939099308457002,0.9939099308457002,0.9939099308457002,0.0,included
x_time_h/10.1016_j.nanoen.2021.106445/Fig5_D_stability_performance_curve_pce/10.1016_j.nanoen.2021.106445__Fig5__D__stability_performance_curve_pce__Control__Series_1.csv,0,0,0,1.7321221970238108,1.0002388098003938,0.9989775087786659,0.9928762651557552,0.94629359208321,0.906937252919876,0.8762989758551711,0.8347631608413364,0.0,included
x_time_h/10.1016_j.nanoen.2022.107416/Fig3_F_stability_performance_curve_pce/10.1016_j.nanoen.2022.107416__Fig3__F__stability_performance_curve_pce__Control__Series_1.csv,2,1,0,1.7010670765206375,1.0057582082266456,1.000000967989335,0.9970005804836578,0.9215566287409271,0.8806055710247467,0.8681849387153083,0.8343166124334217,0.0,included
x_time_h/10.1016_j.nanoen.2022.107416/Fig3_G_stability_performance_curve_pce/10.1016_j.nanoen.2022.107416__Fig3__G__stability_performance_curve_pce__Control__Series_1.csv,2,1,0,0.6494821582372277,1.0081514844548551,0.9996916740989044,0.9931754293409334,0.9228403026067238,0.86512861892697,0.8228888031926441,0.7881189713840496,0.0,included
x_time_h/10.1016_j.nantod.2021.101164/Fig6_A_stability_performance_curve_pce/10.1016_j.nantod.2021.101164__Fig6__A__stability_performance_curve_pce__o—wlo__Series_1.csv,0,0,0,0.46383798936137477,0.9814256300866637,0.9991604410522021,0.9924231219165862,0.9632346256672945,0.9376065973227441,0.9257598911517713,0.9237869969187115,0.0,included
x_time_h/10.1016_j.nantod.2021.101164/Fig6_D_stability_performance_curve_pce/10.1016_j.nantod.2021.101164__Fig6__D__stability_performance_curve_pce__w_o__Series_2.csv,1,0,1,3.290995347695446,0.9856709259650132,0.9836992008500107,0.8624079231613618,0.6781061038850515,0.6645499853929631,0.6415927016426283,0.5894638093097607,0.0,included
x_time_h/10.1016_j.optmat.2020.110377/Fig4_whole_pce/10.1016_j.optmat.2020.110377__Fig4__whole__pce__P3HT_PEDOT_PS__Series_2.csv,1,0,1,3.2699596085026874,0.9996978788669301,0.9975775794563057,0.9780479577105383,0.855002513124294,0.6542586359730069,0.47856674589960463,0.331617792163964,0.0,included
x_time_h/10.1016_j.optmat.2020.110377/Fig4_whole_pce/10.1016_j.optmat.2020.110377__Fig4__whole__pce__P3HT__Series_3.csv,1,0,1,2.622324768180593,0.9941881919731312,0.9988141701690448,0.9765820698260291,0.7829669663288893,0.6080758572066197,0.5160716387557306,0.39519872771005443,0.0,included
x_time_h/10.1016_j.optmat.2020.110377/Fig4_whole_pce/10.1016_j.optmat.2020.110377__Fig4__whole__pce__Spiro-OMeTAD__Series_1.csv,3,1,1,4.509646398099853,0.9996978788669301,0.9957386385255353,0.9574206732999049,0.8033279291306075,0.639633451558307,0.3530132241478887,0.2180875544338746,0.0,included
x_time_h/10.1016_j.optmat.2020.110794/Fig7_A_stability_performance_curve/10.1016_j.optmat.2020.110794__Fig7__A__stability_performance_curve__55__Series_2.csv,0,0,0,1.381645759276796,0.9959455438624886,0.9186654344980674,0.9724986586886644,0.9657264615399954,0.9321362592767118,0.8952032707951615,0.8471403012651445,17.333333333333332,included
x_time_h/10.1016_j.optmat.2020.110794/Fig7_A_stability_performance_curve/10.1016_j.optmat.2020.110794__Fig7__A__stability_performance_curve__RT__Series_1.csv,1,0,1,1.7391424299256024,0.9910724632913382,0.9476946584628863,0.9838190520370865,0.83826761298428,0.7406266501283619,0.5931548291300157,0.3987666984905355,15.0,included
x_time_h/10.1016_j.orgel.2016.05.004/Fig5_B_stability_performance_curve_pce/10.1016_j.orgel.2016.05.004__Fig5__B__stability_performance_curve_pce__spiro-OMeTAD__Series_1.csv,1,0,1,2.329221287989581,0.9948255731705646,0.9999033730563918,0.9952108643735761,0.936455049447359,0.7792610891682308,0.5590031205588587,0.48537786124391274,0.0,included
x_time_h/10.1016_j.orgel.2018.05.030/Fig6_C_density_of_states/10.1016_j.orgel.2018.05.030__Fig6__C__density_of_states__Reference__Series_2.csv,0,0,0,1.0723619665946664,1.003495159104653,0.999076103547378,0.9999568900619632,0.9939912193603825,0.9796981248752092,0.9694794955976103,0.9581437408917746,8.5,included
x_time_h/10.1016_j.orgel.2018.09.045/Fig6_B_mppt_stability_performance_curve_pce/10.1016_j.orgel.2018.09.045__Fig6__B__mppt_stability_performance_curve_pce__Spiro-OMeTAD__Series_2.csv,1,0,1,4.659011955637701,0.9149237469564078,0.9753518711343383,0.8039289014878916,0.6428616395620826,0.5900947783387034,0.5262871816812084,0.4669578334425278,0.0,included
x_time_h/10.1016_j.orgel.2019.03.002/Fig6_whole_stability/10.1016_j.orgel.2019.03.002__Fig6__whole__stability__C₆₀__Series_2.csv,0,0,0,0.8739579631691493,1.0023077301175125,0.9995794987689286,0.9962050472215481,0.981750923733286,0.944922572026478,0.9018559833577258,0.8835538227635343,0.0,included
x_time_h/10.1016_j.orgel.2019.07.004/Fig4_E_stability/10.1016_j.orgel.2019.07.004__Fig4__E__stability__CdS_PCBM__Series_1.csv,0,0,0,0.7559055705948768,14.24765093475275,0.9994265843194567,0.9994757407372497,0.9797466874457446,0.9663480670463803,0.9590740321725155,0.9541345226484595,6.0,included
x_time_h/10.1016_j.orgel.2019.07.004/Fig4_E_stability/10.1016_j.orgel.2019.07.004__Fig4__E__stability__Cds__Series_2.csv,0,0,0,0.7691534211292878,11.97073300985139,0.9996471678429358,0.9968157492158932,0.9876478181925936,0.9681316134938196,0.9569845563641878,0.9464781667894242,0.0,included
x_time_h/10.1016_j.orgel.2019.105396/Fig4_A_stability_performance_curve_pce/10.1016_j.orgel.2019.105396__Fig4__A__stability_performance_curve_pce__in_air__Series_1.csv,2,1,0,1.0518803711820026,17.77903207865444,0.9929689709249797,0.9459567808457063,0.8941816561959618,0.851676953011099,0.7463303410259807,0.7204876502192171,0.0,included
x_time_h/10.1016_j.orgel.2019.105573/Fig6_A_stability_performance_curve_pce/10.1016_j.orgel.2019.105573__Fig6__A__stability_performance_curve_pce__PC61BM_BIZ__Series_2.csv,0,0,0,1.4791650750268295,1.0051272236302042,0.9982913417307488,0.9993998263086783,0.9959765109277486,0.9919514706534618,0.9860910473132807,0.979714692003163,15.666666666666666,included
x_time_h/10.1016_j.orgel.2019.105573/Fig6_A_stability_performance_curve_pce/10.1016_j.orgel.2019.105573__Fig6__A__stability_performance_curve_pce__PC61BM__Series_1.csv,0,0,0,0.8135414923695989,0.9995832250757499,0.9998164487427449,0.9974005278329509,0.9823162480135635,0.9697231082026825,0.9618593374562153,0.9518823830835244,0.0,included
x_time_h/10.1016_j.orgel.2020.105627/Fig6_whole_stability_performance_curve_pce/10.1016_j.orgel.2020.105627__Fig6__whole__stability_performance_curve_pce__w_o_NH₄F__Series_1.csv,2,1,0,1.7083198029805304,99.47979158547149,0.9993724047606278,0.9943360586807384,0.9693423847411669,0.928361639202994,0.8312280571884666,0.7357663313359349,0.0,included
x_time_h/10.1016_j.orgel.2020.105937/Fig3_E_stability_performance_curve_pce/10.1016_j.orgel.2020.105937__Fig3__E__stability_performance_curve_pce__KF__Series_2.csv,0,0,0,1.0415406529342164,1.0053664831813223,0.9998743037246222,0.9988656122880375,0.9913425650771993,0.9797124685676997,0.9551696250449095,0.9651813080284617,0.0,included
x_time_h/10.1016_j.orgel.2020.105937/Fig3_E_stability_performance_curve_pce/10.1016_j.orgel.2020.105937__Fig3__E__stability_performance_curve_pce__Pristine__Series_1.csv,0,0,0,1.0650185104124312,0.9957086724019516,0.9998730845418667,0.9988546093690351,0.9933059790623981,0.988764039292081,0.9611964729751865,0.9490840302575473,0.0,included
x_time_h/10.1016_j.orgel.2020.106052/Fig4_F_stability_performance_curve/10.1016_j.orgel.2020.106052__Fig4__F__stability_performance_curve__Control__Series_2.csv,0,0,0,1.710587629709971,1.002814120632072,0.9995940244951407,0.9952916102142528,0.9609857250650778,0.9153713520098956,0.8702192216026864,0.8318117196042631,0.0,included
x_time_h/10.1016_j.orgel.2021.106310/Fig6_B_stability_performance_curve/10.1016_j.orgel.2021.106310__Fig6__B__stability_performance_curve__0_mg__Series_2.csv,0,0,0,1.5829704277782892,0.9979619438125281,0.98168135986934,0.9849324676343156,0.9975918316366069,0.9968307025279403,0.9888143192600076,0.9887954021908911,61.0,included
x_time_h/10.1016_j.physb.2020.412124/Fig11_A_stability_performance_curve_pce/10.1016_j.physb.2020.412124__Fig11__A__stability_performance_curve_pce__X60WLi-TFSI__Series_1.csv,0,0,0,1.4692577725518792,16.989796070998263,0.9998679897454433,0.9998651333560429,0.9961359553623986,0.9927567897808585,0.9854145808258413,0.978477773590403,19.833333333333332,included
x_time_h/10.1016_j.rser.2021.111608/Fig23_B_stability_performance_curve_pce/10.1016_j.rser.2021.111608__Fig23__B__stability_performance_curve_pce__PsCw_O_encapsulation__Series_2.csv,3,1,1,5.00667254802272,0.9730952715700409,0.9944091177528058,0.9321022162031505,0.5250971325286911,0.26871999895889725,0.16697238895642846,0.11431899683263987,0.0,included
x_time_h/10.1016_j.rser.2021.111608/Fig25_C_stability_performance_curve_pce/10.1016_j.rser.2021.111608__Fig25__C__stability_performance_curve_pce__No_Encapsulation__Series_3.csv,3,1,1,7.633414051604381,1.0053212232802429,0.9972880397683906,0.9450943869818424,0.6247795510840534,0.21304271603225827,0.012273283224412153,0.008309540725427517,0.0,included
x_time_h/10.1016_j.rser.2021.111608/Fig25_C_stability_performance_curve_pce/10.1016_j.rser.2021.111608__Fig25__C__stability_performance_curve_pce__Partial'_Encapsulation__Series_1.csv,0,0,0,0.7364223396100427,1.0105554669568309,0.9997842506076924,0.9955389735980572,0.9870466201168727,0.9741445231954345,0.9567401641506176,0.9276487563261455,0.0,included
x_time_h/10.1016_j.scib.2021.02.029/Fig4_C_stability_performance_curve/10.1016_j.scib.2021.02.029__Fig4__C__stability_performance_curve__C60__Series_2.csv,2,1,0,1.7855338745369314,18.612947635626952,0.9952328407682949,0.9632050254000216,0.8777312832573243,0.7919337599394269,0.7313781428112193,0.7119954672818976,0.0,included
x_time_h/10.1016_j.solener.2016.10.003/Fig7_F_stability_performance_curve_pce/10.1016_j.solener.2016.10.003__Fig7__F__stability_performance_curve_pce__Sprayed_TiO₂__Series_1.csv,2,1,0,1.2238842452718903,1.0011492740072463,0.9988493909564452,0.9851487470487323,0.8621315679403078,0.8078068922327779,0.7807424269256908,0.757459407686182,0.0,included
x_time_h/10.1016_j.solener.2019.10.080/Fig6_A_stability_performance_curve_pce/10.1016_j.solener.2019.10.080__Fig6__A__stability_performance_curve_pce__(a)_Spiro_-_0.04mmol__Series_2.csv,2,1,0,1.9643906747427176,13.12717164239784,0.9991462811520206,0.9934246194224126,0.9232354806341208,0.8215358882784398,0.7245764132261913,0.6510988613629789,3.6666666666666665,included
x_time_h/10.1016_j.solener.2019.10.080/Fig6_B_stability_performance_curve_pce/10.1016_j.solener.2019.10.080__Fig6__B__stability_performance_curve_pce__(a)_Spiro_-0.06mmol__Series_1.csv,2,1,0,1.7729745425585475,14.642117243404705,0.9989274148830299,0.9834534581024864,0.9033434231472051,0.8166688823471641,0.7320231540732485,0.6613419079192462,0.0,included
x_time_h/10.1016_j.solener.2019.11.030/Fig6_E_stability_performance_curve_pce/10.1016_j.solener.2019.11.030__Fig6__E__stability_performance_curve_pce__CH₃NH₃PbI₃_(w_o_BL)__Series_1.csv,2,1,0,1.7165720563961766,0.8519667408089521,0.9988205798364739,0.9822646992848373,0.8772988974079932,0.7957812915341775,0.7398175144779169,0.6992724888044088,0.0,included
x_time_h/10.1016_j.solener.2020.02.025/Fig6_B_mppt_stability_performance_curve/10.1016_j.solener.2020.02.025__Fig6__B__mppt_stability_performance_curve__CsF_SnO₂_CsFAMA_IL__Series_1.csv,0,0,0,1.6322526889711522,0.9857258068658776,0.999280845762253,0.9947416936153327,0.9999999999999601,0.9995442051628435,0.991354444016698,0.9871754640180903,95.66666666666667,included
x_time_h/10.1016_j.solener.2020.02.025/Fig6_B_mppt_stability_performance_curve/10.1016_j.solener.2020.02.025__Fig6__B__mppt_stability_performance_curve__CsF_SnO₂_CsFAMA__Series_2.csv,1,0,1,1.4579220116101579,0.9654994451404222,0.9955254744972298,0.9541552669501081,0.8277009097448993,0.6859551668072367,0.6567824802941192,0.612377340131681,0.0,included
x_time_h/10.1016_j.solener.2020.02.085/Fig6_whole_figure/10.1016_j.solener.2020.02.085__Fig6__whole__figure__W_O_a_sandwich_structure__Series_2.csv,0,0,0,1.355531747731095,19.201525109951252,0.9780926091900036,0.9868209641556513,0.9982727017908748,0.9785030911683108,0.97993622070564,0.9824534689435692,37.166666666666664,included
x_time_h/10.1016_j.solener.2020.04.021/Fig5_whole_stability/10.1016_j.solener.2020.04.021__Fig5__whole__stability__Spin_coating__Series_2.csv,0,0,0,0.40369667321149844,0.9816847343169415,0.9994272212299843,0.9948307680830819,0.9762086583106596,0.9574843930095496,0.9401807667793837,0.9226449205349162,0.0,included
x_time_h/10.1016_j.solener.2020.05.042/Fig4_E_stability_performance_curve/10.1016_j.solener.2020.05.042__Fig4__E__stability_performance_curve__without_PEABr__Series_1.csv,0,0,0,0.9461524110325306,0.9995407413608102,0.9997619523940989,0.9978516604551713,0.9892583022760157,0.9786842383221804,0.9631524490503064,0.9543270033101556,0.0,included
x_time_h/10.1016_j.solener.2020.06.057/Fig7_A_stability_performance_curve_pce/10.1016_j.solener.2020.06.057__Fig7__A__stability_performance_curve_pce__Controlled__Series_1.csv,0,0,0,0.8919785545564791,1.000634178216292,0.9980035619723042,0.9999566718932934,0.9939784917463841,0.9800919678565038,0.9317071311781887,0.8849770512570085,10.833333333333334,included
x_time_h/10.1016_j.solener.2020.07.050/Fig4_A_stability_performance_curve_pce/10.1016_j.solener.2020.07.050__Fig4__A__stability_performance_curve_pce__PCBM_Ag__Series_2.csv,1,0,1,1.51528749886951,0.9874708108695291,0.9978917961278763,0.9718703669676892,0.8251209282755532,0.6471434299054267,0.5524201145371821,0.5101135371087565,0.0,included
x_time_h/10.1016_j.solener.2020.07.050/Fig4_B_stability_performance_curve_pce/10.1016_j.solener.2020.07.050__Fig4__B__stability_performance_curve_pce__PCBM_Ag__Series_1.csv,2,1,0,1.324986682175635,0.9981293326149685,0.9984123366432305,0.9832938738002805,0.9054163522972882,0.8052833521299746,0.7502448306306247,0.7223413632071722,0.0,included
x_time_h/10.1016_j.solener.2020.12.002/Fig5_B_stability_performance_curve_pce/10.1016_j.solener.2020.12.002__Fig5__B__stability_performance_curve_pce__H2O-SnO2$__Series_1.csv,0,0,0,0.3121947613049537,1.00197944020003,0.999974914795706,0.9902898762871439,0.96688081070574,0.9498278076464174,0.9250251757353789,0.9116908977266808,0.0,included
x_time_h/10.1016_j.solener.2021.02.035/Fig6_A_stability_performance_curve_pce/10.1016_j.solener.2021.02.035__Fig6__A__stability_performance_curve_pce__Series_1__Series_1.csv,0,0,0,0.5852216040768767,1.0030720851083852,0.9995724627667345,0.9959276272778078,0.9751471283077972,0.9468531317455376,0.9185613254645945,0.9003551505475577,0.0,included
x_time_h/10.1016_j.solener.2021.06.001/Fig7_D_stability_performance_curve_pce/10.1016_j.solener.2021.06.001__Fig7__D__stability_performance_curve_pce__Control__Series_2.csv,0,0,0,1.4430312080431775,1.0004041883030736,0.9981800065940506,0.9992399689895105,0.9789698941348384,0.9416634265605075,0.8928033496970494,0.820186061778491,6.333333333333333,included
x_time_h/10.1016_j.solmat.2015.09.054/Fig9_whole_figure/10.1016_j.solmat.2015.09.054__Fig9__whole__figure__ZnO-SnO₂__Series_2.csv,0,0,0,0.9242451225927356,1.0910353256446925,0.9273096049386065,0.9370548719309384,0.9990680370378202,0.9637756087651118,0.9168786050110015,0.8773183686974244,53.166666666666664,included
x_time_h/10.1016_j.solmat.2015.09.054/Fig9_whole_figure/10.1016_j.solmat.2015.09.054__Fig9__whole__figure__ZnO__Series_3.csv,0,0,0,0.7172869552455087,1.041271167201747,0.9549920036022469,0.9658093310848685,0.9998833841516912,0.9649474389155656,0.9434195929226413,0.9421061946692739,51.333333333333336,included
x_time_h/10.1016_j.solmat.2019.110130/Fig8_A_stability_performance_curve_pce/10.1016_j.solmat.2019.110130__Fig8__A__stability_performance_curve_pce__PS0__Series_1.csv,1,0,1,1.6530523955744567,0.9701129624193394,0.9985140307272369,0.9788176355080669,0.8791838755704481,0.7446394932739606,0.6471603369182679,0.6120485021141854,0.0,included
x_time_h/10.1016_j.solmat.2019.110130/Fig8_A_stability_performance_curve_pce/10.1016_j.solmat.2019.110130__Fig8__A__stability_performance_curve_pce__PS1__Series_2.csv,2,1,0,1.042568610525128,1.000682790873967,0.9974641980073768,0.9771148141619821,0.8786014021729215,0.8110768413934354,0.7897726089774489,0.7696216150997468,0.0,included
x_time_h/10.1016_j.solmat.2019.110297/Fig6_F_stability_performance_curve_pce/10.1016_j.solmat.2019.110297__Fig6__F__stability_performance_curve_pce__Au_NSs__Series_2.csv,2,1,0,1.7494990929021574,1.0000372588089677,0.9999925473861672,0.9991443174445807,0.9605946465195493,0.8910924136779009,0.8079478345729787,0.5851780968954173,0.0,included
x_time_h/10.1016_j.solmat.2019.110351/Fig11_whole_figure/10.1016_j.solmat.2019.110351__Fig11__whole__figure__PEDOT_PSS__Series_1.csv,0,0,0,1.3830548251836594,1.004144274267705,0.9997787823111088,0.9994079034452822,0.9928226422625268,0.988562141575162,0.9847294016503817,0.977492224209013,5.166666666666667,included
x_time_h/10.1016_j.solmat.2020.110407/Fig12_whole_sem_image_stability_performance_curve_pce/10.1016_j.solmat.2020.110407__Fig12__whole__sem_image_stability_performance_curve_pce__Modified_PSCs_with_GQDs__Series_1.csv,0,0,0,0.49025031149477366,1.009822199297005,0.9989999244521548,0.9925865470998237,0.9781527221213863,0.9604696653202338,0.945567506715094,0.9351899439718274,0.0,included
x_time_h/10.1016_j.solmat.2020.110407/Fig12_whole_sem_image_stability_performance_curve_pce/10.1016_j.solmat.2020.110407__Fig12__whole__sem_image_stability_performance_curve_pce__Unmodified_PSCs__Series_2.csv,2,1,0,0.4884890274111447,0.9999092409798962,0.9977539132219598,0.9789810753401648,0.9040265609900555,0.8323034444864428,0.7876799298013122,0.7461419019038293,0.0,included
x_time_h/10.1016_j.solmat.2020.110460/Fig4_whole_pce/10.1016_j.solmat.2020.110460__Fig4__whole__pce__HTM-free__Series_2.csv,0,0,0,1.2672484379627864,1.0014908224527799,0.9645033319444024,0.9663315824732253,0.9733544111121615,0.9434692661844756,0.9845468171010744,0.9878902048851548,34.5,included
x_time_h/10.1016_j.solmat.2020.110862/Fig5_D_stability_performance_curve_pce/10.1016_j.solmat.2020.110862__Fig5__D__stability_performance_curve_pce__Reference__Series_1.csv,1,0,1,2.6425989621759562,0.9877190456161156,0.9983115992907938,0.9836151965804972,0.8873160987600118,0.7562687294959249,0.6947548753374145,0.6675121349717053,0.0,included
x_time_h/10.1016_j.solmat.2020.110862/Fig5_D_stability_performance_curve_pce/10.1016_j.solmat.2020.110862__Fig5__D__stability_performance_curve_pce__With_IR-P__Series_2.csv,0,0,0,1.3248996607944121,1.0078333925784932,0.9994924796730005,0.9954197145387945,0.9793161291441587,0.9627068288020166,0.9018707272060159,0.8251261048790419,0.0,included
x_time_h/10.1016_j.solmat.2021.111278/Fig5_A_curve/10.1016_j.solmat.2021.111278__Fig5__A__curve__Cu_cathode__Series_2.csv,3,1,1,4.512613385938306,0.7880467339817553,0.9740408401879295,0.8978827723952089,0.830796496491048,0.6082654401432885,0.38892716162882346,0.1107533734667729,0.0,included
x_time_h/10.1016_j.surfin.2021.101213/Fig5_A_stability_performance_curve_pce/10.1016_j.surfin.2021.101213__Fig5__A__stability_performance_curve_pce__Control__Series_1.csv,0,0,0,0.5214850916744476,0.9989927890813046,0.9996757101916054,0.9962575766927618,0.9751220199084762,0.9593071899217236,0.9482900014082336,0.9416819864570175,0.0,included
x_time_h/10.1016_j.surfin.2021.101213/Fig5_B_stability_performance_curve_pce/10.1016_j.surfin.2021.101213__Fig5__B__stability_performance_curve_pce__Control__Series_1.csv,2,1,0,1.6643076858590464,1.0019249586478598,0.999236027545354,0.9912493554089435,0.9542596380991073,0.9187478016295845,0.8529522948622732,0.7941169798387594,0.0,included
x_time_h/10.1016_j.synthmet.2020.116428/Fig6_A_stability_performance_curve_pce/10.1016_j.synthmet.2020.116428__Fig6__A__stability_performance_curve_pce__WithoutPMMA__Series_1.csv,0,0,0,1.0702730891692904,10.989530489296202,0.9999999999999601,0.9999999999999601,0.9968212147372846,0.9862506311863843,0.9651945952063931,0.9363377302037736,26.5,included
x_time_h/10.1016_j.xcrp.2020.100224/Fig5_A_stability_performance_curve/10.1016_j.xcrp.2020.100224__Fig5__A__stability_performance_curve__control__Series_1.csv,2,1,0,1.4225004876577936,0.9921344419660323,0.9916907227442285,0.9332371960481839,0.8445287377523808,0.8418146131979937,0.822193838154148,0.7519873006886306,0.0,included
x_time_h/10.1016_j.xcrp.2021.100475/Fig4_E_stability_performance_curve_pce/10.1016_j.xcrp.2021.100475__Fig4__E__stability_performance_curve_pce__Without_[Bcim][TFSI]__Series_1.csv,2,1,0,3.0351273102095564,0.9918871303983035,0.9873552069666207,0.9013431402520182,0.7859066650045178,0.7602086678841906,0.7567909974115089,0.7536276910154471,0.0,included
x_time_h/10.1021_acs.chemmater.0c00995/Fig6_E_xrd_pattern_stability_performance_curve_pce_spectrum/10.1021_acs.chemmater.0c00995__Fig6__E__xrd_pattern_stability_performance_curve_pce_spectrum__MAPI_PSC__Series_2.csv,3,1,1,2.9694814769912354,0.9735752402673847,0.9881861650924476,0.8754537159271645,0.4895154773696999,0.3681947434802205,0.3130634049090692,0.27428587187102366,0.0,included
x_time_h/10.1021_acs.chemmater.1c00662/Fig4_B_stability_performance_curve_pce/10.1021_acs.chemmater.1c00662__Fig4__B__stability_performance_curve_pce__PCBM_PDINO__Series_1.csv,2,1,0,2.8250446026726945,0.999814316990327,0.999814728840333,0.9947016368894578,0.9637755780595382,0.8979440781120215,0.7541639240910468,0.5475762658752236,0.0,included
x_time_h/10.1021_acs.chemmater.1c01436/Fig6_C_stability_performance_curve_pce_pattern/10.1021_acs.chemmater.1c01436__Fig6__C__stability_performance_curve_pce_pattern__Pristine__Series_1.csv,2,1,0,1.4866198290375328,0.9961062915769099,0.9989844543097625,0.9904464399484413,0.9445304749547973,0.8859201671722681,0.8532931403782708,0.8286787708751762,0.0,included
x_time_h/10.1021_acs.chemmater.8b02002/Fig7_B_stability_performance_curve_pce/10.1021_acs.chemmater.8b02002__Fig7__B__stability_performance_curve_pce__FAI__Series_3.csv,0,0,0,1.7669493643462355,1.0141109419229986,0.9901137572559832,0.9938443955425054,0.9998640790801835,0.9998103924868984,0.9972505341499148,0.9972505341499148,44.166666666666664,included
x_time_h/10.1021_acs.energyfuels.0c01280/Fig4_whole_stability/10.1021_acs.energyfuels.0c01280__Fig4__whole__stability__Control_device_Without_encapsulation__Series_3.csv,0,0,0,0.9648926141779407,1.0015970311934825,0.9995133650036827,0.9959418517973027,0.986906407218787,0.9754798193616182,0.9693831387090122,0.9575463057062062,0.0,included
x_time_h/10.1021_acs.energyfuels.1c00848/Fig8_whole_stability/10.1021_acs.energyfuels.1c00848__Fig8__whole__stability__Untreated_ETL__Series_2.csv,0,0,0,1.3482936262093566,0.9955841431725279,0.9242753356449918,0.9340787501785381,0.9837005581870238,0.994747064981763,0.9797261536688918,0.9687808133407688,76.5,included
x_time_h/10.1021_acs.energyfuels.2c03191/Fig6_D_schematic_diagram_stability_performance_curve/10.1021_acs.energyfuels.2c03191__Fig6__D__schematic_diagram_stability_performance_curve__Control_PSC__Series_2.csv,2,1,0,0.608477414607678,0.9934945773815351,0.9989108423798385,0.9888308427843854,0.9127181694168629,0.8387003649886181,0.7836970759113449,0.7243944136396072,0.0,included
x_time_h/10.1021_acs.jpcc.0c02289/Fig5_E_pce/10.1021_acs.jpcc.0c02289__Fig5__E__pce__CPA__Series_2.csv,1,0,1,4.475166502685098,0.9868616957157802,0.9962875784362928,0.9638741686225573,0.8012234437741493,0.6332702274062215,0.4317584721258468,0.2628948238812845,0.0,included
x_time_h/10.1021_acs.jpcc.0c02289/Fig5_E_pce/10.1021_acs.jpcc.0c02289__Fig5__E__pce__Control__Series_1.csv,2,1,0,1.363043037914178,1.0319947611942244,0.9740930176758704,0.9870881659045716,0.9577514740112708,0.8679190019440345,0.8376169599774309,0.8209824026931197,22.5,included
x_time_h/10.1021_acs.jpcc.0c09794/Fig1_B_stability_performance_curve_pce/10.1021_acs.jpcc.0c09794__Fig1__B__stability_performance_curve_pce__Pristine__Series_1.csv,0,0,0,0.5031035467562894,16.35658384879112,0.9994742780013889,0.995692386284454,0.9801802750985908,0.9459382017103424,0.9260780519095761,0.9173142261536307,0.0,included
x_time_h/10.1021_acs.jpcc.1c04343/Fig5_A_stability_performance_curve_pce/10.1021_acs.jpcc.1c04343__Fig5__A__stability_performance_curve_pce__Control__Series_1.csv,1,0,1,2.2670198084550908,0.9983692380331217,0.9971768021187839,0.9706049728622548,0.8536463714650463,0.6844503672618698,0.5152958925405116,0.383655542093842,0.0,included
x_time_h/10.1021_acs.jpcc.1c04343/Fig5_A_stability_performance_curve_pce/10.1021_acs.jpcc.1c04343__Fig5__A__stability_performance_curve_pce__PEAI-2D_3D__Series_3.csv,2,1,0,1.2495781342811956,1.006951080438018,0.9989912869101614,0.9908965342779664,0.9544826713899915,0.8977246771212724,0.8323081829177217,0.7712642771668861,0.0,included
x_time_h/10.1021_acs.jpcc.1c04343/Fig5_B_stability_performance_curve_pce/10.1021_acs.jpcc.1c04343__Fig5__B__stability_performance_curve_pce__Control__Series_3.csv,2,1,0,0.5094625573397162,0.9996590738789467,0.9980812335239733,0.9833853871519249,0.9339369906049696,0.8706885385084746,0.8074322493275228,0.7546166717526223,0.0,included
x_time_h/10.1021_acs.jpcc.1c04343/Fig5_B_stability_performance_curve_pce/10.1021_acs.jpcc.1c04343__Fig5__B__stability_performance_curve_pce__PEAI-2D_3D__Series_1.csv,0,0,0,1.4403537395909127,1.005580362367193,0.9997897186293202,0.9997897186293202,0.9968974512969464,0.9912386710705869,0.9854428588370412,0.9714642537731603,27.666666666666668,included
x_time_h/10.1021_acs.jpclett.1c01074/Fig4_C_stability_performance_curve_pce/10.1021_acs.jpclett.1c01074__Fig4__C__stability_performance_curve_pce__Control__Series_1.csv,2,1,0,0.5221874685244791,1.0048962368373116,0.9981087363315738,0.9829316639681134,0.9219801841686126,0.8495697111549435,0.7818612840678255,0.7314111660723667,0.0,included
x_time_h/10.1021_acs.jpclett.1c02371/Fig5_A_stability_performance_curve_pce/10.1021_acs.jpclett.1c02371__Fig5__A__stability_performance_curve_pce__SnO₂__Series_2.csv,0,0,0,1.656574899862621,1.0413128866257884,0.9732449915627421,0.9761093456440546,0.988025704008313,0.9969334188130277,0.9970083588458244,0.9997277795404759,169.5,included
x_time_h/10.1021_acs.jpclett.1c02371/Fig5_A_stability_performance_curve_pce/10.1021_acs.jpclett.1c02371__Fig5__A__stability_performance_curve_pce__TiO₂__Series_1.csv,1,0,1,1.7372410470156188,0.9384973488761392,0.9968555179533148,0.9700282006571262,0.8268380678267996,0.7441072423604511,0.6703277674433467,0.6282929000270046,0.0,included
x_time_h/10.1021_acs.nanolett.8b04190/Fig5_A_stability_performance_curve_pce/10.1021_acs.nanolett.8b04190__Fig5__A__stability_performance_curve_pce__bare_CNT__Series_2.csv,2,1,0,1.4825781250881949,1.00099388198393,0.9994462187627484,0.9942447069406238,0.9041374136961937,0.8711922926547966,0.8515472613234498,0.8492543774284937,0.0,included
x_time_h/10.1021_acs.nanolett.8b04190/Fig5_A_stability_performance_curve_pce/10.1021_acs.nanolett.8b04190__Fig5__A__stability_performance_curve_pce__metal_electrode_(Ag)__Series_1.csv,1,0,1,2.7334514037647053,1.00099388198393,0.9991762444616106,0.9863979798975125,0.7607959114527728,0.6657329746895164,0.6842219126605519,0.6787809220986104,0.0,included
x_time_h/10.1021_acs.nanolett.9b04661/Fig4_H_stability_performance_curve_pce/10.1021_acs.nanolett.9b04661__Fig4__H__stability_performance_curve_pce__3D_2D__Series_3.csv,2,1,0,0.6671772795254255,0.9953712666418028,0.9969672321173171,0.9736541610188422,0.8837787712080847,0.8299085217114186,0.7968111692747987,0.7734198016921225,0.0,included
x_time_h/10.1021_acs.nanolett.9b04661/Fig4_H_stability_performance_curve_pce/10.1021_acs.nanolett.9b04661__Fig4__H__stability_performance_curve_pce__3D__Series_2.csv,2,1,0,2.2490716971728175,0.8901542646175402,0.9963559995105025,0.9686715921414233,0.8829633082755354,0.7973614435348408,0.7162367289132483,0.6450640955101434,0.0,included
x_time_h/10.1021_acsaelm.1c00084/Fig2_F_stability_performance_curve_pce/10.1021_acsaelm.1c00084__Fig2__F__stability_performance_curve_pce__一with_α-terpineol__Series_1.csv,0,0,0,0.6187536402458987,100.56859866527854,0.9995994057092765,0.9963847040049479,0.983446633957536,0.9668096327122149,0.9518608761131411,0.934546458047484,0.0,included
x_time_h/10.1021_acsaem.0c00179/Fig5_A_stability_performance_curve_pce/10.1021_acsaem.0c00179__Fig5__A__stability_performance_curve_pce__Spiro-OMeTAD__Series_3.csv,3,1,1,4.841247049756541,0.9999472347890004,1.0003256582668407,0.9854690815630794,0.9022823647308625,0.47741228350562676,0.20299949034330092,0.12756927793629586,0.0,included
x_time_h/10.1021_acsaem.0c00710/Fig8_D_photovoltaic_parameter/10.1021_acsaem.0c00710__Fig8__D__photovoltaic_parameter__TiO₂__Series_1.csv,0,0,0,1.008316660834213,16.147384103820002,0.9254510387652283,0.9403430346775871,0.9783433952843731,0.9910708679956666,0.9327628925868897,0.8616297085763119,84.5,included
x_time_h/10.1021_acsaem.0c01214/Fig6_A_stability_performance_curve_pce/10.1021_acsaem.0c01214__Fig6__A__stability_performance_curve_pce__DHP_cells__Series_3.csv,0,0,0,1.5871077346027687,1.108613913595161,0.999209190422051,0.9938686004509744,0.9902758976066494,0.995484148222114,0.9946269018984693,0.9884002558887264,0.0,included
x_time_h/10.1021_acsaem.0c01214/Fig6_A_stability_performance_curve_pce/10.1021_acsaem.0c01214__Fig6__A__stability_performance_curve_pce__Ref._cells__Series_1.csv,0,0,0,1.732504114880121,1.0547375713309939,0.9982572179431528,0.9849856964731835,0.9450690265810513,0.8988692635085934,0.8705247534794893,0.8564280397030757,0.0,included
x_time_h/10.1021_acsaem.0c01214/Fig6_A_stability_performance_curve_pce/10.1021_acsaem.0c01214__Fig6__A__stability_performance_curve_pce__SHP_cells__Series_2.csv,0,0,0,1.7205671593235181,1.07013074960405,0.9976026502042292,0.9976026502042292,0.9976026502042292,0.9991426745269483,0.9967183234579164,0.9927655658055712,107.33333333333333,included
x_time_h/10.1021_acsaem.0c01796/Fig9_D_stability_performance_curve_pce/10.1021_acsaem.0c01796__Fig9__D__stability_performance_curve_pce__spiro-OMeTAD__Series_2.csv,0,0,0,1.4569408039121128,0.9995510097169554,0.9990661853228804,0.9909552128696683,0.9513601681016651,0.911647160639733,0.8818253462238088,0.8582753715529995,0.0,included
x_time_h/10.1021_acsaem.0c02213/Fig7_B_stability_performance_curve_pce/10.1021_acsaem.0c02213__Fig7__B__stability_performance_curve_pce__Standard(30NR-D)__Series_2.csv,0,0,0,0.4604917783872805,1.0070836296948222,0.9998899715551043,0.9981108732560684,0.980140236379958,0.9580491960998109,0.9362510725904649,0.9101597115049045,0.0,included
x_time_h/10.1021_acsaem.0c02895/Fig6_C_stability_performance_curve_pce/10.1021_acsaem.0c02895__Fig6__C__stability_performance_curve_pce__1.5_PEAI__Series_1.csv,0,0,0,1.7552097834005935,1.0059217393356985,0.9973034074562526,0.9973034074562526,0.9973034074562526,0.9993934190026477,0.9973033042907157,0.9973034074562526,113.66666666666667,included
x_time_h/10.1021_acsaem.0c02895/Fig6_C_stability_performance_curve_pce/10.1021_acsaem.0c02895__Fig6__C__stability_performance_curve_pce__Control__Series_2.csv,0,0,0,1.3193412768299233,1.0033877752881033,0.9998220059894195,0.9998220059894195,0.9999446459683321,0.995410062904919,0.9757179527649471,0.9613764876302283,55.166666666666664,included
x_time_h/10.1021_acsaem.0c02941/Fig4_A_stability_performance_curve_pce/10.1021_acsaem.0c02941__Fig4__A__stability_performance_curve_pce__Control__Series_1.csv,0,0,0,1.0509107712368204,1.0056972366000023,0.9995139949988369,0.9960837624537582,0.9880458464989723,0.9795295754616151,0.9701264376483714,0.9632069682223883,0.0,included
x_time_h/10.1021_acsaem.0c03036/Fig7_whole_stability/10.1021_acsaem.0c03036__Fig7__whole__stability__TiO₂_NRs__Series_1.csv,2,1,0,1.9336526954530098,1.0026128355492512,0.9978401961945895,0.9876239698537694,0.8412185876264568,0.7927003528349079,0.7495736504097398,0.6970696938082648,0.0,included
x_time_h/10.1021_acsaem.0c03185/Fig1_B_mppt_stability_performance_curve_pce/10.1021_acsaem.0c03185__Fig1__B__mppt_stability_performance_curve_pce__TiO₂__Series_2.csv,1,0,1,1.9061510519168812,0.9265263724699377,0.9962581390489307,0.9662961635042541,0.8243442442651867,0.7526451931604157,0.6721509290292303,0.6395465053383217,0.0,included
x_time_h/10.1021_acsaem.1c00009/Fig5_E_stability_performance_curve_pce/10.1021_acsaem.1c00009__Fig5__E__stability_performance_curve_pce__Pristine__Series_1.csv,0,0,0,1.115802353527804,1.0030088729181237,0.9997288250942246,0.9975526921539586,0.9884434638649087,0.9810557708196369,0.9738395435155093,0.9633960941637844,0.0,included
x_time_h/10.1021_acsaem.1c00232/Fig5_whole_pce/10.1021_acsaem.1c00232__Fig5__whole__pce__CuSCN-Au__Series_1.csv,2,1,0,1.853836459314532,1.0005082065221171,0.9998401567920476,0.9985574419734593,0.9917520716934916,0.9210725855401768,0.8094406689580068,0.7760758529724098,0.0,included
x_time_h/10.1021_acsaem.1c00575/Fig6_C_stability_performance_curve_pce/10.1021_acsaem.1c00575__Fig6__C__stability_performance_curve_pce__CsPbIBr₂__Series_2.csv,0,0,0,1.310300975444339,1.0409862413557656,0.9770849681472505,0.9818839042008907,0.9875484456040563,0.999275457137309,0.979972592614303,0.9707401219678689,104.5,included
x_time_h/10.1021_acsaem.1c00826/Fig4_C_stability_performance_curve/10.1021_acsaem.1c00826__Fig4__C__stability_performance_curve__Reference__Series_1.csv,1,0,1,2.9146571800112455,0.8814762382969131,0.9914999456271141,0.9503296932050951,0.7627961149822783,0.7243795434243168,0.7130192507471581,0.6971768644342502,0.0,included
x_time_h/10.1021_acsaem.1c02033/Fig2_D_stability_performance_curve_pce/10.1021_acsaem.1c02033__Fig2__D__stability_performance_curve_pce__3D__Series_3.csv,0,0,0,1.6831037521494245,0.9964996012363915,0.8491482764677662,0.8653679157969767,0.9508229131454198,0.9987280925509197,0.9649551634087944,0.9108144329986781,85.83333333333333,included
x_time_h/10.1021_acsaem.2c00923/Fig4_E_stability_performance_curve/10.1021_acsaem.2c00923__Fig4__E__stability_performance_curve__Control__Series_1.csv,1,0,1,1.7106464787079434,0.7289384665217327,0.9989775485000704,0.9829293121509513,0.8710276508138649,0.7525106828382018,0.662133867693757,0.5906992122600894,0.0,included
x_time_h/10.1021_acsaem.8b00060/Fig6_C_stability_performance_curve/10.1021_acsaem.8b00060__Fig6__C__stability_performance_curve__MAPbI₃__Series_2.csv,0,0,0,0.4882812880412395,0.99967996777867,0.9997680451937551,0.9970343771584684,0.9775331521893547,0.9471354543160824,0.9243379799139854,0.915686221396306,0.0,included
x_time_h/10.1021_acsaem.9b00164/Fig2_B_stability_performance_curve/10.1021_acsaem.9b00164__Fig2__B__stability_performance_curve__PEDOT_PSS__Series_2.csv,2,1,0,1.359349417377152,13.57046329318336,0.9990934086399367,0.9918174867393806,0.9469028170746665,0.8635222033286866,0.8468161689511132,0.8284395378831133,0.0,included
x_time_h/10.1021_acsaem.9b00486/Fig7_H_stability_performance_curve_pce/10.1021_acsaem.9b00486__Fig7__H__stability_performance_curve_pce__Without_passivation__Series_2.csv,0,0,0,1.1998926651965853,1.0073286993436874,0.999912706215882,0.9974023662371698,0.9644607809119738,0.9255357437366016,0.8912599753852046,0.867003605939078,0.0,included
x_time_h/10.1021_acsaem.9b01004/Fig4_A_stability_performance_curve_pce/10.1021_acsaem.9b01004__Fig4__A__stability_performance_curve_pce__MoOx__Series_1.csv,0,0,0,0.762329312644423,0.9995048907389964,0.9987682710451506,0.9951530359810676,0.9848769230093981,0.9632365387093944,0.9405683432912995,0.8635476949537622,0.0,included
x_time_h/10.1021_acsaem.9b01598/Fig6_D_stability_performance_curve/10.1021_acsaem.9b01598__Fig6__D__stability_performance_curve__Spiro-OMeTAD__Series_3.csv,2,1,0,1.198213798257253,11.686872689955134,0.997967552079251,0.9817714223438244,0.8884880711938934,0.8073617667982504,0.7565562786654504,0.7358530257018729,0.0,included
x_time_h/10.1021_acsaem.9b02037/Fig3_D_stability_performance_curve_pce/10.1021_acsaem.9b02037__Fig3__D__stability_performance_curve_pce__without_rGO__Series_2.csv,0,0,0,1.0528914486450145,1.0026202117319138,0.9999072435124846,0.9987276743800084,0.9880220052834794,0.9837444435497188,0.976844919910782,0.9420445657542563,0.0,included
x_time_h/10.1021_acsaem.9b02117/Fig8_A_stability_performance_curve_pce/10.1021_acsaem.9b02117__Fig8__A__stability_performance_curve_pce__3D__Series_2.csv,2,1,0,1.0412230351751994,0.9618350927249042,0.9991823360598634,0.9926354963337591,0.9468249534928261,0.8873744939163891,0.8305158461657637,0.7748611040186921,0.0,included
x_time_h/10.1021_acsami.0c01311/Fig5_E_stability_performance_curve_pce/10.1021_acsami.0c01311__Fig5__E__stability_performance_curve_pce__FASnI₃__Series_1.csv,0,0,0,0.6486677642133167,1.001610154612906,0.9990919959086404,0.9913079841320044,0.947262776937085,0.9276018792338124,0.9302551327180203,0.9359195397889244,0.0,included
x_time_h/10.1021_acsami.0c02837/Fig5_D_stability_performance_curve_pce/10.1021_acsami.0c02837__Fig5__D__stability_performance_curve_pce__c-PSCs__Series_2.csv,0,0,0,0.490997931639265,0.9963615514931752,0.999162707202916,0.9924134203932327,0.9708169443549963,0.9614586995994676,0.951601611789319,0.940996981190311,0.0,included
x_time_h/10.1021_acsami.0c03660/Fig5_A_stability_performance_curve_voc/10.1021_acsami.0c03660__Fig5__A__stability_performance_curve_voc__o—Li-doped_cell__Series_1.csv,0,0,0,1.0847673954887072,1.0354576178068906,0.9998383362997669,0.9999999999999603,0.998068272080814,0.9882259401625938,0.9633396387048777,0.9483257072652396,10.0,included
x_time_h/10.1021_acsami.0c04938/Fig6_A_stability_performance_curve_pce/10.1021_acsami.0c04938__Fig6__A__stability_performance_curve_pce__Pristine_CsPbIBr₂__Series_2.csv,0,0,0,0.5926712458213872,0.9975950088826497,1.0000142267695125,0.9988982221935178,0.9702347604444773,0.9392033648163292,0.940355425551802,0.9516208248508102,0.0,included
x_time_h/10.1021_acsami.0c04938/Fig6_A_stability_performance_curve_pce_2/10.1021_acsami.0c04938__Fig6__A__stability_performance_curve_pce_2__Pristine_CsPbIBr₂__Series_1.csv,2,1,0,5.780963625101415,1.4807419943142597,0.6830856491078201,0.6934761077794477,0.7343879277277934,0.7876130569543377,0.8927288671162039,0.9999999999999601,193.83333333333334,included
x_time_h/10.1021_acsami.0c04938/Fig6_D_pce/10.1021_acsami.0c04938__Fig6__D__pce__Pristine_CsPbIBr₂__Series_1.csv,1,0,1,6.129023058904732,0.821422808128966,0.9710573569239693,0.7749021968412919,0.5905984795767715,0.6440433753597954,0.7125880308265109,0.7517976970812298,0.0,included
x_time_h/10.1021_acsami.0c04975/Fig6_A_stability_performance_curve_pce/10.1021_acsami.0c04975__Fig6__A__stability_performance_curve_pce__4-F__Series_2.csv,0,0,0,0.9396651552133369,1.0135602211643047,0.999700190493639,0.9995796741088505,0.9883214638257612,0.9770814263516969,0.9635628483523757,0.9540088164994209,5.833333333333333,included
x_time_h/10.1021_acsami.0c04975/Fig6_A_stability_performance_curve_pce/10.1021_acsami.0c04975__Fig6__A__stability_performance_curve_pce__Control__Series_1.csv,0,0,0,0.36666398787372856,1.0015685861312587,0.9991034292405249,0.9931568419256104,0.9749449532239245,0.9564638188424436,0.9363954320973982,0.91243382409792,0.0,included
x_time_h/10.1021_acsami.0c04975/Fig6_B_stability_performance_curve_pce/10.1021_acsami.0c04975__Fig6__B__stability_performance_curve_pce__4-F__Series_1.csv,0,0,0,1.54327077822412,1.0073424282015215,0.9939348288950323,0.9976946654732678,0.9977196677328594,0.995593746957425,0.9913437881063103,0.9749817615439442,71.0,included
x_time_h/10.1021_acsami.0c04975/Fig6_B_stability_performance_curve_pce/10.1021_acsami.0c04975__Fig6__B__stability_performance_curve_pce__Control__Series_2.csv,0,0,0,1.5745777414050572,1.0008931985090102,0.9996979607037748,0.9995772672313132,0.9928307634562263,0.99029541833251,0.9949635367392945,0.9858707066927842,5.833333333333333,included
x_time_h/10.1021_acsami.0c05632/Fig8_I_stability_performance_curve_pce_pattern/10.1021_acsami.0c05632__Fig8__I__stability_performance_curve_pce_pattern__MAPbI₃__Series_1.csv,2,1,0,1.721784160259443,1.000249152256074,0.9989874992563699,0.9908623513405118,0.9518795659019768,0.9038933325592496,0.8606474423069879,0.8154961665815338,0.0,included
x_time_h/10.1021_acsami.0c06823/Fig4_A_stability_performance_curve_pce/10.1021_acsami.0c06823__Fig4__A__stability_performance_curve_pce__Control__Series_3.csv,3,1,1,3.59595242187597,0.9441503180241864,0.9931725843119179,0.939049404965002,0.7304060847395509,0.5621565685788343,0.4449250566245947,0.37469774249845283,0.0,included
x_time_h/10.1021_acsami.0c06823/Fig4_A_stability_performance_curve_pce/10.1021_acsami.0c06823__Fig4__A__stability_performance_curve_pce__DCL__Series_1.csv,0,0,0,0.44217858235349283,1.0054609629902145,0.999838265783245,0.9977327274473821,0.974424940760006,0.9554457997164207,0.9446516580317116,0.9299957632059527,0.0,included
x_time_h/10.1021_acsami.0c06823/Fig4_A_stability_performance_curve_pce/10.1021_acsami.0c06823__Fig4__A__stability_performance_curve_pce__SCL__Series_2.csv,0,0,0,0.4645188250127402,0.9986486691051003,0.9990480618726425,0.9918154976878734,0.966639923658801,0.9374081227807012,0.9260845934705945,0.9067778032504108,0.0,included
x_time_h/10.1021_acsami.0c06823/Fig4_B_stability_performance_curve_pce/10.1021_acsami.0c06823__Fig4__B__stability_performance_curve_pce__Control__Series_2.csv,1,0,1,2.5963655616891224,0.975552144572732,0.9969209822370224,0.9707728076093551,0.8304604790433014,0.6568196950046842,0.5004026988200405,0.39463622013842675,0.0,included
x_time_h/10.1021_acsami.0c06823/Fig4_B_stability_performance_curve_pce/10.1021_acsami.0c06823__Fig4__B__stability_performance_curve_pce__DCL__Series_3.csv,0,0,0,1.7029557980476917,1.0100733888385098,0.99307379247173,0.9945995275314811,0.9973175111091568,0.9998431765184067,0.9950691469417753,0.9950679055732163,96.33333333333333,included
x_time_h/10.1021_acsami.0c06823/Fig4_B_stability_performance_curve_pce/10.1021_acsami.0c06823__Fig4__B__stability_performance_curve_pce__SCL__Series_1.csv,0,0,0,1.5829199937740048,1.0101141603800325,0.9928649336569482,0.9941259744288874,0.9985821582348631,0.9930248870396357,0.9904769791465302,0.9860424357926297,35.833333333333336,included
x_time_h/10.1021_acsami.0c08827/Fig5_C_stability_performance_curve_pce/10.1021_acsami.0c08827__Fig5__C__stability_performance_curve_pce__。Pristine__Series_1.csv,0,0,0,0.629610382486503,1.0325463740875014,0.999820503762496,0.9969541978020997,0.9682390295840124,0.9557791976984678,0.9524189716554662,0.9527029434011302,0.0,included
x_time_h/10.1021_acsami.0c10310/Fig6_whole_modeling/10.1021_acsami.0c10310__Fig6__whole__modeling__WBG__Series_1.csv,0,0,0,1.0158746490634154,16.328642971189023,0.9773093548151431,0.995021518607811,0.9650257101391854,0.9142856795457188,0.907875817217359,0.8935243053659462,20.0,included
x_time_h/10.1021_acsami.0c13116/Fig5_A_stability_performance_curve_pce_decay/10.1021_acsami.0c13116__Fig5__A__stability_performance_curve_pce_decay__O—W_EDEA__Series_2.csv,2,1,0,1.9998132340442911,0.9909903158963093,0.999720866935763,0.9984153317965438,0.9772105338600284,0.930695497512215,0.8605728358722049,0.771971981982486,4.5,included
x_time_h/10.1021_acsami.0c13116/Fig5_A_stability_performance_curve_pce_decay/10.1021_acsami.0c13116__Fig5__A__stability_performance_curve_pce_decay__reference__Series_3.csv,2,1,0,2.6255459366956586,1.016523924416717,0.9989802706695781,0.9850917665095049,0.9365661150435056,0.8277070877541041,0.6972115257198033,0.6004083261683255,0.0,included
x_time_h/10.1021_acsami.0c15676/Fig9_whole_stability/10.1021_acsami.0c15676__Fig9__whole__stability__V-1__Series_3.csv,0,0,0,0.5511476737284813,0.9637217000338383,0.9998734629091377,0.9986784782783787,0.9814064625325856,0.966257362185356,0.9304977587859328,0.8957697817407706,3.8333333333333335,included
x_time_h/10.1021_acsami.0c15676/Fig9_whole_stability/10.1021_acsami.0c15676__Fig9__whole__stability__spiro-OMeTAD__Series_1.csv,2,1,0,0.5059090600045385,0.9355603435604358,0.9993370711520401,0.9899549022603893,0.9379808550884178,0.8404190242975065,0.7951470164577947,0.7740851123810452,0.0,included
x_time_h/10.1021_acsami.0c17141/Fig6_B_stability_performance_curve_pce/10.1021_acsami.0c17141__Fig6__B__stability_performance_curve_pce__CNTs-8__Series_1.csv,2,1,0,1.0751962756902456,1.0028122669092276,0.9987770597284584,0.9900752402025594,0.9421467146023282,0.8861287892613102,0.8363653010932637,0.7867576508226223,0.0,included
x_time_h/10.1021_acsami.0c17141/Fig6_B_stability_performance_curve_pce/10.1021_acsami.0c17141__Fig6__B__stability_performance_curve_pce__graphene-1_CNTs-8__Series_2.csv,2,1,0,1.2409597468229645,0.9974647368356676,0.998765957969582,0.9877204754096808,0.9257531902998332,0.8564318920363515,0.7646611726559509,0.6677637744680417,0.0,included
x_time_h/10.1021_acsami.0c17773/Fig4_F_eis_plot_stability_performance_curve_pce_voc/10.1021_acsami.0c17773__Fig4__F__eis_plot_stability_performance_curve_pce_voc__W_O_F-PEAI__Series_1.csv,0,0,0,1.1451756260774104,1.0023123526950088,0.9999999999999603,0.9993458945529542,0.992348898148441,0.983511778857821,0.9721880848247104,0.9644272707954836,0.0,included
x_time_h/10.1021_acsami.0c18862/Fig4_G_stability_performance_curve/10.1021_acsami.0c18862__Fig4__G__stability_performance_curve__Control__Series_2.csv,2,1,0,1.785742054894048,1.0070682419351984,0.9969237360662407,0.9815989367823189,0.8821089863193203,0.8222097269446975,0.7037915318862509,0.7458500165752223,0.0,included
x_time_h/10.1021_acsami.0c22817/Fig5_E_stability_performance_curve_pce/10.1021_acsami.0c22817__Fig5__E__stability_performance_curve_pce__Pristine__Series_1.csv,3,1,1,3.604919127111762,0.9889020078882227,0.9826580288918753,0.8480499384238089,0.5841923591073793,0.5177567083671923,0.46687528096752257,0.38088518159833995,0.0,included
x_time_h/10.1021_acsami.1c05498/Fig5_A_stability_performance_curve_pce/10.1021_acsami.1c05498__Fig5__A__stability_performance_curve_pce__w_o_CDTA__Series_1.csv,0,0,0,1.421955772354029,1.013494760834189,0.9904658702487804,0.9917147480335777,0.9954510825009759,0.9997913233155105,0.9854994782154763,0.9651205255342094,96.66666666666667,included
x_time_h/10.1021_acsami.1c05498/Fig5_B_stability_performance_curve_pce/10.1021_acsami.1c05498__Fig5__B__stability_performance_curve_pce__w_oCDTA__Series_2.csv,2,1,0,1.0293819517012908,0.9989392100637929,0.9953591791069928,0.9576320272524022,0.8786015848325522,0.8507715628940452,0.8297224676196987,0.8051962456712789,0.0,included
x_time_h/10.1021_acsami.1c05498/Fig5_C_stability_performance_curve_pce/10.1021_acsami.1c05498__Fig5__C__stability_performance_curve_pce__w_o_CDTA__Series_2.csv,2,1,0,1.585998005144375,1.0021319983133885,0.9999821691206654,0.9964498445281021,0.9755582296769743,0.9144019291802011,0.7944061735682286,0.7056153577002339,0.0,included
x_time_h/10.1021_acsami.1c12826/Fig4_B_stability_performance_curve_pce/10.1021_acsami.1c12826__Fig4__B__stability_performance_curve_pce__Pristine__Series_1.csv,0,0,0,0.8628250241198344,1.0039655741596967,0.9990895461416154,0.9924140191251023,0.9810650224404759,0.9732083950010082,0.9626546976293288,0.9616759826252469,0.0,included
x_time_h/10.1021_acsami.1c18375/Fig5_D_stability_performance_curve_pce/10.1021_acsami.1c18375__Fig5__D__stability_performance_curve_pce__SnO2_CsPbI3__Series_1.csv,2,1,0,0.7232812152263826,0.9974909288782412,0.9982694251115348,0.9785204399059325,0.9012557878157326,0.8275083327473935,0.7583433256236094,0.7829158578290218,0.0,included
x_time_h/10.1021_acsami.1c19587/Fig4_G_stability_performance_curve_pce/10.1021_acsami.1c19587__Fig4__G__stability_performance_curve_pce__PTI-30__Series_1.csv,0,0,0,0.7898313078248045,1.0453008051908645,0.9592297465998408,0.9704507577588747,0.9995191932809777,0.9635785664998439,0.9428814979186472,0.8758950502511464,46.166666666666664,included
x_time_h/10.1021_acsami.1c19587/Fig4_G_stability_performance_curve_pce/10.1021_acsami.1c19587__Fig4__G__stability_performance_curve_pce__Reference__Series_2.csv,0,0,0,1.0918441083599775,1.0315117400422118,0.9763106774722169,0.9796204347127546,0.9994096985520172,0.9649064739292116,0.9324130747291715,0.8394392907742786,46.333333333333336,included
x_time_h/10.1021_acsami.1c19587/Fig4_H_stability_performance_curve_pce/10.1021_acsami.1c19587__Fig4__H__stability_performance_curve_pce__PT-30__Series_1.csv,0,0,0,1.2987706050106933,1.0063130475222626,0.9995398350098195,0.9977750090926228,0.9999999999999601,0.9881719210366651,0.982312698096986,0.9584536977112471,55.166666666666664,included
x_time_h/10.1021_acsami.1c19587/Fig4_H_stability_performance_curve_pce/10.1021_acsami.1c19587__Fig4__H__stability_performance_curve_pce__Reference__Series_2.csv,0,0,0,0.5654921833782391,1.0023235199842662,0.9995730520020221,0.9936771021104549,0.9662333059415412,0.9442780358955045,0.9146104837321597,0.9005336501414757,0.0,included
x_time_h/10.1021_acsami.3c08746/Fig4_E_stability_performance_curve/10.1021_acsami.3c08746__Fig4__E__stability_performance_curve__Pristine__Series_2.csv,0,0,0,1.4650407528336908,1.0039794773988155,0.9251881864876016,0.9288347557748647,0.9557713790290456,0.9905804171110594,0.9918290270273956,0.9756961042051634,126.33333333333333,included
x_time_h/10.1021_acsami.6b03724/Fig5_D_chart/10.1021_acsami.6b03724__Fig5__D__chart__ZnO_PFN__Series_3.csv,2,1,0,0.5457329678833363,1.0104972980857874,0.996427543364148,0.9704788190652587,0.8952140691939656,0.8294078288883102,0.7905835553258865,0.7595434672508439,0.0,included
x_time_h/10.1021_acsami.6b03724/Fig5_D_chart/10.1021_acsami.6b03724__Fig5__D__chart__wlo__Series_2.csv,1,0,1,1.0030459083862224,0.9492101488864683,0.9951532412219972,0.958207378203961,0.8048381065875981,0.6681118230821284,0.5742209964899576,0.5191773504428789,0.0,included
x_time_h/10.1021_acsami.6b03724/Fig5_D_chart/10.1021_acsami.6b03724__Fig5__D__chart__zno__Series_1.csv,2,1,0,2.163507510395824,0.9978171982514454,0.9955819956135283,0.9639837573850094,0.8649269789473244,0.7829354635739874,0.72431779181052,0.6886853014461678,0.0,included
x_time_h/10.1021_acsami.6b11393/Fig5_C_stability_performance_curve_pce/10.1021_acsami.6b11393__Fig5__C__stability_performance_curve_pce__MAPbI₃__Series_2.csv,1,0,1,2.264240454198708,0.9767021027852366,0.9723250552352128,0.8429799288744287,0.7457842601342852,0.6711080079833092,0.5803039545007498,0.502761453711238,0.0,included
x_time_h/10.1021_acsami.7b01282/Fig8_whole_sem_stability/10.1021_acsami.7b01282__Fig8__whole__sem_stability__Spin-coated_ETL__Series_1.csv,3,1,1,4.249664367031525,99.42560670257706,0.9990593791422597,0.9483992466053516,0.7104827124354772,0.5152803821372747,0.49085226606945903,0.4434314600972532,0.0,included
x_time_h/10.1021_acsami.7b02223/Fig5_A_chart/10.1021_acsami.7b02223__Fig5__A__chart__O-PEDOT_PSS__Series_1.csv,3,1,1,1.1991532864500636,1.0021302555595093,0.9964911463827233,0.9338820132293998,0.6125781036710817,0.41339662549608136,0.2768878928453667,0.20227541473253446,0.0,included
x_time_h/10.1021_acsami.8b02035/Fig5_A_stability_performance_curve_pce/10.1021_acsami.8b02035__Fig5__A__stability_performance_curve_pce__NiO(m)&BSO_PCBM__Series_4.csv,0,0,0,0.8202408401258096,1.0220066214768113,0.9855715374059254,0.9935370974625379,0.9690428908838699,0.970343748565235,0.9621974612807539,0.9526200566744227,21.666666666666668,included
x_time_h/10.1021_acsami.8b02035/Fig5_A_stability_performance_curve_pce/10.1021_acsami.8b02035__Fig5__A__stability_performance_curve_pce__NiO(m)&PCBM__Series_2.csv,2,1,0,1.5734782364134694,1.0239945251325024,0.9835359566246651,0.991895971856599,0.9659657025141775,0.9024848876156035,0.845599390139464,0.7917341105544459,21.333333333333332,included
"x_time_h/10.1021_acsami.8b02035/Fig5_A_stability_performance_curve_pce/10.1021_acsami.8b02035__Fig5__A__stability_performance_curve_pce__NiO,&BSO_PCBM__Series_3.csv",0,0,0,0.7746766049797057,1.0200821683049457,0.9852945825817906,0.991067530610637,0.9979392307461892,0.9672142743906714,0.9550182755765532,0.9338691540399955,45.0,included
"x_time_h/10.1021_acsami.8b02035/Fig5_A_stability_performance_curve_pce/10.1021_acsami.8b02035__Fig5__A__stability_performance_curve_pce__NiO,&PCBM__Series_1.csv",2,1,0,2.641351813233059,1.019508725311638,0.9990818449740356,0.9957697799254694,0.886022861053031,0.8017263032649646,0.7099389628915395,0.5960631373539828,4.666666666666667,included
x_time_h/10.1021_acsami.8b02256/Fig8_whole_stability_performance_curve_pce/10.1021_acsami.8b02256__Fig8__whole__stability_performance_curve_pce__w_o__Series_1.csv,1,0,1,2.1553812068057887,1.0039232311789053,0.9994372577598285,0.9917227593458909,0.942136461772709,0.7063063540391628,0.5721596673974629,0.4765782652136442,0.0,included
x_time_h/10.1021_acsami.8b03543/Fig4_E_stability_performance_curve_pce/10.1021_acsami.8b03543__Fig4__E__stability_performance_curve_pce__PEDOT_PSS__Series_2.csv,2,1,0,2.219666665306553,0.99742491873487,0.9967668460755124,0.9430930498400086,0.8449284240728292,0.8217362959222329,0.7412517361041295,0.6404561828395573,0.0,included
x_time_h/10.1021_acsami.8b04003/Fig7_B_stability_performance_curve_retention/10.1021_acsami.8b04003__Fig7__B__stability_performance_curve_retention__YN1__Series_2.csv,2,1,0,2.754612791581411,17.914144880776803,0.9999129389520688,0.9986081871840973,0.9869945104689797,0.9029278585199635,0.7175161840049361,0.6004832264195012,0.0,included
x_time_h/10.1021_acsami.8b06619/Fig4_F_stability_performance_curve_ff/10.1021_acsami.8b06619__Fig4__F__stability_performance_curve_ff__0.0%__Series_1.csv,0,0,0,1.2051320960906486,1.019283686443705,0.9847043531227012,0.9841008619494196,0.9918672691214623,0.999671026332341,0.9773368419597066,0.9376338017950302,106.83333333333333,included
x_time_h/10.1021_acsami.8b07346/Fig5_A_schematic_diagram_stability_performance_curve_pce/10.1021_acsami.8b07346__Fig5__A__schematic_diagram_stability_performance_curve_pce__control_devices__Series_3.csv,3,1,1,4.015720025055806,0.9448278941983659,0.9940422761216923,0.9467968603010349,0.7530953007522408,0.5851683759278696,0.44884257939795347,0.3600620919420083,0.0,included
x_time_h/10.1021_acsami.8b07346/Fig5_A_schematic_diagram_stability_performance_curve_pce/10.1021_acsami.8b07346__Fig5__A__schematic_diagram_stability_performance_curve_pce__with_TiO₂_and_Al₂O₃__Series_1.csv,0,0,0,1.0635590909909618,1.0035081714584277,0.9988614135767827,0.989724449320833,0.9526342499052984,0.9290178928902405,0.8932645326962813,0.8779682212213515,0.0,included
x_time_h/10.1021_acsami.8b07346/Fig5_A_schematic_diagram_stability_performance_curve_pce/10.1021_acsami.8b07346__Fig5__A__schematic_diagram_stability_performance_curve_pce__with_TiO₂_interface_layer__Series_4.csv,3,1,1,3.1158681291555372,0.8249160232756308,0.9845367851833198,0.8734833063446716,0.6351360935055496,0.4020612797029651,0.1887970209801526,0.12476140537542618,0.0,included
x_time_h/10.1021_acsami.8b10332/Fig5_B_stability_performance_curve_ff/10.1021_acsami.8b10332__Fig5__B__stability_performance_curve_ff__SnO₂__Series_1.csv,2,1,0,1.6541902712463665,1.0055008498305344,0.9973107982143844,0.9849549659832072,0.9166779855589905,0.8495032761319893,0.7190026603715238,0.6694927893807073,0.0,included
x_time_h/10.1021_acsami.8b12678/Fig7_D_stability_performance_curve_pce/10.1021_acsami.8b12678__Fig7__D__stability_performance_curve_pce__POZ9__Series_1.csv,0,0,0,0.5666009471616453,17.030935251697205,0.9956871698199845,0.9961909057933084,0.9755844951278677,0.9430392593983368,0.9382227632680701,0.9322749357663968,24.5,included
x_time_h/10.1021_acsami.8b12678/Fig7_D_stability_performance_curve_pce/10.1021_acsami.8b12678__Fig7__D__stability_performance_curve_pce__Spiro-OMeTAD__Series_3.csv,0,0,0,0.9624336888404492,19.41598829666586,0.996526854762655,0.9975447706556766,0.9880619555508694,0.9758356904821779,0.9650815772163762,0.9537943227458552,25.0,included
x_time_h/10.1021_acsami.8b15665/Fig6_whole_stability_performance_curve_pce/10.1021_acsami.8b15665__Fig6__whole__stability_performance_curve_pce__SnO₂_device__Series_2.csv,2,1,0,1.5415731167766424,17.18286758668993,0.9948929027952437,0.9957960196406136,0.9863011498050672,0.9024616074858899,0.799776995866354,0.7663072538611422,17.666666666666668,included
x_time_h/10.1021_acsami.8b17300/Fig6_F_stability/10.1021_acsami.8b17300__Fig6__F__stability__o-Sample-A__Series_1.csv,2,1,0,1.9898121611313668,1.0019052330314158,0.9981098640102509,0.9829418410782218,0.917587421130893,0.8247939237895199,0.7422105319732941,0.6230268432087991,0.0,included
x_time_h/10.1021_acsami.8b19036/Fig6_B_stability_performance_curve_pce/10.1021_acsami.8b19036__Fig6__B__stability_performance_curve_pce__PCBM__Series_3.csv,1,0,1,2.159042516454706,93.22648348579068,0.9817358857329381,0.8633176156270085,0.7404226797748564,0.7397531987493279,0.647740359391775,0.5120556389452208,0.0,included
x_time_h/10.1021_acsami.8b19036/Fig6_B_stability_performance_curve_pce/10.1021_acsami.8b19036__Fig6__B__stability_performance_curve_pce__PN__Series_4.csv,1,0,1,3.2903869959998535,98.77220754952609,0.985623989116621,0.8144560371587648,0.723459400658813,0.6843543473061288,0.6826586913053944,0.6282911678968814,0.0,included
"x_time_h/10.1021_acsami.9b06513/Fig4_E_jv_curve_stability_performance/10.1021_acsami.9b06513__Fig4__E__jv_curve_stability_performance__w_o_doping_encapsulated,_under_1_sun_at_MPP__Series_1.csv",0,0,0,1.717797761240827,0.9999333040684623,0.999239549695458,0.9931370640964557,0.9690024987199658,0.9313706409649162,0.8568249818844215,0.8420402591076628,0.0,included
x_time_h/10.1021_acsami.9b12346/Fig4_D_stability_performance_curve/10.1021_acsami.9b12346__Fig4__D__stability_performance_curve__PHJ_PSCs_by_CH₃NH₃PbI₂.₅₅Br₀.₄₅__Series_2.csv,0,0,0,1.8222373553771383,1.0004761382015017,0.9993096261187724,0.9920127992490089,0.9636467525843116,0.9266895169285282,0.8685491836609898,0.8023396872078884,0.0,included
x_time_h/10.1021_acsami.9b14740/Fig4_A_stability_performance_curve_pce/10.1021_acsami.9b14740__Fig4__A__stability_performance_curve_pce__Spiro-OMeTAD__Series_1.csv,0,0,0,1.1371396366406898,1.0061371381765287,0.9980415741505382,0.983415446913171,0.9433230242159468,0.9171810928274362,0.8936178782932236,0.8802967597008414,0.0,included
x_time_h/10.1021_acsami.9b14740/Fig4_C_stability_performance_curve_pce/10.1021_acsami.9b14740__Fig4__C__stability_performance_curve_pce__Spiro-OMeTAD__Series_1.csv,1,0,1,4.957362542290529,1.0053689424969319,0.9985179480015898,0.9916863025651123,0.8629080179475557,0.6742211633391152,0.4299006057409135,0.19168222605233173,0.0,included
x_time_h/10.1021_acsami.9b14957/Fig5_A_stability_performance_curve_pce/10.1021_acsami.9b14957__Fig5__A__stability_performance_curve_pce__spiro-OMeTAD__Series_1.csv,1,0,1,3.0611607242678955,1.0282466275531148,0.9781663283494497,0.990760054657433,0.7739424121982461,0.6880007320222771,0.48642129533651324,0.3620918426675875,19.333333333333332,included
x_time_h/10.1021_acsami.9b15320/Fig5_A_xrd_pattern_stability_performance_curve_pce_structure/10.1021_acsami.9b15320__Fig5__A__xrd_pattern_stability_performance_curve_pce_structure__Ag__Series_1.csv,0,0,0,1.2742119611922558,1.0024421578162326,0.9995891782180422,0.9968778468671785,0.9852022554949226,0.94097016039254,0.8869696276408231,0.8604354294646792,0.0,included
x_time_h/10.1021_acsami.9b15320/Fig6_B_stability_performance_curve_ff/10.1021_acsami.9b15320__Fig6__B__stability_performance_curve_ff__Ag__Series_1.csv,2,1,0,1.1002578116017196,0.9835035910963984,0.9982945558913773,0.9850261956176031,0.9328244610186099,0.883590390078242,0.8401468557914658,0.8030026333317454,0.0,included
x_time_h/10.1021_acsami.9b15320/Fig8_whole_stability/10.1021_acsami.9b15320__Fig8__whole__stability__Ag__Series_1.csv,3,1,1,3.4978352566467548,0.9849743476273388,0.9926032245433368,0.9290668129427879,0.6463454679195296,0.4927922650451039,0.46967690017293223,0.4206017354898582,0.0,included
x_time_h/10.1021_acsami.9b16194/Fig5_B_jv_curve_stability_performance/10.1021_acsami.9b16194__Fig5__B__jv_curve_stability_performance__CsFAMA_CuSCN__Series_2.csv,1,0,1,3.0560075160485285,0.9828908348297962,0.9932386311715578,0.9361415036196991,0.6558311974931881,0.6239425075272464,0.5982343040466578,0.5760397649317397,0.0,included
x_time_h/10.1021_acsami.9b17580/Fig5_D_stability_performance_curve_pce/10.1021_acsami.9b17580__Fig5__D__stability_performance_curve_pce__BZnTPP_MAPbI₃__Series_2.csv,0,0,0,0.31672859112267104,16.26898370466565,0.9972125039499714,0.9779363417896674,0.9549657065637855,0.9493644155818155,0.9330296068491775,0.9247049788002373,0.0,included
x_time_h/10.1021_acsami.9b17580/Fig5_D_stability_performance_curve_pce/10.1021_acsami.9b17580__Fig5__D__stability_performance_curve_pce__MAPbI₃__Series_1.csv,2,1,0,0.7552506309807403,14.756377038652706,1.00001196724779,0.9979327827945472,0.943785325685309,0.8750152766853384,0.7983750495089581,0.7804774455340893,0.0,included
x_time_h/10.1021_acsami.9b17930/Fig8_C_pce/10.1021_acsami.9b17930__Fig8__C__pce__3D__Series_1.csv,2,1,0,1.8475263234693098,0.9970890966647683,0.9928174210834434,0.9361958637046552,0.8284313003451399,0.8106254878467537,0.8064206844020229,0.7620565851304877,0.0,included
x_time_h/10.1021_acsami.9b18082/Fig3_E_stability_performance_curve/10.1021_acsami.9b18082__Fig3__E__stability_performance_curve__mp-TiO2__Series_1.csv,0,0,0,1.365263141534512,1.006092403044613,0.9953813698398261,0.9950696698735845,0.9986628287365268,0.9922014157919323,0.984585863037494,0.9677284254017509,38.666666666666664,included
x_time_h/10.1021_acsami.9b19691/Fig7_C_stability_performance_curve_pce/10.1021_acsami.9b19691__Fig7__C__stability_performance_curve_pce__MAPbI₃__Series_2.csv,0,0,0,0.46196116675075755,0.9985339771236674,1.00000563826454,0.998558705803833,0.9745583412264186,0.9476786346371158,0.9283213751781966,0.909987416235156,0.0,included
x_time_h/10.1021_acsami.9b21348/Fig5_A_stability_performance_curve_pce/10.1021_acsami.9b21348__Fig5__A__stability_performance_curve_pce__Perovskite__Series_3.csv,1,0,1,3.999376149275514,1.003551565862079,0.9995272990032191,0.9949823025174521,0.9565644390064693,0.7801494067578953,0.5505893669652925,0.299399760439233,0.0,included
x_time_h/10.1021_acsami.9b22719/Fig6_F_stability_performance_curve_pce/10.1021_acsami.9b22719__Fig6__F__stability_performance_curve_pce__Control__Series_1.csv,2,1,0,1.1671151632505556,0.978156941892937,0.9990572364482828,0.9912540743981869,0.948660495302757,0.8966198984690746,0.8345677774951378,0.7809073291560441,0.0,included
x_time_h/10.1021_acsami.9b22719/Fig6_F_stability_performance_curve_pce/10.1021_acsami.9b22719__Fig6__F__stability_performance_curve_pce__MACI-20__Series_2.csv,0,0,0,1.3663224598462762,0.9984387914483388,0.999915790190756,0.9988419634411175,0.9894982689579847,0.9854906094836077,0.9856422937923528,0.9796999345588258,0.0,included
x_time_h/10.1021_acsami.9b23255/Fig4_E_stability_performance_curve_pce/10.1021_acsami.9b23255__Fig4__E__stability_performance_curve_pce__Reference__Series_2.csv,0,0,0,1.7891334660400766,0.9833142863458446,0.9993198167629647,0.9901441970937883,0.9566039909585741,0.930794086122566,0.8805595455439433,0.7949104143950452,0.0,included
x_time_h/10.1021_acsami.9b23532/Fig5_C_stability_performance_curve_pce/10.1021_acsami.9b23532__Fig5__C__stability_performance_curve_pce__W_O_N749__Series_1.csv,0,0,0,1.0033710372524243,1.0016673476917717,0.9992045829712183,0.9932607903873785,0.9685705147109709,0.9366132151593775,0.8999854338981059,0.8683372146381783,0.0,included
x_time_h/10.1021_acsenergylett.0c00526/Fig2_F_sem_image_stability_performance_curve_pce/10.1021_acsenergylett.0c00526__Fig2__F__sem_image_stability_performance_curve_pce__w_o_GA__Series_1.csv,1,0,1,1.47988578326602,2.9039730745808594,0.9882531156276061,0.9052530074001582,0.7747108645755071,0.6907051696646102,0.5811388948279311,0.484290821388116,0.0,included
x_time_h/10.1021_acsenergylett.0c00596/Fig4_B_stability_performance_curve_retention/10.1021_acsenergylett.0c00596__Fig4__B__stability_performance_curve_retention__Control_L-PSC__Series_2.csv,3,1,1,2.3785472481091365,18.816845771860123,0.9932733694408227,0.939691979864552,0.6875072190021816,0.5261854537221236,0.4328256110718058,0.2724091655016003,0.0,included
x_time_h/10.1021_acsenergylett.0c01023/Fig3_D_stability_performance_curve_pce/10.1021_acsenergylett.0c01023__Fig3__D__stability_performance_curve_pce__3EtCz_MoOx_IZO__Series_2.csv,0,0,0,1.1157340547225731,0.9805922155810365,0.8454192096050309,0.941935673678748,0.990778347654764,0.9835516835691754,0.9634486511683246,0.9304313270489352,57.0,included
x_time_h/10.1021_acsenergylett.0c01023/Fig3_D_stability_performance_curve_pce/10.1021_acsenergylett.0c01023__Fig3__D__stability_performance_curve_pce__3EtCz_VOx_IZO__Series_1.csv,0,0,0,1.0349314441401873,0.975871904534512,0.8663043403994515,0.9890734541132502,0.9825121794710607,0.9861644393534246,0.9670205842117746,0.9200130314445684,66.0,included
x_time_h/10.1021_acsenergylett.0c01648/Fig3_B_structure/10.1021_acsenergylett.0c01648__Fig3__B__structure__Ag-doped__Series_1.csv,2,1,0,2.4649543611130755,0.9968121069474651,0.9945386409757005,0.9702679255145702,0.8738404972948265,0.7985861649616884,0.7198617230460846,0.6114064171182341,0.0,included
x_time_h/10.1021_acsenergylett.0c01648/Fig3_B_structure/10.1021_acsenergylett.0c01648__Fig3__B__structure__undoped__Series_2.csv,3,1,1,2.33233020350422,0.986554853169829,0.9930160124037045,0.9369219756660405,0.6917049564224489,0.5037500981420445,0.4153792807559921,0.32676827364569616,0.0,included
x_time_h/10.1021_acsenergylett.0c01728/Fig5_B_stability_performance_curve_image/10.1021_acsenergylett.0c01728__Fig5__B__stability_performance_curve_image__O-Ref__Series_2.csv,1,0,1,1.8852503892569417,0.993999682723296,0.9981468136162389,0.9792693427972967,0.8627739130090758,0.7643840066506403,0.6911814169819938,0.5670951233826899,0.0,included
x_time_h/10.1021_acsenergylett.0c01728/Fig5_C_stability_performance_curve/10.1021_acsenergylett.0c01728__Fig5__C__stability_performance_curve__O-Ref__Series_2.csv,2,1,0,1.2258257596153967,0.9952082569160108,0.9979068063964817,0.979757393134039,0.8745581632399216,0.8030760570565485,0.7782316402605219,0.7423080180783578,0.0,included
x_time_h/10.1021_acsenergylett.0c01848/Fig4_A_stability_performance_curve_pce/10.1021_acsenergylett.0c01848__Fig4__A__stability_performance_curve_pce__Control__Series_2.csv,0,0,0,0.9671084736773942,1.0019224001105698,0.9997251088983439,0.9998018771331965,0.9853627235711447,0.9711000011390107,0.9663126285831986,0.9664407084153487,14.0,included
x_time_h/10.1021_acsenergylett.0c02210/Fig4_B_stability_performance_curve_pce/10.1021_acsenergylett.0c02210__Fig4__B__stability_performance_curve_pce__spiro-OMeTAD__Series_2.csv,0,0,0,0.43464817415052126,1.0024355296021912,0.9997065891677671,0.9963389641424725,0.978560542017253,0.9629910921050994,0.9408164098987176,0.915682538452919,0.0,included
x_time_h/10.1021_acsenergylett.1c00452/Fig4_A_stability_performance_curve_pce/10.1021_acsenergylett.1c00452__Fig4__A__stability_performance_curve_pce__ANCI__Series_2.csv,0,0,0,0.6829037945650068,0.9997405083799903,0.9995893864303409,0.9990559502130077,0.9810128017939969,0.9659214395344482,0.9523849778957125,0.9459595076619891,5.333333333333333,included
x_time_h/10.1021_acsenergylett.1c00452/Fig4_A_stability_performance_curve_pce/10.1021_acsenergylett.1c00452__Fig4__A__stability_performance_curve_pce__Control__Series_1.csv,0,0,0,0.7892965680942523,0.9970446886550104,0.9991765524183024,0.9981067953629303,0.9617289672799441,0.9284052315557696,0.910079180570232,0.9016143991895866,5.333333333333333,included
x_time_h/10.1021_acsenergylett.1c00685/Fig5_B_stability_performance_curve_pce/10.1021_acsenergylett.1c00685__Fig5__B__stability_performance_curve_pce__Li-FSI__Series_3.csv,2,1,0,1.7249754665090131,0.992734351685884,0.9961448065299995,0.960649043736745,0.8788301959659036,0.8000699220362719,0.7489913655500609,0.6774840039551919,0.0,included
x_time_h/10.1021_acsenergylett.1c00685/Fig5_B_stability_performance_curve_pce/10.1021_acsenergylett.1c00685__Fig5__B__stability_performance_curve_pce__Li-TFSI__Series_1.csv,2,1,0,1.2608434642338837,0.9999459190316832,0.9965524436662291,0.9650492156903401,0.8872812435794113,0.8038317823058534,0.772536698453027,0.696812140311359,0.0,included
x_time_h/10.1021_acsenergylett.1c00685/Fig5_C_stability/10.1021_acsenergylett.1c00685__Fig5__C__stability__Li-TFSI__Series_2.csv,2,1,0,0.7943910645330511,0.9992942095483015,0.9979400687806785,0.9775193044742181,0.9125407186093325,0.8813468271330201,0.8338025205765806,0.77387004682288,0.0,included
x_time_h/10.1021_acsenergylett.1c00685/Fig5_C_stability/10.1021_acsenergylett.1c00685__Fig5__C__stability__o—Li-FSI__Series_1.csv,2,1,0,0.4778054537708246,0.9920925885274097,0.9989666064230023,0.9781117752745878,0.9099943163833137,0.8533539055485955,0.7837089720005381,0.7213984537614743,0.0,included
x_time_h/10.1021_acsenergylett.1c00685/Fig5_C_stability/10.1021_acsenergylett.1c00685__Fig5__C__stability__o—Li-PFSI__Series_3.csv,2,1,0,1.7040791732205418,1.0016947498885986,0.9977166715125472,0.9792603243492751,0.9311352637955903,0.9017558953156278,0.8798046700131528,0.7935885986109634,0.0,included
x_time_h/10.1021_acsenergylett.1c00685/Fig5_D_stability_performance_curve/10.1021_acsenergylett.1c00685__Fig5__D__stability_performance_curve__Li-FSI__Series_1.csv,0,0,0,1.3790142208360427,0.9995895654209618,0.999922498926972,0.9970085286966427,0.9553333701150368,0.9199458397842082,0.8771946061979646,0.8700796114265595,3.0,included
x_time_h/10.1021_acsenergylett.1c00685/Fig5_D_stability_performance_curve/10.1021_acsenergylett.1c00685__Fig5__D__stability_performance_curve__Li-TFSI__Series_2.csv,0,0,0,1.5300707784382541,1.0092298622505889,0.9948066293941685,0.995026991804775,0.999886909553991,0.9941951117095125,0.9903383382256014,0.9783608979725487,53.166666666666664,included
x_time_h/10.1021_acsenergylett.1c00794/Fig5_E_stability_performance_curve_pce/10.1021_acsenergylett.1c00794__Fig5__E__stability_performance_curve_pce__Control__Series_1.csv,0,0,0,1.647680733072022,0.9972118333227172,0.9998776765462621,0.9999918381377163,0.9984267870386943,0.9956783351434068,0.9929623878992698,0.9917834230035082,8.166666666666666,included
x_time_h/10.1021_acsenergylett.1c00794/Fig5_F_stability_performance_curve_pce/10.1021_acsenergylett.1c00794__Fig5__F__stability_performance_curve_pce__Control__Series_1.csv,0,0,0,1.1370941795399492,1.0085760934403944,0.9886401925172944,0.9938612148137129,0.9948664206097079,0.942061356291805,0.8972914282409724,0.867788813172563,31.666666666666668,included
x_time_h/10.1021_acsenergylett.1c01126/Fig5_A_stability_performance_curve_pce_pattern/10.1021_acsenergylett.1c01126__Fig5__A__stability_performance_curve_pce_pattern__PVK_CZ-As__Series_3.csv,0,0,0,0.886300123963672,1.0123056236722483,0.9968518802852032,0.9981253388495228,0.9968784050690607,0.9767219778566839,0.9543302078711509,0.9420436496351204,33.333333333333336,included
x_time_h/10.1021_acsenergylett.1c01126/Fig5_A_stability_performance_curve_pce_pattern/10.1021_acsenergylett.1c01126__Fig5__A__stability_performance_curve_pce_pattern__PVK_Spiro-OMeTAD__Series_2.csv,0,0,0,1.4143058486839883,1.0064322106951387,0.9951017613127053,0.9985303451575189,0.9962819691287031,0.987961810331716,0.9814400396893831,0.9815369984755391,18.5,included
x_time_h/10.1021_acsenergylett.1c01817/Fig5_D_stability_performance_curve/10.1021_acsenergylett.1c01817__Fig5__D__stability_performance_curve__Ref__Series_2.csv,3,1,1,4.304679311614457,96.53178681022123,0.9918304408765661,0.9336037261353349,0.784491963784107,0.6180633408892966,0.4368432258931204,0.2935484061255244,0.0,included
x_time_h/10.1021_acsenergylett.4c00306/Fig6_B_stability_performance_curve_retention/10.1021_acsenergylett.4c00306__Fig6__B__stability_performance_curve_retention__ITO_PANDI(Spiro)__Series_3.csv,0,0,0,0.8204036957357451,1.005971118741562,0.9999081601995241,0.998621802516324,0.9863897211141734,0.972726889670366,0.9566999336979077,0.9522240480747957,0.0,included
x_time_h/10.1021_acsenergylett.4c00306/Fig6_B_stability_performance_curve_retention/10.1021_acsenergylett.4c00306__Fig6__B__stability_performance_curve_retention__ITO_SnO2(Spiro)__Series_1.csv,2,1,0,1.282827391618927,1.001161543802476,0.9991126450173643,0.991332527901022,0.9466118050216457,0.8942142184495464,0.8422374125093147,0.7984051748072051,0.0,included
x_time_h/10.1021_acsenergylett.7b00976/Fig5_A_stability_performance_curve_ff_pce/10.1021_acsenergylett.7b00976__Fig5__A__stability_performance_curve_ff_pce__Pb-based_perovskite__Series_1.csv,3,1,1,3.3785660999441283,80.39455262362084,0.99192125950639,0.927091656314892,0.6718582255979327,0.5217254692025949,0.4522848774794127,0.4069532758488256,0.0,included
x_time_h/10.1021_acsenergylett.8b00217/Fig5_A_stability_performance_curve_pce_spectrum/10.1021_acsenergylett.8b00217__Fig5__A__stability_performance_curve_pce_spectrum__Bis-PCBM__Series_2.csv,2,1,0,0.8796062960434281,0.9982794136573987,0.9981627916948985,0.9833763224394227,0.9221163690487879,0.8543658571798141,0.7816029853112522,0.6856337226614962,0.0,included
x_time_h/10.1021_acsenergylett.9b00930/Fig6_B_stability_performance_curve/10.1021_acsenergylett.9b00930__Fig6__B__stability_performance_curve__3D__Series_1.csv,2,1,0,1.9573221521752358,1.0079957955841052,0.9970414829024353,0.9691178031489553,0.8468502687645127,0.7798797111801242,0.7488356054241049,0.7254423626226472,0.0,included
x_time_h/10.1021_acsenergylett.9b00930/Fig6_C_stability_performance_curve/10.1021_acsenergylett.9b00930__Fig6__C__stability_performance_curve__3D__Series_1.csv,1,0,1,1.831434963083012,0.9831011731440046,0.9961219670886444,0.9650014062135237,0.8733736877993381,0.7250493269548312,0.6662222431456429,0.6396360784578878,0.0,included
x_time_h/10.1021_acsenergylett.9b01042/Fig4_F_stability_performance_curve_pce/10.1021_acsenergylett.9b01042__Fig4__F__stability_performance_curve_pce__LiTFSI__Series_2.csv,3,1,1,3.462505520912342,18.170935116550638,0.9960207183900229,0.9557222118024592,0.6954222801580122,0.5445206305421567,0.439908860232991,0.3634093542197469,0.0,included
x_time_h/10.1021_acsenergylett.9b01356/Fig6_A_stability_performance_curve_pce/10.1021_acsenergylett.9b01356__Fig6__A__stability_performance_curve_pce__Control__Series_1.csv,2,1,0,1.0076967144464282,1.0001253809364432,0.9989910926792049,0.9827267734502391,0.9322275421293826,0.884994047343081,0.8311741874166904,0.7939018568101566,0.0,included
x_time_h/10.1021_acsenergylett.9b01356/Fig6_B_stability_performance_curve_pce/10.1021_acsenergylett.9b01356__Fig6__B__stability_performance_curve_pce__。—Control__Series_2.csv,3,1,1,3.7987727821865156,0.9979736393027688,0.993527247571625,0.9333834215119144,0.7319311747084836,0.6063580294654964,0.2612446535812724,0.0672135186795476,0.0,included
"x_time_h/10.1021_acsenergylett.9b02112/Fig5_D_stability_performance_curve/10.1021_acsenergylett.9b02112__Fig5__D__stability_performance_curve__o-ITO_SnO,_PVK_Spiro_Au__Series_1.csv",0,0,0,1.1198206121541752,0.9912392297983694,0.9999284216571731,0.9989987427053031,0.9913010759643158,0.9810614824287165,0.9731517605368823,0.9648042564823144,0.0,included
x_time_h/10.1021_acsmaterialslett.0c00134/Fig7_whole_mppt/10.1021_acsmaterialslett.0c00134__Fig7__whole__mppt__spiro-OMeTAD__Series_1.csv,3,1,1,5.0014642792324,0.9677978243082836,0.9616509259107111,0.763299538518825,0.6312238780553882,0.5522813061846543,0.5145902572733337,0.48043351356176905,0.0,included
x_time_h/10.1021_acsnano.8b01351/Fig6_B_stability_performance_curve_pce/10.1021_acsnano.8b01351__Fig6__B__stability_performance_curve_pce__TiO₂__Series_1.csv,0,0,0,1.0879183673896093,0.9979813667803692,0.9990704441595342,0.9915770917847623,0.9670288066227347,0.9362454545052341,0.8917494807627606,0.8693311061348921,0.0,included
x_time_h/10.1021_acsnano.8b01351/Fig6_B_stability_performance_curve_pce/10.1021_acsnano.8b01351__Fig6__B__stability_performance_curve_pce__ZnSe__Series_2.csv,1,0,1,2.473807046747588,0.980431112003103,0.9986035017707947,0.9855016680749856,0.914808098209116,0.8074100236061963,0.6624999064225983,0.5368795366145971,0.0,included
x_time_h/10.1021_acsnano.9b03098/Fig8_A_stability_performance_curve_pce/10.1021_acsnano.9b03098__Fig8__A__stability_performance_curve_pce__Control_PSC__Series_1.csv,2,1,0,0.6638649571934205,0.9971412349897967,0.9964217883095456,0.9697871098855362,0.8781519700533968,0.8395580060043347,0.8015047272584861,0.7811310551927396,0.0,included
x_time_h/10.1021_acsnano.9b03098/Fig8_A_stability_performance_curve_pce/10.1021_acsnano.9b03098__Fig8__A__stability_performance_curve_pce__G-NBRF_(SiO2&AI2O3)__Series_2.csv,2,1,0,1.479016718711487,0.9544059560253282,0.996635660920187,0.9727536809086309,0.9343726328201325,0.8850193022339565,0.8577663730764634,0.8306852161667163,0.0,included
x_time_h/10.1021_acsomega.0c04593/Fig10_D_stability_performance_curve_pce/10.1021_acsomega.0c04593__Fig10__D__stability_performance_curve_pce__MAPbI₃₋ᵧClᵧ__Series_3.csv,3,1,1,4.386210183438147,16.698705825746792,0.9923581824732439,0.9204535749520383,0.6497341704763143,0.5264410683908346,0.49405294498779717,0.49405294498779717,0.0,included
x_time_h/10.1021_acsomega.1c01074/Fig4_F_stability_performance_curve_pce_eqe/10.1021_acsomega.1c01074__Fig4__F__stability_performance_curve_pce_eqe__control__Series_2.csv,0,0,0,0.447752054476719,1.0005536291759578,0.9996608123151893,0.9961723499420374,0.9760290237210733,0.9446441164189584,0.9287056978313881,0.917730444469375,0.0,included
x_time_h/10.1021_acssuschemeng.0c01794/Fig7_F_stability_performance_curve_pce/10.1021_acssuschemeng.0c01794__Fig7__F__stability_performance_curve_pce__sample-A__Series_1.csv,0,0,0,1.6223778558423938,1.0044873818100493,0.9975572522981921,0.9992123922428685,0.9999999999999601,0.9972332658913425,0.9928534427747442,0.9812938067549656,75.66666666666667,included
x_time_h/10.1021_acssuschemeng.0c09015/Fig5_A_stability_performance_curve_pce/10.1021_acssuschemeng.0c09015__Fig5__A__stability_performance_curve_pce__0-19_kDa_95%__Series_1.csv,0,0,0,1.7066886817614253,1.003866320702734,1.000001738376019,0.9993758554657437,0.9867595443177735,0.9625468850023174,0.8800321172214549,0.8199519721369876,0.0,included
x_time_h/10.1021_acssuschemeng.0c09015/Fig5_A_stability_performance_curve_pce/10.1021_acssuschemeng.0c09015__Fig5__A__stability_performance_curve_pce__338kDa_76%__Series_2.csv,0,0,0,0.5024451093633532,0.9916449800189435,0.9993999672404289,0.9945848054181612,0.973098166212059,0.9413043251812246,0.923703026442932,0.9063731828290755,0.0,included
x_time_h/10.1021_acssuschemeng.8b04281/Fig6_B_jsc/10.1021_acssuschemeng.8b04281__Fig6__B__jsc__structure_2__Series_2.csv,3,1,1,3.449535363698244,18.59628991598731,0.9834368677578481,0.8530462897648757,0.4903089469916125,0.33709136852575355,0.2663023861200784,0.26268367632816125,0.0,included
x_time_h/10.1021_acssuschemeng.8b04603/Fig7_E_schematic_diagram_stability_performance_curve_pce/10.1021_acssuschemeng.8b04603__Fig7__E__schematic_diagram_stability_performance_curve_pce__→—PEDOT_PSS__Series_1.csv,0,0,0,1.925288249545314,11.802579072149006,0.9994641935276084,0.9951291080849048,0.9791891875737213,0.9516443684134757,0.9206835501930279,0.7411208098655094,0.0,included
x_time_h/10.1021_acssuschemeng.9b05631/Fig5_D_stability_performance_curve_pce/10.1021_acssuschemeng.9b05631__Fig5__D__stability_performance_curve_pce__Pristine__Series_2.csv,0,0,0,0.5650693095250406,0.9630327189610017,0.9986340254625987,0.9789564334000298,0.965238769439351,0.9528773149527232,0.9574019166485574,0.9485042396565915,0.0,included
x_time_h/10.1021_jacs.0c03363/Fig7_C_stability_performance_curve_pce/10.1021_jacs.0c03363__Fig7__C__stability_performance_curve_pce__3D__Series_1.csv,3,1,1,3.0807696223073378,0.9972711953072664,0.980053209294218,0.8071092782421886,0.5593068347374606,0.4521854766998902,0.3946467215676137,0.37711550368704305,0.0,included
x_time_h/10.1021_jacs.0c09560/Fig5_A_stability_performance_curve_pce/10.1021_jacs.0c09560__Fig5__A__stability_performance_curve_pce__Ref__Series_1.csv,2,1,0,0.7438401127132296,19.975683782792373,1.0000992237484527,0.9879369237296057,0.8889848968685787,0.8288441214979424,0.7744555119644035,0.7472551458424829,0.0,included
x_time_h/10.1021_jacs.0c12739/Fig6_D_stability_performance_curve_pce/10.1021_jacs.0c12739__Fig6__D__stability_performance_curve_pce__TiO₂__Series_1.csv,2,1,0,0.7580214645238931,2.0418990854556083,0.9962984977887201,0.9707585317784464,0.9188962305820149,0.8861840926634681,0.814324261371024,0.7881549849979226,0.0,included
x_time_h/10.1021_jacs.0c12802/Fig5_C_mppt_stability_performance_curve_pce/10.1021_jacs.0c12802__Fig5__C__mppt_stability_performance_curve_pce__Control__Series_1.csv,0,0,0,1.5688288969943345,0.9920684685815658,0.9996839608781013,0.9999065684163886,0.9973401648120654,0.9936591113452785,0.9909500050414902,0.9866558446711234,7.333333333333333,included
x_time_h/10.1021_jacs.1c02118/Fig5_C_spectrum/10.1021_jacs.1c02118__Fig5__C__spectrum__Ag-b1__Series_4.csv,0,0,0,0.7106473507805736,20.03521738652091,0.9749706773551495,0.985520856165941,0.985411592103676,0.9750213996429951,0.9463047831889106,0.8891535182571141,29.833333333333332,included
x_time_h/10.1021_jacs.1c02118/Fig5_C_spectrum/10.1021_jacs.1c02118__Fig5__C__spectrum__Ag__Series_2.csv,3,1,1,2.5986707007171734,15.989164589541286,0.9931776799103025,0.9298530200976085,0.5927863341493322,0.41954994370231485,0.1992495348554999,0.1350942334259041,0.0,included
x_time_h/10.1021_jacs.1c12732/Fig6_A_stability_performance_curve/10.1021_jacs.1c12732__Fig6__A__stability_performance_curve__FP-C8_C60__Series_2.csv,0,0,0,1.1028862227019722,0.9883231566611255,0.9957758394247225,0.9633876676613797,0.9158940309869773,0.9509979999382078,0.9652722444569521,0.9614309806893823,0.0,included
x_time_h/10.1021_jacs.1c12732/Fig6_A_stability_performance_curve/10.1021_jacs.1c12732__Fig6__A__stability_performance_curve__PCBM_C60__Series_1.csv,0,0,0,1.149807839692649,0.9959503222126862,0.9989711443655777,0.9913836170310202,0.9731963745227844,0.9731963745227844,0.9774052428341082,0.9846721474360929,0.0,included
x_time_h/10.1021_jacs.1c12732/Fig6_C_stability_performance_curve_pce/10.1021_jacs.1c12732__Fig6__C__stability_performance_curve_pce__FP-C8_C60__Series_2.csv,0,0,0,1.4340372371531847,1.0040118861048284,0.9997179432966743,0.9997179432966743,0.9975776519947454,0.9963169032671261,0.9818956092267638,0.9731205795505029,37.0,included
x_time_h/10.1021_jacs.1c12732/Fig6_C_stability_performance_curve_pce/10.1021_jacs.1c12732__Fig6__C__stability_performance_curve_pce__PCBM_C60__Series_1.csv,0,0,0,1.0113524905150435,1.0113755047703665,0.9999999999999601,0.9999999999999601,0.9999999999999601,0.9594003643233522,0.915024648028697,0.8791457943514958,67.83333333333333,included
x_time_h/10.1021_jacs.7b13229/Fig3_D_stability_performance_curve_pce_jsc/10.1021_jacs.7b13229__Fig3__D__stability_performance_curve_pce_jsc__All_inorganic_PSCs__Series_1.csv,0,0,0,0.5982941765180749,1.0057828565466904,0.9998757277208085,0.9980795280115616,0.9819203794206077,0.9581497158878466,0.926300863324439,0.8865916493297084,0.0,included
x_time_h/10.1038_ncomms11105/Fig3_D_eqe_curve_stability_performance_pce/10.1038_ncomms11105__Fig3__D__eqe_curve_stability_performance_pce__CH₃NH₃PbI₃__Series_2.csv,2,1,0,1.0348653306811064,1.0050853877095711,0.9987440859950104,0.9886655876586729,0.9401245054956553,0.879976214200485,0.8340466675860704,0.8046025025450119,0.0,included
x_time_h/10.1038_ncomms11105/Fig3_D_eqe_curve_stability_performance_pce/10.1038_ncomms11105__Fig3__D__eqe_curve_stability_performance_pce__CH₃NH₃PbI₃₋ₓ(SCN)ₓ__Series_1.csv,0,0,0,0.8171671848239999,1.0050853877095711,0.998273118243154,0.9856601928728957,0.9369210726977882,0.9199141800532842,0.9238589776036497,0.9231176128511513,0.0,included
x_time_h/10.1038_ncomms15330/Fig3_D_stability_performance_curve_pce/10.1038_ncomms15330__Fig3__D__stability_performance_curve_pce__CQDs_PCBM_150_nm__Series_1.csv,0,0,0,0.351695738687507,15.089297817969173,0.996931188147325,0.9991119151026965,0.9663975190757946,0.9527673572586889,0.9396533268549182,0.925655125927125,7.166666666666667,included
x_time_h/10.1038_ncomms15330/Fig3_D_stability_performance_curve_pce/10.1038_ncomms15330__Fig3__D__stability_performance_curve_pce__CQDs_PCBM_50_nm__Series_3.csv,2,1,0,2.420449330751703,14.135984172183196,0.9975182384926877,0.9776025204390199,0.8918562510010063,0.7830309132619597,0.7269863881100581,0.6311774420011713,0.0,included
x_time_h/10.1038_s41467-018-03169-0/Fig5_A_stability_performance_curve/10.1038_s41467-018-03169-0__Fig5__A__stability_performance_curve__MAPbl3__Series_2.csv,2,1,0,0.41651237239351097,1.0000228021092228,0.9986383625842661,0.9878856898575845,0.9308005683341919,0.8576369084759174,0.8091777405658208,0.7727751547537258,0.0,included
x_time_h/10.1038_s41467-018-03169-0/Fig5_C_stability_performance_curve/10.1038_s41467-018-03169-0__Fig5__C__stability_performance_curve__MAPbl3__Series_2.csv,2,1,0,0.9336770420552377,1.0050813749121967,0.9981700246020238,0.9906916092231256,0.9669787716946577,0.8557915903709131,0.7946582010045834,0.719664862768117,0.0,included
x_time_h/10.1038_s41467-018-06204-2/Fig5_A_mppt_stability_performance_curve/10.1038_s41467-018-06204-2__Fig5__A__mppt_stability_performance_curve__O-MAPbl3__Series_1.csv,2,1,0,1.563294982933835,0.9794913124758335,0.9987439940365711,0.986513755003887,0.9239372124110429,0.8883543785365176,0.8615928393907962,0.8401005247477882,0.0,included
x_time_h/10.1038_s41467-018-06317-8/Fig6_A_stability_performance_curve/10.1038_s41467-018-06317-8__Fig6__A__stability_performance_curve__MAPbl₃_anti-solvent__Series_1.csv,0,0,0,0.99266442176563,1.144822360749807,0.9272999475424675,0.9616673333196786,0.9938442204874217,0.9466733513753656,0.9077705247068869,0.8731704947901259,36.333333333333336,included
x_time_h/10.1038_s41467-018-06317-8/Fig6_A_stability_performance_curve/10.1038_s41467-018-06317-8__Fig6__A__stability_performance_curve__⚫MAPblg(CI)__Series_2.csv,0,0,0,0.7510371613882119,1.1774236819164015,0.8871313988216786,0.9753110634091938,0.9871078349791752,0.9659225841000583,0.9407028227943218,0.9266094729113171,17.5,included
x_time_h/10.1038_s41467-018-06709-w/Fig5_B_mppt_stability_performance_curve_pce/10.1038_s41467-018-06709-w__Fig5__B__mppt_stability_performance_curve_pce__Control__Series_3.csv,0,0,0,1.2387930204430713,18.996828891144297,0.9990624329661062,0.9905934692563948,0.9577898947931087,0.916651253312956,0.8880881888621779,0.8679402042481091,0.0,included
x_time_h/10.1038_s41467-019-09167-0/Fig6_B_stability_performance_curve_jsc/10.1038_s41467-019-09167-0__Fig6__B__stability_performance_curve_jsc__MA(w_o_Bi)__Series_1.csv,2,1,0,1.3013211381620147,0.998848657359205,0.9965542512809197,0.9772585270528186,0.9006859301410307,0.7981061229376127,0.7572636290275041,0.7244180055466051,0.0,included
x_time_h/10.1038_s41467-019-12613-8/Fig5_A_modeling_structure_stability_performance_curve_pce/10.1038_s41467-019-12613-8__Fig5__A__modeling_structure_stability_performance_curve_pce__Control__Series_1.csv,0,0,0,1.505335245515805,0.9993648931457051,0.9986518881305113,0.9882802752482414,0.9506681739489101,0.9021387546484974,0.8789738493765317,0.8704556382707606,0.0,included
x_time_h/10.1038_s41467-019-12613-8/Fig5_A_modeling_structure_stability_performance_curve_pce/10.1038_s41467-019-12613-8__Fig5__A__modeling_structure_stability_performance_curve_pce__PCBB-3N-3I__Series_2.csv,2,1,0,1.5060580030364978,0.9945698910465741,0.9978692498522828,0.9820406951364683,0.9330919246224166,0.8882903851731898,0.8561195273134256,0.8361037092609755,0.0,included
x_time_h/10.1038_s41467-019-12613-8/Fig5_A_modeling_structure_stability_performance_curve_pce/10.1038_s41467-019-12613-8__Fig5__A__modeling_structure_stability_performance_curve_pce__PCBB-3N__Series_3.csv,2,1,0,1.3473756706008846,1.0009632271787487,0.998133577933208,0.9842973614250917,0.9347137447567148,0.8854141311509209,0.8508879715033703,0.8259700177691379,0.0,included
x_time_h/10.1038_s41467-020-18015-5/Fig4_A_pl_spectrum_stability_performance_curve_pce/10.1038_s41467-020-18015-5__Fig4__A__pl_spectrum_stability_performance_curve_pce__Pristine__Series_1.csv,0,0,0,1.667509996280807,1.011227478709276,0.9917055538957132,0.9914678848031793,0.9945441540124128,0.9917782321646299,0.9945855052553799,0.9998651923601631,200.0,included
x_time_h/10.1038_s41467-021-23566-2/Fig5_C_mppt_stability_performance_curve_pce/10.1038_s41467-021-23566-2__Fig5__C__mppt_stability_performance_curve_pce__Control__Series_1.csv,0,0,0,1.0681726715711537,0.9895844647923316,0.9980283821869224,0.9865241425836058,0.9473918128409424,0.9203053456713007,0.8987073712065672,0.876697318352637,0.0,included
x_time_h/10.1038_s41467-021-26754-2/Fig5_E_mppt_stability_performance_curve_pattern/10.1038_s41467-021-26754-2__Fig5__E__mppt_stability_performance_curve_pattern__0—0-PDEAl2__Series_2.csv,0,0,0,0.7368199463297282,0.9706316431573289,0.9986237820879926,0.9896394279007038,0.9951210679922003,0.9709121804109608,0.9498025387178081,0.9442757392152799,57.166666666666664,included
x_time_h/10.1038_s41467-021-26754-2/Fig5_E_mppt_stability_performance_curve_pattern/10.1038_s41467-021-26754-2__Fig5__E__mppt_stability_performance_curve_pattern__Control__Series_1.csv,2,1,0,0.9486048107806905,1.0040970422066662,0.9982036368438219,0.9846269718459639,0.9419701404482779,0.8838669425866095,0.8242781545297975,0.7948786366028204,0.0,included
x_time_h/10.1038_s41467-022-34203-x/Fig3_C_mppt_stability_performance_curve_pce/10.1038_s41467-022-34203-x__Fig3__C__mppt_stability_performance_curve_pce__CB-NH₂__Series_2.csv,0,0,0,1.689412887825326,1.0238294628286968,0.9907319123944687,0.9907132828575099,0.9966635467472772,0.9995389525339113,0.996569248005288,0.9937577719637238,103.66666666666667,included
x_time_h/10.1038_s41467-022-34203-x/Fig3_C_mppt_stability_performance_curve_pce/10.1038_s41467-022-34203-x__Fig3__C__mppt_stability_performance_curve_pce__Control__Series_1.csv,0,0,0,0.7303374613345197,1.008492295268934,0.999777137010323,0.9999411133635172,0.9817195910763187,0.9666824457538882,0.9575533434582428,0.9485713396425172,11.5,included
x_time_h/10.1038_s41467-023-36918-x/Fig5_B_jv_curve_stability_performance_pce/10.1038_s41467-023-36918-x__Fig5__B__jv_curve_stability_performance_pce__Target_encap__Series_2.csv,0,0,0,1.3709010969552446,1.0029429388534883,0.9997824323112073,0.9980364882573205,0.9919999036474493,0.9867326019587082,0.9838996898058218,0.9800877985440769,0.0,included
x_time_h/10.1038_s41467-023-36918-x/Fig5_B_jv_curve_stability_performance_pce/10.1038_s41467-023-36918-x__Fig5__B__jv_curve_stability_performance_pce__UV_resin_encap__Series_1.csv,0,0,0,0.962933712124104,1.001152002632413,0.999692690272863,0.999758946640144,0.9897055660610521,0.9777101507819591,0.9641235725685922,0.9530886109640152,6.333333333333333,included
x_time_h/10.1038_s41467-023-36918-x/Fig5_F_jv_curve_stability_performance_pce/10.1038_s41467-023-36918-x__Fig5__F__jv_curve_stability_performance_pce__POE_encap__Series_1.csv,0,0,0,0.4542234399682874,1.0016760299544991,1.0000200432354607,0.9984040254644878,0.9749270085107419,0.9495604130977268,0.9292939967052698,0.9092111885381228,0.0,included
x_time_h/10.1038_s41467-023-36918-x/Fig5_F_jv_curve_stability_performance_pce/10.1038_s41467-023-36918-x__Fig5__F__jv_curve_stability_performance_pce__Target_encap__Series_2.csv,0,0,0,1.2929722768358496,1.0041725038579035,0.999832477715329,0.9998338019742181,0.9899136391068658,0.9842546388822649,0.9791328720914038,0.9776113505133176,5.833333333333333,included
x_time_h/10.1038_s41467-023-43016-5/Fig4_F_mppt_stability_performance_curve_pce/10.1038_s41467-023-43016-5__Fig4__F__mppt_stability_performance_curve_pce__Control__Series_3.csv,1,0,1,3.7052804819637615,16.672733044383147,0.9900708712913583,0.8875716034997747,0.6469246646603724,0.6450219281216582,0.6182381063053665,0.5903269660946507,0.0,included
x_time_h/10.1038_s41467-023-43016-5/Fig4_F_mppt_stability_performance_curve_pce/10.1038_s41467-023-43016-5__Fig4__F__mppt_stability_performance_curve_pce__VAQ-2D_Cs₀.₂FA₀.₈Pb(I₀.₆Br₀.₄)₃__Series_2.csv,0,0,0,0.5778667711253106,19.35920678190276,0.9982415074891178,0.9841098741651785,0.952581773881109,0.9278787538504509,0.9227554647645528,0.9209538971443252,0.0,included
x_time_h/10.1038_s41467-023-43016-5/Fig4_F_mppt_stability_performance_curve_pce/10.1038_s41467-023-43016-5__Fig4__F__mppt_stability_performance_curve_pce__VAQ-2D_DMA₀.₁Cs₀.₄FA₀.₅Pb(I₀.₇₂Br₀.₂₄Cl₀.₀₄)₃__Series_1.csv,0,0,0,0.6462222276817164,19.15517080183798,0.9998518980396853,0.9966507914499513,0.9602914042860964,0.9556177323746053,0.955578190471472,0.9556177323746053,0.0,included
x_time_h/10.1038_s41467-023-43016-5/Fig5_D_mppt_stability_performance_curve_pce/10.1038_s41467-023-43016-5__Fig5__D__mppt_stability_performance_curve_pce__WBG_FAMA_NBG__Series_2.csv,2,1,0,1.298403941225922,1.0021599749701653,0.9994313454494361,0.9901537172159331,0.9247858876360406,0.784158753808182,0.7603004036638628,0.7603004036638628,0.0,included
x_time_h/10.1038_s41467-023-43016-5/Fig5_E_mppt_stability_performance_curve_pce/10.1038_s41467-023-43016-5__Fig5__E__mppt_stability_performance_curve_pce__Series_1__Series_1.csv,0,0,0,0.8656269936268115,1.0007275401598257,0.9991778591293146,0.9941552170598921,0.9854860350121918,0.9738023517812051,0.9572587322992646,0.9585412453558259,0.0,included
x_time_h/10.1038_s41467-024-45228-9/Fig6_A_mppt_stability_performance_curve_image/10.1038_s41467-024-45228-9__Fig6__A__mppt_stability_performance_curve_image__Control__Series_1.csv,0,0,0,1.9093694602831912,0.996089541757021,0.7877916893432482,0.9146646274899035,0.9644017480559386,0.9851890461863615,0.9992353491612901,0.9966171957555102,159.83333333333334,included
x_time_h/10.1038_s41467-024-45228-9/Fig6_A_mppt_stability_performance_curve_image/10.1038_s41467-024-45228-9__Fig6__A__mppt_stability_performance_curve_image__PEDAI__Series_2.csv,0,0,0,6.36540631298812,0.9694864054390494,0.20591370286364977,0.4575959002908143,0.9920085170647387,0.9996965504334142,0.9906254619532537,0.9713778073908863,104.33333333333333,included
x_time_h/10.1038_s41467-024-49617-y/Fig6_D_xrd_pattern_stability_performance_curve_pce/10.1038_s41467-024-49617-y__Fig6__D__xrd_pattern_stability_performance_curve_pce__o1Control__Series_2.csv,0,0,0,0.39719389240296626,0.9912137683563318,0.9984690674027447,0.9867730015668084,0.9475987865364935,0.9418136364120587,0.9288752683698378,0.9089015625003766,0.0,included
x_time_h/10.1038_s41467-024-49617-y/Fig6_E_xrd_pattern_stability_performance_curve_pce/10.1038_s41467-024-49617-y__Fig6__E__xrd_pattern_stability_performance_curve_pce__Control__Series_1.csv,2,1,0,0.7053147740658656,0.9976200250568693,0.9999999999999601,0.988755648132916,0.9463124940823687,0.863998324013066,0.8113703098684643,0.7657762513552875,0.0,included
x_time_h/10.1038_s41467-024-49617-y/Fig6_F_xrd_pattern_stability_performance_curve_pce/10.1038_s41467-024-49617-y__Fig6__F__xrd_pattern_stability_performance_curve_pce__Control__Series_2.csv,0,0,0,1.376331039810333,0.9968977871478225,0.9995864735406773,0.9971260324008349,0.9911580280757849,0.9785954895199628,0.9791192801043467,0.9892060188285237,0.0,included
x_time_h/10.1038_s41467-024-51760-5/Fig4_E_jv_curve_stability_performance_eqe/10.1038_s41467-024-51760-5__Fig4__E__jv_curve_stability_performance_eqe__2PACz__Series_2.csv,0,0,0,0.9087581564185346,1.0009387302765227,0.9994836519304863,0.9956200279256235,0.9837042923555808,0.9764082624023785,0.9655297568654495,0.9586400477158293,0.0,included
x_time_h/10.1038_s41467-025-56409-5/Fig4_A_stability_performance_curve_pce_mapping/10.1038_s41467-025-56409-5__Fig4__A__stability_performance_curve_pce_mapping__2D-PEA-disordered__Series_3.csv,0,0,0,1.791918054829583,22.435989613766797,0.9996361387396204,0.9980155550923696,0.9780958542226689,0.9496172106501005,0.9029283786811534,0.759045327972437,4.166666666666667,included
x_time_h/10.1038_s41467-025-56409-5/Fig4_A_stability_performance_curve_pce_mapping/10.1038_s41467-025-56409-5__Fig4__A__stability_performance_curve_pce_mapping__Control__Series_1.csv,0,0,0,0.6321859926973005,21.523543057187325,0.9997756679042278,0.9934838587054835,0.9665330468209435,0.9406414049724791,0.9069330435928085,0.9015113563329022,0.0,included
x_time_h/10.1038_s41560-019-0382-6/Fig5_A_mppt_stability_performance_curve/10.1038_s41560-019-0382-6__Fig5__A__mppt_stability_performance_curve__CsFAMA-F__Series_2.csv,0,0,0,1.670252307344754,1.0177947507697427,0.995152073833823,0.998780515984884,0.9998158970720974,0.994509982645353,0.9944228382167951,0.9920226837960324,60.0,included
x_time_h/10.1038_s41560-019-0382-6/Fig5_A_mppt_stability_performance_curve/10.1038_s41560-019-0382-6__Fig5__A__mppt_stability_performance_curve__CsFAMA__Series_1.csv,0,0,0,1.1150208956678456,1.0078085054882873,0.9945222018142099,0.9978138288137717,0.9938405704982801,0.9829493682019376,0.9696587951667767,0.9598791726023201,25.166666666666668,included
x_time_h/10.1038_s41560-019-0382-6/Fig5_B_mppt_stability_performance_curve/10.1038_s41560-019-0382-6__Fig5__B__mppt_stability_performance_curve__CsFAMA-F__Series_1.csv,0,0,0,1.4387893568617267,1.0227188511688448,0.9847646377182956,0.9891869180213755,0.9997309278475347,0.9916737985622232,0.9838129358192496,0.9763628432607605,57.5,included
x_time_h/10.1038_s41560-019-0382-6/Fig5_B_mppt_stability_performance_curve/10.1038_s41560-019-0382-6__Fig5__B__mppt_stability_performance_curve__CsFAMA__Series_2.csv,0,0,0,0.8553525767899897,1.0047982929890122,0.9967048074607531,0.998292679153068,0.9935750574613558,0.9747471912414523,0.9562466193009305,0.9410806896697129,26.333333333333332,included
x_time_h/10.1038_s41560-019-0382-6/Fig5_D_mppt_stability_performance_curve/10.1038_s41560-019-0382-6__Fig5__D__mppt_stability_performance_curve__CsFAMA-F__Series_2.csv,0,0,0,0.573492604022838,1.001025837428885,0.9984406078151103,0.9875556066386406,0.9769025360933784,0.9604750410888456,0.9507174523022427,0.9508361951177515,0.0,included
x_time_h/10.1038_s41560-019-0382-6/Fig5_D_mppt_stability_performance_curve/10.1038_s41560-019-0382-6__Fig5__D__mppt_stability_performance_curve__CsFAMA__Series_1.csv,2,1,0,0.3411715862047729,0.9518115984754799,0.9991973418595255,0.9911643894641284,0.9234303671780444,0.8541844046338309,0.7985025843612622,0.7517152424347915,0.0,included
x_time_h/10.1038_s41560-019-0538-4/Fig6_B_mppt_stability_performance_curve_pce/10.1038_s41560-019-0538-4__Fig6__B__mppt_stability_performance_curve_pce__Pristine__Series_2.csv,0,0,0,0.4797134283058381,0.9936185751306029,0.9987629442448644,0.9890619834226422,0.953028121472214,0.9351215841583305,0.9269853255182955,0.9245569020250334,0.0,included
x_time_h/10.1038_s41560-019-0538-4/Fig6_C_mppt_stability_performance_curve_pce/10.1038_s41560-019-0538-4__Fig6__C__mppt_stability_performance_curve_pce__Pristine__Series_1.csv,2,1,0,1.0501893108298561,17.34108677526679,0.9980926294650461,0.9885539163264546,0.9478690065298258,0.8872789244516639,0.8271163746954625,0.7844113013695134,0.0,included
x_time_h/10.1038_s41560-020-00692-7/Fig4_G_stability_performance_curve_jsc/10.1038_s41560-020-00692-7__Fig4__G__stability_performance_curve_jsc__2-T_tandem__Series_2.csv,0,0,0,0.7800176085757178,1.0051984602160724,1.0001230414011506,0.9965409739181127,0.9803149182716603,0.9737579471620683,0.9573489895886438,0.947506448724494,1.5,included
x_time_h/10.1038_s41560-020-00692-7/Fig4_G_stability_performance_curve_jsc/10.1038_s41560-020-00692-7__Fig4__G__stability_performance_curve_jsc__FA$_{0.85}$MA$_{0.1}$Cs$_{0.05}$Sn$_{0.5}$Pb$_{0.5}$I$_3$__Series_1.csv,0,0,0,0.5707724674071922,1.008739049834567,0.9846815919667721,0.9971129554101393,0.9876954051879704,0.9604556748750677,0.932114206366973,0.9142098592705566,14.0,included
x_time_h/10.1038_s41560-023-01249-0/Fig5_A_mppt_stability_performance_curve_pce/10.1038_s41560-023-01249-0__Fig5__A__mppt_stability_performance_curve_pce__Control__Series_1.csv,2,1,0,1.177704933079166,0.9810110829616462,0.9943991448317105,0.9522663713872399,0.8707641584419904,0.8411253942368792,0.8262852427780768,0.8144123276441085,0.0,included
x_time_h/10.1038_s41560-023-01295-8/Fig3_E_mppt_stability_performance_curve_pce/10.1038_s41560-023-01295-8__Fig3__E__mppt_stability_performance_curve_pce__Control__Series_3.csv,0,0,0,0.7236575278184495,22.45401410531379,0.991617847100856,0.9966020211290394,0.9935822898819183,0.9731125658808243,0.9412110805972967,0.924610065691969,25.333333333333332,included
x_time_h/10.1038_s41560-023-01295-8/Fig3_F_mppt_stability_performance_curve_pce/10.1038_s41560-023-01295-8__Fig3__F__mppt_stability_performance_curve_pce__Control__Series_2.csv,0,0,0,0.4028732270136707,22.2669199590883,0.9989997645397448,0.9909730434569366,0.9604344776833863,0.9396414109131339,0.9265125299393228,0.9169330783845541,0.0,included
x_time_h/10.1038_s41560-023-01358-w/Fig4_E_stability_performance_curve_pce/10.1038_s41560-023-01358-w__Fig4__E__stability_performance_curve_pce__Control__Series_2.csv,2,1,0,1.2088271383061464,0.9829383470765346,0.9956585417268133,0.9665791762971133,0.9159900116080003,0.8851303615618589,0.8488159610773933,0.8155145834476977,0.0,included
x_time_h/10.1038_s41560-023-01358-w/Fig4_H_stability_performance_curve_pce/10.1038_s41560-023-01358-w__Fig4__H__stability_performance_curve_pce__o1Control__Series_1.csv,1,0,1,1.0228958891393267,0.9906042487553889,0.9962842950765882,0.9635722102541185,0.8839723369523583,0.7251676304865871,0.608369216392129,0.5459292138025711,0.0,included
x_time_h/10.1038_s41560-023-01421-6/Fig4_D_mppt_stability_performance_curve_pce/10.1038_s41560-023-01421-6__Fig4__D__mppt_stability_performance_curve_pce__Control__Series_1.csv,0,0,0,0.6068025384882155,0.9811025295895378,0.9999101723035801,0.9988215008790882,0.9879630078655889,0.9669169686305359,0.9435370012391989,0.9230701854120872,0.0,included
x_time_h/10.1038_s41565-020-0765-7/Fig3_A_mppt_stability_performance_curve_pce/10.1038_s41565-020-0765-7__Fig3__A__mppt_stability_performance_curve_pce__r-PVSC__Series_2.csv,0,0,0,1.5741687708717302,20.457435887765413,0.9780377369648751,0.982780744087358,0.9900640336232406,0.9991509566055724,0.9946154326011803,0.9805538494707278,107.66666666666667,included
x_time_h/10.1038_s41586-019-1357-2/Fig9_A_jv_curve_stability_performance_pce/10.1038_s41586-019-1357-2__Fig9__A__jv_curve_stability_performance_pce__Control_device_PCE__Series_1.csv,2,1,0,2.3005015171817194,15.85789372388977,0.9833233455955886,0.929031561241576,0.9219442019245593,0.9722692212036874,0.8408263347122653,0.7761895933664001,80.66666666666667,included
"x_time_h/10.1038_s41586-021-03406-5/Fig4_A_stability_performance_curve/10.1038_s41586-021-03406-5__Fig4__A__stability_performance_curve__Reference,_PCE_initial_=_23.86%__Series_2.csv",0,0,0,0.40974984758332184,0.9867024981252186,0.9990123218719346,0.9919516774515761,0.9783297764415724,0.9646537272608536,0.9391359129493179,0.9168370247389445,0.0,included
"x_time_h/10.1038_s41586-021-03406-5/Fig4_B_stability_performance_curve/10.1038_s41586-021-03406-5__Fig4__B__stability_performance_curve__Reference,_PCEinitial_=_23.75%__Series_2.csv",2,1,0,0.21735465227909334,0.9961710153057168,0.9973611204907022,0.977544605768955,0.916134289446873,0.8611284459001173,0.7985629571421204,0.7688081903443308,0.0,included
"x_time_h/10.1038_s41586-021-03406-5/Fig4_D_stability_performance_curve/10.1038_s41586-021-03406-5__Fig4__D__stability_performance_curve__Reference,_PCE_initial_=_21.82%__Series_1.csv",2,1,0,1.6742530728670313,0.9888087773821421,0.9991251415216017,0.9921045495989737,0.9671236979304989,0.9057203641015522,0.8483508494478249,0.8128211373252325,0.0,included
x_time_h/10.1038_s41586-023-06892-x/Fig4_B_mppt_stability_performance_curve_pce/10.1038_s41586-023-06892-x__Fig4__B__mppt_stability_performance_curve_pce__WBG_PSCs_with_BCP__Series_1.csv,1,0,1,3.371774903175197,18.241508362479507,0.9919138330958449,0.9192463230657772,0.7662710479620412,0.7359488944943418,0.7195847072933278,0.7162777047941279,0.0,included
x_time_h/10.1038_s41586-023-06892-x/Fig4_B_mppt_stability_performance_curve_pce/10.1038_s41586-023-06892-x__Fig4__B__mppt_stability_performance_curve_pce__WBG_PSCs_with_YbOₓ__Series_2.csv,0,0,0,1.3229076464214267,18.66277183159968,0.9759991448717686,0.9750765143415886,0.9928622198133994,0.9999999999999601,0.9844302603039752,0.9454042275488728,104.66666666666667,included
x_time_h/10.1038_s41598-020-72210-4/Fig8_E_stability_performance_curve/10.1038_s41598-020-72210-4__Fig8__E__stability_performance_curve__Efficiency__Series_1.csv,0,0,0,1.7557983580073675,3.3120417934358777,0.9951923695599301,0.9966519285584565,0.9998218045201455,0.9974161263714177,0.9974161263714177,0.9974161263714177,34.166666666666664,included
x_time_h/10.1038_s41598-024-55379-w/Fig17_whole_stability_performance_curve_pce/10.1038_s41598-024-55379-w__Fig17__whole__stability_performance_curve_pce__Un-doped_ZnO_ETL__Series_3.csv,2,1,0,0.8439174685178001,7.2708312559737,0.9967579438689698,0.9850974510272598,0.9551956441478168,0.8696819411942267,0.8348348879854369,0.7420787356564532,0.0,included
x_time_h/10.1038_s41598-024-55379-w/Fig17_whole_stability_performance_curve_pce/10.1038_s41598-024-55379-w__Fig17__whole__stability_performance_curve_pce__ZnO_H2O-Ag-doped_ZnO_1wt.%_ETL__Series_1.csv,0,0,0,0.7304542608094994,9.170974854896906,0.9985664340868095,0.9999999999999601,0.9857385475884752,0.9713603315477531,0.9589074492635635,0.911265458087578,14.833333333333334,included
x_time_h/10.1038_s41598-024-74735-4/Fig4_C_stability_performance_curve_pce/10.1038_s41598-024-74735-4__Fig4__C__stability_performance_curve_pce__Spiro-OMeTAD__Series_2.csv,2,1,0,1.148167637219976,1.0028850117312187,0.9994867966884485,0.9927537720021894,0.9478151673855789,0.895977368371019,0.833760068583717,0.768123924553724,0.0,included
x_time_h/10.1038_s41598-024-74735-4/Fig4_C_stability_performance_curve_pce/10.1038_s41598-024-74735-4__Fig4__C__stability_performance_curve_pce__XC2-M__Series_3.csv,2,1,0,1.8270147893853852,1.004925027467582,0.9991706775139882,0.9925155042599161,0.9564874677715555,0.917034971228607,0.8605337257134311,0.8010802409456013,0.0,included
x_time_h/10.1039_C9TA04166D/Fig6_whole_stability_performance_curve_pce/10.1039_C9TA04166D__Fig6__whole__stability_performance_curve_pce__Spiro__Series_2.csv,1,0,1,1.02302719199707,0.9994762137434449,0.9972246153350905,0.9372582493001164,0.802964512194018,0.723875086005781,0.588291385744331,0.46324423804689263,0.0,included
x_time_h/10.1039_D5EE03984C/Fig5_L_mppt_stability_performance_curve_pce/10.1039_D5EE03984C__Fig5__L__mppt_stability_performance_curve_pce__Control__Series_1.csv,0,0,0,0.7529625651753893,0.9964292306143779,0.9998140697467219,0.9983220107836489,0.991608909302207,0.9788723687098847,0.9473332018333948,0.9188738402207497,0.0,included
x_time_h/10.1039_D5EE05397H/Fig3_A_stability_performance_curve/10.1039_D5EE05397H__Fig3__A__stability_performance_curve__SPVKs__Series_3.csv,0,0,0,0.7848518131064167,0.8819318970042069,0.9996247505369498,0.9956363374806064,0.9661343680550654,0.9410564792896889,0.9063335567881028,0.8799233801300944,0.0,included
x_time_h/10.1039_D5EE05397H/Fig3_A_stability_performance_curve/10.1039_D5EE05397H__Fig3__A__stability_performance_curve__SQOSCs__Series_1.csv,0,0,0,0.5618839370671675,0.9328791554784239,0.9863337882632287,0.9997941302843617,0.950359559440492,0.9604401331461815,0.9478936518232487,0.9354963814738568,9.0,included
x_time_h/10.1039_D5EE05397H/Fig3_D_stability_performance_curve/10.1039_D5EE05397H__Fig3__D__stability_performance_curve__SQOSCs(390nm)__Series_1.csv,0,0,0,1.6872924674246133,1.0025221368708996,0.990539909113052,0.9971917646764117,0.9994235541514412,0.9973084633594268,0.9947849976162453,0.991981667213651,53.166666666666664,included
x_time_h/10.1039_D5SC04399A/Fig5_A_stability_performance_curve_pce/10.1039_D5SC04399A__Fig5__A__stability_performance_curve_pce__Spiro-OMeTAD__Series_4.csv,0,0,0,0.41830346131563084,0.9972353025566324,0.9990897143127685,0.9936785727265542,0.97710696046509,0.9586405664279046,0.9420349534417077,0.927101257847839,0.0,included
x_time_h/10.1039_D5SC04399A/Fig5_A_stability_performance_curve_pce/10.1039_D5SC04399A__Fig5__A__stability_performance_curve_pce__pcz-DM__Series_2.csv,0,0,0,0.3918470510389515,1.0032925099261591,0.9990015223403732,0.9920074968429853,0.9641179058291682,0.9419260326785797,0.9303841977455592,0.9079147132078714,0.0,included
x_time_h/10.1039_D5SC04399A/Fig5_A_stability_performance_curve_pce/10.1039_D5SC04399A__Fig5__A__stability_performance_curve_pce__pcz-SM-DM__Series_3.csv,0,0,0,0.6598366567341938,0.9987496043990141,0.9990991526423191,0.9918700043411628,0.9575845119601253,0.9295263681381916,0.9179077643961304,0.9014364260340995,0.0,included
x_time_h/10.1039_D5TA07147J/Fig8_A_stability_performance_curve_pce/10.1039_D5TA07147J__Fig8__A__stability_performance_curve_pce__w_oCNMs__Series_2.csv,0,0,0,0.6829589193310739,1.0027786406594799,0.9996714322358277,0.997348436784123,0.9905520418285049,0.9681973435627661,0.9358141327372764,0.887449774178485,0.0,included
x_time_h/10.1039_D6CC01405D/Fig3_C_stability_performance_curve_pce_eqe/10.1039_D6CC01405D__Fig3__C__stability_performance_curve_pce_eqe__2PACz__Series_2.csv,0,0,0,0.9060845211401835,15.293232594536603,0.9987384211354938,0.9999649962715706,0.9868326498483133,0.9596448593866176,0.9284097638121798,0.8371738729035763,11.5,included
x_time_h/10.1039_c5nr01820j/Fig5_B_stability_performance_curve/10.1039_c5nr01820j__Fig5__B__stability_performance_curve__HOOC-Ph-SH_Perovskite__Series_1.csv,2,1,0,1.9515303616603878,13.246429001104305,0.9683933320278849,0.9968069954851719,0.9702912746066605,0.9359210899082107,0.8485457865478859,0.7499188506436777,7.333333333333333,included
x_time_h/10.1039_c5nr05271h/Fig7_A_stability_performance_curve_pce/10.1039_c5nr05271h__Fig7__A__stability_performance_curve_pce__GO_PEDOT__Series_1.csv,2,1,0,0.8293793650865359,1.0607288951335205,0.960820890717862,0.9834970785683081,0.9510581654018041,0.8367278036670907,0.7913861628901723,0.7232054540244451,21.0,included
x_time_h/10.1039_c5nr05271h/Fig7_A_stability_performance_curve_pce/10.1039_c5nr05271h__Fig7__A__stability_performance_curve_pce__GO__Series_3.csv,0,0,0,1.5268209984822783,1.0812507674323613,0.9310782188948085,0.9628810711481961,0.9710722800619782,0.8976498287300004,0.8938349763712673,0.8733748814744807,24.666666666666668,included
x_time_h/10.1039_c5nr05271h/Fig7_A_stability_performance_curve_pce/10.1039_c5nr05271h__Fig7__A__stability_performance_curve_pce__PEDOT__Series_2.csv,3,1,1,4.027457747049666,0.9947728476984847,0.9983146545467488,0.9820447175704686,0.8597371390067042,0.5132076366256473,0.3004147572558845,0.1767973310980444,0.0,included
x_time_h/10.1039_c5ta05286f/Fig7_A_pce/10.1039_c5ta05286f__Fig7__A__pce__PEDOT_PSS__Series_2.csv,2,1,0,2.933049369918718,1.001352274819407,0.9996936047226909,0.9876287942965941,0.934492549286537,0.8859016000779282,0.7384906838894227,0.5233386977503952,0.0,included
x_time_h/10.1039_c5ta07957h/Fig10_B_stability_performance_curve_pce/10.1039_c5ta07957h__Fig10__B__stability_performance_curve_pce__PEDOT_PSS(40nm)__Series_2.csv,2,1,0,4.125255090253184,10.12328804551871,0.9984872313533274,0.9969676366664574,0.9785501112491984,0.8967089799320378,0.6471609977014905,0.4794793623831231,0.0,included
x_time_h/10.1039_c5ta09080f/Fig6_C_stability_performance_curve_pce_profile/10.1039_c5ta09080f__Fig6__C__stability_performance_curve_pce_profile__Shelf_stability__Series_1.csv,0,0,0,1.6987727808853372,100.70009989469914,0.997507621747249,0.9796838190245358,0.9324051365458533,0.8941697249069184,0.8743873473023499,0.869123989064241,0.0,included
x_time_h/10.1039_c6cc06290c/Fig4_B_stability_performance_curve/10.1039_c6cc06290c__Fig4__B__stability_performance_curve__Control__Series_1.csv,1,0,1,2.1589299676578695,15.346289298378768,0.9983757839967732,0.979777649736664,0.853988779553167,0.7053652801912328,0.5211519376508714,0.38903493812384815,0.0,included
x_time_h/10.1039_c6nr01927g/Fig5_D_stability_performance_curve_pce/10.1039_c6nr01927g__Fig5__D__stability_performance_curve_pce__PEDOT_PSS__Series_2.csv,2,1,0,2.6300963760575735,13.554450517589029,0.9828954511587462,0.9934453451090001,0.9940725139554301,0.9618228505028295,0.8242837179907669,0.6531258839830639,22.833333333333332,included
x_time_h/10.1039_c6nr04288k/Fig5_D_stability_performance_curve_pce/10.1039_c6nr04288k__Fig5__D__stability_performance_curve_pce__PEDOT_PSS__Series_1.csv,2,1,0,2.3196643813923488,11.824049744898675,0.9767393451194858,0.9877261980463486,0.9868985375148203,0.9491326061428207,0.8522676436659684,0.7091635141662607,23.5,included
x_time_h/10.1039_c6ra06635f/Fig2_C_modeling_mapping_stability_performance_curve_2/10.1039_c6ra06635f__Fig2__C__modeling_mapping_stability_performance_curve_2__Modeling_for_PEDOT_PSS__Series_1.csv,1,0,1,3.8106420359499533,1.0209184835802085,0.9899393915420709,0.9381413742840599,0.9648760612549916,0.7605439616382248,0.4979814167653486,0.33063323140728335,0.0,included
x_time_h/10.1039_c6ra06635f/Fig2_C_modeling_mapping_stability_performance_curve_2/10.1039_c6ra06635f__Fig2__C__modeling_mapping_stability_performance_curve_2__Modeling_for_Spiro-OMETAD__Series_2.csv,3,1,1,2.3973190914168963,1.0444691448589938,0.9881407159324819,0.913169172688234,0.618268383781841,0.3746391123031203,0.23388912516834007,0.14916812350690348,0.0,included
x_time_h/10.1039_c6ra09878a/Fig10_whole_figure/10.1039_c6ra09878a__Fig10__whole__figure__Spiro-OMeTAD__Series_2.csv,1,0,1,4.349372393250979,100.04522879157048,0.9956106544054583,0.9603868953762208,0.7995596773527113,0.5966650325849483,0.3936172686352742,0.37102518358525266,0.0,included
x_time_h/10.1039_c6ra21775c/Fig5_B_stability_performance_curve_jsc_pce/10.1039_c6ra21775c__Fig5__B__stability_performance_curve_jsc_pce__LiTFSI+TBP__Series_2.csv,0,0,0,0.713570589917142,1.0037325174252818,0.9999219176365023,0.998982528081484,0.9876335047609129,0.9780056793486974,0.9492128476210108,0.9162512408391937,0.0,included
x_time_h/10.1039_c6ta10605f/Fig1_D_stability_performance_curve_pce/10.1039_c6ta10605f__Fig1__D__stability_performance_curve_pce__η__Series_1.csv,0,0,0,1.6156212372846332,7.62711274393076,0.9016040442736974,0.918524760845677,0.944993009735308,0.9719287126493696,0.9978220611873662,0.9924576574174462,157.5,included
x_time_h/10.1039_c7ee02634j/Fig4_D_mppt_stability_performance_curve_jsc/10.1039_c7ee02634j__Fig4__D__mppt_stability_performance_curve_jsc__CsFAMA__Series_2.csv,0,0,0,1.139239330098985,19.398635743825743,0.9997473732309723,0.9999999999999603,0.9942911709772925,0.9801302042377743,0.9718574663564759,0.9618104763120938,10.0,included
x_time_h/10.1039_c7ee02634j/Fig4_D_mppt_stability_performance_curve_jsc/10.1039_c7ee02634j__Fig4__D__mppt_stability_performance_curve_jsc__FAMA__Series_1.csv,0,0,0,0.6727889095704718,19.033885880881,0.9967534188059821,0.9992734225877354,0.9907738890620701,0.9637988850453508,0.928296987627497,0.8999276413818271,17.0,included
x_time_h/10.1039_c7ta06752f/Fig7_D_stability_performance_curve_pce/10.1039_c7ta06752f__Fig7__D__stability_performance_curve_pce__CH₃NH₃PbI₃₋ₓClₓ_V₂Oₓ_(0_wt%)__Series_2.csv,2,1,0,2.166363232085391,0.8748896222954274,0.9993205161027355,0.9938677722836868,0.9662675696727305,0.9447864749850019,0.8622339482771603,0.7544027472282288,0.0,included
x_time_h/10.1039_c7ta06752f/Fig7_D_stability_performance_curve_pce/10.1039_c7ta06752f__Fig7__D__stability_performance_curve_pce__CH₃NH₃PbI₃₋ₓClₓ_V₂Oₓ_(2.5_wt%)__Series_1.csv,0,0,0,0.6403568602559526,1.049785434662406,0.9577990296988502,0.9639271863899567,0.9944600732930281,0.9641078523407487,0.9282335415610614,0.8999778453495613,60.833333333333336,included
x_time_h/10.1039_c7ta07939g/Fig9_A_stability_performance_curve/10.1039_c7ta07939g__Fig9__A__stability_performance_curve__Pristine__Series_1.csv,0,0,0,0.8080826319337571,0.9996926356489401,0.9999999999999601,0.9999999999999601,0.9967963388585346,0.9749165709295541,0.9271827824617391,0.9161097585288136,32.166666666666664,included
x_time_h/10.1039_c7ta09946k/Fig5_A_stability_performance_curve/10.1039_c7ta09946k__Fig5__A__stability_performance_curve__Spiro-OMeTAD__Series_2.csv,3,1,1,6.423711682191359,17.4554530853501,0.987383068399057,0.6583238392926114,0.42347887480745244,0.443079808242805,0.45863049775738635,0.47058376007956393,0.0,included
x_time_h/10.1039_c7ta10871k/Fig7_A_stability_performance_curve_pce/10.1039_c7ta10871k__Fig7__A__stability_performance_curve_pce__CCE__Series_2.csv,2,1,0,0.8811007489481539,4.787587023426871,0.9995211640090227,0.992902441371087,0.9135244165706151,0.829282845907653,0.7694553353103655,0.7310106218793507,0.0,included
x_time_h/10.1039_c7ta10871k/Fig7_A_stability_performance_curve_pce/10.1039_c7ta10871k__Fig7__A__stability_performance_curve_pce__PF-3__Series_4.csv,2,1,0,1.0069632116452498,5.496102074775816,0.9985434686305785,0.9881779781773475,0.9422923311829106,0.8750472490851652,0.8343332338487304,0.8009409118352784,0.0,included
x_time_h/10.1039_c8ee02252f/Fig6_F_stability_performance_curve_pce/10.1039_c8ee02252f__Fig6__F__stability_performance_curve_pce__Control__Series_2.csv,2,1,0,2.7257778542336135,0.9525458314675703,0.9926474715862503,0.9388762211302736,0.8160608431188263,0.7631124756944925,0.7287952615681501,0.706391277910387,0.0,included
x_time_h/10.1039_c8ee02404a/Fig6_E_mppt_stability_performance_curve_pce/10.1039_c8ee02404a__Fig6__E__mppt_stability_performance_curve_pce__Reference__Series_1.csv,0,0,0,1.1124111337113622,0.9793220078146443,0.9873060783158605,0.9991777544212231,0.9990841773782367,0.9867164867595432,0.9715916665280558,0.9469021069942738,71.66666666666667,included
x_time_h/10.1039_c8nr00152a/Fig7_B_stability_performance_curve_pce/10.1039_c8nr00152a__Fig7__B__stability_performance_curve_pce__FA__Series_3.csv,2,1,0,2.0566533248488112,1.0015560092627926,0.8645940547140538,0.8883595599520272,0.9941243693417797,0.919128254057719,0.8311752356043149,0.7880232629810662,56.833333333333336,included
x_time_h/10.1039_c8nr05698f/Fig6_A_stability_performance_curve_pce_conductivity/10.1039_c8nr05698f__Fig6__A__stability_performance_curve_pce_conductivity__PEDOT_PSS__Series_2.csv,3,1,1,2.7020670834180187,8.492068111600013,0.9936969826074645,0.9347120850335234,0.6744225019986002,0.530750958469083,0.23913323832446146,0.07312044757182029,0.0,included
x_time_h/10.1039_c8nr07638c/Fig4_D_stability_performance_curve_pce/10.1039_c8nr07638c__Fig4__D__stability_performance_curve_pce__PSCwith_β-CD__Series_1.csv,0,0,0,1.1766197185758895,20.397767013293066,0.9982530435536112,0.9996878663559684,0.9953570065635119,0.9891854372198501,0.972272797318934,0.9557920174035696,7.5,included
x_time_h/10.1039_c8nr07638c/Fig4_D_stability_performance_curve_pce/10.1039_c8nr07638c__Fig4__D__stability_performance_curve_pce__PSCwithout_β-CD__Series_2.csv,1,0,1,4.671378224157647,17.27050904629221,0.9989387228233612,0.9903680116792578,0.9589075356708956,0.7706521744483231,0.489121770499534,0.206322909336833,0.0,included
x_time_h/10.1039_c8nr08295b/Fig6_B_stability_performance_curve_pce/10.1039_c8nr08295b__Fig6__B__stability_performance_curve_pce__W_O_CQDs__Series_1.csv,1,0,1,3.728303537793874,1.0067165705375374,0.9996943191964707,0.9885253957353041,0.9426269786766795,0.8297883249231818,0.64542041892544,0.2884712244972286,0.0,included
x_time_h/10.1039_c8qm00620b/Fig3_D_stability_performance_curve/10.1039_c8qm00620b__Fig3__D__stability_performance_curve__SnO₂_C₆₀-SAM__Series_2.csv,0,0,0,0.821195687951801,0.9980781131210141,0.9989698460421146,0.987078594520661,0.931639419100433,0.9218399726066171,0.9353500647999038,0.9315135678154542,0.0,included
x_time_h/10.1039_c8qm00620b/Fig3_D_stability_performance_curve/10.1039_c8qm00620b__Fig3__D__stability_performance_curve__SnO₂__Series_1.csv,2,1,0,1.4524704787072262,0.9980781131210141,0.9990738057504179,0.9889096302224238,0.9215298577454846,0.8345966712615522,0.8582725709553108,0.8376350666141789,0.0,included
x_time_h/10.1039_c8qm00620b/Fig3_D_stability_performance_curve/10.1039_c8qm00620b__Fig3__D__stability_performance_curve__ZnO_SnO₂_C₆₀-SAM__Series_3.csv,0,0,0,1.5632291821659943,0.9961219822836348,0.9992840993251288,0.9925690361189222,0.9478410592759046,0.8592012156224071,0.9463401301603426,0.939189520876691,0.0,included
x_time_h/10.1039_c8ra02556h/Fig6_A_pce/10.1039_c8ra02556h__Fig6__A__pce__PEDOT_PSS__Series_3.csv,1,0,1,5.76436312486921,1.0383799770649573,0.9807705675301812,0.9903882295276415,0.9165216290156368,0.7278364962744115,0.3706804922819505,0.22939916556236697,17.333333333333332,included
x_time_h/10.1039_c8ta00267c/Fig5_B_stability_performance_curve_pce/10.1039_c8ta00267c__Fig5__B__stability_performance_curve_pce__Pristine__Series_1.csv,0,0,0,0.6596012382122267,1.0189636476256174,0.9788145913855607,0.9857704774744102,0.9991536733340908,0.9659667170646485,0.9365942227923428,0.9060936770962027,45.333333333333336,included
x_time_h/10.1039_c8ta00267c/Fig5_C_stability_performance_curve_pce/10.1039_c8ta00267c__Fig5__C__stability_performance_curve_pce__Pristine__Series_1.csv,0,0,0,1.7636576164968527,0.9799278779116948,0.9991138266222525,0.9991707646549675,0.9600854912831334,0.909922759807248,0.868844209628205,0.8305603463364825,6.333333333333333,included
x_time_h/10.1039_c8ta00769a/Fig8_D_stability_performance_curve_pce/10.1039_c8ta00769a__Fig8__D__stability_performance_curve_pce__Control__Series_1.csv,0,0,0,0.48228511899258525,0.9996881331121803,0.9995839098810777,0.9960481599923287,0.976103666511776,0.9481096963897195,0.9250245876240082,0.9097467541611772,0.0,included
x_time_h/10.1039_c8ta00769a/Fig8_E_stability_performance_curve_pce/10.1039_c8ta00769a__Fig8__E__stability_performance_curve_pce__Control__Series_2.csv,0,0,0,0.6819103531565374,1.0000329286461955,0.9999450678672528,0.9986406123704226,0.9764330331817646,0.9537802100939149,0.9176071178921806,0.8814794897346655,0.0,included
x_time_h/10.1039_c8ta02121j/Fig6_B_stability_performance_curve_pce/10.1039_c8ta02121j__Fig6__B__stability_performance_curve_pce__Without_CH₃CONH₂__Series_2.csv,1,0,1,0.9227718888686605,0.9943380212625416,0.9940671072960818,0.9510414393614955,0.7957980396050752,0.6884079832927944,0.6277637102645084,0.5578734790431785,0.0,included
x_time_h/10.1039_c8ta02672f/Fig3_M_jv_curve_stability_performance/10.1039_c8ta02672f__Fig3__M__jv_curve_stability_performance__AuCl₃-Graphene__Series_1.csv,0,0,0,1.730379816020552,17.740967100970867,0.9998245783480443,0.999926921487581,0.9975958570017098,0.9975958570017098,0.9975969896508384,0.995458830009946,6.5,included
x_time_h/10.1039_c8ta04453h/Fig4_A_stability_performance_curve_pce/10.1039_c8ta04453h__Fig4__A__stability_performance_curve_pce__x_=_0__Series_2.csv,0,0,0,1.429594864093,20.299018584235675,0.998990754974944,0.9892860403093277,0.9482011049091607,0.9466471658917994,0.9066410048546398,0.8153088311389372,0.0,included
x_time_h/10.1039_c8ta04936j/Fig5_A_stability_performance_curve_pce/10.1039_c8ta04936j__Fig5__A__stability_performance_curve_pce__MA__Series_2.csv,0,0,0,1.1459551197234403,0.989287490164669,0.9997445192720286,0.9979521599555848,0.9925628010841763,0.9815546357204472,0.9739814455718234,0.9619572140220168,0.0,included
x_time_h/10.1039_c8ta04936j/Fig5_A_stability_performance_curve_pce/10.1039_c8ta04936j__Fig5__A__stability_performance_curve_pce__MDx=0.03__Series_3.csv,0,0,0,1.5689249588282117,0.996222715962669,0.9996919955045629,0.9999942912550945,0.9964179931048839,0.9937080544214637,0.9901502241980593,0.9881244515063374,9.0,included
x_time_h/10.1039_c8ta04936j/Fig5_A_stability_performance_curve_pce/10.1039_c8ta04936j__Fig5__A__stability_performance_curve_pce__MDx=0.05__Series_4.csv,0,0,0,1.4450902568750323,0.9958147773324871,0.9999510901441067,0.9993986745703993,0.9924744338900532,0.9891629615388033,0.9862566549407518,0.9819536576823689,0.0,included
x_time_h/10.1039_c8ta04936j/Fig5_A_stability_performance_curve_pce/10.1039_c8ta04936j__Fig5__A__stability_performance_curve_pce__MDx=0.10__Series_1.csv,0,0,0,1.1147095755641818,0.9974465991244418,0.9997972872826336,0.9981705518721837,0.9908527593610776,0.9817055187221952,0.9725582780833127,0.9623388176338303,0.0,included
x_time_h/10.1039_c8ta04936j/Fig6_A_stability_performance_curve_pce/10.1039_c8ta04936j__Fig6__A__stability_performance_curve_pce__MA__Series_3.csv,2,1,0,1.411607335184657,0.9920836155956826,0.9959079113349774,0.9566910267794903,0.9231583674021716,0.8934019277188137,0.8533762013590099,0.8151687523761642,0.0,included
x_time_h/10.1039_c8ta04936j/Fig6_A_stability_performance_curve_pce/10.1039_c8ta04936j__Fig6__A__stability_performance_curve_pce__MDX=0.05__Series_4.csv,0,0,0,0.6135466477084585,0.9982680951080724,0.9984530521889016,0.9913612611751442,0.9809344069966167,0.9603077379669037,0.9288039881375716,0.8797981985500933,0.0,included
x_time_h/10.1039_c8ta04936j/Fig6_A_stability_performance_curve_pce/10.1039_c8ta04936j__Fig6__A__stability_performance_curve_pce__MDx=0.03__Series_2.csv,0,0,0,1.1342175015178033,0.9971747822144763,1.0001998953010158,0.9887047724150675,0.9649061511260624,0.9362582614987089,0.8909354529918051,0.8513198439728598,0.0,included
x_time_h/10.1039_c8ta04936j/Fig6_A_stability_performance_curve_pce/10.1039_c8ta04936j__Fig6__A__stability_performance_curve_pce__MDx=0.10__Series_1.csv,1,0,1,1.2450784380834738,0.9920836155956826,0.9955884906007759,0.940835038308842,0.8332976674421966,0.7624522332408975,0.6431687999204309,0.4674085521464865,0.0,included
x_time_h/10.1039_c8ta07368f/Fig7_whole_stability/10.1039_c8ta07368f__Fig7__whole__stability__Spiro-OMeTAD__Series_1.csv,3,1,1,3.323560310469023,18.99641332979046,0.9829298113279837,0.8553855548423149,0.6561116605221172,0.5364129979706785,0.44849519624125084,0.40129576653648025,0.0,included
x_time_h/10.1039_c8ta10094b/Fig4_D_stability_performance_curve_pce/10.1039_c8ta10094b__Fig4__D__stability_performance_curve_pce__IPA__Series_2.csv,2,1,0,1.6858614896216915,100.89743906753615,0.999383923192614,0.9934045317763869,0.9493680214053756,0.9054623534940701,0.8616123372725738,0.8165540400731742,0.0,included
x_time_h/10.1039_c8ta11800k/Fig3_F_mppt_stability_performance_curve_eqe/10.1039_c8ta11800k__Fig3__F__mppt_stability_performance_curve_eqe__Spiro-OMeTAD__Series_1.csv,2,1,0,1.0631506471458405,17.882033160220157,0.9937439128419561,0.9492791653176892,0.9004237243378538,0.8569664922365302,0.7897790837236951,0.6718387556989314,0.0,included
x_time_h/10.1039_c8ta11925b/Fig6_F_stability_performance_curve_pce/10.1039_c8ta11925b__Fig6__F__stability_performance_curve_pce__ABS-0__Series_1.csv,2,1,0,0.9410877769582385,0.9927131479050844,0.998196214953018,0.9870873748904231,0.9035365269688188,0.8438135783691433,0.7719055245202399,0.6908507811276469,0.0,included
x_time_h/10.1039_c9cc07785e/Fig4_A_stability_performance_curve_pce_2/10.1039_c9cc07785e__Fig4__A__stability_performance_curve_pce_2__CE__Series_2.csv,0,0,0,1.2950830699389662,13.0833382342836,0.99954695897909,0.9997868124953819,0.9937234205129829,0.9715235816527905,0.9820548270318882,0.9825650547425332,6.333333333333333,included
x_time_h/10.1039_c9ta00118b/Fig6_B_mppt_stability_performance_curve_pce/10.1039_c9ta00118b__Fig6__B__mppt_stability_performance_curve_pce__C₆₀__Series_2.csv,2,1,0,0.33393234527373145,11.941442530997197,0.9981159344684467,0.9811604600270315,0.9055804160470078,0.8489627208774624,0.792271002956636,0.7305940769249066,0.0,included
x_time_h/10.1039_c9ta01070j/Fig4_B_stability_performance_curve_pce/10.1039_c9ta01070j__Fig4__B__stability_performance_curve_pce__Spiro__Series_1.csv,0,0,0,1.5263537863116565,18.877273471358638,0.991948063145482,0.9947833932364561,0.9853652607268902,0.9215497427257606,0.8759746540818637,0.8550266430874155,28.833333333333332,included
x_time_h/10.1039_c9ta01094g/Fig4_D_stability_performance_curve/10.1039_c9ta01094g__Fig4__D__stability_performance_curve__Spiro-MeOTAD_at_65_±_1_°C_without_sealing_in_nitrogen_atmosphere__Series_1.csv,2,1,0,1.590139194590753,0.9989089832201166,0.9987221919158334,0.9913392971623998,0.9382144887328316,0.8877169929217065,0.8642280156655427,0.821501723512341,0.0,included
x_time_h/10.1039_c9ta01094g/Fig5_C_stability/10.1039_c9ta01094g__Fig5__C__stability__CuScN_rG0_@_85_%c__Series_2.csv,0,0,0,1.5424096744068214,1.009192927790707,0.9997722100148907,0.9997722100148907,0.9992921438605099,0.9904932433799823,0.9906065565963458,0.9874619333813001,45.833333333333336,included
x_time_h/10.1039_c9ta01760g/Fig3_E_stability_performance_curve_pce/10.1039_c9ta01760g__Fig3__E__stability_performance_curve_pce__W_0g-C3N4__Series_2.csv,2,1,0,0.5001467518759336,1.0040153335429858,0.9985829265126744,0.9872111504772202,0.9313317222006521,0.8582481793443334,0.7901444148947435,0.7376310051009621,0.0,included
x_time_h/10.1039_c9ta03454d/Fig3_D_stability_performance_curve/10.1039_c9ta03454d__Fig3__D__stability_performance_curve__y_=_0__Series_1.csv,0,0,0,0.4458061681673865,1.0029179741422292,0.9995460798209195,0.995903446845046,0.9795172342253894,0.9608437149253934,0.9411119494361054,0.918279408578409,0.0,included
x_time_h/10.1039_c9ta05422g/Fig7_D_jv_curve_stability_performance_pce/10.1039_c9ta05422g__Fig7__D__jv_curve_stability_performance_pce__c-Ti02_Sn02__Series_2.csv,0,0,0,0.37732040483601703,0.9995507315928039,0.9986798576477978,0.9887207282943723,0.9598478764507855,0.9396838322012776,0.9339657267753319,0.9299455151816107,0.0,included
x_time_h/10.1039_c9ta05422g/Fig7_D_jv_curve_stability_performance_pce/10.1039_c9ta05422g__Fig7__D__jv_curve_stability_performance_pce__c-Ti02__Series_1.csv,0,0,0,0.758022009640714,0.992547098993116,0.9993693181573109,0.993839761024194,0.9596752518313286,0.9309341618828844,0.9092874834925739,0.8989077313244412,0.0,included
x_time_h/10.1039_c9ta05802h/Fig5_B_stability_performance_curve_jsc/10.1039_c9ta05802h__Fig5__B__stability_performance_curve_jsc__C-ZnO__Series_1.csv,2,1,0,1.1424095016634561,6.2324313475176485,0.9979376837909341,0.9873248827016606,0.9534063650516333,0.8942293780649696,0.8330010423194064,0.7657447532286159,0.0,included
x_time_h/10.1039_c9ta06718c/Fig6_C_pce/10.1039_c9ta06718c__Fig6__C__pce__W_O_DTA__Series_2.csv,2,1,0,1.7545053633837113,18.974555935475017,0.9993181604698871,0.9938465130940252,0.9670857008960628,0.8979386652426039,0.844672486326904,0.8359847467518297,0.0,included
x_time_h/10.1039_c9ta07238a/Fig5_A_stability_performance_curve_pce/10.1039_c9ta07238a__Fig5__A__stability_performance_curve_pce__Prisitine__Series_1.csv,0,0,0,0.885569207279722,0.9993685392136704,0.9996605579031217,0.9966298302057852,0.9775265572661338,0.936253306517739,0.9044519683252916,0.8782098187148999,0.0,included
x_time_h/10.1039_c9ta08177a/Fig6_A_stability_performance_curve/10.1039_c9ta08177a__Fig6__A__stability_performance_curve__with_PEI_CNT__Series_2.csv,0,0,0,1.388009640949546,0.996611083623695,0.9997068346254682,0.9999097831206425,0.9960890180618134,0.9915501494537715,0.981935663053926,0.9717937307146962,6.833333333333333,included
x_time_h/10.1039_c9ta08177a/Fig6_A_stability_performance_curve/10.1039_c9ta08177a__Fig6__A__stability_performance_curve__withoutPEI_CNT__Series_1.csv,0,0,0,0.7824824334067891,0.9961773313646427,0.9997157526214235,0.9974323569474896,0.9810567052497582,0.9673801971153272,0.9615326752394647,0.9512595904904119,0.0,included
x_time_h/10.1039_c9ta09101g/Fig2_E_stability_performance_curve_jsc/10.1039_c9ta09101g__Fig2__E__stability_performance_curve_jsc__W_oTBAB__Series_1.csv,1,0,1,1.52319250801825,1.013221539159189,0.9970695027593933,0.969523530421915,0.8196573382946765,0.6485402434366516,0.5493015671528811,0.48810439743760115,0.0,included
x_time_h/10.1039_c9ta12597c/Fig5_A_stability_performance_curve_pce/10.1039_c9ta12597c__Fig5__A__stability_performance_curve_pce__Pristine__Series_1.csv,0,0,0,1.3674628444333303,18.404504835999276,0.9626868330070197,0.9672985260319926,0.9917045667947558,0.9957924734751599,0.9819270743828933,0.973962440503704,68.33333333333333,included
x_time_h/10.1039_c9ta12904a/Fig6_E_pce/10.1039_c9ta12904a__Fig6__E__pce__o-control__Series_2.csv,0,0,0,1.4096933074594165,1.0041407013534658,0.999513198959986,0.9930876062574893,0.9617777398724228,0.9244276908953457,0.8850433485613425,0.8422160496784008,0.0,included
x_time_h/10.1039_c9ta13159k/Fig4_E_stability_performance_curve/10.1039_c9ta13159k__Fig4__E__stability_performance_curve__Control__Series_1.csv,0,0,0,0.606859876803814,1.0019640274681547,0.9988142079073947,0.9914940046899057,0.9719284840473794,0.9451967507008202,0.9167610184509521,0.8896463530819861,0.0,included
x_time_h/10.1039_c9ta13159k/Fig4_E_stability_performance_curve/10.1039_c9ta13159k__Fig4__E__stability_performance_curve__FBH__Series_2.csv,0,0,0,1.5575946342066584,1.0340169414370322,0.9707939327030689,0.9833182571668411,0.9999538440427312,0.9998625394493554,0.990364621362768,0.9772275448663306,51.333333333333336,included
x_time_h/10.1039_c9ta13719j/Fig7_D_stability_performance_curve_pce/10.1039_c9ta13719j__Fig7__D__stability_performance_curve_pce__10-PFA__Series_1.csv,2,1,0,0.6676581720045447,0.995289323486775,0.9992521585253975,0.9920332302105427,0.9394273935060224,0.8717154235113166,0.8061635629853295,0.7841435450106246,0.0,included
x_time_h/10.1039_c9ta13719j/Fig7_D_stability_performance_curve_pce/10.1039_c9ta13719j__Fig7__D__stability_performance_curve_pce__Control__Series_2.csv,2,1,0,0.49370004721651917,0.9822136258971841,0.9987678240518242,0.9885481087745935,0.9354168786047741,0.8622990204623339,0.7942233469999317,0.7736499193805482,0.0,included
x_time_h/10.1039_c9ta13922b/Fig4_F_stability_performance_curve_pce/10.1039_c9ta13922b__Fig4__F__stability_performance_curve_pce__w_o_t-BCA__Series_2.csv,0,0,0,1.2037899756586836,1.0002855654435328,0.9994881161424077,0.9953803344102125,0.9642481112122183,0.9347799845416559,0.8991534416335561,0.8499284864325246,0.0,included
x_time_h/10.1039_c9ta14139a/Fig5_A_stability_performance_curve_pce/10.1039_c9ta14139a__Fig5__A__stability_performance_curve_pce__HEA__Series_1.csv,0,0,0,0.8838703076666222,0.9996765019932394,0.9994850945698054,0.9946118782411839,0.9667231532827179,0.9312568760991433,0.9044857896675849,0.8816926379780252,0.0,included
x_time_h/10.1039_c9tc00064j/Fig7_A_stability_performance_curve/10.1039_c9tc00064j__Fig7__A__stability_performance_curve__Reference__Series_1.csv,0,0,0,1.1871196058300875,1.0050913817812492,0.9998735625634684,0.9998735625634684,0.9979218083625027,0.9818281219201032,0.9716834766017495,0.9623593790496572,26.5,included
x_time_h/10.1039_c9tc03877a/Fig4_A_stability_performance_curve_pce/10.1039_c9tc03877a__Fig4__A__stability_performance_curve_pce__PCBM__Series_2.csv,3,1,1,1.9530642920199994,16.843323976305648,0.9957668169110544,0.9538575607649445,0.7430420271521467,0.48717361149995453,0.3171478941121417,0.22160216369278463,0.0,included
x_time_h/10.1039_c9tc04067f/Fig6_whole_stability/10.1039_c9tc04067f__Fig6__whole__stability__Pristine__Series_2.csv,3,1,1,1.3926218614496007,0.9356699380417767,0.9917438662385715,0.9088148414625385,0.6266112756175147,0.49240235773423924,0.3720990389795604,0.31383242748928725,0.0,included
x_time_h/10.1039_c9tc05679c/Fig8_B_stability_performance_curve_pce/10.1039_c9tc05679c__Fig8__B__stability_performance_curve_pce__CsPbBr₃__Series_2.csv,0,0,0,0.7696375947718063,1.0114164905189433,0.9996030097610306,0.9971413697913146,0.9415949505777435,0.9363993534184526,0.9290821662960377,0.972884319168921,3.8333333333333335,included
x_time_h/10.1039_c9tc06578d/Fig5_A_stability_performance_curve/10.1039_c9tc06578d__Fig5__A__stability_performance_curve__Control__Series_1.csv,2,1,0,1.3612784233341757,1.004060581102931,0.9988307870975774,0.9881904022345053,0.9416723420107901,0.8914405592020636,0.8461656883514381,0.8186941422788406,0.0,included
x_time_h/10.1039_d0ee01655a/Fig4_D_stability_performance_curve_pce/10.1039_d0ee01655a__Fig4__D__stability_performance_curve_pce__Doped_Spiro-OMeTAD__Series_1.csv,2,1,0,2.1934560179496585,0.9337414031067257,0.9956009894144463,0.9621649632729888,0.8480733608138086,0.7802462870641618,0.7314726610240251,0.702281735788416,0.0,included
x_time_h/10.1039_d0ee01845g/Fig3_D_stability_performance_curve/10.1039_d0ee01845g__Fig3__D__stability_performance_curve__FASnl3__Series_1.csv,2,1,0,0.7796792773558572,0.9992172075161189,0.9990141022023291,0.990237541879273,0.9419603835913514,0.884565829559284,0.8106772649134723,0.7577532367576572,0.0,included
x_time_h/10.1039_d0ee01845g/Fig3_D_stability_performance_curve/10.1039_d0ee01845g__Fig3__D__stability_performance_curve__TG-FASnl₃__Series_2.csv,0,0,0,1.685311307755281,1.0466885101935113,0.9636015279644636,0.9635218654462896,0.983036570006781,0.9995614680920342,0.999735989803283,0.9964971616367349,143.5,included
x_time_h/10.1039_d0ee02043e/Fig4_E_stability_performance_curve_pce/10.1039_d0ee02043e__Fig4__E__stability_performance_curve_pce__control__Series_1.csv,0,0,0,0.9826366685453559,0.9972188104163533,0.9995565916849165,0.9951433923382231,0.9615685973635025,0.9211921483127405,0.8993007245926685,0.893253657309092,0.0,included
x_time_h/10.1039_d0ee02859b/Fig3_D_stability_performance_curve/10.1039_d0ee02859b__Fig3__D__stability_performance_curve__85_°C__Series_2.csv,3,1,1,8.474649918311783,0.9923679511126174,0.9727181340023011,0.7796415218866787,0.36767283829964154,0.17900554189164194,0.09931134674324302,0.08907204704186986,0.0,included
x_time_h/10.1039_d0ra03238g/Fig3_D_stability_performance_curve_pce/10.1039_d0ra03238g__Fig3__D__stability_performance_curve_pce__W_O__Series_2.csv,1,0,1,2.0367835953710074,0.9907404782279041,0.9956968641637323,0.9611649239229729,0.8102616879243629,0.6627888879814448,0.5127885443692868,0.44950733516836017,0.0,included
x_time_h/10.1039_d0ra03238g/Fig3_D_stability_performance_curve_pce/10.1039_d0ra03238g__Fig3__D__stability_performance_curve_pce__With_0.2MIMBF₄__Series_1.csv,0,0,0,1.4834800422029455,0.9981608785593399,0.9995423772129096,0.9948503038106848,0.9587003143148121,0.9150310693995968,0.880265891256106,0.8513212606036495,0.0,included
x_time_h/10.1039_d0ra03238g/Fig3_D_stability_performance_curve_pce/10.1039_d0ra03238g__Fig3__D__stability_performance_curve_pce__With_0.4MIMBF₄__Series_3.csv,0,0,0,0.5978102182499547,1.0018710787250578,0.9995440719141305,0.996895860600743,0.9873819230463621,0.9562473296967894,0.9254032500337863,0.9111219448853528,0.0,included
x_time_h/10.1039_d0ra07107b/Fig8_B_stability_performance_curve_pce/10.1039_d0ra07107b__Fig8__B__stability_performance_curve_pce__X_=_10%__Series_1.csv,1,0,1,3.4169864181660428,0.879480297561178,0.969486038664954,0.7882734998632442,0.7197989698618985,0.6436998763437579,0.5271045411950119,0.4642213817299812,0.0,included
x_time_h/10.1039_d0sc06354a/Fig6_E_stability_performance_curve_pce/10.1039_d0sc06354a__Fig6__E__stability_performance_curve_pce__Control__Series_2.csv,2,1,0,1.815268714721533,0.9817291193602062,0.9952375741630538,0.9596802070429555,0.8520395510737284,0.7869123399754681,0.74927306986539,0.7261014480347153,0.0,included
x_time_h/10.1039_d0se00479k/Fig6_whole_mppt_stability_performance_curve_pce/10.1039_d0se00479k__Fig6__whole__mppt_stability_performance_curve_pce__Without_CuSCN__Series_2.csv,0,0,0,1.66304885184277,1.0051807264679347,0.9998450514349745,0.9986017477181869,0.9958174162973361,0.995817341296819,0.9937224755269326,0.9916513149874386,0.0,included
x_time_h/10.1039_d0se01323d/Fig7_A_stability_performance_curve/10.1039_d0se01323d__Fig7__A__stability_performance_curve__Forward_bias__Series_1.csv,0,0,0,1.0397572070705745,15.614449550692324,0.9983566242379246,0.999506653915401,0.9937987391853574,0.9819242119077006,0.9699840318723352,0.9447687263022114,6.833333333333333,included
x_time_h/10.1039_d0se01323d/Fig7_A_stability_performance_curve/10.1039_d0se01323d__Fig7__A__stability_performance_curve__Reverse_bias__Series_2.csv,0,0,0,0.7013498352061619,15.802581178936471,0.9998685624283733,0.9973293529368884,0.9841101972433425,0.9702342861476749,0.9576449722706998,0.9335312084194869,0.0,included
x_time_h/10.1039_d0se01493a/Fig6_D_stability_performance_curve_pattern/10.1039_d0se01493a__Fig6__D__stability_performance_curve_pattern__Ref__Series_1.csv,0,0,0,1.7853081402172066,1.0017593997793994,0.9975068646374948,0.9959505808429203,0.9976773281268829,0.9999999999999601,1.0000024493429098,0.9977611789236236,152.33333333333334,included
x_time_h/10.1039_d0ta01255f/Fig7_A_stability_performance_curve/10.1039_d0ta01255f__Fig7__A__stability_performance_curve__Control__Series_2.csv,1,0,1,0.8805215102252221,0.997748285068164,0.9987003415189745,0.9805875834336665,0.873850098699778,0.7169479795353202,0.6292798266137823,0.49494803612032745,0.0,included
x_time_h/10.1039_d0ta01255f/Fig7_B_stability_performance_curve/10.1039_d0ta01255f__Fig7__B__stability_performance_curve__Control__Series_2.csv,0,0,0,0.6473153061517788,0.9980594892987322,0.999773154105372,0.9976887844213159,0.9839232238187798,0.9439258007509304,0.916142207335889,0.9090031099355408,0.0,included
x_time_h/10.1039_d0ta02222e/Fig7_D_stability_performance_curve_pce/10.1039_d0ta02222e__Fig7__D__stability_performance_curve_pce__w_o_EPC__Series_1.csv,2,1,0,1.727880526585634,1.0013333617112652,1.0002606765679567,0.9876823531885078,0.9507927901455373,0.9137644797724196,0.8606653021378745,0.7838808656842167,0.0,included
x_time_h/10.1039_d0ta02222e/Fig7_D_stability_performance_curve_pce/10.1039_d0ta02222e__Fig7__D__stability_performance_curve_pce__with_EPC__Series_2.csv,0,0,0,0.47371889891036123,1.0108076776020782,0.9989002083738585,0.9902121253443643,0.983702838293332,0.9646308178759546,0.9396938882190208,0.9288742319011947,0.0,included
x_time_h/10.1039_d0ta02437f/Fig6_B_stability_performance_curve_pce/10.1039_d0ta02437f__Fig6__B__stability_performance_curve_pce__3D__Series_2.csv,1,0,1,2.0080479127093387,1.00556186053746,0.9982628373793557,0.9760771844508567,0.748403771582769,0.631302758092466,0.5469234687285869,0.5337047034068297,0.0,included
x_time_h/10.1039_d0ta04275g/Fig6_A_stability_performance_curve/10.1039_d0ta04275g__Fig6__A__stability_performance_curve__NP-SnO₂__Series_1.csv,2,1,0,1.8308913645133427,1.0062953853078669,0.9995835297156865,0.9955836791297017,0.9404344816905947,0.8874303612523184,0.863563238575221,0.8554472038570549,0.0,included
x_time_h/10.1039_d0ta04275g/Fig6_B_stability_performance_curve/10.1039_d0ta04275g__Fig6__B__stability_performance_curve__NP-SnO₂__Series_1.csv,0,0,0,1.1702400219681681,1.0005289830135846,0.9997642878299157,0.9978727373700239,0.9878102289385615,0.9760228815309843,0.9751300796848178,0.9719757667760057,0.0,included
x_time_h/10.1039_d0ta04680a/Fig5_E_pattern/10.1039_d0ta04680a__Fig5__E__pattern__FABA__Series_2.csv,0,0,0,0.39414954806427155,0.9992653708224822,0.9992709217551707,0.9935011595226237,0.9688698297374542,0.9481989940854262,0.9405457448126839,0.9346497324633278,0.0,included
x_time_h/10.1039_d0ta04680a/Fig5_E_pattern/10.1039_d0ta04680a__Fig5__E__pattern__FA__Series_1.csv,0,0,0,1.3327354425897011,1.0006115473625172,0.9995124091646795,0.994854836553054,0.9540531990894743,0.9087374161905409,0.8877596781888633,0.8721602494355715,0.0,included
x_time_h/10.1039_d0ta09209f/Fig7_D_stability_performance_curve/10.1039_d0ta09209f__Fig7__D__stability_performance_curve__Control__Series_1.csv,0,0,0,1.6474885810133482,0.9931242266373037,0.9368566092715028,0.9517899052864297,0.9907862454870959,0.9979574462301326,0.9901168656779228,0.9972396765710838,84.33333333333333,included
x_time_h/10.1039_d0ta09209f/Fig7_D_stability_performance_curve/10.1039_d0ta09209f__Fig7__D__stability_performance_curve__PNAI-120__Series_2.csv,0,0,0,1.548812196302566,0.9984919580074574,0.908480557374013,0.9130508378615741,0.9736543146687131,0.9979992602937172,0.9830422321064011,0.9783941983823488,84.0,included
x_time_h/10.1039_d0ta10535j/Fig6_B_jv_curve_stability_performance/10.1039_d0ta10535j__Fig6__B__jv_curve_stability_performance__Pristine__Series_1.csv,0,0,0,0.6973194846712218,1.0711137860119997,0.9917653013995784,0.9991517023255724,0.98844953089421,0.96711930061209,0.9487633782156527,0.9339813274201617,13.666666666666666,included
x_time_h/10.1039_d0ta12342k/Fig5_C_stability_performance_curve_pce/10.1039_d0ta12342k__Fig5__C__stability_performance_curve_pce__Pristine__Series_2.csv,1,0,1,0.7756282233788767,0.9801412967901031,0.9939384328419529,0.9514736701534696,0.8343312607249304,0.749843222479114,0.619496584926503,0.5370533526625568,0.0,included
x_time_h/10.1039_d0tc01244k/Fig5_whole_stability/10.1039_d0tc01244k__Fig5__whole__stability__Control__Series_2.csv,2,1,0,2.243739695435772,1.0036239220304566,0.9989851857244825,0.9908414721049329,0.912590733477622,0.7816168573610711,0.7126722898482548,0.682751200799705,0.0,included
x_time_h/10.1039_d0tc01244k/Fig5_whole_stability/10.1039_d0tc01244k__Fig5__whole__stability__PEAI_anti-solvent__Series_3.csv,0,0,0,1.7683323062156784,0.9996816319290645,0.9989629407397846,0.9839006370480843,0.9259717542578823,0.8821098529863859,0.8847149491400624,0.8807148586250999,0.0,included
x_time_h/10.1039_d0tc01244k/Fig5_whole_stability/10.1039_d0tc01244k__Fig5__whole__stability__PEAI_layer__Series_1.csv,0,0,0,0.2972878711124694,1.0016527769797605,0.9993846456308296,0.9928145130942572,0.9595319861312507,0.9564328388177332,0.9451291515482128,0.9044232659869949,0.0,included
x_time_h/10.1039_d0tc02078h/Fig5_whole_stability_performance_curve_pce/10.1039_d0tc02078h__Fig5__whole__stability_performance_curve_pce__Standard__Series_3.csv,2,1,0,0.7318306683480711,0.9988297556324425,0.9975031087688692,0.9732841473057111,0.8644126306214183,0.8480483550426402,0.8024810763673094,0.7709095928954373,0.0,included
x_time_h/10.1039_d0tc02438d/Fig4_C_stability_performance_curve_pce/10.1039_d0tc02438d__Fig4__C__stability_performance_curve_pce__c-TiO₂__Series_3.csv,3,1,1,1.2392349296100558,0.9832387845981352,0.9948441155216374,0.9302198734384133,0.6923745602324205,0.4878520245510191,0.2747101596627197,0.19921143830741916,0.0,included
x_time_h/10.1039_d0tc04056h/Fig6_D_stability_performance_curve_pce/10.1039_d0tc04056h__Fig6__D__stability_performance_curve_pce__0_%__Series_1.csv,0,0,0,0.5382748341703676,1.001771255854411,0.9997277704408538,0.9961969603136817,0.9783656018547474,0.9623782353766458,0.95009469526649,0.9382231992271187,0.0,included
x_time_h/10.1039_d0tc04624h/Fig6_F_stability_performance_curve/10.1039_d0tc04624h__Fig6__F__stability_performance_curve__without_CoBr₂__Series_2.csv,0,0,0,1.0614587526150925,1.0186831231366391,0.9791433453528207,0.9931188669004148,0.994018717944509,0.9740445790848579,0.9717782694171637,0.9536067305758092,19.0,included
x_time_h/10.1039_d0tc05113f/Fig5_F_stability_performance_curve_pce/10.1039_d0tc05113f__Fig5__F__stability_performance_curve_pce__W_OPTB7__Series_1.csv,1,0,1,2.3680529725757893,0.9941854003685465,0.9970355987685591,0.9633027137622792,0.8926541380795245,0.8200199878254603,0.6480802932210113,0.596141352433105,0.0,included
x_time_h/10.1039_d0tc05455k/Fig6_B_stability_performance_curve_pce/10.1039_d0tc05455k__Fig6__B__stability_performance_curve_pce__CsPbIBr₂__Series_1.csv,0,0,0,0.9215170372765493,1.0000975585490413,0.998668442601245,0.9879891632584229,0.9593807988384593,0.9163690595500905,0.9109518102582934,0.8732527995772641,0.0,included
x_time_h/10.1039_d1cp02596a/Fig5_G_stability_performance_curve/10.1039_d1cp02596a__Fig5__G__stability_performance_curve__FASnl__Series_2.csv,2,1,0,0.826889156820931,0.9850365072090081,0.9991251490509563,0.9915298706688668,0.9440421378988977,0.8857411037262038,0.8105252868948511,0.7688464059083857,0.0,included
x_time_h/10.1039_d1ee00116g/Fig1_F_stability_performance_curve_jsc/10.1039_d1ee00116g__Fig1__F__stability_performance_curve_jsc__Unpolished_CFM_device__Series_1.csv,0,0,0,1.2407293028960105,19.225846723516064,0.9984078080038562,0.9834565113696074,0.9433113869205533,0.9136237991014394,0.893227780311678,0.8749897585107707,0.0,included
x_time_h/10.1039_d1ma00975c/Fig9_A_stability_performance_curve_voc/10.1039_d1ma00975c__Fig9__A__stability_performance_curve_voc__GVL_only__Series_1.csv,0,0,0,1.7469317003837193,0.9923525286382339,1.0000575117372401,0.9929126421380862,0.9603484433627467,0.91280690941836,0.8697531508019667,0.8349120044758307,0.0,included
x_time_h/10.1039_d1na00172h/Fig5_B_stability_performance_curve_pce/10.1039_d1na00172h__Fig5__B__stability_performance_curve_pce__Series_1__Series_1.csv,1,0,1,2.157752514009076,1.000835365999397,0.9963009646816137,0.9671013209906648,0.811187630212644,0.7428712690883073,0.6766041632287676,0.6573893313199465,0.0,included
x_time_h/10.1039_d1na00173f/Fig5_D_stability_performance_curve/10.1039_d1na00173f__Fig5__D__stability_performance_curve__ZIF-8@FAI__Series_4.csv,0,0,0,0.7935427582802943,0.990931354062277,0.9992550413907915,0.991554806114397,0.9376040613898126,0.9198436237253517,0.928354966625806,0.9198726897434499,0.0,included
x_time_h/10.1039_d1na00173f/Fig5_D_stability_performance_curve/10.1039_d1na00173f__Fig5__D__stability_performance_curve__ZIF-8@MAI__Series_3.csv,0,0,0,1.0091511730202345,1.007951954021961,0.9988895088686826,0.9890919637914549,0.947134193133159,0.9104150885041875,0.9071542606409749,0.9043108492886108,0.0,included
x_time_h/10.1039_d1na00173f/Fig5_D_stability_performance_curve/10.1039_d1na00173f__Fig5__D__stability_performance_curve__ZIF-8__Series_2.csv,0,0,0,0.9464595941677035,1.0107887206819084,0.9991410204659386,0.9913812444299138,0.9501447014076074,0.9133716011657713,0.9098461761994739,0.904593647267005,0.0,included
x_time_h/10.1039_d1na00173f/Fig5_D_stability_performance_curve/10.1039_d1na00173f__Fig5__D__stability_performance_curve__o-Pristine__Series_1.csv,2,1,0,2.1837595286077747,1.0022784207020663,0.998391207119006,0.984595758327026,0.907939171352106,0.8499931457449426,0.8794505315646145,0.8981301039866307,0.0,included
x_time_h/10.1039_d1na00173f/Fig5_E_mppt_stability_performance_curve_spectrum/10.1039_d1na00173f__Fig5__E__mppt_stability_performance_curve_spectrum__Pristine__Series_1.csv,0,0,0,1.480663322270438,1.0035222018575616,0.9990462001704783,0.9996261884723757,0.9709620278852195,0.9296336791089386,0.8822303153815392,0.8404970218698752,7.0,included
x_time_h/10.1039_d1na00173f/Fig5_E_mppt_stability_performance_curve_spectrum/10.1039_d1na00173f__Fig5__E__mppt_stability_performance_curve_spectrum__ZIF-8@FAI__Series_4.csv,0,0,0,0.4285383407808302,0.9981472215480756,0.9987590981586021,0.999585348636357,0.9733145356050011,0.953039415972489,0.9396653530483869,0.9301859614058113,7.333333333333333,included
x_time_h/10.1039_d1na00173f/Fig5_E_mppt_stability_performance_curve_spectrum/10.1039_d1na00173f__Fig5__E__mppt_stability_performance_curve_spectrum__ZIF-8@MAI__Series_3.csv,0,0,0,0.6942019911020435,1.0025347067990595,0.9997699698411464,0.9998827980736151,0.9885623601051527,0.9720799555775479,0.9497720026073644,0.9289856751640028,6.333333333333333,included
x_time_h/10.1039_d1na00173f/Fig5_E_mppt_stability_performance_curve_spectrum/10.1039_d1na00173f__Fig5__E__mppt_stability_performance_curve_spectrum__ZIF-8__Series_2.csv,0,0,0,0.7442715201809809,0.9998909900627451,0.99958708741333,0.9998620239236995,0.9911199582802841,0.9724725679059364,0.9276251160754272,0.900249471044013,7.333333333333333,included
x_time_h/10.1039_d1qm00435b/Fig7_A_stability/10.1039_d1qm00435b__Fig7__A__stability__Spiro-OMeTAD-based_PSC__Series_2.csv,0,0,0,1.1537031177027854,1.006896405301183,0.9999999999999601,0.9990045760479639,0.9959206715414163,0.9819064211881091,0.9704982916622553,0.9624154931811505,5.5,included
x_time_h/10.1039_d1qm00680k/Fig5_C_stability_performance_curve_pce/10.1039_d1qm00680k__Fig5__C__stability_performance_curve_pce__Pristine__Series_2.csv,1,0,1,2.261643590550444,0.9710430429836839,0.9998739732976007,0.9988166576240464,0.9410449322549219,0.7857181991472358,0.573300459964706,0.4944877837696275,4.333333333333333,included
x_time_h/10.1039_d1ra01236c/Fig7_A_stability_performance_curve_pce/10.1039_d1ra01236c__Fig7__A__stability_performance_curve_pce__0%__Series_1.csv,0,0,0,1.4383770793501096,0.9925111741821011,0.9057253897325409,0.930296379341699,0.9875321656438358,0.9963551903426413,0.9844398169154192,0.970640681103641,79.0,included
x_time_h/10.1039_d1ra01236c/Fig7_A_stability_performance_curve_pce/10.1039_d1ra01236c__Fig7__A__stability_performance_curve_pce__5%__Series_2.csv,0,0,0,1.4910264691590223,0.9993367431081266,0.9516629117120428,0.9504428869488152,0.9858848062707618,0.9979867524528594,0.9895129475699307,0.9809809651773586,76.66666666666667,included
x_time_h/10.1039_d1ra01236c/Fig7_B_stability_performance_curve_pce/10.1039_d1ra01236c__Fig7__B__stability_performance_curve_pce__0%__Series_2.csv,1,0,1,2.651718671467668,0.9495683826990104,0.9953376142173286,0.9516068938416459,0.8411164810753227,0.728103099494095,0.5271858966623941,0.341160244858095,0.0,included
x_time_h/10.1039_d1ra01236c/Fig7_B_stability_performance_curve_pce/10.1039_d1ra01236c__Fig7__B__stability_performance_curve_pce__5%__Series_1.csv,0,0,0,1.3142955632458928,0.9704858030842185,0.9831135451671797,1.000179562615205,0.9508615497351323,0.9167163834724049,0.8889672147147472,0.8695323869777329,10.0,included
x_time_h/10.1039_d1tc01720a/Fig4_C_stability_performance_curve_pce/10.1039_d1tc01720a__Fig4__C__stability_performance_curve_pce__Control__Series_1.csv,0,0,0,1.0319029738257925,99.93310158299879,0.9996827063926511,0.9971364786407563,0.9878879905600848,0.9832564336846685,0.9670988193331466,0.960499242227828,0.0,included
x_time_h/10.1039_d2ma00391k/Fig5_I_stability/10.1039_d2ma00391k__Fig5__I__stability__control__Series_1.csv,2,1,0,0.6422386591246861,1.001547498421767,0.9983785450247843,0.9794964743108895,0.9088012194014159,0.8527721187003152,0.7691175122904013,0.72381864480331,0.0,included
x_time_h/10.1039_d2ma00431c/Fig4_C_mppt_stability_performance_curve_pce_structure/10.1039_d2ma00431c__Fig4__C__mppt_stability_performance_curve_pce_structure__RS-PVK__Series_1.csv,2,1,0,1.0402009398811691,97.35009546479493,1.0004332191285772,0.9769574878317259,0.9079726243779868,0.8374720922763319,0.7601279125397244,0.6857504670220427,0.0,included
x_time_h/10.1039_d2ta05836g/Fig6_G_stability_performance_curve_pce/10.1039_d2ta05836g__Fig6__G__stability_performance_curve_pce__oControl__Series_1.csv,0,0,0,1.5483825652563588,1.0030650959485694,0.999138288343835,0.9914571122418635,0.9531915097352143,0.906290547249157,0.8776197192857788,0.8540331776772029,0.0,included
x_time_h/10.1039_d3ee00423f/Fig4_H_stability_performance_curve_pce/10.1039_d3ee00423f__Fig4__H__stability_performance_curve_pce__Control__Series_2.csv,0,0,0,1.767721231335311,1.0117705122178404,0.9960371961176681,0.9932220563729937,0.9933726383343331,0.9999999999999601,0.9999999999999601,0.9999999999999601,95.16666666666667,included
x_time_h/10.1039_d3ee02344c/Fig5_A_mppt_stability_performance_curve_pce/10.1039_d3ee02344c__Fig5__A__mppt_stability_performance_curve_pce__Reference__Series_3.csv,0,0,0,0.9768707530925408,0.9670777594890888,0.9987587091266854,0.9890395221112478,0.9512641359556108,0.9203798080438929,0.9020941391343876,0.889906637622841,0.0,included
x_time_h/10.1039_d3ee02344c/Fig5_B_stability_performance_curve_pce/10.1039_d3ee02344c__Fig5__B__stability_performance_curve_pce__Reference__Series_3.csv,0,0,0,1.447895864047254,0.9784143931034487,0.9992142437531268,0.9931489436148832,0.9706264840204228,0.9365460782007218,0.8767764575713913,0.8479195671173002,0.0,included
x_time_h/10.1039_d3ma00285c/Fig7_D_mppt_stability_performance_curve_pce_photovoltaic_parameter/10.1039_d3ma00285c__Fig7__D__mppt_stability_performance_curve_pce_photovoltaic_parameter__2D_3D_prvk__Series_2.csv,0,0,0,1.42389439466259,0.9962698894700306,0.9991110242099841,0.988137828428705,0.9255239486959641,0.9074329008241341,0.8947973938740259,0.8623047977755531,0.0,included
x_time_h/10.1039_d3se00435j/Fig8_B_stability_performance_curve_pce/10.1039_d3se00435j__Fig8__B__stability_performance_curve_pce__Reference__Series_2.csv,1,0,1,2.3027217754402867,0.9722629268783249,0.9942777045931945,0.9512836120049764,0.8176558927814341,0.7537722718288703,0.6981780183791768,0.6501133574259429,0.0,included
x_time_h/10.1039_d3ta07690c/Fig6_F_stability_performance_curve_pce/10.1039_d3ta07690c__Fig6__F__stability_performance_curve_pce__Control__Series_1.csv,2,1,0,0.8217377607997646,1.0032420785733913,0.9985616941492598,0.9870357252332556,0.9405953897558675,0.8937493778930451,0.8048943685477893,0.749630519471728,0.0,included
x_time_h/10.1039_d3ta07845k/Fig5_B_stability_performance_curve_pce/10.1039_d3ta07845k__Fig5__B__stability_performance_curve_pce__Control__Series_2.csv,2,1,0,0.6026823542014594,19.426670054361995,0.9974882387598522,0.9727382182785986,0.8811247595811165,0.8453213564821048,0.80813800925408,0.7717879611395624,0.0,included
x_time_h/10.1039_d4ee01841a/Fig6_A_stability_performance_curve_pce/10.1039_d4ee01841a__Fig6__A__stability_performance_curve_pce__Reference__Series_1.csv,2,1,0,0.8670457603314122,1.0018770388114384,0.9934698210278897,0.965646435654155,0.8758645115549435,0.8442318028573846,0.8158723773075285,0.7932602236167596,0.0,included
x_time_h/10.1039_d4ee01960a/Fig5_A_stability_performance_curve/10.1039_d4ee01960a__Fig5__A__stability_performance_curve__4PACz__Series_2.csv,2,1,0,0.5460654846385945,1.00405251038796,0.9989561905950658,0.9896918508071524,0.9342762283763577,0.8477341252064463,0.7922074022627309,0.7374052449253558,0.0,included
x_time_h/10.1039_d4ee03001j/Fig2_E_stability_performance_curve/10.1039_d4ee03001j__Fig2__E__stability_performance_curve__PEDOT_PSS_MAPI+GASCN__Series_3.csv,0,0,0,1.2491761170743878,13.051416523571923,0.9650119830269888,0.9148018742583209,0.9864940278477713,0.9942429891385894,0.9186836878956045,0.8374184021457138,87.5,included
x_time_h/10.1039_d4ee03001j/Fig2_E_stability_performance_curve/10.1039_d4ee03001j__Fig2__E__stability_performance_curve__PEDOT_PSS_MAPI__Series_2.csv,0,0,0,1.6653869391842961,13.295516548841924,0.8033230141740879,0.8608830728302778,0.9738138639111595,0.9996009735988112,0.9595734577626048,0.9199777921281287,105.83333333333333,included
x_time_h/10.1039_d4ee03001j/Fig2_F_stability_performance_curve/10.1039_d4ee03001j__Fig2__F__stability_performance_curve__PEDOT_PSS_MAPI__Series_2.csv,0,0,0,0.9963242145335622,11.176495702952366,0.9978175252897338,1.0000281803307227,0.9999999999999601,0.9886203296487288,0.9494873918260112,0.9113565756013243,80.83333333333333,included
x_time_h/10.1039_d4ee03897e/Fig7_A_stability_performance_curve_pce/10.1039_d4ee03897e__Fig7__A__stability_performance_curve_pce__CP__Series_3.csv,0,0,0,1.2485649817683597,1.0371485316072566,0.9996455723651686,0.9969581950562438,0.9909258699609321,0.9845613440882216,0.9781968182155113,0.9729142617411617,0.0,included
x_time_h/10.1039_d4ee03897e/Fig7_A_stability_performance_curve_pce/10.1039_d4ee03897e__Fig7__A__stability_performance_curve_pce__CQ__Series_1.csv,0,0,0,1.7277128240857675,1.0261156485392837,0.9840089834364827,0.9884881077483784,0.9925364006282219,0.9991708634511339,0.9997702975840019,0.9970532077830886,113.5,included
x_time_h/10.1039_d4ee03897e/Fig7_A_stability_performance_curve_pce/10.1039_d4ee03897e__Fig7__A__stability_performance_curve_pce__Control__Series_2.csv,0,0,0,1.428318675132841,1.0150540162032535,0.997212654012686,0.9994275950625761,0.9931151061850853,0.9884555955139201,0.9856448603195919,0.9802486095810873,16.5,included
x_time_h/10.1039_d4ee05703a/Fig6_D_mppt_stability/10.1039_d4ee05703a__Fig6__D__mppt_stability__ALD-0.75nm__Series_1.csv,0,0,0,0.6917315948576668,12.57632597297947,0.9925360958740869,0.9871501417897527,0.9989416657664758,0.9700813383798587,0.942710778665962,0.9332249666702118,46.166666666666664,included
x_time_h/10.1039_d4ee05703a/Fig6_D_mppt_stability/10.1039_d4ee05703a__Fig6__D__mppt_stability__Uncoated__Series_2.csv,0,0,0,4.036343385549008,9.38327391450747,0.5537000838893374,0.7184169357406018,0.8709417973443111,0.9295238167286701,0.9999999999999601,0.9999999999999601,118.0,included
x_time_h/10.1039_d4qi00166d/Fig7_A_stability_performance_curve_pce_spectrum/10.1039_d4qi00166d__Fig7__A__stability_performance_curve_pce_spectrum__SnO₂__Series_1.csv,2,1,0,1.5163998706965656,0.9950792555232174,0.9978678951172613,0.9807581125776218,0.9348774242200858,0.9051685235216159,0.855242720802466,0.8113064677433452,0.0,included
x_time_h/10.1039_d4sc02020k/Fig4_C_stability_performance_curve_pce/10.1039_d4sc02020k__Fig4__C__stability_performance_curve_pce__PTAA_Li-CYCLIC__Series_2.csv,0,0,0,1.3018501621983765,1.002580370498595,0.9998042213287562,0.9979451868569681,0.9853268251311794,0.9808999211480085,0.9834027671840208,0.9807406724413946,0.0,included
x_time_h/10.1039_d4sc02020k/Fig4_C_stability_performance_curve_pce/10.1039_d4sc02020k__Fig4__C__stability_performance_curve_pce__PTAA_Li-TFSI__Series_1.csv,0,0,0,0.4976282625106924,0.9977493576648033,0.999870068042261,0.998336294137522,0.9822679341775487,0.9577658674067686,0.9338249281138418,0.9177277454981432,0.0,included
x_time_h/10.1039_d4sc04819a/Fig5_E_stability_performance_curve_pce/10.1039_d4sc04819a__Fig5__E__stability_performance_curve_pce__Ref__Series_1.csv,3,1,1,2.179055677537649,0.996783128187064,0.9945693875704874,0.9455401188575677,0.6914599241941229,0.5143684558402569,0.3975742130003099,0.3212745353187431,0.0,included
x_time_h/10.1039_d4sc04819a/Fig5_F_stability_performance_curve_pce/10.1039_d4sc04819a__Fig5__F__stability_performance_curve_pce__Ref__Series_1.csv,3,1,1,2.4941550059768107,0.9964594933330135,0.9957694863537491,0.9557766662275814,0.7570615987397207,0.5182145148863634,0.3659192336780437,0.2744993383942617,0.0,included
x_time_h/10.1039_d4sc07759h/Fig1_C_stability_performance_curve_pce/10.1039_d4sc07759h__Fig1__C__stability_performance_curve_pce__Pbl2+FA1__Series_2.csv,2,1,0,1.7817314514457325,0.9979586457867495,0.9964253598668497,0.9652849902366811,0.8976817273801057,0.8751385659601056,0.8680158857975089,0.861988843109416,0.0,included
x_time_h/10.1039_d4sc08810g/Fig5_E_stability_performance_curve_pce/10.1039_d4sc08810g__Fig5__E__stability_performance_curve_pce__MPA-CPA__Series_1.csv,0,0,0,0.9478687995808979,0.9625506207379052,0.9992042794249284,0.9963382839558185,0.9960109740642201,0.9742819857621902,0.9702697094022038,0.9242216584044984,0.0,included
x_time_h/10.1039_d4sc08810g/Fig5_E_stability_performance_curve_pce/10.1039_d4sc08810g__Fig5__E__stability_performance_curve_pce__Me_HPA-CPA__Series_2.csv,0,0,0,1.2090358925297342,1.004705504118943,0.9998070133148986,0.9986961679259487,0.9888726567838402,0.9860806723811985,0.9761106126353163,0.9684099153131711,4.833333333333333,included
x_time_h/10.1039_d4se01227e/Fig3_B_stability_performance_curve_voc_plot/10.1039_d4se01227e__Fig3__B__stability_performance_curve_voc_plot__BAI-OAI__Series_1.csv,2,1,0,1.9971305524840917,21.494253830435625,0.9951885766212751,0.956577417905857,0.8099668705271651,0.7909988997454157,0.7835940552250887,0.7651250253400372,0.0,included
x_time_h/10.1039_d4se01227e/Fig3_B_stability_performance_curve_voc_plot/10.1039_d4se01227e__Fig3__B__stability_performance_curve_voc_plot__BAI__Series_2.csv,1,0,1,2.5958771570005763,21.538133731613897,0.9960341047753254,0.9567491110674583,0.7575842244842691,0.7113571416702617,0.6862074519448441,0.6882629557898365,0.0,included
x_time_h/10.1039_d4se01227e/Fig3_B_stability_performance_curve_voc_plot/10.1039_d4se01227e__Fig3__B__stability_performance_curve_voc_plot__OAl__Series_3.csv,2,1,0,1.846105100930154,21.055454818652922,0.9959813411060974,0.9637332366248118,0.8125420064219149,0.8000580685219321,0.7834294531136395,0.7392820496599042,0.0,included
x_time_h/10.1039_d4se01227e/Fig3_B_stability_performance_curve_voc_plot/10.1039_d4se01227e__Fig3__B__stability_performance_curve_voc_plot__Without__Series_4.csv,2,1,0,0.8852875074651604,19.080859265630764,0.9987289830216486,0.9779295870183798,0.8788188619135243,0.8190459576612018,0.7885294212393408,0.7792624961245577,0.0,included
x_time_h/10.1039_d4ta04853a/Fig4_A_stability_performance_curve_pce/10.1039_d4ta04853a__Fig4__A__stability_performance_curve_pce__Control__Series_1.csv,0,0,0,0.2662070996550795,23.788414187024458,0.9986050328261885,0.9884897194132056,0.9632056207511399,0.9501410788130386,0.9371768608737934,0.9191007135473087,0.0,included
x_time_h/10.1039_d4ta05155f/Fig6_B_stability_performance_curve_pce/10.1039_d4ta05155f__Fig6__B__stability_performance_curve_pce__Control__Series_1.csv,0,0,0,0.7515158303391487,0.9994169868392878,0.9990733943032646,0.999992983667565,0.9891662197614604,0.9719196444719348,0.9496958342426404,0.9415779977760336,10.666666666666666,included
x_time_h/10.1039_d4ta05155f/Fig6_D_mppt_stability_performance_curve_pce/10.1039_d4ta05155f__Fig6__D__mppt_stability_performance_curve_pce__一Control__Series_1.csv,0,0,0,0.42351603216734024,0.9935332348453512,0.9989773645075221,0.9918896706980359,0.9788402615477875,0.9604439602052771,0.9448156933622702,0.922556617288557,0.0,included
x_time_h/10.1039_d4ta08566c/Fig2_F_mppt_stability_performance_curve/10.1039_d4ta08566c__Fig2__F__mppt_stability_performance_curve__Control__Series_1.csv,1,0,1,1.8004895106791026,0.8731876862557529,0.9944999814998394,0.9450184940016062,0.7381087063088622,0.6853850597187381,0.6288050130901606,0.5825270095571563,0.0,included
x_time_h/10.1039_d4ta08811e/Fig5_G_stability_performance_curve_pce/10.1039_d4ta08811e__Fig5__G__stability_performance_curve_pce__CT__Series_3.csv,0,0,0,0.4997460724956174,0.9990755134357701,0.9999345323487437,0.9993964056677385,0.9776865505749204,0.9459442455571131,0.9271779176947567,0.915162723519819,3.6666666666666665,included
x_time_h/10.1039_d4ta08811e/Fig5_G_stability_performance_curve_pce/10.1039_d4ta08811e__Fig5__G__stability_performance_curve_pce__PEAI__Series_1.csv,0,0,0,1.3941806667640742,1.0331108555595843,0.979321481814871,0.9790136820378386,0.987811570962223,0.9992358632088297,0.9858508609741826,0.966981732313319,96.33333333333333,included
x_time_h/10.1039_d4tc00466c/Fig6_A_stability_performance_curve_pce/10.1039_d4tc00466c__Fig6__A__stability_performance_curve_pce__0—2D-PVSK__Series_1.csv,0,0,0,1.2310270770679645,1.0020851205266041,0.9997572980981376,0.9978096562181175,0.9897216623233343,0.9844162812362773,0.9766244176013917,0.974515239048953,0.0,included
x_time_h/10.1039_d5ee00524h/Fig6_I_mppt_stability_performance_curve_pce/10.1039_d5ee00524h__Fig6__I__mppt_stability_performance_curve_pce__Control__Series_2.csv,0,0,0,0.6347370255753076,0.9952791409814512,0.9999021934742166,0.9987297004100085,0.9847299082355753,0.9626027688477055,0.9493452006322388,0.9385297395105751,0.0,included
x_time_h/10.1039_d5ee01110h/Fig1_D_stability_performance_curve/10.1039_d5ee01110h__Fig1__D__stability_performance_curve__Control__Series_1.csv,2,1,0,1.3170228219124174,0.9712154797374786,0.9986458900766013,0.9877837486673585,0.9454376589858037,0.8920573326429734,0.8445753930643183,0.8067146711086762,0.0,included
x_time_h/10.1039_d5ee03162a/Fig4_B_jv_curve_stability_performance_pce/10.1039_d5ee03162a__Fig4__B__jv_curve_stability_performance_pce__Control__Series_1.csv,0,0,0,0.8382011025205324,1.016833942005539,0.9980031183482652,0.9997958778688244,0.9913149041150822,0.968913011015106,0.9592559035274006,0.9472991921219911,13.666666666666666,included
x_time_h/10.1039_d5ma00192g/Fig5_whole_stability_performance_curve/10.1039_d5ma00192g__Fig5__whole__stability_performance_curve__Control__Series_2.csv,2,1,0,1.518847413025757,100.14557175770588,0.9989446776834516,0.9900697095725276,0.9459813346284202,0.8977873180229599,0.8527737861635596,0.8188155723613608,0.0,included
x_time_h/10.1039_d5sc04440e/Fig4_C_stability_performance_curve_pce/10.1039_d5sc04440e__Fig4__C__stability_performance_curve_pce__PTAA_Li-TFSI__Series_1.csv,2,1,0,1.2455434288513259,1.001639488796366,0.9958193485780304,0.9711127346082858,0.8675447990985975,0.8178737719249758,0.7561284911254751,0.7263415395709667,0.0,included
x_time_h/10.1063_1.5085643/Fig7_E_stability_performance_curve/10.1063_1.5085643__Fig7__E__stability_performance_curve__control__Series_1.csv,2,1,0,2.243240104816611,1.0012012336904204,0.9874384053606543,0.913053414906083,0.808932496352993,0.7929351831080773,0.7930124699922929,0.8082569014431294,0.0,included
x_time_h/10.1063_1.5085643/Fig7_E_stability_performance_curve/10.1063_1.5085643__Fig7__E__stability_performance_curve__w_2D_perovskite__Series_2.csv,2,1,0,2.050794083691768,0.8659777280373102,0.9935597054096021,0.9459650241421466,0.845277311534804,0.7707187197871375,0.7579873703680299,0.7626579470329163,0.0,included
x_time_h/10.1063_5.0024135/Fig5_whole_stability/10.1063_5.0024135__Fig5__whole__stability__PEA__Series_1.csv,0,0,0,0.37213206403043575,11.223302013395081,0.999173588770816,0.9925428256853001,0.9668003202752224,0.9443991758310617,0.9283692938416007,0.9135889041413674,0.0,included
x_time_h/10.1063_5.0050512/Fig4_D_stability_performance_curve_pce/10.1063_5.0050512__Fig4__D__stability_performance_curve_pce__PEDOT_PSS_MAPbI3__Series_2.csv,0,0,0,0.6554207782115304,15.034752621726266,0.999500844261657,0.9998173993462626,0.9857045048206157,0.961656846821228,0.9241911603806486,0.8961203232425367,7.166666666666667,included
x_time_h/10.1063_5.0142995/Fig4_D_stability_performance_curve_pce/10.1063_5.0142995__Fig4__D__stability_performance_curve_pce__Control_(Initial_PCE_18.68%)__Series_1.csv,2,1,0,0.5326144917840706,0.9836085568673565,0.9971112898374117,0.9762549533580751,0.9139369565594417,0.8585459490102556,0.8253440762139217,0.7793139231030317,0.0,included
x_time_h/10.1063_5.0142995/Fig4_D_stability_performance_curve_pce/10.1063_5.0142995__Fig4__D__stability_performance_curve_pce__DFCHAI-treated_(Initial_PCE_21.45%)__Series_2.csv,0,0,0,0.6830993782684595,0.9980693070797162,0.9976552910199636,0.9827387608879461,0.9558684261281647,0.9286840406184116,0.9121905275948036,0.9049965342192473,0.0,included
x_time_h/10.1088_1361-6463_aa7905/Fig6_D_chart/10.1088_1361-6463_aa7905__Fig6__D__chart__IS0S-L-1__Series_3.csv,2,1,0,0.7279542179221218,0.9779791026674982,0.9996918917378244,0.9991162867241349,0.9404144761748706,0.8751790260870587,0.8038960039573609,0.7415195368541411,5.333333333333333,included
x_time_h/10.1088_1361-6463_aa7905/Fig6_D_chart/10.1088_1361-6463_aa7905__Fig6__D__chart__ISOS-0-1__Series_2.csv,3,1,1,2.6485953697461917,0.9799959779062105,0.9972357842098027,0.9685137483998388,0.7352013851784599,0.4252009648738811,0.4006670205869277,0.3628556463636959,0.0,included
x_time_h/10.1088_1361-6528_aaf2ad/Fig4_B_stability_performance_curve_pce/10.1088_1361-6528_aaf2ad__Fig4__B__stability_performance_curve_pce__SnO₂__Series_2.csv,0,0,0,2.3566856035808157,13.12181310847561,0.9609336963807447,0.9670857376344217,0.9949946998594329,0.9974663445737012,0.9733772598394684,0.7290931983377198,71.33333333333333,included
x_time_h/10.1126_sciadv.aav2012/Fig5_B_mppt_stability_performance_curve_jsc/10.1126_sciadv.aav2012__Fig5__B__mppt_stability_performance_curve_jsc__Spiro__Series_2.csv,0,0,0,0.817149733660813,0.9915707941806263,0.9983312673857152,0.9858131926604972,0.9524053629420239,0.9299677671702063,0.9059742297822223,0.8850432958745087,0.0,included
x_time_h/10.1126_sciadv.aav8925/Fig5_A_stability_performance_curve_pce/10.1126_sciadv.aav8925__Fig5__A__stability_performance_curve_pce__MAPbI3__Series_1.csv,2,1,0,1.0849616162983138,0.9980897671418039,0.9985776997442495,0.9862560496260617,0.9108780741387469,0.8201034334356763,0.7583939533690419,0.7201642609681503,0.0,included
x_time_h/10.1126_sciadv.abd1580/Fig5_B_stability_performance_curve/10.1126_sciadv.abd1580__Fig5__B__stability_performance_curve__PSCs_with_Cu__Series_1.csv,0,0,0,0.5598057357325821,0.9952745318458264,0.999167597162621,0.9924877046077002,0.9621125352756573,0.9350809076574592,0.9186703976513386,0.9058747762198882,0.0,included
x_time_h/10.1126_sciadv.abd1580/Fig5_C_mppt_stability_performance_curve_pce/10.1126_sciadv.abd1580__Fig5__C__mppt_stability_performance_curve_pce__PSCs_with_Cu__Series_2.csv,0,0,0,0.7393876363698377,1.0473162315301663,0.9619011979261688,0.9759534146738833,0.9954902910330397,0.9492669059907229,0.9223059806304168,0.8886932166343535,40.833333333333336,included
x_time_h/10.1126_science.aai9081/Fig4_B_mppt_stability_performance_curve_pce/10.1126_science.aai9081__Fig4__B__mppt_stability_performance_curve_pce__MPP_tracking_Under_AM1.5_illumination__Series_1.csv,0,0,0,0.4391943485512198,20.76918540363219,0.9974777066261895,0.9926520734966157,0.9769666074227484,0.9606039503434495,0.9441723708004975,0.9323793942463328,0.0,included
x_time_h/10.1126_science.aai9081/Fig4_B_mppt_stability_performance_curve_pce/10.1126_science.aai9081__Fig4__B__mppt_stability_performance_curve_pce__Reverse_J-V_scan__Series_2.csv,0,0,0,1.0879818933196526,20.640597807270257,0.9940767432765505,0.9998274417813431,0.989721364286763,0.9730892480054207,0.973882623861077,0.9607182980481768,11.666666666666666,included
x_time_h/10.1126_science.aax8018/Fig4_E_stability_performance_curve/10.1126_science.aax8018__Fig4__E__stability_performance_curve__Control__Series_1.csv,1,0,1,1.9462885878905127,0.9996758158983639,0.9990299570085328,0.9901967565153359,0.9319722839769788,0.7571581234982749,0.5910452967371941,0.518968243513747,0.0,included
x_time_h/10.1126_science.aax8018/Fig4_E_stability_performance_curve/10.1126_science.aax8018__Fig4__E__stability_performance_curve__GO__Series_2.csv,2,1,0,1.7397566022878805,0.9996758158983639,1.0000009363037683,0.9989964744866612,0.9735286525785202,0.8923632196353174,0.7630851866690658,0.6786086120192648,0.0,included
x_time_h/10.1126_science.aaz5074/Fig4_H_mppt_stability_performance_curve_pce/10.1126_science.aaz5074__Fig4__H__mppt_stability_performance_curve_pce__Opaque_in_air_(0.06_cm²)__Series_1.csv,0,0,0,1.1005465644809478,0.9961907735202962,0.9009114939328328,0.9290841503490016,0.9996162972595496,0.9799361092210968,0.958422509850575,0.9387395586594551,45.666666666666664,included
x_time_h/10.1126_science.aba1628/Fig3_A_spectrum/10.1126_science.aba1628__Fig3__A__spectrum__Ctrl__Series_1.csv,0,0,0,1.3834769189104426,16.307081133735252,0.9965534277268928,0.9964451246925357,0.9997898795910457,0.9903239001393127,0.9806468100993689,0.9720837217772652,57.333333333333336,included
x_time_h/10.1126_science.aba1628/Fig3_A_spectrum/10.1126_science.aba1628__Fig3__A__spectrum__[BMP]+[BF4]-__Series_2.csv,0,0,0,1.3263540548065165,16.344987005571618,0.9295801224090966,0.950095918981561,0.9943361084265182,0.9908731232657055,0.978372579334444,0.9698293497817819,40.333333333333336,included
x_time_h/10.1126_science.adg3755/Fig4_H_stability_performance_curve_pce/10.1126_science.adg3755__Fig4__H__stability_performance_curve_pce__2PACz__Series_3.csv,0,0,0,1.4863234812718653,19.338154229462205,0.9999999999999601,0.9999999999999601,0.9971085046196401,0.9912497694738265,0.9855425230983582,0.9797527019879003,32.666666666666664,included
x_time_h/10.1126_science.adg3755/Fig4_H_stability_performance_curve_pce/10.1126_science.adg3755__Fig4__H__stability_performance_curve_pce__PTAA__Series_1.csv,0,0,0,1.247844948242309,17.21428107893157,0.9977694257495539,0.9984925419098407,0.9901539067244766,0.9857446502824272,0.9739131483381748,0.9707034198186172,6.0,included
x_time_h/10.1142_s179329201950022x/Fig4_E_stability_performance_curve_pce/10.1142_s179329201950022x__Fig4__E__stability_performance_curve_pce__0wt%BHT__Series_2.csv,0,0,0,0.6037526697779734,15.055455266143078,0.9995193299158495,0.9997798012689155,0.9889951534559116,0.9611212562972783,0.9336783853080056,0.9089053509256309,7.0,included
x_time_h/10.1155_2024_9417829/Fig5_I_stability_performance_curve_pce/10.1155_2024_9417829__Fig5__I__stability_performance_curve_pce__A-25°℃__Series_1.csv,0,0,0,1.793798835758408,1.0021322231000733,0.9985676483562452,0.9912548830217086,0.9544921188325669,0.905341454961561,0.8674034641547442,0.8376626653078971,0.0,included
x_time_h/10.26599_nre.2023.9120073/Fig4_C_pce/10.26599_nre.2023.9120073__Fig4__C__pce__ZnO__Series_1.csv,2,1,0,0.9151210927504739,1.0037499278367832,0.9997766705502387,0.9970309211193558,0.9478660642553163,0.8509256526679839,0.7701176426150627,0.7268640089629017,3.3333333333333335,included
x_time_h/10.3390_coatings13111885/Fig5_whole_pce/10.3390_coatings13111885__Fig5__whole__pce__o—pure_perovskite__Series_2.csv,2,1,0,0.6079370320003558,1.0007006457791057,0.9988096377088114,0.9893557955204115,0.9260723923935893,0.8698001480966002,0.7889714618651452,0.7294554813503518,0.0,included
"x_time_h/10.3390_coatings13111885/Fig5_whole_pce/10.3390_coatings13111885__Fig5__whole__pce__。—MAPCl,-induced__Series_1.csv",0,0,0,0.8303033680748625,1.0055017284208094,0.9998356737211817,0.9961462692616383,0.9888538145856715,0.9703705713934252,0.9599067841959062,0.9489686522159936,0.0,included
x_time_h/10.3390_coatings14070918/Fig6_A_stability_performance_curve/10.3390_coatings14070918__Fig6__A__stability_performance_curve__o—Cont__Series_2.csv,0,0,0,1.7139691332454055,1.0192383351574412,0.9882307779217943,0.9882307779217943,0.9901923149348222,0.9938658789989704,0.9999999999999601,0.9999999999999601,131.83333333333334,included
x_time_h/10.3390_cryst11080933/Fig5_B_stability_performance_curve_pce/10.3390_cryst11080933__Fig5__B__stability_performance_curve_pce__Regular_PCBM__Series_1.csv,0,0,0,1.5186373211962614,1.0039790947131415,0.9999999999999601,0.9999999999999601,0.9995390683986822,0.9943567439517108,0.9872874426555318,0.9787617892744309,43.333333333333336,included
x_time_h/10.3390_cryst14090802/Fig9_D_stability_performance_curve_pce/10.3390_cryst14090802__Fig9__D__stability_performance_curve_pce__control__Series_1.csv,1,0,1,3.0719370088747473,0.9973856340865387,0.9982497580263868,0.9798383159582684,0.9380758049406236,0.8448667321104747,0.6147217059274251,0.4215957018315461,0.0,included
x_time_h/10.3390_ma12101644/Fig1_F_stability_performance_curve_pce/10.3390_ma12101644__Fig1__F__stability_performance_curve_pce__Series_1__Series_1.csv,2,1,0,1.6996427707479258,1.0012526810340245,0.9989174892891145,0.9893593623183304,0.9421623503590991,0.8946776439158006,0.8603306825204782,0.8430511615643667,0.0,included
x_time_h/10.3390_ma17123002/Fig3_D_stability_performance_curve_pce/10.3390_ma17123002__Fig3__D__stability_performance_curve_pce__FACs__Series_2.csv,0,0,0,1.0310179648932487,87.16163989718731,0.9954559717005015,0.9634089998644616,0.9489559558354196,0.9501965614582714,0.8936922475034803,0.8616535965242477,0.0,included
x_time_h/10.3390_ma17123002/Fig3_D_stability_performance_curve_pce/10.3390_ma17123002__Fig3__D__stability_performance_curve_pce__MA__Series_1.csv,3,1,1,1.9846959037340686,99.2016804745264,0.9823952770858705,0.8868567476706147,0.6850208238233991,0.554773100884916,0.3468563072365081,0.20272025567172508,0.0,included
x_time_h/10.3390_ma18020415/Fig7_whole_stability/10.3390_ma18020415__Fig7__whole__stability__without_HTL__Series_1.csv,0,0,0,1.1312317601033681,1.002584347474791,0.999272857648037,0.9919884093292859,0.969606629152893,0.9457051694731504,0.8985678331880267,0.8331424909083885,0.0,included
x_time_h/10.3390_molecules26113398/Fig6_B_stability_performance_curve_pce/10.3390_molecules26113398__Fig6__B__stability_performance_curve_pce__23℃__Series_3.csv,1,0,1,4.164371661777268,0.9919568137922501,0.9985616313395771,0.9788391018994269,0.8732009694637789,0.6394153961033983,0.42514621534903885,0.306638222468339,0.0,included
x_time_h/10.3390_molecules26113398/Fig6_B_stability_performance_curve_pce/10.3390_molecules26113398__Fig6__B__stability_performance_curve_pce__45℃__Series_2.csv,2,1,0,1.8253222913890355,0.9999694496389981,0.9992566942151643,0.9914084829277311,0.9593873620171078,0.8994470503061527,0.7849591412816112,0.6267072434884906,0.0,included
x_time_h/10.3390_molecules29112557/Fig5_D_stability_performance_curve/10.3390_molecules29112557__Fig5__D__stability_performance_curve__PEDOT__Series_1.csv,0,0,0,1.7246808906241131,1.0058793965987496,0.9997826481976665,0.9982773977287573,0.9977576404839804,0.9977576404839804,0.9979227469111089,0.9932795369804062,0.0,included
x_time_h/10.3390_molecules29122758/Fig5_C_stability_performance_curve_pce/10.3390_molecules29122758__Fig5__C__stability_performance_curve_pce__2-cation__Series_1.csv,0,0,0,0.9074074083814929,0.9983647382148075,1.0000115785449275,0.9990935905591193,0.9781493270367814,0.940016417120319,0.904729273653314,0.877671178979117,0.0,included
x_time_h/10.3390_molecules29122758/Fig5_C_stability_performance_curve_pce/10.3390_molecules29122758__Fig5__C__stability_performance_curve_pce__3-cation__Series_2.csv,0,0,0,0.5860739457845898,1.0051541993163886,0.9994507913901949,0.9962471322791588,0.9879837885002576,0.9655155456982037,0.9368906112063335,0.912280744706839,0.0,included
x_time_h/10.3390_molecules29122758/Fig5_C_stability_performance_curve_pce/10.3390_molecules29122758__Fig5__C__stability_performance_curve_pce__4-cation__Series_3.csv,2,1,0,1.8277363911978077,0.9983647382148075,0.999815685484007,0.9971130735425316,0.9638667649370964,0.9056257466686136,0.8571232623053683,0.8300671061469288,0.0,included
x_time_h/10.3390_nano13111751/Fig11_whole_stability_performance_curve_pce/10.3390_nano13111751__Fig11__whole__stability_performance_curve_pce__W0_DC__Series_1.csv,1,0,1,2.5089926035433696,1.0048862103624758,0.9963285855095412,0.9606094909985302,0.8509450535048234,0.7769597037095536,0.6957017699720407,0.6448823185797384,0.0,included
x_time_h/10.3390_nano13233032/Fig4_E_stability_performance_curve/10.3390_nano13233032__Fig4__E__stability_performance_curve__REF-CsPbl3__Series_1.csv,0,0,0,1.6124586259833211,1.0109259517834852,0.9959152128705538,0.9971338670495857,0.998325556350423,0.9917832372863709,0.9919441769308924,0.9919974417396665,34.333333333333336,included
x_time_h/10.3390_nano13233032/Fig4_F_stability_performance_curve/10.3390_nano13233032__Fig4__F__stability_performance_curve__REF-CsPbI₃__Series_1.csv,1,0,1,3.328282959739852,1.0025627186644268,0.9983845680105085,0.9927558167447685,0.9470831441457963,0.8381702866719734,0.6888822503084621,0.46525479244066376,0.0,included
x_time_h/10.3390_nano14181476/Fig8_whole_stability/10.3390_nano14181476__Fig8__whole__stability__Pure_PEDOT_PSS__Series_1.csv,0,0,0,0.6715936347344895,1.0017849023456902,0.9995425608757562,0.9958627875824749,0.9849820117666653,0.9705531094269895,0.9518319631602975,0.9408588773310557,0.0,included
x_time_h/10.3390_nano15090699/Fig12_A_stability_performance_curve_retention/10.3390_nano15090699__Fig12__A__stability_performance_curve_retention__Control__Series_3.csv,0,0,0,0.7766721221020414,1.0037212428437108,0.9997337200723184,0.9992466844679068,0.9812841054854816,0.9694075090357533,0.9589131322294849,0.9499093325884799,5.166666666666667,included
x_time_h/10.3390_nano15090699/Fig12_A_stability_performance_curve_retention/10.3390_nano15090699__Fig12__A__stability_performance_curve_retention__PEACI_IPA__Series_2.csv,0,0,0,0.8993372304889563,1.0032192733922163,0.99908096497608,0.9945337265233002,0.9812033861025677,0.9724087225076058,0.9654123260330035,0.9609673204070559,0.0,included
x_time_h/10.3390_nano15110798/Fig6_H_stability_performance_curve_pce/10.3390_nano15110798__Fig6__H__stability_performance_curve_pce__Control__Series_1.csv,0,0,0,1.3268902434786796,1.0018036747211443,0.9998970906599342,0.999071260540867,0.9949673116417224,0.9864923811854346,0.9799063491470454,0.9733799126705422,0.0,included
x_time_h/10.3390_nano15110798/Fig6_H_stability_performance_curve_pce/10.3390_nano15110798__Fig6__H__stability_performance_curve_pce__WithCMBACI__Series_2.csv,0,0,0,1.578297824423104,1.0038965831100954,0.998121421101558,0.9994263203930084,0.9979207985332301,0.9947968941340056,0.9883632504239026,0.9856689783042425,19.833333333333332,included
x_time_h/10.3390_polym14132748/Fig7_C_stability/10.3390_polym14132748__Fig7__C__stability__WIPEOz__Series_2.csv,0,0,0,0.7046892117314818,1.0095558093469403,0.9959871112551772,0.9978015084671241,0.9872717601636285,0.9662284885500821,0.9534903537570163,0.9382909507658742,16.333333333333332,included
x_time_h/10.3390_polym14132748/Fig7_C_stability/10.3390_polym14132748__Fig7__C__stability__W_OPEOz__Series_1.csv,0,0,0,1.1894863813328653,1.0069233126059411,0.9992165247669366,0.9975871691411135,0.9577910406015215,0.9100456566106515,0.8950500471989264,0.8815856416436945,0.0,included
x_time_week_month_year/10.1021_acsaem.7b00069/Fig5_D_pce/10.1021_acsaem.7b00069__Fig5__D__pce__wet__Series_2.csv,2,1,0,1.457984588521195,0.9870149902132788,0.9977253676877577,0.979614483515141,0.9100115092221023,0.823999509843623,0.7365673322829168,0.6968922892894903,0.0,included
x_time_week_month_year/10.1557_mrc.2018.142/Fig3_A_stability_performance_curve/10.1557_mrc.2018.142__Fig3__A__stability_performance_curve__Without_PMMA__Series_1.csv,0,0,0,1.3050246168213806,10.174375796243787,0.974907523967955,0.9742924895880808,0.9807201801236607,0.9904793342289377,0.9983261741374092,0.9245573692396455,158.33333333333334,included
