curve_id,top_dir,doi,figure_label,series_id,status,reason,n_original_points,pce_max_0_200h,max_x_hours,n_unique_t,t_coverage_pct,unit_label
x_time_day/10.1002_adfm.201807024/Fig6_D_pce/10.1002_adfm.201807024__Fig6__D__pce__0_MASCN__Series_1.csv,x_time_day,10.1002/adfm.201807024,Fig6_D,Series_1,excluded,"Too few unique time points (8) in [0,200]h window (data spans 88% of window)",18,,176.8322544207487,8,88.41612721037436,days
x_time_day/10.1002_adfm.201807850/Fig7_E_stability_performance_curve/10.1002_adfm.201807850__Fig7__E__stability_performance_curve__w_o_NbF₅__Series_1.csv,x_time_day,10.1002/adfm.201807850,Fig7_E,Series_1,excluded,"Too few unique time points (9) in [0,200]h window (data spans 92% of window)",24,,184.66698424670057,9,92.33349212335028,days
x_time_day/10.1002_adfm.202000778/Fig6_C_stability_performance_curve/10.1002_adfm.202000778__Fig6__C__stability_performance_curve__MAPbI₃__Series_1.csv,x_time_day,10.1002/adfm.202000778,Fig6_C,Series_1,excluded,"Too few unique time points (8) in [0,200]h window (data spans 92% of window)",55,,184.1525941085041,8,92.07629705425205,days
x_time_day/10.1002_adfm.202004209/Fig11_C_stability_performance_curve_pce/10.1002_adfm.202004209__Fig11__C__stability_performance_curve_pce__SnO2__Series_2.csv,x_time_day,10.1002/adfm.202004209,Fig11_C,Series_2,excluded,"Too few unique time points (4) in [0,200]h window (data spans 92% of window)",12,,184.52034581023278,4,92.26017290511639,days
x_time_day/10.1002_adfm.202111116/Fig5_A_stability_performance_curve/10.1002_adfm.202111116__Fig5__A__stability_performance_curve__optimized_device__Series_1.csv,x_time_day,10.1002/adfm.202111116,Fig5_A,Series_1,excluded,"Too few unique time points (5) in [0,200]h window (data spans 82% of window)",59,,163.63995477417734,5,81.81997738708867,days
x_time_day/10.1002_adfm.202204450/Fig1_E_stability_performance_curve_pce/10.1002_adfm.202204450__Fig1__E__stability_performance_curve_pce__Control__Series_2.csv,x_time_day,10.1002/adfm.202204450,Fig1_E,Series_2,excluded,"Too few unique time points (8) in [0,200]h window (data spans 96% of window)",52,,192.76976613300155,8,96.38488306650078,days
x_time_day/10.1002_adma.201907623/Fig4_D_stability_performance_curve_pce/10.1002_adma.201907623__Fig4__D__stability_performance_curve_pce__0.0%PHCI__Series_1.csv,x_time_day,10.1002/adma.201907623,Fig4_D,Series_1,excluded,"Too few unique time points (6) in [0,200]h window (data spans 91% of window)",12,,181.11430555970296,6,90.55715277985148,days
x_time_day/10.1002_admi.201800499/Fig6_E_stability_performance_curve_pce/10.1002_admi.201800499__Fig6__E__stability_performance_curve_pce__Without_CF_film__Series_2.csv,x_time_day,10.1002/admi.201800499,Fig6_E,Series_2,excluded,Curve max time 188.5h < 200.0h (curve too short),34,,188.09973173978992,34,94.04986586989496,days
x_time_day/10.1002_advs.201700025/Fig7_whole_stability/10.1002_advs.201700025__Fig7__whole__stability__w_oBDTS-2DPP__Series_2.csv,x_time_day,10.1002/advs.201700025,Fig7,Series_2,excluded,Curve max time 165.1h < 200.0h (curve too short),79,,164.43654585817188,79,82.21827292908594,days
x_time_day/10.1002_advs.202004662/Fig5_A_stability_performance_curve_pce/10.1002_advs.202004662__Fig5__A__stability_performance_curve_pce__pristine_TiO₂__Series_2.csv,x_time_day,10.1002/advs.202004662,Fig5_A,Series_2,excluded,"Too few unique time points (3) in [0,200]h window (data spans 71% of window)",38,,141.3869963379114,3,70.6934981689557,days
x_time_day/10.1002_aenm.201700226/Fig4_A_stability_performance_curve_pce/10.1002_aenm.201700226__Fig4__A__stability_performance_curve_pce__★1-TiO2__Series_3.csv,x_time_day,10.1002/aenm.201700226,Fig4_A,Series_3,excluded,Curve max time 107.5h < 200.0h (curve too short),44,,107.49635358905505,44,53.748176794527524,days
x_time_day/10.1002_aenm.201702934/Fig4_A_stability_performance_curve/10.1002_aenm.201702934__Fig4__A__stability_performance_curve__ZnO__Series_2.csv,x_time_day,10.1002/aenm.201702934,Fig4_A,Series_2,excluded,"Too few unique time points (4) in [0,200]h window (data spans 89% of window)",29,,178.3822477982921,4,89.19112389914605,days
x_time_day/10.1002_aenm.201800275/Fig4_D_stability_performance_curve_pce/10.1002_aenm.201800275__Fig4__D__stability_performance_curve_pce__Reference__Series_2.csv,x_time_day,10.1002/aenm.201800275,Fig4_D,Series_2,excluded,"Too few unique time points (5) in [0,200]h window (data spans 83% of window)",53,,165.6490395314749,5,82.82451976573745,days
x_time_day/10.1002_aenm.201803587/Fig5_D_stability_performance_curve_pce_eqe/10.1002_aenm.201803587__Fig5__D__stability_performance_curve_pce_eqe__Reference__Series_1.csv,x_time_day,10.1002/aenm.201803587,Fig5_D,Series_1,excluded,"Too few unique time points (6) in [0,200]h window (data spans 86% of window)",64,,171.71313913312756,6,85.85656956656378,days
x_time_day/10.1002_aenm.201903299/Fig6_C_stability_performance_curve_pce/10.1002_aenm.201903299__Fig6__C__stability_performance_curve_pce__0%__Series_2.csv,x_time_day,10.1002/aenm.201903299,Fig6_C,Series_2,excluded,"Too few unique time points (9) in [0,200]h window (data spans 97% of window)",52,,194.53028498029408,9,97.26514249014704,days
x_time_day/10.1002_aenm.202000967/Fig4_A_stability_performance_curve_pce/10.1002_aenm.202000967__Fig4__A__stability_performance_curve_pce__MAPbI₃₋yClᵧ-Cu_NiO__Series_2.csv,x_time_day,10.1002/aenm.202000967,Fig4_A,Series_2,excluded,"Too few unique time points (2) in [0,200]h window (data spans 53% of window)",34,,105.22860724497411,2,52.61430362248706,days
x_time_day/10.1002_aenm.202000967/Fig4_A_stability_performance_curve_pce/10.1002_aenm.202000967__Fig4__A__stability_performance_curve_pce__MAPbI₃₋yClᵧ__Series_3.csv,x_time_day,10.1002/aenm.202000967,Fig4_A,Series_3,excluded,"Too few unique time points (2) in [0,200]h window (data spans 53% of window)",10,,105.22860724497411,2,52.61430362248706,days
x_time_day/10.1002_anie.201806392/Fig3_H_stability_performance_curve/10.1002_anie.201806392__Fig3__H__stability_performance_curve__Py-C__Series_3.csv,x_time_day,10.1002/anie.201806392,Fig3_H,Series_3,excluded,"Too few unique time points (7) in [0,200]h window (data spans 99% of window)",24,,197.46575840987035,7,98.73287920493517,days
x_time_day/10.1002_anie.201806392/Fig3_H_stability_performance_curve/10.1002_anie.201806392__Fig3__H__stability_performance_curve__Spiro-OMeTAD__Series_2.csv,x_time_day,10.1002/anie.201806392,Fig3_H,Series_2,excluded,"Too few unique time points (7) in [0,200]h window (data spans 99% of window)",43,,197.46575840987026,7,98.73287920493513,days
x_time_day/10.1002_anie.201911796/Fig4_C_stability_performance_curve_pce/10.1002_anie.201911796__Fig4__C__stability_performance_curve_pce__−SnO2__Series_2.csv,x_time_day,10.1002/anie.201911796,Fig4_C,Series_2,excluded,"Too few unique time points (4) in [0,200]h window (data spans 94% of window)",12,,188.02806899876293,4,94.01403449938147,days
x_time_day/10.1002_chem.201704181/Fig5_D_stability_performance_curve_pce/10.1002_chem.201704181__Fig5__D__stability_performance_curve_pce__W_O_IPA__Series_1.csv,x_time_day,10.1002/chem.201704181,Fig5_D,Series_1,excluded,"Too few unique time points (8) in [0,200]h window (data spans 92% of window)",36,,184.7290925022698,8,92.3645462511349,days
x_time_day/10.1002_cssc.202001350/Fig8_B_jv_curve_stability_performance_pce/10.1002_cssc.202001350__Fig8__B__jv_curve_stability_performance_pce__spiro-OMeTAD__Series_1.csv,x_time_day,10.1002/cssc.202001350,Fig8_B,Series_1,excluded,"Too few unique time points (6) in [0,200]h window (data spans 89% of window)",41,,177.28457093163053,6,88.64228546581526,days
x_time_day/10.1002_pip.3352/Fig6_H_stability_performance_curve/10.1002_pip.3352__Fig6__H__stability_performance_curve__Control__Series_2.csv,x_time_day,10.1002/pip.3352,Fig6_H,Series_2,excluded,"Too few unique time points (2) in [0,200]h window (data spans 57% of window)",42,,113.03059916572442,2,56.51529958286221,days
x_time_day/10.1002_smll.202005671/Fig5_E_stability_performance_curve_pce/10.1002_smll.202005671__Fig5__E__stability_performance_curve_pce__P-SnO₂__Series_1.csv,x_time_day,10.1002/smll.202005671,Fig5_E,Series_1,excluded,"Too few unique time points (5) in [0,200]h window (data spans 92% of window)",47,,184.2951089863094,5,92.1475544931547,days
x_time_day/10.1002_solr.201700245/Fig6_whole_stability_performance_curve_pce/10.1002_solr.201700245__Fig6__whole__stability_performance_curve_pce__without_CrOX_layer__Series_2.csv,x_time_day,10.1002/solr.201700245,Fig6,Series_2,excluded,Curve max time 110.8h < 200.0h (curve too short),17,,114.14523666198139,17,57.072618330990686,days
"x_time_day/10.1002_solr.201800338/Fig2_D_stability_performance_curve_pce/10.1002_solr.201800338__Fig2__D__stability_performance_curve_pce__DMSO-molecule-control,_1cm²_device__Series_2.csv",x_time_day,10.1002/solr.201800338,Fig2_D,Series_2,excluded,"Too few unique time points (9) in [0,200]h window (data spans 92% of window)",53,,183.5008611308731,9,91.75043056543655,days
"x_time_day/10.1002_solr.201800338/Fig2_D_stability_performance_curve_pce/10.1002_solr.201800338__Fig2__D__stability_performance_curve_pce__Pristine,_1cm²_device__Series_1.csv",x_time_day,10.1002/solr.201800338,Fig2_D,Series_1,excluded,"Too few unique time points (9) in [0,200]h window (data spans 92% of window)",53,,183.5008611308731,9,91.75043056543655,days
x_time_day/10.1002_solr.201900336/Fig5_D_stability_performance_curve_pce/10.1002_solr.201900336__Fig5__D__stability_performance_curve_pce__o—SnO₂__Series_2.csv,x_time_day,10.1002/solr.201900336,Fig5_D,Series_2,excluded,"Too few unique time points (8) in [0,200]h window (data spans 89% of window)",43,,178.26019316117288,8,89.13009658058644,days
x_time_day/10.1002_solr.201900457/Fig5_D_stability_performance_curve_pce/10.1002_solr.201900457__Fig5__D__stability_performance_curve_pce__CsPb0.5Sn0.5I2Br__Series_1.csv,x_time_day,10.1002/solr.201900457,Fig5_D,Series_1,excluded,"Too few unique time points (9) in [0,200]h window (data spans 91% of window)",63,,182.36468043189092,9,91.18234021594546,days
x_time_day/10.1002_solr.202000376/Fig8_C_stability_performance_curve_pce/10.1002_solr.202000376__Fig8__C__stability_performance_curve_pce__MAPbI3__Series_1.csv,x_time_day,10.1002/solr.202000376,Fig8_C,Series_1,excluded,"Too few unique time points (6) in [0,200]h window (data spans 94% of window)",58,,188.43684729612497,6,94.21842364806248,days
x_time_day/10.1002_solr.202000376/Fig8_C_stability_performance_curve_pce/10.1002_solr.202000376__Fig8__C__stability_performance_curve_pce__MAPbI3with_SDBS__Series_2.csv,x_time_day,10.1002/solr.202000376,Fig8_C,Series_2,excluded,"Too few unique time points (6) in [0,200]h window (data spans 94% of window)",56,,188.43684729612497,6,94.21842364806248,days
x_time_day/10.1002_solr.202100069/Fig5_B_stability_performance_curve_pce/10.1002_solr.202100069__Fig5__B__stability_performance_curve_pce__o—wlo_APZ__Series_1.csv,x_time_day,10.1002/solr.202100069,Fig5_B,Series_1,excluded,"Too few unique time points (8) in [0,200]h window (data spans 97% of window)",52,,193.40166579100276,8,96.70083289550138,days
x_time_day/10.1002_solr.202100069/Fig5_B_stability_performance_curve_pce/10.1002_solr.202100069__Fig5__B__stability_performance_curve_pce__with_APZ__Series_2.csv,x_time_day,10.1002/solr.202100069,Fig5_B,Series_2,excluded,"Too few unique time points (8) in [0,200]h window (data spans 97% of window)",52,,193.40166579100276,8,96.70083289550138,days
x_time_day/10.1007_s11426-016-0085-y/Fig5_A_stability/10.1007_s11426-016-0085-y__Fig5__A__stability__FF__Series_2.csv,x_time_day,10.1007/s11426-016-0085-y,Fig5_A,Series_2,excluded,"Too few unique time points (8) in [0,200]h window (data spans 100% of window)",64,,199.02955573859393,8,99.51477786929696,days
x_time_day/10.1007_s11426-016-0085-y/Fig5_A_stability/10.1007_s11426-016-0085-y__Fig5__A__stability__PCE__Series_1.csv,x_time_day,10.1007/s11426-016-0085-y,Fig5_A,Series_1,excluded,"Too few unique time points (8) in [0,200]h window (data spans 100% of window)",64,,199.02955573859393,8,99.51477786929696,days
x_time_day/10.1007_s11426-022-1403-6/Fig4_F_stability_performance_curve_pce/10.1007_s11426-022-1403-6__Fig4__F__stability_performance_curve_pce__Control__Series_1.csv,x_time_day,10.1007/s11426-022-1403-6,Fig4_F,Series_1,excluded,"Too few unique time points (4) in [0,200]h window (data spans 84% of window)",39,,168.9953206024225,4,84.49766030121125,days
x_time_day/10.1007_s11426-022-1403-6/Fig4_F_stability_performance_curve_pce/10.1007_s11426-022-1403-6__Fig4__F__stability_performance_curve_pce__w_IDT-C1__Series_2.csv,x_time_day,10.1007/s11426-022-1403-6,Fig4_F,Series_2,excluded,"Too few unique time points (4) in [0,200]h window (data spans 84% of window)",39,,168.99532060242242,4,84.49766030121121,days
x_time_day/10.1007_s40843-019-1186-4/Fig8_D_stability_performance_curve_plot/10.1007_s40843-019-1186-4__Fig8__D__stability_performance_curve_plot__Tra-FAo.gMA0.1__Series_1.csv,x_time_day,10.1007/s40843-019-1186-4,Fig8_D,Series_1,excluded,"Too few unique time points (6) in [0,200]h window (data spans 97% of window)",50,,194.55073914943242,6,97.27536957471621,days
"x_time_day/10.1016_j.apsusc.2017.02.057/Fig4_D_stability_performance_curve_pce/10.1016_j.apsusc.2017.02.057__Fig4__D__stability_performance_curve_pce__c-Pbl,based__Series_2.csv",x_time_day,10.1016/j.apsusc.2017.02.057,Fig4_D,Series_2,excluded,Curve max time 120.1h < 200.0h (curve too short),16,,124.90141556854076,16,62.45070778427038,days
x_time_day/10.1016_j.carbon.2019.10.101/Fig4_A_stability_performance_curve_pce/10.1016_j.carbon.2019.10.101__Fig4__A__stability_performance_curve_pce__CuSCN_AuPSC__Series_1.csv,x_time_day,10.1016/j.carbon.2019.10.101,Fig4_A,Series_1,excluded,Curve max time 167.8h < 200.0h (curve too short),49,,166.64316594273532,49,83.32158297136766,days
x_time_day/10.1016_j.cej.2020.125010/Fig6_A_stability_performance_curve_pce/10.1016_j.cej.2020.125010__Fig6__A__stability_performance_curve_pce__Reference_PSCs__Series_1.csv,x_time_day,10.1016/j.cej.2020.125010,Fig6_A,Series_1,excluded,"Too few unique time points (3) in [0,200]h window (data spans 86% of window)",60,,171.1198092292621,3,85.55990461463105,days
x_time_day/10.1016_j.cej.2020.126992/Fig9_whole_stability/10.1016_j.cej.2020.126992__Fig9__whole__stability__0—0.0%v_v__Series_1.csv,x_time_day,10.1016/j.cej.2020.126992,Fig9,Series_1,excluded,"Too few unique time points (7) in [0,200]h window (data spans 89% of window)",81,,177.11218999744094,7,88.55609499872047,days
x_time_day/10.1016_j.cej.2020.126992/Fig9_whole_stability/10.1016_j.cej.2020.126992__Fig9__whole__stability__0—1.0%_v_v__Series_2.csv,x_time_day,10.1016/j.cej.2020.126992,Fig9,Series_2,excluded,"Too few unique time points (7) in [0,200]h window (data spans 89% of window)",81,,177.11218999744094,7,88.55609499872047,days
x_time_day/10.1016_j.cej.2021.129482/Fig5_E_pce/10.1016_j.cej.2021.129482__Fig5__E__pce__Control__Series_2.csv,x_time_day,10.1016/j.cej.2021.129482,Fig5_E,Series_2,excluded,"Too few unique time points (5) in [0,200]h window (data spans 87% of window)",11,,174.1672841606135,5,87.08364208030675,days
x_time_day/10.1016_j.cej.2021.129482/Fig5_F_stability_performance_curve_pce/10.1016_j.cej.2021.129482__Fig5__F__stability_performance_curve_pce__Control__Series_1.csv,x_time_day,10.1016/j.cej.2021.129482,Fig5_F,Series_1,excluded,"Too few unique time points (4) in [0,200]h window (data spans 79% of window)",40,,158.96966883910548,4,79.48483441955274,days
x_time_day/10.1016_j.cej.2021.131444/Fig4_B_stability_performance_curve/10.1016_j.cej.2021.131444__Fig4__B__stability_performance_curve__DC-SnO₂_PSCs__Series_2.csv,x_time_day,10.1016/j.cej.2021.131444,Fig4_B,Series_2,excluded,"Too few unique time points (5) in [0,200]h window (data spans 88% of window)",47,,175.47563303944983,5,87.73781651972492,days
x_time_day/10.1016_j.ceramint.2020.07.260/Fig7_B_stability_performance_curve_pce/10.1016_j.ceramint.2020.07.260__Fig7__B__stability_performance_curve_pce__Cell_A__Series_3.csv,x_time_day,10.1016/j.ceramint.2020.07.260,Fig7_B,Series_3,excluded,"Too few unique time points (8) in [0,200]h window (data spans 95% of window)",66,,189.7521264142633,8,94.87606320713165,days
x_time_day/10.1016_j.cplett.2021.138496/Fig5_B_stability_performance_curve/10.1016_j.cplett.2021.138496__Fig5__B__stability_performance_curve__c-TiO₂_m-TiO₂_based__Series_2.csv,x_time_day,10.1016/j.cplett.2021.138496,Fig5_B,Series_2,excluded,Curve max time 165.3h < 200.0h (curve too short),57,,165.31402487224722,57,82.65701243612361,days
x_time_day/10.1016_j.electacta.2017.07.040/Fig8_whole_stability_performance_curve_pce/10.1016_j.electacta.2017.07.040__Fig8__whole__stability_performance_curve_pce__MAPbI_3__Series_3.csv,x_time_day,10.1016/j.electacta.2017.07.040,Fig8,Series_3,excluded,Curve max time 188.2h < 200.0h (curve too short),32,,192.6822463271933,32,96.34112316359665,days
x_time_day/10.1016_j.electacta.2018.02.103/Fig5_A_stability_performance_curve_pce/10.1016_j.electacta.2018.02.103__Fig5__A__stability_performance_curve_pce__ZnO-based_PSCs__Series_2.csv,x_time_day,10.1016/j.electacta.2018.02.103,Fig5_A,Series_2,excluded,"Too few unique time points (5) in [0,200]h window (data spans 88% of window)",50,,176.51619974333914,5,88.25809987166957,days
x_time_day/10.1016_j.electacta.2018.04.055/Fig4_D_stability_performance_curve_pce/10.1016_j.electacta.2018.04.055__Fig4__D__stability_performance_curve_pce__PEDOT_PSS__Series_1.csv,x_time_day,10.1016/j.electacta.2018.04.055,Fig4_D,Series_1,excluded,Curve max time 168.2h < 200.0h (curve too short),67,,170.2723497477142,67,85.1361748738571,days
x_time_day/10.1016_j.electacta.2018.07.028/Fig2_A_spectrum_2/10.1016_j.electacta.2018.07.028__Fig2__A__spectrum_2__Ref.ETL__Series_2.csv,x_time_day,10.1016/j.electacta.2018.07.028,Fig2_A,Series_2,excluded,Curve max time 118.0h < 200.0h (curve too short),55,,119.20455256554577,55,59.602276282772884,days
x_time_day/10.1016_j.electacta.2018.07.028/Fig2_A_spectrum_2/10.1016_j.electacta.2018.07.028__Fig2__A__spectrum_2__m-TiO2__Series_3.csv,x_time_day,10.1016/j.electacta.2018.07.028,Fig2_A,Series_3,excluded,Curve max time 118.2h < 200.0h (curve too short),55,,119.20455256554575,55,59.602276282772884,days
x_time_day/10.1016_j.jallcom.2019.06.161/Fig7_D_photovoltaic_parameter/10.1016_j.jallcom.2019.06.161__Fig7__D__photovoltaic_parameter__MAPbIj_ZnAc2__Series_2.csv,x_time_day,10.1016/j.jallcom.2019.06.161,Fig7_D,Series_2,excluded,"Too few unique time points (6) in [0,200]h window (data spans 84% of window)",56,,167.58173345514246,6,83.79086672757123,days
x_time_day/10.1016_j.jallcom.2020.157396/Fig6_B_stability_performance_curve_pce/10.1016_j.jallcom.2020.157396__Fig6__B__stability_performance_curve_pce__No_additive__Series_2.csv,x_time_day,10.1016/j.jallcom.2020.157396,Fig6_B,Series_2,excluded,Curve max time 166.8h < 200.0h (curve too short),47,,166.22972576974558,47,83.11486288487279,days
x_time_day/10.1016_j.jallcom.2021.161455/Fig5_D_stability_performance_curve/10.1016_j.jallcom.2021.161455__Fig5__D__stability_performance_curve__Device_A__Series_2.csv,x_time_day,10.1016/j.jallcom.2021.161455,Fig5_D,Series_2,excluded,Curve max time 165.3h < 200.0h (curve too short),57,,165.1479379084644,57,82.5739689542322,days
x_time_day/10.1016_j.jcis.2021.07.122/Fig5_C_stability_performance_curve_pce/10.1016_j.jcis.2021.07.122__Fig5__C__stability_performance_curve_pce__without_Cs_PtI₆__Series_2.csv,x_time_day,10.1016/j.jcis.2021.07.122,Fig5_C,Series_2,excluded,"Too few unique time points (9) in [0,200]h window (data spans 99% of window)",20,,197.37133128699665,9,98.68566564349833,days
x_time_day/10.1016_j.jcis.2021.07.122/Fig5_E_pce/10.1016_j.jcis.2021.07.122__Fig5__E__pce__without_Cs₂PdI₆__Series_2.csv,x_time_day,10.1016/j.jcis.2021.07.122,Fig5_E,Series_2,excluded,"Too few unique time points (6) in [0,200]h window (data spans 86% of window)",42,,171.44218443553493,6,85.72109221776746,days
x_time_day/10.1016_j.jechem.2020.03.082/Fig4_D_ff/10.1016_j.jechem.2020.03.082__Fig4__D__ff__Uncoated_PSCs__Series_1.csv,x_time_day,10.1016/j.jechem.2020.03.082,Fig4_D,Series_1,excluded,"Too few unique time points (3) in [0,200]h window (data spans 68% of window)",36,,136.35960093812798,3,68.17980046906399,days
x_time_day/10.1016_j.jpowsour.2019.226914/Fig6_E_jv_curve_stability_performance_pce/10.1016_j.jpowsour.2019.226914__Fig6__E__jv_curve_stability_performance_pce__w_o_PbBr2__Series_1.csv,x_time_day,10.1016/j.jpowsour.2019.226914,Fig6_E,Series_1,excluded,"Too few unique time points (8) in [0,200]h window (data spans 96% of window)",55,,191.46046262150435,8,95.73023131075217,days
x_time_day/10.1016_j.jpowsour.2020.228648/Fig6_D_stability_performance_curve_pce/10.1016_j.jpowsour.2020.228648__Fig6__D__stability_performance_curve_pce__SnO2-HCI__Series_2.csv,x_time_day,10.1016/j.jpowsour.2020.228648,Fig6_D,Series_2,excluded,"Too few unique time points (7) in [0,200]h window (data spans 87% of window)",74,,174.9788968868547,7,87.48944844342735,days
x_time_day/10.1016_j.jpowsour.2022.231243/Fig6_B_jv_curve_stability_performance_pce/10.1016_j.jpowsour.2022.231243__Fig6__B__jv_curve_stability_performance_pce__W_O_M-P_chloride__Series_2.csv,x_time_day,10.1016/j.jpowsour.2022.231243,Fig6_B,Series_2,excluded,Curve max time 190.1h < 200.0h (curve too short),56,,189.39422333516956,56,94.69711166758478,days
x_time_day/10.1016_j.jssc.2018.10.014/Fig9_A_stability_performance_curve_pce/10.1016_j.jssc.2018.10.014__Fig9__A__stability_performance_curve_pce__w_oKSCN__Series_1.csv,x_time_day,10.1016/j.jssc.2018.10.014,Fig9_A,Series_1,excluded,"Too few unique time points (9) in [0,200]h window (data spans 94% of window)",49,,188.2230222530672,9,94.1115111265336,days
x_time_day/10.1016_j.matt.2019.04.001/Fig5_E_stability_performance_curve_pce/10.1016_j.matt.2019.04.001__Fig5__E__stability_performance_curve_pce__c-TiO₂__Series_2.csv,x_time_day,10.1016/j.matt.2019.04.001,Fig5_E,Series_2,excluded,"Too few unique time points (3) in [0,200]h window (data spans 78% of window)",62,,156.54886758620626,3,78.27443379310313,days
x_time_day/10.1016_j.mssp.2018.10.034/Fig12_whole_stability/10.1016_j.mssp.2018.10.034__Fig12__whole__stability__ZnO-TiO2nanorods__Series_1.csv,x_time_day,10.1016/j.mssp.2018.10.034,Fig12,Series_1,excluded,Curve max time 167.2h < 200.0h (curve too short),72,,167.27608813843167,72,83.63804406921584,days
x_time_day/10.1016_j.mssp.2018.10.034/Fig12_whole_stability/10.1016_j.mssp.2018.10.034__Fig12__whole__stability__ZnOnanorods__Series_2.csv,x_time_day,10.1016/j.mssp.2018.10.034,Fig12,Series_2,excluded,Curve max time 119.6h < 200.0h (curve too short),52,,120.15606331070444,52,60.07803165535221,days
x_time_day/10.1016_j.mtener.2021.100853/Fig5_A_stability_performance_curve_pce/10.1016_j.mtener.2021.100853__Fig5__A__stability_performance_curve_pce__0%_GQDs__Series_1.csv,x_time_day,10.1016/j.mtener.2021.100853,Fig5_A,Series_1,excluded,"Too few unique time points (9) in [0,200]h window (data spans 89% of window)",61,,178.92948177568326,9,89.46474088784163,days
x_time_day/10.1016_j.nanoen.2016.08.055/Fig9_A_stability_performance_curve_pce/10.1016_j.nanoen.2016.08.055__Fig9__A__stability_performance_curve_pce__Pristine__Series_1.csv,x_time_day,10.1016/j.nanoen.2016.08.055,Fig9_A,Series_1,excluded,Curve max time 189.6h < 200.0h (curve too short),48,,189.1555510082967,48,94.57777550414835,days
x_time_day/10.1016_j.nanoen.2019.104412/Fig3_A_pce/10.1016_j.nanoen.2019.104412__Fig3__A__pce__Ca-TFSI₂__Series_3.csv,x_time_day,10.1016/j.nanoen.2019.104412,Fig3_A,Series_3,excluded,"Too few unique time points (4) in [0,200]h window (data spans 95% of window)",73,,190.75527203885508,4,95.37763601942754,days
x_time_day/10.1016_j.nanoen.2019.104412/Fig3_A_pce/10.1016_j.nanoen.2019.104412__Fig3__A__pce__Li-TFSI__Series_1.csv,x_time_day,10.1016/j.nanoen.2019.104412,Fig3_A,Series_1,excluded,"Too few unique time points (4) in [0,200]h window (data spans 95% of window)",73,,190.75527203885525,4,95.37763601942763,days
x_time_day/10.1016_j.nanoen.2019.104412/Fig3_A_pce/10.1016_j.nanoen.2019.104412__Fig3__A__pce__Mg-TFSI₂__Series_2.csv,x_time_day,10.1016/j.nanoen.2019.104412,Fig3_A,Series_2,excluded,"Too few unique time points (4) in [0,200]h window (data spans 95% of window)",72,,190.75527203885508,4,95.37763601942754,days
x_time_day/10.1016_j.nanoen.2021.106445/Fig5_B_stability_performance_curve/10.1016_j.nanoen.2021.106445__Fig5__B__stability_performance_curve__Control__Series_2.csv,x_time_day,10.1016/j.nanoen.2021.106445,Fig5_B,Series_2,excluded,"Too few unique time points (7) in [0,200]h window (data spans 88% of window)",66,,175.6376491062743,7,87.81882455313715,days
x_time_day/10.1016_j.optmat.2021.111214/Fig7_E_stability_performance_curve_pce/10.1016_j.optmat.2021.111214__Fig7__E__stability_performance_curve_pce__0_Vol%ofAc__Series_1.csv,x_time_day,10.1016/j.optmat.2021.111214,Fig7_E,Series_1,excluded,"Too few unique time points (9) in [0,200]h window (data spans 94% of window)",40,,188.78681620587219,9,94.39340810293609,days
x_time_day/10.1016_j.optmat.2021.111214/Fig7_E_stability_performance_curve_pce/10.1016_j.optmat.2021.111214__Fig7__E__stability_performance_curve_pce__8Vol%of_Ac__Series_2.csv,x_time_day,10.1016/j.optmat.2021.111214,Fig7_E,Series_2,excluded,"Too few unique time points (9) in [0,200]h window (data spans 94% of window)",40,,188.78681620587213,9,94.39340810293606,days
x_time_day/10.1016_j.orgel.2018.01.029/Fig4_D_stability_performance_curve_pce/10.1016_j.orgel.2018.01.029__Fig4__D__stability_performance_curve_pce__Anti-solvent__Series_2.csv,x_time_day,10.1016/j.orgel.2018.01.029,Fig4_D,Series_2,excluded,"Too few unique time points (8) in [0,200]h window (data spans 88% of window)",36,,175.86561514263457,8,87.93280757131728,days
x_time_day/10.1016_j.orgel.2019.06.039/Fig5_A_stability_performance_curve_pce/10.1016_j.orgel.2019.06.039__Fig5__A__stability_performance_curve_pce__control__Series_1.csv,x_time_day,10.1016/j.orgel.2019.06.039,Fig5_A,Series_1,excluded,"Too few unique time points (8) in [0,200]h window (data spans 92% of window)",56,,183.2365276837677,8,91.61826384188385,days
x_time_day/10.1016_j.orgel.2020.106007/Fig5_A_stability_performance_curve_pce/10.1016_j.orgel.2020.106007__Fig5__A__stability_performance_curve_pce__with__Series_2.csv,x_time_day,10.1016/j.orgel.2020.106007,Fig5_A,Series_2,excluded,"Too few unique time points (6) in [0,200]h window (data spans 94% of window)",63,,188.9151975889022,6,94.4575987944511,days
x_time_day/10.1016_j.orgel.2020.106007/Fig5_A_stability_performance_curve_pce/10.1016_j.orgel.2020.106007__Fig5__A__stability_performance_curve_pce__without__Series_1.csv,x_time_day,10.1016/j.orgel.2020.106007,Fig5_A,Series_1,excluded,"Too few unique time points (6) in [0,200]h window (data spans 94% of window)",64,,188.9151975889022,6,94.4575987944511,days
x_time_day/10.1016_j.solener.2016.10.005/Fig7_whole_stability/10.1016_j.solener.2016.10.005__Fig7__whole__stability__PEDOT_PSS__Series_2.csv,x_time_day,10.1016/j.solener.2016.10.005,Fig7,Series_2,excluded,Curve max time 117.4h < 200.0h (curve too short),62,,118.11498603273161,62,59.057493016365804,days
x_time_day/10.1016_j.solener.2019.10.034/Fig1_A_pce/10.1016_j.solener.2019.10.034__Fig1__A__pce__Spiro-OMeTAD__Series_2.csv,x_time_day,10.1016/j.solener.2019.10.034,Fig1_A,Series_2,excluded,"Too few unique time points (8) in [0,200]h window (data spans 99% of window)",50,,198.81970583994712,8,99.40985291997356,days
x_time_day/10.1016_j.solener.2020.03.034/Fig6_D_stability_performance_curve_pce/10.1016_j.solener.2020.03.034__Fig6__D__stability_performance_curve_pce__0_mg_ml_PbS__Series_4.csv,x_time_day,10.1016/j.solener.2020.03.034,Fig6_D,Series_4,excluded,"Too few unique time points (8) in [0,200]h window (data spans 99% of window)",13,,198.1027582777614,8,99.0513791388807,days
x_time_day/10.1016_j.solener.2020.03.034/Fig6_D_stability_performance_curve_pce/10.1016_j.solener.2020.03.034__Fig6__D__stability_performance_curve_pce__1_mg_ml_PbS__Series_1.csv,x_time_day,10.1016/j.solener.2020.03.034,Fig6_D,Series_1,excluded,"Too few unique time points (8) in [0,200]h window (data spans 99% of window)",52,,198.1027582777614,8,99.0513791388807,days
x_time_day/10.1016_j.solener.2020.03.034/Fig6_D_stability_performance_curve_pce/10.1016_j.solener.2020.03.034__Fig6__D__stability_performance_curve_pce__3_mg_ml_PbS__Series_2.csv,x_time_day,10.1016/j.solener.2020.03.034,Fig6_D,Series_2,excluded,"Too few unique time points (8) in [0,200]h window (data spans 99% of window)",51,,198.1027582777614,8,99.0513791388807,days
x_time_day/10.1016_j.solener.2020.03.034/Fig6_D_stability_performance_curve_pce/10.1016_j.solener.2020.03.034__Fig6__D__stability_performance_curve_pce__5_mg_ml_PbS__Series_3.csv,x_time_day,10.1016/j.solener.2020.03.034,Fig6_D,Series_3,excluded,"Too few unique time points (7) in [0,200]h window (data spans 99% of window)",51,,198.1027582777614,7,99.0513791388807,days
x_time_day/10.1016_j.solmat.2016.12.025/Fig3_C_stability_performance_curve_pce/10.1016_j.solmat.2016.12.025__Fig3__C__stability_performance_curve_pce__By_normal_Pbl2__Series_2.csv,x_time_day,10.1016/j.solmat.2016.12.025,Fig3_C,Series_2,excluded,Curve max time 165.6h < 200.0h (curve too short),52,,167.5158678920236,52,83.7579339460118,days
x_time_day/10.1016_j.solmat.2017.07.022/Fig7_whole_stability/10.1016_j.solmat.2017.07.022__Fig7__whole__stability__Control__Series_1.csv,x_time_day,10.1016/j.solmat.2017.07.022,Fig7,Series_1,excluded,Curve max time 167.0h < 200.0h (curve too short),70,,168.79407046550543,70,84.39703523275271,days
x_time_day/10.1016_j.solmat.2017.07.022/Fig7_whole_stability/10.1016_j.solmat.2017.07.022__Fig7__whole__stability__PDDA-perovskite__Series_2.csv,x_time_day,10.1016/j.solmat.2017.07.022,Fig7,Series_2,excluded,Curve max time 166.1h < 200.0h (curve too short),69,,166.34777958919372,69,83.17388979459686,days
x_time_day/10.1016_j.solmat.2018.07.009/Fig5_F_stability_performance_curve_pce/10.1016_j.solmat.2018.07.009__Fig5__F__stability_performance_curve_pce__CH3NH3PbI3cell__Series_1.csv,x_time_day,10.1016/j.solmat.2018.07.009,Fig5_F,Series_1,excluded,"Too few unique time points (6) in [0,200]h window (data spans 64% of window)",6,,127.14071469423266,6,63.57035734711632,days
x_time_day/10.1016_j.solmat.2019.110284/Fig3_B_structure/10.1016_j.solmat.2019.110284__Fig3__B__structure__Temperature_30_oC__Series_2.csv,x_time_day,10.1016/j.solmat.2019.110284,Fig3_B,Series_2,excluded,"Too few unique time points (5) in [0,200]h window (data spans 23% of window)",5,,46.18286961854709,5,23.091434809273544,days
"x_time_day/10.1016_j.solmat.2019.110284/Fig6_D_stability_performance_curve_structure/10.1016_j.solmat.2019.110284__Fig6__D__stability_performance_curve_structure__planar_n-i-pcells,_30-60%_RH__Series_2.csv",x_time_day,10.1016/j.solmat.2019.110284,Fig6_D,Series_2,excluded,"Too few unique time points (8) in [0,200]h window (data spans 94% of window)",68,,187.53635183156524,8,93.76817591578262,days
x_time_day/10.1016_j.solmat.2019.110289/Fig4_A_jv_curve_stability_performance_pce_ff/10.1016_j.solmat.2019.110289__Fig4__A__jv_curve_stability_performance_pce_ff__ALD-Al₂O3encapsulation__Series_1.csv,x_time_day,10.1016/j.solmat.2019.110289,Fig4_A,Series_1,excluded,"Too few unique time points (2) in [0,200]h window (data spans 65% of window)",54,,130.19257476672612,2,65.09628738336306,days
x_time_day/10.1016_j.solmat.2019.110289/Fig4_A_jv_curve_stability_performance_pce_ff/10.1016_j.solmat.2019.110289__Fig4__A__jv_curve_stability_performance_pce_ff__No_encapsulation__Series_2.csv,x_time_day,10.1016/j.solmat.2019.110289,Fig4_A,Series_2,excluded,"Too few unique time points (2) in [0,200]h window (data spans 65% of window)",54,,130.19257476672612,2,65.09628738336306,days
x_time_day/10.1016_j.solmat.2020.110478/Fig8_D_pce/10.1016_j.solmat.2020.110478__Fig8__D__pce__MAPbI₃__Series_1.csv,x_time_day,10.1016/j.solmat.2020.110478,Fig8_D,Series_1,excluded,"Too few unique time points (4) in [0,200]h window (data spans 87% of window)",50,,174.2026577842188,4,87.1013288921094,days
x_time_day/10.1016_j.solmat.2020.110478/Fig8_D_pce/10.1016_j.solmat.2020.110478__Fig8__D__pce__MA₀.₈Cs₀.₂Pb(I₀.₈Br₀.₂)₃__Series_2.csv,x_time_day,10.1016/j.solmat.2020.110478,Fig8_D,Series_2,excluded,"Too few unique time points (4) in [0,200]h window (data spans 87% of window)",50,,174.2026577842188,4,87.1013288921094,days
x_time_day/10.1021_acs.chemmater.5b03137/Fig3_B_profile/10.1021_acs.chemmater.5b03137__Fig3__B__profile__B__Series_2.csv,x_time_day,10.1021/acs.chemmater.5b03137,Fig3_B,Series_2,excluded,Curve max time 81.5h < 200.0h (curve too short),34,,82.608529883068,34,41.304264941534,days
x_time_day/10.1021_acs.jpcc.0c02628/Fig6_B_stability_performance_curve_pce/10.1021_acs.jpcc.0c02628__Fig6__B__stability_performance_curve_pce__SnO₂__Series_2.csv,x_time_day,10.1021/acs.jpcc.0c02628,Fig6_B,Series_2,excluded,Curve max time 165.5h < 200.0h (curve too short),43,,165.12988384071863,43,82.56494192035932,days
x_time_day/10.1021_acs.jpcc.0c05649/Fig7_A_stability_performance_curve_pce/10.1021_acs.jpcc.0c05649__Fig7__A__stability_performance_curve_pce__Control__Series_1.csv,x_time_day,10.1021/acs.jpcc.0c05649,Fig7_A,Series_1,excluded,"Too few unique time points (9) in [0,200]h window (data spans 97% of window)",59,,194.0353939600247,9,97.01769698001235,days
x_time_day/10.1021_acs.jpcc.8b09722/Fig2_B_stability_performance_curve/10.1021_acs.jpcc.8b09722__Fig2__B__stability_performance_curve__MAPbI₃_+_NDM__Series_1.csv,x_time_day,10.1021/acs.jpcc.8b09722,Fig2_B,Series_1,excluded,"Too few unique time points (5) in [0,200]h window (data spans 80% of window)",63,,160.29830779442273,5,80.14915389721136,days
x_time_day/10.1021_acs.jpcc.8b09722/Fig2_B_stability_performance_curve/10.1021_acs.jpcc.8b09722__Fig2__B__stability_performance_curve__Pristine_MAPbI₃__Series_2.csv,x_time_day,10.1021/acs.jpcc.8b09722,Fig2_B,Series_2,excluded,"Too few unique time points (4) in [0,200]h window (data spans 80% of window)",62,,160.2983077944228,4,80.1491538972114,days
x_time_day/10.1021_acs.jpclett.0c01134/Fig4_G_stability_performance_curve_pce/10.1021_acs.jpclett.0c01134__Fig4__G__stability_performance_curve_pce__3D__Series_2.csv,x_time_day,10.1021/acs.jpclett.0c01134,Fig4_G,Series_2,excluded,"Too few unique time points (5) in [0,200]h window (data spans 95% of window)",14,,189.56480197549607,5,94.78240098774803,days
x_time_day/10.1021_acs.nanolett.9b02142/Fig1_C_stability_performance_curve_voc/10.1021_acs.nanolett.9b02142__Fig1__C__stability_performance_curve_voc__Control-HP__Series_2.csv,x_time_day,10.1021/acs.nanolett.9b02142,Fig1_C,Series_2,excluded,"Too few unique time points (3) in [0,200]h window (data spans 84% of window)",56,,168.52929528539426,3,84.26464764269713,days
x_time_day/10.1021_acs.nanolett.9b02142/Fig1_C_stability_performance_curve_voc/10.1021_acs.nanolett.9b02142__Fig1__C__stability_performance_curve_voc__LD-HP__Series_1.csv,x_time_day,10.1021/acs.nanolett.9b02142,Fig1_C,Series_1,excluded,"Too few unique time points (3) in [0,200]h window (data spans 84% of window)",56,,168.52929528539426,3,84.26464764269713,days
x_time_day/10.1021_acs.nanolett.9b02142/Fig1_D_stability_performance_curve_pce/10.1021_acs.nanolett.9b02142__Fig1__D__stability_performance_curve_pce__Control-HP__Series_1.csv,x_time_day,10.1021/acs.nanolett.9b02142,Fig1_D,Series_1,excluded,"Too few unique time points (3) in [0,200]h window (data spans 67% of window)",49,,134.28092682501995,3,67.14046341250997,days
x_time_day/10.1021_acs.nanolett.9b02142/Fig1_D_stability_performance_curve_pce/10.1021_acs.nanolett.9b02142__Fig1__D__stability_performance_curve_pce__LD-HP__Series_2.csv,x_time_day,10.1021/acs.nanolett.9b02142,Fig1_D,Series_2,excluded,"Too few unique time points (3) in [0,200]h window (data spans 67% of window)",54,,134.28092682501995,3,67.14046341250997,days
x_time_day/10.1021_acsaem.0c01571/Fig4_F_stability_performance_curve_pce/10.1021_acsaem.0c01571__Fig4__F__stability_performance_curve_pce__MAPbl-IPA__Series_1.csv,x_time_day,10.1021/acsaem.0c01571,Fig4_F,Series_1,excluded,"Too few unique time points (5) in [0,200]h window (data spans 89% of window)",49,,177.17692282645743,5,88.58846141322871,days
x_time_day/10.1021_acsaem.1c00032/Fig6_F_stability_performance_curve_voc/10.1021_acsaem.1c00032__Fig6__F__stability_performance_curve_voc__。without_CsBr__Series_1.csv,x_time_day,10.1021/acsaem.1c00032,Fig6_F,Series_1,excluded,"Too few unique time points (6) in [0,200]h window (data spans 91% of window)",30,,181.1457365999026,6,90.5728682999513,days
x_time_day/10.1021_acsaem.1c00192/Fig5_D_stability_performance_curve_pce/10.1021_acsaem.1c00192__Fig5__D__stability_performance_curve_pce__0mg_mL__Series_2.csv,x_time_day,10.1021/acsaem.1c00192,Fig5_D,Series_2,excluded,"Too few unique time points (9) in [0,200]h window (data spans 90% of window)",43,,179.95347563056583,9,89.97673781528292,days
x_time_day/10.1021_acsaem.1c00192/Fig5_D_stability_performance_curve_pce/10.1021_acsaem.1c00192__Fig5__D__stability_performance_curve_pce__1mg_mL__Series_1.csv,x_time_day,10.1021/acsaem.1c00192,Fig5_D,Series_1,excluded,"Too few unique time points (9) in [0,200]h window (data spans 90% of window)",43,,179.95347563056583,9,89.97673781528292,days
x_time_day/10.1021_acsami.0c03180/Fig8_D_stability_performance_curve_pce/10.1021_acsami.0c03180__Fig8__D__stability_performance_curve_pce__C1__Series_2.csv,x_time_day,10.1021/acsami.0c03180,Fig8_D,Series_2,excluded,"Too few unique time points (4) in [0,200]h window (data spans 83% of window)",52,,166.32428473388183,4,83.16214236694091,days
x_time_day/10.1021_acsami.0c03180/Fig8_D_stability_performance_curve_pce/10.1021_acsami.0c03180__Fig8__D__stability_performance_curve_pce__D₁__Series_1.csv,x_time_day,10.1021/acsami.0c03180,Fig8_D,Series_1,excluded,"Too few unique time points (4) in [0,200]h window (data spans 83% of window)",51,,166.32428473388183,4,83.16214236694091,days
x_time_day/10.1021_acsami.0c05527/Fig7_C_stability_performance_curve/10.1021_acsami.0c05527__Fig7__C__stability_performance_curve__Sn-based__Series_2.csv,x_time_day,10.1021/acsami.0c05527,Fig7_C,Series_2,excluded,Curve max time 167.1h < 200.0h (curve too short),73,,167.01056916219653,73,83.50528458109827,days
x_time_day/10.1021_acsami.6b15563/Fig5_F_stability_performance_curve_pce/10.1021_acsami.6b15563__Fig5__F__stability_performance_curve_pce__CA__Series_2.csv,x_time_day,10.1021/acsami.6b15563,Fig5_F,Series_2,excluded,Curve max time 186.4h < 200.0h (curve too short),26,,190.62263411300998,26,95.31131705650499,days
x_time_day/10.1021_acsami.8b09461/Fig8_A_stability_performance_curve_pce/10.1021_acsami.8b09461__Fig8__A__stability_performance_curve_pce__3D__Series_1.csv,x_time_day,10.1021/acsami.8b09461,Fig8_A,Series_1,excluded,"Too few unique time points (7) in [0,200]h window (data spans 90% of window)",63,,179.29353800233915,7,89.64676900116957,days
x_time_day/10.1021_acsami.8b10062/Fig9_C_stability_performance_curve_pce/10.1021_acsami.8b10062__Fig9__C__stability_performance_curve_pce__TiO2__Series_2.csv,x_time_day,10.1021/acsami.8b10062,Fig9_C,Series_2,excluded,"Too few unique time points (6) in [0,200]h window (data spans 88% of window)",41,,176.620746479907,6,88.3103732399535,days
x_time_day/10.1021_acsami.8b18200/Fig7_C_eqe/10.1021_acsami.8b18200__Fig7__C__eqe__NiO_(No_PVP)__Series_2.csv,x_time_day,10.1021/acsami.8b18200,Fig7_C,Series_2,excluded,"Too few unique time points (4) in [0,200]h window (data spans 87% of window)",42,,173.91980873058483,4,86.95990436529242,days
x_time_day/10.1021_acsami.8b18200/Fig7_C_eqe/10.1021_acsami.8b18200__Fig7__C__eqe__PEDOT_PSS(NoPVP)__Series_1.csv,x_time_day,10.1021/acsami.8b18200,Fig7_C,Series_1,excluded,"Too few unique time points (4) in [0,200]h window (data spans 87% of window)",39,,173.91980873058492,4,86.95990436529246,days
x_time_day/10.1021_acsami.8b22040/Fig5_A_stability_performance_curve_pce/10.1021_acsami.8b22040__Fig5__A__stability_performance_curve_pce__Control__Series_2.csv,x_time_day,10.1021/acsami.8b22040,Fig5_A,Series_2,excluded,"Too few unique time points (5) in [0,200]h window (data spans 95% of window)",61,,189.6976244542491,5,94.84881222712455,days
x_time_day/10.1021_acsami.9b07318/Fig8_A_stability_performance_curve_pce/10.1021_acsami.9b07318__Fig8__A__stability_performance_curve_pce__PSK_C__Series_1.csv,x_time_day,10.1021/acsami.9b07318,Fig8_A,Series_1,excluded,"Too few unique time points (7) in [0,200]h window (data spans 92% of window)",72,,184.04631769257796,7,92.02315884628898,days
x_time_day/10.1021_acsami.9b08714/Fig5_D_stability_performance_curve_pce/10.1021_acsami.9b08714__Fig5__D__stability_performance_curve_pce__Spiro-OMeTAD__Series_1.csv,x_time_day,10.1021/acsami.9b08714,Fig5_D,Series_1,excluded,"Too few unique time points (5) in [0,200]h window (data spans 85% of window)",53,,170.5019993101551,5,85.25099965507755,days
x_time_day/10.1021_acsami.9b17930/Fig8_B_stability_performance_curve_pce/10.1021_acsami.9b17930__Fig8__B__stability_performance_curve_pce__3D+BAI__Series_3.csv,x_time_day,10.1021/acsami.9b17930,Fig8_B,Series_3,excluded,"Too few unique time points (9) in [0,200]h window (data spans 99% of window)",44,,197.42231706783443,9,98.71115853391721,days
x_time_day/10.1021_acsami.9b17930/Fig8_B_stability_performance_curve_pce/10.1021_acsami.9b17930__Fig8__B__stability_performance_curve_pce__3D__Series_1.csv,x_time_day,10.1021/acsami.9b17930,Fig8_B,Series_1,excluded,"Too few unique time points (9) in [0,200]h window (data spans 99% of window)",44,,197.42231706783443,9,98.71115853391721,days
x_time_day/10.1021_acsami.9b18572/Fig4_K_stability_performance_curve_pce_2/10.1021_acsami.9b18572__Fig4__K__stability_performance_curve_pce_2__Control__Series_1.csv,x_time_day,10.1021/acsami.9b18572,Fig4_K,Series_1,excluded,"Too few unique time points (9) in [0,200]h window (data spans 98% of window)",34,,195.34542665066712,9,97.67271332533356,days
x_time_day/10.1021_acsami.9b22627/Fig9_A_chart/10.1021_acsami.9b22627__Fig9__A__chart__MAPbI₃₋ₓClₓ__Series_2.csv,x_time_day,10.1021/acsami.9b22627,Fig9_A,Series_2,excluded,"Too few unique time points (4) in [0,200]h window (data spans 92% of window)",59,,183.3001390066446,4,91.6500695033223,days
x_time_day/10.1021_acsenergylett.1c00342/Fig5_D_stability/10.1021_acsenergylett.1c00342__Fig5__D__stability__CsSnl₃__Series_1.csv,x_time_day,10.1021/acsenergylett.1c00342,Fig5_D,Series_1,excluded,"Too few unique time points (8) in [0,200]h window (data spans 94% of window)",54,,188.50572098024165,8,94.25286049012082,days
x_time_day/10.1021_acsenergylett.1c00531/Fig6_B_stability_performance_curve_pce/10.1021_acsenergylett.1c00531__Fig6__B__stability_performance_curve_pce__o-Pristine_PSC__Series_2.csv,x_time_day,10.1021/acsenergylett.1c00531,Fig6_B,Series_2,excluded,"Too few unique time points (4) in [0,200]h window (data spans 85% of window)",21,,169.2972829309948,4,84.6486414654974,days
x_time_day/10.1021_acsenergylett.8b00085/Fig2_F_stability_performance_curve_image/10.1021_acsenergylett.8b00085__Fig2__F__stability_performance_curve_image__FASnl3__Series_2.csv,x_time_day,10.1021/acsenergylett.8b00085,Fig2_F,Series_2,excluded,Curve max time 119.8h < 200.0h (curve too short),67,,120.77314620319568,67,60.38657310159784,days
x_time_day/10.1021_acsomega.0c03184/Fig3_C_stability_performance_curve/10.1021_acsomega.0c03184__Fig3__C__stability_performance_curve__AZO-IV__Series_3.csv,x_time_day,10.1021/acsomega.0c03184,Fig3_C,Series_3,excluded,"Too few unique time points (3) in [0,200]h window (data spans 99% of window)",43,,197.9687489477858,3,98.9843744738929,days
x_time_day/10.1021_acsomega.4c02656/Fig7_B_stability_performance_curve_pce/10.1021_acsomega.4c02656__Fig7__B__stability_performance_curve_pce__Control__Series_2.csv,x_time_day,10.1021/acsomega.4c02656,Fig7_B,Series_2,excluded,"Too few unique time points (4) in [0,200]h window (data spans 99% of window)",62,,197.3052674467656,4,98.6526337233828,days
x_time_day/10.1039_D5SC05095B/Fig5_I_eis_plot_stability_performance_curve_pce_device_structure/10.1039_D5SC05095B__Fig5__I__eis_plot_stability_performance_curve_pce_device_structure__W_O_AMPM__Series_1.csv,x_time_day,10.1039/D5SC05095B,Fig5_I,Series_1,excluded,"Too few unique time points (9) in [0,200]h window (data spans 98% of window)",48,,196.94028510840016,9,98.47014255420008,days
x_time_day/10.1039_c6nr06670d/Fig7_whole_stability_performance_curve_pce/10.1039_c6nr06670d__Fig7__whole__stability_performance_curve_pce__ITO_PEDOT_PSS_MAPb(I1.BrJ₃_PCBM_Al__Series_2.csv,x_time_day,10.1039/c6nr06670d,Fig7,Series_2,excluded,"Too few unique time points (8) in [0,200]h window (data spans 89% of window)",71,,177.45029161454931,8,88.72514580727466,days
x_time_day/10.1039_c6nr07689k/Fig10_D_stability_performance_curve/10.1039_c6nr07689k__Fig10__D__stability_performance_curve__PSC-0__Series_1.csv,x_time_day,10.1039/c6nr07689k,Fig10_D,Series_1,excluded,"Too few unique time points (7) in [0,200]h window (data spans 88% of window)",50,,175.42907305067197,7,87.71453652533599,days
x_time_day/10.1039_c6ta10588b/Fig6_whole_stability/10.1039_c6ta10588b__Fig6__whole__stability__FTO_TiO2__Series_1.csv,x_time_day,10.1039/c6ta10588b,Fig6,Series_1,excluded,Curve max time 166.2h < 200.0h (curve too short),68,,166.92639957548414,68,83.46319978774207,days
x_time_day/10.1039_c6ta10588b/Fig6_whole_stability/10.1039_c6ta10588b__Fig6__whole__stability__ITO_PEDOT_PSS__Series_2.csv,x_time_day,10.1039/c6ta10588b,Fig6,Series_2,excluded,Curve max time 165.9h < 200.0h (curve too short),68,,166.9263995754842,68,83.4631997877421,days
x_time_day/10.1039_c7nr03507a/Fig5_A_stability_performance_curve_pce/10.1039_c7nr03507a__Fig5__A__stability_performance_curve_pce__Control__Series_1.csv,x_time_day,10.1039/c7nr03507a,Fig5_A,Series_1,excluded,Curve max time 164.7h < 200.0h (curve too short),37,,165.50098526066347,37,82.75049263033173,days
x_time_day/10.1039_c7nr07753j/Fig5_whole_stability/10.1039_c7nr07753j__Fig5__whole__stability__Conventional_device__Series_2.csv,x_time_day,10.1039/c7nr07753j,Fig5,Series_2,excluded,"Too few unique time points (6) in [0,200]h window (data spans 85% of window)",43,,169.2151551197759,6,84.60757755988794,days
x_time_day/10.1039_c7se00080d/Fig8_D_stability_performance_curve/10.1039_c7se00080d__Fig8__D__stability_performance_curve__PSC_based_on_C-Pbl2__Series_2.csv,x_time_day,10.1039/c7se00080d,Fig8_D,Series_2,excluded,"Too few unique time points (8) in [0,200]h window (data spans 99% of window)",52,,198.2585965893564,8,99.1292982946782,days
x_time_day/10.1039_c7ta08947c/Fig6_F_stability_performance_curve/10.1039_c7ta08947c__Fig6__F__stability_performance_curve__unsealed_cell_from_3MAI_PbAc2._2.8H2O_by_CP__Series_3.csv,x_time_day,10.1039/c7ta08947c,Fig6_F,Series_3,excluded,"Too few unique time points (4) in [0,200]h window (data spans 77% of window)",15,,154.03258862561478,4,77.01629431280739,days
x_time_day/10.1039_c7ta09543k/Fig5_D_stability_performance_curve/10.1039_c7ta09543k__Fig5__D__stability_performance_curve__TiO2__Series_1.csv,x_time_day,10.1039/c7ta09543k,Fig5_D,Series_1,excluded,Curve max time 164.1h < 200.0h (curve too short),56,,163.87439037219818,56,81.93719518609909,days
x_time_day/10.1039_c8ee02542h/Fig2_H_stability_performance_curve/10.1039_c8ee02542h__Fig2__H__stability_performance_curve__Control_FA__Series_1.csv,x_time_day,10.1039/c8ee02542h,Fig2_H,Series_1,excluded,"Too few unique time points (7) in [0,200]h window (data spans 100% of window)",44,,199.30747798468565,7,99.65373899234282,days
x_time_day/10.1039_c8ee02542h/Fig2_H_stability_performance_curve/10.1039_c8ee02542h__Fig2__H__stability_performance_curve__IDTBR-FABABr__Series_2.csv,x_time_day,10.1039/c8ee02542h,Fig2_H,Series_2,excluded,"Too few unique time points (7) in [0,200]h window (data spans 100% of window)",44,,199.30747798468565,7,99.65373899234282,days
x_time_day/10.1039_c8nh00163d/Fig4_A_stability_performance_curve_pce/10.1039_c8nh00163d__Fig4__A__stability_performance_curve_pce__Pristine__Series_1.csv,x_time_day,10.1039/c8nh00163d,Fig4_A,Series_1,excluded,Curve max time 188.8h < 200.0h (curve too short),21,,187.8102905673993,21,93.90514528369965,days
x_time_day/10.1039_c8ta00457a/Fig9_D_pce/10.1039_c8ta00457a__Fig9__D__pce__WithoutOTAB__Series_1.csv,x_time_day,10.1039/c8ta00457a,Fig9_D,Series_1,excluded,"Too few unique time points (5) in [0,200]h window (data spans 84% of window)",33,,167.89003425138173,5,83.94501712569087,days
x_time_day/10.1039_c8ta12100a/Fig5_C_stability_performance_curve_pce/10.1039_c8ta12100a__Fig5__C__stability_performance_curve_pce__PEDOT_PSS__Series_2.csv,x_time_day,10.1039/c8ta12100a,Fig5_C,Series_2,excluded,"Too few unique time points (7) in [0,200]h window (data spans 91% of window)",48,,181.73114766247193,7,90.86557383123596,days
x_time_day/10.1039_c8tc01345d/Fig5_whole_pce/10.1039_c8tc01345d__Fig5__whole__pce__H2__Series_2.csv,x_time_day,10.1039/c8tc01345d,Fig5,Series_2,excluded,"Too few unique time points (2) in [0,200]h window (data spans 67% of window)",32,,133.2457136626374,2,66.6228568313187,days
x_time_day/10.1039_c9se01133a/Fig6_C_stability_performance_curve_pce/10.1039_c9se01133a__Fig6__C__stability_performance_curve_pce__r-TiO2CL__Series_2.csv,x_time_day,10.1039/c9se01133a,Fig6_C,Series_2,excluded,"Too few unique time points (5) in [0,200]h window (data spans 81% of window)",19,,162.48388051017466,5,81.24194025508733,days
x_time_day/10.1039_c9ta00118b/Fig6_A_stability_performance_curve_pce/10.1039_c9ta00118b__Fig6__A__stability_performance_curve_pce__C60__Series_1.csv,x_time_day,10.1039/c9ta00118b,Fig6_A,Series_1,excluded,"Too few unique time points (8) in [0,200]h window (data spans 91% of window)",57,,181.04653937132255,8,90.52326968566128,days
x_time_day/10.1039_c9ta00551j/Fig5_A_stability_performance_curve_pce/10.1039_c9ta00551j__Fig5__A__stability_performance_curve_pce__Control_device__Series_2.csv,x_time_day,10.1039/c9ta00551j,Fig5_A,Series_2,excluded,"Too few unique time points (5) in [0,200]h window (data spans 89% of window)",41,,177.38912863566918,5,88.69456431783459,days
x_time_day/10.1039_c9ta01893j/Fig7_D_stability_performance_curve/10.1039_c9ta01893j__Fig7__D__stability_performance_curve__w_o_GA__Series_3.csv,x_time_day,10.1039/c9ta01893j,Fig7_D,Series_3,excluded,"Too few unique time points (7) in [0,200]h window (data spans 90% of window)",48,,180.90797300178116,7,90.45398650089058,days
x_time_day/10.1039_c9ta01893j/Fig7_E_stability_performance_curve_pce/10.1039_c9ta01893j__Fig7__E__stability_performance_curve_pce__w_o_GA__Series_1.csv,x_time_day,10.1039/c9ta01893j,Fig7_E,Series_1,excluded,"Too few unique time points (7) in [0,200]h window (data spans 91% of window)",48,,181.08451486730087,7,90.54225743365043,days
x_time_day/10.1039_c9ta02772f/Fig3_I_stability_performance_curve_pce/10.1039_c9ta02772f__Fig3__I__stability_performance_curve_pce__MAPbI₃__Series_2.csv,x_time_day,10.1039/c9ta02772f,Fig3_I,Series_2,excluded,"Too few unique time points (8) in [0,200]h window (data spans 99% of window)",47,,198.84488501679934,8,99.42244250839967,days
x_time_day/10.1039_c9ta13922b/Fig4_E_stability/10.1039_c9ta13922b__Fig4__E__stability__w_o_t-BCA__Series_1.csv,x_time_day,10.1039/c9ta13922b,Fig4_E,Series_1,excluded,"Too few unique time points (5) in [0,200]h window (data spans 81% of window)",36,,162.85500458586836,5,81.42750229293418,days
x_time_day/10.1039_c9tc04269e/Fig4_D_stability_performance_curve_pce/10.1039_c9tc04269e__Fig4__D__stability_performance_curve_pce__SnO2__Series_2.csv,x_time_day,10.1039/c9tc04269e,Fig4_D,Series_2,excluded,"Too few unique time points (9) in [0,200]h window (data spans 89% of window)",53,,178.82702240356792,9,89.41351120178396,days
x_time_day/10.1039_c9tc05227e/Fig6_A_stability_performance_curve_pce/10.1039_c9tc05227e__Fig6__A__stability_performance_curve_pce__Control__Series_1.csv,x_time_day,10.1039/c9tc05227e,Fig6_A,Series_1,excluded,"Too few unique time points (8) in [0,200]h window (data spans 91% of window)",55,,182.44628955915795,8,91.22314477957897,days
x_time_day/10.1039_d0dt03201h/Fig6_G_stability_performance_curve_pce/10.1039_d0dt03201h__Fig6__G__stability_performance_curve_pce__Without_BiWg-Zn__Series_1.csv,x_time_day,10.1039/d0dt03201h,Fig6_G,Series_1,excluded,Curve max time 167.7h < 200.0h (curve too short),43,,167.78050704885584,43,83.89025352442792,days
x_time_day/10.1039_d0ma00967a/Fig6_C_stability_performance_curve/10.1039_d0ma00967a__Fig6__C__stability_performance_curve__MO__Series_1.csv,x_time_day,10.1039/d0ma00967a,Fig6_C,Series_1,excluded,"Too few unique time points (6) in [0,200]h window (data spans 91% of window)",49,,181.4944354815238,6,90.7472177407619,days
x_time_day/10.1039_d0ma00967a/Fig6_C_stability_performance_curve/10.1039_d0ma00967a__Fig6__C__stability_performance_curve__Rb5__Series_2.csv,x_time_day,10.1039/d0ma00967a,Fig6_C,Series_2,excluded,"Too few unique time points (7) in [0,200]h window (data spans 91% of window)",48,,181.4944354815238,7,90.7472177407619,days
x_time_day/10.1039_d0ra09294k/Fig5_C_stability_performance_curve/10.1039_d0ra09294k__Fig5__C__stability_performance_curve__Cs0.05__Series_1.csv,x_time_day,10.1039/d0ra09294k,Fig5_C,Series_1,excluded,Curve max time 95.1h < 200.0h (curve too short),39,,95.02129208824852,39,47.51064604412426,days
x_time_day/10.1039_d0ra09294k/Fig5_C_stability_performance_curve/10.1039_d0ra09294k__Fig5__C__stability_performance_curve__Cs0.15__Series_2.csv,x_time_day,10.1039/d0ra09294k,Fig5_C,Series_2,excluded,Curve max time 94.6h < 200.0h (curve too short),39,,95.02129208824853,39,47.510646044124265,days
x_time_day/10.1039_d0ra09294k/Fig5_C_stability_performance_curve/10.1039_d0ra09294k__Fig5__C__stability_performance_curve__Cs0.25__Series_3.csv,x_time_day,10.1039/d0ra09294k,Fig5_C,Series_3,excluded,Curve max time 94.9h < 200.0h (curve too short),37,,95.02129208824852,37,47.51064604412426,days
x_time_day/10.1039_d0ta01279c/Fig3_F_stability_performance_curve_pce_eqe/10.1039_d0ta01279c__Fig3__F__stability_performance_curve_pce_eqe__TB(K)__Series_1.csv,x_time_day,10.1039/d0ta01279c,Fig3_F,Series_1,excluded,"Too few unique time points (7) in [0,200]h window (data spans 89% of window)",25,,178.21264896573936,7,89.10632448286968,days
x_time_day/10.1039_d0ta01279c/Fig3_F_stability_performance_curve_pce_eqe/10.1039_d0ta01279c__Fig3__F__stability_performance_curve_pce_eqe__TB(Na)__Series_2.csv,x_time_day,10.1039/d0ta01279c,Fig3_F,Series_2,excluded,"Too few unique time points (7) in [0,200]h window (data spans 89% of window)",25,,178.21264896573936,7,89.10632448286968,days
x_time_day/10.1039_d0ta02437f/Fig6_A_stability_performance_curve_pce/10.1039_d0ta02437f__Fig6__A__stability_performance_curve_pce__3D__Series_1.csv,x_time_day,10.1039/d0ta02437f,Fig6_A,Series_1,excluded,"Too few unique time points (4) in [0,200]h window (data spans 75% of window)",31,,150.97999069843428,4,75.48999534921714,days
x_time_day/10.1039_d0ta03951a/Fig7_A_pce/10.1039_d0ta03951a__Fig7__A__pce__PSK_spiro_C__Series_1.csv,x_time_day,10.1039/d0ta03951a,Fig7_A,Series_1,excluded,"Too few unique time points (7) in [0,200]h window (data spans 86% of window)",69,,171.9705023417722,7,85.9852511708861,days
x_time_day/10.1039_d0ta10871e/Fig5_F_stability_performance_curve_pce/10.1039_d0ta10871e__Fig5__F__stability_performance_curve_pce__pristine__Series_1.csv,x_time_day,10.1039/d0ta10871e,Fig5_F,Series_1,excluded,"Too few unique time points (4) in [0,200]h window (data spans 91% of window)",48,,182.8229461800285,4,91.41147309001425,days
x_time_day/10.1039_d0ta12509a/Fig6_E_stability_performance_curve_pce/10.1039_d0ta12509a__Fig6__E__stability_performance_curve_pce__Optimized__Series_2.csv,x_time_day,10.1039/d0ta12509a,Fig6_E,Series_2,excluded,"Too few unique time points (7) in [0,200]h window (data spans 92% of window)",47,,184.0146660278323,7,92.00733301391615,days
x_time_day/10.1039_d0ta12509a/Fig6_E_stability_performance_curve_pce/10.1039_d0ta12509a__Fig6__E__stability_performance_curve_pce__Reference__Series_1.csv,x_time_day,10.1039/d0ta12509a,Fig6_E,Series_1,excluded,"Too few unique time points (7) in [0,200]h window (data spans 92% of window)",48,,184.0146660278323,7,92.00733301391615,days
x_time_day/10.1039_d0tc04186f/Fig7_A_stability_performance_curve/10.1039_d0tc04186f__Fig7__A__stability_performance_curve__Pristine__Series_1.csv,x_time_day,10.1039/d0tc04186f,Fig7_A,Series_1,excluded,"Too few unique time points (5) in [0,200]h window (data spans 86% of window)",32,,172.70691467295018,5,86.35345733647509,days
x_time_day/10.1039_d0tc04186f/Fig7_B_stability_performance_curve/10.1039_d0tc04186f__Fig7__B__stability_performance_curve__Pristine__Series_1.csv,x_time_day,10.1039/d0tc04186f,Fig7_B,Series_1,excluded,"Too few unique time points (5) in [0,200]h window (data spans 86% of window)",32,,172.25796409457973,5,86.12898204728987,days
x_time_day/10.1039_d0tc04624h/Fig6_E_stability_performance_curve/10.1039_d0tc04624h__Fig6__E__stability_performance_curve__without_CoBr2__Series_2.csv,x_time_day,10.1039/d0tc04624h,Fig6_E,Series_2,excluded,"Too few unique time points (6) in [0,200]h window (data spans 98% of window)",63,,195.18618981483235,6,97.59309490741617,days
x_time_day/10.1039_d1na00172h/Fig6_A_stability_performance_curve_pce/10.1039_d1na00172h__Fig6__A__stability_performance_curve_pce__PSC-2__Series_1.csv,x_time_day,10.1039/d1na00172h,Fig6_A,Series_1,excluded,"Too few unique time points (5) in [0,200]h window (data spans 80% of window)",72,,160.4996187378609,5,80.24980936893046,days
x_time_day/10.1039_d1na00172h/Fig6_A_stability_performance_curve_pce/10.1039_d1na00172h__Fig6__A__stability_performance_curve_pce__PSC-Ref__Series_2.csv,x_time_day,10.1039/d1na00172h,Fig6_A,Series_2,excluded,"Too few unique time points (5) in [0,200]h window (data spans 80% of window)",72,,160.4996187378609,5,80.24980936893046,days
x_time_day/10.1039_d1nr03624f/Fig6_D_stability_performance_curve_pce/10.1039_d1nr03624f__Fig6__D__stability_performance_curve_pce__3D__Series_1.csv,x_time_day,10.1039/d1nr03624f,Fig6_D,Series_1,excluded,"Too few unique time points (7) in [0,200]h window (data spans 100% of window)",38,,199.78424551482354,7,99.89212275741177,days
x_time_day/10.1039_d1qm00149c/Fig5_A_stability_performance_curve_pce/10.1039_d1qm00149c__Fig5__A__stability_performance_curve_pce__FA0.3MA0.7PbI3__Series_2.csv,x_time_day,10.1039/d1qm00149c,Fig5_A,Series_2,excluded,"Too few unique time points (6) in [0,200]h window (data spans 84% of window)",65,,167.72823622123292,6,83.86411811061646,days
x_time_day/10.1039_d1qm00149c/Fig5_A_stability_performance_curve_pce/10.1039_d1qm00149c__Fig5__A__stability_performance_curve_pce__MAPbI3__Series_1.csv,x_time_day,10.1039/d1qm00149c,Fig5_A,Series_1,excluded,"Too few unique time points (6) in [0,200]h window (data spans 84% of window)",65,,167.72823622123292,6,83.86411811061646,days
x_time_day/10.1039_d1se00188d/Fig5_D_stability_performance_curve_pce/10.1039_d1se00188d__Fig5__D__stability_performance_curve_pce__Pristine__Series_1.csv,x_time_day,10.1039/d1se00188d,Fig5_D,Series_1,excluded,"Too few unique time points (5) in [0,200]h window (data spans 82% of window)",30,,163.73549643499572,5,81.86774821749786,days
x_time_day/10.1039_d2ta02588d/Fig4_A_stability_performance_curve_pce/10.1039_d2ta02588d__Fig4__A__stability_performance_curve_pce__F4-TCNQ__Series_2.csv,x_time_day,10.1039/d2ta02588d,Fig4_A,Series_2,excluded,"Too few unique time points (2) in [0,200]h window (data spans 73% of window)",48,,146.2436085160598,2,73.1218042580299,days
x_time_day/10.1039_d2ta02588d/Fig4_A_stability_performance_curve_pce/10.1039_d2ta02588d__Fig4__A__stability_performance_curve_pce__tBP_LiTFSI_FK2091.2__Series_3.csv,x_time_day,10.1039/d2ta02588d,Fig4_A,Series_3,excluded,"Too few unique time points (1) in [0,200]h window (data spans 0% of window)",49,,0.0,1,0.0,days
x_time_day/10.1039_d2ta02588d/Fig4_A_stability_performance_curve_pce/10.1039_d2ta02588d__Fig4__A__stability_performance_curve_pce__tBP_LiTFSI__Series_1.csv,x_time_day,10.1039/d2ta02588d,Fig4_A,Series_1,excluded,"Too few unique time points (2) in [0,200]h window (data spans 73% of window)",48,,146.24360851606014,2,73.12180425803007,days
x_time_day/10.1039_d2ta06092b/Fig5_E_schematic_diagram_stability_performance_curve_pce/10.1039_d2ta06092b__Fig5__E__schematic_diagram_stability_performance_curve_pce__CsPbBr3__Series_1.csv,x_time_day,10.1039/d2ta06092b,Fig5_E,Series_1,excluded,"Too few unique time points (5) in [0,200]h window (data spans 92% of window)",52,,184.54942077261876,5,92.27471038630938,days
x_time_day/10.1088_1402-4896_ab90be/Fig9_A_pce/10.1088_1402-4896_ab90be__Fig9__A__pce__ImEu1__Series_3.csv,x_time_day,10.1088/1402-4896_ab90be,Fig9_A,Series_3,excluded,"Too few unique time points (6) in [0,200]h window (data spans 84% of window)",44,,167.77564009011147,6,83.88782004505573,days
x_time_day/10.1088_1402-4896_ab90be/Fig9_A_pce/10.1088_1402-4896_ab90be__Fig9__A__pce__ImEu3__Series_2.csv,x_time_day,10.1088/1402-4896_ab90be,Fig9_A,Series_2,excluded,"Too few unique time points (6) in [0,200]h window (data spans 84% of window)",44,,167.77564009011147,6,83.88782004505573,days
x_time_day/10.1088_1402-4896_ab90be/Fig9_A_pce/10.1088_1402-4896_ab90be__Fig9__A__pce__ImEu5__Series_1.csv,x_time_day,10.1088/1402-4896_ab90be,Fig9_A,Series_1,excluded,"Too few unique time points (6) in [0,200]h window (data spans 84% of window)",45,,167.7756400901115,6,83.88782004505575,days
x_time_day/10.1088_1402-4896_ab90be/Fig9_B_stability_performance_curve_pce/10.1088_1402-4896_ab90be__Fig9__B__stability_performance_curve_pce__ImSb3__Series_3.csv,x_time_day,10.1088/1402-4896_ab90be,Fig9_B,Series_3,excluded,"Too few unique time points (4) in [0,200]h window (data spans 83% of window)",43,,166.18301488004826,4,83.09150744002413,days
x_time_day/10.1088_1402-4896_ab90be/Fig9_B_stability_performance_curve_pce/10.1088_1402-4896_ab90be__Fig9__B__stability_performance_curve_pce__ImSb5__Series_2.csv,x_time_day,10.1088/1402-4896_ab90be,Fig9_B,Series_2,excluded,"Too few unique time points (4) in [0,200]h window (data spans 83% of window)",44,,166.18301488004823,4,83.09150744002412,days
"x_time_day/10.1109_jphotov.2016.2600341/Fig8_D_pce/10.1109_jphotov.2016.2600341__Fig8__D__pce__ZnO_CH,NH,PbI__Series_1.csv",x_time_day,10.1109/jphotov.2016.2600341,Fig8_D,Series_1,excluded,"Too few unique time points (7) in [0,200]h window (data spans 91% of window)",41,,181.9165973433402,7,90.9582986716701,days
x_time_day/10.1109_jphotov.2016.2600341/Fig8_D_pce/10.1109_jphotov.2016.2600341__Fig8__D__pce__ZnO_PCBM_CHNHPbI__Series_2.csv,x_time_day,10.1109/jphotov.2016.2600341,Fig8_D,Series_2,excluded,"Too few unique time points (7) in [0,200]h window (data spans 91% of window)",41,,181.9165973433402,7,90.9582986716701,days
x_time_day/10.1126_science.aad1015/Fig4_C_jv_curve_stability_performance_jsc/10.1126_science.aad1015__Fig4__C__jv_curve_stability_performance_jsc__Ca__Series_3.csv,x_time_day,10.1126/science.aad1015,Fig4_C,Series_3,excluded,Curve max time 166.7h < 200.0h (curve too short),48,,142.48057639970082,48,71.24028819985041,days
x_time_day/10.1126_science.aad1015/Fig4_C_jv_curve_stability_performance_jsc/10.1126_science.aad1015__Fig4__C__jv_curve_stability_performance_jsc__LiF__Series_2.csv,x_time_day,10.1126/science.aad1015,Fig4_C,Series_2,excluded,Curve max time 165.8h < 200.0h (curve too short),48,,142.48057639970082,48,71.24028819985041,days
x_time_day/10.3390_mi16040379/Fig5_C_stability_performance_curve_pce/10.3390_mi16040379__Fig5__C__stability_performance_curve_pce__→—Cs₃Sb2I9__Series_1.csv,x_time_day,10.3390/mi16040379,Fig5_C,Series_1,excluded,"Too few unique time points (8) in [0,200]h window (data spans 98% of window)",51,,195.81602218146048,8,97.90801109073024,days
x_time_day/10.3390_pr10081477/Fig6_whole_figure/10.3390_pr10081477__Fig6__whole__figure__without_TOPO__Series_2.csv,x_time_day,10.3390/pr10081477,Fig6,Series_2,excluded,Curve max time 166.7h < 200.0h (curve too short),60,,168.32975560901647,60,84.16487780450824,days
x_time_day/10.7498_aps.71.20211344/Fig13_B_image/10.7498_aps.71.20211344__Fig13__B__image__w_oPEABr__Series_1.csv,x_time_day,10.7498/aps.71.20211344,Fig13_B,Series_1,excluded,"Too few unique time points (8) in [0,200]h window (data spans 96% of window)",62,,192.21677908182585,8,96.10838954091292,days
x_time_day/10.7498_aps.72.20230636/Fig14_whole_stability/10.7498_aps.72.20230636__Fig14__whole__stability__o—Control__Series_1.csv,x_time_day,10.7498/aps.72.20230636,Fig14,Series_1,excluded,"Too few unique time points (9) in [0,200]h window (data spans 95% of window)",60,,189.23317400852488,9,94.61658700426244,days
x_time_h/10.1002_adem.202000990/Fig5_C_jv_curve_stability_performance_pce/10.1002_adem.202000990__Fig5__C__jv_curve_stability_performance_pce__Pero@Pbl2-70°C__Series_3.csv,x_time_h,10.1002/adem.202000990,Fig5_C,Series_3,excluded,Curve max time 118.1h < 200.0h (curve too short),20,,120.46885494878981,20,60.234427474394906,hours
x_time_h/10.1002_adfm.201503559/Fig6_whole_figure/10.1002_adfm.201503559__Fig6__whole__figure__DMF_+_2%_H₂O__Series_1.csv,x_time_h,10.1002/adfm.201503559,Fig6,Series_1,excluded,Curve max time 143.4h < 200.0h (curve too short),75,,143.12949800671583,75,71.56474900335792,hours
x_time_h/10.1002_adfm.201503559/Fig6_whole_figure/10.1002_adfm.201503559__Fig6__whole__figure__DMF__Series_2.csv,x_time_h,10.1002/adfm.201503559,Fig6,Series_2,excluded,Curve max time 141.4h < 200.0h (curve too short),74,,141.19531560121968,74,70.59765780060984,hours
x_time_h/10.1002_adfm.201600746/Fig6_A_stability_performance_curve_pce/10.1002_adfm.201600746__Fig6__A__stability_performance_curve_pce__PEDOT_PSS__Series_1.csv,x_time_h,10.1002/adfm.201600746,Fig6_A,Series_1,excluded,Curve max time 168.5h < 200.0h (curve too short),35,,171.18020619720565,34,85.59010309860282,hours
x_time_h/10.1002_adfm.201706777/Fig4_D_stability_performance_curve_pce/10.1002_adfm.201706777__Fig4__D__stability_performance_curve_pce__ITO_Ag__Series_1.csv,x_time_h,10.1002/adfm.201706777,Fig4_D,Series_1,excluded,"Too few unique time points (8) in [0,200]h window (data spans 98% of window)",54,,196.50026102049287,8,98.25013051024644,hours
x_time_h/10.1002_adfm.201706777/Fig4_D_stability_performance_curve_pce/10.1002_adfm.201706777__Fig4__D__stability_performance_curve_pce__ITO_Au__Series_2.csv,x_time_h,10.1002/adfm.201706777,Fig4_D,Series_2,excluded,"Too few unique time points (7) in [0,200]h window (data spans 98% of window)",54,,196.50026102049281,7,98.25013051024641,hours
x_time_h/10.1002_adfm.201807850/Fig7_F_stability_performance_curve_pce/10.1002_adfm.201807850__Fig7__F__stability_performance_curve_pce__w_o_NbF₅__Series_2.csv,x_time_h,10.1002/adfm.201807850,Fig7_F,Series_2,excluded,Curve max time 58.4h < 200.0h (curve too short),12,,58.04950387455614,12,29.02475193727807,hours
x_time_h/10.1002_adfm.202002230/Fig6_B_stability_performance_curve_mapping/10.1002_adfm.202002230__Fig6__B__stability_performance_curve_mapping__0MABr__Series_2.csv,x_time_h,10.1002/adfm.202002230,Fig6_B,Series_2,excluded,Curve max time 120.7h < 200.0h (curve too short),26,,121.87124831729203,26,60.93562415864602,hours
x_time_h/10.1002_adfm.202002964/Fig5_C_mppt_stability_performance_curve_profile/10.1002_adfm.202002964__Fig5__C__mppt_stability_performance_curve_profile__o-Control__Series_1.csv,x_time_h,10.1002/adfm.202002964,Fig5_C,Series_1,excluded,Curve max time 78.3h < 200.0h (curve too short),25,,79.62776923875637,25,39.813884619378186,hours
x_time_h/10.1002_adfm.202101163/Fig7_B_stability_performance_curve_pce/10.1002_adfm.202101163__Fig7__B__stability_performance_curve_pce__FAPbl3__Series_1.csv,x_time_h,10.1002/adfm.202101163,Fig7_B,Series_1,excluded,Curve max time 109.1h < 200.0h (curve too short),65,,108.71371973564558,65,54.35685986782279,hours
x_time_h/10.1002_adfm.202309894/Fig5_D_mppt_stability_performance_curve_eqe/10.1002_adfm.202309894__Fig5__D__mppt_stability_performance_curve_eqe__Ref__Series_2.csv,x_time_h,10.1002/adfm.202309894,Fig5_D,Series_2,excluded,"Too few unique time points (6) in [0,200]h window (data spans 87% of window)",19,,174.40102525330803,6,87.20051262665402,hours
x_time_h/10.1002_adma.201701221/Fig5_B_stability_performance_curve_pce/10.1002_adma.201701221__Fig5__B__stability_performance_curve_pce__spiro__Series_1.csv,x_time_h,10.1002/adma.201701221,Fig5_B,Series_1,excluded,Curve max time 195.5h < 200.0h (curve too short),42,,186.4280664680366,42,93.2140332340183,hours
x_time_h/10.1002_adma.201701221/Fig5_C_stability_performance_curve_pce/10.1002_adma.201701221__Fig5__C__stability_performance_curve_pce__w_o__Series_3.csv,x_time_h,10.1002/adma.201701221,Fig5_C,Series_3,excluded,Curve max time 195.7h < 200.0h (curve too short),42,,186.43486272332663,42,93.21743136166332,hours
x_time_h/10.1002_adma.201705596/Fig5_D_stability_performance_curve/10.1002_adma.201705596__Fig5__D__stability_performance_curve__(CsFAMA)Pb(BrI)₃__Series_2.csv,x_time_h,10.1002/adma.201705596,Fig5_D,Series_2,excluded,"Too few unique time points (8) in [0,200]h window (data spans 23% of window)",8,,46.72145429794274,8,23.36072714897137,hours
x_time_h/10.1002_adma.201706126/Fig5_C_stability_performance_curve/10.1002_adma.201706126__Fig5__C__stability_performance_curve__CB_with_0.0_mg_ml_PBDB-T__Series_2.csv,x_time_h,10.1002/adma.201706126,Fig5_C,Series_2,excluded,"Too few unique time points (4) in [0,200]h window (data spans 80% of window)",68,,160.78136911168826,4,80.39068455584413,hours
x_time_h/10.1002_adma.201800973/Fig3_D_stability_performance_curve_pce/10.1002_adma.201800973__Fig3__D__stability_performance_curve_pce__reference_MAPbl__Series_2.csv,x_time_h,10.1002/adma.201800973,Fig3_D,Series_2,excluded,"Too few unique time points (9) in [0,200]h window (data spans 97% of window)",19,,194.21517078519184,9,97.10758539259592,hours
x_time_h/10.1002_adma.201805323/Fig4_E_stability_performance_curve_pce/10.1002_adma.201805323__Fig4__E__stability_performance_curve_pce__X=0__Series_2.csv,x_time_h,10.1002/adma.201805323,Fig4_E,Series_2,excluded,"Too few unique time points (4) in [0,200]h window (data spans 99% of window)",16,,197.29464455143227,4,98.64732227571614,hours
x_time_h/10.1002_adma.201805323/Fig4_F_stability_performance_curve_pce/10.1002_adma.201805323__Fig4__F__stability_performance_curve_pce__X=0__Series_1.csv,x_time_h,10.1002/adma.201805323,Fig4_F,Series_1,excluded,"Too few unique time points (9) in [0,200]h window (data spans 96% of window)",30,,191.9808484127405,9,95.99042420637025,hours
x_time_h/10.1002_adma.201901242/Fig5_C_stability_performance_curve_pce/10.1002_adma.201901242__Fig5__C__stability_performance_curve_pce__Control__Series_1.csv,x_time_h,10.1002/adma.201901242,Fig5_C,Series_1,excluded,"Too few unique time points (7) in [0,200]h window (data spans 96% of window)",53,,192.69385301088948,7,96.34692650544474,hours
x_time_h/10.1002_adma.201903448/Fig3_G_stability_performance_curve_pce/10.1002_adma.201903448__Fig3__G__stability_performance_curve_pce__CsPbI₃__Series_2.csv,x_time_h,10.1002/adma.201903448,Fig3_G,Series_2,excluded,Curve max time 163.5h < 200.0h (curve too short),14,,138.1018884105035,14,69.05094420525175,hours
x_time_h/10.1002_adma.201905766/Fig4_E_mppt_stability_performance_curve_pce/10.1002_adma.201905766__Fig4__E__mppt_stability_performance_curve_pce__In₂O₃_SnO₂__Series_1.csv,x_time_h,10.1002/adma.201905766,Fig4_E,Series_1,excluded,Curve max time 118.2h < 200.0h (curve too short),48,,94.63938407588503,48,47.31969203794252,hours
x_time_h/10.1002_adma.201905766/Fig4_E_mppt_stability_performance_curve_pce/10.1002_adma.201905766__Fig4__E__mppt_stability_performance_curve_pce__SnO₂__Series_2.csv,x_time_h,10.1002/adma.201905766,Fig4_E,Series_2,excluded,Curve max time 118.4h < 200.0h (curve too short),48,,94.63938407588505,48,47.319692037942524,hours
x_time_h/10.1002_adma.201905766/Fig4_E_stability_performance_curve_pce/10.1002_adma.201905766__Fig4__E__stability_performance_curve_pce__In₂O₃_SnO₂__Series_1.csv,x_time_h,10.1002/adma.201905766,Fig4_E,Series_1,excluded,Curve max time 178.0h < 200.0h (curve too short),52,,179.8100804687263,52,89.90504023436316,hours
x_time_h/10.1002_adma.201905766/Fig4_E_stability_performance_curve_pce/10.1002_adma.201905766__Fig4__E__stability_performance_curve_pce__SnO₂__Series_2.csv,x_time_h,10.1002/adma.201905766,Fig4_E,Series_2,excluded,Curve max time 178.0h < 200.0h (curve too short),52,,179.8100804687263,52,89.90504023436316,hours
x_time_h/10.1002_adma.201907396/Fig5_E_mppt_stability_performance_curve_pattern/10.1002_adma.201907396__Fig5__E__mppt_stability_performance_curve_pattern__Control__Series_1.csv,x_time_h,10.1002/adma.201907396,Fig5_E,Series_1,excluded,Curve max time 165.0h < 200.0h (curve too short),55,,163.8807377625369,55,81.94036888126845,hours
x_time_h/10.1002_adma.201907623/Fig5_C_stability_performance_curve_pce/10.1002_adma.201907623__Fig5__C__stability_performance_curve_pce__0%_PHCl__Series_2.csv,x_time_h,10.1002/adma.201907623,Fig5_C,Series_2,excluded,Curve max time 72.5h < 200.0h (curve too short),40,,73.31863890107425,40,36.659319450537126,hours
x_time_h/10.1002_adma.201907623/Fig5_C_stability_performance_curve_pce/10.1002_adma.201907623__Fig5__C__stability_performance_curve_pce__5%_PHCl__Series_1.csv,x_time_h,10.1002/adma.201907623,Fig5_C,Series_1,excluded,Curve max time 143.1h < 200.0h (curve too short),77,,142.8773476020934,77,71.4386738010467,hours
x_time_h/10.1002_adma.202003296/Fig5_B_stability_performance_curve_pce/10.1002_adma.202003296__Fig5__B__stability_performance_curve_pce__Control__Series_2.csv,x_time_h,10.1002/adma.202003296,Fig5_B,Series_2,excluded,Curve max time 166.9h < 200.0h (curve too short),43,,166.85573358800752,43,83.42786679400376,hours
x_time_h/10.1002_adma.202003965/Fig6_B_chart/10.1002_adma.202003965__Fig6__B__chart__Eth-PsCs__Series_2.csv,x_time_h,10.1002/adma.202003965,Fig6_B,Series_2,excluded,Curve max time 166.1h < 200.0h (curve too short),58,,167.6440660124871,58,83.82203300624354,hours
x_time_h/10.1002_adma.202004979/Fig2_F_eqe_mapping_stability_performance_curve_pce/10.1002_adma.202004979__Fig2__F__eqe_mapping_stability_performance_curve_pce__Control__Series_2.csv,x_time_h,10.1002/adma.202004979,Fig2_F,Series_2,excluded,"Too few unique time points (5) in [0,200]h window (data spans 98% of window)",13,,195.85561157264942,5,97.92780578632471,hours
x_time_h/10.1002_adma.202109348/Fig4_D_stability_performance_curve_pce/10.1002_adma.202109348__Fig4__D__stability_performance_curve_pce__2D_3D_mixed_perovskite_composites__Series_2.csv,x_time_h,10.1002/adma.202109348,Fig4_D,Series_2,excluded,"Too few unique time points (6) in [0,200]h window (data spans 89% of window)",51,,177.9336812093287,6,88.96684060466436,hours
x_time_h/10.1002_adma.202205769/Fig4_B_stability_performance_curve_pce/10.1002_adma.202205769__Fig4__B__stability_performance_curve_pce__PEDOT_PSS__Series_2.csv,x_time_h,10.1002/adma.202205769,Fig4_B,Series_2,excluded,Curve max time 193.8h < 200.0h (curve too short),12,,197.53793132028227,12,98.76896566014113,hours
x_time_h/10.1002_adma.202205769/Fig4_C_stability_performance_curve_pce/10.1002_adma.202205769__Fig4__C__stability_performance_curve_pce__PEDOT_PSS—C₆₀_ALD_SnO₂__Series_3.csv,x_time_h,10.1002/adma.202205769,Fig4_C,Series_3,excluded,"Too few unique time points (9) in [0,200]h window (data spans 95% of window)",21,,190.5587089363583,9,95.27935446817915,hours
x_time_h/10.1002_adma.202302839/Fig2_G_stability_performance_curve/10.1002_adma.202302839__Fig2__G__stability_performance_curve__Control__Series_2.csv,x_time_h,10.1002/adma.202302839,Fig2_G,Series_2,excluded,"Too few unique time points (9) in [0,200]h window (data spans 95% of window)",83,,189.8055992052004,9,94.9027996026002,hours
x_time_h/10.1002_adma.202302839/Fig2_H_stability_performance_curve/10.1002_adma.202302839__Fig2__H__stability_performance_curve__Control__Series_1.csv,x_time_h,10.1002/adma.202302839,Fig2_H,Series_1,excluded,"Too few unique time points (6) in [0,200]h window (data spans 95% of window)",80,,189.8964726093729,6,94.94823630468645,hours
x_time_h/10.1002_adma.202303692/Fig6_B_stability_performance_curve/10.1002_adma.202303692__Fig6__B__stability_performance_curve__SP__Series_2.csv,x_time_h,10.1002/adma.202303692,Fig6_B,Series_2,excluded,"Too few unique time points (9) in [0,200]h window (data spans 98% of window)",27,,196.52870949628166,9,98.26435474814083,hours
x_time_h/10.1002_adma.202303869/Fig4_E_mppt_stability_performance_curve_pce_voc/10.1002_adma.202303869__Fig4__E__mppt_stability_performance_curve_pce_voc__CsFAMA__Series_1.csv,x_time_h,10.1002/adma.202303869,Fig4_E,Series_1,excluded,"Too few unique time points (9) in [0,200]h window (data spans 96% of window)",61,,192.86688932073497,9,96.43344466036748,hours
x_time_h/10.1002_adma.202416932/Fig6_F_sem_image_stability_performance_curve/10.1002_adma.202416932__Fig6__F__sem_image_stability_performance_curve__SnO₂__Series_2.csv,x_time_h,10.1002/adma.202416932,Fig6_F,Series_2,excluded,"Too few unique time points (5) in [0,200]h window (data spans 83% of window)",48,,165.9282082443391,5,82.96410412216954,hours
x_time_h/10.1002_admi.201500799/Fig7_whole_stability_performance_curve_pce/10.1002_admi.201500799__Fig7__whole__stability_performance_curve_pce__CrOx__Series_2.csv,x_time_h,10.1002/admi.201500799,Fig7,Series_2,excluded,Curve max time 137.0h < 200.0h (curve too short),73,,136.97248164233918,73,68.48624082116959,hours
x_time_h/10.1002_admi.201500799/Fig7_whole_stability_performance_curve_pce/10.1002_admi.201500799__Fig7__whole__stability_performance_curve_pce__Cu_CrOx__Series_1.csv,x_time_h,10.1002/admi.201500799,Fig7,Series_1,excluded,Curve max time 143.0h < 200.0h (curve too short),77,,142.6014877372298,77,71.3007438686149,hours
x_time_h/10.1002_admi.202000105/Fig5_D_stability_performance_curve_pce/10.1002_admi.202000105__Fig5__D__stability_performance_curve_pce__Reference__Series_2.csv,x_time_h,10.1002/admi.202000105,Fig5_D,Series_2,excluded,Curve max time 174.1h < 200.0h (curve too short),72,,168.05081774695032,72,84.02540887347516,hours
x_time_h/10.1002_admi.202001144/Fig3_B_stability_performance_curve_pce/10.1002_admi.202001144__Fig3__B__stability_performance_curve_pce__C₆₀-BCT@Au_NPs__Series_1.csv,x_time_h,10.1002/admi.202001144,Fig3_B,Series_1,excluded,Curve max time 195.7h < 200.0h (curve too short),54,,196.49997199451568,54,98.24998599725784,hours
x_time_h/10.1002_admi.202001144/Fig3_B_stability_performance_curve_pce/10.1002_admi.202001144__Fig3__B__stability_performance_curve_pce__PCBM__Series_2.csv,x_time_h,10.1002/admi.202001144,Fig3_B,Series_2,excluded,Curve max time 198.7h < 200.0h (curve too short),55,,196.49997199451565,54,98.24998599725782,hours
x_time_h/10.1002_admi.202001144/Fig3_B_stability_performance_curve_pce/10.1002_admi.202001144__Fig3__B__stability_performance_curve_pce__c-TiO₂__Series_3.csv,x_time_h,10.1002/admi.202001144,Fig3_B,Series_3,excluded,Curve max time 196.1h < 200.0h (curve too short),54,,196.49997199451565,54,98.24998599725782,hours
x_time_h/10.1002_admi.202001683/Fig4_C_stability_performance_curve_pce/10.1002_admi.202001683__Fig4__C__stability_performance_curve_pce__W_o_interface__Series_2.csv,x_time_h,10.1002/admi.202001683,Fig4_C,Series_2,excluded,"Too few unique time points (6) in [0,200]h window (data spans 88% of window)",58,,176.86105190166256,6,88.43052595083128,hours
x_time_h/10.1002_advs.201901241/Fig5_C_stability_performance_curve_pce_plot/10.1002_advs.201901241__Fig5__C__stability_performance_curve_pce_plot__2%DIFA__Series_2.csv,x_time_h,10.1002/advs.201901241,Fig5_C,Series_2,excluded,Curve max time 100.6h < 200.0h (curve too short),54,,100.32787358563296,54,50.16393679281648,hours
x_time_h/10.1002_advs.201901241/Fig5_C_stability_performance_curve_pce_plot/10.1002_advs.201901241__Fig5__C__stability_performance_curve_pce_plot__Control__Series_1.csv,x_time_h,10.1002/advs.201901241,Fig5_C,Series_1,excluded,Curve max time 100.2h < 200.0h (curve too short),54,,100.32787358563296,54,50.16393679281648,hours
x_time_h/10.1002_advs.201901241/Fig5_D_stability_performance_curve_pce_plot/10.1002_advs.201901241__Fig5__D__stability_performance_curve_pce_plot__2%DIFA__Series_1.csv,x_time_h,10.1002/advs.201901241,Fig5_D,Series_1,excluded,Curve max time 109.0h < 200.0h (curve too short),54,,109.19327344074804,54,54.59663672037402,hours
x_time_h/10.1002_advs.201901241/Fig5_D_stability_performance_curve_pce_plot/10.1002_advs.201901241__Fig5__D__stability_performance_curve_pce_plot__Control__Series_2.csv,x_time_h,10.1002/advs.201901241,Fig5_D,Series_2,excluded,Curve max time 84.2h < 200.0h (curve too short),42,,84.47026813340887,42,42.23513406670443,hours
x_time_h/10.1002_advs.201903047/Fig4_D_stability_performance_curve_pce/10.1002_advs.201903047__Fig4__D__stability_performance_curve_pce__Current_method__Series_2.csv,x_time_h,10.1002/advs.201903047,Fig4_D,Series_2,excluded,Curve max time 197.3h < 200.0h (curve too short),58,,196.71561268853395,58,98.35780634426698,hours
x_time_h/10.1002_advs.201903047/Fig4_D_stability_performance_curve_pce/10.1002_advs.201903047__Fig4__D__stability_performance_curve_pce__One_step__Series_1.csv,x_time_h,10.1002/advs.201903047,Fig4_D,Series_1,excluded,Curve max time 199.0h < 200.0h (curve too short),59,,196.71561268853395,58,98.35780634426698,hours
x_time_h/10.1002_advs.201903250/Fig5_D_tga_stability_performance_curve_pce/10.1002_advs.201903250__Fig5__D__tga_stability_performance_curve_pce__Control__Series_2.csv,x_time_h,10.1002/advs.201903250,Fig5_D,Series_2,excluded,Curve max time 120.2h < 200.0h (curve too short),43,,120.84370268759173,43,60.421851343795865,hours
x_time_h/10.1002_advs.201903250/Fig5_D_tga_stability_performance_curve_pce/10.1002_advs.201903250__Fig5__D__tga_stability_performance_curve_pce__wTGA__Series_3.csv,x_time_h,10.1002/advs.201903250,Fig5_D,Series_3,excluded,Curve max time 97.4h < 200.0h (curve too short),35,,97.82585455662188,35,48.91292727831094,hours
x_time_h/10.1002_advs.201903250/Fig5_E_tga_stability_performance_curve_pce/10.1002_advs.201903250__Fig5__E__tga_stability_performance_curve_pce__Control__Series_1.csv,x_time_h,10.1002/advs.201903250,Fig5_E,Series_1,excluded,Curve max time 99.7h < 200.0h (curve too short),36,,100.11929547725634,36,50.05964773862818,hours
x_time_h/10.1002_advs.201903250/Fig5_E_tga_stability_performance_curve_pce/10.1002_advs.201903250__Fig5__E__tga_stability_performance_curve_pce__wTGA__Series_2.csv,x_time_h,10.1002/advs.201903250,Fig5_E,Series_2,excluded,Curve max time 97.1h < 200.0h (curve too short),35,,97.25874417790618,35,48.62937208895309,hours
x_time_h/10.1002_aenm.201601156/Fig4_A_pce/10.1002_aenm.201601156__Fig4__A__pce__Spiro-OMeTAD__Series_1.csv,x_time_h,10.1002/aenm.201601156,Fig4_A,Series_1,excluded,Curve max time 191.6h < 200.0h (curve too short),61,,192.82482397384226,61,96.41241198692113,hours
x_time_h/10.1002_aenm.201602120/Fig4_A_pce/10.1002_aenm.201602120__Fig4__A__pce__PCBM__Series_2.csv,x_time_h,10.1002/aenm.201602120,Fig4_A,Series_2,excluded,Curve max time 47.7h < 200.0h (curve too short),24,,47.85913396008473,24,23.929566980042367,hours
x_time_h/10.1002_aenm.201802774/Fig3_C_stability_performance_curve_pce/10.1002_aenm.201802774__Fig3__C__stability_performance_curve_pce__w_oGDR__Series_1.csv,x_time_h,10.1002/aenm.201802774,Fig3_C,Series_1,excluded,Curve max time 118.4h < 200.0h (curve too short),65,,118.12783678610772,65,59.06391839305386,hours
x_time_h/10.1002_aenm.201803287/Fig6_B_stability_performance_curve_pce/10.1002_aenm.201803287__Fig6__B__stability_performance_curve_pce__o-Doped_Spiro-OMeTAD__Series_1.csv,x_time_h,10.1002/aenm.201803287,Fig6_B,Series_1,excluded,Curve max time 118.0h < 200.0h (curve too short),52,,118.28319105703667,52,59.141595528518344,hours
x_time_h/10.1002_aenm.201900243/Fig6_C_stability_performance_curve/10.1002_aenm.201900243__Fig6__C__stability_performance_curve__wlo__Series_2.csv,x_time_h,10.1002/aenm.201900243,Fig6_C,Series_2,excluded,Curve max time 198.3h < 200.0h (curve too short),131,,196.5479747597133,131,98.27398737985665,hours
"x_time_h/10.1002_aenm.201901980/Fig3_A_stability_performance_curve_pce/10.1002_aenm.201901980__Fig3__A__stability_performance_curve_pce__MAPbI,Br__Series_3.csv",x_time_h,10.1002/aenm.201901980,Fig3_A,Series_3,excluded,"Too few unique time points (6) in [0,200]h window (data spans 98% of window)",37,,196.08370080689565,6,98.04185040344782,hours
x_time_h/10.1002_aenm.201901980/Fig3_A_stability_performance_curve_pce/10.1002_aenm.201901980__Fig3__A__stability_performance_curve_pce__O—MAPbl₃__Series_1.csv,x_time_h,10.1002/aenm.201901980,Fig3_A,Series_1,excluded,"Too few unique time points (6) in [0,200]h window (data spans 98% of window)",38,,196.08370080689554,6,98.04185040344777,hours
x_time_h/10.1002_aenm.201902239/Fig5_C_stability_performance_curve_pce/10.1002_aenm.201902239__Fig5__C__stability_performance_curve_pce__control__Series_1.csv,x_time_h,10.1002/aenm.201902239,Fig5_C,Series_1,excluded,Curve max time 157.2h < 200.0h (curve too short),43,,157.21868505161348,43,78.60934252580674,hours
x_time_h/10.1002_aenm.201903654/Fig5_E_mppt_stability_performance_curve_pce/10.1002_aenm.201903654__Fig5__E__mppt_stability_performance_curve_pce__3D__Series_2.csv,x_time_h,10.1002/aenm.201903654,Fig5_E,Series_2,excluded,Curve max time 141.4h < 200.0h (curve too short),49,,140.1666167465757,49,70.08330837328785,hours
x_time_h/10.1002_aenm.202000694/Fig5_E_stability_performance_curve_pce/10.1002_aenm.202000694__Fig5__E__stability_performance_curve_pce__MAPbI₃__Series_2.csv,x_time_h,10.1002/aenm.202000694,Fig5_E,Series_2,excluded,"Too few unique time points (6) in [0,200]h window (data spans 94% of window)",38,,188.73349453852018,6,94.36674726926009,hours
x_time_h/10.1002_aenm.202001920/Fig3_A_stability_performance_curve_pattern/10.1002_aenm.202001920__Fig3__A__stability_performance_curve_pattern__Perovskite__Series_1.csv,x_time_h,10.1002/aenm.202001920,Fig3_A,Series_1,excluded,"Too few unique time points (7) in [0,200]h window (data spans 96% of window)",53,,192.128086894695,7,96.0640434473475,hours
x_time_h/10.1002_aenm.202002004/Fig5_F_stability_performance_curve/10.1002_aenm.202002004__Fig5__F__stability_performance_curve__Control__Series_1.csv,x_time_h,10.1002/aenm.202002004,Fig5_F,Series_1,excluded,"Too few unique time points (9) in [0,200]h window (data spans 95% of window)",47,,189.26431240018536,9,94.63215620009268,hours
x_time_h/10.1002_aenm.202002966/Fig5_F_stability_performance_curve_pce/10.1002_aenm.202002966__Fig5__F__stability_performance_curve_pce__2D__Series_2.csv,x_time_h,10.1002/aenm.202002966,Fig5_F,Series_2,excluded,"Too few unique time points (9) in [0,200]h window (data spans 100% of window)",47,,199.17796906138074,9,99.58898453069037,hours
x_time_h/10.1002_aenm.202100529/Fig6_I_stability_performance_curve_pce/10.1002_aenm.202100529__Fig6__I__stability_performance_curve_pce__Control__Series_2.csv,x_time_h,10.1002/aenm.202100529,Fig6_I,Series_2,excluded,"Too few unique time points (5) in [0,200]h window (data spans 88% of window)",69,,176.06633452578774,5,88.03316726289387,hours
x_time_h/10.1002_aenm.202301218/Fig3_E_mppt_stability_performance_curve_pce_eqe/10.1002_aenm.202301218__Fig3__E__mppt_stability_performance_curve_pce_eqe__Control__Series_2.csv,x_time_h,10.1002/aenm.202301218,Fig3_E,Series_2,excluded,Curve max time 88.8h < 200.0h (curve too short),12,,83.57878629826688,12,41.78939314913344,hours
x_time_h/10.1002_aenm.202301218/Fig5_F_mppt_stability_performance_curve_pce/10.1002_aenm.202301218__Fig5__F__mppt_stability_performance_curve_pce__Control__Series_2.csv,x_time_h,10.1002/aenm.202301218,Fig5_F,Series_2,excluded,Curve max time 176.5h < 200.0h (curve too short),13,,171.36501269961312,13,85.68250634980656,hours
x_time_h/10.1002_anie.202004256/Fig4_F_stability_performance_curve_voc/10.1002_anie.202004256__Fig4__F__stability_performance_curve_voc__DMF_DMSO__Series_1.csv,x_time_h,10.1002/anie.202004256,Fig4_F,Series_1,excluded,"Too few unique time points (6) in [0,200]h window (data spans 93% of window)",41,,186.25392533657924,6,93.12696266828962,hours
x_time_h/10.1002_anie.202301234/Fig3_E_stability_performance_curve/10.1002_anie.202301234__Fig3__E__stability_performance_curve__Control__Series_3.csv,x_time_h,10.1002/anie.202301234,Fig3_E,Series_3,excluded,"Too few unique time points (3) in [0,200]h window (data spans 75% of window)",29,,150.1859716259777,3,75.09298581298884,hours
x_time_h/10.1002_anie.202410069/Fig4_G_stability_performance_curve_pce/10.1002_anie.202410069__Fig4__G__stability_performance_curve_pce__Control__Series_1.csv,x_time_h,10.1002/anie.202410069,Fig4_G,Series_1,excluded,"Too few unique time points (9) in [0,200]h window (data spans 96% of window)",79,,191.6279394574451,9,95.81396972872255,hours
x_time_h/10.1002_anie.202505470/Fig6_E_stability_performance_curve/10.1002_anie.202505470__Fig6__E__stability_performance_curve__Control__Series_2.csv,x_time_h,10.1002/anie.202505470,Fig6_E,Series_2,excluded,"Too few unique time points (9) in [0,200]h window (data spans 90% of window)",88,,180.37550263527044,9,90.18775131763522,hours
x_time_h/10.1002_celc.201701054/Fig7_B_stability_performance_curve/10.1002_celc.201701054__Fig7__B__stability_performance_curve__α-Fe203__Series_2.csv,x_time_h,10.1002/celc.201701054,Fig7_B,Series_2,excluded,Curve max time 193.3h < 200.0h (curve too short),45,,192.7302857708259,45,96.36514288541295,hours
x_time_h/10.1002_cjoc.201800469/Fig5_A_stability_performance_curve_pce/10.1002_cjoc.201800469__Fig5__A__stability_performance_curve_pce__Perovskite__Series_1.csv,x_time_h,10.1002/cjoc.201800469,Fig5_A,Series_1,excluded,"Too few unique time points (8) in [0,200]h window (data spans 99% of window)",36,,198.50496064984713,8,99.25248032492357,hours
x_time_h/10.1002_cssc.201501392/Fig5_whole_stability/10.1002_cssc.201501392__Fig5__whole__stability__spiro-OMeTAD__Series_2.csv,x_time_h,10.1002/cssc.201501392,Fig5,Series_2,excluded,"Too few unique time points (9) in [0,200]h window (data spans 90% of window)",48,,179.79619076110117,9,89.89809538055059,hours
x_time_h/10.1002_cssc.202001629/Fig4_F_eis_plot_stability_performance_curve_pce/10.1002_cssc.202001629__Fig4__F__eis_plot_stability_performance_curve_pce__Pristine__Series_2.csv,x_time_h,10.1002/cssc.202001629,Fig4_F,Series_2,excluded,"Too few unique time points (6) in [0,200]h window (data spans 91% of window)",23,,181.53149721569486,6,90.76574860784743,hours
x_time_h/10.1002_eem2.12089/Fig5_B_stability_performance_curve/10.1002_eem2.12089__Fig5__B__stability_performance_curve__Ag__Series_2.csv,x_time_h,10.1002/eem2.12089,Fig5_B,Series_2,excluded,Curve max time 99.5h < 200.0h (curve too short),25,,101.38821172830319,25,50.694105864151595,hours
x_time_h/10.1002_ente.201900728/Fig5_B_stability_performance_curve_pce/10.1002_ente.201900728__Fig5__B__stability_performance_curve_pce__MAPbI₃__Series_1.csv,x_time_h,10.1002/ente.201900728,Fig5_B,Series_1,excluded,"Too few unique time points (4) in [0,200]h window (data spans 76% of window)",69,,151.48119797116897,4,75.74059898558448,hours
x_time_h/10.1002_inf2.12423/Fig3_H_stability_performance_curve_pce/10.1002_inf2.12423__Fig3__H__stability_performance_curve_pce__WIO_TFPA__Series_2.csv,x_time_h,10.1002/inf2.12423,Fig3_H,Series_2,excluded,"Too few unique time points (5) in [0,200]h window (data spans 92% of window)",85,,184.55848363236362,5,92.27924181618181,hours
x_time_h/10.1002_pssr.202000062/Fig4_B_stability_performance_curve_pce/10.1002_pssr.202000062__Fig4__B__stability_performance_curve_pce__TiO2__Series_2.csv,x_time_h,10.1002/pssr.202000062,Fig4_B,Series_2,excluded,Curve max time 100.1h < 200.0h (curve too short),114,,92.98678308509177,114,46.493391542545886,hours
x_time_h/10.1002_smll.201904399/Fig6_A_stability/10.1002_smll.201904399__Fig6__A__stability__P3HT_Li+TBP__Series_2.csv,x_time_h,10.1002/smll.201904399,Fig6_A,Series_2,excluded,"Too few unique time points (7) in [0,200]h window (data spans 93% of window)",50,,185.70897799897978,7,92.85448899948989,hours
x_time_h/10.1002_smll.201904399/Fig6_C_stability_performance_curve_pce/10.1002_smll.201904399__Fig6__C__stability_performance_curve_pce__P3HT_Li+TBP__Series_2.csv,x_time_h,10.1002/smll.201904399,Fig6_C,Series_2,excluded,Curve max time 101.6h < 200.0h (curve too short),51,,102.4019513312695,51,51.20097566563475,hours
x_time_h/10.1002_smll.201907283/Fig6_D_ff/10.1002_smll.201907283__Fig6__D__ff__WO__Series_2.csv,x_time_h,10.1002/smll.201907283,Fig6_D,Series_2,excluded,Curve max time 94.7h < 200.0h (curve too short),25,,95.19252482639368,25,47.59626241319684,hours
x_time_h/10.1002_smll.202003582/Fig7_F_xrd_pattern_stability_performance_curve/10.1002_smll.202003582__Fig7__F__xrd_pattern_stability_performance_curve__Pristine__Series_1.csv,x_time_h,10.1002/smll.202003582,Fig7_F,Series_1,excluded,"Too few unique time points (9) in [0,200]h window (data spans 97% of window)",54,,194.34865364659572,9,97.17432682329786,hours
x_time_h/10.1002_smll.202101380/Fig5_G_stability_performance_curve_pce/10.1002_smll.202101380__Fig5__G__stability_performance_curve_pce__CsPb0.5Sn0.4512Br__Series_1.csv,x_time_h,10.1002/smll.202101380,Fig5_G,Series_1,excluded,"Too few unique time points (9) in [0,200]h window (data spans 92% of window)",84,,184.40584658478076,9,92.20292329239038,hours
x_time_h/10.1002_smll.202101380/Fig5_H_stability_performance_curve_pce/10.1002_smll.202101380__Fig5__H__stability_performance_curve_pce__CsPbo.5Sn0.45l2Br__Series_1.csv,x_time_h,10.1002/smll.202101380,Fig5_H,Series_1,excluded,Curve max time 142.9h < 200.0h (curve too short),39,,143.77617817734725,39,71.88808908867362,hours
x_time_h/10.1002_smll.202102368/Fig4_B_stability_performance_curve_pce/10.1002_smll.202102368__Fig4__B__stability_performance_curve_pce__3D__Series_2.csv,x_time_h,10.1002/smll.202102368,Fig4_B,Series_2,excluded,"Too few unique time points (9) in [0,200]h window (data spans 95% of window)",38,,189.81157104124486,9,94.90578552062243,hours
x_time_h/10.1002_smtd.201900476/Fig5_D_mppt_stability_performance_curve_pce_eqe/10.1002_smtd.201900476__Fig5__D__mppt_stability_performance_curve_pce_eqe__SnO₂__Series_2.csv,x_time_h,10.1002/smtd.201900476,Fig5_D,Series_2,excluded,Curve max time 193.4h < 200.0h (curve too short),53,,194.37540003024645,53,97.18770001512323,hours
x_time_h/10.1002_smtd.201900652/Fig5_E_stability_performance_curve_pce/10.1002_smtd.201900652__Fig5__E__stability_performance_curve_pce__150℃__Series_1.csv,x_time_h,10.1002/smtd.201900652,Fig5_E,Series_1,excluded,Curve max time 151.5h < 200.0h (curve too short),50,,151.14099694948203,50,75.57049847474102,hours
x_time_h/10.1002_smtd.202100856/Fig5_E_stability_performance_curve_pce/10.1002_smtd.202100856__Fig5__E__stability_performance_curve_pce__TiO2，PCEinitial=20.56%__Series_1.csv,x_time_h,10.1002/smtd.202100856,Fig5_E,Series_1,excluded,"Too few unique time points (3) in [0,200]h window (data spans 74% of window)",57,,148.056523520906,3,74.028261760453,hours
x_time_h/10.1002_solr.201800290/Fig7_A_stability_performance_curve/10.1002_solr.201800290__Fig7__A__stability_performance_curve__W_O_TFEACI__Series_2.csv,x_time_h,10.1002/solr.201800290,Fig7_A,Series_2,excluded,Curve max time 120.0h < 200.0h (curve too short),22,,121.35189507276561,22,60.675947536382814,hours
x_time_h/10.1002_solr.201900030/Fig6_C_stability_performance_curve_pce/10.1002_solr.201900030__Fig6__C__stability_performance_curve_pce__Cs_0.15FA_0.85PbI_2.85Br_0.15__Series_1.csv,x_time_h,10.1002/solr.201900030,Fig6_C,Series_1,excluded,"Too few unique time points (4) in [0,200]h window (data spans 87% of window)",26,,174.15260833718366,4,87.07630416859183,hours
x_time_h/10.1002_solr.201900030/Fig6_C_stability_performance_curve_pce/10.1002_solr.201900030__Fig6__C__stability_performance_curve_pce__MAPbI_3__Series_2.csv,x_time_h,10.1002/solr.201900030,Fig6_C,Series_2,excluded,"Too few unique time points (4) in [0,200]h window (data spans 87% of window)",26,,174.15260833718366,4,87.07630416859183,hours
x_time_h/10.1002_solr.201900167/Fig4_D_stability_performance_curve/10.1002_solr.201900167__Fig4__D__stability_performance_curve__M&C-TiO₂__Series_2.csv,x_time_h,10.1002/solr.201900167,Fig4_D,Series_2,excluded,"Too few unique time points (6) in [0,200]h window (data spans 22% of window)",6,,44.95185798948853,6,22.475928994744265,hours
x_time_h/10.1002_solr.201900319/Fig4_F_stability_performance_curve_eqe/10.1002_solr.201900319__Fig4__F__stability_performance_curve_eqe__FB-OMeTPA__Series_1.csv,x_time_h,10.1002/solr.201900319,Fig4_F,Series_1,excluded,Curve max time 119.0h < 200.0h (curve too short),44,,119.93690860118252,44,59.968454300591254,hours
x_time_h/10.1002_solr.202000164/Fig4_C_stability_performance_curve_pce/10.1002_solr.202000164__Fig4__C__stability_performance_curve_pce__CsPbI₂Br__Series_1.csv,x_time_h,10.1002/solr.202000164,Fig4_C,Series_1,excluded,Curve max time 120.1h < 200.0h (curve too short),151,,119.40298427368134,151,59.70149213684067,hours
x_time_h/10.1002_solr.202000621/Fig6_B_stability_performance_curve_pce/10.1002_solr.202000621__Fig6__B__stability_performance_curve_pce__MAPblz-BA__Series_2.csv,x_time_h,10.1002/solr.202000621,Fig6_B,Series_2,excluded,Curve max time 193.1h < 200.0h (curve too short),55,,187.6016496948677,55,93.80082484743384,hours
x_time_h/10.1002_solr.202000621/Fig6_B_stability_performance_curve_pce/10.1002_solr.202000621__Fig6__B__stability_performance_curve_pce__MAPblz-BP__Series_1.csv,x_time_h,10.1002/solr.202000621,Fig6_B,Series_1,excluded,Curve max time 145.5h < 200.0h (curve too short),42,,142.4382895831403,42,71.21914479157014,hours
x_time_h/10.1002_solr.202100040/Fig6_C_stability_performance_curve_pce/10.1002_solr.202100040__Fig6__C__stability_performance_curve_pce__Reference__Series_1.csv,x_time_h,10.1002/solr.202100040,Fig6_C,Series_1,excluded,"Too few unique time points (6) in [0,200]h window (data spans 95% of window)",55,,189.25183376284326,6,94.62591688142163,hours
x_time_h/10.1002_solr.202100040/Fig6_D_pce/10.1002_solr.202100040__Fig6__D__pce__Reference__Series_2.csv,x_time_h,10.1002/solr.202100040,Fig6_D,Series_2,excluded,"Too few unique time points (8) in [0,200]h window (data spans 99% of window)",17,,197.75181220713404,8,98.87590610356702,hours
x_time_h/10.1002_solr.202100040/Fig6_D_pce/10.1002_solr.202100040__Fig6__D__pce__WithTFPA__Series_1.csv,x_time_h,10.1002/solr.202100040,Fig6_D,Series_1,excluded,"Too few unique time points (8) in [0,200]h window (data spans 99% of window)",55,,197.75181220713407,8,98.87590610356703,hours
x_time_h/10.1002_solr.202100285/Fig5_F_stability_performance_curve/10.1002_solr.202100285__Fig5__F__stability_performance_curve__Control__Series_3.csv,x_time_h,10.1002/solr.202100285,Fig5_F,Series_3,excluded,"Too few unique time points (8) in [0,200]h window (data spans 92% of window)",57,,184.6526857332534,8,92.3263428666267,hours
x_time_h/10.1002_solr.202100320/Fig7_F_stability_performance_curve_pce_pattern/10.1002_solr.202100320__Fig7__F__stability_performance_curve_pce_pattern__With_4F-PHCl__Series_2.csv,x_time_h,10.1002/solr.202100320,Fig7_F,Series_2,excluded,Curve max time 156.8h < 200.0h (curve too short),32,,156.5857733112173,32,78.29288665560865,hours
x_time_h/10.1002_solr.202100352/Fig6_F_stability_performance_curve_pce/10.1002_solr.202100352__Fig6__F__stability_performance_curve_pce__TControl__Series_1.csv,x_time_h,10.1002/solr.202100352,Fig6_F,Series_1,excluded,"Too few unique time points (6) in [0,200]h window (data spans 90% of window)",55,,179.14920312172285,6,89.57460156086142,hours
x_time_h/10.1002_solr.202100899/Fig5_B_stability_performance_curve_pce/10.1002_solr.202100899__Fig5__B__stability_performance_curve_pce__w_oBPB__Series_2.csv,x_time_h,10.1002/solr.202100899,Fig5_B,Series_2,excluded,Curve max time 199.0h < 200.0h (curve too short),65,,197.59311960290015,64,98.79655980145007,hours
x_time_h/10.1002_solr.202100899/Fig5_C_stability_performance_curve_pce/10.1002_solr.202100899__Fig5__C__stability_performance_curve_pce__w_o_BPB__Series_2.csv,x_time_h,10.1002/solr.202100899,Fig5_C,Series_2,excluded,Curve max time 106.9h < 200.0h (curve too short),60,,107.99562221330137,60,53.99781110665069,hours
x_time_h/10.1002_solr.202100899/Fig5_D_stability_performance_curve_pce/10.1002_solr.202100899__Fig5__D__stability_performance_curve_pce__w_oBPB__Series_1.csv,x_time_h,10.1002/solr.202100899,Fig5_D,Series_1,excluded,Curve max time 199.0h < 200.0h (curve too short),65,,197.48842879503468,64,98.74421439751734,hours
x_time_h/10.1007_s10853-020-04965-0/Fig8_B_stability_performance_curve_jsc/10.1007_s10853-020-04965-0__Fig8__B__stability_performance_curve_jsc__No_passivation__Series_2.csv,x_time_h,10.1007/s10853-020-04965-0,Fig8_B,Series_2,excluded,Curve max time 125.8h < 200.0h (curve too short),65,,125.2168324537691,65,62.60841622688456,hours
x_time_h/10.1007_s11426-020-9866-6/Fig4_A_stability_performance_curve_pce/10.1007_s11426-020-9866-6__Fig4__A__stability_performance_curve_pce__pristine_PSCs__Series_1.csv,x_time_h,10.1007/s11426-020-9866-6,Fig4_A,Series_1,excluded,"Too few unique time points (7) in [0,200]h window (data spans 100% of window)",36,,199.16100589483966,7,99.58050294741983,hours
x_time_h/10.1007_s40820-020-00509-y/Fig5_A_stability_performance_curve/10.1007_s40820-020-00509-y__Fig5__A__stability_performance_curve__Ref__Series_2.csv,x_time_h,10.1007/s40820-020-00509-y,Fig5_A,Series_2,excluded,"Too few unique time points (9) in [0,200]h window (data spans 89% of window)",33,,178.4754705022077,9,89.23773525110386,hours
x_time_h/10.1007_s40820-021-00636-0/Fig6_B_eis_plot_stability/10.1007_s40820-021-00636-0__Fig6__B__eis_plot_stability__SnO2__Series_2.csv,x_time_h,10.1007/s40820-021-00636-0,Fig6_B,Series_2,excluded,"Too few unique time points (5) in [0,200]h window (data spans 91% of window)",66,,181.1541578279964,5,90.5770789139982,hours
x_time_h/10.1007_s40820-021-00636-0/Fig6_D_eis_plot_stability_performance_curve_pce/10.1007_s40820-021-00636-0__Fig6__D__eis_plot_stability_performance_curve_pce__SnO₂__Series_2.csv,x_time_h,10.1007/s40820-021-00636-0,Fig6_D,Series_2,excluded,"Too few unique time points (7) in [0,200]h window (data spans 97% of window)",62,,193.76358737913796,7,96.88179368956898,hours
x_time_h/10.1007_s40820-021-00688-2/Fig7_A_stability_performance_curve/10.1007_s40820-021-00688-2__Fig7__A__stability_performance_curve__w_o__Series_2.csv,x_time_h,10.1007/s40820-021-00688-2,Fig7_A,Series_2,excluded,"Too few unique time points (4) in [0,200]h window (data spans 86% of window)",50,,172.33191275502134,4,86.16595637751067,hours
x_time_h/10.1007_s40820-022-00995-2/Fig5_F_sem_image_stability_performance_curve_pce/10.1007_s40820-022-00995-2__Fig5__F__sem_image_stability_performance_curve_pce__Filtered_OSC__Series_1.csv,x_time_h,10.1007/s40820-022-00995-2,Fig5_F,Series_1,excluded,Curve max time 118.5h < 200.0h (curve too short),48,,118.18978319015015,48,59.09489159507507,hours
x_time_h/10.1007_s40820-022-00995-2/Fig5_F_sem_image_stability_performance_curve_pce/10.1007_s40820-022-00995-2__Fig5__F__sem_image_stability_performance_curve_pce__OSC__Series_2.csv,x_time_h,10.1007/s40820-022-00995-2,Fig5_F,Series_2,excluded,Curve max time 118.5h < 200.0h (curve too short),48,,118.18978319015015,48,59.09489159507507,hours
x_time_h/10.1007_s40820-023-01130-5/Fig5_A_stability_performance_curve_pce/10.1007_s40820-023-01130-5__Fig5__A__stability_performance_curve_pce__Control__Series_2.csv,x_time_h,10.1007/s40820-023-01130-5,Fig5_A,Series_2,excluded,"Too few unique time points (4) in [0,200]h window (data spans 85% of window)",56,,169.329615554087,4,84.6648077770435,hours
x_time_h/10.1007_s40820-023-01130-5/Fig5_B_mppt_stability_performance_curve_pce_mapping/10.1007_s40820-023-01130-5__Fig5__B__mppt_stability_performance_curve_pce_mapping__Control__Series_1.csv,x_time_h,10.1007/s40820-023-01130-5,Fig5_B,Series_1,excluded,"Too few unique time points (6) in [0,200]h window (data spans 91% of window)",55,,182.03697589529418,6,91.01848794764709,hours
x_time_h/10.1007_s40820-024-01400-w/Fig5_I_xrd_pattern_stability_performance_curve_pce_image/10.1007_s40820-024-01400-w__Fig5__I__xrd_pattern_stability_performance_curve_pce_image__Control__Series_1.csv,x_time_h,10.1007/s40820-024-01400-w,Fig5_I,Series_1,excluded,"Too few unique time points (4) in [0,200]h window (data spans 92% of window)",49,,184.40757243280552,4,92.20378621640276,hours
x_time_h/10.1007_s40820-025-01817-x/Fig5_E_mppt_stability_performance_curve_pce/10.1007_s40820-025-01817-x__Fig5__E__mppt_stability_performance_curve_pce__Perovskite__Series_1.csv,x_time_h,10.1007/s40820-025-01817-x,Fig5_E,Series_1,excluded,"Too few unique time points (8) in [0,200]h window (data spans 89% of window)",48,,177.56631652302565,8,88.78315826151282,hours
x_time_h/10.1007_s40820-025-01817-x/Fig5_F_mppt_stability_performance_curve_pce/10.1007_s40820-025-01817-x__Fig5__F__mppt_stability_performance_curve_pce__Perovskite__Series_1.csv,x_time_h,10.1007/s40820-025-01817-x,Fig5_F,Series_1,excluded,"Too few unique time points (8) in [0,200]h window (data spans 91% of window)",50,,181.95222161114586,8,90.97611080557293,hours
x_time_h/10.1007_s40843-019-1174-3/Fig7_D_stability_performance_curve_pce/10.1007_s40843-019-1174-3__Fig7__D__stability_performance_curve_pce__3D__Series_2.csv,x_time_h,10.1007/s40843-019-1174-3,Fig7_D,Series_2,excluded,Curve max time 190.5h < 200.0h (curve too short),36,,191.28776596391648,36,95.64388298195824,hours
x_time_h/10.1016_j.apsusc.2018.09.080/Fig16_whole_stability_performance_curve_pce/10.1016_j.apsusc.2018.09.080__Fig16__whole__stability_performance_curve_pce__ZnO_NRs__Series_1.csv,x_time_h,10.1016/j.apsusc.2018.09.080,Fig16,Series_1,excluded,Curve max time 166.3h < 200.0h (curve too short),62,,143.18691244145077,62,71.59345622072539,hours
x_time_h/10.1016_j.apsusc.2018.09.080/Fig16_whole_stability_performance_curve_pce/10.1016_j.apsusc.2018.09.080__Fig16__whole__stability_performance_curve_pce__→ZnO@TiO2_NRs__Series_2.csv,x_time_h,10.1016/j.apsusc.2018.09.080,Fig16,Series_2,excluded,Curve max time 168.0h < 200.0h (curve too short),62,,143.18691244145077,62,71.59345622072539,hours
x_time_h/10.1016_j.apsusc.2019.143552/Fig10_whole_figure/10.1016_j.apsusc.2019.143552__Fig10__whole__figure__ZnO__Series_1.csv,x_time_h,10.1016/j.apsusc.2019.143552,Fig10,Series_1,excluded,Curve max time 167.9h < 200.0h (curve too short),75,,168.593638901136,75,84.296819450568,hours
x_time_h/10.1016_j.apsusc.2023.157901/Fig5_A_stability_performance_curve_pce/10.1016_j.apsusc.2023.157901__Fig5__A__stability_performance_curve_pce__Pristine__Series_1.csv,x_time_h,10.1016/j.apsusc.2023.157901,Fig5_A,Series_1,excluded,"Too few unique time points (9) in [0,200]h window (data spans 97% of window)",60,,193.97751682953145,9,96.98875841476573,hours
x_time_h/10.1016_j.cej.2020.126548/Fig7_E_stability_performance_curve_retention_pce/10.1016_j.cej.2020.126548__Fig7__E__stability_performance_curve_retention_pce__Pristine__Series_1.csv,x_time_h,10.1016/j.cej.2020.126548,Fig7_E,Series_1,excluded,"Too few unique time points (8) in [0,200]h window (data spans 88% of window)",48,,176.1335681652076,8,88.0667840826038,hours
x_time_h/10.1016_j.cej.2020.126548/Fig7_E_stability_performance_curve_retention_pce/10.1016_j.cej.2020.126548__Fig7__E__stability_performance_curve_retention_pce__UV-360__Series_2.csv,x_time_h,10.1016/j.cej.2020.126548,Fig7_E,Series_2,excluded,"Too few unique time points (8) in [0,200]h window (data spans 88% of window)",48,,176.1335681652076,8,88.0667840826038,hours
x_time_h/10.1016_j.cej.2020.126548/Fig7_F_stability_performance_curve_pce/10.1016_j.cej.2020.126548__Fig7__F__stability_performance_curve_pce__Pristine__Series_1.csv,x_time_h,10.1016/j.cej.2020.126548,Fig7_F,Series_1,excluded,"Too few unique time points (8) in [0,200]h window (data spans 88% of window)",48,,175.41420800916103,8,87.70710400458051,hours
x_time_h/10.1016_j.cej.2020.126548/Fig7_F_stability_performance_curve_pce/10.1016_j.cej.2020.126548__Fig7__F__stability_performance_curve_pce__UV-360__Series_2.csv,x_time_h,10.1016/j.cej.2020.126548,Fig7_F,Series_2,excluded,"Too few unique time points (8) in [0,200]h window (data spans 88% of window)",47,,175.414208009161,8,87.7071040045805,hours
x_time_h/10.1016_j.cej.2020.126855/Fig5_whole_stability/10.1016_j.cej.2020.126855__Fig5__whole__stability__Pristine__Series_1.csv,x_time_h,10.1016/j.cej.2020.126855,Fig5,Series_1,excluded,"Too few unique time points (9) in [0,200]h window (data spans 95% of window)",120,,189.62335339576407,9,94.81167669788204,hours
x_time_h/10.1016_j.cej.2020.127579/Fig6_B_stability_performance_curve_pce/10.1016_j.cej.2020.127579__Fig6__B__stability_performance_curve_pce__control__Series_1.csv,x_time_h,10.1016/j.cej.2020.127579,Fig6_B,Series_1,excluded,"Too few unique time points (5) in [0,200]h window (data spans 95% of window)",88,,189.9011464815959,5,94.95057324079795,hours
x_time_h/10.1016_j.cej.2021.130685/Fig5_E_stability_performance_curve_pce/10.1016_j.cej.2021.130685__Fig5__E__stability_performance_curve_pce__Control__Series_2.csv,x_time_h,10.1016/j.cej.2021.130685,Fig5_E,Series_2,excluded,"Too few unique time points (5) in [0,200]h window (data spans 84% of window)",31,,168.08065197611342,5,84.04032598805671,hours
x_time_h/10.1016_j.cej.2021.130685/Fig5_F_stability_performance_curve_pce/10.1016_j.cej.2021.130685__Fig5__F__stability_performance_curve_pce__Control__Series_2.csv,x_time_h,10.1016/j.cej.2021.130685,Fig5_F,Series_2,excluded,Curve max time 105.8h < 200.0h (curve too short),21,,104.90814894008345,21,52.454074470041725,hours
x_time_h/10.1016_j.cej.2021.130841/Fig7_A_stability_performance_curve_pce/10.1016_j.cej.2021.130841__Fig7__A__stability_performance_curve_pce__Without_additive__Series_2.csv,x_time_h,10.1016/j.cej.2021.130841,Fig7_A,Series_2,excluded,"Too few unique time points (2) in [0,200]h window (data spans 52% of window)",19,,104.80441111038658,2,52.40220555519329,hours
x_time_h/10.1016_j.cej.2022.139047/Fig5_H_stability_performance_curve/10.1016_j.cej.2022.139047__Fig5__H__stability_performance_curve__Pristine__Series_2.csv,x_time_h,10.1016/j.cej.2022.139047,Fig5_H,Series_2,excluded,"Too few unique time points (8) in [0,200]h window (data spans 88% of window)",26,,176.9307504087579,8,88.46537520437894,hours
x_time_h/10.1016_j.cej.2023.144561/Fig5_C_stability_performance_curve_pce/10.1016_j.cej.2023.144561__Fig5__C__stability_performance_curve_pce__Control__Series_2.csv,x_time_h,10.1016/j.cej.2023.144561,Fig5_C,Series_2,excluded,"Too few unique time points (6) in [0,200]h window (data spans 85% of window)",45,,169.20205230615107,6,84.60102615307554,hours
x_time_h/10.1016_j.cej.2023.144561/Fig5_C_stability_performance_curve_pce/10.1016_j.cej.2023.144561__Fig5__C__stability_performance_curve_pce__PEACI__Series_1.csv,x_time_h,10.1016/j.cej.2023.144561,Fig5_C,Series_1,excluded,"Too few unique time points (6) in [0,200]h window (data spans 85% of window)",52,,169.20205230615107,6,84.60102615307554,hours
x_time_h/10.1016_j.cej.2023.144561/Fig5_C_stability_performance_curve_pce/10.1016_j.cej.2023.144561__Fig5__C__stability_performance_curve_pce__PEACVPPF__Series_3.csv,x_time_h,10.1016/j.cej.2023.144561,Fig5_C,Series_3,excluded,"Too few unique time points (6) in [0,200]h window (data spans 85% of window)",53,,169.20205230615113,6,84.60102615307557,hours
x_time_h/10.1016_j.electacta.2016.03.002/Fig7_A_stability_performance_curve/10.1016_j.electacta.2016.03.002__Fig7__A__stability_performance_curve__FS__Series_1.csv,x_time_h,10.1016/j.electacta.2016.03.002,Fig7_A,Series_1,excluded,Curve max time 165.4h < 200.0h (curve too short),70,,166.60599017778156,70,83.30299508889078,hours
x_time_h/10.1016_j.electacta.2016.03.002/Fig7_A_stability_performance_curve/10.1016_j.electacta.2016.03.002__Fig7__A__stability_performance_curve__LS__Series_2.csv,x_time_h,10.1016/j.electacta.2016.03.002,Fig7_A,Series_2,excluded,Curve max time 165.7h < 200.0h (curve too short),70,,166.60599017778156,70,83.30299508889078,hours
x_time_h/10.1016_j.electacta.2016.03.002/Fig7_A_stability_performance_curve/10.1016_j.electacta.2016.03.002__Fig7__A__stability_performance_curve__S__Series_3.csv,x_time_h,10.1016/j.electacta.2016.03.002,Fig7_A,Series_3,excluded,Curve max time 166.4h < 200.0h (curve too short),69,,164.19141060998763,69,82.09570530499381,hours
x_time_h/10.1016_j.electacta.2016.09.138/Fig6_D_eis_plot_stability_performance_curve/10.1016_j.electacta.2016.09.138__Fig6__D__eis_plot_stability_performance_curve__PEDOT_PSS__Series_1.csv,x_time_h,10.1016/j.electacta.2016.09.138,Fig6_D,Series_1,excluded,Curve max time 189.9h < 200.0h (curve too short),76,,189.39748983038794,76,94.69874491519397,hours
x_time_h/10.1016_j.electacta.2019.134924/Fig6_A_stability_performance_curve/10.1016_j.electacta.2019.134924__Fig6__A__stability_performance_curve__TiO_SnO-PSCs__Series_2.csv,x_time_h,10.1016/j.electacta.2019.134924,Fig6_A,Series_2,excluded,"Too few unique time points (8) in [0,200]h window (data spans 95% of window)",52,,190.35976327379632,8,95.17988163689816,hours
x_time_h/10.1016_j.electacta.2021.137812/Fig7_A_stability_performance_curve_pce/10.1016_j.electacta.2021.137812__Fig7__A__stability_performance_curve_pce__SnO2-PSCs__Series_1.csv,x_time_h,10.1016/j.electacta.2021.137812,Fig7_A,Series_1,excluded,"Too few unique time points (9) in [0,200]h window (data spans 92% of window)",58,,183.12964461568606,9,91.56482230784303,hours
x_time_h/10.1016_j.flatc.2021.100254/Fig10_whole_stability_performance_curve/10.1016_j.flatc.2021.100254__Fig10__whole__stability_performance_curve__0.08_mg_mL__Series_2.csv,x_time_h,10.1016/j.flatc.2021.100254,Fig10,Series_2,excluded,Curve max time 120.9h < 200.0h (curve too short),85,,120.58311549488724,85,60.29155774744361,hours
x_time_h/10.1016_j.heliyon.2024.e25352/Fig6_whole_stability_performance_curve_pce/10.1016_j.heliyon.2024.e25352__Fig6__whole__stability_performance_curve_pce__CsI-0__Series_2.csv,x_time_h,10.1016/j.heliyon.2024.e25352,Fig6,Series_2,excluded,Curve max time 168.0h < 200.0h (curve too short),76,,168.0486979725813,76,84.02434898629065,hours
x_time_h/10.1016_j.isci.2021.102276/Fig4_G_jv_curve_stability_performance_pce/10.1016_j.isci.2021.102276__Fig4__G__jv_curve_stability_performance_pce__Pristine__Series_1.csv,x_time_h,10.1016/j.isci.2021.102276,Fig4_G,Series_1,excluded,"Too few unique time points (8) in [0,200]h window (data spans 98% of window)",36,,195.7092281898974,8,97.8546140949487,hours
x_time_h/10.1016_j.jallcom.2020.157784/Fig7_H_stability_performance_curve_pce/10.1016_j.jallcom.2020.157784__Fig7__H__stability_performance_curve_pce__With_0.05wt%CA-CQDs__Series_3.csv,x_time_h,10.1016/j.jallcom.2020.157784,Fig7_H,Series_3,excluded,"Too few unique time points (8) in [0,200]h window (data spans 97% of window)",8,,194.52843077260445,8,97.26421538630223,hours
x_time_h/10.1016_j.jallcom.2020.157784/Fig7_H_stability_performance_curve_pce/10.1016_j.jallcom.2020.157784__Fig7__H__stability_performance_curve_pce__Without__Series_2.csv,x_time_h,10.1016/j.jallcom.2020.157784,Fig7_H,Series_2,excluded,Curve max time 187.3h < 200.0h (curve too short),11,,194.52843077260442,10,97.26421538630221,hours
x_time_h/10.1016_j.jallcom.2021.159658/Fig23_whole_stability_performance_curve_pce/10.1016_j.jallcom.2021.159658__Fig23__whole__stability_performance_curve_pce__ZnO_Ag_(5%)_ETL__Series_2.csv,x_time_h,10.1016/j.jallcom.2021.159658,Fig23,Series_2,excluded,Curve max time 149.7h < 200.0h (curve too short),88,,149.08685864522758,88,74.54342932261379,hours
x_time_h/10.1016_j.jallcom.2021.159658/Fig23_whole_stability_performance_curve_pce/10.1016_j.jallcom.2021.159658__Fig23__whole__stability_performance_curve_pce__ZnO_ETL__Series_1.csv,x_time_h,10.1016/j.jallcom.2021.159658,Fig23,Series_1,excluded,Curve max time 149.3h < 200.0h (curve too short),88,,149.08685864522758,88,74.54342932261379,hours
x_time_h/10.1016_j.jallcom.2021.161448/Fig5_whole_figure/10.1016_j.jallcom.2021.161448__Fig5__whole__figure__Solution_process__Series_2.csv,x_time_h,10.1016/j.jallcom.2021.161448,Fig5,Series_2,excluded,"Too few unique time points (5) in [0,200]h window (data spans 83% of window)",29,,165.87656880784175,5,82.93828440392087,hours
x_time_h/10.1016_j.jechem.2018.01.020/Fig3_D_stability_performance_curve_jsc/10.1016_j.jechem.2018.01.020__Fig3__D__stability_performance_curve_jsc__Dyesol_TiO2__Series_2.csv,x_time_h,10.1016/j.jechem.2018.01.020,Fig3_D,Series_2,excluded,"Too few unique time points (3) in [0,200]h window (data spans 70% of window)",37,,140.67898927976353,3,70.33949463988176,hours
x_time_h/10.1016_j.jechem.2019.10.006/Fig4_D_stability_performance_curve_pce/10.1016_j.jechem.2019.10.006__Fig4__D__stability_performance_curve_pce__MAPbl₃__Series_2.csv,x_time_h,10.1016/j.jechem.2019.10.006,Fig4_D,Series_2,excluded,"Too few unique time points (8) in [0,200]h window (data spans 93% of window)",38,,186.69824720823823,8,93.34912360411911,hours
x_time_h/10.1016_j.jechem.2019.10.006/Fig4_F_stability_performance_curve_voc/10.1016_j.jechem.2019.10.006__Fig4__F__stability_performance_curve_voc__MAPbI₃__Series_1.csv,x_time_h,10.1016/j.jechem.2019.10.006,Fig4_F,Series_1,excluded,Curve max time 148.9h < 200.0h (curve too short),40,,150.1604971249982,40,75.0802485624991,hours
x_time_h/10.1016_j.jechem.2020.08.055/Fig4_A_stability_performance_curve/10.1016_j.jechem.2020.08.055__Fig4__A__stability_performance_curve__FA-0__Series_1.csv,x_time_h,10.1016/j.jechem.2020.08.055,Fig4_A,Series_1,excluded,"Too few unique time points (3) in [0,200]h window (data spans 78% of window)",56,,155.2377651510467,3,77.61888257552334,hours
x_time_h/10.1016_j.jechem.2020.12.022/Fig3_F_stability_performance_curve_pce/10.1016_j.jechem.2020.12.022__Fig3__F__stability_performance_curve_pce__PMP__Series_1.csv,x_time_h,10.1016/j.jechem.2020.12.022,Fig3_F,Series_1,excluded,"Too few unique time points (9) in [0,200]h window (data spans 96% of window)",51,,192.20267200868193,9,96.10133600434096,hours
x_time_h/10.1016_j.jechem.2021.05.042/Fig6_E_stability_performance_curve_pce/10.1016_j.jechem.2021.05.042__Fig6__E__stability_performance_curve_pce__Control__Series_1.csv,x_time_h,10.1016/j.jechem.2021.05.042,Fig6_E,Series_1,excluded,"Too few unique time points (5) in [0,200]h window (data spans 81% of window)",60,,162.37132598593746,5,81.18566299296873,hours
x_time_h/10.1016_j.jechem.2021.05.042/Fig6_E_stability_performance_curve_pce/10.1016_j.jechem.2021.05.042__Fig6__E__stability_performance_curve_pce__PEAI__Series_3.csv,x_time_h,10.1016/j.jechem.2021.05.042,Fig6_E,Series_3,excluded,"Too few unique time points (5) in [0,200]h window (data spans 81% of window)",59,,162.37132598593746,5,81.18566299296873,hours
x_time_h/10.1016_j.jechem.2021.05.042/Fig6_F_stability_performance_curve/10.1016_j.jechem.2021.05.042__Fig6__F__stability_performance_curve__Control__Series_3.csv,x_time_h,10.1016/j.jechem.2021.05.042,Fig6_F,Series_3,excluded,Curve max time 195.8h < 200.0h (curve too short),59,,196.2775014958471,59,98.13875074792355,hours
x_time_h/10.1016_j.jechem.2021.06.023/Fig6_F_sem_image_stability_performance_curve_pce/10.1016_j.jechem.2021.06.023__Fig6__F__sem_image_stability_performance_curve_pce__AA__Series_2.csv,x_time_h,10.1016/j.jechem.2021.06.023,Fig6_F,Series_2,excluded,"Too few unique time points (9) in [0,200]h window (data spans 98% of window)",51,,195.6439112394614,9,97.8219556197307,hours
x_time_h/10.1016_j.jechem.2021.06.023/Fig6_F_sem_image_stability_performance_curve_pce/10.1016_j.jechem.2021.06.023__Fig6__F__sem_image_stability_performance_curve_pce__CT__Series_1.csv,x_time_h,10.1016/j.jechem.2021.06.023,Fig6_F,Series_1,excluded,"Too few unique time points (9) in [0,200]h window (data spans 98% of window)",50,,195.6439112394614,9,97.8219556197307,hours
x_time_h/10.1016_j.jechem.2021.08.021/Fig5_G_stability_performance_curve_pce_voc/10.1016_j.jechem.2021.08.021__Fig5__G__stability_performance_curve_pce_voc__w_o_GABr__Series_2.csv,x_time_h,10.1016/j.jechem.2021.08.021,Fig5_G,Series_2,excluded,Curve max time 117.7h < 200.0h (curve too short),55,,116.71451249249121,55,58.357256246245605,hours
x_time_h/10.1016_j.jmat.2021.08.007/Fig6_A_stability_performance_curve/10.1016_j.jmat.2021.08.007__Fig6__A__stability_performance_curve__1.0_wt%_CNDs__Series_2.csv,x_time_h,10.1016/j.jmat.2021.08.007,Fig6_A,Series_2,excluded,Curve max time 160.2h < 200.0h (curve too short),59,,161.9576050008189,59,80.97880250040944,hours
x_time_h/10.1016_j.jmat.2021.08.007/Fig6_A_stability_performance_curve/10.1016_j.jmat.2021.08.007__Fig6__A__stability_performance_curve__pristine__Series_1.csv,x_time_h,10.1016/j.jmat.2021.08.007,Fig6_A,Series_1,excluded,Curve max time 118.1h < 200.0h (curve too short),43,,117.27964500059298,43,58.63982250029649,hours
x_time_h/10.1016_j.jmrt.2021.04.070/Fig4_F_sem_image_stability_performance_curve_pce/10.1016_j.jmrt.2021.04.070__Fig4__F__sem_image_stability_performance_curve_pce__DBP__Series_1.csv,x_time_h,10.1016/j.jmrt.2021.04.070,Fig4_F,Series_1,excluded,"Too few unique time points (8) in [0,200]h window (data spans 93% of window)",39,,185.1601133514298,8,92.5800566757149,hours
x_time_h/10.1016_j.jmrt.2021.04.070/Fig4_F_sem_image_stability_performance_curve_pce/10.1016_j.jmrt.2021.04.070__Fig4__F__sem_image_stability_performance_curve_pce__DEP__Series_2.csv,x_time_h,10.1016/j.jmrt.2021.04.070,Fig4_F,Series_2,excluded,"Too few unique time points (8) in [0,200]h window (data spans 93% of window)",38,,185.16011335142974,8,92.58005667571487,hours
x_time_h/10.1016_j.jmrt.2021.12.012/Fig14_D_stability_performance_curve_pce/10.1016_j.jmrt.2021.12.012__Fig14__D__stability_performance_curve_pce__HTM_free__Series_3.csv,x_time_h,10.1016/j.jmrt.2021.12.012,Fig14_D,Series_3,excluded,Curve max time 165.6h < 200.0h (curve too short),49,,162.9772289441731,49,81.48861447208655,hours
x_time_h/10.1016_j.jmrt.2021.12.012/Fig14_D_stability_performance_curve_pce/10.1016_j.jmrt.2021.12.012__Fig14__D__stability_performance_curve_pce__Spiro-OMeTAD__Series_2.csv,x_time_h,10.1016/j.jmrt.2021.12.012,Fig14_D,Series_2,excluded,Curve max time 166.3h < 200.0h (curve too short),52,,166.2367735230566,52,83.1183867615283,hours
x_time_h/10.1016_j.jmrt.2021.12.012/Fig14_D_stability_performance_curve_pce/10.1016_j.jmrt.2021.12.012__Fig14__D__stability_performance_curve_pce__ZnPor_rGO_CuO_bio-nanocomposite__Series_1.csv,x_time_h,10.1016/j.jmrt.2021.12.012,Fig14_D,Series_1,excluded,Curve max time 165.3h < 200.0h (curve too short),52,,166.23677352305657,52,83.11838676152828,hours
x_time_h/10.1016_j.jmst.2021.05.084/Fig5_B_stability_performance_curve_pce/10.1016_j.jmst.2021.05.084__Fig5__B__stability_performance_curve_pce__0wt%__Series_2.csv,x_time_h,10.1016/j.jmst.2021.05.084,Fig5_B,Series_2,excluded,Curve max time 158.1h < 200.0h (curve too short),53,,158.00980887263182,53,79.00490443631591,hours
x_time_h/10.1016_j.joule.2017.11.006/Fig3_A_pce/10.1016_j.joule.2017.11.006__Fig3__A__pce__PCBM__Series_2.csv,x_time_h,10.1016/j.joule.2017.11.006,Fig3_A,Series_2,excluded,"Too few unique time points (8) in [0,200]h window (data spans 89% of window)",36,,177.32054490519295,8,88.66027245259647,hours
x_time_h/10.1016_j.joule.2018.11.026/Fig6_A_stability_performance_curve_pce/10.1016_j.joule.2018.11.026__Fig6__A__stability_performance_curve_pce__(PA)₂(MA)₃Pb₄I₁₃__Series_2.csv,x_time_h,10.1016/j.joule.2018.11.026,Fig6_A,Series_2,excluded,"Too few unique time points (3) in [0,200]h window (data spans 78% of window)",52,,155.75390793082966,3,77.87695396541483,hours
x_time_h/10.1016_j.joule.2018.11.026/Fig6_A_stability_performance_curve_pce/10.1016_j.joule.2018.11.026__Fig6__A__stability_performance_curve_pce__MAPbI₃__Series_3.csv,x_time_h,10.1016/j.joule.2018.11.026,Fig6_A,Series_3,excluded,"Too few unique time points (3) in [0,200]h window (data spans 78% of window)",52,,155.75390793082966,3,77.87695396541483,hours
x_time_h/10.1016_j.joule.2018.11.026/Fig6_B_stability_performance_curve_pce/10.1016_j.joule.2018.11.026__Fig6__B__stability_performance_curve_pce__(PA)2(MA)₃Pb413__Series_2.csv,x_time_h,10.1016/j.joule.2018.11.026,Fig6_B,Series_2,excluded,Curve max time 167.4h < 200.0h (curve too short),52,,168.47091184511441,52,84.23545592255721,hours
x_time_h/10.1016_j.joule.2018.11.026/Fig6_B_stability_performance_curve_pce/10.1016_j.joule.2018.11.026__Fig6__B__stability_performance_curve_pce__MAPbl₃__Series_3.csv,x_time_h,10.1016/j.joule.2018.11.026,Fig6_B,Series_3,excluded,Curve max time 165.1h < 200.0h (curve too short),51,,165.1675606324651,51,82.58378031623255,hours
x_time_h/10.1016_j.joule.2018.11.026/Fig6_C_stability_performance_curve_pce/10.1016_j.joule.2018.11.026__Fig6__C__stability_performance_curve_pce__0-(PA)2(MA)₃Pb₂13-_MAPb13__Series_2.csv,x_time_h,10.1016/j.joule.2018.11.026,Fig6_C,Series_2,excluded,Curve max time 166.6h < 200.0h (curve too short),52,,167.60389885299588,52,83.80194942649794,hours
x_time_h/10.1016_j.joule.2018.11.026/Fig6_C_stability_performance_curve_pce/10.1016_j.joule.2018.11.026__Fig6__C__stability_performance_curve_pce__MAPb13__Series_3.csv,x_time_h,10.1016/j.joule.2018.11.026,Fig6_C,Series_3,excluded,Curve max time 166.6h < 200.0h (curve too short),52,,167.60389885299588,52,83.80194942649794,hours
x_time_h/10.1016_j.joule.2018.11.026/Fig6_D_stability_performance_curve_pce/10.1016_j.joule.2018.11.026__Fig6__D__stability_performance_curve_pce__(PA)₂(MA)₃Pb₄I₁₃__Series_1.csv,x_time_h,10.1016/j.joule.2018.11.026,Fig6_D,Series_1,excluded,"Too few unique time points (4) in [0,200]h window (data spans 89% of window)",51,,178.26217788244685,4,89.13108894122342,hours
x_time_h/10.1016_j.joule.2020.12.003/Fig6_C_mppt_stability_performance_curve_pce/10.1016_j.joule.2020.12.003__Fig6__C__mppt_stability_performance_curve_pce__o-w_Spiro__Series_2.csv,x_time_h,10.1016/j.joule.2020.12.003,Fig6_C,Series_2,excluded,Curve max time 173.6h < 200.0h (curve too short),12,,170.01448328693112,12,85.00724164346556,hours
x_time_h/10.1016_j.joule.2021.06.001/Fig4_E_stability_performance_curve_pce/10.1016_j.joule.2021.06.001__Fig4__E__stability_performance_curve_pce__Control__Series_1.csv,x_time_h,10.1016/j.joule.2021.06.001,Fig4_E,Series_1,excluded,"Too few unique time points (6) in [0,200]h window (data spans 92% of window)",54,,184.44910708786603,6,92.22455354393301,hours
x_time_h/10.1016_j.jpcs.2020.109792/Fig5_C_stability_performance_curve_pce/10.1016_j.jpcs.2020.109792__Fig5__C__stability_performance_curve_pce__ACN_0%__Series_1.csv,x_time_h,10.1016/j.jpcs.2020.109792,Fig5_C,Series_1,excluded,Curve max time 199.0h < 200.0h (curve too short),62,,198.9750515349027,62,99.48752576745134,hours
x_time_h/10.1016_j.jpowsour.2020.228818/Fig6_B_stability_performance_curve_pce/10.1016_j.jpowsour.2020.228818__Fig6__B__stability_performance_curve_pce__MAPb0.99TI0.013__Series_2.csv,x_time_h,10.1016/j.jpowsour.2020.228818,Fig6_B,Series_2,excluded,Curve max time 196.4h < 200.0h (curve too short),72,,196.907543006968,72,98.453771503484,hours
x_time_h/10.1016_j.jpowsour.2020.228818/Fig6_B_stability_performance_curve_pce/10.1016_j.jpowsour.2020.228818__Fig6__B__stability_performance_curve_pce__MAPbl3__Series_1.csv,x_time_h,10.1016/j.jpowsour.2020.228818,Fig6_B,Series_1,excluded,Curve max time 199.5h < 200.0h (curve too short),72,,196.90754300696804,72,98.45377150348402,hours
x_time_h/10.1016_j.jpowsour.2020.229345/Fig8_D_stability_performance_curve_jsc/10.1016_j.jpowsour.2020.229345__Fig8__D__stability_performance_curve_jsc__Bare__Series_1.csv,x_time_h,10.1016/j.jpowsour.2020.229345,Fig8_D,Series_1,excluded,Curve max time 142.0h < 200.0h (curve too short),47,,142.58308415138674,47,71.29154207569337,hours
x_time_h/10.1016_j.jpowsour.2020.229345/Fig8_D_stability_performance_curve_jsc/10.1016_j.jpowsour.2020.229345__Fig8__D__stability_performance_curve_jsc__Perovskite_PEG__Series_2.csv,x_time_h,10.1016/j.jpowsour.2020.229345,Fig8_D,Series_2,excluded,Curve max time 142.0h < 200.0h (curve too short),47,,142.58308415138674,47,71.29154207569337,hours
x_time_h/10.1016_j.jpowsour.2021.229781/Fig4_B_stability_performance_curve_pce/10.1016_j.jpowsour.2021.229781__Fig4__B__stability_performance_curve_pce__FAPb(SCN)₂I__Series_2.csv,x_time_h,10.1016/j.jpowsour.2021.229781,Fig4_B,Series_2,excluded,Curve max time 116.9h < 200.0h (curve too short),51,,116.94944429485538,51,58.47472214742769,hours
x_time_h/10.1016_j.jpowsour.2021.229781/Fig4_B_stability_performance_curve_pce/10.1016_j.jpowsour.2021.229781__Fig4__B__stability_performance_curve_pce__FA₀.₉₈K₀.₀₂Pb(SCN)₂I__Series_1.csv,x_time_h,10.1016/j.jpowsour.2021.229781,Fig4_B,Series_1,excluded,Curve max time 118.7h < 200.0h (curve too short),52,,119.28843318075249,52,59.644216590376246,hours
x_time_h/10.1016_j.jpowsour.2021.230534/Fig4_C_stability/10.1016_j.jpowsour.2021.230534__Fig4__C__stability__Crotrol_devices__Series_1.csv,x_time_h,10.1016/j.jpowsour.2021.230534,Fig4_C,Series_1,excluded,Curve max time 104.7h < 200.0h (curve too short),74,,104.90452865461951,74,52.45226432730976,hours
x_time_h/10.1016_j.jpowsour.2021.230534/Fig4_C_stability/10.1016_j.jpowsour.2021.230534__Fig4__C__stability__Y6_treated__Series_2.csv,x_time_h,10.1016/j.jpowsour.2021.230534,Fig4_C,Series_2,excluded,Curve max time 104.4h < 200.0h (curve too short),74,,104.9045286546195,74,52.45226432730975,hours
x_time_h/10.1016_j.materresbull.2020.111182/Fig8_A_stability_performance_curve_pce/10.1016_j.materresbull.2020.111182__Fig8__A__stability_performance_curve_pce__Control_PSCs__Series_2.csv,x_time_h,10.1016/j.materresbull.2020.111182,Fig8_A,Series_2,excluded,"Too few unique time points (9) in [0,200]h window (data spans 90% of window)",53,,179.15321502370142,9,89.57660751185071,hours
x_time_h/10.1016_j.mtener.2020.100590/Fig9_G_schematic_diagram_stability_performance_curve_pce/10.1016_j.mtener.2020.100590__Fig9__G__schematic_diagram_stability_performance_curve_pce__Au__Series_1.csv,x_time_h,10.1016/j.mtener.2020.100590,Fig9_G,Series_1,excluded,"Too few unique time points (9) in [0,200]h window (data spans 89% of window)",44,,178.87775329036305,9,89.43887664518152,hours
x_time_h/10.1016_j.mtener.2021.100855/Fig3_C_stability_performance_curve_pce/10.1016_j.mtener.2021.100855__Fig3__C__stability_performance_curve_pce__Control__Series_1.csv,x_time_h,10.1016/j.mtener.2021.100855,Fig3_C,Series_1,excluded,"Too few unique time points (6) in [0,200]h window (data spans 85% of window)",38,,170.06023298555084,6,85.03011649277542,hours
x_time_h/10.1016_j.nanoen.2014.12.022/Fig4_A_photovoltaic_parameter/10.1016_j.nanoen.2014.12.022__Fig4__A__photovoltaic_parameter__PEDOT_PSS__Series_2.csv,x_time_h,10.1016/j.nanoen.2014.12.022,Fig4_A,Series_2,excluded,Curve max time 115.6h < 200.0h (curve too short),55,,116.2397076952935,55,58.11985384764675,hours
x_time_h/10.1016_j.nanoen.2015.10.010/Fig7_D_stability_performance_curve_pce/10.1016_j.nanoen.2015.10.010__Fig7__D__stability_performance_curve_pce__PbCl₂__Series_3.csv,x_time_h,10.1016/j.nanoen.2015.10.010,Fig7_D,Series_3,excluded,Curve max time 88.9h < 200.0h (curve too short),19,,87.66424047867304,19,43.83212023933652,hours
x_time_h/10.1016_j.nanoen.2016.09.041/Fig2_A_pce/10.1016_j.nanoen.2016.09.041__Fig2__A__pce__SP-D__Series_2.csv,x_time_h,10.1016/j.nanoen.2016.09.041,Fig2_A,Series_2,excluded,Curve max time 103.2h < 200.0h (curve too short),56,,104.94759329252108,56,52.47379664626054,hours
x_time_h/10.1016_j.nanoen.2016.09.041/Fig2_A_pce/10.1016_j.nanoen.2016.09.041__Fig2__A__pce__Unsealed__Series_3.csv,x_time_h,10.1016/j.nanoen.2016.09.041,Fig2_A,Series_3,excluded,Curve max time 102.6h < 200.0h (curve too short),56,,104.94759329252108,56,52.47379664626054,hours
x_time_h/10.1016_j.nanoen.2016.11.039/Fig5_A_stability_performance_curve_pce/10.1016_j.nanoen.2016.11.039__Fig5__A__stability_performance_curve_pce__CuMe2Pc__Series_2.csv,x_time_h,10.1016/j.nanoen.2016.11.039,Fig5_A,Series_2,excluded,"Too few unique time points (7) in [0,200]h window (data spans 90% of window)",68,,179.22627853041263,7,89.61313926520631,hours
x_time_h/10.1016_j.nanoen.2016.11.039/Fig5_A_stability_performance_curve_pce/10.1016_j.nanoen.2016.11.039__Fig5__A__stability_performance_curve_pce__CuPc__Series_1.csv,x_time_h,10.1016/j.nanoen.2016.11.039,Fig5_A,Series_1,excluded,"Too few unique time points (7) in [0,200]h window (data spans 90% of window)",68,,179.22627853041263,7,89.61313926520631,hours
x_time_h/10.1016_j.nanoen.2017.02.034/Fig5_B_stability_performance_curve_pce/10.1016_j.nanoen.2017.02.034__Fig5__B__stability_performance_curve_pce__RM-derived_PSC__Series_1.csv,x_time_h,10.1016/j.nanoen.2017.02.034,Fig5_B,Series_1,excluded,"Too few unique time points (7) in [0,200]h window (data spans 95% of window)",64,,190.60818920579766,7,95.30409460289883,hours
x_time_h/10.1016_j.nanoen.2017.11.008/Fig3_F_stability_performance_curve_pce/10.1016_j.nanoen.2017.11.008__Fig3__F__stability_performance_curve_pce__口—TiO2__Series_2.csv,x_time_h,10.1016/j.nanoen.2017.11.008,Fig3_F,Series_2,excluded,Curve max time 176.6h < 200.0h (curve too short),25,,178.74507843327797,25,89.37253921663898,hours
x_time_h/10.1016_j.nanoen.2018.09.037/Fig6_D_stability_performance_curve/10.1016_j.nanoen.2018.09.037__Fig6__D__stability_performance_curve__TiO₂_based_PSCs__Series_2.csv,x_time_h,10.1016/j.nanoen.2018.09.037,Fig6_D,Series_2,excluded,Curve max time 198.4h < 200.0h (curve too short),68,,199.7301141679144,68,99.8650570839572,hours
x_time_h/10.1016_j.nanoen.2019.03.029/Fig4_B_stability_performance_curve_pce/10.1016_j.nanoen.2019.03.029__Fig4__B__stability_performance_curve_pce__0%__Series_1.csv,x_time_h,10.1016/j.nanoen.2019.03.029,Fig4_B,Series_1,excluded,"Too few unique time points (9) in [0,200]h window (data spans 99% of window)",54,,197.48713359307794,9,98.74356679653897,hours
"x_time_h/10.1016_j.nanoen.2019.103964/Fig4_B_stability_performance_curve_pce/10.1016_j.nanoen.2019.103964__Fig4__B__stability_performance_curve_pce__FTO_SnO,_AI,O,_MAPbI,CI_Spiro-IAu-2__Series_2.csv",x_time_h,10.1016/j.nanoen.2019.103964,Fig4_B,Series_2,excluded,Curve max time 117.3h < 200.0h (curve too short),56,,115.39889342976869,56,57.69944671488435,hours
x_time_h/10.1016_j.nanoen.2019.104244/Fig5_B_stability_performance_curve_pce/10.1016_j.nanoen.2019.104244__Fig5__B__stability_performance_curve_pce__PHJ__Series_2.csv,x_time_h,10.1016/j.nanoen.2019.104244,Fig5_B,Series_2,excluded,Curve max time 124.7h < 200.0h (curve too short),52,,126.31331252655134,52,63.156656263275664,hours
x_time_h/10.1016_j.nanoen.2020.104859/Fig5_A_pce/10.1016_j.nanoen.2020.104859__Fig5__A__pce__DeviceB__Series_1.csv,x_time_h,10.1016/j.nanoen.2020.104859,Fig5_A,Series_1,excluded,"Too few unique time points (3) in [0,200]h window (data spans 67% of window)",58,,134.06953391386674,3,67.03476695693337,hours
x_time_h/10.1016_j.nanoen.2020.104859/Fig5_A_pce/10.1016_j.nanoen.2020.104859__Fig5__A__pce__Device_A__Series_2.csv,x_time_h,10.1016/j.nanoen.2020.104859,Fig5_A,Series_2,excluded,"Too few unique time points (3) in [0,200]h window (data spans 67% of window)",58,,134.06953391386674,3,67.03476695693337,hours
x_time_h/10.1016_j.nanoen.2020.104929/Fig5_D_stability_performance_curve_pce/10.1016_j.nanoen.2020.104929__Fig5__D__stability_performance_curve_pce__MAPbI₃__Series_2.csv,x_time_h,10.1016/j.nanoen.2020.104929,Fig5_D,Series_2,excluded,Curve max time 194.1h < 200.0h (curve too short),25,,196.67993335217662,25,98.33996667608831,hours
x_time_h/10.1016_j.nanoen.2020.105181/Fig6_B_stability_performance_curve_pce/10.1016_j.nanoen.2020.105181__Fig6__B__stability_performance_curve_pce__S6__Series_3.csv,x_time_h,10.1016/j.nanoen.2020.105181,Fig6_B,Series_3,excluded,Curve max time 196.4h < 200.0h (curve too short),43,,195.99887757400262,43,97.99943878700131,hours
x_time_h/10.1016_j.nanoen.2020.105292/Fig4_C_pce/10.1016_j.nanoen.2020.105292__Fig4__C__pce__Control_Device__Series_1.csv,x_time_h,10.1016/j.nanoen.2020.105292,Fig4_C,Series_1,excluded,"Too few unique time points (7) in [0,200]h window (data spans 100% of window)",88,,199.0134806375023,7,99.50674031875116,hours
x_time_h/10.1016_j.nanoen.2020.105462/Fig5_A_stability_performance_curve_pce/10.1016_j.nanoen.2020.105462__Fig5__A__stability_performance_curve_pce__Spiro-OMeTAD__Series_2.csv,x_time_h,10.1016/j.nanoen.2020.105462,Fig5_A,Series_2,excluded,"Too few unique time points (6) in [0,200]h window (data spans 93% of window)",41,,186.08654801448432,6,93.04327400724216,hours
x_time_h/10.1016_j.nanoen.2020.105462/Fig5_B_stability_performance_curve_pce/10.1016_j.nanoen.2020.105462__Fig5__B__stability_performance_curve_pce__SMe-TATPyr_Spiro-OMeTAD__Series_2.csv,x_time_h,10.1016/j.nanoen.2020.105462,Fig5_B,Series_2,excluded,Curve max time 164.9h < 200.0h (curve too short),43,,165.3769031672219,43,82.68845158361096,hours
x_time_h/10.1016_j.nanoen.2020.105462/Fig5_B_stability_performance_curve_pce/10.1016_j.nanoen.2020.105462__Fig5__B__stability_performance_curve_pce__→Spiro-OMeTAD__Series_1.csv,x_time_h,10.1016/j.nanoen.2020.105462,Fig5_B,Series_1,excluded,Curve max time 164.9h < 200.0h (curve too short),43,,165.3769031672219,43,82.68845158361096,hours
x_time_h/10.1016_j.nanoen.2020.105462/Fig5_C_stability_performance_curve_pce/10.1016_j.nanoen.2020.105462__Fig5__C__stability_performance_curve_pce__SMe-TATPyr_Spiro-OMeTAD__Series_1.csv,x_time_h,10.1016/j.nanoen.2020.105462,Fig5_C,Series_1,excluded,Curve max time 165.1h < 200.0h (curve too short),43,,165.47360830860774,43,82.73680415430387,hours
x_time_h/10.1016_j.nanoen.2020.105462/Fig5_C_stability_performance_curve_pce/10.1016_j.nanoen.2020.105462__Fig5__C__stability_performance_curve_pce__Spiro-OMeTAD__Series_2.csv,x_time_h,10.1016/j.nanoen.2020.105462,Fig5_C,Series_2,excluded,Curve max time 165.1h < 200.0h (curve too short),43,,165.47360830860774,43,82.73680415430387,hours
x_time_h/10.1016_j.nanoen.2020.105731/Fig5_F_stability_performance_curve_pce/10.1016_j.nanoen.2020.105731__Fig5__F__stability_performance_curve_pce__control__Series_2.csv,x_time_h,10.1016/j.nanoen.2020.105731,Fig5_F,Series_2,excluded,"Too few unique time points (3) in [0,200]h window (data spans 77% of window)",32,,153.5692926114407,3,76.78464630572034,hours
x_time_h/10.1016_j.nanoen.2020.105737/Fig4_G_stability_performance_curve/10.1016_j.nanoen.2020.105737__Fig4__G__stability_performance_curve__w_o_PPFC__Series_1.csv,x_time_h,10.1016/j.nanoen.2020.105737,Fig4_G,Series_1,excluded,"Too few unique time points (9) in [0,200]h window (data spans 71% of window)",56,,141.01637862799907,9,70.50818931399954,hours
x_time_h/10.1016_j.nanoen.2021.105742/Fig5_B_stability_performance_curve_pce/10.1016_j.nanoen.2021.105742__Fig5__B__stability_performance_curve_pce__CsFAMA__Series_1.csv,x_time_h,10.1016/j.nanoen.2021.105742,Fig5_B,Series_1,excluded,"Too few unique time points (3) in [0,200]h window (data spans 89% of window)",64,,178.556350026887,3,89.2781750134435,hours
x_time_h/10.1016_j.nanoen.2021.105751/Fig4_B_stability_performance_curve_pce_pattern/10.1016_j.nanoen.2021.105751__Fig4__B__stability_performance_curve_pce_pattern__Li-TFSI_t-BP__Series_2.csv,x_time_h,10.1016/j.nanoen.2021.105751,Fig4_B,Series_2,excluded,Curve max time 95.2h < 200.0h (curve too short),26,,94.95468117214432,26,47.47734058607216,hours
x_time_h/10.1016_j.nanoen.2021.106157/Fig3_G_stability_performance_curve_pce/10.1016_j.nanoen.2021.106157__Fig3__G__stability_performance_curve_pce__0%FeCl2__Series_2.csv,x_time_h,10.1016/j.nanoen.2021.106157,Fig3_G,Series_2,excluded,Curve max time 105.3h < 200.0h (curve too short),37,,105.15582578313376,36,52.57791289156688,hours
x_time_h/10.1016_j.nanoen.2021.106445/Fig5_C_stability_performance_curve_pce/10.1016_j.nanoen.2021.106445__Fig5__C__stability_performance_curve_pce__Control__Series_2.csv,x_time_h,10.1016/j.nanoen.2021.106445,Fig5_C,Series_2,excluded,Curve max time 188.8h < 200.0h (curve too short),71,,189.00795504791654,71,94.50397752395827,hours
x_time_h/10.1016_j.nanoen.2022.107818/Fig5_E_mppt_stability_performance_curve_pce/10.1016_j.nanoen.2022.107818__Fig5__E__mppt_stability_performance_curve_pce__Control__Series_3.csv,x_time_h,10.1016/j.nanoen.2022.107818,Fig5_E,Series_3,excluded,Curve max time 49.2h < 200.0h (curve too short),23,,48.059948250267155,23,24.029974125133577,hours
x_time_h/10.1016_j.nanoen.2022.107818/Fig5_F_stability_performance_curve/10.1016_j.nanoen.2022.107818__Fig5__F__stability_performance_curve__Control__Series_1.csv,x_time_h,10.1016/j.nanoen.2022.107818,Fig5_F,Series_1,excluded,"Too few unique time points (3) in [0,200]h window (data spans 79% of window)",38,,157.98647340606567,3,78.99323670303284,hours
x_time_h/10.1016_j.orgel.2018.02.026/Fig8_A_stability_performance_curve_pce/10.1016_j.orgel.2018.02.026__Fig8__A__stability_performance_curve_pce__CB__Series_3.csv,x_time_h,10.1016/j.orgel.2018.02.026,Fig8_A,Series_3,excluded,Curve max time 142.4h < 200.0h (curve too short),81,,142.41939658756024,81,71.20969829378012,hours
x_time_h/10.1016_j.orgel.2018.02.026/Fig8_A_stability_performance_curve_pce/10.1016_j.orgel.2018.02.026__Fig8__A__stability_performance_curve_pce__CF__Series_2.csv,x_time_h,10.1016/j.orgel.2018.02.026,Fig8_A,Series_2,excluded,Curve max time 143.8h < 200.0h (curve too short),81,,142.41939658756027,81,71.20969829378014,hours
x_time_h/10.1016_j.orgel.2018.02.026/Fig8_A_stability_performance_curve_pce/10.1016_j.orgel.2018.02.026__Fig8__A__stability_performance_curve_pce__DCB__Series_1.csv,x_time_h,10.1016/j.orgel.2018.02.026,Fig8_A,Series_1,excluded,Curve max time 142.2h < 200.0h (curve too short),81,,142.41939658756027,81,71.20969829378014,hours
x_time_h/10.1016_j.orgel.2018.09.019/Fig4_A_stability_performance_curve_pce/10.1016_j.orgel.2018.09.019__Fig4__A__stability_performance_curve_pce__TiO₂_(UV)__Series_3.csv,x_time_h,10.1016/j.orgel.2018.09.019,Fig4_A,Series_3,excluded,Curve max time 99.5h < 200.0h (curve too short),58,,100.5807740150511,58,50.29038700752555,hours
x_time_h/10.1016_j.orgel.2018.09.019/Fig4_A_stability_performance_curve_pce/10.1016_j.orgel.2018.09.019__Fig4__A__stability_performance_curve_pce__TiO₂_SrO_(UV)__Series_2.csv,x_time_h,10.1016/j.orgel.2018.09.019,Fig4_A,Series_2,excluded,Curve max time 100.4h < 200.0h (curve too short),58,,100.58077401505109,58,50.29038700752555,hours
x_time_h/10.1016_j.orgel.2019.03.033/Fig7_C_stability_performance_curve_pce/10.1016_j.orgel.2019.03.033__Fig7__C__stability_performance_curve_pce__reference__Series_2.csv,x_time_h,10.1016/j.orgel.2019.03.033,Fig7_C,Series_2,excluded,Curve max time 188.4h < 200.0h (curve too short),52,,189.97400574962012,52,94.98700287481006,hours
x_time_h/10.1016_j.orgel.2019.03.036/Fig5_C_stability_performance_curve_pce/10.1016_j.orgel.2019.03.036__Fig5__C__stability_performance_curve_pce__Spiro-OMeTAD_Agl(3%)__Series_1.csv,x_time_h,10.1016/j.orgel.2019.03.036,Fig5_C,Series_1,excluded,Curve max time 117.4h < 200.0h (curve too short),49,,116.74679373698272,49,58.37339686849137,hours
x_time_h/10.1016_j.orgel.2019.03.036/Fig5_D_stability_performance_curve_pce/10.1016_j.orgel.2019.03.036__Fig5__D__stability_performance_curve_pce__o—Spiro-OMeTAD_AgI(3%)__Series_1.csv,x_time_h,10.1016/j.orgel.2019.03.036,Fig5_D,Series_1,excluded,Curve max time 117.5h < 200.0h (curve too short),49,,116.75074863851279,49,58.37537431925639,hours
x_time_h/10.1016_j.orgel.2019.105384/Fig5_whole_figure/10.1016_j.orgel.2019.105384__Fig5__whole__figure__MAPbI3_PCBM__Series_1.csv,x_time_h,10.1016/j.orgel.2019.105384,Fig5,Series_1,excluded,Curve max time 191.3h < 200.0h (curve too short),74,,193.14995151883141,74,96.57497575941571,hours
x_time_h/10.1016_j.orgel.2019.105384/Fig5_whole_figure/10.1016_j.orgel.2019.105384__Fig5__whole__figure__MAPbl3__Series_2.csv,x_time_h,10.1016/j.orgel.2019.105384,Fig5,Series_2,excluded,Curve max time 190.5h < 200.0h (curve too short),74,,193.14995151883141,74,96.57497575941571,hours
x_time_h/10.1016_j.orgel.2019.105490/Fig9_F_stability_performance_curve_pce/10.1016_j.orgel.2019.105490__Fig9__F__stability_performance_curve_pce__WO__Series_1.csv,x_time_h,10.1016/j.orgel.2019.105490,Fig9_F,Series_1,excluded,"Too few unique time points (9) in [0,200]h window (data spans 94% of window)",62,,187.59834893214918,9,93.79917446607459,hours
x_time_h/10.1016_j.orgel.2021.106244/Fig7_whole_stability_performance_curve_pce/10.1016_j.orgel.2021.106244__Fig7__whole__stability_performance_curve_pce__Spiro__Series_1.csv,x_time_h,10.1016/j.orgel.2021.106244,Fig7,Series_1,excluded,Curve max time 167.5h < 200.0h (curve too short),82,,166.8269410075255,82,83.41347050376275,hours
x_time_h/10.1016_j.solener.2018.09.057/Fig7_A_stability_performance_curve_pce/10.1016_j.solener.2018.09.057__Fig7__A__stability_performance_curve_pce__FAPbI3__Series_1.csv,x_time_h,10.1016/j.solener.2018.09.057,Fig7_A,Series_1,excluded,"Too few unique time points (6) in [0,200]h window (data spans 98% of window)",61,,196.90925953482827,6,98.45462976741413,hours
x_time_h/10.1016_j.solener.2018.09.057/Fig7_A_stability_performance_curve_pce/10.1016_j.solener.2018.09.057__Fig7__A__stability_performance_curve_pce__MAPbI3__Series_2.csv,x_time_h,10.1016/j.solener.2018.09.057,Fig7_A,Series_2,excluded,"Too few unique time points (6) in [0,200]h window (data spans 98% of window)",61,,196.90925953482827,6,98.45462976741413,hours
x_time_h/10.1016_j.solener.2020.01.048/Fig4_D_stability_performance_curve_eqe/10.1016_j.solener.2020.01.048__Fig4__D__stability_performance_curve_eqe__Uncoated_PsCs__Series_2.csv,x_time_h,10.1016/j.solener.2020.01.048,Fig4_D,Series_2,excluded,Curve max time 198.6h < 200.0h (curve too short),66,,199.56719925990873,66,99.78359962995437,hours
x_time_h/10.1016_j.solener.2021.01.030/Fig6_A_stability_performance_curve_pce/10.1016_j.solener.2021.01.030__Fig6__A__stability_performance_curve_pce__without_TM__Series_2.csv,x_time_h,10.1016/j.solener.2021.01.030,Fig6_A,Series_2,excluded,Curve max time 148.1h < 200.0h (curve too short),68,,148.86152234209257,68,74.43076117104629,hours
x_time_h/10.1016_j.solener.2021.06.001/Fig7_C_stability_performance_curve_pce/10.1016_j.solener.2021.06.001__Fig7__C__stability_performance_curve_pce__Control__Series_2.csv,x_time_h,10.1016/j.solener.2021.06.001,Fig7_C,Series_2,excluded,"Too few unique time points (6) in [0,200]h window (data spans 99% of window)",50,,198.74901164951189,6,99.37450582475594,hours
x_time_h/10.1016_j.solener.2021.06.076/Fig9_A_stability_performance_curve_pce/10.1016_j.solener.2021.06.076__Fig9__A__stability_performance_curve_pce__PC₀NH₀__Series_1.csv,x_time_h,10.1016/j.solener.2021.06.076,Fig9_A,Series_1,excluded,Curve max time 187.2h < 200.0h (curve too short),26,,190.9340942669832,26,95.4670471334916,hours
x_time_h/10.1016_j.solmat.2015.10.008/Fig6_D_ff/10.1016_j.solmat.2015.10.008__Fig6__D__ff__O-PDPP3T__Series_2.csv,x_time_h,10.1016/j.solmat.2015.10.008,Fig6_D,Series_2,excluded,Curve max time 170.4h < 200.0h (curve too short),56,,169.1024258120541,56,84.55121290602705,hours
x_time_h/10.1016_j.solmat.2015.10.008/Fig6_D_ff/10.1016_j.solmat.2015.10.008__Fig6__D__ff__Spiro-OMeTAD__Series_1.csv,x_time_h,10.1016/j.solmat.2015.10.008,Fig6_D,Series_1,excluded,Curve max time 170.1h < 200.0h (curve too short),56,,169.1024258120541,56,84.55121290602705,hours
x_time_h/10.1016_j.solmat.2017.12.015/Fig8_D_stability_performance_curve_pce/10.1016_j.solmat.2017.12.015__Fig8__D__stability_performance_curve_pce__Reference__Series_2.csv,x_time_h,10.1016/j.solmat.2017.12.015,Fig8_D,Series_2,excluded,Curve max time 119.8h < 200.0h (curve too short),70,,120.20002815154277,70,60.10001407577138,hours
x_time_h/10.1016_j.solmat.2019.04.007/Fig6_B_stability/10.1016_j.solmat.2019.04.007__Fig6__B__stability__PCBM__Series_2.csv,x_time_h,10.1016/j.solmat.2019.04.007,Fig6_B,Series_2,excluded,Curve max time 190.7h < 200.0h (curve too short),59,,190.96429993074858,59,95.48214996537429,hours
x_time_h/10.1016_j.solmat.2019.110297/Fig6_F_stability_performance_curve_pce/10.1016_j.solmat.2019.110297__Fig6__F__stability_performance_curve_pce__control_device__Series_3.csv,x_time_h,10.1016/j.solmat.2019.110297,Fig6_F,Series_3,excluded,Curve max time 199.5h < 200.0h (curve too short),56,,196.52798946367858,54,98.26399473183929,hours
x_time_h/10.1016_j.solmat.2019.110335/Fig1_E_schematic_diagram_pce/10.1016_j.solmat.2019.110335__Fig1__E__schematic_diagram_pce__withoutPC6oBM__Series_1.csv,x_time_h,10.1016/j.solmat.2019.110335,Fig1_E,Series_1,excluded,Curve max time 198.8h < 200.0h (curve too short),57,,199.62259197952085,57,99.81129598976042,hours
x_time_h/10.1016_j.solmat.2019.110335/Fig1_F_schematic_diagram_stability_performance_curve_pce/10.1016_j.solmat.2019.110335__Fig1__F__schematic_diagram_stability_performance_curve_pce__with_PC60BM__Series_1.csv,x_time_h,10.1016/j.solmat.2019.110335,Fig1_F,Series_1,excluded,Curve max time 196.9h < 200.0h (curve too short),56,,197.43580203395544,56,98.71790101697772,hours
x_time_h/10.1016_j.solmat.2019.110383/Fig3_whole_figure/10.1016_j.solmat.2019.110383__Fig3__whole__figure__Series_1__Series_1.csv,x_time_h,10.1016/j.solmat.2019.110383,Fig3,Series_1,excluded,Curve max time 197.2h < 200.0h (curve too short),91,,196.83788997926416,91,98.41894498963208,hours
x_time_h/10.1016_j.solmat.2020.110527/Fig8_whole_stability/10.1016_j.solmat.2020.110527__Fig8__whole__stability__Control__Series_1.csv,x_time_h,10.1016/j.solmat.2020.110527,Fig8,Series_1,excluded,"Too few unique time points (8) in [0,200]h window (data spans 95% of window)",78,,190.55233643967944,8,95.27616821983972,hours
x_time_h/10.1016_j.synthmet.2020.116547/Fig3_B_stability_performance_curve/10.1016_j.synthmet.2020.116547__Fig3__B__stability_performance_curve__ZnO__Series_3.csv,x_time_h,10.1016/j.synthmet.2020.116547,Fig3_B,Series_3,excluded,"Too few unique time points (6) in [0,200]h window (data spans 96% of window)",57,,191.1263245496616,6,95.5631622748308,hours
x_time_h/10.1016_j.xcrp.2020.100224/Fig5_B_stability/10.1016_j.xcrp.2020.100224__Fig5__B__stability__control__Series_1.csv,x_time_h,10.1016/j.xcrp.2020.100224,Fig5_B,Series_1,excluded,"Too few unique time points (5) in [0,200]h window (data spans 37% of window)",5,,74.49194732806725,5,37.24597366403363,hours
x_time_h/10.1016_j.xcrp.2020.100224/Fig5_D_stability_performance_curve/10.1016_j.xcrp.2020.100224__Fig5__D__stability_performance_curve__control__Series_2.csv,x_time_h,10.1016/j.xcrp.2020.100224,Fig5_D,Series_2,excluded,"Too few unique time points (9) in [0,200]h window (data spans 22% of window)",9,,43.59815832551338,9,21.79907916275669,hours
x_time_h/10.1016_j.xcrp.2021.100395/Fig6_D_stability_performance_curve_pce/10.1016_j.xcrp.2021.100395__Fig6__D__stability_performance_curve_pce__RH_0%__Series_2.csv,x_time_h,10.1016/j.xcrp.2021.100395,Fig6_D,Series_2,excluded,"Too few unique time points (8) in [0,200]h window (data spans 92% of window)",35,,184.3249848463646,8,92.1624924231823,hours
x_time_h/10.1016_j.xcrp.2021.100395/Fig6_D_stability_performance_curve_pce/10.1016_j.xcrp.2021.100395__Fig6__D__stability_performance_curve_pce__RH_40%__Series_1.csv,x_time_h,10.1016/j.xcrp.2021.100395,Fig6_D,Series_1,excluded,"Too few unique time points (7) in [0,200]h window (data spans 92% of window)",44,,184.3249848463645,7,92.16249242318224,hours
x_time_h/10.1016_j.xcrp.2021.100395/Fig6_E_stability_performance_curve_pce/10.1016_j.xcrp.2021.100395__Fig6__E__stability_performance_curve_pce__RH_0%__Series_2.csv,x_time_h,10.1016/j.xcrp.2021.100395,Fig6_E,Series_2,excluded,"Too few unique time points (7) in [0,200]h window (data spans 92% of window)",19,,184.4371097574986,7,92.2185548787493,hours
x_time_h/10.1016_j.xcrp.2021.100395/Fig6_F_stability_performance_curve_pce/10.1016_j.xcrp.2021.100395__Fig6__F__stability_performance_curve_pce__中RH0%__Series_2.csv,x_time_h,10.1016/j.xcrp.2021.100395,Fig6_F,Series_2,excluded,Curve max time 152.5h < 200.0h (curve too short),20,,155.05585802241524,20,77.52792901120762,hours
x_time_h/10.1016_j.xcrp.2021.100450/Fig5_C_stability_performance_curve_pce_image/10.1016_j.xcrp.2021.100450__Fig5__C__stability_performance_curve_pce_image__Control__Series_2.csv,x_time_h,10.1016/j.xcrp.2021.100450,Fig5_C,Series_2,excluded,"Too few unique time points (9) in [0,200]h window (data spans 99% of window)",33,,197.31200002258964,9,98.65600001129482,hours
x_time_h/10.1016_j.xcrp.2021.100450/Fig5_F_stability_performance_curve_pce_image/10.1016_j.xcrp.2021.100450__Fig5__F__stability_performance_curve_pce_image__Control__Series_2.csv,x_time_h,10.1016/j.xcrp.2021.100450,Fig5_F,Series_2,excluded,Curve max time 196.5h < 200.0h (curve too short),41,,197.5209180748783,41,98.76045903743915,hours
x_time_h/10.1021_acs.chemmater.0c00995/Fig6_D_xrd_pattern_stability_performance_curve_pce_spectrum/10.1021_acs.chemmater.0c00995__Fig6__D__xrd_pattern_stability_performance_curve_pce_spectrum__MAPI_PSC__Series_1.csv,x_time_h,10.1021/acs.chemmater.0c00995,Fig6_D,Series_1,excluded,Curve max time 140.1h < 200.0h (curve too short),21,,144.59220897790323,21,72.29610448895161,hours
x_time_h/10.1021_acs.chemmater.1c00662/Fig4_A_stability_performance_curve_pce/10.1021_acs.chemmater.1c00662__Fig4__A__stability_performance_curve_pce__PCBM_PDINO__Series_2.csv,x_time_h,10.1021/acs.chemmater.1c00662,Fig4_A,Series_2,excluded,"Too few unique time points (7) in [0,200]h window (data spans 89% of window)",38,,177.832342812602,7,88.916171406301,hours
x_time_h/10.1021_acs.chemmater.1c00662/Fig4_A_stability_performance_curve_pce/10.1021_acs.chemmater.1c00662__Fig4__A__stability_performance_curve_pce__PCBM_ZnO__Series_3.csv,x_time_h,10.1021/acs.chemmater.1c00662,Fig4_A,Series_3,excluded,"Too few unique time points (7) in [0,200]h window (data spans 89% of window)",38,,177.832342812602,7,88.916171406301,hours
x_time_h/10.1021_acs.chemmater.1c00662/Fig4_B_stability_performance_curve_pce/10.1021_acs.chemmater.1c00662__Fig4__B__stability_performance_curve_pce__PCBM_ZnO__Series_2.csv,x_time_h,10.1021/acs.chemmater.1c00662,Fig4_B,Series_2,excluded,Curve max time 162.1h < 200.0h (curve too short),23,,163.1502076495952,23,81.5751038247976,hours
x_time_h/10.1021_acs.chemmater.8b02970/Fig6_C_stability_performance_curve_pce/10.1021_acs.chemmater.8b02970__Fig6__C__stability_performance_curve_pce__3D-Br10__Series_1.csv,x_time_h,10.1021/acs.chemmater.8b02970,Fig6_C,Series_1,excluded,"Too few unique time points (8) in [0,200]h window (data spans 98% of window)",78,,196.59381913483958,8,98.29690956741979,hours
x_time_h/10.1021_acs.chemmater.8b02970/Fig6_C_stability_performance_curve_pce/10.1021_acs.chemmater.8b02970__Fig6__C__stability_performance_curve_pce__3D-Bro__Series_4.csv,x_time_h,10.1021/acs.chemmater.8b02970,Fig6_C,Series_4,excluded,"Too few unique time points (8) in [0,200]h window (data spans 98% of window)",77,,196.59381913483958,8,98.29690956741979,hours
x_time_h/10.1021_acs.chemmater.8b02970/Fig6_C_stability_performance_curve_pce/10.1021_acs.chemmater.8b02970__Fig6__C__stability_performance_curve_pce__MD-Br10__Series_2.csv,x_time_h,10.1021/acs.chemmater.8b02970,Fig6_C,Series_2,excluded,"Too few unique time points (8) in [0,200]h window (data spans 98% of window)",77,,196.59381913483958,8,98.29690956741979,hours
x_time_h/10.1021_acs.chemmater.8b02970/Fig6_C_stability_performance_curve_pce/10.1021_acs.chemmater.8b02970__Fig6__C__stability_performance_curve_pce__MD-Bro0__Series_3.csv,x_time_h,10.1021/acs.chemmater.8b02970,Fig6_C,Series_3,excluded,"Too few unique time points (8) in [0,200]h window (data spans 98% of window)",77,,196.59381913483963,8,98.29690956741982,hours
x_time_h/10.1021_acs.jpcc.0c02628/Fig6_A_stability_performance_curve_pce_optimized_structure/10.1021_acs.jpcc.0c02628__Fig6__A__stability_performance_curve_pce_optimized_structure__SnO₂__Series_1.csv,x_time_h,10.1021/acs.jpcc.0c02628,Fig6_A,Series_1,excluded,"Too few unique time points (9) in [0,200]h window (data spans 96% of window)",44,,192.28082748767224,9,96.14041374383612,hours
x_time_h/10.1021_acs.jpcc.0c09606/Fig7_A_stability_performance_curve_pce/10.1021_acs.jpcc.0c09606__Fig7__A__stability_performance_curve_pce__Control__Series_1.csv,x_time_h,10.1021/acs.jpcc.0c09606,Fig7_A,Series_1,excluded,"Too few unique time points (6) in [0,200]h window (data spans 93% of window)",59,,185.73894616228284,6,92.86947308114142,hours
x_time_h/10.1021_acs.jpcc.0c10805/Fig5_F_stability_performance_curve_pce/10.1021_acs.jpcc.0c10805__Fig5__F__stability_performance_curve_pce__Control__Series_1.csv,x_time_h,10.1021/acs.jpcc.0c10805,Fig5_F,Series_1,excluded,"Too few unique time points (6) in [0,200]h window (data spans 98% of window)",18,,196.1124297250043,6,98.05621486250215,hours
x_time_h/10.1021_acs.jpclett.8b03194/Fig4_A_stability_performance_curve_pce/10.1021_acs.jpclett.8b03194__Fig4__A__stability_performance_curve_pce__0%Csl__Series_2.csv,x_time_h,10.1021/acs.jpclett.8b03194,Fig4_A,Series_2,excluded,"Too few unique time points (7) in [0,200]h window (data spans 93% of window)",47,,185.78167250349935,7,92.89083625174968,hours
x_time_h/10.1021_acs.jpclett.8b03194/Fig4_A_stability_performance_curve_pce_2/10.1021_acs.jpclett.8b03194__Fig4__A__stability_performance_curve_pce_2__0%_CsI__Series_2.csv,x_time_h,10.1021/acs.jpclett.8b03194,Fig4_A,Series_2,excluded,"Too few unique time points (6) in [0,200]h window (data spans 84% of window)",43,,167.8388427064641,6,83.91942135323205,hours
x_time_h/10.1021_acs.jpclett.9b03414/Fig5_H_stability/10.1021_acs.jpclett.9b03414__Fig5__H__stability__n=5__Series_1.csv,x_time_h,10.1021/acs.jpclett.9b03414,Fig5_H,Series_1,excluded,"Too few unique time points (8) in [0,200]h window (data spans 92% of window)",39,,184.81518204915682,8,92.40759102457841,hours
x_time_h/10.1021_acs.jpclett.9b03414/Fig5_H_stability/10.1021_acs.jpclett.9b03414__Fig5__H__stability__n=∞__Series_4.csv,x_time_h,10.1021/acs.jpclett.9b03414,Fig5_H,Series_4,excluded,"Too few unique time points (8) in [0,200]h window (data spans 92% of window)",40,,184.81518204915682,8,92.40759102457841,hours
x_time_h/10.1021_acs.langmuir.8b01650/Fig6_whole_stability/10.1021_acs.langmuir.8b01650__Fig6__whole__stability__Control__Series_1.csv,x_time_h,10.1021/acs.langmuir.8b01650,Fig6,Series_1,excluded,Curve max time 119.8h < 200.0h (curve too short),74,,120.81491197322822,74,60.40745598661411,hours
x_time_h/10.1021_acsaem.0c00584/Fig3_D_stability_performance_curve_pce/10.1021_acsaem.0c00584__Fig3__D__stability_performance_curve_pce__145mg_ml×3LFAIQDs__Series_2.csv,x_time_h,10.1021/acsaem.0c00584,Fig3_D,Series_2,excluded,Curve max time 119.8h < 200.0h (curve too short),65,,117.59813260291074,65,58.79906630145537,hours
x_time_h/10.1021_acsaem.0c00584/Fig3_D_stability_performance_curve_pce/10.1021_acsaem.0c00584__Fig3__D__stability_performance_curve_pce__145mg_ml×3L_Control_QDs__Series_1.csv,x_time_h,10.1021/acsaem.0c00584,Fig3_D,Series_1,excluded,Curve max time 120.0h < 200.0h (curve too short),66,,119.43560342483124,66,59.71780171241562,hours
x_time_h/10.1021_acsaem.0c00584/Fig3_D_stability_performance_curve_pce/10.1021_acsaem.0c00584__Fig3__D__stability_performance_curve_pce__75mg_ml×5LFAIQDs__Series_4.csv,x_time_h,10.1021/acsaem.0c00584,Fig3_D,Series_4,excluded,Curve max time 117.6h < 200.0h (curve too short),26,,112.08572013714932,26,56.04286006857466,hours
x_time_h/10.1021_acsaem.0c00584/Fig3_D_stability_performance_curve_pce/10.1021_acsaem.0c00584__Fig3__D__stability_performance_curve_pce__75mg_ml×5L_Control_QDs__Series_3.csv,x_time_h,10.1021/acsaem.0c00584,Fig3_D,Series_3,excluded,Curve max time 118.7h < 200.0h (curve too short),65,,117.59813260291077,65,58.79906630145538,hours
x_time_h/10.1021_acsaem.0c00811/Fig5_B_curve/10.1021_acsaem.0c00811__Fig5__B__curve__spiro-MeOTAD__Series_2.csv,x_time_h,10.1021/acsaem.0c00811,Fig5_B,Series_2,excluded,Curve max time 159.4h < 200.0h (curve too short),65,,121.8498495195817,65,60.92492475979084,hours
x_time_h/10.1021_acsaem.0c01329/Fig5_F_stability_performance_curve_pce/10.1021_acsaem.0c01329__Fig5__F__stability_performance_curve_pce__0_mg_mL__Series_1.csv,x_time_h,10.1021/acsaem.0c01329,Fig5_F,Series_1,excluded,"Too few unique time points (9) in [0,200]h window (data spans 99% of window)",57,,197.4519146276227,9,98.72595731381135,hours
x_time_h/10.1021_acsaem.0c01796/Fig10_whole_stability_performance_curve_pce/10.1021_acsaem.0c01796__Fig10__whole__stability_performance_curve_pce__spiro-OMeTAD__Series_2.csv,x_time_h,10.1021/acsaem.0c01796,Fig10,Series_2,excluded,Curve max time 95.3h < 200.0h (curve too short),48,,94.51314885350953,48,47.25657442675477,hours
x_time_h/10.1021_acsaem.0c02213/Fig7_A_stability_performance_curve_pce/10.1021_acsaem.0c02213__Fig7__A__stability_performance_curve_pce__Standard_(30NR-D)__Series_1.csv,x_time_h,10.1021/acsaem.0c02213,Fig7_A,Series_1,excluded,"Too few unique time points (5) in [0,200]h window (data spans 82% of window)",67,,163.73223637708918,5,81.86611818854459,hours
x_time_h/10.1021_acsaem.8b00602/Fig8_whole_stability/10.1021_acsaem.8b00602__Fig8__whole__stability__TiO2__Series_1.csv,x_time_h,10.1021/acsaem.8b00602,Fig8,Series_1,excluded,Curve max time 167.7h < 200.0h (curve too short),75,,167.1529319749626,75,83.5764659874813,hours
x_time_h/10.1021_acsaem.9b00603/Fig5_A_stability_performance_curve_pce_2/10.1021_acsaem.9b00603__Fig5__A__stability_performance_curve_pce_2__Spiro-OMeTAD__Series_2.csv,x_time_h,10.1021/acsaem.9b00603,Fig5_A,Series_2,excluded,"Too few unique time points (9) in [0,200]h window (data spans 97% of window)",42,,193.4626612614141,9,96.73133063070705,hours
x_time_h/10.1021_acsaem.9b01652/Fig6_B_rate/10.1021_acsaem.9b01652__Fig6__B__rate__SnO₂__Series_1.csv,x_time_h,10.1021/acsaem.9b01652,Fig6_B,Series_1,excluded,Curve max time 147.2h < 200.0h (curve too short),35,,148.68699116948554,35,74.34349558474277,hours
x_time_h/10.1021_acsami.0c00142/Fig4_F_stability/10.1021_acsami.0c00142__Fig4__F__stability__NbOₓ__Series_1.csv,x_time_h,10.1021/acsami.0c00142,Fig4_F,Series_1,excluded,Curve max time 138.1h < 200.0h (curve too short),12,,137.73683930002366,12,68.86841965001183,hours
x_time_h/10.1021_acsami.0c00607/Fig6_A_stability_performance_curve_pce/10.1021_acsami.0c00607__Fig6__A__stability_performance_curve_pce__Control_device__Series_1.csv,x_time_h,10.1021/acsami.0c00607,Fig6_A,Series_1,excluded,"Too few unique time points (5) in [0,200]h window (data spans 91% of window)",45,,181.42423144215286,5,90.71211572107643,hours
x_time_h/10.1021_acsami.0c02751/Fig9_A_stability_performance_curve_pce/10.1021_acsami.0c02751__Fig9__A__stability_performance_curve_pce__CJ-03__Series_2.csv,x_time_h,10.1021/acsami.0c02751,Fig9_A,Series_2,excluded,Curve max time 104.7h < 200.0h (curve too short),69,,105.02566341718523,69,52.512831708592614,hours
x_time_h/10.1021_acsami.0c02751/Fig9_A_stability_performance_curve_pce/10.1021_acsami.0c02751__Fig9__A__stability_performance_curve_pce__CJ-04__Series_1.csv,x_time_h,10.1021/acsami.0c02751,Fig9_A,Series_1,excluded,Curve max time 104.5h < 200.0h (curve too short),69,,105.0256634171852,69,52.5128317085926,hours
x_time_h/10.1021_acsami.0c02751/Fig9_A_stability_performance_curve_pce/10.1021_acsami.0c02751__Fig9__A__stability_performance_curve_pce__spiro-OMeTAD__Series_3.csv,x_time_h,10.1021/acsami.0c02751,Fig9_A,Series_3,excluded,Curve max time 104.8h < 200.0h (curve too short),68,,105.02566341718523,68,52.512831708592614,hours
x_time_h/10.1021_acsami.0c04258/Fig6_A_stability_performance_curve_pce/10.1021_acsami.0c04258__Fig6__A__stability_performance_curve_pce__control__Series_1.csv,x_time_h,10.1021/acsami.0c04258,Fig6_A,Series_1,excluded,"Too few unique time points (9) in [0,200]h window (data spans 90% of window)",67,,180.88492966480771,9,90.44246483240386,hours
x_time_h/10.1021_acsami.0c11164/Fig4_D_stability_performance_curve_pce/10.1021_acsami.0c11164__Fig4__D__stability_performance_curve_pce__Control__Series_2.csv,x_time_h,10.1021/acsami.0c11164,Fig4_D,Series_2,excluded,"Too few unique time points (9) in [0,200]h window (data spans 94% of window)",46,,188.82068367393464,9,94.41034183696732,hours
x_time_h/10.1021_acsami.0c11247/Fig5_A_stability_performance_curve_pce/10.1021_acsami.0c11247__Fig5__A__stability_performance_curve_pce__PEDOT_PSS__Series_2.csv,x_time_h,10.1021/acsami.0c11247,Fig5_A,Series_2,excluded,Curve max time 136.4h < 200.0h (curve too short),17,,141.3134336986859,17,70.65671684934296,hours
x_time_h/10.1021_acsami.0c12044/Fig2_C_stability_performance_curve_pce/10.1021_acsami.0c12044__Fig2__C__stability_performance_curve_pce__Control__Series_1.csv,x_time_h,10.1021/acsami.0c12044,Fig2_C,Series_1,excluded,"Too few unique time points (8) in [0,200]h window (data spans 98% of window)",35,,195.8879636181262,8,97.9439818090631,hours
x_time_h/10.1021_acsami.0c12044/Fig2_D_stability_performance_curve/10.1021_acsami.0c12044__Fig2__D__stability_performance_curve__Control__Series_1.csv,x_time_h,10.1021/acsami.0c12044,Fig2_D,Series_1,excluded,"Too few unique time points (8) in [0,200]h window (data spans 99% of window)",35,,197.98185506210058,8,98.99092753105029,hours
x_time_h/10.1021_acsami.0c14218/Fig3_A_stability_performance_curve_pce_ff/10.1021_acsami.0c14218__Fig3__A__stability_performance_curve_pce_ff__0%__Series_3.csv,x_time_h,10.1021/acsami.0c14218,Fig3_A,Series_3,excluded,"Too few unique time points (9) in [0,200]h window (data spans 91% of window)",49,,181.2017471499712,9,90.6008735749856,hours
x_time_h/10.1021_acsami.0c14218/Fig3_A_stability_performance_curve_pce_ff/10.1021_acsami.0c14218__Fig3__A__stability_performance_curve_pce_ff__0.5%__Series_4.csv,x_time_h,10.1021/acsami.0c14218,Fig3_A,Series_4,excluded,"Too few unique time points (9) in [0,200]h window (data spans 91% of window)",50,,181.2017471499712,9,90.6008735749856,hours
x_time_h/10.1021_acsami.0c14218/Fig4_A_stability_performance_curve_ff/10.1021_acsami.0c14218__Fig4__A__stability_performance_curve_ff__0%__Series_3.csv,x_time_h,10.1021/acsami.0c14218,Fig4_A,Series_3,excluded,"Too few unique time points (9) in [0,200]h window (data spans 91% of window)",45,,181.23356647756623,9,90.61678323878311,hours
x_time_h/10.1021_acsami.0c14218/Fig4_A_stability_performance_curve_ff/10.1021_acsami.0c14218__Fig4__A__stability_performance_curve_ff__0.5%__Series_4.csv,x_time_h,10.1021/acsami.0c14218,Fig4_A,Series_4,excluded,"Too few unique time points (9) in [0,200]h window (data spans 91% of window)",43,,181.23356647756623,9,90.61678323878311,hours
x_time_h/10.1021_acsami.0c14732/Fig2_C_stability_performance_curve_pce/10.1021_acsami.0c14732__Fig2__C__stability_performance_curve_pce__Pristine__Series_1.csv,x_time_h,10.1021/acsami.0c14732,Fig2_C,Series_1,excluded,"Too few unique time points (5) in [0,200]h window (data spans 91% of window)",48,,181.30559374861662,5,90.65279687430831,hours
x_time_h/10.1021_acsami.0c17141/Fig6_B_stability_performance_curve_pce/10.1021_acsami.0c17141__Fig6__B__stability_performance_curve_pce__reference_Ag_electrode__Series_4.csv,x_time_h,10.1021/acsami.0c17141,Fig6_B,Series_4,excluded,Curve max time 169.5h < 200.0h (curve too short),18,,173.29623562787359,17,86.64811781393679,hours
x_time_h/10.1021_acsami.0c18009/Fig5_C_stability_performance_curve_pce/10.1021_acsami.0c18009__Fig5__C__stability_performance_curve_pce__Control__Series_1.csv,x_time_h,10.1021/acsami.0c18009,Fig5_C,Series_1,excluded,"Too few unique time points (9) in [0,200]h window (data spans 100% of window)",49,,199.85926668633624,9,99.92963334316812,hours
x_time_h/10.1021_acsami.1c00410/Fig7_A_stability_performance_curve_pce/10.1021_acsami.1c00410__Fig7__A__stability_performance_curve_pce__control_cell__Series_2.csv,x_time_h,10.1021/acsami.1c00410,Fig7_A,Series_2,excluded,"Too few unique time points (8) in [0,200]h window (data spans 96% of window)",26,,192.55008459679442,8,96.27504229839721,hours
x_time_h/10.1021_acsami.1c01408/Fig5_A_stability_performance_curve_pce/10.1021_acsami.1c01408__Fig5__A__stability_performance_curve_pce__w_oBMIBr__Series_1.csv,x_time_h,10.1021/acsami.1c01408,Fig5_A,Series_1,excluded,"Too few unique time points (9) in [0,200]h window (data spans 98% of window)",49,,196.95538041659356,9,98.47769020829678,hours
x_time_h/10.1021_acsami.1c05284/Fig3_D_stability_performance_curve_pce/10.1021_acsami.1c05284__Fig3__D__stability_performance_curve_pce__In₂O₃__Series_2.csv,x_time_h,10.1021/acsami.1c05284,Fig3_D,Series_2,excluded,"Too few unique time points (8) in [0,200]h window (data spans 97% of window)",70,,193.35463580542938,8,96.67731790271469,hours
x_time_h/10.1021_acsami.1c05284/Fig3_D_stability_performance_curve_pce/10.1021_acsami.1c05284__Fig3__D__stability_performance_curve_pce__Sn_In₂O₃__Series_3.csv,x_time_h,10.1021/acsami.1c05284,Fig3_D,Series_3,excluded,"Too few unique time points (8) in [0,200]h window (data spans 97% of window)",66,,193.35463580542933,8,96.67731790271466,hours
x_time_h/10.1021_acsami.1c07610/Fig5_A_stability_performance_curve/10.1021_acsami.1c07610__Fig5__A__stability_performance_curve__control__Series_2.csv,x_time_h,10.1021/acsami.1c07610,Fig5_A,Series_2,excluded,"Too few unique time points (8) in [0,200]h window (data spans 99% of window)",50,,198.8323847363145,8,99.41619236815725,hours
x_time_h/10.1021_acsami.1c09742/Fig4_D_stability_performance_curve_pce/10.1021_acsami.1c09742__Fig4__D__stability_performance_curve_pce__Control_device__Series_2.csv,x_time_h,10.1021/acsami.1c09742,Fig4_D,Series_2,excluded,"Too few unique time points (8) in [0,200]h window (data spans 89% of window)",39,,177.64606340577356,8,88.82303170288678,hours
x_time_h/10.1021_acsami.2c14658/Fig4_A_stability_performance_curve_pce/10.1021_acsami.2c14658__Fig4__A__stability_performance_curve_pce__Ag_0.25cm²__Series_1.csv,x_time_h,10.1021/acsami.2c14658,Fig4_A,Series_1,excluded,"Too few unique time points (4) in [0,200]h window (data spans 97% of window)",66,,194.07169391892648,4,97.03584695946324,hours
x_time_h/10.1021_acsami.7b06681/Fig6_D_stability_performance_curve_pce/10.1021_acsami.7b06681__Fig6__D__stability_performance_curve_pce__Bphen__Series_2.csv,x_time_h,10.1021/acsami.7b06681,Fig6_D,Series_2,excluded,Curve max time 172.4h < 200.0h (curve too short),69,,173.09162226677373,69,86.54581113338686,hours
x_time_h/10.1021_acsami.8b08888/Fig3_B_stability_performance_curve_pce/10.1021_acsami.8b08888__Fig3__B__stability_performance_curve_pce__Li-TFSI_doped_Spiro-OMeTAD__Series_2.csv,x_time_h,10.1021/acsami.8b08888,Fig3_B,Series_2,excluded,"Too few unique time points (8) in [0,200]h window (data spans 90% of window)",47,,179.87374773937563,8,89.93687386968782,hours
x_time_h/10.1021_acsami.8b12675/Fig6_whole_stability/10.1021_acsami.8b12675__Fig6__whole__stability__pcBM__Series_1.csv,x_time_h,10.1021/acsami.8b12675,Fig6,Series_1,excluded,Curve max time 166.6h < 200.0h (curve too short),74,,166.97226733406313,74,83.48613366703157,hours
x_time_h/10.1021_acsami.9b00923/Fig9_A_stability_performance_curve_pce/10.1021_acsami.9b00923__Fig9__A__stability_performance_curve_pce__Au_MoO₃__Series_2.csv,x_time_h,10.1021/acsami.9b00923,Fig9_A,Series_2,excluded,"Too few unique time points (8) in [0,200]h window (data spans 94% of window)",32,,187.67903470793868,8,93.83951735396934,hours
x_time_h/10.1021_acsami.9b00923/Fig9_A_stability_performance_curve_pce/10.1021_acsami.9b00923__Fig9__A__stability_performance_curve_pce__Au__Series_1.csv,x_time_h,10.1021/acsami.9b00923,Fig9_A,Series_1,excluded,"Too few unique time points (9) in [0,200]h window (data spans 94% of window)",18,,187.67903470793868,9,93.83951735396934,hours
x_time_h/10.1021_acsami.9b00923/Fig9_A_stability_performance_curve_pce/10.1021_acsami.9b00923__Fig9__A__stability_performance_curve_pce__Partial_Stack__Series_3.csv,x_time_h,10.1021/acsami.9b00923,Fig9_A,Series_3,excluded,"Too few unique time points (9) in [0,200]h window (data spans 94% of window)",19,,187.67903470793857,9,93.83951735396928,hours
x_time_h/10.1021_acsami.9b06305/Fig8_D_stability_performance_curve_pce/10.1021_acsami.9b06305__Fig8__D__stability_performance_curve_pce__0%PA__Series_1.csv,x_time_h,10.1021/acsami.9b06305,Fig8_D,Series_1,excluded,"Too few unique time points (5) in [0,200]h window (data spans 82% of window)",51,,164.4866131739268,5,82.2433065869634,hours
x_time_h/10.1021_acsami.9b06933/Fig4_F_stability_performance_curve_pce/10.1021_acsami.9b06933__Fig4__F__stability_performance_curve_pce__o-spiro-OMeTAD__Series_2.csv,x_time_h,10.1021/acsami.9b06933,Fig4_F,Series_2,excluded,"Too few unique time points (8) in [0,200]h window (data spans 89% of window)",40,,178.692804488624,8,89.346402244312,hours
x_time_h/10.1021_acsami.9b11229/Fig5_B_stability_performance_curve/10.1021_acsami.9b11229__Fig5__B__stability_performance_curve__TiO₂__Series_2.csv,x_time_h,10.1021/acsami.9b11229,Fig5_B,Series_2,excluded,Curve max time 106.0h < 200.0h (curve too short),56,,106.39156355253022,56,53.19578177626511,hours
x_time_h/10.1021_acsami.9b11229/Fig5_C_stability_performance_curve/10.1021_acsami.9b11229__Fig5__C__stability_performance_curve__TiO₂__Series_2.csv,x_time_h,10.1021/acsami.9b11229,Fig5_C,Series_2,excluded,Curve max time 106.7h < 200.0h (curve too short),56,,106.34579989666707,56,53.17289994833354,hours
x_time_h/10.1021_acsami.9b11229/Fig5_D_stability_performance_curve/10.1021_acsami.9b11229__Fig5__D__stability_performance_curve__TiO₂__Series_1.csv,x_time_h,10.1021/acsami.9b11229,Fig5_D,Series_1,excluded,Curve max time 107.0h < 200.0h (curve too short),57,,108.32058195858639,57,54.160290979293194,hours
x_time_h/10.1021_acsami.9b16194/Fig4_C_stability_performance_curve/10.1021_acsami.9b16194__Fig4__C__stability_performance_curve__MAPbI_CuSCN__Series_2.csv,x_time_h,10.1021/acsami.9b16194,Fig4_C,Series_2,excluded,"Too few unique time points (8) in [0,200]h window (data spans 100% of window)",22,,199.10115159225288,8,99.55057579612644,hours
x_time_h/10.1021_acsami.9b22627/Fig9_C_mppt_stability_performance_curve/10.1021_acsami.9b22627__Fig9__C__mppt_stability_performance_curve__MAPbI_C1__Series_1.csv,x_time_h,10.1021/acsami.9b22627,Fig9_C,Series_1,excluded,Curve max time 197.2h < 200.0h (curve too short),60,,197.8743234589934,60,98.9371617294967,hours
x_time_h/10.1021_acsenergylett.0c00596/Fig4_A_stability_performance_curve_pce/10.1021_acsenergylett.0c00596__Fig4__A__stability_performance_curve_pce__o-Control_L-PSC__Series_2.csv,x_time_h,10.1021/acsenergylett.0c00596,Fig4_A,Series_2,excluded,"Too few unique time points (6) in [0,200]h window (data spans 84% of window)",44,,167.87271855609708,6,83.93635927804854,hours
x_time_h/10.1021_acsenergylett.0c00596/Fig4_C_mppt_stability_performance_curve_pce/10.1021_acsenergylett.0c00596__Fig4__C__mppt_stability_performance_curve_pce__Control_L-PSC__Series_1.csv,x_time_h,10.1021/acsenergylett.0c00596,Fig4_C,Series_1,excluded,Curve max time 147.8h < 200.0h (curve too short),34,,149.41031233566497,34,74.70515616783248,hours
x_time_h/10.1021_acsenergylett.1c00443/Fig3_I_stability_performance_curve/10.1021_acsenergylett.1c00443__Fig3__I__stability_performance_curve__SnO₂__Series_1.csv,x_time_h,10.1021/acsenergylett.1c00443,Fig3_I,Series_1,excluded,Curve max time 197.9h < 200.0h (curve too short),50,,199.4328712159951,50,99.71643560799755,hours
x_time_h/10.1021_acsenergylett.1c01446/Fig5_whole_stability_performance_curve_pce/10.1021_acsenergylett.1c01446__Fig5__whole__stability_performance_curve_pce__Control__Series_1.csv,x_time_h,10.1021/acsenergylett.1c01446,Fig5,Series_1,excluded,Curve max time 118.6h < 200.0h (curve too short),148,,116.8782089904972,148,58.43910449524859,hours
x_time_h/10.1021_acsenergylett.7b00375/Fig4_C_stability_performance_curve_eqe/10.1021_acsenergylett.7b00375__Fig4__C__stability_performance_curve_eqe__uncoated__Series_1.csv,x_time_h,10.1021/acsenergylett.7b00375,Fig4_C,Series_1,excluded,Curve max time 100.0h < 200.0h (curve too short),62,,101.54422507255424,62,50.77211253627713,hours
x_time_h/10.1021_acsenergylett.7b00508/Fig4_F_stability_performance_curve_pce/10.1021_acsenergylett.7b00508__Fig4__F__stability_performance_curve_pce__α-CsPbI3__Series_1.csv,x_time_h,10.1021/acsenergylett.7b00508,Fig4_F,Series_1,excluded,Curve max time 164.7h < 200.0h (curve too short),71,,165.44135164602932,71,82.72067582301466,hours
x_time_h/10.1021_acsenergylett.9b02716/Fig5_B_stability_performance_curve/10.1021_acsenergylett.9b02716__Fig5__B__stability_performance_curve__BTSTH__Series_2.csv,x_time_h,10.1021/acsenergylett.9b02716,Fig5_B,Series_2,excluded,"Too few unique time points (9) in [0,200]h window (data spans 92% of window)",67,,184.60602937514278,9,92.30301468757139,hours
x_time_h/10.1021_acsenergylett.9b02716/Fig5_B_stability_performance_curve/10.1021_acsenergylett.9b02716__Fig5__B__stability_performance_curve__BT__Series_3.csv,x_time_h,10.1021/acsenergylett.9b02716,Fig5_B,Series_3,excluded,"Too few unique time points (9) in [0,200]h window (data spans 92% of window)",40,,184.60602937514273,9,92.30301468757136,hours
x_time_h/10.1021_acsenergylett.9b02716/Fig5_B_stability_performance_curve/10.1021_acsenergylett.9b02716__Fig5__B__stability_performance_curve__Ref__Series_1.csv,x_time_h,10.1021/acsenergylett.9b02716,Fig5_B,Series_1,excluded,"Too few unique time points (9) in [0,200]h window (data spans 92% of window)",24,,184.60602937514278,9,92.30301468757139,hours
x_time_h/10.1021_acsnano.6b01904/Fig8_B_stability_performance_curve_pce_image/10.1021_acsnano.6b01904__Fig8__B__stability_performance_curve_pce_image__PEDOT_PSS__Series_1.csv,x_time_h,10.1021/acsnano.6b01904,Fig8_B,Series_1,excluded,Curve max time 198.5h < 200.0h (curve too short),78,,199.2087615334388,78,99.6043807667194,hours
x_time_h/10.1021_acssuschemeng.0c01794/Fig7_F_stability_performance_curve_pce_2/10.1021_acssuschemeng.0c01794__Fig7__F__stability_performance_curve_pce_2__sample-A__Series_1.csv,x_time_h,10.1021/acssuschemeng.0c01794,Fig7_F,Series_1,excluded,"Too few unique time points (9) in [0,200]h window (data spans 94% of window)",35,,187.21119817037018,9,93.60559908518509,hours
x_time_h/10.1021_acssuschemeng.7b01556/Fig8_A_stability_performance_curve_pce/10.1021_acssuschemeng.7b01556__Fig8__A__stability_performance_curve_pce__W_O_GPM__Series_1.csv,x_time_h,10.1021/acssuschemeng.7b01556,Fig8_A,Series_1,excluded,"Too few unique time points (9) in [0,200]h window (data spans 93% of window)",31,,186.32254028226583,9,93.16127014113292,hours
x_time_h/10.1021_jacs.0c12802/Fig5_D_stability_performance_curve_pce/10.1021_jacs.0c12802__Fig5__D__stability_performance_curve_pce__Control__Series_1.csv,x_time_h,10.1021/jacs.0c12802,Fig5_D,Series_1,excluded,"Too few unique time points (8) in [0,200]h window (data spans 97% of window)",37,,194.35464187029982,8,97.17732093514991,hours
x_time_h/10.1021_jacs.0c13069/Fig4_A_stability_performance_curve_pce/10.1021_jacs.0c13069__Fig4__A__stability_performance_curve_pce__CsSnl₃__Series_2.csv,x_time_h,10.1021/jacs.0c13069,Fig4_A,Series_2,excluded,"Too few unique time points (6) in [0,200]h window (data spans 86% of window)",43,,171.1541100515371,6,85.57705502576854,hours
x_time_h/10.1021_jacs.0c13069/Fig4_C_stability_performance_curve_pce/10.1021_jacs.0c13069__Fig4__C__stability_performance_curve_pce__CsSnI₃-MBAA__Series_1.csv,x_time_h,10.1021/jacs.0c13069,Fig4_C,Series_1,excluded,Curve max time 119.3h < 200.0h (curve too short),43,,120.17148618355945,43,60.08574309177973,hours
x_time_h/10.1021_jacs.0c13069/Fig4_C_stability_performance_curve_pce/10.1021_jacs.0c13069__Fig4__C__stability_performance_curve_pce__CsSnI₃__Series_2.csv,x_time_h,10.1021/jacs.0c13069,Fig4_C,Series_2,excluded,Curve max time 38.6h < 200.0h (curve too short),15,,40.05716206118648,15,20.02858103059324,hours
x_time_h/10.1021_jacs.1c02118/Fig5_D_stability_performance_curve/10.1021_jacs.1c02118__Fig5__D__stability_performance_curve__Ag-b1__Series_3.csv,x_time_h,10.1021/jacs.1c02118,Fig5_D,Series_3,excluded,"Too few unique time points (3) in [0,200]h window (data spans 86% of window)",43,,172.21439803453632,3,86.10719901726816,hours
x_time_h/10.1021_jacs.1c02118/Fig5_D_stability_performance_curve/10.1021_jacs.1c02118__Fig5__D__stability_performance_curve__Ag__Series_4.csv,x_time_h,10.1021/jacs.1c02118,Fig5_D,Series_4,excluded,"Too few unique time points (3) in [0,200]h window (data spans 86% of window)",47,,172.21439803453632,3,86.10719901726816,hours
x_time_h/10.1021_jacs.6b10227/Fig3_C_jv_curve_stability_performance_photovoltaic_parameter/10.1021_jacs.6b10227__Fig3__C__jv_curve_stability_performance_photovoltaic_parameter__MAPbI₃_carbon__Series_2.csv,x_time_h,10.1021/jacs.6b10227,Fig3_C,Series_2,excluded,"Too few unique time points (3) in [0,200]h window (data spans 75% of window)",10,,149.21899461679538,3,74.60949730839769,hours
x_time_h/10.1021_jacs.6b10227/Fig3_C_jv_curve_stability_performance_photovoltaic_parameter/10.1021_jacs.6b10227__Fig3__C__jv_curve_stability_performance_photovoltaic_parameter__MAPbI₃_spiro-MeOTAD__Series_3.csv,x_time_h,10.1021/jacs.6b10227,Fig3_C,Series_3,excluded,"Too few unique time points (3) in [0,200]h window (data spans 75% of window)",12,,149.21899461679538,3,74.60949730839769,hours
x_time_h/10.1021_jacs.6b10227/Fig3_D_stability_performance_curve_pce_photovoltaic_parameter/10.1021_jacs.6b10227__Fig3__D__stability_performance_curve_pce_photovoltaic_parameter__MAPbI₃_carbon__Series_1.csv,x_time_h,10.1021/jacs.6b10227,Fig3_D,Series_1,excluded,"Too few unique time points (4) in [0,200]h window (data spans 36% of window)",4,,72.09058388154872,4,36.04529194077436,hours
x_time_h/10.1021_jacs.7b07949/Fig4_B_stability_performance_curve_ff_pce/10.1021_jacs.7b07949__Fig4__B__stability_performance_curve_ff_pce__MAPbI3__Series_2.csv,x_time_h,10.1021/jacs.7b07949,Fig4_B,Series_2,excluded,Curve max time 138.7h < 200.0h (curve too short),22,,137.2772829010583,22,68.63864145052915,hours
x_time_h/10.1021_jacs.7b13229/Fig3_D_stability_performance_curve_pce_jsc/10.1021_jacs.7b13229__Fig3__D__stability_performance_curve_pce_jsc__Organic-inorganic_PSCs__Series_2.csv,x_time_h,10.1021/jacs.7b13229,Fig3_D,Series_2,excluded,Curve max time 194.0h < 200.0h (curve too short),16,,196.16047954598392,16,98.08023977299196,hours
x_time_h/10.1021_jacs.9b13418/Fig3_F_stability_performance_curve_pce/10.1021_jacs.9b13418__Fig3__F__stability_performance_curve_pce__Control__Series_1.csv,x_time_h,10.1021/jacs.9b13418,Fig3_F,Series_1,excluded,"Too few unique time points (9) in [0,200]h window (data spans 95% of window)",43,,190.02012992989867,9,95.01006496494934,hours
x_time_h/10.1038_ncomms10228/Fig5_A_stability_performance_curve_pce/10.1038_ncomms10228__Fig5__A__stability_performance_curve_pce__0_mg_ml⁻¹__Series_3.csv,x_time_h,10.1038/ncomms10228,Fig5_A,Series_3,excluded,"Too few unique time points (8) in [0,200]h window (data spans 26% of window)",8,,52.4368967150335,8,26.21844835751675,hours
x_time_h/10.1038_s41467-018-05454-4/Fig5_A_mppt_stability_performance_curve_pce/10.1038_s41467-018-05454-4__Fig5__A__mppt_stability_performance_curve_pce__Control__Series_1.csv,x_time_h,10.1038/s41467-018-05454-4,Fig5_A,Series_1,excluded,"Too few unique time points (8) in [0,200]h window (data spans 88% of window)",56,,175.9075743956982,8,87.9537871978491,hours
x_time_h/10.1038_s41467-018-05760-x/Fig6_A_jv_curve_stability_performance_pce/10.1038_s41467-018-05760-x__Fig6__A__jv_curve_stability_performance_pce__E-SnO2__Series_2.csv,x_time_h,10.1038/s41467-018-05760-x,Fig6_A,Series_2,excluded,"Too few unique time points (5) in [0,200]h window (data spans 84% of window)",68,,167.8793656186723,5,83.93968280933615,hours
x_time_h/10.1038_s41467-018-05760-x/Fig6_A_jv_curve_stability_performance_pce/10.1038_s41467-018-05760-x__Fig6__A__jv_curve_stability_performance_pce__SnO₂__Series_1.csv,x_time_h,10.1038/s41467-018-05760-x,Fig6_A,Series_1,excluded,"Too few unique time points (5) in [0,200]h window (data spans 84% of window)",69,,167.87936561867224,5,83.93968280933612,hours
x_time_h/10.1038_s41467-018-05760-x/Fig6_B_jv_curve_stability_performance_pce/10.1038_s41467-018-05760-x__Fig6__B__jv_curve_stability_performance_pce__E-SnO2__Series_2.csv,x_time_h,10.1038/s41467-018-05760-x,Fig6_B,Series_2,excluded,Curve max time 118.9h < 200.0h (curve too short),66,,118.09067889057164,66,59.04533944528582,hours
x_time_h/10.1038_s41467-018-05760-x/Fig6_B_jv_curve_stability_performance_pce/10.1038_s41467-018-05760-x__Fig6__B__jv_curve_stability_performance_pce__SnO2__Series_1.csv,x_time_h,10.1038/s41467-018-05760-x,Fig6_B,Series_1,excluded,Curve max time 120.1h < 200.0h (curve too short),67,,119.90745856581121,67,59.95372928290561,hours
x_time_h/10.1038_s41467-019-09167-0/Fig6_A_jv_curve_stability_performance_jsc/10.1038_s41467-019-09167-0__Fig6__A__jv_curve_stability_performance_jsc__MA_(w_o_Bi)__Series_2.csv,x_time_h,10.1038/s41467-019-09167-0,Fig6_A,Series_2,excluded,"Too few unique time points (4) in [0,200]h window (data spans 78% of window)",19,,156.66878128646385,4,78.33439064323193,hours
x_time_h/10.1038_s41560-019-0382-6/Fig5_C_mppt_stability_performance_curve/10.1038_s41560-019-0382-6__Fig5__C__mppt_stability_performance_curve__CsFAMA-F__Series_2.csv,x_time_h,10.1038/s41560-019-0382-6,Fig5_C,Series_2,excluded,"Too few unique time points (3) in [0,200]h window (data spans 98% of window)",60,,196.05945822600074,3,98.02972911300037,hours
x_time_h/10.1038_s41560-019-0382-6/Fig5_C_mppt_stability_performance_curve/10.1038_s41560-019-0382-6__Fig5__C__mppt_stability_performance_curve__CsFAMA__Series_1.csv,x_time_h,10.1038/s41560-019-0382-6,Fig5_C,Series_1,excluded,"Too few unique time points (3) in [0,200]h window (data spans 98% of window)",60,,196.05945822600074,3,98.02972911300037,hours
x_time_h/10.1038_s41560-020-00721-5/Fig4_E_mppt_stability_performance_curve_jsc/10.1038_s41560-020-00721-5__Fig4__E__mppt_stability_performance_curve_jsc__MQWs__Series_1.csv,x_time_h,10.1038/s41560-020-00721-5,Fig4_E,Series_1,excluded,"Too few unique time points (3) in [0,200]h window (data spans 94% of window)",50,,187.1341642851155,3,93.56708214255775,hours
x_time_h/10.1038_s41560-020-00721-5/Fig4_G_stability_performance_curve_pce_spectrum/10.1038_s41560-020-00721-5__Fig4__G__stability_performance_curve_pce_spectrum__MQWs__Series_1.csv,x_time_h,10.1038/s41560-020-00721-5,Fig4_G,Series_1,excluded,"Too few unique time points (9) in [0,200]h window (data spans 92% of window)",49,,183.9354908375025,9,91.96774541875125,hours
x_time_h/10.1038_s41560-021-00802-z/Fig5_C_jv_curve_stability_performance_pce/10.1038_s41560-021-00802-z__Fig5__C__jv_curve_stability_performance_pce__Series_1__Series_1.csv,x_time_h,10.1038/s41560-021-00802-z,Fig5_C,Series_1,excluded,"Too few unique time points (6) in [0,200]h window (data spans 93% of window)",54,,185.96961057166368,6,92.98480528583184,hours
x_time_h/10.1038_s41560-023-01205-y/Fig4_A_stability_performance_curve/10.1038_s41560-023-01205-y__Fig4__A__stability_performance_curve__(3D_CLP_2D)_spiro-OMeTAD__Series_1.csv,x_time_h,10.1038/s41560-023-01205-y,Fig4_A,Series_1,excluded,"Too few unique time points (6) in [0,200]h window (data spans 93% of window)",130,,185.6147537116667,6,92.80737685583335,hours
x_time_h/10.1038_s41560-023-01205-y/Fig4_B_stability_performance_curve/10.1038_s41560-023-01205-y__Fig4__B__stability_performance_curve__(3D_2D)_P3HT-spiro-OMeTAD__Series_1.csv,x_time_h,10.1038/s41560-023-01205-y,Fig4_B,Series_1,excluded,"Too few unique time points (6) in [0,200]h window (data spans 90% of window)",130,,180.89903140302863,6,90.44951570151431,hours
x_time_h/10.1038_s41560-023-01205-y/Fig4_B_stability_performance_curve/10.1038_s41560-023-01205-y__Fig4__B__stability_performance_curve__(3D_CLP_2D)_P3HT-spiro-OMeTAD__Series_2.csv,x_time_h,10.1038/s41560-023-01205-y,Fig4_B,Series_2,excluded,"Too few unique time points (6) in [0,200]h window (data spans 90% of window)",130,,180.8990314030287,6,90.44951570151434,hours
x_time_h/10.1038_s41560-023-01358-w/Fig4_F_stability_performance_curve_pce/10.1038_s41560-023-01358-w__Fig4__F__stability_performance_curve_pce__Control__Series_1.csv,x_time_h,10.1038/s41560-023-01358-w,Fig4_F,Series_1,excluded,"Too few unique time points (9) in [0,200]h window (data spans 91% of window)",65,,181.32924631224898,9,90.66462315612449,hours
x_time_h/10.1038_s41586-019-1036-3/Fig4_A_mppt_stability_performance_curve/10.1038_s41586-019-1036-3__Fig4__A__mppt_stability_performance_curve__Control__Series_2.csv,x_time_h,10.1038/s41586-019-1036-3,Fig4_A,Series_2,excluded,Curve max time 188.3h < 200.0h (curve too short),25,,187.6740419320842,25,93.8370209660421,hours
x_time_h/10.1038_s41598-017-00866-6/Fig1_A_stability_performance_curve_pce/10.1038_s41598-017-00866-6__Fig1__A__stability_performance_curve_pce__under_25°C_20-25%_RH__Series_1.csv,x_time_h,10.1038/s41598-017-00866-6,Fig1_A,Series_1,excluded,Curve max time 191.1h < 200.0h (curve too short),58,,193.00067833595313,58,96.50033916797656,hours
x_time_h/10.1038_s41598-017-00866-6/Fig1_B_xrd_pattern_stability_performance_curve/10.1038_s41598-017-00866-6__Fig1__B__xrd_pattern_stability_performance_curve__under_85°C_20-25%_RH__Series_1.csv,x_time_h,10.1038/s41598-017-00866-6,Fig1_B,Series_1,excluded,Curve max time 187.6h < 200.0h (curve too short),57,,189.2135556195114,57,94.6067778097557,hours
x_time_h/10.1038_s41598-020-79348-1/Fig4_A_stability_performance_curve_ff/10.1038_s41598-020-79348-1__Fig4__A__stability_performance_curve_ff__P__Series_3.csv,x_time_h,10.1038/s41598-020-79348-1,Fig4_A,Series_3,excluded,Curve max time 138.1h < 200.0h (curve too short),57,,138.3754895315012,57,69.1877447657506,hours
x_time_h/10.1039_C9SC01697J/Fig6_E_sem_image_stability_performance_curve_photovoltaic_parameter/10.1039_C9SC01697J__Fig6__E__sem_image_stability_performance_curve_photovoltaic_parameter__Doped_Spiro-OMeTAD__Series_1.csv,x_time_h,10.1039/C9SC01697J,Fig6_E,Series_1,excluded,Curve max time 164.3h < 200.0h (curve too short),57,,161.69805385051797,51,80.84902692525898,hours
x_time_h/10.1039_C9TA03131F/Fig5_D_stability_performance_curve_pce/10.1039_C9TA03131F__Fig5__D__stability_performance_curve_pce__With_QDs__Series_2.csv,x_time_h,10.1039/C9TA03131F,Fig5_D,Series_2,excluded,Curve max time 149.1h < 200.0h (curve too short),117,,147.8337791324238,117,73.9168895662119,hours
x_time_h/10.1039_C9TA03131F/Fig5_D_stability_performance_curve_pce/10.1039_C9TA03131F__Fig5__D__stability_performance_curve_pce__Without_QDs__Series_1.csv,x_time_h,10.1039/C9TA03131F,Fig5_D,Series_1,excluded,Curve max time 148.9h < 200.0h (curve too short),118,,149.10820826287576,118,74.55410413143788,hours
x_time_h/10.1039_D5EE03888J/Fig5_F_mppt_stability_performance_curve_pce/10.1039_D5EE03888J__Fig5__F__mppt_stability_performance_curve_pce__DMF_DMSO__Series_3.csv,x_time_h,10.1039/D5EE03888J,Fig5_F,Series_3,excluded,"Too few unique time points (9) in [0,200]h window (data spans 96% of window)",40,,192.64177857264667,9,96.32088928632334,hours
x_time_h/10.1039_D5EE03888J/Fig5_F_mppt_stability_performance_curve_pce/10.1039_D5EE03888J__Fig5__F__mppt_stability_performance_curve_pce__DMF_NMP__Series_2.csv,x_time_h,10.1039/D5EE03888J,Fig5_F,Series_2,excluded,"Too few unique time points (9) in [0,200]h window (data spans 96% of window)",41,,192.64177857264664,9,96.32088928632332,hours
x_time_h/10.1039_D5QM00763A/Fig11_C_stability_performance_curve_pce/10.1039_D5QM00763A__Fig11__C__stability_performance_curve_pce__o-Perovskite_Spiro-OMeTAD__Series_2.csv,x_time_h,10.1039/D5QM00763A,Fig11_C,Series_2,excluded,"Too few unique time points (8) in [0,200]h window (data spans 88% of window)",48,,175.5427473147318,8,87.7713736573659,hours
x_time_h/10.1039_D5SC08439C/Fig4_F_stability_performance_curve_pce/10.1039_D5SC08439C__Fig4__F__stability_performance_curve_pce__ITO__Series_3.csv,x_time_h,10.1039/D5SC08439C,Fig4_F,Series_3,excluded,"Too few unique time points (5) in [0,200]h window (data spans 94% of window)",23,,188.86482854664587,5,94.43241427332293,hours
x_time_h/10.1039_D5SC08439C/Fig4_F_stability_performance_curve_pce/10.1039_D5SC08439C__Fig4__F__stability_performance_curve_pce__Py__Series_1.csv,x_time_h,10.1039/D5SC08439C,Fig4_F,Series_1,excluded,"Too few unique time points (5) in [0,200]h window (data spans 94% of window)",39,,188.8648285466458,5,94.4324142733229,hours
x_time_h/10.1039_c5ee03255e/Fig6_D_stability_performance_curve/10.1039_c5ee03255e__Fig6__D__stability_performance_curve__FAPbI₃__Series_2.csv,x_time_h,10.1039/c5ee03255e,Fig6_D,Series_2,excluded,"Too few unique time points (3) in [0,200]h window (data spans 27% of window)",3,,54.610617702151046,3,27.305308851075523,hours
x_time_h/10.1039_c5ta09080f/Fig6_C_stability_performance_curve_pce_profile/10.1039_c5ta09080f__Fig6__C__stability_performance_curve_pce_profile__Operating_stability__Series_2.csv,x_time_h,10.1039/c5ta09080f,Fig6_C,Series_2,excluded,Curve max time 118.0h < 200.0h (curve too short),17,,120.94063469365652,17,60.47031734682826,hours
x_time_h/10.1039_c6ee00612d/Fig2_E_mppt_stability_performance_curve_eqe/10.1039_c6ee00612d__Fig2__E__mppt_stability_performance_curve_eqe__Ag_W_o_CIL__Series_2.csv,x_time_h,10.1039/c6ee00612d,Fig2_E,Series_2,excluded,Curve max time 192.9h < 200.0h (curve too short),23,,195.6301023446714,23,97.8150511723357,hours
x_time_h/10.1039_c6ta01715k/Fig7_A_stability_performance_curve/10.1039_c6ta01715k__Fig7__A__stability_performance_curve__I-CSCNT-50_without_PMMA__Series_2.csv,x_time_h,10.1039/c6ta01715k,Fig7_A,Series_2,excluded,"Too few unique time points (9) in [0,200]h window (data spans 98% of window)",64,,195.21839750140168,9,97.60919875070084,hours
x_time_h/10.1039_c6ta02851a/Fig7_A_stability_performance_curve_pce/10.1039_c6ta02851a__Fig7__A__stability_performance_curve_pce__Device_B__Series_1.csv,x_time_h,10.1039/c6ta02851a,Fig7_A,Series_1,excluded,"Too few unique time points (5) in [0,200]h window (data spans 80% of window)",75,,160.26102503168352,5,80.13051251584176,hours
x_time_h/10.1039_c6ta06152d/Fig5_A_stability_performance_curve_pce/10.1039_c6ta06152d__Fig5__A__stability_performance_curve_pce__CHNHPbICI_C-PCBSD__Series_1.csv,x_time_h,10.1039/c6ta06152d,Fig5_A,Series_1,excluded,Curve max time 176.0h < 200.0h (curve too short),40,,177.31725095579654,40,88.65862547789827,hours
x_time_h/10.1039_c6ta06152d/Fig5_A_stability_performance_curve_pce/10.1039_c6ta06152d__Fig5__A__stability_performance_curve_pce__CHNHPbICI__Series_2.csv,x_time_h,10.1039/c6ta06152d,Fig5_A,Series_2,excluded,Curve max time 176.4h < 200.0h (curve too short),40,,177.31725095579654,40,88.65862547789827,hours
x_time_h/10.1039_c7ee02272g/Fig2_E_sem_image_stability_performance_curve_pce_2/10.1039_c7ee02272g__Fig2__E__sem_image_stability_performance_curve_pce_2__P-MAPbl₃__Series_2.csv,x_time_h,10.1039/c7ee02272g,Fig2_E,Series_2,excluded,"Too few unique time points (7) in [0,200]h window (data spans 66% of window)",7,,132.87876690528975,7,66.43938345264488,hours
x_time_h/10.1039_c7nr01678f/Fig2_A_stability_performance_curve_pce_work_function/10.1039_c7nr01678f__Fig2__A__stability_performance_curve_pce_work_function__PC60BM_Rh__Series_3.csv,x_time_h,10.1039/c7nr01678f,Fig2_A,Series_3,excluded,"Too few unique time points (8) in [0,200]h window (data spans 95% of window)",37,,190.61637099877947,8,95.30818549938974,hours
x_time_h/10.1039_c7nr01678f/Fig2_A_stability_performance_curve_pce_work_function/10.1039_c7nr01678f__Fig2__A__stability_performance_curve_pce_work_function__PC60BM__Series_4.csv,x_time_h,10.1039/c7nr01678f,Fig2_A,Series_4,excluded,"Too few unique time points (8) in [0,200]h window (data spans 95% of window)",37,,190.61637099877947,8,95.30818549938974,hours
x_time_h/10.1039_c7nr01678f/Fig2_A_stability_performance_curve_pce_work_function/10.1039_c7nr01678f__Fig2__A__stability_performance_curve_pce_work_function__PC70BM_Rh__Series_1.csv,x_time_h,10.1039/c7nr01678f,Fig2_A,Series_1,excluded,"Too few unique time points (8) in [0,200]h window (data spans 95% of window)",37,,190.61637099877947,8,95.30818549938974,hours
x_time_h/10.1039_c7nr01678f/Fig2_A_stability_performance_curve_pce_work_function/10.1039_c7nr01678f__Fig2__A__stability_performance_curve_pce_work_function__PC70BM__Series_2.csv,x_time_h,10.1039/c7nr01678f,Fig2_A,Series_2,excluded,"Too few unique time points (8) in [0,200]h window (data spans 95% of window)",37,,190.61637099877953,8,95.30818549938977,hours
x_time_h/10.1039_c7ta04851c/Fig5_D_stability_performance_curve_pce/10.1039_c7ta04851c__Fig5__D__stability_performance_curve_pce__O-PC61BM__Series_1.csv,x_time_h,10.1039/c7ta04851c,Fig5_D,Series_1,excluded,Curve max time 197.3h < 200.0h (curve too short),48,,198.43682718905927,48,99.21841359452964,hours
x_time_h/10.1039_c7ta09716f/Fig7_B_stability_performance_curve_pce/10.1039_c7ta09716f__Fig7__B__stability_performance_curve_pce__PEDOT_PSS__Series_1.csv,x_time_h,10.1039/c7ta09716f,Fig7_B,Series_1,excluded,Curve max time 128.5h < 200.0h (curve too short),56,,129.94891957620203,56,64.97445978810102,hours
x_time_h/10.1039_c7tc00882a/Fig7_whole_stability/10.1039_c7tc00882a__Fig7__whole__stability__w_o__Series_1.csv,x_time_h,10.1039/c7tc00882a,Fig7,Series_1,excluded,Curve max time 192.3h < 200.0h (curve too short),53,,192.76361815282328,53,96.38180907641164,hours
x_time_h/10.1039_c8ra03559h/Fig4_D_stability_performance_curve/10.1039_c8ra03559h__Fig4__D__stability_performance_curve__TiO2__Series_2.csv,x_time_h,10.1039/c8ra03559h,Fig4_D,Series_2,excluded,"Too few unique time points (5) in [0,200]h window (data spans 92% of window)",32,,184.8425414748391,5,92.42127073741955,hours
x_time_h/10.1039_c8se00450a/Fig5_D_pce/10.1039_c8se00450a__Fig5__D__pce__CusCN_Carbon__Series_1.csv,x_time_h,10.1039/c8se00450a,Fig5_D,Series_1,excluded,"Too few unique time points (2) in [0,200]h window (data spans 72% of window)",32,,144.4683848046916,2,72.2341924023458,hours
x_time_h/10.1039_c8ta02121j/Fig6_C_stability_performance_curve_pce/10.1039_c8ta02121j__Fig6__C__stability_performance_curve_pce__Without_CH₃CONH₂__Series_1.csv,x_time_h,10.1039/c8ta02121j,Fig6_C,Series_1,excluded,Curve max time 196.9h < 200.0h (curve too short),61,,196.37493334999738,61,98.18746667499869,hours
x_time_h/10.1039_c8ta03953d/Fig6_C_stability_performance_curve_pce/10.1039_c8ta03953d__Fig6__C__stability_performance_curve_pce__Cl-0_%__Series_2.csv,x_time_h,10.1039/c8ta03953d,Fig6_C,Series_2,excluded,"Too few unique time points (9) in [0,200]h window (data spans 99% of window)",41,,198.55866484051103,9,99.27933242025551,hours
x_time_h/10.1039_c8ta05541f/Fig5_B_modeling_curve_stability_performance_pce/10.1039_c8ta05541f__Fig5__B__modeling_curve_stability_performance_pce__FA__Series_1.csv,x_time_h,10.1039/c8ta05541f,Fig5_B,Series_1,excluded,"Too few unique time points (7) in [0,200]h window (data spans 99% of window)",49,,198.72955184425865,7,99.36477592212933,hours
x_time_h/10.1039_c8ta06557h/Fig6_E_stability_performance_curve_pce/10.1039_c8ta06557h__Fig6__E__stability_performance_curve_pce__FAPbI₃__Series_2.csv,x_time_h,10.1039/c8ta06557h,Fig6_E,Series_2,excluded,Curve max time 191.4h < 200.0h (curve too short),31,,190.8906305444657,31,95.44531527223285,hours
x_time_h/10.1039_c8ta06557h/Fig6_F_stability_performance_curve_pce/10.1039_c8ta06557h__Fig6__F__stability_performance_curve_pce__FAPbI₃__Series_2.csv,x_time_h,10.1039/c8ta06557h,Fig6_F,Series_2,excluded,Curve max time 188.7h < 200.0h (curve too short),35,,189.4771820347753,35,94.73859101738765,hours
x_time_h/10.1039_c8ta11524a/Fig4_I_stability_performance_curve_pce/10.1039_c8ta11524a__Fig4__I__stability_performance_curve_pce__Control__Series_2.csv,x_time_h,10.1039/c8ta11524a,Fig4_I,Series_2,excluded,"Too few unique time points (6) in [0,200]h window (data spans 95% of window)",25,,190.11228800313074,6,95.05614400156537,hours
x_time_h/10.1039_c8ta11977e/Fig8_A_stability_performance_curve_pce/10.1039_c8ta11977e__Fig8__A__stability_performance_curve_pce__Control_device__Series_1.csv,x_time_h,10.1039/c8ta11977e,Fig8_A,Series_1,excluded,Curve max time 190.7h < 200.0h (curve too short),113,,190.66082366349173,113,95.33041183174586,hours
x_time_h/10.1039_c8ta12284a/Fig6_D_stability_performance_curve_pce/10.1039_c8ta12284a__Fig6__D__stability_performance_curve_pce__W_O_tBAI__Series_2.csv,x_time_h,10.1039/c8ta12284a,Fig6_D,Series_2,excluded,"Too few unique time points (9) in [0,200]h window (data spans 92% of window)",42,,183.87642451941588,9,91.93821225970794,hours
x_time_h/10.1039_c9ee02391g/Fig5_A_uv_vis_curve_stability_performance_pce/10.1039_c9ee02391g__Fig5__A__uv_vis_curve_stability_performance_pce__Au-based_PSC__Series_1.csv,x_time_h,10.1039/c9ee02391g,Fig5_A,Series_1,excluded,"Too few unique time points (9) in [0,200]h window (data spans 89% of window)",27,,178.65361643160202,9,89.32680821580101,hours
x_time_h/10.1039_c9ta05422g/Fig9_F_stability_performance_curve/10.1039_c9ta05422g__Fig9__F__stability_performance_curve__Ti02_SnO2__Series_2.csv,x_time_h,10.1039/c9ta05422g,Fig9_F,Series_2,excluded,Curve max time 194.0h < 200.0h (curve too short),43,,181.45097013061215,43,90.72548506530607,hours
x_time_h/10.1039_c9ta05422g/Fig9_F_stability_performance_curve/10.1039_c9ta05422g__Fig9__F__stability_performance_curve__Ti02__Series_1.csv,x_time_h,10.1039/c9ta05422g,Fig9_F,Series_1,excluded,Curve max time 195.3h < 200.0h (curve too short),46,,194.41175371137012,46,97.20587685568506,hours
x_time_h/10.1039_c9ta05744g/Fig6_B_mppt_stability_performance_curve/10.1039_c9ta05744g__Fig6__B__mppt_stability_performance_curve__W_OMWCNTs__Series_2.csv,x_time_h,10.1039/c9ta05744g,Fig6_B,Series_2,excluded,Curve max time 191.9h < 200.0h (curve too short),27,,195.34045268989416,27,97.67022634494708,hours
x_time_h/10.1039_c9ta05802h/Fig5_A_stability_performance_curve_jsc/10.1039_c9ta05802h__Fig5__A__stability_performance_curve_jsc__C-ZnO__Series_2.csv,x_time_h,10.1039/c9ta05802h,Fig5_A,Series_2,excluded,Curve max time 187.2h < 200.0h (curve too short),26,,190.24000196307347,26,95.12000098153673,hours
x_time_h/10.1039_c9ta08314f/Fig5_D_stability_performance_curve_pce/10.1039_c9ta08314f__Fig5__D__stability_performance_curve_pce__Pristine__Series_2.csv,x_time_h,10.1039/c9ta08314f,Fig5_D,Series_2,excluded,Curve max time 117.1h < 200.0h (curve too short),30,,93.22106818103117,30,46.610534090515586,hours
x_time_h/10.1039_c9ta09260a/Fig4_I_stability_performance_curve_pce/10.1039_c9ta09260a__Fig4__I__stability_performance_curve_pce__PCBM__Series_1.csv,x_time_h,10.1039/c9ta09260a,Fig4_I,Series_1,excluded,Curve max time 152.6h < 200.0h (curve too short),50,,152.35495763870205,50,76.17747881935102,hours
x_time_h/10.1039_c9ta11344d/Fig9_A_pce/10.1039_c9ta11344d__Fig9__A__pce__SnO₂__Series_2.csv,x_time_h,10.1039/c9ta11344d,Fig9_A,Series_2,excluded,"Too few unique time points (8) in [0,200]h window (data spans 93% of window)",56,,186.89326678987226,8,93.44663339493613,hours
x_time_h/10.1039_c9ta13922b/Fig4_H_stability_performance_curve_pce/10.1039_c9ta13922b__Fig4__H__stability_performance_curve_pce__w_ot-BCA__Series_2.csv,x_time_h,10.1039/c9ta13922b,Fig4_H,Series_2,excluded,Curve max time 175.4h < 200.0h (curve too short),40,,174.66357059893477,40,87.33178529946738,hours
x_time_h/10.1039_c9tc01741k/Fig7_B_stability_performance_curve_pce/10.1039_c9tc01741k__Fig7__B__stability_performance_curve_pce__PC₆₁BM__Series_1.csv,x_time_h,10.1039/c9tc01741k,Fig7_B,Series_1,excluded,Curve max time 147.2h < 200.0h (curve too short),74,,148.16966219466224,74,74.08483109733112,hours
x_time_h/10.1039_c9tc06578d/Fig5_B_stability_performance_curve_pce/10.1039_c9tc06578d__Fig5__B__stability_performance_curve_pce__Control__Series_1.csv,x_time_h,10.1039/c9tc06578d,Fig5_B,Series_1,excluded,Curve max time 197.7h < 200.0h (curve too short),53,,197.30797376465006,52,98.65398688232503,hours
x_time_h/10.1039_d0ee01655a/Fig4_D_stability_performance_curve_pce/10.1039_d0ee01655a__Fig4__D__stability_performance_curve_pce__YZ18__Series_3.csv,x_time_h,10.1039/d0ee01655a,Fig4_D,Series_3,excluded,"Too few unique time points (9) in [0,200]h window (data spans 92% of window)",52,,183.7276935032791,9,91.86384675163956,hours
x_time_h/10.1039_d0ra09225h/Fig5_C_stability_performance_curve_pce/10.1039_d0ra09225h__Fig5__C__stability_performance_curve_pce__Reference__Series_2.csv,x_time_h,10.1039/d0ra09225h,Fig5_C,Series_2,excluded,"Too few unique time points (4) in [0,200]h window (data spans 84% of window)",53,,167.9866803631063,4,83.99334018155315,hours
x_time_h/10.1039_d0sc06354a/Fig6_D_stability_performance_curve/10.1039_d0sc06354a__Fig6__D__stability_performance_curve__Control__Series_1.csv,x_time_h,10.1039/d0sc06354a,Fig6_D,Series_1,excluded,Curve max time 147.6h < 200.0h (curve too short),36,,146.7167305355133,36,73.35836526775665,hours
x_time_h/10.1039_d0se00528b/Fig6_A_stability_performance_curve_pce/10.1039_d0se00528b__Fig6__A__stability_performance_curve_pce__MPIB-Perovskitedevices__Series_2.csv,x_time_h,10.1039/d0se00528b,Fig6_A,Series_2,excluded,Curve max time 148.3h < 200.0h (curve too short),77,,147.9114398880696,77,73.9557199440348,hours
x_time_h/10.1039_d0se00528b/Fig6_A_stability_performance_curve_pce/10.1039_d0se00528b__Fig6__A__stability_performance_curve_pce__Perovskite_devices__Series_1.csv,x_time_h,10.1039/d0se00528b,Fig6_A,Series_1,excluded,Curve max time 147.7h < 200.0h (curve too short),77,,147.9114398880696,77,73.9557199440348,hours
x_time_h/10.1039_d0se01493a/Fig6_C_stability_performance_curve_pce_pattern/10.1039_d0se01493a__Fig6__C__stability_performance_curve_pce_pattern__Ref__Series_1.csv,x_time_h,10.1039/d0se01493a,Fig6_C,Series_1,excluded,"Too few unique time points (4) in [0,200]h window (data spans 82% of window)",55,,164.823587285891,4,82.4117936429455,hours
x_time_h/10.1039_d0ta00525h/Fig2_H_stability_performance_curve_voc/10.1039_d0ta00525h__Fig2__H__stability_performance_curve_voc__0%__Series_1.csv,x_time_h,10.1039/d0ta00525h,Fig2_H,Series_1,excluded,"Too few unique time points (5) in [0,200]h window (data spans 84% of window)",44,,168.31566867849733,5,84.15783433924867,hours
x_time_h/10.1039_d0ta01860k/Fig5_B_mppt_stability_performance_curve_pce/10.1039_d0ta01860k__Fig5__B__mppt_stability_performance_curve_pce__doped_Spiro__Series_2.csv,x_time_h,10.1039/d0ta01860k,Fig5_B,Series_2,excluded,Curve max time 74.1h < 200.0h (curve too short),16,,72.53492038634407,16,36.267460193172035,hours
x_time_h/10.1039_d0ta05676f/Fig7_C_stability_performance_curve_pattern/10.1039_d0ta05676f__Fig7__C__stability_performance_curve_pattern__W_O_FACI__Series_2.csv,x_time_h,10.1039/d0ta05676f,Fig7_C,Series_2,excluded,Curve max time 198.2h < 200.0h (curve too short),92,,197.98504696522178,92,98.99252348261089,hours
x_time_h/10.1039_d0ta06033j/Fig4_F_stability_performance_curve_pattern/10.1039_d0ta06033j__Fig4__F__stability_performance_curve_pattern__0%CTAC__Series_2.csv,x_time_h,10.1039/d0ta06033j,Fig4_F,Series_2,excluded,Curve max time 167.3h < 200.0h (curve too short),43,,168.97547104108733,43,84.48773552054367,hours
x_time_h/10.1039_d0ta09209f/Fig7_D_stability_performance_curve/10.1039_d0ta09209f__Fig7__D__stability_performance_curve__PNAI-20__Series_4.csv,x_time_h,10.1039/d0ta09209f,Fig7_D,Series_4,excluded,"Too few unique time points (9) in [0,200]h window (data spans 93% of window)",48,,185.5700504446624,9,92.7850252223312,hours
x_time_h/10.1039_d0ta10581c/Fig5_G_stability_performance_curve_pce_image/10.1039_d0ta10581c__Fig5__G__stability_performance_curve_pce_image__5.0mM_APP-PT__Series_2.csv,x_time_h,10.1039/d0ta10581c,Fig5_G,Series_2,excluded,"Too few unique time points (7) in [0,200]h window (data spans 87% of window)",62,,173.0486192180689,7,86.52430960903445,hours
x_time_h/10.1039_d0ta10581c/Fig5_G_stability_performance_curve_pce_image/10.1039_d0ta10581c__Fig5__G__stability_performance_curve_pce_image__Reference__Series_3.csv,x_time_h,10.1039/d0ta10581c,Fig5_G,Series_3,excluded,"Too few unique time points (7) in [0,200]h window (data spans 87% of window)",62,,173.04861921806884,7,86.52430960903442,hours
x_time_h/10.1039_d0ta11916d/Fig5_C_stability_performance_curve/10.1039_d0ta11916d__Fig5__C__stability_performance_curve__Raw_film__Series_2.csv,x_time_h,10.1039/d0ta11916d,Fig5_C,Series_2,excluded,Curve max time 198.2h < 200.0h (curve too short),79,,198.42411351994915,79,99.21205675997457,hours
x_time_h/10.1039_d0ta12286f/Fig5_A_stability_performance_curve_pce/10.1039_d0ta12286f__Fig5__A__stability_performance_curve_pce__FA₀.₈Cs₀.₂Pb(I₀.₆Br₀.₄)₃-based_tandem__Series_2.csv,x_time_h,10.1039/d0ta12286f,Fig5_A,Series_2,excluded,Curve max time 70.9h < 200.0h (curve too short),13,,72.21974878515398,13,36.10987439257699,hours
x_time_h/10.1039_d0ta12286f/Fig5_B_stability_performance_curve_pce/10.1039_d0ta12286f__Fig5__B__stability_performance_curve_pce__FA0.8Cs0.2Pb(1o.6Br0.4)3-based_tandem__Series_2.csv,x_time_h,10.1039/d0ta12286f,Fig5_B,Series_2,excluded,Curve max time 71.4h < 200.0h (curve too short),22,,72.48027912554527,22,36.24013956277263,hours
x_time_h/10.1039_d1ma00861g/Fig6_D_stability_performance_curve_pce/10.1039_d1ma00861g__Fig6__D__stability_performance_curve_pce__PSC-CuSCN__Series_3.csv,x_time_h,10.1039/d1ma00861g,Fig6_D,Series_3,excluded,"Too few unique time points (7) in [0,200]h window (data spans 88% of window)",53,,176.6717264771051,7,88.33586323855255,hours
x_time_h/10.1039_d1ma00861g/Fig6_D_stability_performance_curve_pce/10.1039_d1ma00861g__Fig6__D__stability_performance_curve_pce__PSC-HTMFree__Series_1.csv,x_time_h,10.1039/d1ma00861g,Fig6_D,Series_1,excluded,"Too few unique time points (7) in [0,200]h window (data spans 88% of window)",45,,176.6717264771051,7,88.33586323855255,hours
x_time_h/10.1039_d1ma00861g/Fig6_D_stability_performance_curve_pce/10.1039_d1ma00861g__Fig6__D__stability_performance_curve_pce__PSC-Spiro__Series_2.csv,x_time_h,10.1039/d1ma00861g,Fig6_D,Series_2,excluded,"Too few unique time points (7) in [0,200]h window (data spans 88% of window)",50,,176.6717264771051,7,88.33586323855255,hours
x_time_h/10.1039_d1na00172h/Fig6_B_stability_performance_curve_pce/10.1039_d1na00172h__Fig6__B__stability_performance_curve_pce__PSC-2__Series_2.csv,x_time_h,10.1039/d1na00172h,Fig6_B,Series_2,excluded,Curve max time 118.7h < 200.0h (curve too short),72,,118.66541377064856,72,59.332706885324285,hours
x_time_h/10.1039_d1na00172h/Fig6_B_stability_performance_curve_pce/10.1039_d1na00172h__Fig6__B__stability_performance_curve_pce__PSC-Ref__Series_1.csv,x_time_h,10.1039/d1na00172h,Fig6_B,Series_1,excluded,Curve max time 118.5h < 200.0h (curve too short),72,,118.66541377064857,72,59.332706885324285,hours
x_time_h/10.1039_d1na00173f/Fig5_F_mppt_stability_performance_curve_spectrum/10.1039_d1na00173f__Fig5__F__mppt_stability_performance_curve_spectrum__Pristine_biased_at_0.85_V__Series_2.csv,x_time_h,10.1039/d1na00173f,Fig5_F,Series_2,excluded,"Too few unique time points (7) in [0,200]h window (data spans 10% of window)",7,,19.36897370229915,7,9.684486851149575,hours
x_time_h/10.1039_d1na00173f/Fig5_F_mppt_stability_performance_curve_spectrum/10.1039_d1na00173f__Fig5__F__mppt_stability_performance_curve_spectrum__ZIF-8@FAI_biased_at_0.85_V__Series_1.csv,x_time_h,10.1039/d1na00173f,Fig5_F,Series_1,excluded,Curve max time 148.8h < 200.0h (curve too short),47,,148.49546505096012,47,74.24773252548006,hours
x_time_h/10.1039_d1ta04922d/Fig6_B_stability_performance_curve/10.1039_d1ta04922d__Fig6__B__stability_performance_curve__w_o_[PNA]BF₄__Series_1.csv,x_time_h,10.1039/d1ta04922d,Fig6_B,Series_1,excluded,"Too few unique time points (9) in [0,200]h window (data spans 91% of window)",53,,181.13131982399278,9,90.56565991199639,hours
x_time_h/10.1039_d1ta05537b/Fig7_D_stability_performance_curve_pce/10.1039_d1ta05537b__Fig7__D__stability_performance_curve_pce__w_o_CsPbBr₃__Series_1.csv,x_time_h,10.1039/d1ta05537b,Fig7_D,Series_1,excluded,"Too few unique time points (7) in [0,200]h window (data spans 89% of window)",12,,178.37517916988426,7,89.18758958494213,hours
x_time_h/10.1039_d1ta05699a/Fig5_E_stability_performance_curve/10.1039_d1ta05699a__Fig5__E__stability_performance_curve__Control__Series_2.csv,x_time_h,10.1039/d1ta05699a,Fig5_E,Series_2,excluded,Curve max time 142.6h < 200.0h (curve too short),71,,143.90405787056085,71,71.95202893528042,hours
x_time_h/10.1039_d1ta05699a/Fig5_E_stability_performance_curve/10.1039_d1ta05699a__Fig5__E__stability_performance_curve__n-Babr__Series_4.csv,x_time_h,10.1039/d1ta05699a,Fig5_E,Series_4,excluded,Curve max time 142.8h < 200.0h (curve too short),71,,143.90405787056085,71,71.95202893528042,hours
x_time_h/10.1039_d1ta05699a/Fig5_E_stability_performance_curve/10.1039_d1ta05699a__Fig5__E__stability_performance_curve__n-DAbr__Series_1.csv,x_time_h,10.1039/d1ta05699a,Fig5_E,Series_1,excluded,Curve max time 142.6h < 200.0h (curve too short),71,,143.90405787056085,71,71.95202893528042,hours
x_time_h/10.1039_d2ma00391k/Fig5_H_stability_performance_curve/10.1039_d2ma00391k__Fig5__H__stability_performance_curve__control__Series_3.csv,x_time_h,10.1039/d2ma00391k,Fig5_H,Series_3,excluded,"Too few unique time points (9) in [0,200]h window (data spans 93% of window)",44,,185.69017320436075,9,92.84508660218037,hours
x_time_h/10.1039_d3cc02709k/Fig4_D_stability/10.1039_d3cc02709k__Fig4__D__stability__Control__Series_2.csv,x_time_h,10.1039/d3cc02709k,Fig4_D,Series_2,excluded,"Too few unique time points (4) in [0,200]h window (data spans 79% of window)",39,,157.62172244854423,4,78.81086122427212,hours
x_time_h/10.1039_d3ee03687a/Fig5_B_stability_performance_curve_pce/10.1039_d3ee03687a__Fig5__B__stability_performance_curve_pce__AS__Series_1.csv,x_time_h,10.1039/d3ee03687a,Fig5_B,Series_1,excluded,Curve max time 99.0h < 200.0h (curve too short),11,,94.3291182719091,11,47.16455913595455,hours
x_time_h/10.1039_d3mh00219e/Fig3_E_stability_performance_curve_pce/10.1039_d3mh00219e__Fig3__E__stability_performance_curve_pce__(sc)BCB-C4PA_20%__Series_1.csv,x_time_h,10.1039/d3mh00219e,Fig3_E,Series_1,excluded,"Too few unique time points (7) in [0,200]h window (data spans 95% of window)",87,,190.94965388272277,7,95.47482694136139,hours
x_time_h/10.1039_d3sc02845c/Fig6_A_stability_performance_curve_pce/10.1039_d3sc02845c__Fig6__A__stability_performance_curve_pce__TMDAP-EP-OMeDPA__Series_1.csv,x_time_h,10.1039/d3sc02845c,Fig6_A,Series_1,excluded,"Too few unique time points (7) in [0,200]h window (data spans 92% of window)",34,,183.59285136539006,7,91.79642568269503,hours
x_time_h/10.1039_d3sc02845c/Fig6_A_stability_performance_curve_pce/10.1039_d3sc02845c__Fig6__A__stability_performance_curve_pce__TMDAP-OMeDPA__Series_2.csv,x_time_h,10.1039/d3sc02845c,Fig6_A,Series_2,excluded,"Too few unique time points (7) in [0,200]h window (data spans 92% of window)",34,,183.59285136539006,7,91.79642568269503,hours
x_time_h/10.1039_d3ta01935g/Fig5_F_stability_performance_curve_pce/10.1039_d3ta01935g__Fig5__F__stability_performance_curve_pce__Pure_F-PEA__Series_3.csv,x_time_h,10.1039/d3ta01935g,Fig5_F,Series_3,excluded,Curve max time 147.5h < 200.0h (curve too short),48,,147.25161718018472,48,73.62580859009236,hours
x_time_h/10.1039_d3ta01935g/Fig5_F_stability_performance_curve_pce/10.1039_d3ta01935g__Fig5__F__stability_performance_curve_pce__Pure_iso-BA__Series_1.csv,x_time_h,10.1039/d3ta01935g,Fig5_F,Series_1,excluded,Curve max time 148.8h < 200.0h (curve too short),49,,150.384630311678,49,75.192315155839,hours
x_time_h/10.1039_d3ta01935g/Fig5_F_stability_performance_curve_pce/10.1039_d3ta01935g__Fig5__F__stability_performance_curve_pce__iso-BA_F-PEA__Series_2.csv,x_time_h,10.1039/d3ta01935g,Fig5_F,Series_2,excluded,Curve max time 148.5h < 200.0h (curve too short),48,,147.2516171801847,48,73.62580859009235,hours
x_time_h/10.1039_d3ta02892e/Fig5_F_stability_performance_curve_pce/10.1039_d3ta02892e__Fig5__F__stability_performance_curve_pce__S-CsSnl₃__Series_1.csv,x_time_h,10.1039/d3ta02892e,Fig5_F,Series_1,excluded,"Too few unique time points (7) in [0,200]h window (data spans 91% of window)",33,,182.0665243519327,7,91.03326217596636,hours
x_time_h/10.1039_d3ta07845k/Fig5_A_stability_performance_curve_pce/10.1039_d3ta07845k__Fig5__A__stability_performance_curve_pce__Control__Series_1.csv,x_time_h,10.1039/d3ta07845k,Fig5_A,Series_1,excluded,"Too few unique time points (8) in [0,200]h window (data spans 91% of window)",53,,181.7277448271115,8,90.86387241355575,hours
x_time_h/10.1039_d3ta07851e/Fig3_E_stability_performance_curve_pce/10.1039_d3ta07851e__Fig3__E__stability_performance_curve_pce__Spiro-OMeTAD__Series_2.csv,x_time_h,10.1039/d3ta07851e,Fig3_E,Series_2,excluded,Curve max time 148.3h < 200.0h (curve too short),53,,148.71283922923823,53,74.35641961461911,hours
x_time_h/10.1039_d3ya00065f/Fig7_F_stability_performance_curve_pce/10.1039_d3ya00065f__Fig7__F__stability_performance_curve_pce__Control__Series_3.csv,x_time_h,10.1039/d3ya00065f,Fig7_F,Series_3,excluded,"Too few unique time points (7) in [0,200]h window (data spans 94% of window)",32,,188.5308663057245,7,94.26543315286224,hours
x_time_h/10.1039_d4ee01960a/Fig5_C_stability_performance_curve/10.1039_d4ee01960a__Fig5__C__stability_performance_curve__0-4PACz__Series_1.csv,x_time_h,10.1039/d4ee01960a,Fig5_C,Series_1,excluded,"Too few unique time points (9) in [0,200]h window (data spans 95% of window)",50,,190.79213723297585,9,95.39606861648792,hours
x_time_h/10.1039_d4ee02427c/Fig3_E_mppt_stability_performance_curve_density_of_states/10.1039_d4ee02427c__Fig3__E__mppt_stability_performance_curve_density_of_states__Control__Series_2.csv,x_time_h,10.1039/d4ee02427c,Fig3_E,Series_2,excluded,"Too few unique time points (5) in [0,200]h window (data spans 90% of window)",27,,180.07339297525596,5,90.03669648762798,hours
x_time_h/10.1039_d4ee02427c/Fig3_M_mppt_stability_performance_curve_density_of_states/10.1039_d4ee02427c__Fig3__M__mppt_stability_performance_curve_density_of_states__Control__Series_2.csv,x_time_h,10.1039/d4ee02427c,Fig3_M,Series_2,excluded,Curve max time 109.3h < 200.0h (curve too short),19,,107.99758454137445,19,53.998792270687225,hours
x_time_h/10.1039_d4ee02427c/Fig4_H_mppt_stability_performance_curve_pce_eqe/10.1039_d4ee02427c__Fig4__H__mppt_stability_performance_curve_pce_eqe__Control__Series_2.csv,x_time_h,10.1039/d4ee02427c,Fig4_H,Series_2,excluded,Curve max time 60.9h < 200.0h (curve too short),12,,58.73672848734107,12,29.368364243670538,hours
x_time_h/10.1039_d4ee03001j/Fig5_F_mppt_stability_performance_curve_jsc/10.1039_d4ee03001j__Fig5__F__mppt_stability_performance_curve_jsc__Control__Series_2.csv,x_time_h,10.1039/d4ee03001j,Fig5_F,Series_2,excluded,Curve max time 137.9h < 200.0h (curve too short),50,,135.61094849803501,50,67.80547424901751,hours
x_time_h/10.1039_d4ee05699j/Fig4_I_stability_performance_curve_pce/10.1039_d4ee05699j__Fig4__I__stability_performance_curve_pce__Control-PSMs__Series_2.csv,x_time_h,10.1039/d4ee05699j,Fig4_I,Series_2,excluded,Curve max time 184.8h < 200.0h (curve too short),14,,183.51227626878344,14,91.75613813439172,hours
x_time_h/10.1039_d4ee06038e/Fig4_F_stability_performance_curve_pce/10.1039_d4ee06038e__Fig4__F__stability_performance_curve_pce__Control__Series_1.csv,x_time_h,10.1039/d4ee06038e,Fig4_F,Series_1,excluded,"Too few unique time points (9) in [0,200]h window (data spans 94% of window)",42,,188.5947526969943,9,94.29737634849715,hours
x_time_h/10.1039_d4ra08786k/Fig7_A_stability_performance_curve_pce/10.1039_d4ra08786k__Fig7__A__stability_performance_curve_pce__Untreated_Initial_PCE_=_16.67%__Series_1.csv,x_time_h,10.1039/d4ra08786k,Fig7_A,Series_1,excluded,"Too few unique time points (7) in [0,200]h window (data spans 97% of window)",64,,194.30611755164932,7,97.15305877582466,hours
x_time_h/10.1039_d4ra08786k/Fig7_B_stability_performance_curve_pce/10.1039_d4ra08786k__Fig7__B__stability_performance_curve_pce__Untreated_Initial_PCE_=_16.51%__Series_2.csv,x_time_h,10.1039/d4ra08786k,Fig7_B,Series_2,excluded,Curve max time 135.2h < 200.0h (curve too short),16,,132.4038058197716,16,66.2019029098858,hours
x_time_h/10.1039_d4su00641k/Fig1_whole_stability_performance_curve/10.1039_d4su00641k__Fig1__whole__stability_performance_curve__Mixed_perovskite__Series_1.csv,x_time_h,10.1039/d4su00641k,Fig1,Series_1,excluded,Curve max time 177.3h < 200.0h (curve too short),45,,178.60380749990546,45,89.30190374995273,hours
x_time_h/10.1039_d4su00641k/Fig1_whole_stability_performance_curve/10.1039_d4su00641k__Fig1__whole__stability_performance_curve__Pure_perovskite__Series_2.csv,x_time_h,10.1039/d4su00641k,Fig1,Series_2,excluded,Curve max time 176.1h < 200.0h (curve too short),46,,171.00364547863288,46,85.50182273931644,hours
x_time_h/10.1039_d4ta03516j/Fig6_E_stability_performance_curve/10.1039_d4ta03516j__Fig6__E__stability_performance_curve__Control__Series_2.csv,x_time_h,10.1039/d4ta03516j,Fig6_E,Series_2,excluded,"Too few unique time points (3) in [0,200]h window (data spans 88% of window)",56,,175.5109199423548,3,87.7554599711774,hours
x_time_h/10.1039_d4ta08040h/Fig4_A_mppt_stability_performance_curve_pce_image/10.1039_d4ta08040h__Fig4__A__mppt_stability_performance_curve_pce_image__ea__Series_1.csv,x_time_h,10.1039/d4ta08040h,Fig4_A,Series_1,excluded,"Too few unique time points (3) in [0,200]h window (data spans 94% of window)",37,,188.21909572295885,3,94.10954786147943,hours
x_time_h/10.1039_d4ta08040h/Fig4_C_mppt_stability_performance_curve_pce_image/10.1039_d4ta08040h__Fig4__C__mppt_stability_performance_curve_pce_image__eA__Series_2.csv,x_time_h,10.1039/d4ta08040h,Fig4_C,Series_2,excluded,"Too few unique time points (4) in [0,200]h window (data spans 78% of window)",40,,156.83253743436228,4,78.41626871718114,hours
x_time_h/10.1039_d5ee01110h/Fig1_E_stability_performance_curve/10.1039_d5ee01110h__Fig1__E__stability_performance_curve__Control__Series_2.csv,x_time_h,10.1039/d5ee01110h,Fig1_E,Series_2,excluded,Curve max time 134.0h < 200.0h (curve too short),21,,132.87769911939756,20,66.43884955969878,hours
x_time_h/10.1039_d5ee02619a/Fig5_C_stability_performance_curve/10.1039_d5ee02619a__Fig5__C__stability_performance_curve__Control__Series_1.csv,x_time_h,10.1039/d5ee02619a,Fig5_C,Series_1,excluded,"Too few unique time points (3) in [0,200]h window (data spans 79% of window)",25,,158.3858703758268,3,79.1929351879134,hours
x_time_h/10.1088_1361-6528_ab10f3/Fig4_B_stability_performance_curve_pce/10.1088_1361-6528_ab10f3__Fig4__B__stability_performance_curve_pce__3D_perovskite__Series_1.csv,x_time_h,10.1088/1361-6528_ab10f3,Fig4_B,Series_1,excluded,"Too few unique time points (5) in [0,200]h window (data spans 81% of window)",53,,161.4501283193357,5,80.72506415966785,hours
x_time_h/10.1088_1361-6528_ab10f3/Fig4_B_stability_performance_curve_pce/10.1088_1361-6528_ab10f3__Fig4__B__stability_performance_curve_pce__BAI_1_mg_mL__Series_2.csv,x_time_h,10.1088/1361-6528_ab10f3,Fig4_B,Series_2,excluded,"Too few unique time points (5) in [0,200]h window (data spans 81% of window)",53,,161.4501283193356,5,80.7250641596678,hours
x_time_h/10.1109_jphotov.2016.2642639/Fig7_A_stability_performance_curve/10.1109_jphotov.2016.2642639__Fig7__A__stability_performance_curve__P3HT790nmMPT+TEOS__Series_2.csv,x_time_h,10.1109/jphotov.2016.2642639,Fig7_A,Series_2,excluded,"Too few unique time points (7) in [0,200]h window (data spans 96% of window)",39,,191.8748745796393,7,95.93743728981966,hours
x_time_h/10.1109_jphotov.2016.2642639/Fig7_A_stability_performance_curve/10.1109_jphotov.2016.2642639__Fig7__A__stability_performance_curve__Spiro-MeOTADreference__Series_1.csv,x_time_h,10.1109/jphotov.2016.2642639,Fig7_A,Series_1,excluded,"Too few unique time points (7) in [0,200]h window (data spans 96% of window)",38,,191.8748745796393,7,95.93743728981966,hours
x_time_h/10.1109_jphotov.2020.2987390/Fig4_D_stability_performance_curve_pce/10.1109_jphotov.2020.2987390__Fig4__D__stability_performance_curve_pce__MoO₃__Series_2.csv,x_time_h,10.1109/jphotov.2020.2987390,Fig4_D,Series_2,excluded,Curve max time 166.3h < 200.0h (curve too short),31,,142.394080510677,31,71.1970402553385,hours
x_time_h/10.1126_sciadv.1700106/Fig2_F_stability_performance_curve_eqe/10.1126_sciadv.1700106__Fig2__F__stability_performance_curve_eqe__PVP__Series_2.csv,x_time_h,10.1126/sciadv.1700106,Fig2_F,Series_2,excluded,"Too few unique time points (4) in [0,200]h window (data spans 80% of window)",46,,160.81854185305212,4,80.40927092652606,hours
x_time_h/10.1126_sciadv.1700106/Fig2_F_stability_performance_curve_eqe/10.1126_sciadv.1700106__Fig2__F__stability_performance_curve_eqe__Ref__Series_1.csv,x_time_h,10.1126/sciadv.1700106,Fig2_F,Series_1,excluded,"Too few unique time points (4) in [0,200]h window (data spans 80% of window)",48,,160.81854185305212,4,80.40927092652606,hours
x_time_h/10.1126_sciadv.aav8925/Fig5_B_stability_performance_curve_pce/10.1126_sciadv.aav8925__Fig5__B__stability_performance_curve_pce__MAPbI3__Series_2.csv,x_time_h,10.1126/sciadv.aav8925,Fig5_B,Series_2,excluded,Curve max time 186.8h < 200.0h (curve too short),20,,188.92430571384364,20,94.46215285692182,hours
x_time_h/10.1126_sciadv.abd1580/Fig5_A_stability_performance_curve/10.1126_sciadv.abd1580__Fig5__A__stability_performance_curve__PSCs_with_Cu__Series_2.csv,x_time_h,10.1126/sciadv.abd1580,Fig5_A,Series_2,excluded,"Too few unique time points (5) in [0,200]h window (data spans 88% of window)",14,,176.58387055229508,5,88.29193527614754,hours
x_time_h/10.1126_sciadv.adl2063/Fig3_I_eis_plot_stability_performance_curve_voc/10.1126_sciadv.adl2063__Fig3__I__eis_plot_stability_performance_curve_voc__PEDOT_PSS__Series_2.csv,x_time_h,10.1126/sciadv.adl2063,Fig3_I,Series_2,excluded,"Too few unique time points (3) in [0,200]h window (data spans 75% of window)",25,,149.77292699534337,3,74.88646349767168,hours
x_time_h/10.1126_science.aam6620/Fig4_A_stability_performance_curve_pce_2/10.1126_science.aam6620__Fig4__A__stability_performance_curve_pce_2__TiO₂_PSC__Series_2.csv,x_time_h,10.1126/science.aam6620,Fig4_A,Series_2,excluded,Curve max time 118.3h < 200.0h (curve too short),69,,117.6331474168487,69,58.81657370842434,hours
x_time_h/10.1360_tb-2020-1409/Fig2_C_curve/10.1360_tb-2020-1409__Fig2__C__curve__SnF₂+N₂H₅Cl__Series_2.csv,x_time_h,10.1360/tb-2020-1409,Fig2_C,Series_2,excluded,"Too few unique time points (9) in [0,200]h window (data spans 94% of window)",43,,188.72780949283842,9,94.36390474641921,hours
x_time_h/10.1360_tb-2020-1409/Fig2_C_curve/10.1360_tb-2020-1409__Fig2__C__curve__SnF₂__Series_1.csv,x_time_h,10.1360/tb-2020-1409,Fig2_C,Series_1,excluded,"Too few unique time points (9) in [0,200]h window (data spans 94% of window)",38,,188.7278094928384,9,94.3639047464192,hours
x_time_h/10.3390_coatings11060627/Fig3_A_stability_performance_curve/10.3390_coatings11060627__Fig3__A__stability_performance_curve__PEDOT_PSS__Series_1.csv,x_time_h,10.3390/coatings11060627,Fig3_A,Series_1,excluded,Curve max time 107.3h < 200.0h (curve too short),80,,107.21116243725784,80,53.60558121862892,hours
x_time_h/10.3390_coatings13091528/Fig6_D_stability_performance_curve_pce/10.3390_coatings13091528__Fig6__D__stability_performance_curve_pce__Control__Series_1.csv,x_time_h,10.3390/coatings13091528,Fig6_D,Series_1,excluded,"Too few unique time points (9) in [0,200]h window (data spans 89% of window)",89,,177.91487891020415,9,88.95743945510208,hours
x_time_h/10.3390_coatings9110766/Fig8_D_stability_performance_curve_pce/10.3390_coatings9110766__Fig8__D__stability_performance_curve_pce__100%_toluene__Series_1.csv,x_time_h,10.3390/coatings9110766,Fig8_D,Series_1,excluded,Curve max time 189.8h < 200.0h (curve too short),47,,189.8336470484828,47,94.9168235242414,hours
x_time_h/10.3390_cryst12091194/Fig5_D_stability_performance_curve_pce/10.3390_cryst12091194__Fig5__D__stability_performance_curve_pce__0%_FAHCOO__Series_2.csv,x_time_h,10.3390/cryst12091194,Fig5_D,Series_2,excluded,Curve max time 197.5h < 200.0h (curve too short),51,,198.57463413808512,51,99.28731706904256,hours
x_time_h/10.3390_en17071629/Fig10_whole_stability/10.3390_en17071629__Fig10__whole__stability__PSCs_without_PVA__Series_2.csv,x_time_h,10.3390/en17071629,Fig10,Series_2,excluded,"Too few unique time points (8) in [0,200]h window (data spans 98% of window)",48,,195.6154631730496,8,97.8077315865248,hours
x_time_h/10.3390_ma13153289/Fig4_A_stability_performance_curve_pce/10.3390_ma13153289__Fig4__A__stability_performance_curve_pce__ref__Series_2.csv,x_time_h,10.3390/ma13153289,Fig4_A,Series_2,excluded,"Too few unique time points (9) in [0,200]h window (data spans 89% of window)",68,,178.66578963098567,9,89.33289481549284,hours
x_time_h/10.3390_molecules29122758/Fig5_A_stability_performance_curve/10.3390_molecules29122758__Fig5__A__stability_performance_curve__2-cation__Series_2.csv,x_time_h,10.3390/molecules29122758,Fig5_A,Series_2,excluded,"Too few unique time points (4) in [0,200]h window (data spans 92% of window)",59,,183.63425910251306,4,91.81712955125653,hours
x_time_h/10.3390_molecules29122758/Fig5_A_stability_performance_curve/10.3390_molecules29122758__Fig5__A__stability_performance_curve__3-cation__Series_1.csv,x_time_h,10.3390/molecules29122758,Fig5_A,Series_1,excluded,"Too few unique time points (4) in [0,200]h window (data spans 92% of window)",59,,183.63425910251306,4,91.81712955125653,hours
x_time_h/10.3390_molecules29122758/Fig5_A_stability_performance_curve/10.3390_molecules29122758__Fig5__A__stability_performance_curve__4-cation__Series_3.csv,x_time_h,10.3390/molecules29122758,Fig5_A,Series_3,excluded,"Too few unique time points (4) in [0,200]h window (data spans 92% of window)",59,,183.63425910251306,4,91.81712955125653,hours
x_time_h/10.3390_molecules29122758/Fig5_B_stability_performance_curve/10.3390_molecules29122758__Fig5__B__stability_performance_curve__2-cation__Series_1.csv,x_time_h,10.3390/molecules29122758,Fig5_B,Series_1,excluded,"Too few unique time points (5) in [0,200]h window (data spans 85% of window)",59,,170.73320300152943,5,85.36660150076472,hours
x_time_h/10.3390_molecules29122758/Fig5_B_stability_performance_curve/10.3390_molecules29122758__Fig5__B__stability_performance_curve__3-cation__Series_3.csv,x_time_h,10.3390/molecules29122758,Fig5_B,Series_3,excluded,"Too few unique time points (5) in [0,200]h window (data spans 85% of window)",59,,170.73320300152943,5,85.36660150076472,hours
x_time_h/10.3390_molecules29122758/Fig5_B_stability_performance_curve/10.3390_molecules29122758__Fig5__B__stability_performance_curve__4-cation__Series_2.csv,x_time_h,10.3390/molecules29122758,Fig5_B,Series_2,excluded,"Too few unique time points (5) in [0,200]h window (data spans 85% of window)",60,,170.73320300152955,5,85.36660150076477,hours
x_time_h/10.3390_nano15110798/Fig6_G_stability_performance_curve_pce/10.3390_nano15110798__Fig6__G__stability_performance_curve_pce__Control__Series_1.csv,x_time_h,10.3390/nano15110798,Fig6_G,Series_1,excluded,"Too few unique time points (6) in [0,200]h window (data spans 86% of window)",43,,171.43851996930545,6,85.71925998465272,hours
x_time_h/10.3390_nano15110798/Fig6_G_stability_performance_curve_pce/10.3390_nano15110798__Fig6__G__stability_performance_curve_pce__With_CMBACI__Series_2.csv,x_time_h,10.3390/nano15110798,Fig6_G,Series_2,excluded,"Too few unique time points (6) in [0,200]h window (data spans 86% of window)",43,,171.43851996930545,6,85.71925998465272,hours
x_time_h/10.7498_aps.73.20231678/Fig5_B_pce/10.7498_aps.73.20231678__Fig5__B__pce__Control__Series_1.csv,x_time_h,10.7498/aps.73.20231678,Fig5_B,Series_1,excluded,"Too few unique time points (7) in [0,200]h window (data spans 87% of window)",34,,174.61470404179312,7,87.30735202089656,hours
x_time_h/10.7498_aps.73.20231678/Fig5_B_pce/10.7498_aps.73.20231678__Fig5__B__pce__With_0.5_mg_mL__Series_2.csv,x_time_h,10.7498/aps.73.20231678,Fig5_B,Series_2,excluded,"Too few unique time points (7) in [0,200]h window (data spans 87% of window)",34,,174.61470404179312,7,87.30735202089656,hours
x_time_min/10.1021_acsenergylett.0c01207/Fig5_A_pce/10.1021_acsenergylett.0c01207__Fig5__A__pce__α-FA0.76MA0.15Cs0.09PbI3__Series_2.csv,x_time_min,10.1021/acsenergylett.0c01207,Fig5_A,Series_2,excluded,Curve max time 175.4h < 200.0h (curve too short),72,,174.7384229586129,71,87.36921147930644,minutes
x_time_min/10.1021_acsenergylett.0c01207/Fig5_A_pce/10.1021_acsenergylett.0c01207__Fig5__A__pce__α_δ-FA0.33MA0.33Cs0.33PbI3__Series_1.csv,x_time_min,10.1021/acsenergylett.0c01207,Fig5_A,Series_1,excluded,Curve max time 174.4h < 200.0h (curve too short),71,,174.7384229586129,71,87.36921147930644,minutes
"x_time_week_month_year/10.1016_j.solener.2020.08.034/Fig7_A_pce/10.1016_j.solener.2020.08.034__Fig7__A__pce__FTO_Cu_NiO_CH,NHPbI_PCBM_AgX__Series_3.csv",x_time_week_month_year,10.1016/j.solener.2020.08.034,Fig7_A,Series_3,excluded,"Too few unique time points (4) in [0,200]h window (data spans 92% of window)",49,,184.0535358291912,4,92.0267679145956,months
"x_time_week_month_year/10.1016_j.solener.2020.08.034/Fig7_A_pce/10.1016_j.solener.2020.08.034__Fig7__A__pce__FTO_PEDOT_PSS_CH,NHPbI_ZnO_Ag__Series_2.csv",x_time_week_month_year,10.1016/j.solener.2020.08.034,Fig7_A,Series_2,excluded,"Too few unique time points (4) in [0,200]h window (data spans 92% of window)",71,,184.0535358291912,4,92.0267679145956,months
x_time_week_month_year/10.1021_acsenergylett.7b00202/Fig10_E_stability_performance_curve_pce/10.1021_acsenergylett.7b00202__Fig10__E__stability_performance_curve_pce__MASnl3'3__Series_2.csv,x_time_week_month_year,10.1021/acsenergylett.7b00202,Fig10_E,Series_2,excluded,"Too few unique time points (3) in [0,200]h window (data spans 78% of window)",10,,155.70733838125022,3,77.85366919062511,months
x_time_week_month_year/10.1021_acsenergylett.7b00202/Fig10_E_stability_performance_curve_pce/10.1021_acsenergylett.7b00202__Fig10__E__stability_performance_curve_pce__Sn413$__Series_1.csv,x_time_week_month_year,10.1021/acsenergylett.7b00202,Fig10_E,Series_1,excluded,"Too few unique time points (3) in [0,200]h window (data spans 78% of window)",37,,155.70733838125022,3,77.85366919062511,months
