curve_id,sample_id,source_absolute_path,source_relative_path,doi,figure_folder,series_id,n_raw_points,n_unique_points_total,n_unique_points_0_200h,n_duplicate_points,duration_h,endpoint_bracket_time_h,endpoint_uses_point_after_200h,max_pce_0_200h,normalized_pce_0h,normalized_pce_200h,array_row,raw_cluster_id,som_node_x,som_node_y,node_label,bmu_distance,pce_norm_0h,pce_norm_10h,pce_norm_50h,pce_norm_100h,pce_norm_150h,pce_norm_200h,peak_time_h,ordered_class_id,suggested_shape_name,class_label,selected_database_absolute_path
x_time_day/10.1002_adfm.201705545/Fig11_B_stability_performance_curve/accepted/10.1002_adfm.201705545__Fig11__B__stability_performance_curve__PSC-0.1__Series_1.csv,10.1002/adfm.201705545|Fig11_B_stability_performance_curve|10.1002_adfm.201705545__Fig11__B__stability_performance_curve__PSC-0.1__Series_1,/Users/shunhao/Desktop/ML/lab/data_all/x_time_day/10.1002_adfm.201705545/Fig11_B_stability_performance_curve/accepted/10.1002_adfm.201705545__Fig11__B__stability_performance_curve__PSC-0.1__Series_1.csv,x_time_day/10.1002_adfm.201705545/Fig11_B_stability_performance_curve/accepted/10.1002_adfm.201705545__Fig11__B__stability_performance_curve__PSC-0.1__Series_1.csv,10.1002/adfm.201705545,Fig11_B_stability_performance_curve,Series_1,58,58,11,0,1060.6247099479856,204.68196156890951,True,0.9905418103999388,0.9058490391649788,0.9560177458712436,0,13,3,1,node_3_1,1.542625061185383,0.9058490391649789,0.9086490702500708,0.9241160018696905,0.9770123569056093,0.9910181344348932,0.9560177458712436,126.83333333333331,1,no_initial_change_stable,class_01,/Users/shunhao/Desktop/ML/lab/NEW/som_200h_reanalysis/02_selected_curve_database/main_high_quality_min10/x_time_day/10.1002_adfm.201705545/Fig11_B_stability_performance_curve/accepted/10.1002_adfm.201705545__Fig11__B__stability_performance_curve__PSC-0.1__Series_1.csv
x_time_day/10.1002_adfm.201705545/Fig11_B_stability_performance_curve/accepted/10.1002_adfm.201705545__Fig11__B__stability_performance_curve__PSC-0.25__Series_3.csv,10.1002/adfm.201705545|Fig11_B_stability_performance_curve|10.1002_adfm.201705545__Fig11__B__stability_performance_curve__PSC-0.25__Series_3,/Users/shunhao/Desktop/ML/lab/data_all/x_time_day/10.1002_adfm.201705545/Fig11_B_stability_performance_curve/accepted/10.1002_adfm.201705545__Fig11__B__stability_performance_curve__PSC-0.25__Series_3.csv,x_time_day/10.1002_adfm.201705545/Fig11_B_stability_performance_curve/accepted/10.1002_adfm.201705545__Fig11__B__stability_performance_curve__PSC-0.25__Series_3.csv,10.1002/adfm.201705545,Fig11_B_stability_performance_curve,Series_3,58,58,11,0,1060.6247099479856,204.68196156890951,True,1.00051222423094,0.8168695099720891,0.9969462631128664,1,13,3,1,node_3_1,3.7460446511926864,0.8168695099720891,0.8139177613182517,0.8215157211093269,0.9292942989480322,0.9925652379916274,0.9969462631128664,186.83333333333331,1,no_initial_change_stable,class_01,/Users/shunhao/Desktop/ML/lab/NEW/som_200h_reanalysis/02_selected_curve_database/main_high_quality_min10/x_time_day/10.1002_adfm.201705545/Fig11_B_stability_performance_curve/accepted/10.1002_adfm.201705545__Fig11__B__stability_performance_curve__PSC-0.25__Series_3.csv
x_time_day/10.1002_adfm.201705545/Fig11_B_stability_performance_curve/accepted/10.1002_adfm.201705545__Fig11__B__stability_performance_curve__PSC-0.5__Series_4.csv,10.1002/adfm.201705545|Fig11_B_stability_performance_curve|10.1002_adfm.201705545__Fig11__B__stability_performance_curve__PSC-0.5__Series_4,/Users/shunhao/Desktop/ML/lab/data_all/x_time_day/10.1002_adfm.201705545/Fig11_B_stability_performance_curve/accepted/10.1002_adfm.201705545__Fig11__B__stability_performance_curve__PSC-0.5__Series_4.csv,x_time_day/10.1002_adfm.201705545/Fig11_B_stability_performance_curve/accepted/10.1002_adfm.201705545__Fig11__B__stability_performance_curve__PSC-0.5__Series_4.csv,10.1002/adfm.201705545,Fig11_B_stability_performance_curve,Series_4,57,57,11,0,1042.0172588962664,204.68196156890951,True,1.0006898017547046,0.919870713992658,0.986526357252369,2,13,3,1,node_3_1,0.7388827761507291,0.9198707139926581,0.9353318841124549,0.986427214734946,0.9983082224437928,0.9997947576789608,0.986526357252369,117.83333333333331,1,no_initial_change_stable,class_01,/Users/shunhao/Desktop/ML/lab/NEW/som_200h_reanalysis/02_selected_curve_database/main_high_quality_min10/x_time_day/10.1002_adfm.201705545/Fig11_B_stability_performance_curve/accepted/10.1002_adfm.201705545__Fig11__B__stability_performance_curve__PSC-0.5__Series_4.csv
x_time_day/10.1002_adfm.201804128/Fig8_C_stability_performance_curve_decay/accepted/10.1002_adfm.201804128__Fig8__C__stability_performance_curve_decay__FF__Series_3.csv,10.1002/adfm.201804128|Fig8_C_stability_performance_curve_decay|10.1002_adfm.201804128__Fig8__C__stability_performance_curve_decay__FF__Series_3,/Users/shunhao/Desktop/ML/lab/data_all/x_time_day/10.1002_adfm.201804128/Fig8_C_stability_performance_curve_decay/accepted/10.1002_adfm.201804128__Fig8__C__stability_performance_curve_decay__FF__Series_3.csv,x_time_day/10.1002_adfm.201804128/Fig8_C_stability_performance_curve_decay/accepted/10.1002_adfm.201804128__Fig8__C__stability_performance_curve_decay__FF__Series_3.csv,10.1002/adfm.201804128,Fig8_C_stability_performance_curve_decay,Series_3,46,43,18,3,470.91911368604815,201.82247729402064,True,1.000499557576434,0.9967406651215076,0.9950000809096664,5,13,3,1,node_3_1,0.3767595060551712,0.9967406651215077,0.9889178109611675,0.9879444642923605,0.9984212837937338,0.9967406651215077,0.9950000809096665,56.166666666666664,1,no_initial_change_stable,class_01,/Users/shunhao/Desktop/ML/lab/NEW/som_200h_reanalysis/02_selected_curve_database/main_high_quality_min10/x_time_day/10.1002_adfm.201804128/Fig8_C_stability_performance_curve_decay/accepted/10.1002_adfm.201804128__Fig8__C__stability_performance_curve_decay__FF__Series_3.csv
x_time_day/10.1002_adfm.201900221/Fig5_D_stability_performance_curve_pce/accepted/10.1002_adfm.201900221__Fig5__D__stability_performance_curve_pce__F-PEAI__Series_2.csv,10.1002/adfm.201900221|Fig5_D_stability_performance_curve_pce|10.1002_adfm.201900221__Fig5__D__stability_performance_curve_pce__F-PEAI__Series_2,/Users/shunhao/Desktop/ML/lab/data_all/x_time_day/10.1002_adfm.201900221/Fig5_D_stability_performance_curve_pce/accepted/10.1002_adfm.201900221__Fig5__D__stability_performance_curve_pce__F-PEAI__Series_2.csv,x_time_day/10.1002_adfm.201900221/Fig5_D_stability_performance_curve_pce/accepted/10.1002_adfm.201900221__Fig5__D__stability_performance_curve_pce__F-PEAI__Series_2.csv,10.1002/adfm.201900221,Fig5_D_stability_performance_curve_pce,Series_2,59,59,13,0,939.2564445821132,210.52299619943923,True,1.0052715843146118,1.0,0.9802866777365368,14,13,3,1,node_3_1,0.24388081090348682,1.0,1.0,0.9999751104477456,0.9849650507765699,0.9793685526307492,0.9802866777365367,0.0,1,no_initial_change_stable,class_01,/Users/shunhao/Desktop/ML/lab/NEW/som_200h_reanalysis/02_selected_curve_database/main_high_quality_min10/x_time_day/10.1002_adfm.201900221/Fig5_D_stability_performance_curve_pce/accepted/10.1002_adfm.201900221__Fig5__D__stability_performance_curve_pce__F-PEAI__Series_2.csv
x_time_day/10.1002_adfm.202008052/Fig7_G_decay/accepted/10.1002_adfm.202008052__Fig7__G__decay__W_MoOx__Series_2.csv,10.1002/adfm.202008052|Fig7_G_decay|10.1002_adfm.202008052__Fig7__G__decay__W_MoOx__Series_2,/Users/shunhao/Desktop/ML/lab/data_all/x_time_day/10.1002_adfm.202008052/Fig7_G_decay/accepted/10.1002_adfm.202008052__Fig7__G__decay__W_MoOx__Series_2.csv,x_time_day/10.1002_adfm.202008052/Fig7_G_decay/accepted/10.1002_adfm.202008052__Fig7__G__decay__W_MoOx__Series_2.csv,10.1002/adfm.202008052,Fig7_G_decay,Series_2,53,53,16,0,676.785374048932,208.2416535535176,True,1.007825524227444,1.0,0.9717066153094012,19,13,3,1,node_3_1,0.2024425973229444,1.0,0.9976466308485826,0.9921193328631875,0.9840991195156059,0.9776858654427373,0.9717066153094013,0.0,1,no_initial_change_stable,class_01,/Users/shunhao/Desktop/ML/lab/NEW/som_200h_reanalysis/02_selected_curve_database/main_high_quality_min10/x_time_day/10.1002_adfm.202008052/Fig7_G_decay/accepted/10.1002_adfm.202008052__Fig7__G__decay__W_MoOx__Series_2.csv
x_time_day/10.1002_adma.201902902/Fig6_D_stability_performance_curve_pce/accepted/10.1002_adma.201902902__Fig6__D__stability_performance_curve_pce__1TSnO₂__Series_1.csv,10.1002/adma.201902902|Fig6_D_stability_performance_curve_pce|10.1002_adma.201902902__Fig6__D__stability_performance_curve_pce__1TSnO₂__Series_1,/Users/shunhao/Desktop/ML/lab/data_all/x_time_day/10.1002_adma.201902902/Fig6_D_stability_performance_curve_pce/accepted/10.1002_adma.201902902__Fig6__D__stability_performance_curve_pce__1TSnO₂__Series_1.csv,x_time_day/10.1002_adma.201902902/Fig6_D_stability_performance_curve_pce/accepted/10.1002_adma.201902902__Fig6__D__stability_performance_curve_pce__1TSnO₂__Series_1.csv,10.1002/adma.201902902,Fig6_D_stability_performance_curve_pce,Series_1,48,48,12,0,809.358275932653,206.644666195571,True,0.996758014034471,0.9989916269208376,0.9944166233792484,29,13,3,1,node_3_1,0.4020436125031822,0.9989916269208375,0.9998555613248737,0.9989916269208375,0.9980001086873226,0.9971239797057484,0.9944166233792485,15.5,1,no_initial_change_stable,class_01,/Users/shunhao/Desktop/ML/lab/NEW/som_200h_reanalysis/02_selected_curve_database/main_high_quality_min10/x_time_day/10.1002_adma.201902902/Fig6_D_stability_performance_curve_pce/accepted/10.1002_adma.201902902__Fig6__D__stability_performance_curve_pce__1TSnO₂__Series_1.csv
x_time_day/10.1002_adma.201907864/Fig1_F_stability_performance_curve_pce/accepted/10.1002_adma.201907864__Fig1__F__stability_performance_curve_pce__1%_H₂O__Series_3.csv,10.1002/adma.201907864|Fig1_F_stability_performance_curve_pce|10.1002_adma.201907864__Fig1__F__stability_performance_curve_pce__1%_H₂O__Series_3,/Users/shunhao/Desktop/ML/lab/data_all/x_time_day/10.1002_adma.201907864/Fig1_F_stability_performance_curve_pce/accepted/10.1002_adma.201907864__Fig1__F__stability_performance_curve_pce__1%_H₂O__Series_3.csv,x_time_day/10.1002_adma.201907864/Fig1_F_stability_performance_curve_pce/accepted/10.1002_adma.201907864__Fig1__F__stability_performance_curve_pce__1%_H₂O__Series_3.csv,10.1002/adma.201907864,Fig1_F_stability_performance_curve_pce,Series_3,53,53,12,0,945.318658965478,206.25134377428608,True,1.0005188959643323,1.0,0.9603240633399336,30,13,3,1,node_3_1,0.26596701031066455,1.0,0.9986756434423246,0.993378217211623,0.9867564344232461,0.9784330266291803,0.9603240633399337,0.0,1,no_initial_change_stable,class_01,/Users/shunhao/Desktop/ML/lab/NEW/som_200h_reanalysis/02_selected_curve_database/main_high_quality_min10/x_time_day/10.1002_adma.201907864/Fig1_F_stability_performance_curve_pce/accepted/10.1002_adma.201907864__Fig1__F__stability_performance_curve_pce__1%_H₂O__Series_3.csv
x_time_day/10.1002_aenm.201803766/Fig4_F_stability_performance_curve_pce/accepted/10.1002_aenm.201803766__Fig4__F__stability_performance_curve_pce__Control__Series_1.csv,10.1002/aenm.201803766|Fig4_F_stability_performance_curve_pce|10.1002_aenm.201803766__Fig4__F__stability_performance_curve_pce__Control__Series_1,/Users/shunhao/Desktop/ML/lab/data_all/x_time_day/10.1002_aenm.201803766/Fig4_F_stability_performance_curve_pce/accepted/10.1002_aenm.201803766__Fig4__F__stability_performance_curve_pce__Control__Series_1.csv,x_time_day/10.1002_aenm.201803766/Fig4_F_stability_performance_curve_pce/accepted/10.1002_aenm.201803766__Fig4__F__stability_performance_curve_pce__Control__Series_1.csv,10.1002/aenm.201803766,Fig4_F_stability_performance_curve_pce,Series_1,70,70,20,0,708.9388715173021,205.4895279760296,True,0.9964861350666582,0.9998045095236944,0.957684431651928,44,13,3,1,node_3_1,0.31834806675838984,0.9998045095236943,0.9998248417744456,0.9938439826188342,0.9858713306626752,0.9744703516506698,0.9576844316519281,5.166666666666666,1,no_initial_change_stable,class_01,/Users/shunhao/Desktop/ML/lab/NEW/som_200h_reanalysis/02_selected_curve_database/main_high_quality_min10/x_time_day/10.1002_aenm.201803766/Fig4_F_stability_performance_curve_pce/accepted/10.1002_aenm.201803766__Fig4__F__stability_performance_curve_pce__Control__Series_1.csv
x_time_day/10.1002_aenm.201803766/Fig4_F_stability_performance_curve_pce/accepted/10.1002_aenm.201803766__Fig4__F__stability_performance_curve_pce__SP1__Series_2.csv,10.1002/aenm.201803766|Fig4_F_stability_performance_curve_pce|10.1002_aenm.201803766__Fig4__F__stability_performance_curve_pce__SP1__Series_2,/Users/shunhao/Desktop/ML/lab/data_all/x_time_day/10.1002_aenm.201803766/Fig4_F_stability_performance_curve_pce/accepted/10.1002_aenm.201803766__Fig4__F__stability_performance_curve_pce__SP1__Series_2.csv,x_time_day/10.1002_aenm.201803766/Fig4_F_stability_performance_curve_pce/accepted/10.1002_aenm.201803766__Fig4__F__stability_performance_curve_pce__SP1__Series_2.csv,10.1002/aenm.201803766,Fig4_F_stability_performance_curve_pce,Series_2,70,70,20,0,708.938871517302,205.4895279760296,True,0.9963177984459446,0.9984091958747908,0.9668017802339278,45,13,3,1,node_3_1,0.19743858048134258,0.9984091958747907,0.9999855138753204,0.9953591419338431,0.9907715259784166,0.9825314564360366,0.9668017802339278,9.166666666666666,1,no_initial_change_stable,class_01,/Users/shunhao/Desktop/ML/lab/NEW/som_200h_reanalysis/02_selected_curve_database/main_high_quality_min10/x_time_day/10.1002_aenm.201803766/Fig4_F_stability_performance_curve_pce/accepted/10.1002_aenm.201803766__Fig4__F__stability_performance_curve_pce__SP1__Series_2.csv
x_time_day/10.1002_aenm.201803766/Fig4_F_stability_performance_curve_pce/accepted/10.1002_aenm.201803766__Fig4__F__stability_performance_curve_pce__SP3__Series_3.csv,10.1002/aenm.201803766|Fig4_F_stability_performance_curve_pce|10.1002_aenm.201803766__Fig4__F__stability_performance_curve_pce__SP3__Series_3,/Users/shunhao/Desktop/ML/lab/data_all/x_time_day/10.1002_aenm.201803766/Fig4_F_stability_performance_curve_pce/accepted/10.1002_aenm.201803766__Fig4__F__stability_performance_curve_pce__SP3__Series_3.csv,x_time_day/10.1002_aenm.201803766/Fig4_F_stability_performance_curve_pce/accepted/10.1002_aenm.201803766__Fig4__F__stability_performance_curve_pce__SP3__Series_3.csv,10.1002/aenm.201803766,Fig4_F_stability_performance_curve_pce,Series_3,71,71,20,0,719.2133479161037,205.4895279760296,True,0.9964860961095068,0.9982405734167348,0.9834364344328907,46,13,3,1,node_3_1,0.24814195406769793,0.9982405734167347,0.9997831002143946,0.998318984990532,0.9922902817805384,0.9911226570344668,0.9834364344328909,15.333333333333332,1,no_initial_change_stable,class_01,/Users/shunhao/Desktop/ML/lab/NEW/som_200h_reanalysis/02_selected_curve_database/main_high_quality_min10/x_time_day/10.1002_aenm.201803766/Fig4_F_stability_performance_curve_pce/accepted/10.1002_aenm.201803766__Fig4__F__stability_performance_curve_pce__SP3__Series_3.csv
x_time_day/10.1002_cssc.201702265/Fig3_A_pce/accepted/10.1002_cssc.201702265__Fig3__A__pce__MAPbI₃_+_10%_F1_0.5_mmol__Series_1.csv,10.1002/cssc.201702265|Fig3_A_pce|10.1002_cssc.201702265__Fig3__A__pce__MAPbI₃_+_10%_F1_0.5_mmol__Series_1,/Users/shunhao/Desktop/ML/lab/data_all/x_time_day/10.1002_cssc.201702265/Fig3_A_pce/accepted/10.1002_cssc.201702265__Fig3__A__pce__MAPbI₃_+_10%_F1_0.5_mmol__Series_1.csv,x_time_day/10.1002_cssc.201702265/Fig3_A_pce/accepted/10.1002_cssc.201702265__Fig3__A__pce__MAPbI₃_+_10%_F1_0.5_mmol__Series_1.csv,10.1002/cssc.201702265,Fig3_A_pce,Series_1,51,51,33,0,307.54395519716564,202.97901043012936,True,1.0001121807680406,1.0,0.9784854941085618,62,13,3,1,node_3_1,0.155735258790652,1.0,0.9988842947677775,0.9940783454389357,0.9881566908778714,0.9832644215166627,0.9784854941085618,0.0,1,no_initial_change_stable,class_01,/Users/shunhao/Desktop/ML/lab/NEW/som_200h_reanalysis/02_selected_curve_database/main_high_quality_min10/x_time_day/10.1002_cssc.201702265/Fig3_A_pce/accepted/10.1002_cssc.201702265__Fig3__A__pce__MAPbI₃_+_10%_F1_0.5_mmol__Series_1.csv
x_time_day/10.1002_cssc.201903025/Fig7_A_stability_performance_curve_pce/accepted/10.1002_cssc.201903025__Fig7__A__stability_performance_curve_pce__NiO_NWs_DEA__Series_3.csv,10.1002/cssc.201903025|Fig7_A_stability_performance_curve_pce|10.1002_cssc.201903025__Fig7__A__stability_performance_curve_pce__NiO_NWs_DEA__Series_3,/Users/shunhao/Desktop/ML/lab/data_all/x_time_day/10.1002_cssc.201903025/Fig7_A_stability_performance_curve_pce/accepted/10.1002_cssc.201903025__Fig7__A__stability_performance_curve_pce__NiO_NWs_DEA__Series_3.csv,x_time_day/10.1002_cssc.201903025/Fig7_A_stability_performance_curve_pce/accepted/10.1002_cssc.201903025__Fig7__A__stability_performance_curve_pce__NiO_NWs_DEA__Series_3.csv,10.1002/cssc.201903025,Fig7_A_stability_performance_curve_pce,Series_3,63,63,18,0,703.7028593447061,204.30083013233403,True,1.0066469960283024,1.0,0.9894771699674272,72,13,3,1,node_3_1,0.2794950699543315,1.0,0.9981457643567709,0.9957908679869708,0.9955928561593609,0.9933333449971348,0.9894771699674271,0.0,1,no_initial_change_stable,class_01,/Users/shunhao/Desktop/ML/lab/NEW/som_200h_reanalysis/02_selected_curve_database/main_high_quality_min10/x_time_day/10.1002_cssc.201903025/Fig7_A_stability_performance_curve_pce/accepted/10.1002_cssc.201903025__Fig7__A__stability_performance_curve_pce__NiO_NWs_DEA__Series_3.csv
x_time_day/10.1002_cssc.201903025/Fig7_A_stability_performance_curve_pce/accepted/10.1002_cssc.201903025__Fig7__A__stability_performance_curve_pce__NiO_NWs__Series_2.csv,10.1002/cssc.201903025|Fig7_A_stability_performance_curve_pce|10.1002_cssc.201903025__Fig7__A__stability_performance_curve_pce__NiO_NWs__Series_2,/Users/shunhao/Desktop/ML/lab/data_all/x_time_day/10.1002_cssc.201903025/Fig7_A_stability_performance_curve_pce/accepted/10.1002_cssc.201903025__Fig7__A__stability_performance_curve_pce__NiO_NWs__Series_2.csv,x_time_day/10.1002_cssc.201903025/Fig7_A_stability_performance_curve_pce/accepted/10.1002_cssc.201903025__Fig7__A__stability_performance_curve_pce__NiO_NWs__Series_2.csv,10.1002/cssc.201903025,Fig7_A_stability_performance_curve_pce,Series_2,63,63,18,0,703.7028593447062,204.300830132334,True,1.0045284409799011,1.0,0.9651942476213676,73,13,3,1,node_3_1,0.31377574952838083,1.0,0.9982199085573267,0.9907092688268527,0.9810189590878967,0.9721278064805583,0.9651942476213676,0.0,1,no_initial_change_stable,class_01,/Users/shunhao/Desktop/ML/lab/NEW/som_200h_reanalysis/02_selected_curve_database/main_high_quality_min10/x_time_day/10.1002_cssc.201903025/Fig7_A_stability_performance_curve_pce/accepted/10.1002_cssc.201903025__Fig7__A__stability_performance_curve_pce__NiO_NWs__Series_2.csv
x_time_day/10.1002_ente.202200761/Fig5_F_stability_performance_curve/accepted/10.1002_ente.202200761__Fig5__F__stability_performance_curve__→—Brij_30__Series_2.csv,10.1002/ente.202200761|Fig5_F_stability_performance_curve|10.1002_ente.202200761__Fig5__F__stability_performance_curve__→—Brij_30__Series_2,/Users/shunhao/Desktop/ML/lab/data_all/x_time_day/10.1002_ente.202200761/Fig5_F_stability_performance_curve/accepted/10.1002_ente.202200761__Fig5__F__stability_performance_curve__→—Brij_30__Series_2.csv,x_time_day/10.1002_ente.202200761/Fig5_F_stability_performance_curve/accepted/10.1002_ente.202200761__Fig5__F__stability_performance_curve__→—Brij_30__Series_2.csv,10.1002/ente.202200761,Fig5_F_stability_performance_curve,Series_2,41,41,11,0,732.7708294241735,201.51197809164773,True,1.00386062541291,1.0,0.973565314779734,78,13,3,1,node_3_1,0.21175283395088776,1.0,0.996546143971912,0.988404473725418,0.9811359961134773,0.9775526598996485,0.9735653147797341,0.0,1,no_initial_change_stable,class_01,/Users/shunhao/Desktop/ML/lab/NEW/som_200h_reanalysis/02_selected_curve_database/main_high_quality_min10/x_time_day/10.1002_ente.202200761/Fig5_F_stability_performance_curve/accepted/10.1002_ente.202200761__Fig5__F__stability_performance_curve__→—Brij_30__Series_2.csv
x_time_day/10.1002_smtd.201900476/Fig5_C_stability_performance_curve_pce/accepted/10.1002_smtd.201900476__Fig5__C__stability_performance_curve_pce__SnO₂__Series_2.csv,10.1002/smtd.201900476|Fig5_C_stability_performance_curve_pce|10.1002_smtd.201900476__Fig5__C__stability_performance_curve_pce__SnO₂__Series_2,/Users/shunhao/Desktop/ML/lab/data_all/x_time_day/10.1002_smtd.201900476/Fig5_C_stability_performance_curve_pce/accepted/10.1002_smtd.201900476__Fig5__C__stability_performance_curve_pce__SnO₂__Series_2.csv,x_time_day/10.1002_smtd.201900476/Fig5_C_stability_performance_curve_pce/accepted/10.1002_smtd.201900476__Fig5__C__stability_performance_curve_pce__SnO₂__Series_2.csv,10.1002/smtd.201900476,Fig5_C_stability_performance_curve_pce,Series_2,50,50,14,0,713.8654173794569,203.961547822702,True,17.97547663231324,0.94152967968908,0.970041388193488,85,13,3,1,node_3_1,0.55684143595755,0.94152967968908,0.950298170472145,0.9794995485479454,0.9997669625049574,0.9892059890409514,0.970041388193488,94.66666666666666,1,no_initial_change_stable,class_01,/Users/shunhao/Desktop/ML/lab/NEW/som_200h_reanalysis/02_selected_curve_database/main_high_quality_min10/x_time_day/10.1002_smtd.201900476/Fig5_C_stability_performance_curve_pce/accepted/10.1002_smtd.201900476__Fig5__C__stability_performance_curve_pce__SnO₂__Series_2.csv
x_time_day/10.1002_solr.201700125/Fig6_A_stability_performance_curve_pce/accepted/10.1002_solr.201700125__Fig6__A__stability_performance_curve_pce__MDMC_PSCs_n=30__Series_2.csv,10.1002/solr.201700125|Fig6_A_stability_performance_curve_pce|10.1002_solr.201700125__Fig6__A__stability_performance_curve_pce__MDMC_PSCs_n=30__Series_2,/Users/shunhao/Desktop/ML/lab/data_all/x_time_day/10.1002_solr.201700125/Fig6_A_stability_performance_curve_pce/accepted/10.1002_solr.201700125__Fig6__A__stability_performance_curve_pce__MDMC_PSCs_n=30__Series_2.csv,x_time_day/10.1002_solr.201700125/Fig6_A_stability_performance_curve_pce/accepted/10.1002_solr.201700125__Fig6__A__stability_performance_curve_pce__MDMC_PSCs_n=30__Series_2.csv,10.1002/solr.201700125,Fig6_A_stability_performance_curve_pce,Series_2,75,74,23,1,658.6109791612499,207.50756877683216,True,18.216097122179004,1.0,0.9701721044732452,92,13,3,1,node_3_1,0.253079138120992,1.0,0.9958064333727396,0.986474637527308,0.9822336359933239,0.9752354716051613,0.9701721044732451,0.0,1,no_initial_change_stable,class_01,/Users/shunhao/Desktop/ML/lab/NEW/som_200h_reanalysis/02_selected_curve_database/main_high_quality_min10/x_time_day/10.1002_solr.201700125/Fig6_A_stability_performance_curve_pce/accepted/10.1002_solr.201700125__Fig6__A__stability_performance_curve_pce__MDMC_PSCs_n=30__Series_2.csv
x_time_day/10.1002_solr.201900249/Fig1_C_stability_performance_curve_pce/accepted/10.1002_solr.201900249__Fig1__C__stability_performance_curve_pce__o—pero-pristine__Series_1.csv,10.1002/solr.201900249|Fig1_C_stability_performance_curve_pce|10.1002_solr.201900249__Fig1__C__stability_performance_curve_pce__o—pero-pristine__Series_1,/Users/shunhao/Desktop/ML/lab/data_all/x_time_day/10.1002_solr.201900249/Fig1_C_stability_performance_curve_pce/accepted/10.1002_solr.201900249__Fig1__C__stability_performance_curve_pce__o—pero-pristine__Series_1.csv,x_time_day/10.1002_solr.201900249/Fig1_C_stability_performance_curve_pce/accepted/10.1002_solr.201900249__Fig1__C__stability_performance_curve_pce__o—pero-pristine__Series_1.csv,10.1002/solr.201900249,Fig1_C_stability_performance_curve_pce,Series_1,117,117,18,0,1294.0832685176356,200.80602442515033,True,1.001884754033027,0.996875985884622,0.9687882917281758,103,13,3,1,node_3_1,0.25075495780533064,0.9968759858846221,0.9967420073784066,0.9983973386267742,0.9969158390874412,0.9869654808935787,0.9687882917281758,34.666666666666664,1,no_initial_change_stable,class_01,/Users/shunhao/Desktop/ML/lab/NEW/som_200h_reanalysis/02_selected_curve_database/main_high_quality_min10/x_time_day/10.1002_solr.201900249/Fig1_C_stability_performance_curve_pce/accepted/10.1002_solr.201900249__Fig1__C__stability_performance_curve_pce__o—pero-pristine__Series_1.csv
x_time_day/10.1002_solr.202000536/Fig5_B_stability_performance_curve_pce/accepted/10.1002_solr.202000536__Fig5__B__stability_performance_curve_pce__PTAA__Series_1.csv,10.1002/solr.202000536|Fig5_B_stability_performance_curve_pce|10.1002_solr.202000536__Fig5__B__stability_performance_curve_pce__PTAA__Series_1,/Users/shunhao/Desktop/ML/lab/data_all/x_time_day/10.1002_solr.202000536/Fig5_B_stability_performance_curve_pce/accepted/10.1002_solr.202000536__Fig5__B__stability_performance_curve_pce__PTAA__Series_1.csv,x_time_day/10.1002_solr.202000536/Fig5_B_stability_performance_curve_pce/accepted/10.1002_solr.202000536__Fig5__B__stability_performance_curve_pce__PTAA__Series_1.csv,10.1002/solr.202000536,Fig5_B_stability_performance_curve_pce,Series_1,70,70,20,0,716.8014041086884,207.76852293005456,True,0.9925972148301002,0.9835046571101412,0.9704448704822553,109,13,3,1,node_3_1,0.17774883193812047,0.9835046571101411,0.9905559153798897,0.9966047997578132,0.9878317303591113,0.9790586609604093,0.9704448704822553,30.166666666666664,1,no_initial_change_stable,class_01,/Users/shunhao/Desktop/ML/lab/NEW/som_200h_reanalysis/02_selected_curve_database/main_high_quality_min10/x_time_day/10.1002_solr.202000536/Fig5_B_stability_performance_curve_pce/accepted/10.1002_solr.202000536__Fig5__B__stability_performance_curve_pce__PTAA__Series_1.csv
x_time_day/10.1002_solr.202000801/Fig5_A_stability_performance_curve/accepted/10.1002_solr.202000801__Fig5__A__stability_performance_curve__PMMA_Spiro__Series_1.csv,10.1002/solr.202000801|Fig5_A_stability_performance_curve|10.1002_solr.202000801__Fig5__A__stability_performance_curve__PMMA_Spiro__Series_1,/Users/shunhao/Desktop/ML/lab/data_all/x_time_day/10.1002_solr.202000801/Fig5_A_stability_performance_curve/accepted/10.1002_solr.202000801__Fig5__A__stability_performance_curve__PMMA_Spiro__Series_1.csv,x_time_day/10.1002_solr.202000801/Fig5_A_stability_performance_curve/accepted/10.1002_solr.202000801__Fig5__A__stability_performance_curve__PMMA_Spiro__Series_1.csv,10.1002/solr.202000801,Fig5_A_stability_performance_curve,Series_1,71,71,15,0,998.2683762040176,213.91465204371804,True,1.0038245169229774,1.0,0.9651106027262928,112,13,3,1,node_3_1,0.26806657464224065,1.0,0.9985649856390335,0.9919156010655363,0.9815577135866014,0.9766427560961473,0.9651106027262928,0.0,1,no_initial_change_stable,class_01,/Users/shunhao/Desktop/ML/lab/NEW/som_200h_reanalysis/02_selected_curve_database/main_high_quality_min10/x_time_day/10.1002_solr.202000801/Fig5_A_stability_performance_curve/accepted/10.1002_solr.202000801__Fig5__A__stability_performance_curve__PMMA_Spiro__Series_1.csv
x_time_day/10.1002_solr.202100344/Fig5_A_pce/accepted/10.1002_solr.202100344__Fig5__A__pce__Pristine__Series_2.csv,10.1002/solr.202100344|Fig5_A_pce|10.1002_solr.202100344__Fig5__A__pce__Pristine__Series_2,/Users/shunhao/Desktop/ML/lab/data_all/x_time_day/10.1002_solr.202100344/Fig5_A_pce/accepted/10.1002_solr.202100344__Fig5__A__pce__Pristine__Series_2.csv,x_time_day/10.1002_solr.202100344/Fig5_A_pce/accepted/10.1002_solr.202100344__Fig5__A__pce__Pristine__Series_2.csv,10.1002/solr.202100344,Fig5_A_pce,Series_2,58,58,13,0,902.2305651510272,205.77188328005883,True,1.0030241961105444,1.0,0.9618549424124192,116,13,3,1,node_3_1,0.33639887769068666,1.0,0.9985043519995054,0.9923615494796313,0.9821111723823089,0.971730116276785,0.9618549424124192,0.0,1,no_initial_change_stable,class_01,/Users/shunhao/Desktop/ML/lab/NEW/som_200h_reanalysis/02_selected_curve_database/main_high_quality_min10/x_time_day/10.1002_solr.202100344/Fig5_A_pce/accepted/10.1002_solr.202100344__Fig5__A__pce__Pristine__Series_2.csv
x_time_day/10.1002_solr.202100404/Fig7_A_pce/accepted/10.1002_solr.202100404__Fig7__A__pce__With_BMIMBF₄__Series_1.csv,10.1002/solr.202100404|Fig7_A_pce|10.1002_solr.202100404__Fig7__A__pce__With_BMIMBF₄__Series_1,/Users/shunhao/Desktop/ML/lab/data_all/x_time_day/10.1002_solr.202100404/Fig7_A_pce/accepted/10.1002_solr.202100404__Fig7__A__pce__With_BMIMBF₄__Series_1.csv,x_time_day/10.1002_solr.202100404/Fig7_A_pce/accepted/10.1002_solr.202100404__Fig7__A__pce__With_BMIMBF₄__Series_1.csv,10.1002/solr.202100404,Fig7_A_pce,Series_1,77,77,10,0,1615.9827583481713,212.62931030896988,True,1.0069129251313724,1.0,0.9654132311155306,118,13,3,1,node_3_1,0.25566598619684505,1.0,0.9981735736098601,0.9919700629170334,0.985619253935257,0.9745453630662299,0.9654132311155306,0.0,1,no_initial_change_stable,class_01,/Users/shunhao/Desktop/ML/lab/NEW/som_200h_reanalysis/02_selected_curve_database/main_high_quality_min10/x_time_day/10.1002_solr.202100404/Fig7_A_pce/accepted/10.1002_solr.202100404__Fig7__A__pce__With_BMIMBF₄__Series_1.csv
x_time_day/10.1002_solr.202300091/Fig4_F_stability_performance_curve_pce/accepted/10.1002_solr.202300091__Fig4__F__stability_performance_curve_pce__w_o__Series_1.csv,10.1002/solr.202300091|Fig4_F_stability_performance_curve_pce|10.1002_solr.202300091__Fig4__F__stability_performance_curve_pce__w_o__Series_1,/Users/shunhao/Desktop/ML/lab/data_all/x_time_day/10.1002_solr.202300091/Fig4_F_stability_performance_curve_pce/accepted/10.1002_solr.202300091__Fig4__F__stability_performance_curve_pce__w_o__Series_1.csv,x_time_day/10.1002_solr.202300091/Fig4_F_stability_performance_curve_pce/accepted/10.1002_solr.202300091__Fig4__F__stability_performance_curve_pce__w_o__Series_1.csv,10.1002/solr.202300091,Fig4_F_stability_performance_curve_pce,Series_1,51,51,10,0,1056.0973209530714,211.21946419061427,True,1.008624479691331,0.9946929368351746,0.9990158176763868,119,13,3,1,node_3_1,0.4517392138285944,0.9946929368351746,0.9957509680403748,0.9970569669168177,0.9997377574251365,1.0,0.9990158176763867,105.66666666666666,1,no_initial_change_stable,class_01,/Users/shunhao/Desktop/ML/lab/NEW/som_200h_reanalysis/02_selected_curve_database/main_high_quality_min10/x_time_day/10.1002_solr.202300091/Fig4_F_stability_performance_curve_pce/accepted/10.1002_solr.202300091__Fig4__F__stability_performance_curve_pce__w_o__Series_1.csv
x_time_day/10.1007_s13233-021-9020-9/Fig5_D_stability_performance_curve/accepted/10.1007_s13233-021-9020-9__Fig5__D__stability_performance_curve__Spiro-OMeTAD__Series_1.csv,10.1007/s13233-021-9020-9|Fig5_D_stability_performance_curve|10.1007_s13233-021-9020-9__Fig5__D__stability_performance_curve__Spiro-OMeTAD__Series_1,/Users/shunhao/Desktop/ML/lab/data_all/x_time_day/10.1007_s13233-021-9020-9/Fig5_D_stability_performance_curve/accepted/10.1007_s13233-021-9020-9__Fig5__D__stability_performance_curve__Spiro-OMeTAD__Series_1.csv,x_time_day/10.1007_s13233-021-9020-9/Fig5_D_stability_performance_curve/accepted/10.1007_s13233-021-9020-9__Fig5__D__stability_performance_curve__Spiro-OMeTAD__Series_1.csv,10.1007/s13233-021-9020-9,Fig5_D_stability_performance_curve,Series_1,66,66,19,0,707.8609322558482,206.9131955824787,True,1.0004744081130412,1.0,0.9854676408991192,126,13,3,1,node_3_1,0.20167900713402429,1.0,0.9983865055297866,0.9952730003789683,0.9912255322306758,0.988164107374907,0.9854676408991191,0.0,1,no_initial_change_stable,class_01,/Users/shunhao/Desktop/ML/lab/NEW/som_200h_reanalysis/02_selected_curve_database/main_high_quality_min10/x_time_day/10.1007_s13233-021-9020-9/Fig5_D_stability_performance_curve/accepted/10.1007_s13233-021-9020-9__Fig5__D__stability_performance_curve__Spiro-OMeTAD__Series_1.csv
x_time_day/10.1016_j.apsusc.2020.147949/Fig8_A_stability_performance_curve_pattern/accepted/10.1016_j.apsusc.2020.147949__Fig8__A__stability_performance_curve_pattern__Pristine__Series_1.csv,10.1016/j.apsusc.2020.147949|Fig8_A_stability_performance_curve_pattern|10.1016_j.apsusc.2020.147949__Fig8__A__stability_performance_curve_pattern__Pristine__Series_1,/Users/shunhao/Desktop/ML/lab/data_all/x_time_day/10.1016_j.apsusc.2020.147949/Fig8_A_stability_performance_curve_pattern/accepted/10.1016_j.apsusc.2020.147949__Fig8__A__stability_performance_curve_pattern__Pristine__Series_1.csv,x_time_day/10.1016_j.apsusc.2020.147949/Fig8_A_stability_performance_curve_pattern/accepted/10.1016_j.apsusc.2020.147949__Fig8__A__stability_performance_curve_pattern__Pristine__Series_1.csv,10.1016/j.apsusc.2020.147949,Fig8_A_stability_performance_curve_pattern,Series_1,81,81,24,0,675.5250866696948,202.65752600090843,True,14.275588004826432,0.962618432315944,0.990112694987764,134,13,3,1,node_3_1,0.5026211712954353,0.9626184323159439,0.9664608423510559,0.9730657757282576,0.9852103387186492,0.9973858582504692,0.990112694987764,164.66666666666666,1,no_initial_change_stable,class_01,/Users/shunhao/Desktop/ML/lab/NEW/som_200h_reanalysis/02_selected_curve_database/main_high_quality_min10/x_time_day/10.1016_j.apsusc.2020.147949/Fig8_A_stability_performance_curve_pattern/accepted/10.1016_j.apsusc.2020.147949__Fig8__A__stability_performance_curve_pattern__Pristine__Series_1.csv
x_time_day/10.1016_j.cej.2021.128727/Fig7_F_stability_performance_curve_pce/accepted/10.1016_j.cej.2021.128727__Fig7__F__stability_performance_curve_pce__w_Br-GO_HTM__Series_3.csv,10.1016/j.cej.2021.128727|Fig7_F_stability_performance_curve_pce|10.1016_j.cej.2021.128727__Fig7__F__stability_performance_curve_pce__w_Br-GO_HTM__Series_3,/Users/shunhao/Desktop/ML/lab/data_all/x_time_day/10.1016_j.cej.2021.128727/Fig7_F_stability_performance_curve_pce/accepted/10.1016_j.cej.2021.128727__Fig7__F__stability_performance_curve_pce__w_Br-GO_HTM__Series_3.csv,x_time_day/10.1016_j.cej.2021.128727/Fig7_F_stability_performance_curve_pce/accepted/10.1016_j.cej.2021.128727__Fig7__F__stability_performance_curve_pce__w_Br-GO_HTM__Series_3.csv,10.1016/j.cej.2021.128727,Fig7_F_stability_performance_curve_pce,Series_3,53,53,15,0,705.0491803828521,203.37957126428427,True,1.007939452195049,1.0,0.982963829777788,144,13,3,1,node_3_1,0.18314456612333466,1.0,0.9956709801060811,0.991534404636624,0.9951783275705,0.9808494851901923,0.982963829777788,0.0,1,no_initial_change_stable,class_01,/Users/shunhao/Desktop/ML/lab/NEW/som_200h_reanalysis/02_selected_curve_database/main_high_quality_min10/x_time_day/10.1016_j.cej.2021.128727/Fig7_F_stability_performance_curve_pce/accepted/10.1016_j.cej.2021.128727__Fig7__F__stability_performance_curve_pce__w_Br-GO_HTM__Series_3.csv
x_time_day/10.1016_j.cej.2021.128727/Fig7_F_stability_performance_curve_pce/accepted/10.1016_j.cej.2021.128727__Fig7__F__stability_performance_curve_pce__wloHTM__Series_2.csv,10.1016/j.cej.2021.128727|Fig7_F_stability_performance_curve_pce|10.1016_j.cej.2021.128727__Fig7__F__stability_performance_curve_pce__wloHTM__Series_2,/Users/shunhao/Desktop/ML/lab/data_all/x_time_day/10.1016_j.cej.2021.128727/Fig7_F_stability_performance_curve_pce/accepted/10.1016_j.cej.2021.128727__Fig7__F__stability_performance_curve_pce__wloHTM__Series_2.csv,x_time_day/10.1016_j.cej.2021.128727/Fig7_F_stability_performance_curve_pce/accepted/10.1016_j.cej.2021.128727__Fig7__F__stability_performance_curve_pce__wloHTM__Series_2.csv,10.1016/j.cej.2021.128727,Fig7_F_stability_performance_curve_pce,Series_2,53,53,15,0,705.0491803828522,203.37957126428427,True,1.0081450410407304,0.999796072154986,0.957112588120975,145,13,3,1,node_3_1,0.30849230100614394,0.9997960721549859,0.9997960721549859,0.9951490138532667,0.9829926052388549,0.980295206760504,0.957112588120975,22.666666666666664,1,no_initial_change_stable,class_01,/Users/shunhao/Desktop/ML/lab/NEW/som_200h_reanalysis/02_selected_curve_database/main_high_quality_min10/x_time_day/10.1016_j.cej.2021.128727/Fig7_F_stability_performance_curve_pce/accepted/10.1016_j.cej.2021.128727__Fig7__F__stability_performance_curve_pce__wloHTM__Series_2.csv
x_time_day/10.1016_j.cej.2021.129735/Fig3_D_stability_performance_curve_pce_eqe/accepted/10.1016_j.cej.2021.129735__Fig3__D__stability_performance_curve_pce_eqe__DTB(Na)__Series_2.csv,10.1016/j.cej.2021.129735|Fig3_D_stability_performance_curve_pce_eqe|10.1016_j.cej.2021.129735__Fig3__D__stability_performance_curve_pce_eqe__DTB(Na)__Series_2,/Users/shunhao/Desktop/ML/lab/data_all/x_time_day/10.1016_j.cej.2021.129735/Fig3_D_stability_performance_curve_pce_eqe/accepted/10.1016_j.cej.2021.129735__Fig3__D__stability_performance_curve_pce_eqe__DTB(Na)__Series_2.csv,x_time_day/10.1016_j.cej.2021.129735/Fig3_D_stability_performance_curve_pce_eqe/accepted/10.1016_j.cej.2021.129735__Fig3__D__stability_performance_curve_pce_eqe__DTB(Na)__Series_2.csv,10.1016/j.cej.2021.129735,Fig3_D_stability_performance_curve_pce_eqe,Series_2,52,52,15,0,712.7461704808719,209.6312266120212,True,1.0060421113653697,0.9971450703132714,0.9869941777917576,146,13,3,1,node_3_1,0.2253834729975376,0.9971450703132714,0.9992191844711134,0.9973720138441863,0.9891374815956672,0.9897801519616356,0.9869941777917577,21.0,1,no_initial_change_stable,class_01,/Users/shunhao/Desktop/ML/lab/NEW/som_200h_reanalysis/02_selected_curve_database/main_high_quality_min10/x_time_day/10.1016_j.cej.2021.129735/Fig3_D_stability_performance_curve_pce_eqe/accepted/10.1016_j.cej.2021.129735__Fig3__D__stability_performance_curve_pce_eqe__DTB(Na)__Series_2.csv
x_time_day/10.1016_j.electacta.2016.11.132/Fig6_A_stability_performance_curve_pce/accepted/10.1016_j.electacta.2016.11.132__Fig6__A__stability_performance_curve_pce__MA₀.₈FA₀.₂PbI₃_Perovskite_Device__Series_1.csv,10.1016/j.electacta.2016.11.132|Fig6_A_stability_performance_curve_pce|10.1016_j.electacta.2016.11.132__Fig6__A__stability_performance_curve_pce__MA₀.₈FA₀.₂PbI₃_Perovskite_Device__Series_1,/Users/shunhao/Desktop/ML/lab/data_all/x_time_day/10.1016_j.electacta.2016.11.132/Fig6_A_stability_performance_curve_pce/accepted/10.1016_j.electacta.2016.11.132__Fig6__A__stability_performance_curve_pce__MA₀.₈FA₀.₂PbI₃_Perovskite_Device__Series_1.csv,x_time_day/10.1016_j.electacta.2016.11.132/Fig6_A_stability_performance_curve_pce/accepted/10.1016_j.electacta.2016.11.132__Fig6__A__stability_performance_curve_pce__MA₀.₈FA₀.₂PbI₃_Perovskite_Device__Series_1.csv,10.1016/j.electacta.2016.11.132,Fig6_A_stability_performance_curve_pce,Series_1,67,67,27,0,505.7646817462478,206.90373344164684,True,1.1380532589564392,0.8852003749011165,0.9518342051071144,164,13,3,1,node_3_1,1.233998328686693,0.8852003749011165,0.8973292905030088,0.9654988500395207,0.9898890089381455,0.9810818547157515,0.9518342051071144,75.66666666666666,1,no_initial_change_stable,class_01,/Users/shunhao/Desktop/ML/lab/NEW/som_200h_reanalysis/02_selected_curve_database/main_high_quality_min10/x_time_day/10.1016_j.electacta.2016.11.132/Fig6_A_stability_performance_curve_pce/accepted/10.1016_j.electacta.2016.11.132__Fig6__A__stability_performance_curve_pce__MA₀.₈FA₀.₂PbI₃_Perovskite_Device__Series_1.csv
x_time_day/10.1016_j.electacta.2018.06.112/Fig7_A_pce/accepted/10.1016_j.electacta.2018.06.112__Fig7__A__pce__Pristine_PSCs__Series_2.csv,10.1016/j.electacta.2018.06.112|Fig7_A_pce|10.1016_j.electacta.2018.06.112__Fig7__A__pce__Pristine_PSCs__Series_2,/Users/shunhao/Desktop/ML/lab/data_all/x_time_day/10.1016_j.electacta.2018.06.112/Fig7_A_pce/accepted/10.1016_j.electacta.2018.06.112__Fig7__A__pce__Pristine_PSCs__Series_2.csv,x_time_day/10.1016_j.electacta.2018.06.112/Fig7_A_pce/accepted/10.1016_j.electacta.2018.06.112__Fig7__A__pce__Pristine_PSCs__Series_2.csv,10.1016/j.electacta.2018.06.112,Fig7_A_pce,Series_2,76,76,22,0,661.8399300439202,200.29366303960745,True,0.9952196742905248,0.9991169930190452,0.9812816920326796,169,13,3,1,node_3_1,0.33892811903972053,0.9991169930190453,0.9996655612049951,0.9998170984526271,0.9987231881502588,0.9940432566388033,0.9812816920326797,21.833333333333332,1,no_initial_change_stable,class_01,/Users/shunhao/Desktop/ML/lab/NEW/som_200h_reanalysis/02_selected_curve_database/main_high_quality_min10/x_time_day/10.1016_j.electacta.2018.06.112/Fig7_A_pce/accepted/10.1016_j.electacta.2018.06.112__Fig7__A__pce__Pristine_PSCs__Series_2.csv
x_time_day/10.1016_j.electacta.2018.09.097/Fig8_A_stability_performance_curve_pce/accepted/10.1016_j.electacta.2018.09.097__Fig8__A__stability_performance_curve_pce__ZnO_PSC__Series_1.csv,10.1016/j.electacta.2018.09.097|Fig8_A_stability_performance_curve_pce|10.1016_j.electacta.2018.09.097__Fig8__A__stability_performance_curve_pce__ZnO_PSC__Series_1,/Users/shunhao/Desktop/ML/lab/data_all/x_time_day/10.1016_j.electacta.2018.09.097/Fig8_A_stability_performance_curve_pce/accepted/10.1016_j.electacta.2018.09.097__Fig8__A__stability_performance_curve_pce__ZnO_PSC__Series_1.csv,x_time_day/10.1016_j.electacta.2018.09.097/Fig8_A_stability_performance_curve_pce/accepted/10.1016_j.electacta.2018.09.097__Fig8__A__stability_performance_curve_pce__ZnO_PSC__Series_1.csv,10.1016/j.electacta.2018.09.097,Fig8_A_stability_performance_curve_pce,Series_1,63,63,18,0,695.5582893861408,201.9362775637183,True,1.0106154050268994,0.996756549080114,0.9644564094017278,170,13,3,1,node_3_1,0.2672681145405589,0.9967565490801139,0.9981504802004506,0.9992751172782257,0.9907765452664811,0.978395720605096,0.9644564094017278,26.166666666666664,1,no_initial_change_stable,class_01,/Users/shunhao/Desktop/ML/lab/NEW/som_200h_reanalysis/02_selected_curve_database/main_high_quality_min10/x_time_day/10.1016_j.electacta.2018.09.097/Fig8_A_stability_performance_curve_pce/accepted/10.1016_j.electacta.2018.09.097__Fig8__A__stability_performance_curve_pce__ZnO_PSC__Series_1.csv
x_time_day/10.1016_j.electacta.2019.06.102/Fig6_A_stability_performance_curve_pce/accepted/10.1016_j.electacta.2019.06.102__Fig6__A__stability_performance_curve_pce__Tw_o_PVK__Series_1.csv,10.1016/j.electacta.2019.06.102|Fig6_A_stability_performance_curve_pce|10.1016_j.electacta.2019.06.102__Fig6__A__stability_performance_curve_pce__Tw_o_PVK__Series_1,/Users/shunhao/Desktop/ML/lab/data_all/x_time_day/10.1016_j.electacta.2019.06.102/Fig6_A_stability_performance_curve_pce/accepted/10.1016_j.electacta.2019.06.102__Fig6__A__stability_performance_curve_pce__Tw_o_PVK__Series_1.csv,x_time_day/10.1016_j.electacta.2019.06.102/Fig6_A_stability_performance_curve_pce/accepted/10.1016_j.electacta.2019.06.102__Fig6__A__stability_performance_curve_pce__Tw_o_PVK__Series_1.csv,10.1016/j.electacta.2019.06.102,Fig6_A_stability_performance_curve_pce,Series_1,67,67,12,0,1181.629706968632,214.84176490338768,True,0.9984086694342312,1.0,0.9610063338984084,172,13,3,1,node_3_1,0.3517532954183195,1.0,0.9993305505252594,0.9916218962777451,0.9814167088179662,0.9712115213581872,0.9610063338984083,0.0,1,no_initial_change_stable,class_01,/Users/shunhao/Desktop/ML/lab/NEW/som_200h_reanalysis/02_selected_curve_database/main_high_quality_min10/x_time_day/10.1016_j.electacta.2019.06.102/Fig6_A_stability_performance_curve_pce/accepted/10.1016_j.electacta.2019.06.102__Fig6__A__stability_performance_curve_pce__Tw_o_PVK__Series_1.csv
x_time_day/10.1016_j.jallcom.2020.153738/Fig8_whole_figure/accepted/10.1016_j.jallcom.2020.153738__Fig8__whole__figure__TiO₂__Series_1.csv,10.1016/j.jallcom.2020.153738|Fig8_whole_figure|10.1016_j.jallcom.2020.153738__Fig8__whole__figure__TiO₂__Series_1,/Users/shunhao/Desktop/ML/lab/data_all/x_time_day/10.1016_j.jallcom.2020.153738/Fig8_whole_figure/accepted/10.1016_j.jallcom.2020.153738__Fig8__whole__figure__TiO₂__Series_1.csv,x_time_day/10.1016_j.jallcom.2020.153738/Fig8_whole_figure/accepted/10.1016_j.jallcom.2020.153738__Fig8__whole__figure__TiO₂__Series_1.csv,10.1016/j.jallcom.2020.153738,Fig8_whole_figure,Series_1,95,95,61,0,311.46956391277826,202.12386594339867,True,11.456514696260982,0.999943553932356,0.9746446550806946,175,13,3,1,node_3_1,0.1952387275728234,0.9999435539323561,0.9999435539323561,0.9923637368202042,0.9914479208188711,0.9867004851317985,0.9746446550806946,22.166666666666664,1,no_initial_change_stable,class_01,/Users/shunhao/Desktop/ML/lab/NEW/som_200h_reanalysis/02_selected_curve_database/main_high_quality_min10/x_time_day/10.1016_j.jallcom.2020.153738/Fig8_whole_figure/accepted/10.1016_j.jallcom.2020.153738__Fig8__whole__figure__TiO₂__Series_1.csv
x_time_day/10.1016_j.jpowsour.2018.02.030/Fig6_A_stability_performance_curve_pce/accepted/10.1016_j.jpowsour.2018.02.030__Fig6__A__stability_performance_curve_pce__ZnO_Device__Series_2.csv,10.1016/j.jpowsour.2018.02.030|Fig6_A_stability_performance_curve_pce|10.1016_j.jpowsour.2018.02.030__Fig6__A__stability_performance_curve_pce__ZnO_Device__Series_2,/Users/shunhao/Desktop/ML/lab/data_all/x_time_day/10.1016_j.jpowsour.2018.02.030/Fig6_A_stability_performance_curve_pce/accepted/10.1016_j.jpowsour.2018.02.030__Fig6__A__stability_performance_curve_pce__ZnO_Device__Series_2.csv,x_time_day/10.1016_j.jpowsour.2018.02.030/Fig6_A_stability_performance_curve_pce/accepted/10.1016_j.jpowsour.2018.02.030__Fig6__A__stability_performance_curve_pce__ZnO_Device__Series_2.csv,10.1016/j.jpowsour.2018.02.030,Fig6_A_stability_performance_curve_pce,Series_2,63,63,18,0,713.0025717049994,207.00074662403205,True,1.0066410648690038,0.9980737596312844,0.9712048384043254,191,13,3,1,node_3_1,0.2807248478924841,0.9980737596312843,0.9980737596312843,0.9998671558372787,0.9986774215886708,0.9871576036436782,0.9712048384043254,88.16666666666666,1,no_initial_change_stable,class_01,/Users/shunhao/Desktop/ML/lab/NEW/som_200h_reanalysis/02_selected_curve_database/main_high_quality_min10/x_time_day/10.1016_j.jpowsour.2018.02.030/Fig6_A_stability_performance_curve_pce/accepted/10.1016_j.jpowsour.2018.02.030__Fig6__A__stability_performance_curve_pce__ZnO_Device__Series_2.csv
x_time_day/10.1016_j.nanoen.2016.08.048/Figunknown_whole_stability/accepted/10.1016_j.nanoen.2016.08.048__Figunknown__whole__stability__W_OPCBDAN__Series_2.csv,10.1016/j.nanoen.2016.08.048|Figunknown_whole_stability|10.1016_j.nanoen.2016.08.048__Figunknown__whole__stability__W_OPCBDAN__Series_2,/Users/shunhao/Desktop/ML/lab/data_all/x_time_day/10.1016_j.nanoen.2016.08.048/Figunknown_whole_stability/accepted/10.1016_j.nanoen.2016.08.048__Figunknown__whole__stability__W_OPCBDAN__Series_2.csv,x_time_day/10.1016_j.nanoen.2016.08.048/Figunknown_whole_stability/accepted/10.1016_j.nanoen.2016.08.048__Figunknown__whole__stability__W_OPCBDAN__Series_2.csv,10.1016/j.nanoen.2016.08.048,Figunknown_whole_stability,Series_2,58,58,16,0,720.7116826457761,202.30503372513013,True,1.0356315450228375,0.9668022247755496,0.966473453301098,220,13,3,1,node_3_1,0.29037862300872247,0.9668022247755496,0.9717831097488943,0.9872206645891625,0.9973528200461805,0.9870135531280456,0.9664734533010979,90.83333333333331,1,no_initial_change_stable,class_01,/Users/shunhao/Desktop/ML/lab/NEW/som_200h_reanalysis/02_selected_curve_database/main_high_quality_min10/x_time_day/10.1016_j.nanoen.2016.08.048/Figunknown_whole_stability/accepted/10.1016_j.nanoen.2016.08.048__Figunknown__whole__stability__W_OPCBDAN__Series_2.csv
x_time_day/10.1016_j.nanoen.2017.10.006/Fig8_whole_curve/accepted/10.1016_j.nanoen.2017.10.006__Fig8__whole__curve__GUTS-4-MAPbI3__Series_2.csv,10.1016/j.nanoen.2017.10.006|Fig8_whole_curve|10.1016_j.nanoen.2017.10.006__Fig8__whole__curve__GUTS-4-MAPbI3__Series_2,/Users/shunhao/Desktop/ML/lab/data_all/x_time_day/10.1016_j.nanoen.2017.10.006/Fig8_whole_curve/accepted/10.1016_j.nanoen.2017.10.006__Fig8__whole__curve__GUTS-4-MAPbI3__Series_2.csv,x_time_day/10.1016_j.nanoen.2017.10.006/Fig8_whole_curve/accepted/10.1016_j.nanoen.2017.10.006__Fig8__whole__curve__GUTS-4-MAPbI3__Series_2.csv,10.1016/j.nanoen.2017.10.006,Fig8_whole_curve,Series_2,90,90,13,0,1395.5422239430125,203.84324619392328,True,1.0188804414531618,0.9930831905932768,0.9723531314570626,223,13,3,1,node_3_1,0.24903869724507907,0.9930831905932769,0.9947388128882766,1.0,0.9970501905407736,0.9838167098197311,0.9723531314570626,31.5,1,no_initial_change_stable,class_01,/Users/shunhao/Desktop/ML/lab/NEW/som_200h_reanalysis/02_selected_curve_database/main_high_quality_min10/x_time_day/10.1016_j.nanoen.2017.10.006/Fig8_whole_curve/accepted/10.1016_j.nanoen.2017.10.006__Fig8__whole__curve__GUTS-4-MAPbI3__Series_2.csv
x_time_day/10.1016_j.nanoen.2017.10.006/Fig8_whole_curve/accepted/10.1016_j.nanoen.2017.10.006__Fig8__whole__curve__Ref-MAPbI3__Series_1.csv,10.1016/j.nanoen.2017.10.006|Fig8_whole_curve|10.1016_j.nanoen.2017.10.006__Fig8__whole__curve__Ref-MAPbI3__Series_1,/Users/shunhao/Desktop/ML/lab/data_all/x_time_day/10.1016_j.nanoen.2017.10.006/Fig8_whole_curve/accepted/10.1016_j.nanoen.2017.10.006__Fig8__whole__curve__Ref-MAPbI3__Series_1.csv,x_time_day/10.1016_j.nanoen.2017.10.006/Fig8_whole_curve/accepted/10.1016_j.nanoen.2017.10.006__Fig8__whole__curve__Ref-MAPbI3__Series_1.csv,10.1016/j.nanoen.2017.10.006,Fig8_whole_curve,Series_1,95,95,13,0,1473.9434724791367,203.8432461939232,True,1.013346914916068,0.9901605685831444,0.9922333145130826,224,13,3,1,node_3_1,0.3723739778524823,0.9901605685831445,0.9910476181861678,0.9932049006704509,0.9982084058020965,0.999183585102237,0.9922333145130826,135.83333333333331,1,no_initial_change_stable,class_01,/Users/shunhao/Desktop/ML/lab/NEW/som_200h_reanalysis/02_selected_curve_database/main_high_quality_min10/x_time_day/10.1016_j.nanoen.2017.10.006/Fig8_whole_curve/accepted/10.1016_j.nanoen.2017.10.006__Fig8__whole__curve__Ref-MAPbI3__Series_1.csv
x_time_day/10.1016_j.nanoen.2019.03.081/Fig6_C_stability_performance_curve_pce/accepted/10.1016_j.nanoen.2019.03.081__Fig6__C__stability_performance_curve_pce__o—W_o_MoO3__Series_1.csv,10.1016/j.nanoen.2019.03.081|Fig6_C_stability_performance_curve_pce|10.1016_j.nanoen.2019.03.081__Fig6__C__stability_performance_curve_pce__o—W_o_MoO3__Series_1,/Users/shunhao/Desktop/ML/lab/data_all/x_time_day/10.1016_j.nanoen.2019.03.081/Fig6_C_stability_performance_curve_pce/accepted/10.1016_j.nanoen.2019.03.081__Fig6__C__stability_performance_curve_pce__o—W_o_MoO3__Series_1.csv,x_time_day/10.1016_j.nanoen.2019.03.081/Fig6_C_stability_performance_curve_pce/accepted/10.1016_j.nanoen.2019.03.081__Fig6__C__stability_performance_curve_pce__o—W_o_MoO3__Series_1.csv,10.1016/j.nanoen.2019.03.081,Fig6_C_stability_performance_curve_pce,Series_1,72,72,11,0,1396.3320739563896,216.3331382185956,True,0.9961237590414352,1.0,0.9702301685685004,230,13,3,1,node_3_1,0.2911360732925207,1.0,0.998391763575947,0.9846247872507762,0.9788976470881385,0.9749639203719939,0.9702301685685004,0.0,1,no_initial_change_stable,class_01,/Users/shunhao/Desktop/ML/lab/NEW/som_200h_reanalysis/02_selected_curve_database/main_high_quality_min10/x_time_day/10.1016_j.nanoen.2019.03.081/Fig6_C_stability_performance_curve_pce/accepted/10.1016_j.nanoen.2019.03.081__Fig6__C__stability_performance_curve_pce__o—W_o_MoO3__Series_1.csv
x_time_day/10.1016_j.nanoen.2022.107138/Fig4_B_stability/accepted/10.1016_j.nanoen.2022.107138__Fig4__B__stability__SnO₂__Series_1.csv,10.1016/j.nanoen.2022.107138|Fig4_B_stability|10.1016_j.nanoen.2022.107138__Fig4__B__stability__SnO₂__Series_1,/Users/shunhao/Desktop/ML/lab/data_all/x_time_day/10.1016_j.nanoen.2022.107138/Fig4_B_stability/accepted/10.1016_j.nanoen.2022.107138__Fig4__B__stability__SnO₂__Series_1.csv,x_time_day/10.1016_j.nanoen.2022.107138/Fig4_B_stability/accepted/10.1016_j.nanoen.2022.107138__Fig4__B__stability__SnO₂__Series_1.csv,10.1016/j.nanoen.2022.107138,Fig4_B_stability,Series_1,60,60,17,0,702.1923918822852,202.326621389811,True,1.000542807093982,1.0,0.9712842348525212,236,13,3,1,node_3_1,0.37841634912951877,1.0,0.9984003324747601,0.9870695491242967,0.9742729859632062,0.9752254954401959,0.9712842348525211,0.0,1,no_initial_change_stable,class_01,/Users/shunhao/Desktop/ML/lab/NEW/som_200h_reanalysis/02_selected_curve_database/main_high_quality_min10/x_time_day/10.1016_j.nanoen.2022.107138/Fig4_B_stability/accepted/10.1016_j.nanoen.2022.107138__Fig4__B__stability__SnO₂__Series_1.csv
x_time_day/10.1016_j.orgel.2018.05.024/Fig9_D_pce/accepted/10.1016_j.orgel.2018.05.024__Fig9__D__pce__B186__Series_2.csv,10.1016/j.orgel.2018.05.024|Fig9_D_pce|10.1016_j.orgel.2018.05.024__Fig9__D__pce__B186__Series_2,/Users/shunhao/Desktop/ML/lab/data_all/x_time_day/10.1016_j.orgel.2018.05.024/Fig9_D_pce/accepted/10.1016_j.orgel.2018.05.024__Fig9__D__pce__B186__Series_2.csv,x_time_day/10.1016_j.orgel.2018.05.024/Fig9_D_pce/accepted/10.1016_j.orgel.2018.05.024__Fig9__D__pce__B186__Series_2.csv,10.1016/j.orgel.2018.05.024,Fig9_D_pce,Series_2,51,50,20,1,497.6890083098122,203.1383707386988,True,1.072739500123438,0.9369598506787096,0.9537749517694208,241,13,3,1,node_3_1,0.8487611906206607,0.9369598506787095,0.9409303383393081,0.9669685258475297,0.9894059688621875,0.9921440896072996,0.9537749517694208,142.66666666666666,1,no_initial_change_stable,class_01,/Users/shunhao/Desktop/ML/lab/NEW/som_200h_reanalysis/02_selected_curve_database/main_high_quality_min10/x_time_day/10.1016_j.orgel.2018.05.024/Fig9_D_pce/accepted/10.1016_j.orgel.2018.05.024__Fig9__D__pce__B186__Series_2.csv
x_time_day/10.1016_j.orgel.2020.105922/Fig8_F_stability_performance_curve/accepted/10.1016_j.orgel.2020.105922__Fig8__F__stability_performance_curve__4-CIBA-TiO2__Series_1.csv,10.1016/j.orgel.2020.105922|Fig8_F_stability_performance_curve|10.1016_j.orgel.2020.105922__Fig8__F__stability_performance_curve__4-CIBA-TiO2__Series_1,/Users/shunhao/Desktop/ML/lab/data_all/x_time_day/10.1016_j.orgel.2020.105922/Fig8_F_stability_performance_curve/accepted/10.1016_j.orgel.2020.105922__Fig8__F__stability_performance_curve__4-CIBA-TiO2__Series_1.csv,x_time_day/10.1016_j.orgel.2020.105922/Fig8_F_stability_performance_curve/accepted/10.1016_j.orgel.2020.105922__Fig8__F__stability_performance_curve__4-CIBA-TiO2__Series_1.csv,10.1016/j.orgel.2020.105922,Fig8_F_stability_performance_curve,Series_1,58,58,25,0,473.14433996148733,207.51944735152952,True,1.0059165355782702,1.0,0.9569798334281482,252,13,3,1,node_3_1,0.323196681421981,1.0,0.9952903855952923,0.9896782659795359,0.9808261250705247,0.9719915187327227,0.9569798334281482,0.0,1,no_initial_change_stable,class_01,/Users/shunhao/Desktop/ML/lab/NEW/som_200h_reanalysis/02_selected_curve_database/main_high_quality_min10/x_time_day/10.1016_j.orgel.2020.105922/Fig8_F_stability_performance_curve/accepted/10.1016_j.orgel.2020.105922__Fig8__F__stability_performance_curve__4-CIBA-TiO2__Series_1.csv
x_time_day/10.1016_j.solener.2017.05.089/Fig5_D_stability_performance_curve_ff/accepted/10.1016_j.solener.2017.05.089__Fig5__D__stability_performance_curve_ff__ZnPcNO2-OPh__Series_3.csv,10.1016/j.solener.2017.05.089|Fig5_D_stability_performance_curve_ff|10.1016_j.solener.2017.05.089__Fig5__D__stability_performance_curve_ff__ZnPcNO2-OPh__Series_3,/Users/shunhao/Desktop/ML/lab/data_all/x_time_day/10.1016_j.solener.2017.05.089/Fig5_D_stability_performance_curve_ff/accepted/10.1016_j.solener.2017.05.089__Fig5__D__stability_performance_curve_ff__ZnPcNO2-OPh__Series_3.csv,x_time_day/10.1016_j.solener.2017.05.089/Fig5_D_stability_performance_curve_ff/accepted/10.1016_j.solener.2017.05.089__Fig5__D__stability_performance_curve_ff__ZnPcNO2-OPh__Series_3.csv,10.1016/j.solener.2017.05.089,Fig5_D_stability_performance_curve_ff,Series_3,71,71,18,0,787.0924383969871,202.3951984449396,True,1.00938971482309,0.9942483172684654,0.9853158945343082,263,13,3,1,node_3_1,0.2608774701525404,0.9942483172684654,0.9950536048495138,0.9988328799121368,0.9962521589554457,0.9903183205413165,0.9853158945343082,74.33333333333333,1,no_initial_change_stable,class_01,/Users/shunhao/Desktop/ML/lab/NEW/som_200h_reanalysis/02_selected_curve_database/main_high_quality_min10/x_time_day/10.1016_j.solener.2017.05.089/Fig5_D_stability_performance_curve_ff/accepted/10.1016_j.solener.2017.05.089__Fig5__D__stability_performance_curve_ff__ZnPcNO2-OPh__Series_3.csv
x_time_day/10.1016_j.solener.2019.10.067/Fig5_D_stability_performance_curve/accepted/10.1016_j.solener.2019.10.067__Fig5__D__stability_performance_curve__ACN-spiro__Series_1.csv,10.1016/j.solener.2019.10.067|Fig5_D_stability_performance_curve|10.1016_j.solener.2019.10.067__Fig5__D__stability_performance_curve__ACN-spiro__Series_1,/Users/shunhao/Desktop/ML/lab/data_all/x_time_day/10.1016_j.solener.2019.10.067/Fig5_D_stability_performance_curve/accepted/10.1016_j.solener.2019.10.067__Fig5__D__stability_performance_curve__ACN-spiro__Series_1.csv,x_time_day/10.1016_j.solener.2019.10.067/Fig5_D_stability_performance_curve/accepted/10.1016_j.solener.2019.10.067__Fig5__D__stability_performance_curve__ACN-spiro__Series_1.csv,10.1016/j.solener.2019.10.067,Fig5_D_stability_performance_curve,Series_1,58,58,25,0,456.4961780309386,200.21762194339408,True,0.9993804485301364,0.9997980023600054,0.9433684372088296,272,13,3,1,node_3_1,0.3668006638580329,0.9997980023600054,0.9995369920809871,0.9919887849425068,0.9803210567572332,0.977781330442402,0.9433684372088296,4.666666666666666,1,no_initial_change_stable,class_01,/Users/shunhao/Desktop/ML/lab/NEW/som_200h_reanalysis/02_selected_curve_database/main_high_quality_min10/x_time_day/10.1016_j.solener.2019.10.067/Fig5_D_stability_performance_curve/accepted/10.1016_j.solener.2019.10.067__Fig5__D__stability_performance_curve__ACN-spiro__Series_1.csv
x_time_day/10.1016_j.solener.2021.03.036/Fig5_whole_stability/accepted/10.1016_j.solener.2021.03.036__Fig5__whole__stability__without_GuaI__Series_2.csv,10.1016/j.solener.2021.03.036|Fig5_whole_stability|10.1016_j.solener.2021.03.036__Fig5__whole__stability__without_GuaI__Series_2,/Users/shunhao/Desktop/ML/lab/data_all/x_time_day/10.1016_j.solener.2021.03.036/Fig5_whole_stability/accepted/10.1016_j.solener.2021.03.036__Fig5__whole__stability__without_GuaI__Series_2.csv,x_time_day/10.1016_j.solener.2021.03.036/Fig5_whole_stability/accepted/10.1016_j.solener.2021.03.036__Fig5__whole__stability__without_GuaI__Series_2.csv,10.1016/j.solener.2021.03.036,Fig5_whole_stability,Series_2,57,57,14,0,819.9363590480798,204.98408976201995,True,1.0064409931933236,0.9972283829355388,0.9819364993478692,275,13,3,1,node_3_1,0.26756086740580237,0.9972283829355388,0.9969616669912519,0.998596709768508,0.9949545171234366,0.9912131701066221,0.9819364993478693,36.666666666666664,1,no_initial_change_stable,class_01,/Users/shunhao/Desktop/ML/lab/NEW/som_200h_reanalysis/02_selected_curve_database/main_high_quality_min10/x_time_day/10.1016_j.solener.2021.03.036/Fig5_whole_stability/accepted/10.1016_j.solener.2021.03.036__Fig5__whole__stability__without_GuaI__Series_2.csv
x_time_day/10.1016_j.solener.2021.04.053/Fig6_whole_stability/accepted/10.1016_j.solener.2021.04.053__Fig6__whole__stability__0.0%_Mg(Ac)₂__Series_1.csv,10.1016/j.solener.2021.04.053|Fig6_whole_stability|10.1016_j.solener.2021.04.053__Fig6__whole__stability__0.0%_Mg(Ac)₂__Series_1,/Users/shunhao/Desktop/ML/lab/data_all/x_time_day/10.1016_j.solener.2021.04.053/Fig6_whole_stability/accepted/10.1016_j.solener.2021.04.053__Fig6__whole__stability__0.0%_Mg(Ac)₂__Series_1.csv,x_time_day/10.1016_j.solener.2021.04.053/Fig6_whole_stability/accepted/10.1016_j.solener.2021.04.053__Fig6__whole__stability__0.0%_Mg(Ac)₂__Series_1.csv,10.1016/j.solener.2021.04.053,Fig6_whole_stability,Series_1,80,80,19,0,836.84937237912,201.26757057219345,True,1.0066278764619578,0.9998523817806356,0.9760389222210086,277,13,3,1,node_3_1,0.2342367244889394,0.9998523817806355,0.9998523817806355,0.9984735773305116,0.9870180691571708,0.9776116330362943,0.9760389222210086,38.83333333333333,1,no_initial_change_stable,class_01,/Users/shunhao/Desktop/ML/lab/NEW/som_200h_reanalysis/02_selected_curve_database/main_high_quality_min10/x_time_day/10.1016_j.solener.2021.04.053/Fig6_whole_stability/accepted/10.1016_j.solener.2021.04.053__Fig6__whole__stability__0.0%_Mg(Ac)₂__Series_1.csv
x_time_day/10.1016_j.solmat.2019.110052/Fig4_E_stability_performance_curve/accepted/10.1016_j.solmat.2019.110052__Fig4__E__stability_performance_curve__Control__Series_1.csv,10.1016/j.solmat.2019.110052|Fig4_E_stability_performance_curve|10.1016_j.solmat.2019.110052__Fig4__E__stability_performance_curve__Control__Series_1,/Users/shunhao/Desktop/ML/lab/data_all/x_time_day/10.1016_j.solmat.2019.110052/Fig4_E_stability_performance_curve/accepted/10.1016_j.solmat.2019.110052__Fig4__E__stability_performance_curve__Control__Series_1.csv,x_time_day/10.1016_j.solmat.2019.110052/Fig4_E_stability_performance_curve/accepted/10.1016_j.solmat.2019.110052__Fig4__E__stability_performance_curve__Control__Series_1.csv,10.1016/j.solmat.2019.110052,Fig4_E_stability_performance_curve,Series_1,50,50,14,0,712.9117481230687,203.68907089230532,True,1.0023666605277304,1.0,0.975330995526093,285,13,3,1,node_3_1,0.16784882286694855,1.0,0.9982432772701282,0.9938578837339745,0.9848531693543469,0.9792603063764275,0.975330995526093,0.0,1,no_initial_change_stable,class_01,/Users/shunhao/Desktop/ML/lab/NEW/som_200h_reanalysis/02_selected_curve_database/main_high_quality_min10/x_time_day/10.1016_j.solmat.2019.110052/Fig4_E_stability_performance_curve/accepted/10.1016_j.solmat.2019.110052__Fig4__E__stability_performance_curve__Control__Series_1.csv
x_time_day/10.1016_j.solmat.2019.110284/Fig5_D_stability_performance_curve_structure/accepted/10.1016_j.solmat.2019.110284__Fig5__D__stability_performance_curve_structure__planar_n-i-p_cells__Series_2.csv,10.1016/j.solmat.2019.110284|Fig5_D_stability_performance_curve_structure|10.1016_j.solmat.2019.110284__Fig5__D__stability_performance_curve_structure__planar_n-i-p_cells__Series_2,/Users/shunhao/Desktop/ML/lab/data_all/x_time_day/10.1016_j.solmat.2019.110284/Fig5_D_stability_performance_curve_structure/accepted/10.1016_j.solmat.2019.110284__Fig5__D__stability_performance_curve_structure__planar_n-i-p_cells__Series_2.csv,x_time_day/10.1016_j.solmat.2019.110284/Fig5_D_stability_performance_curve_structure/accepted/10.1016_j.solmat.2019.110284__Fig5__D__stability_performance_curve_structure__planar_n-i-p_cells__Series_2.csv,10.1016/j.solmat.2019.110284,Fig5_D_stability_performance_curve_structure,Series_2,60,60,20,0,593.8742406852922,201.31330192721765,True,1.0235163423186204,0.9865399965975178,0.978927996949678,290,13,3,1,node_3_1,0.26659862372567344,0.9865399965975178,0.9865228602117432,0.9944115766342528,0.9998035079859071,0.9921049815417693,0.9789279969496781,73.83333333333333,1,no_initial_change_stable,class_01,/Users/shunhao/Desktop/ML/lab/NEW/som_200h_reanalysis/02_selected_curve_database/main_high_quality_min10/x_time_day/10.1016_j.solmat.2019.110284/Fig5_D_stability_performance_curve_structure/accepted/10.1016_j.solmat.2019.110284__Fig5__D__stability_performance_curve_structure__planar_n-i-p_cells__Series_2.csv
x_time_day/10.1016_j.solmat.2019.110317/Fig4_D_stability_performance_curve_pce/accepted/10.1016_j.solmat.2019.110317__Fig4__D__stability_performance_curve_pce__OSS_device__Series_2.csv,10.1016/j.solmat.2019.110317|Fig4_D_stability_performance_curve_pce|10.1016_j.solmat.2019.110317__Fig4__D__stability_performance_curve_pce__OSS_device__Series_2,/Users/shunhao/Desktop/ML/lab/data_all/x_time_day/10.1016_j.solmat.2019.110317/Fig4_D_stability_performance_curve_pce/accepted/10.1016_j.solmat.2019.110317__Fig4__D__stability_performance_curve_pce__OSS_device__Series_2.csv,x_time_day/10.1016_j.solmat.2019.110317/Fig4_D_stability_performance_curve_pce/accepted/10.1016_j.solmat.2019.110317__Fig4__D__stability_performance_curve_pce__OSS_device__Series_2.csv,10.1016/j.solmat.2019.110317,Fig4_D_stability_performance_curve_pce,Series_2,50,50,10,0,990.9269497584652,202.22998974662548,True,5.991759983835284,0.9996238941646656,0.9663617149823284,291,13,3,1,node_3_1,0.3262503680095489,0.9996238941646656,0.999999965461922,0.9965942837450539,0.9879199445177951,0.9712878463128077,0.9663617149823285,10.166666666666666,1,no_initial_change_stable,class_01,/Users/shunhao/Desktop/ML/lab/NEW/som_200h_reanalysis/02_selected_curve_database/main_high_quality_min10/x_time_day/10.1016_j.solmat.2019.110317/Fig4_D_stability_performance_curve_pce/accepted/10.1016_j.solmat.2019.110317__Fig4__D__stability_performance_curve_pce__OSS_device__Series_2.csv
x_time_day/10.1021_acs.nanolett.9b01553/Fig4_F_stability_performance_curve_pce/accepted/10.1021_acs.nanolett.9b01553__Fig4__F__stability_performance_curve_pce__CuBr(0.2wt%)__Series_2.csv,10.1021/acs.nanolett.9b01553|Fig4_F_stability_performance_curve_pce|10.1021_acs.nanolett.9b01553__Fig4__F__stability_performance_curve_pce__CuBr(0.2wt%)__Series_2,/Users/shunhao/Desktop/ML/lab/data_all/x_time_day/10.1021_acs.nanolett.9b01553/Fig4_F_stability_performance_curve_pce/accepted/10.1021_acs.nanolett.9b01553__Fig4__F__stability_performance_curve_pce__CuBr(0.2wt%)__Series_2.csv,x_time_day/10.1021_acs.nanolett.9b01553/Fig4_F_stability_performance_curve_pce/accepted/10.1021_acs.nanolett.9b01553__Fig4__F__stability_performance_curve_pce__CuBr(0.2wt%)__Series_2.csv,10.1021/acs.nanolett.9b01553,Fig4_F_stability_performance_curve_pce,Series_2,62,62,19,0,666.4194082342676,207.5732583024768,True,0.9844475037873396,0.9985278875020206,0.9902697735367616,307,13,3,1,node_3_1,0.2818692507098117,0.9985278875020206,0.9999665071613448,0.9957532433606316,0.9930574753366146,0.991765963944122,0.9902697735367616,9.0,1,no_initial_change_stable,class_01,/Users/shunhao/Desktop/ML/lab/NEW/som_200h_reanalysis/02_selected_curve_database/main_high_quality_min10/x_time_day/10.1021_acs.nanolett.9b01553/Fig4_F_stability_performance_curve_pce/accepted/10.1021_acs.nanolett.9b01553__Fig4__F__stability_performance_curve_pce__CuBr(0.2wt%)__Series_2.csv
x_time_day/10.1021_acs.nanolett.9b01553/Fig4_F_stability_performance_curve_pce/accepted/10.1021_acs.nanolett.9b01553__Fig4__F__stability_performance_curve_pce__Pristine_perovskite__Series_1.csv,10.1021/acs.nanolett.9b01553|Fig4_F_stability_performance_curve_pce|10.1021_acs.nanolett.9b01553__Fig4__F__stability_performance_curve_pce__Pristine_perovskite__Series_1,/Users/shunhao/Desktop/ML/lab/data_all/x_time_day/10.1021_acs.nanolett.9b01553/Fig4_F_stability_performance_curve_pce/accepted/10.1021_acs.nanolett.9b01553__Fig4__F__stability_performance_curve_pce__Pristine_perovskite__Series_1.csv,x_time_day/10.1021_acs.nanolett.9b01553/Fig4_F_stability_performance_curve_pce/accepted/10.1021_acs.nanolett.9b01553__Fig4__F__stability_performance_curve_pce__Pristine_perovskite__Series_1.csv,10.1021/acs.nanolett.9b01553,Fig4_F_stability_performance_curve_pce,Series_1,59,59,18,0,644.5695915708488,207.57325830247677,True,0.9844282471398098,0.9998998311220632,0.9724367019037476,308,13,3,1,node_3_1,0.218033966506217,0.9998998311220632,0.9998998311220632,0.9964150767322738,0.9848158553469896,0.9786262786253687,0.9724367019037475,18.166666666666664,1,no_initial_change_stable,class_01,/Users/shunhao/Desktop/ML/lab/NEW/som_200h_reanalysis/02_selected_curve_database/main_high_quality_min10/x_time_day/10.1021_acs.nanolett.9b01553/Fig4_F_stability_performance_curve_pce/accepted/10.1021_acs.nanolett.9b01553__Fig4__F__stability_performance_curve_pce__Pristine_perovskite__Series_1.csv
x_time_day/10.1021_acsaelm.0c00808/Fig6_E_pattern/accepted/10.1021_acsaelm.0c00808__Fig6__E__pattern__Control__Series_1.csv,10.1021/acsaelm.0c00808|Fig6_E_pattern|10.1021_acsaelm.0c00808__Fig6__E__pattern__Control__Series_1,/Users/shunhao/Desktop/ML/lab/data_all/x_time_day/10.1021_acsaelm.0c00808/Fig6_E_pattern/accepted/10.1021_acsaelm.0c00808__Fig6__E__pattern__Control__Series_1.csv,x_time_day/10.1021_acsaelm.0c00808/Fig6_E_pattern/accepted/10.1021_acsaelm.0c00808__Fig6__E__pattern__Control__Series_1.csv,10.1021/acsaelm.0c00808,Fig6_E_pattern,Series_1,83,83,22,0,778.4295841972735,208.84696161390264,True,1.0205870993093813,0.9865878993320464,0.9285763764342506,309,13,3,1,node_3_1,0.5671994086599825,0.9865878993320465,0.988913910437623,0.9999948389823005,0.9977511027688215,0.9751666130894057,0.9285763764342506,50.666666666666664,1,no_initial_change_stable,class_01,/Users/shunhao/Desktop/ML/lab/NEW/som_200h_reanalysis/02_selected_curve_database/main_high_quality_min10/x_time_day/10.1021_acsaelm.0c00808/Fig6_E_pattern/accepted/10.1021_acsaelm.0c00808__Fig6__E__pattern__Control__Series_1.csv
x_time_day/10.1021_acsaelm.0c00808/Fig6_E_pattern/accepted/10.1021_acsaelm.0c00808__Fig6__E__pattern__PFOMA__Series_2.csv,10.1021/acsaelm.0c00808|Fig6_E_pattern|10.1021_acsaelm.0c00808__Fig6__E__pattern__PFOMA__Series_2,/Users/shunhao/Desktop/ML/lab/data_all/x_time_day/10.1021_acsaelm.0c00808/Fig6_E_pattern/accepted/10.1021_acsaelm.0c00808__Fig6__E__pattern__PFOMA__Series_2.csv,x_time_day/10.1021_acsaelm.0c00808/Fig6_E_pattern/accepted/10.1021_acsaelm.0c00808__Fig6__E__pattern__PFOMA__Series_2.csv,10.1021/acsaelm.0c00808,Fig6_E_pattern,Series_2,88,88,22,0,825.8948027458877,208.8469616139027,True,1.013826440108298,0.9864984682176,0.979830016971676,310,13,3,1,node_3_1,0.20514819295143394,0.9864984682176,0.9910628073128969,0.998264159957905,0.9964255043139969,0.9869407113293603,0.979830016971676,60.166666666666664,1,no_initial_change_stable,class_01,/Users/shunhao/Desktop/ML/lab/NEW/som_200h_reanalysis/02_selected_curve_database/main_high_quality_min10/x_time_day/10.1021_acsaelm.0c00808/Fig6_E_pattern/accepted/10.1021_acsaelm.0c00808__Fig6__E__pattern__PFOMA__Series_2.csv
x_time_day/10.1021_acsaem.1c00517/Fig5_D_stability_performance_curve_pce/accepted/10.1021_acsaem.1c00517__Fig5__D__stability_performance_curve_pce__Control__Series_1.csv,10.1021/acsaem.1c00517|Fig5_D_stability_performance_curve_pce|10.1021_acsaem.1c00517__Fig5__D__stability_performance_curve_pce__Control__Series_1,/Users/shunhao/Desktop/ML/lab/data_all/x_time_day/10.1021_acsaem.1c00517/Fig5_D_stability_performance_curve_pce/accepted/10.1021_acsaem.1c00517__Fig5__D__stability_performance_curve_pce__Control__Series_1.csv,x_time_day/10.1021_acsaem.1c00517/Fig5_D_stability_performance_curve_pce/accepted/10.1021_acsaem.1c00517__Fig5__D__stability_performance_curve_pce__Control__Series_1.csv,10.1021/acsaem.1c00517,Fig5_D_stability_performance_curve_pce,Series_1,47,47,11,0,905.7687345266316,216.59687129984675,True,1.004781236078001,1.0,0.969299667943339,316,13,3,1,node_3_1,0.2887866859349001,1.0,0.9984408655092909,0.9922043275464545,0.9813386218872427,0.9735429494336973,0.969299667943339,0.0,1,no_initial_change_stable,class_01,/Users/shunhao/Desktop/ML/lab/NEW/som_200h_reanalysis/02_selected_curve_database/main_high_quality_min10/x_time_day/10.1021_acsaem.1c00517/Fig5_D_stability_performance_curve_pce/accepted/10.1021_acsaem.1c00517__Fig5__D__stability_performance_curve_pce__Control__Series_1.csv
x_time_day/10.1021_acsami.0c09046/Fig6_A_stability_performance_curve_pce/accepted/10.1021_acsami.0c09046__Fig6__A__stability_performance_curve_pce__With_0.02Wt%__Series_2.csv,10.1021/acsami.0c09046|Fig6_A_stability_performance_curve_pce|10.1021_acsami.0c09046__Fig6__A__stability_performance_curve_pce__With_0.02Wt%__Series_2,/Users/shunhao/Desktop/ML/lab/data_all/x_time_day/10.1021_acsami.0c09046/Fig6_A_stability_performance_curve_pce/accepted/10.1021_acsami.0c09046__Fig6__A__stability_performance_curve_pce__With_0.02Wt%__Series_2.csv,x_time_day/10.1021_acsami.0c09046/Fig6_A_stability_performance_curve_pce/accepted/10.1021_acsami.0c09046__Fig6__A__stability_performance_curve_pce__With_0.02Wt%__Series_2.csv,10.1021/acsami.0c09046,Fig6_A_stability_performance_curve_pce,Series_2,57,57,16,0,697.0536479903672,204.30882785924553,True,1.0018727769484983,0.999642606602643,0.9698283547444292,326,13,3,1,node_3_1,0.2311620820685903,0.999642606602643,0.9998423571814302,0.9939448790588797,0.9871987597078551,0.9758523408531787,0.9698283547444291,6.0,1,no_initial_change_stable,class_01,/Users/shunhao/Desktop/ML/lab/NEW/som_200h_reanalysis/02_selected_curve_database/main_high_quality_min10/x_time_day/10.1021_acsami.0c09046/Fig6_A_stability_performance_curve_pce/accepted/10.1021_acsami.0c09046__Fig6__A__stability_performance_curve_pce__With_0.02Wt%__Series_2.csv
x_time_day/10.1021_acsami.1c02218/Fig8_F_stability_performance_curve_pce/accepted/10.1021_acsami.1c02218__Fig8__F__stability_performance_curve_pce__With5-TFMAP__Series_2.csv,10.1021/acsami.1c02218|Fig8_F_stability_performance_curve_pce|10.1021_acsami.1c02218__Fig8__F__stability_performance_curve_pce__With5-TFMAP__Series_2,/Users/shunhao/Desktop/ML/lab/data_all/x_time_day/10.1021_acsami.1c02218/Fig8_F_stability_performance_curve_pce/accepted/10.1021_acsami.1c02218__Fig8__F__stability_performance_curve_pce__With5-TFMAP__Series_2.csv,x_time_day/10.1021_acsami.1c02218/Fig8_F_stability_performance_curve_pce/accepted/10.1021_acsami.1c02218__Fig8__F__stability_performance_curve_pce__With5-TFMAP__Series_2.csv,10.1021/acsami.1c02218,Fig8_F_stability_performance_curve_pce,Series_2,63,63,11,0,1174.5292723858452,208.38422574587577,True,0.9928296370624564,1.0,0.9706672893523556,335,13,3,1,node_3_1,0.23916354203760024,1.0,0.9950025323661593,0.9834028340835513,0.9817086870395656,0.9781390501180446,0.9706672893523556,0.0,1,no_initial_change_stable,class_01,/Users/shunhao/Desktop/ML/lab/NEW/som_200h_reanalysis/02_selected_curve_database/main_high_quality_min10/x_time_day/10.1021_acsami.1c02218/Fig8_F_stability_performance_curve_pce/accepted/10.1021_acsami.1c02218__Fig8__F__stability_performance_curve_pce__With5-TFMAP__Series_2.csv
x_time_day/10.1021_acsami.7b01864/Fig6_B_stability_performance_curve_pce/accepted/10.1021_acsami.7b01864__Fig6__B__stability_performance_curve_pce__N-MAPbl3__Series_1.csv,10.1021/acsami.7b01864|Fig6_B_stability_performance_curve_pce|10.1021_acsami.7b01864__Fig6__B__stability_performance_curve_pce__N-MAPbl3__Series_1,/Users/shunhao/Desktop/ML/lab/data_all/x_time_day/10.1021_acsami.7b01864/Fig6_B_stability_performance_curve_pce/accepted/10.1021_acsami.7b01864__Fig6__B__stability_performance_curve_pce__N-MAPbl3__Series_1.csv,x_time_day/10.1021_acsami.7b01864/Fig6_B_stability_performance_curve_pce/accepted/10.1021_acsami.7b01864__Fig6__B__stability_performance_curve_pce__N-MAPbl3__Series_1.csv,10.1021/acsami.7b01864,Fig6_B_stability_performance_curve_pce,Series_1,60,60,26,0,469.5152737868033,206.90503590604888,True,100.1555957894374,1.0,0.9670091206440083,345,13,3,1,node_3_1,0.3110795102192569,1.0,0.99590070769595,0.9841941847048826,0.9798113521555342,0.9728533761188303,0.9670091206440085,0.0,1,no_initial_change_stable,class_01,/Users/shunhao/Desktop/ML/lab/NEW/som_200h_reanalysis/02_selected_curve_database/main_high_quality_min10/x_time_day/10.1021_acsami.7b01864/Fig6_B_stability_performance_curve_pce/accepted/10.1021_acsami.7b01864__Fig6__B__stability_performance_curve_pce__N-MAPbl3__Series_1.csv
x_time_day/10.1021_acsami.9b07149/Fig4_D_stability_performance_curve_pce/accepted/10.1021_acsami.9b07149__Fig4__D__stability_performance_curve_pce__PVK_C60-PEG__Series_2.csv,10.1021/acsami.9b07149|Fig4_D_stability_performance_curve_pce|10.1021_acsami.9b07149__Fig4__D__stability_performance_curve_pce__PVK_C60-PEG__Series_2,/Users/shunhao/Desktop/ML/lab/data_all/x_time_day/10.1021_acsami.9b07149/Fig4_D_stability_performance_curve_pce/accepted/10.1021_acsami.9b07149__Fig4__D__stability_performance_curve_pce__PVK_C60-PEG__Series_2.csv,x_time_day/10.1021_acsami.9b07149/Fig4_D_stability_performance_curve_pce/accepted/10.1021_acsami.9b07149__Fig4__D__stability_performance_curve_pce__PVK_C60-PEG__Series_2.csv,10.1021/acsami.9b07149,Fig4_D_stability_performance_curve_pce,Series_2,60,60,13,0,958.6736985633584,211.233187819045,True,1.0056921525570506,1.0,0.981677971994147,356,13,3,1,node_3_1,0.15768797391298897,1.0,0.9984343195610373,0.9921715978051867,0.9845954345985329,0.9824566924849052,0.981677971994147,0.0,1,no_initial_change_stable,class_01,/Users/shunhao/Desktop/ML/lab/NEW/som_200h_reanalysis/02_selected_curve_database/main_high_quality_min10/x_time_day/10.1021_acsami.9b07149/Fig4_D_stability_performance_curve_pce/accepted/10.1021_acsami.9b07149__Fig4__D__stability_performance_curve_pce__PVK_C60-PEG__Series_2.csv
x_time_day/10.1021_acsami.9b09171/Fig6_H_stability_performance_curve_pce/accepted/10.1021_acsami.9b09171__Fig6__H__stability_performance_curve_pce__Control__Series_1.csv,10.1021/acsami.9b09171|Fig6_H_stability_performance_curve_pce|10.1021_acsami.9b09171__Fig6__H__stability_performance_curve_pce__Control__Series_1,/Users/shunhao/Desktop/ML/lab/data_all/x_time_day/10.1021_acsami.9b09171/Fig6_H_stability_performance_curve_pce/accepted/10.1021_acsami.9b09171__Fig6__H__stability_performance_curve_pce__Control__Series_1.csv,x_time_day/10.1021_acsami.9b09171/Fig6_H_stability_performance_curve_pce/accepted/10.1021_acsami.9b09171__Fig6__H__stability_performance_curve_pce__Control__Series_1.csv,10.1021/acsami.9b09171,Fig6_H_stability_performance_curve_pce,Series_1,43,43,15,0,584.928041745997,208.90287205214176,True,1.010811001374252,0.9899059848484028,0.960402576436817,359,13,3,1,node_3_1,0.23896392630564905,0.9899059848484028,0.9937823033719381,0.9999471360726062,0.9864230444375974,0.9861918745319658,0.960402576436817,47.666666666666664,1,no_initial_change_stable,class_01,/Users/shunhao/Desktop/ML/lab/NEW/som_200h_reanalysis/02_selected_curve_database/main_high_quality_min10/x_time_day/10.1021_acsami.9b09171/Fig6_H_stability_performance_curve_pce/accepted/10.1021_acsami.9b09171__Fig6__H__stability_performance_curve_pce__Control__Series_1.csv
x_time_day/10.1021_acsami.9b09171/Fig6_H_stability_performance_curve_pce/accepted/10.1021_acsami.9b09171__Fig6__H__stability_performance_curve_pce__GAI-DEE__Series_2.csv,10.1021/acsami.9b09171|Fig6_H_stability_performance_curve_pce|10.1021_acsami.9b09171__Fig6__H__stability_performance_curve_pce__GAI-DEE__Series_2,/Users/shunhao/Desktop/ML/lab/data_all/x_time_day/10.1021_acsami.9b09171/Fig6_H_stability_performance_curve_pce/accepted/10.1021_acsami.9b09171__Fig6__H__stability_performance_curve_pce__GAI-DEE__Series_2.csv,x_time_day/10.1021_acsami.9b09171/Fig6_H_stability_performance_curve_pce/accepted/10.1021_acsami.9b09171__Fig6__H__stability_performance_curve_pce__GAI-DEE__Series_2.csv,10.1021/acsami.9b09171,Fig6_H_stability_performance_curve_pce,Series_2,41,41,15,0,557.0743254723782,208.90287205214176,True,1.029833671760406,0.9857999917726934,0.9516685032003084,360,13,3,1,node_3_1,0.37483474429006425,0.9857999917726934,0.9890403706507841,0.9993266001387016,0.9857999917726934,0.9653697577596703,0.9516685032003085,55.0,1,no_initial_change_stable,class_01,/Users/shunhao/Desktop/ML/lab/NEW/som_200h_reanalysis/02_selected_curve_database/main_high_quality_min10/x_time_day/10.1021_acsami.9b09171/Fig6_H_stability_performance_curve_pce/accepted/10.1021_acsami.9b09171__Fig6__H__stability_performance_curve_pce__GAI-DEE__Series_2.csv
x_time_day/10.1021_acsami.9b20831/Fig5_A_photovoltaic_parameter/accepted/10.1021_acsami.9b20831__Fig5__A__photovoltaic_parameter__Pristine__Series_1.csv,10.1021/acsami.9b20831|Fig5_A_photovoltaic_parameter|10.1021_acsami.9b20831__Fig5__A__photovoltaic_parameter__Pristine__Series_1,/Users/shunhao/Desktop/ML/lab/data_all/x_time_day/10.1021_acsami.9b20831/Fig5_A_photovoltaic_parameter/accepted/10.1021_acsami.9b20831__Fig5__A__photovoltaic_parameter__Pristine__Series_1.csv,x_time_day/10.1021_acsami.9b20831/Fig5_A_photovoltaic_parameter/accepted/10.1021_acsami.9b20831__Fig5__A__photovoltaic_parameter__Pristine__Series_1.csv,10.1021/acsami.9b20831,Fig5_A_photovoltaic_parameter,Series_1,59,59,17,0,704.0201807117081,206.3507426223973,True,100.45107274968684,1.0,0.9804422156939252,365,13,3,1,node_3_1,0.13407885425993202,1.0,0.997853565072841,0.9890437954800847,0.986018482944564,0.9831601093476232,0.9804422156939253,0.0,1,no_initial_change_stable,class_01,/Users/shunhao/Desktop/ML/lab/NEW/som_200h_reanalysis/02_selected_curve_database/main_high_quality_min10/x_time_day/10.1021_acsami.9b20831/Fig5_A_photovoltaic_parameter/accepted/10.1021_acsami.9b20831__Fig5__A__photovoltaic_parameter__Pristine__Series_1.csv
x_time_day/10.1021_acssuschemeng.0c02983/Fig5_A_stability_performance_curve_pce/accepted/10.1021_acssuschemeng.0c02983__Fig5__A__stability_performance_curve_pce__w_PTABr__Series_1.csv,10.1021/acssuschemeng.0c02983|Fig5_A_stability_performance_curve_pce|10.1021_acssuschemeng.0c02983__Fig5__A__stability_performance_curve_pce__w_PTABr__Series_1,/Users/shunhao/Desktop/ML/lab/data_all/x_time_day/10.1021_acssuschemeng.0c02983/Fig5_A_stability_performance_curve_pce/accepted/10.1021_acssuschemeng.0c02983__Fig5__A__stability_performance_curve_pce__w_PTABr__Series_1.csv,x_time_day/10.1021_acssuschemeng.0c02983/Fig5_A_stability_performance_curve_pce/accepted/10.1021_acssuschemeng.0c02983__Fig5__A__stability_performance_curve_pce__w_PTABr__Series_1.csv,10.1021/acssuschemeng.0c02983,Fig5_A_stability_performance_curve_pce,Series_1,145,145,21,0,1409.4964628600426,205.5515675004229,True,0.9992374269442376,1.0,0.9823054357007406,367,13,3,1,node_3_1,0.1446083433503516,1.0,0.9977801770360041,0.9919109172699623,0.9891019823550875,0.9860048641023973,0.9823054357007406,0.0,1,no_initial_change_stable,class_01,/Users/shunhao/Desktop/ML/lab/NEW/som_200h_reanalysis/02_selected_curve_database/main_high_quality_min10/x_time_day/10.1021_acssuschemeng.0c02983/Fig5_A_stability_performance_curve_pce/accepted/10.1021_acssuschemeng.0c02983__Fig5__A__stability_performance_curve_pce__w_PTABr__Series_1.csv
x_time_day/10.1021_acssuschemeng.0c02983/Fig5_A_stability_performance_curve_pce/accepted/10.1021_acssuschemeng.0c02983__Fig5__A__stability_performance_curve_pce__w_o_PTABr__Series_2.csv,10.1021/acssuschemeng.0c02983|Fig5_A_stability_performance_curve_pce|10.1021_acssuschemeng.0c02983__Fig5__A__stability_performance_curve_pce__w_o_PTABr__Series_2,/Users/shunhao/Desktop/ML/lab/data_all/x_time_day/10.1021_acssuschemeng.0c02983/Fig5_A_stability_performance_curve_pce/accepted/10.1021_acssuschemeng.0c02983__Fig5__A__stability_performance_curve_pce__w_o_PTABr__Series_2.csv,x_time_day/10.1021_acssuschemeng.0c02983/Fig5_A_stability_performance_curve_pce/accepted/10.1021_acssuschemeng.0c02983__Fig5__A__stability_performance_curve_pce__w_o_PTABr__Series_2.csv,10.1021/acssuschemeng.0c02983,Fig5_A_stability_performance_curve_pce,Series_2,146,146,21,0,1419.284632741015,205.55156750042292,True,1.0021320685765855,1.0,0.9644005375853716,368,13,3,1,node_3_1,0.2654447550441611,1.0,0.9978023821370077,0.9918768581870989,0.9830218555060964,0.974951295005136,0.9644005375853717,0.0,1,no_initial_change_stable,class_01,/Users/shunhao/Desktop/ML/lab/NEW/som_200h_reanalysis/02_selected_curve_database/main_high_quality_min10/x_time_day/10.1021_acssuschemeng.0c02983/Fig5_A_stability_performance_curve_pce/accepted/10.1021_acssuschemeng.0c02983__Fig5__A__stability_performance_curve_pce__w_o_PTABr__Series_2.csv
x_time_day/10.1038_nenergy.2017.102/Fig4_A_pce/accepted/10.1038_nenergy.2017.102__Fig4__A__pce__L-α-phosphatidylcholine__Series_1.csv,10.1038/nenergy.2017.102|Fig4_A_pce|10.1038_nenergy.2017.102__Fig4__A__pce__L-α-phosphatidylcholine__Series_1,/Users/shunhao/Desktop/ML/lab/data_all/x_time_day/10.1038_nenergy.2017.102/Fig4_A_pce/accepted/10.1038_nenergy.2017.102__Fig4__A__pce__L-α-phosphatidylcholine__Series_1.csv,x_time_day/10.1038_nenergy.2017.102/Fig4_A_pce/accepted/10.1038_nenergy.2017.102__Fig4__A__pce__L-α-phosphatidylcholine__Series_1.csv,10.1038/nenergy.2017.102,Fig4_A_pce,Series_1,52,52,14,0,783.5155553832126,215.08270147774465,True,19.5959198280654,1.0,0.9708237979074074,373,13,3,1,node_3_1,0.2091753685118399,1.0,0.9972641638373981,0.9886083449602814,0.9827379540529723,0.9778679755911738,0.9708237979074074,0.0,1,no_initial_change_stable,class_01,/Users/shunhao/Desktop/ML/lab/NEW/som_200h_reanalysis/02_selected_curve_database/main_high_quality_min10/x_time_day/10.1038_nenergy.2017.102/Fig4_A_pce/accepted/10.1038_nenergy.2017.102__Fig4__A__pce__L-α-phosphatidylcholine__Series_1.csv
x_time_day/10.1038_s41598-018-25975-8/Fig6_A_stability_performance_curve/accepted/10.1038_s41598-018-25975-8__Fig6__A__stability_performance_curve__w_o_Cu₂O_60__Series_1.csv,10.1038/s41598-018-25975-8|Fig6_A_stability_performance_curve|10.1038_s41598-018-25975-8__Fig6__A__stability_performance_curve__w_o_Cu₂O_60__Series_1,/Users/shunhao/Desktop/ML/lab/data_all/x_time_day/10.1038_s41598-018-25975-8/Fig6_A_stability_performance_curve/accepted/10.1038_s41598-018-25975-8__Fig6__A__stability_performance_curve__w_o_Cu₂O_60__Series_1.csv,x_time_day/10.1038_s41598-018-25975-8/Fig6_A_stability_performance_curve/accepted/10.1038_s41598-018-25975-8__Fig6__A__stability_performance_curve__w_o_Cu₂O_60__Series_1.csv,10.1038/s41598-018-25975-8,Fig6_A_stability_performance_curve,Series_1,53,53,18,0,593.4899228288082,205.43881944074127,True,0.9952607441624148,0.969095056180815,0.9920346451506932,376,13,3,1,node_3_1,0.9311118704092818,0.969095056180815,0.9371287463278377,0.969095056180815,0.966917491854076,0.9917260828704277,0.9920346451506931,177.83333333333331,1,no_initial_change_stable,class_01,/Users/shunhao/Desktop/ML/lab/NEW/som_200h_reanalysis/02_selected_curve_database/main_high_quality_min10/x_time_day/10.1038_s41598-018-25975-8/Fig6_A_stability_performance_curve/accepted/10.1038_s41598-018-25975-8__Fig6__A__stability_performance_curve__w_o_Cu₂O_60__Series_1.csv
x_time_day/10.1039_c6ta03164a/Fig7_A_stability_performance_curve_pce/accepted/10.1039_c6ta03164a__Fig7__A__stability_performance_curve_pce__LN-P3HT__Series_2.csv,10.1039/c6ta03164a|Fig7_A_stability_performance_curve_pce|10.1039_c6ta03164a__Fig7__A__stability_performance_curve_pce__LN-P3HT__Series_2,/Users/shunhao/Desktop/ML/lab/data_all/x_time_day/10.1039_c6ta03164a/Fig7_A_stability_performance_curve_pce/accepted/10.1039_c6ta03164a__Fig7__A__stability_performance_curve_pce__LN-P3HT__Series_2.csv,x_time_day/10.1039_c6ta03164a/Fig7_A_stability_performance_curve_pce/accepted/10.1039_c6ta03164a__Fig7__A__stability_performance_curve_pce__LN-P3HT__Series_2.csv,10.1039/c6ta03164a,Fig7_A_stability_performance_curve_pce,Series_2,47,47,13,0,713.1001393451326,201.52830024971135,True,13.140453210670158,1.0,0.9741376557561324,384,13,3,1,node_3_1,0.19936182832733945,1.0,0.9978280905786091,0.9936366542599594,0.9844138320989859,0.9779402315108886,0.9741376557561325,0.0,1,no_initial_change_stable,class_01,/Users/shunhao/Desktop/ML/lab/NEW/som_200h_reanalysis/02_selected_curve_database/main_high_quality_min10/x_time_day/10.1039_c6ta03164a/Fig7_A_stability_performance_curve_pce/accepted/10.1039_c6ta03164a__Fig7__A__stability_performance_curve_pce__LN-P3HT__Series_2.csv
x_time_day/10.1039_c7nr06812c/Fig8_A_stability_performance_curve_pce/accepted/10.1039_c7nr06812c__Fig8__A__stability_performance_curve_pce__ZnO_Device__Series_1.csv,10.1039/c7nr06812c|Fig8_A_stability_performance_curve_pce|10.1039_c7nr06812c__Fig8__A__stability_performance_curve_pce__ZnO_Device__Series_1,/Users/shunhao/Desktop/ML/lab/data_all/x_time_day/10.1039_c7nr06812c/Fig8_A_stability_performance_curve_pce/accepted/10.1039_c7nr06812c__Fig8__A__stability_performance_curve_pce__ZnO_Device__Series_1.csv,x_time_day/10.1039_c7nr06812c/Fig8_A_stability_performance_curve_pce/accepted/10.1039_c7nr06812c__Fig8__A__stability_performance_curve_pce__ZnO_Device__Series_1.csv,10.1039/c7nr06812c,Fig8_A_stability_performance_curve_pce,Series_1,60,60,17,0,703.4223850009428,202.6810261867123,True,1.0022268534617746,1.0,0.961224124759544,390,13,3,1,node_3_1,0.3601034932530293,1.0,0.9978087754621983,0.9908882740384504,0.9814480683231603,0.9704405304281103,0.9612241247595439,0.0,1,no_initial_change_stable,class_01,/Users/shunhao/Desktop/ML/lab/NEW/som_200h_reanalysis/02_selected_curve_database/main_high_quality_min10/x_time_day/10.1039_c7nr06812c/Fig8_A_stability_performance_curve_pce/accepted/10.1039_c7nr06812c__Fig8__A__stability_performance_curve_pce__ZnO_Device__Series_1.csv
x_time_day/10.1039_c8ta00583d/Fig5_whole_stability_performance_curve/accepted/10.1039_c8ta00583d__Fig5__whole__stability_performance_curve__MAPbI₃_(IT-4F)__Series_1.csv,10.1039/c8ta00583d|Fig5_whole_stability_performance_curve|10.1039_c8ta00583d__Fig5__whole__stability_performance_curve__MAPbI₃_(IT-4F)__Series_1,/Users/shunhao/Desktop/ML/lab/data_all/x_time_day/10.1039_c8ta00583d/Fig5_whole_stability_performance_curve/accepted/10.1039_c8ta00583d__Fig5__whole__stability_performance_curve__MAPbI₃_(IT-4F)__Series_1.csv,x_time_day/10.1039_c8ta00583d/Fig5_whole_stability_performance_curve/accepted/10.1039_c8ta00583d__Fig5__whole__stability_performance_curve__MAPbI₃_(IT-4F)__Series_1.csv,10.1039/c8ta00583d,Fig5_whole_stability_performance_curve,Series_1,72,72,18,0,794.6212439018221,201.4532731018704,True,18.372946731453258,0.9979777902141228,0.970815983596772,402,13,3,1,node_3_1,0.20643385215983245,0.9979777902141227,0.9999721964768029,0.9933942274058095,0.9850730998004286,0.9786544651562664,0.9708159835967719,9.166666666666666,1,no_initial_change_stable,class_01,/Users/shunhao/Desktop/ML/lab/NEW/som_200h_reanalysis/02_selected_curve_database/main_high_quality_min10/x_time_day/10.1039_c8ta00583d/Fig5_whole_stability_performance_curve/accepted/10.1039_c8ta00583d__Fig5__whole__stability_performance_curve__MAPbI₃_(IT-4F)__Series_1.csv
x_time_day/10.1039_c9ta08084h/Fig7_D_stability_performance_curve_pce/accepted/10.1039_c9ta08084h__Fig7__D__stability_performance_curve_pce__0—NiOx_PS_MAPbl3__Series_2.csv,10.1039/c9ta08084h|Fig7_D_stability_performance_curve_pce|10.1039_c9ta08084h__Fig7__D__stability_performance_curve_pce__0—NiOx_PS_MAPbl3__Series_2,/Users/shunhao/Desktop/ML/lab/data_all/x_time_day/10.1039_c9ta08084h/Fig7_D_stability_performance_curve_pce/accepted/10.1039_c9ta08084h__Fig7__D__stability_performance_curve_pce__0—NiOx_PS_MAPbl3__Series_2.csv,x_time_day/10.1039_c9ta08084h/Fig7_D_stability_performance_curve_pce/accepted/10.1039_c9ta08084h__Fig7__D__stability_performance_curve_pce__0—NiOx_PS_MAPbl3__Series_2.csv,10.1039/c9ta08084h,Fig7_D_stability_performance_curve_pce,Series_2,68,68,15,0,940.2495971364856,210.50364114995944,True,1.0050302639408528,0.9957381409329404,0.9787349952471582,411,13,3,1,node_3_1,0.20731188678745,0.9957381409329404,0.9996527494887757,0.9964871219514689,0.9933454423794269,0.9880552183006127,0.9787349952471582,13.5,1,no_initial_change_stable,class_01,/Users/shunhao/Desktop/ML/lab/NEW/som_200h_reanalysis/02_selected_curve_database/main_high_quality_min10/x_time_day/10.1039_c9ta08084h/Fig7_D_stability_performance_curve_pce/accepted/10.1039_c9ta08084h__Fig7__D__stability_performance_curve_pce__0—NiOx_PS_MAPbl3__Series_2.csv
x_time_day/10.1039_c9ta08084h/Fig7_D_stability_performance_curve_pce/accepted/10.1039_c9ta08084h__Fig7__D__stability_performance_curve_pce__NiOx_MAPbl₃__Series_3.csv,10.1039/c9ta08084h|Fig7_D_stability_performance_curve_pce|10.1039_c9ta08084h__Fig7__D__stability_performance_curve_pce__NiOx_MAPbl₃__Series_3,/Users/shunhao/Desktop/ML/lab/data_all/x_time_day/10.1039_c9ta08084h/Fig7_D_stability_performance_curve_pce/accepted/10.1039_c9ta08084h__Fig7__D__stability_performance_curve_pce__NiOx_MAPbl₃__Series_3.csv,x_time_day/10.1039_c9ta08084h/Fig7_D_stability_performance_curve_pce/accepted/10.1039_c9ta08084h__Fig7__D__stability_performance_curve_pce__NiOx_MAPbl₃__Series_3.csv,10.1039/c9ta08084h,Fig7_D_stability_performance_curve_pce,Series_3,68,68,15,0,940.2495971364856,210.50364114995944,True,1.0030412471385708,0.9998422836132972,0.9657554828316312,412,13,3,1,node_3_1,0.2237799624520752,0.9998422836132971,0.9998422836132971,0.9987580822377553,0.9910560168644845,0.9854217546538079,0.9657554828316313,37.5,1,no_initial_change_stable,class_01,/Users/shunhao/Desktop/ML/lab/NEW/som_200h_reanalysis/02_selected_curve_database/main_high_quality_min10/x_time_day/10.1039_c9ta08084h/Fig7_D_stability_performance_curve_pce/accepted/10.1039_c9ta08084h__Fig7__D__stability_performance_curve_pce__NiOx_MAPbl₃__Series_3.csv
x_time_day/10.1039_c9tc00374f/Fig4_F_jv_curve_stability_performance_pce/accepted/10.1039_c9tc00374f__Fig4__F__jv_curve_stability_performance_pce__Reference-PSC__Series_1.csv,10.1039/c9tc00374f|Fig4_F_jv_curve_stability_performance_pce|10.1039_c9tc00374f__Fig4__F__jv_curve_stability_performance_pce__Reference-PSC__Series_1,/Users/shunhao/Desktop/ML/lab/data_all/x_time_day/10.1039_c9tc00374f/Fig4_F_jv_curve_stability_performance_pce/accepted/10.1039_c9tc00374f__Fig4__F__jv_curve_stability_performance_pce__Reference-PSC__Series_1.csv,x_time_day/10.1039_c9tc00374f/Fig4_F_jv_curve_stability_performance_pce/accepted/10.1039_c9tc00374f__Fig4__F__jv_curve_stability_performance_pce__Reference-PSC__Series_1.csv,10.1039/c9tc00374f,Fig4_F_jv_curve_stability_performance_pce,Series_1,47,47,20,0,482.8841749168826,209.9496412682098,True,1.0031690964418485,1.0,0.9710357092134756,416,13,3,1,node_3_1,0.22457177779198612,1.0,0.9989047923325772,0.9905071070273468,0.9888171595683077,0.9751935725631551,0.9710357092134757,0.0,1,no_initial_change_stable,class_01,/Users/shunhao/Desktop/ML/lab/NEW/som_200h_reanalysis/02_selected_curve_database/main_high_quality_min10/x_time_day/10.1039_c9tc00374f/Fig4_F_jv_curve_stability_performance_pce/accepted/10.1039_c9tc00374f__Fig4__F__jv_curve_stability_performance_pce__Reference-PSC__Series_1.csv
x_time_day/10.1039_c9tc02526j/Fig7_whole_stability/accepted/10.1039_c9tc02526j__Fig7__whole__stability__NiOX__Series_3.csv,10.1039/c9tc02526j|Fig7_whole_stability|10.1039_c9tc02526j__Fig7__whole__stability__NiOX__Series_3,/Users/shunhao/Desktop/ML/lab/data_all/x_time_day/10.1039_c9tc02526j/Fig7_whole_stability/accepted/10.1039_c9tc02526j__Fig7__whole__stability__NiOX__Series_3.csv,x_time_day/10.1039_c9tc02526j/Fig7_whole_stability/accepted/10.1039_c9tc02526j__Fig7__whole__stability__NiOX__Series_3.csv,10.1039/c9tc02526j,Fig7_whole_stability,Series_3,74,74,21,0,712.5349341125162,204.97580296387457,True,0.9990668445856622,0.9989412634775772,0.97825542110681,417,13,3,1,node_3_1,0.23596071312453307,0.9989412634775772,0.9998936165221199,0.9978848239219364,0.9949461803777354,0.9878971161723324,0.9782554211068099,14.666666666666666,1,no_initial_change_stable,class_01,/Users/shunhao/Desktop/ML/lab/NEW/som_200h_reanalysis/02_selected_curve_database/main_high_quality_min10/x_time_day/10.1039_c9tc02526j/Fig7_whole_stability/accepted/10.1039_c9tc02526j__Fig7__whole__stability__NiOX__Series_3.csv
x_time_day/10.1039_d0ta06646j/Fig4_G_stability_performance_curve_pce/accepted/10.1039_d0ta06646j__Fig4__G__stability_performance_curve_pce__5nmPPX__Series_1.csv,10.1039/d0ta06646j|Fig4_G_stability_performance_curve_pce|10.1039_d0ta06646j__Fig4__G__stability_performance_curve_pce__5nmPPX__Series_1,/Users/shunhao/Desktop/ML/lab/data_all/x_time_day/10.1039_d0ta06646j/Fig4_G_stability_performance_curve_pce/accepted/10.1039_d0ta06646j__Fig4__G__stability_performance_curve_pce__5nmPPX__Series_1.csv,x_time_day/10.1039_d0ta06646j/Fig4_G_stability_performance_curve_pce/accepted/10.1039_d0ta06646j__Fig4__G__stability_performance_curve_pce__5nmPPX__Series_1.csv,10.1039/d0ta06646j,Fig4_G_stability_performance_curve_pce,Series_1,62,62,18,0,698.6081116747226,206.14665590401657,True,1.0017599499090628,0.993103588308618,0.988505980514363,425,13,3,1,node_3_1,0.2723055057019492,0.9931035883086179,0.9998406201429042,0.99930215882767,0.9955069454127092,0.988505980514363,0.988505980514363,11.5,1,no_initial_change_stable,class_01,/Users/shunhao/Desktop/ML/lab/NEW/som_200h_reanalysis/02_selected_curve_database/main_high_quality_min10/x_time_day/10.1039_d0ta06646j/Fig4_G_stability_performance_curve_pce/accepted/10.1039_d0ta06646j__Fig4__G__stability_performance_curve_pce__5nmPPX__Series_1.csv
x_time_day/10.1039_d0tc01464h/Fig5_C_eqe_curve_stability_performance/accepted/10.1039_d0tc01464h__Fig5__C__eqe_curve_stability_performance__pristine__Series_1.csv,10.1039/d0tc01464h|Fig5_C_eqe_curve_stability_performance|10.1039_d0tc01464h__Fig5__C__eqe_curve_stability_performance__pristine__Series_1,/Users/shunhao/Desktop/ML/lab/data_all/x_time_day/10.1039_d0tc01464h/Fig5_C_eqe_curve_stability_performance/accepted/10.1039_d0tc01464h__Fig5__C__eqe_curve_stability_performance__pristine__Series_1.csv,x_time_day/10.1039_d0tc01464h/Fig5_C_eqe_curve_stability_performance/accepted/10.1039_d0tc01464h__Fig5__C__eqe_curve_stability_performance__pristine__Series_1.csv,10.1039/d0tc01464h,Fig5_C_eqe_curve_stability_performance,Series_1,36,36,10,0,706.1202959566956,201.74865598762733,True,1.0209174713334783,0.9836133280447964,0.98908431651842,427,13,3,1,node_3_1,0.31277454149743655,0.9836133280447965,0.9849129000330442,0.9913369569342345,0.999230916947157,0.9955821764596595,0.9890843165184201,111.0,1,no_initial_change_stable,class_01,/Users/shunhao/Desktop/ML/lab/NEW/som_200h_reanalysis/02_selected_curve_database/main_high_quality_min10/x_time_day/10.1039_d0tc01464h/Fig5_C_eqe_curve_stability_performance/accepted/10.1039_d0tc01464h__Fig5__C__eqe_curve_stability_performance__pristine__Series_1.csv
x_time_day/10.1039_d0tc01464h/Fig5_C_eqe_curve_stability_performance/accepted/10.1039_d0tc01464h__Fig5__C__eqe_curve_stability_performance__with_NH₂GACl__Series_2.csv,10.1039/d0tc01464h|Fig5_C_eqe_curve_stability_performance|10.1039_d0tc01464h__Fig5__C__eqe_curve_stability_performance__with_NH₂GACl__Series_2,/Users/shunhao/Desktop/ML/lab/data_all/x_time_day/10.1039_d0tc01464h/Fig5_C_eqe_curve_stability_performance/accepted/10.1039_d0tc01464h__Fig5__C__eqe_curve_stability_performance__with_NH₂GACl__Series_2.csv,x_time_day/10.1039_d0tc01464h/Fig5_C_eqe_curve_stability_performance/accepted/10.1039_d0tc01464h__Fig5__C__eqe_curve_stability_performance__with_NH₂GACl__Series_2.csv,10.1039/d0tc01464h,Fig5_C_eqe_curve_stability_performance,Series_2,36,36,10,0,706.1202959566955,201.7486559876273,True,1.050818340894584,0.9530775023348445,0.9840862402754056,428,13,3,1,node_3_1,0.5266897648531063,0.9530775023348445,0.9586040701778811,0.9745636595821492,0.9935025526775294,0.9967121690056591,0.9840862402754055,132.16666666666666,1,no_initial_change_stable,class_01,/Users/shunhao/Desktop/ML/lab/NEW/som_200h_reanalysis/02_selected_curve_database/main_high_quality_min10/x_time_day/10.1039_d0tc01464h/Fig5_C_eqe_curve_stability_performance/accepted/10.1039_d0tc01464h__Fig5__C__eqe_curve_stability_performance__with_NH₂GACl__Series_2.csv
x_time_day/10.1039_d1ta04520b/Fig5_A_stability_performance_curve_pce/accepted/10.1039_d1ta04520b__Fig5__A__stability_performance_curve_pce__Pristine__Series_1.csv,10.1039/d1ta04520b|Fig5_A_stability_performance_curve_pce|10.1039_d1ta04520b__Fig5__A__stability_performance_curve_pce__Pristine__Series_1,/Users/shunhao/Desktop/ML/lab/data_all/x_time_day/10.1039_d1ta04520b/Fig5_A_stability_performance_curve_pce/accepted/10.1039_d1ta04520b__Fig5__A__stability_performance_curve_pce__Pristine__Series_1.csv,x_time_day/10.1039_d1ta04520b/Fig5_A_stability_performance_curve_pce/accepted/10.1039_d1ta04520b__Fig5__A__stability_performance_curve_pce__Pristine__Series_1.csv,10.1039/d1ta04520b,Fig5_A_stability_performance_curve_pce,Series_1,65,65,16,0,831.800763835956,207.95019095898897,True,1.0011812509827531,1.0,0.9704403746709718,436,13,3,1,node_3_1,0.18660215341107192,1.0,0.9993543553679779,0.9945565064401917,0.9898566957873218,0.9810254194309848,0.9704403746709718,0.0,1,no_initial_change_stable,class_01,/Users/shunhao/Desktop/ML/lab/NEW/som_200h_reanalysis/02_selected_curve_database/main_high_quality_min10/x_time_day/10.1039_d1ta04520b/Fig5_A_stability_performance_curve_pce/accepted/10.1039_d1ta04520b__Fig5__A__stability_performance_curve_pce__Pristine__Series_1.csv
x_time_day/10.1039_d3ta03423b/Fig3_C_stability_performance_curve_pce/accepted/10.1039_d3ta03423b__Fig3__C__stability_performance_curve_pce__Reference__Series_1.csv,10.1039/d3ta03423b|Fig3_C_stability_performance_curve_pce|10.1039_d3ta03423b__Fig3__C__stability_performance_curve_pce__Reference__Series_1,/Users/shunhao/Desktop/ML/lab/data_all/x_time_day/10.1039_d3ta03423b/Fig3_C_stability_performance_curve_pce/accepted/10.1039_d3ta03423b__Fig3__C__stability_performance_curve_pce__Reference__Series_1.csv,x_time_day/10.1039_d3ta03423b/Fig3_C_stability_performance_curve_pce/accepted/10.1039_d3ta03423b__Fig3__C__stability_performance_curve_pce__Reference__Series_1.csv,10.1039/d3ta03423b,Fig3_C_stability_performance_curve_pce,Series_1,77,77,11,0,1409.8956896151833,204.0638498127239,True,1.006481226897642,0.9954298008398688,0.9896536825611992,443,13,3,1,node_3_1,0.3702275557584025,0.9954298008398689,0.9962311979747803,0.9983896873147543,0.9999589600062394,0.9967149167304842,0.9896536825611993,105.16666666666666,1,no_initial_change_stable,class_01,/Users/shunhao/Desktop/ML/lab/NEW/som_200h_reanalysis/02_selected_curve_database/main_high_quality_min10/x_time_day/10.1039_d3ta03423b/Fig3_C_stability_performance_curve_pce/accepted/10.1039_d3ta03423b__Fig3__C__stability_performance_curve_pce__Reference__Series_1.csv
x_time_day/10.3390_cryst11121588/Fig4_A_stability_performance_curve_pce/accepted/10.3390_cryst11121588__Fig4__A__stability_performance_curve_pce__Control__Series_1.csv,10.3390/cryst11121588|Fig4_A_stability_performance_curve_pce|10.3390_cryst11121588__Fig4__A__stability_performance_curve_pce__Control__Series_1,/Users/shunhao/Desktop/ML/lab/data_all/x_time_day/10.3390_cryst11121588/Fig4_A_stability_performance_curve_pce/accepted/10.3390_cryst11121588__Fig4__A__stability_performance_curve_pce__Control__Series_1.csv,x_time_day/10.3390_cryst11121588/Fig4_A_stability_performance_curve_pce/accepted/10.3390_cryst11121588__Fig4__A__stability_performance_curve_pce__Control__Series_1.csv,10.3390/cryst11121588,Fig4_A_stability_performance_curve_pce,Series_1,56,56,16,0,712.6295285960852,207.3104083188611,True,1.0046132783814077,0.9976888478228516,0.9860468194385706,455,13,3,1,node_3_1,0.2343696008478233,0.9976888478228517,0.9999459963958222,0.9978070957014762,0.9912468670981242,0.9885987303076046,0.9860468194385706,11.666666666666666,1,no_initial_change_stable,class_01,/Users/shunhao/Desktop/ML/lab/NEW/som_200h_reanalysis/02_selected_curve_database/main_high_quality_min10/x_time_day/10.3390_cryst11121588/Fig4_A_stability_performance_curve_pce/accepted/10.3390_cryst11121588__Fig4__A__stability_performance_curve_pce__Control__Series_1.csv
x_time_h/10.1002_adfm.202008801/Fig6_C_stability_performance_curve_spectrum/accepted/10.1002_adfm.202008801__Fig6__C__stability_performance_curve_spectrum__with_IMBF4__Series_2.csv,10.1002/adfm.202008801|Fig6_C_stability_performance_curve_spectrum|10.1002_adfm.202008801__Fig6__C__stability_performance_curve_spectrum__with_IMBF4__Series_2,/Users/shunhao/Desktop/ML/lab/data_all/x_time_h/10.1002_adfm.202008801/Fig6_C_stability_performance_curve_spectrum/accepted/10.1002_adfm.202008801__Fig6__C__stability_performance_curve_spectrum__with_IMBF4__Series_2.csv,x_time_h/10.1002_adfm.202008801/Fig6_C_stability_performance_curve_spectrum/accepted/10.1002_adfm.202008801__Fig6__C__stability_performance_curve_spectrum__with_IMBF4__Series_2.csv,10.1002/adfm.202008801,Fig6_C_stability_performance_curve_spectrum,Series_2,60,60,13,0,975.9559285236032,215.0411367933363,True,1.004362775487136,0.9996960828228564,0.9799034301132372,493,13,3,1,node_3_1,0.22029544950296048,0.9996960828228565,0.9999867321819166,0.9972351893107314,0.9923537897486432,0.9898818408628935,0.9799034301132373,8.333333333333332,1,no_initial_change_stable,class_01,/Users/shunhao/Desktop/ML/lab/NEW/som_200h_reanalysis/02_selected_curve_database/main_high_quality_min10/x_time_h/10.1002_adfm.202008801/Fig6_C_stability_performance_curve_spectrum/accepted/10.1002_adfm.202008801__Fig6__C__stability_performance_curve_spectrum__with_IMBF4__Series_2.csv
x_time_h/10.1002_adfm.202103807/Fig5_B_stability_performance_curve_pce/accepted/10.1002_adfm.202103807__Fig5__B__stability_performance_curve_pce__NiO__Series_1.csv,10.1002/adfm.202103807|Fig5_B_stability_performance_curve_pce|10.1002_adfm.202103807__Fig5__B__stability_performance_curve_pce__NiO__Series_1,/Users/shunhao/Desktop/ML/lab/data_all/x_time_h/10.1002_adfm.202103807/Fig5_B_stability_performance_curve_pce/accepted/10.1002_adfm.202103807__Fig5__B__stability_performance_curve_pce__NiO__Series_1.csv,x_time_h/10.1002_adfm.202103807/Fig5_B_stability_performance_curve_pce/accepted/10.1002_adfm.202103807__Fig5__B__stability_performance_curve_pce__NiO__Series_1.csv,10.1002/adfm.202103807,Fig5_B_stability_performance_curve_pce,Series_1,49,49,15,0,650.0364890120397,203.13640281626243,True,1.004344844994392,1.0,0.9545956164001506,503,13,3,1,node_3_1,0.3024057699784213,1.0,0.9985688259594435,0.9975480339808773,0.9899186026079289,0.9807799143510743,0.9545956164001506,0.0,1,no_initial_change_stable,class_01,/Users/shunhao/Desktop/ML/lab/NEW/som_200h_reanalysis/02_selected_curve_database/main_high_quality_min10/x_time_h/10.1002_adfm.202103807/Fig5_B_stability_performance_curve_pce/accepted/10.1002_adfm.202103807__Fig5__B__stability_performance_curve_pce__NiO__Series_1.csv
x_time_h/10.1002_adma.201705596/Fig5_C_image/accepted/10.1002_adma.201705596__Fig5__C__image__MAPbl₃__Series_1.csv,10.1002/adma.201705596|Fig5_C_image|10.1002_adma.201705596__Fig5__C__image__MAPbl₃__Series_1,/Users/shunhao/Desktop/ML/lab/data_all/x_time_h/10.1002_adma.201705596/Fig5_C_image/accepted/10.1002_adma.201705596__Fig5__C__image__MAPbl₃__Series_1.csv,x_time_h/10.1002_adma.201705596/Fig5_C_image/accepted/10.1002_adma.201705596__Fig5__C__image__MAPbl₃__Series_1.csv,10.1002/adma.201705596,Fig5_C_image,Series_1,54,54,20,0,541.1997441036854,204.22631852969255,True,1.0002286614052984,0.9975214078481068,0.972262105739536,516,13,3,1,node_3_1,0.2183625588396791,0.9975214078481068,0.9974990827776641,0.9975214078481068,0.9913677429240958,0.9800746249380634,0.9722621057395361,25.5,1,no_initial_change_stable,class_01,/Users/shunhao/Desktop/ML/lab/NEW/som_200h_reanalysis/02_selected_curve_database/main_high_quality_min10/x_time_h/10.1002_adma.201705596/Fig5_C_image/accepted/10.1002_adma.201705596__Fig5__C__image__MAPbl₃__Series_1.csv
x_time_h/10.1002_adma.201905502/Fig4_H_stability_performance_curve/accepted/10.1002_adma.201905502__Fig4__H__stability_performance_curve__0.15__Series_2.csv,10.1002/adma.201905502|Fig4_H_stability_performance_curve|10.1002_adma.201905502__Fig4__H__stability_performance_curve__0.15__Series_2,/Users/shunhao/Desktop/ML/lab/data_all/x_time_h/10.1002_adma.201905502/Fig4_H_stability_performance_curve/accepted/10.1002_adma.201905502__Fig4__H__stability_performance_curve__0.15__Series_2.csv,x_time_h/10.1002_adma.201905502/Fig4_H_stability_performance_curve/accepted/10.1002_adma.201905502__Fig4__H__stability_performance_curve__0.15__Series_2.csv,10.1002/adma.201905502,Fig4_H_stability_performance_curve,Series_2,120,120,25,0,968.4634101790016,203.45869961743728,True,0.934798210003879,1.0,0.9777855254927752,529,13,3,1,node_3_1,0.27606160071279345,1.0,0.9948920654812756,0.9945486113673575,0.9994536377710498,0.9918229170510363,0.9777855254927753,0.0,1,no_initial_change_stable,class_01,/Users/shunhao/Desktop/ML/lab/NEW/som_200h_reanalysis/02_selected_curve_database/main_high_quality_min10/x_time_h/10.1002_adma.201905502/Fig4_H_stability_performance_curve/accepted/10.1002_adma.201905502__Fig4__H__stability_performance_curve__0.15__Series_2.csv
x_time_h/10.1002_adma.202003296/Fig5_A_stability_performance_curve_pce/accepted/10.1002_adma.202003296__Fig5__A__stability_performance_curve_pce__Control__Series_1.csv,10.1002/adma.202003296|Fig5_A_stability_performance_curve_pce|10.1002_adma.202003296__Fig5__A__stability_performance_curve_pce__Control__Series_1,/Users/shunhao/Desktop/ML/lab/data_all/x_time_h/10.1002_adma.202003296/Fig5_A_stability_performance_curve_pce/accepted/10.1002_adma.202003296__Fig5__A__stability_performance_curve_pce__Control__Series_1.csv,x_time_h/10.1002_adma.202003296/Fig5_A_stability_performance_curve_pce/accepted/10.1002_adma.202003296__Fig5__A__stability_performance_curve_pce__Control__Series_1.csv,10.1002/adma.202003296,Fig5_A_stability_performance_curve_pce,Series_1,51,51,10,0,1065.7747270492353,213.15494540984713,True,1.004062822765328,0.997085244819862,0.9458402323174586,540,13,3,1,node_3_1,0.4453305573918692,0.9970852448198619,0.9978627081558397,0.9987711577680493,0.9967275414608996,0.9731088599403305,0.9458402323174586,75.16666666666666,1,no_initial_change_stable,class_01,/Users/shunhao/Desktop/ML/lab/NEW/som_200h_reanalysis/02_selected_curve_database/main_high_quality_min10/x_time_h/10.1002_adma.202003296/Fig5_A_stability_performance_curve_pce/accepted/10.1002_adma.202003296__Fig5__A__stability_performance_curve_pce__Control__Series_1.csv
x_time_h/10.1002_adma.202103231/Fig6_A_stability_performance_curve/accepted/10.1002_adma.202103231__Fig6__A__stability_performance_curve__Control__Series_2.csv,10.1002/adma.202103231|Fig6_A_stability_performance_curve|10.1002_adma.202103231__Fig6__A__stability_performance_curve__Control__Series_2,/Users/shunhao/Desktop/ML/lab/data_all/x_time_h/10.1002_adma.202103231/Fig6_A_stability_performance_curve/accepted/10.1002_adma.202103231__Fig6__A__stability_performance_curve__Control__Series_2.csv,x_time_h/10.1002_adma.202103231/Fig6_A_stability_performance_curve/accepted/10.1002_adma.202103231__Fig6__A__stability_performance_curve__Control__Series_2.csv,10.1002/adma.202103231,Fig6_A_stability_performance_curve,Series_2,119,119,12,0,1987.7151159492753,202.14052026602803,True,1.0067026633837906,1.0,0.9742852669013192,550,13,3,1,node_3_1,0.17293200014348276,1.0,0.9991715872370645,0.9930504927937217,0.9861464649354793,0.9808652715368454,0.9742852669013191,0.0,1,no_initial_change_stable,class_01,/Users/shunhao/Desktop/ML/lab/NEW/som_200h_reanalysis/02_selected_curve_database/main_high_quality_min10/x_time_h/10.1002_adma.202103231/Fig6_A_stability_performance_curve/accepted/10.1002_adma.202103231__Fig6__A__stability_performance_curve__Control__Series_2.csv
x_time_h/10.1002_adma.202307422/Fig6_H_mppt_stability_performance_curve_pce/accepted/10.1002_adma.202307422__Fig6__H__mppt_stability_performance_curve_pce__Control__Series_1.csv,10.1002/adma.202307422|Fig6_H_mppt_stability_performance_curve_pce|10.1002_adma.202307422__Fig6__H__mppt_stability_performance_curve_pce__Control__Series_1,/Users/shunhao/Desktop/ML/lab/data_all/x_time_h/10.1002_adma.202307422/Fig6_H_mppt_stability_performance_curve_pce/accepted/10.1002_adma.202307422__Fig6__H__mppt_stability_performance_curve_pce__Control__Series_1.csv,x_time_h/10.1002_adma.202307422/Fig6_H_mppt_stability_performance_curve_pce/accepted/10.1002_adma.202307422__Fig6__H__mppt_stability_performance_curve_pce__Control__Series_1.csv,10.1002/adma.202307422,Fig6_H_mppt_stability_performance_curve_pce,Series_1,160,160,26,0,1253.2493059909618,204.93384877839625,True,0.9959952213277176,0.9972819955281248,0.9613713118780508,553,13,3,1,node_3_1,0.34935588491976294,0.9972819955281247,0.9979137750405948,0.9938820519887979,0.9823016783508945,0.9719334795694904,0.9613713118780507,28.833333333333332,1,no_initial_change_stable,class_01,/Users/shunhao/Desktop/ML/lab/NEW/som_200h_reanalysis/02_selected_curve_database/main_high_quality_min10/x_time_h/10.1002_adma.202307422/Fig6_H_mppt_stability_performance_curve_pce/accepted/10.1002_adma.202307422__Fig6__H__mppt_stability_performance_curve_pce__Control__Series_1.csv
x_time_h/10.1002_adma.202307422/Fig6_H_mppt_stability_performance_curve_pce/accepted/10.1002_adma.202307422__Fig6__H__mppt_stability_performance_curve_pce__HDACl₂__Series_2.csv,10.1002/adma.202307422|Fig6_H_mppt_stability_performance_curve_pce|10.1002_adma.202307422__Fig6__H__mppt_stability_performance_curve_pce__HDACl₂__Series_2,/Users/shunhao/Desktop/ML/lab/data_all/x_time_h/10.1002_adma.202307422/Fig6_H_mppt_stability_performance_curve_pce/accepted/10.1002_adma.202307422__Fig6__H__mppt_stability_performance_curve_pce__HDACl₂__Series_2.csv,x_time_h/10.1002_adma.202307422/Fig6_H_mppt_stability_performance_curve_pce/accepted/10.1002_adma.202307422__Fig6__H__mppt_stability_performance_curve_pce__HDACl₂__Series_2.csv,10.1002/adma.202307422,Fig6_H_mppt_stability_performance_curve_pce,Series_2,164,163,26,1,1276.895519311546,204.93384877839625,True,1.0008495780404598,0.9974816775757188,0.98992657486123,554,13,3,1,node_3_1,0.2316307682904886,0.9974816775757188,0.9974816775757188,0.9949719796333276,0.9848898397182374,0.9874151064590634,0.98992657486123,23.666666666666664,1,no_initial_change_stable,class_01,/Users/shunhao/Desktop/ML/lab/NEW/som_200h_reanalysis/02_selected_curve_database/main_high_quality_min10/x_time_h/10.1002_adma.202307422/Fig6_H_mppt_stability_performance_curve_pce/accepted/10.1002_adma.202307422__Fig6__H__mppt_stability_performance_curve_pce__HDACl₂__Series_2.csv
x_time_h/10.1002_aenm.201600920/Fig7_B_stability_performance_curve_jsc/accepted/10.1002_aenm.201600920__Fig7__B__stability_performance_curve_jsc__Spiro__Series_2.csv,10.1002/aenm.201600920|Fig7_B_stability_performance_curve_jsc|10.1002_aenm.201600920__Fig7__B__stability_performance_curve_jsc__Spiro__Series_2,/Users/shunhao/Desktop/ML/lab/data_all/x_time_h/10.1002_aenm.201600920/Fig7_B_stability_performance_curve_jsc/accepted/10.1002_aenm.201600920__Fig7__B__stability_performance_curve_jsc__Spiro__Series_2.csv,x_time_h/10.1002_aenm.201600920/Fig7_B_stability_performance_curve_jsc/accepted/10.1002_aenm.201600920__Fig7__B__stability_performance_curve_jsc__Spiro__Series_2.csv,10.1002/aenm.201600920,Fig7_B_stability_performance_curve_jsc,Series_2,72,72,26,0,550.4141567502381,201.56011373952387,True,13.538326172172791,0.9845604412451732,0.992615015417198,583,13,3,1,node_3_1,0.3482318869831315,0.9845604412451732,0.9883948161729886,0.9892251273350017,0.9960635660286196,0.9979807534925274,0.992615015417198,162.0,1,no_initial_change_stable,class_01,/Users/shunhao/Desktop/ML/lab/NEW/som_200h_reanalysis/02_selected_curve_database/main_high_quality_min10/x_time_h/10.1002_aenm.201600920/Fig7_B_stability_performance_curve_jsc/accepted/10.1002_aenm.201600920__Fig7__B__stability_performance_curve_jsc__Spiro__Series_2.csv
x_time_h/10.1002_aenm.201903751/Fig5_D_stability_performance_curve_pce/accepted/10.1002_aenm.201903751__Fig5__D__stability_performance_curve_pce__Series_1__Series_1.csv,10.1002/aenm.201903751|Fig5_D_stability_performance_curve_pce|10.1002_aenm.201903751__Fig5__D__stability_performance_curve_pce__Series_1__Series_1,/Users/shunhao/Desktop/ML/lab/data_all/x_time_h/10.1002_aenm.201903751/Fig5_D_stability_performance_curve_pce/accepted/10.1002_aenm.201903751__Fig5__D__stability_performance_curve_pce__Series_1__Series_1.csv,x_time_h/10.1002_aenm.201903751/Fig5_D_stability_performance_curve_pce/accepted/10.1002_aenm.201903751__Fig5__D__stability_performance_curve_pce__Series_1__Series_1.csv,10.1002/aenm.201903751,Fig5_D_stability_performance_curve_pce,Series_1,138,138,10,0,3008.1176979116626,219.57063488406297,True,1.0236882359647657,0.9743526554664494,0.9483859485830024,602,13,3,1,node_3_1,0.38757812953019155,0.9743526554664494,0.9834295648240733,0.9963310677358659,0.9976769556690341,0.9826245395662174,0.9483859485830024,120.16666666666666,1,no_initial_change_stable,class_01,/Users/shunhao/Desktop/ML/lab/NEW/som_200h_reanalysis/02_selected_curve_database/main_high_quality_min10/x_time_h/10.1002_aenm.201903751/Fig5_D_stability_performance_curve_pce/accepted/10.1002_aenm.201903751__Fig5__D__stability_performance_curve_pce__Series_1__Series_1.csv
x_time_h/10.1002_aenm.202001869/Fig8_C_stability_performance_curve/accepted/10.1002_aenm.202001869__Fig8__C__stability_performance_curve__ITO_SnO₂_SAM_MAPbI₃_PDCBT_Ta-WOₓ_Carbon__Series_2.csv,10.1002/aenm.202001869|Fig8_C_stability_performance_curve|10.1002_aenm.202001869__Fig8__C__stability_performance_curve__ITO_SnO₂_SAM_MAPbI₃_PDCBT_Ta-WOₓ_Carbon__Series_2,/Users/shunhao/Desktop/ML/lab/data_all/x_time_h/10.1002_aenm.202001869/Fig8_C_stability_performance_curve/accepted/10.1002_aenm.202001869__Fig8__C__stability_performance_curve__ITO_SnO₂_SAM_MAPbI₃_PDCBT_Ta-WOₓ_Carbon__Series_2.csv,x_time_h/10.1002_aenm.202001869/Fig8_C_stability_performance_curve/accepted/10.1002_aenm.202001869__Fig8__C__stability_performance_curve__ITO_SnO₂_SAM_MAPbI₃_PDCBT_Ta-WOₓ_Carbon__Series_2.csv,10.1002/aenm.202001869,Fig8_C_stability_performance_curve,Series_2,108,108,20,0,1082.7294349052504,202.3793336271496,True,1.0005531243937986,0.9977740527879287,0.9955851651980278,604,13,3,1,node_3_1,0.4038067918432934,0.9977740527879287,0.9999710154136409,0.9999411381487738,0.9977740527879287,0.9977740527879287,0.9955851651980278,9.0,1,no_initial_change_stable,class_01,/Users/shunhao/Desktop/ML/lab/NEW/som_200h_reanalysis/02_selected_curve_database/main_high_quality_min10/x_time_h/10.1002_aenm.202001869/Fig8_C_stability_performance_curve/accepted/10.1002_aenm.202001869__Fig8__C__stability_performance_curve__ITO_SnO₂_SAM_MAPbI₃_PDCBT_Ta-WOₓ_Carbon__Series_2.csv
x_time_h/10.1002_aenm.202002882/Fig5_C_stability_performance_curve_pce/accepted/10.1002_aenm.202002882__Fig5__C__stability_performance_curve_pce__CsPbI₂Br_NSs__Series_2.csv,10.1002/aenm.202002882|Fig5_C_stability_performance_curve_pce|10.1002_aenm.202002882__Fig5__C__stability_performance_curve_pce__CsPbI₂Br_NSs__Series_2,/Users/shunhao/Desktop/ML/lab/data_all/x_time_h/10.1002_aenm.202002882/Fig5_C_stability_performance_curve_pce/accepted/10.1002_aenm.202002882__Fig5__C__stability_performance_curve_pce__CsPbI₂Br_NSs__Series_2.csv,x_time_h/10.1002_aenm.202002882/Fig5_C_stability_performance_curve_pce/accepted/10.1002_aenm.202002882__Fig5__C__stability_performance_curve_pce__CsPbI₂Br_NSs__Series_2.csv,10.1002/aenm.202002882,Fig5_C_stability_performance_curve_pce,Series_2,54,54,17,0,640.2321993458672,205.3574979033914,True,1.005878105366359,0.9971754568614106,0.9605586918074716,606,13,3,1,node_3_1,0.2376323662517278,0.9971754568614106,0.9999992193843068,0.9943104755082491,0.988669901621178,0.9806569715878716,0.9605586918074716,9.833333333333332,1,no_initial_change_stable,class_01,/Users/shunhao/Desktop/ML/lab/NEW/som_200h_reanalysis/02_selected_curve_database/main_high_quality_min10/x_time_h/10.1002_aenm.202002882/Fig5_C_stability_performance_curve_pce/accepted/10.1002_aenm.202002882__Fig5__C__stability_performance_curve_pce__CsPbI₂Br_NSs__Series_2.csv
x_time_h/10.1002_aenm.202002882/Fig5_C_stability_performance_curve_pce/accepted/10.1002_aenm.202002882__Fig5__C__stability_performance_curve_pce__NSs_CsPbI₂Br_NSs__Series_3.csv,10.1002/aenm.202002882|Fig5_C_stability_performance_curve_pce|10.1002_aenm.202002882__Fig5__C__stability_performance_curve_pce__NSs_CsPbI₂Br_NSs__Series_3,/Users/shunhao/Desktop/ML/lab/data_all/x_time_h/10.1002_aenm.202002882/Fig5_C_stability_performance_curve_pce/accepted/10.1002_aenm.202002882__Fig5__C__stability_performance_curve_pce__NSs_CsPbI₂Br_NSs__Series_3.csv,x_time_h/10.1002_aenm.202002882/Fig5_C_stability_performance_curve_pce/accepted/10.1002_aenm.202002882__Fig5__C__stability_performance_curve_pce__NSs_CsPbI₂Br_NSs__Series_3.csv,10.1002/aenm.202002882,Fig5_C_stability_performance_curve_pce,Series_3,54,54,17,0,640.2321993458672,205.3574979033914,True,1.003081367456126,0.997353950164748,0.9698882979650691,608,13,3,1,node_3_1,0.19474387774665392,0.9973539501647479,0.9999809287236424,0.9946397194032726,0.9895054414568669,0.9806573781084623,0.9698882979650691,10.833333333333332,1,no_initial_change_stable,class_01,/Users/shunhao/Desktop/ML/lab/NEW/som_200h_reanalysis/02_selected_curve_database/main_high_quality_min10/x_time_h/10.1002_aenm.202002882/Fig5_C_stability_performance_curve_pce/accepted/10.1002_aenm.202002882__Fig5__C__stability_performance_curve_pce__NSs_CsPbI₂Br_NSs__Series_3.csv
x_time_h/10.1002_aenm.202101539/Fig4_F_stability_performance_curve_pce/accepted/10.1002_aenm.202101539__Fig4__F__stability_performance_curve_pce__Reference__Series_1.csv,10.1002/aenm.202101539|Fig4_F_stability_performance_curve_pce|10.1002_aenm.202101539__Fig4__F__stability_performance_curve_pce__Reference__Series_1,/Users/shunhao/Desktop/ML/lab/data_all/x_time_h/10.1002_aenm.202101539/Fig4_F_stability_performance_curve_pce/accepted/10.1002_aenm.202101539__Fig4__F__stability_performance_curve_pce__Reference__Series_1.csv,x_time_h/10.1002_aenm.202101539/Fig4_F_stability_performance_curve_pce/accepted/10.1002_aenm.202101539__Fig4__F__stability_performance_curve_pce__Reference__Series_1.csv,10.1002/aenm.202101539,Fig4_F_stability_performance_curve_pce,Series_1,36,36,10,0,708.4613531203341,202.4175294629526,True,1.01346259842909,0.9943573215158208,0.9812992774288526,614,13,3,1,node_3_1,0.2748664157704789,0.9943573215158207,0.9943573215158207,0.9954453453435073,0.9999622833897546,0.9933678652107933,0.9812992774288526,98.83333333333331,1,no_initial_change_stable,class_01,/Users/shunhao/Desktop/ML/lab/NEW/som_200h_reanalysis/02_selected_curve_database/main_high_quality_min10/x_time_h/10.1002_aenm.202101539/Fig4_F_stability_performance_curve_pce/accepted/10.1002_aenm.202101539__Fig4__F__stability_performance_curve_pce__Reference__Series_1.csv
x_time_h/10.1002_aenm.202200480/Fig6_C_stability/accepted/10.1002_aenm.202200480__Fig6__C__stability__TTDA-TTA-COF__Series_1.csv,10.1002/aenm.202200480|Fig6_C_stability|10.1002_aenm.202200480__Fig6__C__stability__TTDA-TTA-COF__Series_1,/Users/shunhao/Desktop/ML/lab/data_all/x_time_h/10.1002_aenm.202200480/Fig6_C_stability/accepted/10.1002_aenm.202200480__Fig6__C__stability__TTDA-TTA-COF__Series_1.csv,x_time_h/10.1002_aenm.202200480/Fig6_C_stability/accepted/10.1002_aenm.202200480__Fig6__C__stability__TTDA-TTA-COF__Series_1.csv,10.1002/aenm.202200480,Fig6_C_stability,Series_1,51,51,28,0,357.5465071923834,200.2260440277347,True,1.0607134867980446,0.9439573590236252,0.9600045633710156,617,13,3,1,node_3_1,1.0944606174407758,0.9439573590236253,0.9446654363016495,0.9416720841854438,0.972454203697254,0.9841386605064947,0.9600045633710155,123.33333333333331,1,no_initial_change_stable,class_01,/Users/shunhao/Desktop/ML/lab/NEW/som_200h_reanalysis/02_selected_curve_database/main_high_quality_min10/x_time_h/10.1002_aenm.202200480/Fig6_C_stability/accepted/10.1002_aenm.202200480__Fig6__C__stability__TTDA-TTA-COF__Series_1.csv
x_time_h/10.1002_anie.202012095/Fig5_E_stability_performance_curve_pce/accepted/10.1002_anie.202012095__Fig5__E__stability_performance_curve_pce__Pristine__Series_1.csv,10.1002/anie.202012095|Fig5_E_stability_performance_curve_pce|10.1002_anie.202012095__Fig5__E__stability_performance_curve_pce__Pristine__Series_1,/Users/shunhao/Desktop/ML/lab/data_all/x_time_h/10.1002_anie.202012095/Fig5_E_stability_performance_curve_pce/accepted/10.1002_anie.202012095__Fig5__E__stability_performance_curve_pce__Pristine__Series_1.csv,x_time_h/10.1002_anie.202012095/Fig5_E_stability_performance_curve_pce/accepted/10.1002_anie.202012095__Fig5__E__stability_performance_curve_pce__Pristine__Series_1.csv,10.1002/anie.202012095,Fig5_E_stability_performance_curve_pce,Series_1,51,51,10,0,1004.2539395799602,200.85078791599204,True,18.891632619891915,0.9760797123017276,0.9537535143861792,630,13,3,1,node_3_1,0.44587340695948713,0.9760797123017275,0.9781668186559995,0.9962415077705472,0.9902505214513446,0.9680838330942896,0.9537535143861791,72.16666666666666,1,no_initial_change_stable,class_01,/Users/shunhao/Desktop/ML/lab/NEW/som_200h_reanalysis/02_selected_curve_database/main_high_quality_min10/x_time_h/10.1002_anie.202012095/Fig5_E_stability_performance_curve_pce/accepted/10.1002_anie.202012095__Fig5__E__stability_performance_curve_pce__Pristine__Series_1.csv
x_time_h/10.1002_anie.202016085/Fig6_A_pce/accepted/10.1002_anie.202016085__Fig6__A__pce__PTAA__Series_2.csv,10.1002/anie.202016085|Fig6_A_pce|10.1002_anie.202016085__Fig6__A__pce__PTAA__Series_2,/Users/shunhao/Desktop/ML/lab/data_all/x_time_h/10.1002_anie.202016085/Fig6_A_pce/accepted/10.1002_anie.202016085__Fig6__A__pce__PTAA__Series_2.csv,x_time_h/10.1002_anie.202016085/Fig6_A_pce/accepted/10.1002_anie.202016085__Fig6__A__pce__PTAA__Series_2.csv,10.1002/anie.202016085,Fig6_A_pce,Series_2,36,36,15,0,491.02183204664743,210.43792801999177,True,1.0110961582072049,0.9913043050074142,0.979740223405312,631,13,3,1,node_3_1,0.2563365322707809,0.9913043050074142,0.9892497363603803,0.9805452626341801,0.9935591321766868,0.9954675156613596,0.9797402234053121,83.66666666666666,1,no_initial_change_stable,class_01,/Users/shunhao/Desktop/ML/lab/NEW/som_200h_reanalysis/02_selected_curve_database/main_high_quality_min10/x_time_h/10.1002_anie.202016085/Fig6_A_pce/accepted/10.1002_anie.202016085__Fig6__A__pce__PTAA__Series_2.csv
x_time_h/10.1002_slct.202102172/Fig8_whole_stability/accepted/10.1002_slct.202102172__Fig8__whole__stability__0%__Series_1.csv,10.1002/slct.202102172|Fig8_whole_stability|10.1002_slct.202102172__Fig8__whole__stability__0%__Series_1,/Users/shunhao/Desktop/ML/lab/data_all/x_time_h/10.1002_slct.202102172/Fig8_whole_stability/accepted/10.1002_slct.202102172__Fig8__whole__stability__0%__Series_1.csv,x_time_h/10.1002_slct.202102172/Fig8_whole_stability/accepted/10.1002_slct.202102172__Fig8__whole__stability__0%__Series_1.csv,10.1002/slct.202102172,Fig8_whole_stability,Series_1,87,87,19,0,930.7063550663414,205.62117146814523,True,0.9999742628043694,0.9589577618897468,0.984084723472123,654,13,3,1,node_3_1,0.3653605699888581,0.9589577618897469,0.9659163367743318,0.995469674781061,0.9977554133659458,0.992080159374155,0.984084723472123,81.16666666666666,1,no_initial_change_stable,class_01,/Users/shunhao/Desktop/ML/lab/NEW/som_200h_reanalysis/02_selected_curve_database/main_high_quality_min10/x_time_h/10.1002_slct.202102172/Fig8_whole_stability/accepted/10.1002_slct.202102172__Fig8__whole__stability__0%__Series_1.csv
x_time_h/10.1002_slct.202102172/Fig8_whole_stability/accepted/10.1002_slct.202102172__Fig8__whole__stability__4%__Series_2.csv,10.1002/slct.202102172|Fig8_whole_stability|10.1002_slct.202102172__Fig8__whole__stability__4%__Series_2,/Users/shunhao/Desktop/ML/lab/data_all/x_time_h/10.1002_slct.202102172/Fig8_whole_stability/accepted/10.1002_slct.202102172__Fig8__whole__stability__4%__Series_2.csv,x_time_h/10.1002_slct.202102172/Fig8_whole_stability/accepted/10.1002_slct.202102172__Fig8__whole__stability__4%__Series_2.csv,10.1002/slct.202102172,Fig8_whole_stability,Series_2,87,87,19,0,930.7063550663414,205.62117146814523,True,0.9983814349415266,0.9408766717204124,0.9974762098163192,655,13,3,1,node_3_1,0.6002945817673949,0.9408766717204124,0.9505323434715052,0.992409395710149,0.9995729999108499,0.9980559573799428,0.9974762098163192,179.33333333333331,1,no_initial_change_stable,class_01,/Users/shunhao/Desktop/ML/lab/NEW/som_200h_reanalysis/02_selected_curve_database/main_high_quality_min10/x_time_h/10.1002_slct.202102172/Fig8_whole_stability/accepted/10.1002_slct.202102172__Fig8__whole__stability__4%__Series_2.csv
x_time_h/10.1002_smll.202101902/Fig7_A_stability_performance_curve_pce/accepted/10.1002_smll.202101902__Fig7__A__stability_performance_curve_pce__Spiro_Ts-CuPc-i__Series_2.csv,10.1002/smll.202101902|Fig7_A_stability_performance_curve_pce|10.1002_smll.202101902__Fig7__A__stability_performance_curve_pce__Spiro_Ts-CuPc-i__Series_2,/Users/shunhao/Desktop/ML/lab/data_all/x_time_h/10.1002_smll.202101902/Fig7_A_stability_performance_curve_pce/accepted/10.1002_smll.202101902__Fig7__A__stability_performance_curve_pce__Spiro_Ts-CuPc-i__Series_2.csv,x_time_h/10.1002_smll.202101902/Fig7_A_stability_performance_curve_pce/accepted/10.1002_smll.202101902__Fig7__A__stability_performance_curve_pce__Spiro_Ts-CuPc-i__Series_2.csv,10.1002/smll.202101902,Fig7_A_stability_performance_curve_pce,Series_2,57,57,27,0,420.94138714951856,202.95388308994643,True,1.065674551272127,0.940485939898955,0.9602676296314148,665,13,3,1,node_3_1,0.3997888079748907,0.940485939898955,0.9660812071634675,0.9999212034384646,0.9999042222965534,0.9908984242296942,0.9602676296314148,47.666666666666664,1,no_initial_change_stable,class_01,/Users/shunhao/Desktop/ML/lab/NEW/som_200h_reanalysis/02_selected_curve_database/main_high_quality_min10/x_time_h/10.1002_smll.202101902/Fig7_A_stability_performance_curve_pce/accepted/10.1002_smll.202101902__Fig7__A__stability_performance_curve_pce__Spiro_Ts-CuPc-i__Series_2.csv
"x_time_h/10.1002_smll.202102272/Fig6_B_stability_performance_curve_pce/accepted/10.1002_smll.202102272__Fig6__B__stability_performance_curve_pce__o—CsPbI,Br__Series_1.csv","10.1002/smll.202102272|Fig6_B_stability_performance_curve_pce|10.1002_smll.202102272__Fig6__B__stability_performance_curve_pce__o—CsPbI,Br__Series_1","/Users/shunhao/Desktop/ML/lab/data_all/x_time_h/10.1002_smll.202102272/Fig6_B_stability_performance_curve_pce/accepted/10.1002_smll.202102272__Fig6__B__stability_performance_curve_pce__o—CsPbI,Br__Series_1.csv","x_time_h/10.1002_smll.202102272/Fig6_B_stability_performance_curve_pce/accepted/10.1002_smll.202102272__Fig6__B__stability_performance_curve_pce__o—CsPbI,Br__Series_1.csv",10.1002/smll.202102272,Fig6_B_stability_performance_curve_pce,Series_1,59,59,12,0,1004.0702836360722,207.7386793729804,True,1.0035991001648166,1.0,0.9643790837405098,666,13,3,1,node_3_1,0.330089424589433,1.0,0.9976436302634337,0.991706689005859,0.9799092105371462,0.9714485585931875,0.9643790837405098,0.0,1,no_initial_change_stable,class_01,"/Users/shunhao/Desktop/ML/lab/NEW/som_200h_reanalysis/02_selected_curve_database/main_high_quality_min10/x_time_h/10.1002_smll.202102272/Fig6_B_stability_performance_curve_pce/accepted/10.1002_smll.202102272__Fig6__B__stability_performance_curve_pce__o—CsPbI,Br__Series_1.csv"
x_time_h/10.1002_smll.202201820/Fig5_C_stability_performance_curve_pce_pattern/accepted/10.1002_smll.202201820__Fig5__C__stability_performance_curve_pce_pattern__Control__Series_1.csv,10.1002/smll.202201820|Fig5_C_stability_performance_curve_pce_pattern|10.1002_smll.202201820__Fig5__C__stability_performance_curve_pce_pattern__Control__Series_1,/Users/shunhao/Desktop/ML/lab/data_all/x_time_h/10.1002_smll.202201820/Fig5_C_stability_performance_curve_pce_pattern/accepted/10.1002_smll.202201820__Fig5__C__stability_performance_curve_pce_pattern__Control__Series_1.csv,x_time_h/10.1002_smll.202201820/Fig5_C_stability_performance_curve_pce_pattern/accepted/10.1002_smll.202201820__Fig5__C__stability_performance_curve_pce_pattern__Control__Series_1.csv,10.1002/smll.202201820,Fig5_C_stability_performance_curve_pce_pattern,Series_1,102,102,40,0,505.8517696393484,200.33733451063304,True,1.0149375899727142,0.9847211695640764,0.9979444073486065,668,13,3,1,node_3_1,0.41768275276771427,0.9847211695640765,0.9890286903655378,0.991186118913426,0.9674764701428896,0.9781614637598046,0.9979444073486065,196.16666666666663,1,no_initial_change_stable,class_01,/Users/shunhao/Desktop/ML/lab/NEW/som_200h_reanalysis/02_selected_curve_database/main_high_quality_min10/x_time_h/10.1002_smll.202201820/Fig5_C_stability_performance_curve_pce_pattern/accepted/10.1002_smll.202201820__Fig5__C__stability_performance_curve_pce_pattern__Control__Series_1.csv
x_time_h/10.1002_solr.202000113/Fig6_A_stability_performance_curve_pce/accepted/10.1002_solr.202000113__Fig6__A__stability_performance_curve_pce__w_o__Series_2.csv,10.1002/solr.202000113|Fig6_A_stability_performance_curve_pce|10.1002_solr.202000113__Fig6__A__stability_performance_curve_pce__w_o__Series_2,/Users/shunhao/Desktop/ML/lab/data_all/x_time_h/10.1002_solr.202000113/Fig6_A_stability_performance_curve_pce/accepted/10.1002_solr.202000113__Fig6__A__stability_performance_curve_pce__w_o__Series_2.csv,x_time_h/10.1002_solr.202000113/Fig6_A_stability_performance_curve_pce/accepted/10.1002_solr.202000113__Fig6__A__stability_performance_curve_pce__w_o__Series_2.csv,10.1002/solr.202000113,Fig6_A_stability_performance_curve_pce,Series_2,58,58,13,0,945.9345711921306,215.7394636052228,True,1.0123658213919389,0.9865337630723238,0.9446200350473924,694,13,3,1,node_3_1,0.4254351884400834,0.9865337630723238,0.9880016165648384,0.9938730305348966,0.9985250835115128,0.9739771048976842,0.9446200350473924,93.0,1,no_initial_change_stable,class_01,/Users/shunhao/Desktop/ML/lab/NEW/som_200h_reanalysis/02_selected_curve_database/main_high_quality_min10/x_time_h/10.1002_solr.202000113/Fig6_A_stability_performance_curve_pce/accepted/10.1002_solr.202000113__Fig6__A__stability_performance_curve_pce__w_o__Series_2.csv
x_time_h/10.1002_solr.202000621/Fig6_A_stability_performance_curve_pce/accepted/10.1002_solr.202000621__Fig6__A__stability_performance_curve_pce__MAPbI₃-BA__Series_2.csv,10.1002/solr.202000621|Fig6_A_stability_performance_curve_pce|10.1002_solr.202000621__Fig6__A__stability_performance_curve_pce__MAPbI₃-BA__Series_2,/Users/shunhao/Desktop/ML/lab/data_all/x_time_h/10.1002_solr.202000621/Fig6_A_stability_performance_curve_pce/accepted/10.1002_solr.202000621__Fig6__A__stability_performance_curve_pce__MAPbI₃-BA__Series_2.csv,x_time_h/10.1002_solr.202000621/Fig6_A_stability_performance_curve_pce/accepted/10.1002_solr.202000621__Fig6__A__stability_performance_curve_pce__MAPbI₃-BA__Series_2.csv,10.1002/solr.202000621,Fig6_A_stability_performance_curve_pce,Series_2,70,70,23,0,624.0083322489148,208.00277741630492,True,100.4901000646113,0.9853926978897471,0.9812628625191924,697,13,3,1,node_3_1,0.2026080059328498,0.9853926978897473,0.9896251843959798,0.9970260082987902,0.9976633790220827,0.9873972515308167,0.9812628625191925,87.5,1,no_initial_change_stable,class_01,/Users/shunhao/Desktop/ML/lab/NEW/som_200h_reanalysis/02_selected_curve_database/main_high_quality_min10/x_time_h/10.1002_solr.202000621/Fig6_A_stability_performance_curve_pce/accepted/10.1002_solr.202000621__Fig6__A__stability_performance_curve_pce__MAPbI₃-BA__Series_2.csv
x_time_h/10.1002_solr.202000681/Fig5_E_stability_performance_curve_pce_jsc/accepted/10.1002_solr.202000681__Fig5__E__stability_performance_curve_pce_jsc__Control__Series_1.csv,10.1002/solr.202000681|Fig5_E_stability_performance_curve_pce_jsc|10.1002_solr.202000681__Fig5__E__stability_performance_curve_pce_jsc__Control__Series_1,/Users/shunhao/Desktop/ML/lab/data_all/x_time_h/10.1002_solr.202000681/Fig5_E_stability_performance_curve_pce_jsc/accepted/10.1002_solr.202000681__Fig5__E__stability_performance_curve_pce_jsc__Control__Series_1.csv,x_time_h/10.1002_solr.202000681/Fig5_E_stability_performance_curve_pce_jsc/accepted/10.1002_solr.202000681__Fig5__E__stability_performance_curve_pce_jsc__Control__Series_1.csv,10.1002/solr.202000681,Fig5_E_stability_performance_curve_pce_jsc,Series_1,43,43,12,0,711.6986112323331,203.34246035209517,True,1.0244925946496746,0.9787604302028116,0.9681254468575368,703,13,3,1,node_3_1,0.24530934103192822,0.9787604302028116,0.9821029116768637,0.9954728375730724,0.9906468425699607,0.9733855867112142,0.9681254468575367,67.83333333333333,1,no_initial_change_stable,class_01,/Users/shunhao/Desktop/ML/lab/NEW/som_200h_reanalysis/02_selected_curve_database/main_high_quality_min10/x_time_h/10.1002_solr.202000681/Fig5_E_stability_performance_curve_pce_jsc/accepted/10.1002_solr.202000681__Fig5__E__stability_performance_curve_pce_jsc__Control__Series_1.csv
x_time_h/10.1002_solr.202000819/Fig7_A_stability_performance_curve_pce/accepted/10.1002_solr.202000819__Fig7__A__stability_performance_curve_pce__Pristine__Series_1.csv,10.1002/solr.202000819|Fig7_A_stability_performance_curve_pce|10.1002_solr.202000819__Fig7__A__stability_performance_curve_pce__Pristine__Series_1,/Users/shunhao/Desktop/ML/lab/data_all/x_time_h/10.1002_solr.202000819/Fig7_A_stability_performance_curve_pce/accepted/10.1002_solr.202000819__Fig7__A__stability_performance_curve_pce__Pristine__Series_1.csv,x_time_h/10.1002_solr.202000819/Fig7_A_stability_performance_curve_pce/accepted/10.1002_solr.202000819__Fig7__A__stability_performance_curve_pce__Pristine__Series_1.csv,10.1002/solr.202000819,Fig7_A_stability_performance_curve_pce,Series_1,59,59,17,0,712.9454719915628,208.96677627338912,True,1.009502513799855,0.9994758866489326,0.9804095024030464,704,13,3,1,node_3_1,0.15780686024030985,0.9994758866489326,0.9998505602664436,0.9911502476582934,0.988350130345565,0.9831332715810301,0.9804095024030465,7.166666666666666,1,no_initial_change_stable,class_01,/Users/shunhao/Desktop/ML/lab/NEW/som_200h_reanalysis/02_selected_curve_database/main_high_quality_min10/x_time_h/10.1002_solr.202000819/Fig7_A_stability_performance_curve_pce/accepted/10.1002_solr.202000819__Fig7__A__stability_performance_curve_pce__Pristine__Series_1.csv
x_time_h/10.1002_solr.202000819/Fig7_B_pce/accepted/10.1002_solr.202000819__Fig7__B__pce__Pristine__Series_1.csv,10.1002/solr.202000819|Fig7_B_pce|10.1002_solr.202000819__Fig7__B__pce__Pristine__Series_1,/Users/shunhao/Desktop/ML/lab/data_all/x_time_h/10.1002_solr.202000819/Fig7_B_pce/accepted/10.1002_solr.202000819__Fig7__B__pce__Pristine__Series_1.csv,x_time_h/10.1002_solr.202000819/Fig7_B_pce/accepted/10.1002_solr.202000819__Fig7__B__pce__Pristine__Series_1.csv,10.1002/solr.202000819,Fig7_B_pce,Series_1,60,60,17,0,713.4550064533571,205.5717815204588,True,1.0073401828133666,1.0,0.9577538163354976,705,13,3,1,node_3_1,0.36262429766168247,1.0,0.9977517568930117,0.9914774629403216,0.983523475119831,0.9704817889595609,0.9577538163354975,0.0,1,no_initial_change_stable,class_01,/Users/shunhao/Desktop/ML/lab/NEW/som_200h_reanalysis/02_selected_curve_database/main_high_quality_min10/x_time_h/10.1002_solr.202000819/Fig7_B_pce/accepted/10.1002_solr.202000819__Fig7__B__pce__Pristine__Series_1.csv
x_time_h/10.1002_solr.202100249/Fig5_D_stability_performance_curve_pce/accepted/10.1002_solr.202100249__Fig5__D__stability_performance_curve_pce__w_o_F4-TCNQ__Series_1.csv,10.1002/solr.202100249|Fig5_D_stability_performance_curve_pce|10.1002_solr.202100249__Fig5__D__stability_performance_curve_pce__w_o_F4-TCNQ__Series_1,/Users/shunhao/Desktop/ML/lab/data_all/x_time_h/10.1002_solr.202100249/Fig5_D_stability_performance_curve_pce/accepted/10.1002_solr.202100249__Fig5__D__stability_performance_curve_pce__w_o_F4-TCNQ__Series_1.csv,x_time_h/10.1002_solr.202100249/Fig5_D_stability_performance_curve_pce/accepted/10.1002_solr.202100249__Fig5__D__stability_performance_curve_pce__w_o_F4-TCNQ__Series_1.csv,10.1002/solr.202100249,Fig5_D_stability_performance_curve_pce,Series_1,42,41,16,1,820.0088714591463,211.6151926346184,True,16.846080473842218,0.8924491340923634,0.972234161583621,709,13,3,1,node_3_1,1.4359251073421453,0.8924491340923634,0.8982663794562816,0.9402923812798116,0.9911923213313357,0.9937825721322052,0.972234161583621,119.0,1,no_initial_change_stable,class_01,/Users/shunhao/Desktop/ML/lab/NEW/som_200h_reanalysis/02_selected_curve_database/main_high_quality_min10/x_time_h/10.1002_solr.202100249/Fig5_D_stability_performance_curve_pce/accepted/10.1002_solr.202100249__Fig5__D__stability_performance_curve_pce__w_o_F4-TCNQ__Series_1.csv
x_time_h/10.1002_solr.202101103/Fig7_A_pce/accepted/10.1002_solr.202101103__Fig7__A__pce__MAGA_without_NH₄Br__Series_1.csv,10.1002/solr.202101103|Fig7_A_pce|10.1002_solr.202101103__Fig7__A__pce__MAGA_without_NH₄Br__Series_1,/Users/shunhao/Desktop/ML/lab/data_all/x_time_h/10.1002_solr.202101103/Fig7_A_pce/accepted/10.1002_solr.202101103__Fig7__A__pce__MAGA_without_NH₄Br__Series_1.csv,x_time_h/10.1002_solr.202101103/Fig7_A_pce/accepted/10.1002_solr.202101103__Fig7__A__pce__MAGA_without_NH₄Br__Series_1.csv,10.1002/solr.202101103,Fig7_A_pce,Series_1,141,141,12,0,2401.193890757085,205.81661920775016,True,0.9918391808142388,1.0,0.9714179764543496,720,13,3,1,node_3_1,0.36328808196797524,1.0,0.9948852452062835,0.9782559956440954,0.9766066324506812,0.9740543437692172,0.9714179764543496,0.0,1,no_initial_change_stable,class_01,/Users/shunhao/Desktop/ML/lab/NEW/som_200h_reanalysis/02_selected_curve_database/main_high_quality_min10/x_time_h/10.1002_solr.202101103/Fig7_A_pce/accepted/10.1002_solr.202101103__Fig7__A__pce__MAGA_without_NH₄Br__Series_1.csv
x_time_h/10.1002_solr.202101103/Fig7_C_pce/accepted/10.1002_solr.202101103__Fig7__C__pce__MAGA_without_NH₄Br__Series_1.csv,10.1002/solr.202101103|Fig7_C_pce|10.1002_solr.202101103__Fig7__C__pce__MAGA_without_NH₄Br__Series_1,/Users/shunhao/Desktop/ML/lab/data_all/x_time_h/10.1002_solr.202101103/Fig7_C_pce/accepted/10.1002_solr.202101103__Fig7__C__pce__MAGA_without_NH₄Br__Series_1.csv,x_time_h/10.1002_solr.202101103/Fig7_C_pce/accepted/10.1002_solr.202101103__Fig7__C__pce__MAGA_without_NH₄Br__Series_1.csv,10.1002/solr.202101103,Fig7_C_pce,Series_1,61,61,15,0,814.7825400164838,203.69563500412096,True,1.0005473728534882,0.9994120459615304,0.9715860964766562,722,13,3,1,node_3_1,0.24584634759667529,0.9994120459615304,0.9999269313232723,0.9912183713264192,0.982053064229731,0.9764987782198102,0.9715860964766562,7.833333333333333,1,no_initial_change_stable,class_01,/Users/shunhao/Desktop/ML/lab/NEW/som_200h_reanalysis/02_selected_curve_database/main_high_quality_min10/x_time_h/10.1002_solr.202101103/Fig7_C_pce/accepted/10.1002_solr.202101103__Fig7__C__pce__MAGA_without_NH₄Br__Series_1.csv
x_time_h/10.1007_s40843-020-1581-4/Fig4_D_stability_performance_curve/accepted/10.1007_s40843-020-1581-4__Fig4__D__stability_performance_curve__Sn-target__Series_1.csv,10.1007/s40843-020-1581-4|Fig4_D_stability_performance_curve|10.1007_s40843-020-1581-4__Fig4__D__stability_performance_curve__Sn-target__Series_1,/Users/shunhao/Desktop/ML/lab/data_all/x_time_h/10.1007_s40843-020-1581-4/Fig4_D_stability_performance_curve/accepted/10.1007_s40843-020-1581-4__Fig4__D__stability_performance_curve__Sn-target__Series_1.csv,x_time_h/10.1007_s40843-020-1581-4/Fig4_D_stability_performance_curve/accepted/10.1007_s40843-020-1581-4__Fig4__D__stability_performance_curve__Sn-target__Series_1.csv,10.1007/s40843-020-1581-4,Fig4_D_stability_performance_curve,Series_1,51,51,11,0,987.3934463791452,217.2265582034119,True,1.014231741960321,0.9898794190793492,0.9873209732977012,748,13,3,1,node_3_1,0.26486319224148824,0.9898794190793491,0.9888787327850388,0.9987941797145167,0.9969951758486097,0.9908590991269919,0.9873209732977011,71.16666666666666,1,no_initial_change_stable,class_01,/Users/shunhao/Desktop/ML/lab/NEW/som_200h_reanalysis/02_selected_curve_database/main_high_quality_min10/x_time_h/10.1007_s40843-020-1581-4/Fig4_D_stability_performance_curve/accepted/10.1007_s40843-020-1581-4__Fig4__D__stability_performance_curve__Sn-target__Series_1.csv
x_time_h/10.1007_s42114-024-01208-7/Fig5_A_statistics_stability_performance_curve_pce/accepted/10.1007_s42114-024-01208-7__Fig5__A__statistics_stability_performance_curve_pce__o-Control__Series_1.csv,10.1007/s42114-024-01208-7|Fig5_A_statistics_stability_performance_curve_pce|10.1007_s42114-024-01208-7__Fig5__A__statistics_stability_performance_curve_pce__o-Control__Series_1,/Users/shunhao/Desktop/ML/lab/data_all/x_time_h/10.1007_s42114-024-01208-7/Fig5_A_statistics_stability_performance_curve_pce/accepted/10.1007_s42114-024-01208-7__Fig5__A__statistics_stability_performance_curve_pce__o-Control__Series_1.csv,x_time_h/10.1007_s42114-024-01208-7/Fig5_A_statistics_stability_performance_curve_pce/accepted/10.1007_s42114-024-01208-7__Fig5__A__statistics_stability_performance_curve_pce__o-Control__Series_1.csv,10.1007/s42114-024-01208-7,Fig5_A_statistics_stability_performance_curve_pce,Series_1,64,64,12,0,1144.3358203579503,217.96872768722875,True,1.0076330433082257,1.0,0.9675056549121468,750,13,3,1,node_3_1,0.2699325592306792,1.0,0.9967970342046957,0.989621308923907,0.9819391364364981,0.9737662052786228,0.9675056549121469,0.0,1,no_initial_change_stable,class_01,/Users/shunhao/Desktop/ML/lab/NEW/som_200h_reanalysis/02_selected_curve_database/main_high_quality_min10/x_time_h/10.1007_s42114-024-01208-7/Fig5_A_statistics_stability_performance_curve_pce/accepted/10.1007_s42114-024-01208-7__Fig5__A__statistics_stability_performance_curve_pce__o-Control__Series_1.csv
x_time_h/10.1016_j.cej.2019.04.099/Fig5_B_pce/accepted/10.1016_j.cej.2019.04.099__Fig5__B__pce__W_O_ILPF₆__Series_1.csv,10.1016/j.cej.2019.04.099|Fig5_B_pce|10.1016_j.cej.2019.04.099__Fig5__B__pce__W_O_ILPF₆__Series_1,/Users/shunhao/Desktop/ML/lab/data_all/x_time_h/10.1016_j.cej.2019.04.099/Fig5_B_pce/accepted/10.1016_j.cej.2019.04.099__Fig5__B__pce__W_O_ILPF₆__Series_1.csv,x_time_h/10.1016_j.cej.2019.04.099/Fig5_B_pce/accepted/10.1016_j.cej.2019.04.099__Fig5__B__pce__W_O_ILPF₆__Series_1.csv,10.1016/j.cej.2019.04.099,Fig5_B_pce,Series_1,57,57,14,0,830.1004006401221,207.52510016003052,True,10.10737945639206,1.0,0.9630675291902518,756,13,3,1,node_3_1,0.2447711885458674,1.0,0.9984413033090386,0.9922065165451923,0.9844130330903845,0.9765416208039717,0.9630675291902518,0.0,1,no_initial_change_stable,class_01,/Users/shunhao/Desktop/ML/lab/NEW/som_200h_reanalysis/02_selected_curve_database/main_high_quality_min10/x_time_h/10.1016_j.cej.2019.04.099/Fig5_B_pce/accepted/10.1016_j.cej.2019.04.099__Fig5__B__pce__W_O_ILPF₆__Series_1.csv
x_time_h/10.1016_j.cej.2020.126712/Fig5_B_stability_performance_curve_pce_pattern/accepted/10.1016_j.cej.2020.126712__Fig5__B__stability_performance_curve_pce_pattern__F0__Series_2.csv,10.1016/j.cej.2020.126712|Fig5_B_stability_performance_curve_pce_pattern|10.1016_j.cej.2020.126712__Fig5__B__stability_performance_curve_pce_pattern__F0__Series_2,/Users/shunhao/Desktop/ML/lab/data_all/x_time_h/10.1016_j.cej.2020.126712/Fig5_B_stability_performance_curve_pce_pattern/accepted/10.1016_j.cej.2020.126712__Fig5__B__stability_performance_curve_pce_pattern__F0__Series_2.csv,x_time_h/10.1016_j.cej.2020.126712/Fig5_B_stability_performance_curve_pce_pattern/accepted/10.1016_j.cej.2020.126712__Fig5__B__stability_performance_curve_pce_pattern__F0__Series_2.csv,10.1016/j.cej.2020.126712,Fig5_B_stability_performance_curve_pce_pattern,Series_2,62,62,10,0,1271.664406817245,208.469574888073,True,1.009718080632318,1.0,0.973493294139294,761,13,3,1,node_3_1,0.2508679416869837,1.0,0.9957679919853336,0.9793296009073872,0.9819070604051016,0.9797187453862982,0.9734932941392941,0.0,1,no_initial_change_stable,class_01,/Users/shunhao/Desktop/ML/lab/NEW/som_200h_reanalysis/02_selected_curve_database/main_high_quality_min10/x_time_h/10.1016_j.cej.2020.126712/Fig5_B_stability_performance_curve_pce_pattern/accepted/10.1016_j.cej.2020.126712__Fig5__B__stability_performance_curve_pce_pattern__F0__Series_2.csv
x_time_h/10.1016_j.cej.2020.127997/Fig5_F_stability_performance_curve_pce/accepted/10.1016_j.cej.2020.127997__Fig5__F__stability_performance_curve_pce__SnO₂__Series_1.csv,10.1016/j.cej.2020.127997|Fig5_F_stability_performance_curve_pce|10.1016_j.cej.2020.127997__Fig5__F__stability_performance_curve_pce__SnO₂__Series_1,/Users/shunhao/Desktop/ML/lab/data_all/x_time_h/10.1016_j.cej.2020.127997/Fig5_F_stability_performance_curve_pce/accepted/10.1016_j.cej.2020.127997__Fig5__F__stability_performance_curve_pce__SnO₂__Series_1.csv,x_time_h/10.1016_j.cej.2020.127997/Fig5_F_stability_performance_curve_pce/accepted/10.1016_j.cej.2020.127997__Fig5__F__stability_performance_curve_pce__SnO₂__Series_1.csv,10.1016/j.cej.2020.127997,Fig5_F_stability_performance_curve_pce,Series_1,59,59,13,0,955.1417589331448,214.08349769191176,True,1.0019471468249472,0.9998325816904228,0.9907913492439512,765,13,3,1,node_3_1,0.2965324607218145,0.9998325816904228,0.9998325816904228,0.9974890264854538,0.99528363443345,0.9907913492439511,0.9907913492439511,27.5,1,no_initial_change_stable,class_01,/Users/shunhao/Desktop/ML/lab/NEW/som_200h_reanalysis/02_selected_curve_database/main_high_quality_min10/x_time_h/10.1016_j.cej.2020.127997/Fig5_F_stability_performance_curve_pce/accepted/10.1016_j.cej.2020.127997__Fig5__F__stability_performance_curve_pce__SnO₂__Series_1.csv
x_time_h/10.1016_j.cej.2021.130324/Fig6_A_stability_performance_curve_pce/accepted/10.1016_j.cej.2021.130324__Fig6__A__stability_performance_curve_pce__Pure_CsPbIBr₂__Series_2.csv,10.1016/j.cej.2021.130324|Fig6_A_stability_performance_curve_pce|10.1016_j.cej.2021.130324__Fig6__A__stability_performance_curve_pce__Pure_CsPbIBr₂__Series_2,/Users/shunhao/Desktop/ML/lab/data_all/x_time_h/10.1016_j.cej.2021.130324/Fig6_A_stability_performance_curve_pce/accepted/10.1016_j.cej.2021.130324__Fig6__A__stability_performance_curve_pce__Pure_CsPbIBr₂__Series_2.csv,x_time_h/10.1016_j.cej.2021.130324/Fig6_A_stability_performance_curve_pce/accepted/10.1016_j.cej.2021.130324__Fig6__A__stability_performance_curve_pce__Pure_CsPbIBr₂__Series_2.csv,10.1016/j.cej.2021.130324,Fig6_A_stability_performance_curve_pce,Series_2,74,74,18,0,814.607861701447,200.8622124743294,True,1.000664290867909,1.0,0.9765678052833374,768,13,3,1,node_3_1,0.21524251266299052,1.0,0.9983297279254044,0.9966064445755262,0.9932190735390234,0.9884602125125104,0.9765678052833374,0.0,1,no_initial_change_stable,class_01,/Users/shunhao/Desktop/ML/lab/NEW/som_200h_reanalysis/02_selected_curve_database/main_high_quality_min10/x_time_h/10.1016_j.cej.2021.130324/Fig6_A_stability_performance_curve_pce/accepted/10.1016_j.cej.2021.130324__Fig6__A__stability_performance_curve_pce__Pure_CsPbIBr₂__Series_2.csv
x_time_h/10.1016_j.cej.2021.130572/Fig5_A_stability_performance_curve_pce/accepted/10.1016_j.cej.2021.130572__Fig5__A__stability_performance_curve_pce__O-_w_o_HEMA__Series_2.csv,10.1016/j.cej.2021.130572|Fig5_A_stability_performance_curve_pce|10.1016_j.cej.2021.130572__Fig5__A__stability_performance_curve_pce__O-_w_o_HEMA__Series_2,/Users/shunhao/Desktop/ML/lab/data_all/x_time_h/10.1016_j.cej.2021.130572/Fig5_A_stability_performance_curve_pce/accepted/10.1016_j.cej.2021.130572__Fig5__A__stability_performance_curve_pce__O-_w_o_HEMA__Series_2.csv,x_time_h/10.1016_j.cej.2021.130572/Fig5_A_stability_performance_curve_pce/accepted/10.1016_j.cej.2021.130572__Fig5__A__stability_performance_curve_pce__O-_w_o_HEMA__Series_2.csv,10.1016/j.cej.2021.130572,Fig5_A_stability_performance_curve_pce,Series_2,67,67,14,0,1006.9296487328904,213.59113761000705,True,1.017551937665334,0.983847121061361,0.996623621246501,769,13,3,1,node_3_1,0.36200637219739434,0.983847121061361,0.9835184751676803,0.9877100459764586,0.9918546997480634,0.9977339589987784,0.996623621246501,175.5,1,no_initial_change_stable,class_01,/Users/shunhao/Desktop/ML/lab/NEW/som_200h_reanalysis/02_selected_curve_database/main_high_quality_min10/x_time_h/10.1016_j.cej.2021.130572/Fig5_A_stability_performance_curve_pce/accepted/10.1016_j.cej.2021.130572__Fig5__A__stability_performance_curve_pce__O-_w_o_HEMA__Series_2.csv
x_time_h/10.1016_j.electacta.2018.07.044/Fig4_H_stability_performance_curve_pce/accepted/10.1016_j.electacta.2018.07.044__Fig4__H__stability_performance_curve_pce__Mg(0.04)-TiO₂__Series_2.csv,10.1016/j.electacta.2018.07.044|Fig4_H_stability_performance_curve_pce|10.1016_j.electacta.2018.07.044__Fig4__H__stability_performance_curve_pce__Mg(0.04)-TiO₂__Series_2,/Users/shunhao/Desktop/ML/lab/data_all/x_time_h/10.1016_j.electacta.2018.07.044/Fig4_H_stability_performance_curve_pce/accepted/10.1016_j.electacta.2018.07.044__Fig4__H__stability_performance_curve_pce__Mg(0.04)-TiO₂__Series_2.csv,x_time_h/10.1016_j.electacta.2018.07.044/Fig4_H_stability_performance_curve_pce/accepted/10.1016_j.electacta.2018.07.044__Fig4__H__stability_performance_curve_pce__Mg(0.04)-TiO₂__Series_2.csv,10.1016/j.electacta.2018.07.044,Fig4_H_stability_performance_curve_pce,Series_2,65,65,19,0,707.3368339557683,209.99062258061872,True,1.0714943327909097,0.9401220445901196,0.9978155531999932,782,13,3,1,node_3_1,0.6645343640303597,0.9401220445901196,0.9485677632238045,0.9747935253018488,0.9813723789733987,0.99795578313352,0.9978155531999932,184.16666666666663,1,no_initial_change_stable,class_01,/Users/shunhao/Desktop/ML/lab/NEW/som_200h_reanalysis/02_selected_curve_database/main_high_quality_min10/x_time_h/10.1016_j.electacta.2018.07.044/Fig4_H_stability_performance_curve_pce/accepted/10.1016_j.electacta.2018.07.044__Fig4__H__stability_performance_curve_pce__Mg(0.04)-TiO₂__Series_2.csv
x_time_h/10.1016_j.electacta.2018.07.044/Fig4_H_stability_performance_curve_pce/accepted/10.1016_j.electacta.2018.07.044__Fig4__H__stability_performance_curve_pce__None-doped_TiO₂__Series_1.csv,10.1016/j.electacta.2018.07.044|Fig4_H_stability_performance_curve_pce|10.1016_j.electacta.2018.07.044__Fig4__H__stability_performance_curve_pce__None-doped_TiO₂__Series_1,/Users/shunhao/Desktop/ML/lab/data_all/x_time_h/10.1016_j.electacta.2018.07.044/Fig4_H_stability_performance_curve_pce/accepted/10.1016_j.electacta.2018.07.044__Fig4__H__stability_performance_curve_pce__None-doped_TiO₂__Series_1.csv,x_time_h/10.1016_j.electacta.2018.07.044/Fig4_H_stability_performance_curve_pce/accepted/10.1016_j.electacta.2018.07.044__Fig4__H__stability_performance_curve_pce__None-doped_TiO₂__Series_1.csv,10.1016/j.electacta.2018.07.044,Fig4_H_stability_performance_curve_pce,Series_1,65,65,19,0,707.3368339557683,209.99062258061872,True,1.095350192898711,0.9123421061874702,0.9925029289193008,783,13,3,1,node_3_1,0.9644047724384391,0.9123421061874702,0.9239085947820884,0.9654774837898462,0.991132069530487,0.9990188083560362,0.9925029289193009,121.66666666666666,1,no_initial_change_stable,class_01,/Users/shunhao/Desktop/ML/lab/NEW/som_200h_reanalysis/02_selected_curve_database/main_high_quality_min10/x_time_h/10.1016_j.electacta.2018.07.044/Fig4_H_stability_performance_curve_pce/accepted/10.1016_j.electacta.2018.07.044__Fig4__H__stability_performance_curve_pce__None-doped_TiO₂__Series_1.csv
x_time_h/10.1016_j.electacta.2022.140172/Fig6_D_stability_performance_curve_pce/accepted/10.1016_j.electacta.2022.140172__Fig6__D__stability_performance_curve_pce__Control__Series_2.csv,10.1016/j.electacta.2022.140172|Fig6_D_stability_performance_curve_pce|10.1016_j.electacta.2022.140172__Fig6__D__stability_performance_curve_pce__Control__Series_2,/Users/shunhao/Desktop/ML/lab/data_all/x_time_h/10.1016_j.electacta.2022.140172/Fig6_D_stability_performance_curve_pce/accepted/10.1016_j.electacta.2022.140172__Fig6__D__stability_performance_curve_pce__Control__Series_2.csv,x_time_h/10.1016_j.electacta.2022.140172/Fig6_D_stability_performance_curve_pce/accepted/10.1016_j.electacta.2022.140172__Fig6__D__stability_performance_curve_pce__Control__Series_2.csv,10.1016/j.electacta.2022.140172,Fig6_D_stability_performance_curve_pce,Series_2,60,60,14,0,856.9424881565598,203.34228532528536,True,0.9993257333370223,1.0,0.9668982802556804,785,13,3,1,node_3_1,0.270178545800344,1.0,0.9976131413687311,0.9911318575438307,0.9822637150876614,0.97425045976553,0.9668982802556805,0.0,1,no_initial_change_stable,class_01,/Users/shunhao/Desktop/ML/lab/NEW/som_200h_reanalysis/02_selected_curve_database/main_high_quality_min10/x_time_h/10.1016_j.electacta.2022.140172/Fig6_D_stability_performance_curve_pce/accepted/10.1016_j.electacta.2022.140172__Fig6__D__stability_performance_curve_pce__Control__Series_2.csv
x_time_h/10.1016_j.jechem.2019.08.015/Fig5_D_stability_performance_curve_ff/accepted/10.1016_j.jechem.2019.08.015__Fig5__D__stability_performance_curve_ff__IDT2__Series_1.csv,10.1016/j.jechem.2019.08.015|Fig5_D_stability_performance_curve_ff|10.1016_j.jechem.2019.08.015__Fig5__D__stability_performance_curve_ff__IDT2__Series_1,/Users/shunhao/Desktop/ML/lab/data_all/x_time_h/10.1016_j.jechem.2019.08.015/Fig5_D_stability_performance_curve_ff/accepted/10.1016_j.jechem.2019.08.015__Fig5__D__stability_performance_curve_ff__IDT2__Series_1.csv,x_time_h/10.1016_j.jechem.2019.08.015/Fig5_D_stability_performance_curve_ff/accepted/10.1016_j.jechem.2019.08.015__Fig5__D__stability_performance_curve_ff__IDT2__Series_1.csv,10.1016/j.jechem.2019.08.015,Fig5_D_stability_performance_curve_ff,Series_1,64,64,26,0,498.72024347930414,205.8210528644747,True,15.913653048281128,0.9868431074704253,0.9284877256938574,796,13,3,1,node_3_1,0.5293218151340751,0.9868431074704251,0.9895320130517478,0.9955353093548647,0.9999120040314007,0.980020555780328,0.9284877256938574,81.83333333333333,1,no_initial_change_stable,class_01,/Users/shunhao/Desktop/ML/lab/NEW/som_200h_reanalysis/02_selected_curve_database/main_high_quality_min10/x_time_h/10.1016_j.jechem.2019.08.015/Fig5_D_stability_performance_curve_ff/accepted/10.1016_j.jechem.2019.08.015__Fig5__D__stability_performance_curve_ff__IDT2__Series_1.csv
x_time_h/10.1016_j.jechem.2020.06.019/Fig6_A_jv_curve_stability_performance_pce/accepted/10.1016_j.jechem.2020.06.019__Fig6__A__jv_curve_stability_performance_pce__DIP-KCI__Series_3.csv,10.1016/j.jechem.2020.06.019|Fig6_A_jv_curve_stability_performance_pce|10.1016_j.jechem.2020.06.019__Fig6__A__jv_curve_stability_performance_pce__DIP-KCI__Series_3,/Users/shunhao/Desktop/ML/lab/data_all/x_time_h/10.1016_j.jechem.2020.06.019/Fig6_A_jv_curve_stability_performance_pce/accepted/10.1016_j.jechem.2020.06.019__Fig6__A__jv_curve_stability_performance_pce__DIP-KCI__Series_3.csv,x_time_h/10.1016_j.jechem.2020.06.019/Fig6_A_jv_curve_stability_performance_pce/accepted/10.1016_j.jechem.2020.06.019__Fig6__A__jv_curve_stability_performance_pce__DIP-KCI__Series_3.csv,10.1016/j.jechem.2020.06.019,Fig6_A_jv_curve_stability_performance_pce,Series_3,68,68,28,0,492.9112870099196,205.99277666086192,True,1.0005360934180447,0.9998118447970662,0.9957241073352334,800,13,3,1,node_3_1,0.38270170258783104,0.9998118447970662,0.9994604019326253,0.9978554224853665,0.996430705561035,0.9958990001736668,0.9957241073352334,4.166666666666666,1,no_initial_change_stable,class_01,/Users/shunhao/Desktop/ML/lab/NEW/som_200h_reanalysis/02_selected_curve_database/main_high_quality_min10/x_time_h/10.1016_j.jechem.2020.06.019/Fig6_A_jv_curve_stability_performance_pce/accepted/10.1016_j.jechem.2020.06.019__Fig6__A__jv_curve_stability_performance_pce__DIP-KCI__Series_3.csv
x_time_h/10.1016_j.jechem.2020.06.019/Fig6_A_jv_curve_stability_performance_pce/accepted/10.1016_j.jechem.2020.06.019__Fig6__A__jv_curve_stability_performance_pce__SIP-KCI__Series_2.csv,10.1016/j.jechem.2020.06.019|Fig6_A_jv_curve_stability_performance_pce|10.1016_j.jechem.2020.06.019__Fig6__A__jv_curve_stability_performance_pce__SIP-KCI__Series_2,/Users/shunhao/Desktop/ML/lab/data_all/x_time_h/10.1016_j.jechem.2020.06.019/Fig6_A_jv_curve_stability_performance_pce/accepted/10.1016_j.jechem.2020.06.019__Fig6__A__jv_curve_stability_performance_pce__SIP-KCI__Series_2.csv,x_time_h/10.1016_j.jechem.2020.06.019/Fig6_A_jv_curve_stability_performance_pce/accepted/10.1016_j.jechem.2020.06.019__Fig6__A__jv_curve_stability_performance_pce__SIP-KCI__Series_2.csv,10.1016/j.jechem.2020.06.019,Fig6_A_jv_curve_stability_performance_pce,Series_2,66,66,28,0,478.1975172484294,205.99277666086192,True,0.9996559225573302,0.9997130804980744,0.966195707932055,802,13,3,1,node_3_1,0.26852066191876706,0.9997130804980744,0.9990248749387814,0.9920798843237474,0.9854958049177103,0.9745260584120579,0.966195707932055,4.0,1,no_initial_change_stable,class_01,/Users/shunhao/Desktop/ML/lab/NEW/som_200h_reanalysis/02_selected_curve_database/main_high_quality_min10/x_time_h/10.1016_j.jechem.2020.06.019/Fig6_A_jv_curve_stability_performance_pce/accepted/10.1016_j.jechem.2020.06.019__Fig6__A__jv_curve_stability_performance_pce__SIP-KCI__Series_2.csv
x_time_h/10.1016_j.jechem.2020.06.019/Fig6_B_mppt_stability_performance_curve/accepted/10.1016_j.jechem.2020.06.019__Fig6__B__mppt_stability_performance_curve__DIP-KCI__Series_3.csv,10.1016/j.jechem.2020.06.019|Fig6_B_mppt_stability_performance_curve|10.1016_j.jechem.2020.06.019__Fig6__B__mppt_stability_performance_curve__DIP-KCI__Series_3,/Users/shunhao/Desktop/ML/lab/data_all/x_time_h/10.1016_j.jechem.2020.06.019/Fig6_B_mppt_stability_performance_curve/accepted/10.1016_j.jechem.2020.06.019__Fig6__B__mppt_stability_performance_curve__DIP-KCI__Series_3.csv,x_time_h/10.1016_j.jechem.2020.06.019/Fig6_B_mppt_stability_performance_curve/accepted/10.1016_j.jechem.2020.06.019__Fig6__B__mppt_stability_performance_curve__DIP-KCI__Series_3.csv,10.1016/j.jechem.2020.06.019,Fig6_B_mppt_stability_performance_curve,Series_3,67,67,14,0,970.9411898382824,205.9572220869084,True,1.001007927595844,1.0,0.9833569978964876,803,13,3,1,node_3_1,0.18248359822717758,1.0,0.9995141099569365,0.994331169160143,0.9883694303673718,0.9870966476197774,0.9833569978964875,0.0,1,no_initial_change_stable,class_01,/Users/shunhao/Desktop/ML/lab/NEW/som_200h_reanalysis/02_selected_curve_database/main_high_quality_min10/x_time_h/10.1016_j.jechem.2020.06.019/Fig6_B_mppt_stability_performance_curve/accepted/10.1016_j.jechem.2020.06.019__Fig6__B__mppt_stability_performance_curve__DIP-KCI__Series_3.csv
x_time_h/10.1016_j.jechem.2020.08.055/Fig4_B_stability/accepted/10.1016_j.jechem.2020.08.055__Fig4__B__stability__FA-0__Series_1.csv,10.1016/j.jechem.2020.08.055|Fig4_B_stability|10.1016_j.jechem.2020.08.055__Fig4__B__stability__FA-0__Series_1,/Users/shunhao/Desktop/ML/lab/data_all/x_time_h/10.1016_j.jechem.2020.08.055/Fig4_B_stability/accepted/10.1016_j.jechem.2020.08.055__Fig4__B__stability__FA-0__Series_1.csv,x_time_h/10.1016_j.jechem.2020.08.055/Fig4_B_stability/accepted/10.1016_j.jechem.2020.08.055__Fig4__B__stability__FA-0__Series_1.csv,10.1016/j.jechem.2020.08.055,Fig4_B_stability,Series_1,78,78,20,0,775.4641163219128,201.41925099270463,True,0.9987938647950042,1.0,0.9825910112673818,807,13,3,1,node_3_1,0.2647785092821208,1.0,0.9963975892380242,0.9856159205773473,0.9746937842071487,0.9818601280638695,0.9825910112673818,0.0,1,no_initial_change_stable,class_01,/Users/shunhao/Desktop/ML/lab/NEW/som_200h_reanalysis/02_selected_curve_database/main_high_quality_min10/x_time_h/10.1016_j.jechem.2020.08.055/Fig4_B_stability/accepted/10.1016_j.jechem.2020.08.055__Fig4__B__stability__FA-0__Series_1.csv
x_time_h/10.1016_j.jechem.2021.02.017/Fig4_F_stability_performance_curve_voc/accepted/10.1016_j.jechem.2021.02.017__Fig4__F__stability_performance_curve_voc__Control__Series_1.csv,10.1016/j.jechem.2021.02.017|Fig4_F_stability_performance_curve_voc|10.1016_j.jechem.2021.02.017__Fig4__F__stability_performance_curve_voc__Control__Series_1,/Users/shunhao/Desktop/ML/lab/data_all/x_time_h/10.1016_j.jechem.2021.02.017/Fig4_F_stability_performance_curve_voc/accepted/10.1016_j.jechem.2021.02.017__Fig4__F__stability_performance_curve_voc__Control__Series_1.csv,x_time_h/10.1016_j.jechem.2021.02.017/Fig4_F_stability_performance_curve_voc/accepted/10.1016_j.jechem.2021.02.017__Fig4__F__stability_performance_curve_voc__Control__Series_1.csv,10.1016/j.jechem.2021.02.017,Fig4_F_stability_performance_curve_voc,Series_1,46,46,10,0,996.196518368969,221.3770040819931,True,100.44543836557366,1.0,0.9644179716150668,808,13,3,1,node_3_1,0.2806873150567281,1.0,0.9984329513433644,0.996901744003566,0.9862930143884506,0.9739941501414529,0.9644179716150669,0.0,1,no_initial_change_stable,class_01,/Users/shunhao/Desktop/ML/lab/NEW/som_200h_reanalysis/02_selected_curve_database/main_high_quality_min10/x_time_h/10.1016_j.jechem.2021.02.017/Fig4_F_stability_performance_curve_voc/accepted/10.1016_j.jechem.2021.02.017__Fig4__F__stability_performance_curve_voc__Control__Series_1.csv
x_time_h/10.1016_j.jechem.2021.07.011/Fig6_D_pce/accepted/10.1016_j.jechem.2021.07.011__Fig6__D__pce__SnO₂__Series_2.csv,10.1016/j.jechem.2021.07.011|Fig6_D_pce|10.1016_j.jechem.2021.07.011__Fig6__D__pce__SnO₂__Series_2,/Users/shunhao/Desktop/ML/lab/data_all/x_time_h/10.1016_j.jechem.2021.07.011/Fig6_D_pce/accepted/10.1016_j.jechem.2021.07.011__Fig6__D__pce__SnO₂__Series_2.csv,x_time_h/10.1016_j.jechem.2021.07.011/Fig6_D_pce/accepted/10.1016_j.jechem.2021.07.011__Fig6__D__pce__SnO₂__Series_2.csv,10.1016/j.jechem.2021.07.011,Fig6_D_pce,Series_2,40,40,11,0,755.0646763839034,212.96696000571632,True,0.9946623990745362,0.949047372404882,1.0,815,13,3,1,node_3_1,0.7654593669711613,0.949047372404882,0.9515406845026311,0.9630169205484338,0.9739530231873229,0.9906652646641511,1.0,200.0,1,no_initial_change_stable,class_01,/Users/shunhao/Desktop/ML/lab/NEW/som_200h_reanalysis/02_selected_curve_database/main_high_quality_min10/x_time_h/10.1016_j.jechem.2021.07.011/Fig6_D_pce/accepted/10.1016_j.jechem.2021.07.011__Fig6__D__pce__SnO₂__Series_2.csv
x_time_h/10.1016_j.jechem.2021.08.021/Fig5_H_voc/accepted/10.1016_j.jechem.2021.08.021__Fig5__H__voc__w_o_GABr__Series_1.csv,10.1016/j.jechem.2021.08.021|Fig5_H_voc|10.1016_j.jechem.2021.08.021__Fig5__H__voc__w_o_GABr__Series_1,/Users/shunhao/Desktop/ML/lab/data_all/x_time_h/10.1016_j.jechem.2021.08.021/Fig5_H_voc/accepted/10.1016_j.jechem.2021.08.021__Fig5__H__voc__w_o_GABr__Series_1.csv,x_time_h/10.1016_j.jechem.2021.08.021/Fig5_H_voc/accepted/10.1016_j.jechem.2021.08.021__Fig5__H__voc__w_o_GABr__Series_1.csv,10.1016/j.jechem.2021.08.021,Fig5_H_voc,Series_1,51,51,11,0,903.845613889082,212.66955620919575,True,0.9834433279203189,0.9997232098957536,0.9701940770694812,816,13,3,1,node_3_1,0.19590061646415816,0.9997232098957536,0.9999907266802576,0.9922524796702464,0.9831776368735602,0.9865715568715507,0.9701940770694811,8.333333333333332,1,no_initial_change_stable,class_01,/Users/shunhao/Desktop/ML/lab/NEW/som_200h_reanalysis/02_selected_curve_database/main_high_quality_min10/x_time_h/10.1016_j.jechem.2021.08.021/Fig5_H_voc/accepted/10.1016_j.jechem.2021.08.021__Fig5__H__voc__w_o_GABr__Series_1.csv
x_time_h/10.1016_j.jmat.2021.02.004/Fig6_B_stability_performance_curve/accepted/10.1016_j.jmat.2021.02.004__Fig6__B__stability_performance_curve__o-Control__Series_1.csv,10.1016/j.jmat.2021.02.004|Fig6_B_stability_performance_curve|10.1016_j.jmat.2021.02.004__Fig6__B__stability_performance_curve__o-Control__Series_1,/Users/shunhao/Desktop/ML/lab/data_all/x_time_h/10.1016_j.jmat.2021.02.004/Fig6_B_stability_performance_curve/accepted/10.1016_j.jmat.2021.02.004__Fig6__B__stability_performance_curve__o-Control__Series_1.csv,x_time_h/10.1016_j.jmat.2021.02.004/Fig6_B_stability_performance_curve/accepted/10.1016_j.jmat.2021.02.004__Fig6__B__stability_performance_curve__o-Control__Series_1.csv,10.1016/j.jmat.2021.02.004,Fig6_B_stability_performance_curve,Series_1,52,52,11,0,959.8021765682053,207.0161557303972,True,1.0031536013392834,1.0,0.960667264159936,818,13,3,1,node_3_1,0.3005257821327101,1.0,0.9986742609829423,0.9933713049147112,0.9842317144230925,0.9727028019797715,0.960667264159936,0.0,1,no_initial_change_stable,class_01,/Users/shunhao/Desktop/ML/lab/NEW/som_200h_reanalysis/02_selected_curve_database/main_high_quality_min10/x_time_h/10.1016_j.jmat.2021.02.004/Fig6_B_stability_performance_curve/accepted/10.1016_j.jmat.2021.02.004__Fig6__B__stability_performance_curve__o-Control__Series_1.csv
x_time_h/10.1016_j.joule.2018.10.011/Fig4_E_jv_curve_stability_performance_pce/accepted/10.1016_j.joule.2018.10.011__Fig4__E__jv_curve_stability_performance_pce__GTA-ATS-IPA__Series_3.csv,10.1016/j.joule.2018.10.011|Fig4_E_jv_curve_stability_performance_pce|10.1016_j.joule.2018.10.011__Fig4__E__jv_curve_stability_performance_pce__GTA-ATS-IPA__Series_3,/Users/shunhao/Desktop/ML/lab/data_all/x_time_h/10.1016_j.joule.2018.10.011/Fig4_E_jv_curve_stability_performance_pce/accepted/10.1016_j.joule.2018.10.011__Fig4__E__jv_curve_stability_performance_pce__GTA-ATS-IPA__Series_3.csv,x_time_h/10.1016_j.joule.2018.10.011/Fig4_E_jv_curve_stability_performance_pce/accepted/10.1016_j.joule.2018.10.011__Fig4__E__jv_curve_stability_performance_pce__GTA-ATS-IPA__Series_3.csv,10.1016/j.joule.2018.10.011,Fig4_E_jv_curve_stability_performance_pce,Series_3,116,116,22,0,1049.3399654283794,200.7432977341248,True,1.0911323046173356,0.9262827098422224,0.9776917145130296,819,13,3,1,node_3_1,0.842624056153413,0.9262827098422224,0.9271389835073046,0.9700552678399463,0.9989418258669174,0.9865712135586454,0.9776917145130296,105.0,1,no_initial_change_stable,class_01,/Users/shunhao/Desktop/ML/lab/NEW/som_200h_reanalysis/02_selected_curve_database/main_high_quality_min10/x_time_h/10.1016_j.joule.2018.10.011/Fig4_E_jv_curve_stability_performance_pce/accepted/10.1016_j.joule.2018.10.011__Fig4__E__jv_curve_stability_performance_pce__GTA-ATS-IPA__Series_3.csv
x_time_h/10.1016_j.nanoen.2019.02.002/Fig2_D_stability_performance_curve_pce/accepted/10.1016_j.nanoen.2019.02.002__Fig2__D__stability_performance_curve_pce__Hot_3%_degradation__Series_2.csv,10.1016/j.nanoen.2019.02.002|Fig2_D_stability_performance_curve_pce|10.1016_j.nanoen.2019.02.002__Fig2__D__stability_performance_curve_pce__Hot_3%_degradation__Series_2,/Users/shunhao/Desktop/ML/lab/data_all/x_time_h/10.1016_j.nanoen.2019.02.002/Fig2_D_stability_performance_curve_pce/accepted/10.1016_j.nanoen.2019.02.002__Fig2__D__stability_performance_curve_pce__Hot_3%_degradation__Series_2.csv,x_time_h/10.1016_j.nanoen.2019.02.002/Fig2_D_stability_performance_curve_pce/accepted/10.1016_j.nanoen.2019.02.002__Fig2__D__stability_performance_curve_pce__Hot_3%_degradation__Series_2.csv,10.1016/j.nanoen.2019.02.002,Fig2_D_stability_performance_curve_pce,Series_2,60,60,12,0,1039.111634422539,211.3447392045842,True,1.0098424725191892,1.0,0.9751753021682568,854,13,3,1,node_3_1,0.23616302443692377,1.0,0.9951030302386132,0.9858040416652268,0.9785197679678972,0.9779109368336044,0.9751753021682568,0.0,1,no_initial_change_stable,class_01,/Users/shunhao/Desktop/ML/lab/NEW/som_200h_reanalysis/02_selected_curve_database/main_high_quality_min10/x_time_h/10.1016_j.nanoen.2019.02.002/Fig2_D_stability_performance_curve_pce/accepted/10.1016_j.nanoen.2019.02.002__Fig2__D__stability_performance_curve_pce__Hot_3%_degradation__Series_2.csv
x_time_h/10.1016_j.nanoen.2019.02.002/Fig2_D_stability_performance_curve_pce/accepted/10.1016_j.nanoen.2019.02.002__Fig2__D__stability_performance_curve_pce__RT_5%_degradation__Series_1.csv,10.1016/j.nanoen.2019.02.002|Fig2_D_stability_performance_curve_pce|10.1016_j.nanoen.2019.02.002__Fig2__D__stability_performance_curve_pce__RT_5%_degradation__Series_1,/Users/shunhao/Desktop/ML/lab/data_all/x_time_h/10.1016_j.nanoen.2019.02.002/Fig2_D_stability_performance_curve_pce/accepted/10.1016_j.nanoen.2019.02.002__Fig2__D__stability_performance_curve_pce__RT_5%_degradation__Series_1.csv,x_time_h/10.1016_j.nanoen.2019.02.002/Fig2_D_stability_performance_curve_pce/accepted/10.1016_j.nanoen.2019.02.002__Fig2__D__stability_performance_curve_pce__RT_5%_degradation__Series_1.csv,10.1016/j.nanoen.2019.02.002,Fig2_D_stability_performance_curve_pce,Series_1,56,56,12,0,968.6633880210107,211.34473920458424,True,0.9850575012263164,1.0,0.989647252622786,855,13,3,1,node_3_1,0.2778350199904175,1.0,0.9985713802757591,0.9928569013787956,0.9949678122826298,0.9924517184239445,0.989647252622786,0.0,1,no_initial_change_stable,class_01,/Users/shunhao/Desktop/ML/lab/NEW/som_200h_reanalysis/02_selected_curve_database/main_high_quality_min10/x_time_h/10.1016_j.nanoen.2019.02.002/Fig2_D_stability_performance_curve_pce/accepted/10.1016_j.nanoen.2019.02.002__Fig2__D__stability_performance_curve_pce__RT_5%_degradation__Series_1.csv
x_time_h/10.1016_j.nanoen.2019.03.091/Fig7_B_mppt_stability_performance_curve_pce/accepted/10.1016_j.nanoen.2019.03.091__Fig7__B__mppt_stability_performance_curve_pce__QDs-10_modified__Series_2.csv,10.1016/j.nanoen.2019.03.091|Fig7_B_mppt_stability_performance_curve_pce|10.1016_j.nanoen.2019.03.091__Fig7__B__mppt_stability_performance_curve_pce__QDs-10_modified__Series_2,/Users/shunhao/Desktop/ML/lab/data_all/x_time_h/10.1016_j.nanoen.2019.03.091/Fig7_B_mppt_stability_performance_curve_pce/accepted/10.1016_j.nanoen.2019.03.091__Fig7__B__mppt_stability_performance_curve_pce__QDs-10_modified__Series_2.csv,x_time_h/10.1016_j.nanoen.2019.03.091/Fig7_B_mppt_stability_performance_curve_pce/accepted/10.1016_j.nanoen.2019.03.091__Fig7__B__mppt_stability_performance_curve_pce__QDs-10_modified__Series_2.csv,10.1016/j.nanoen.2019.03.091,Fig7_B_mppt_stability_performance_curve_pce,Series_2,85,85,41,0,415.7551877196467,202.92812733935136,True,0.995976902330512,1.0,0.9838363714306751,863,13,3,1,node_3_1,0.15871465693939407,1.0,0.9973997249761684,0.9947994499523368,0.9895988999046735,0.9869986248808419,0.9838363714306751,0.0,1,no_initial_change_stable,class_01,/Users/shunhao/Desktop/ML/lab/NEW/som_200h_reanalysis/02_selected_curve_database/main_high_quality_min10/x_time_h/10.1016_j.nanoen.2019.03.091/Fig7_B_mppt_stability_performance_curve_pce/accepted/10.1016_j.nanoen.2019.03.091__Fig7__B__mppt_stability_performance_curve_pce__QDs-10_modified__Series_2.csv
x_time_h/10.1016_j.nanoen.2019.103962/Fig6_A_stability_performance_curve_structure/accepted/10.1016_j.nanoen.2019.103962__Fig6__A__stability_performance_curve_structure__FAMAhalfPSCs__Series_1.csv,10.1016/j.nanoen.2019.103962|Fig6_A_stability_performance_curve_structure|10.1016_j.nanoen.2019.103962__Fig6__A__stability_performance_curve_structure__FAMAhalfPSCs__Series_1,/Users/shunhao/Desktop/ML/lab/data_all/x_time_h/10.1016_j.nanoen.2019.103962/Fig6_A_stability_performance_curve_structure/accepted/10.1016_j.nanoen.2019.103962__Fig6__A__stability_performance_curve_structure__FAMAhalfPSCs__Series_1.csv,x_time_h/10.1016_j.nanoen.2019.103962/Fig6_A_stability_performance_curve_structure/accepted/10.1016_j.nanoen.2019.103962__Fig6__A__stability_performance_curve_structure__FAMAhalfPSCs__Series_1.csv,10.1016/j.nanoen.2019.103962,Fig6_A_stability_performance_curve_structure,Series_1,81,81,16,0,1006.2597272764788,201.25194545529575,True,1.001399511444229,1.0,0.977596084748803,870,13,3,1,node_3_1,0.15673471811269876,1.0,0.9984983970245548,0.9951745922136759,0.9885109842324233,0.983044866916597,0.977596084748803,0.0,1,no_initial_change_stable,class_01,/Users/shunhao/Desktop/ML/lab/NEW/som_200h_reanalysis/02_selected_curve_database/main_high_quality_min10/x_time_h/10.1016_j.nanoen.2019.103962/Fig6_A_stability_performance_curve_structure/accepted/10.1016_j.nanoen.2019.103962__Fig6__A__stability_performance_curve_structure__FAMAhalfPSCs__Series_1.csv
x_time_h/10.1016_j.nanoen.2019.104018/Fig3_D_stability_performance_curve_pce_jsc/accepted/10.1016_j.nanoen.2019.104018__Fig3__D__stability_performance_curve_pce_jsc__PATCVD-Gr_device__Series_2.csv,10.1016/j.nanoen.2019.104018|Fig3_D_stability_performance_curve_pce_jsc|10.1016_j.nanoen.2019.104018__Fig3__D__stability_performance_curve_pce_jsc__PATCVD-Gr_device__Series_2,/Users/shunhao/Desktop/ML/lab/data_all/x_time_h/10.1016_j.nanoen.2019.104018/Fig3_D_stability_performance_curve_pce_jsc/accepted/10.1016_j.nanoen.2019.104018__Fig3__D__stability_performance_curve_pce_jsc__PATCVD-Gr_device__Series_2.csv,x_time_h/10.1016_j.nanoen.2019.104018/Fig3_D_stability_performance_curve_pce_jsc/accepted/10.1016_j.nanoen.2019.104018__Fig3__D__stability_performance_curve_pce_jsc__PATCVD-Gr_device__Series_2.csv,10.1016/j.nanoen.2019.104018,Fig3_D_stability_performance_curve_pce_jsc,Series_2,50,50,20,0,505.66448023862336,206.39366540351975,True,14.286418924407611,0.9907899544158114,0.9742139715417076,871,13,3,1,node_3_1,0.17490054708237363,0.9907899544158114,0.9940881636017753,0.9990665667473254,0.9903485816161556,0.9826707939996889,0.9742139715417076,37.0,1,no_initial_change_stable,class_01,/Users/shunhao/Desktop/ML/lab/NEW/som_200h_reanalysis/02_selected_curve_database/main_high_quality_min10/x_time_h/10.1016_j.nanoen.2019.104018/Fig3_D_stability_performance_curve_pce_jsc/accepted/10.1016_j.nanoen.2019.104018__Fig3__D__stability_performance_curve_pce_jsc__PATCVD-Gr_device__Series_2.csv
x_time_h/10.1016_j.nanoen.2021.105742/Fig5_D_stability_performance_curve_pce_spectrum/accepted/10.1016_j.nanoen.2021.105742__Fig5__D__stability_performance_curve_pce_spectrum__CsFAMA__Series_1.csv,10.1016/j.nanoen.2021.105742|Fig5_D_stability_performance_curve_pce_spectrum|10.1016_j.nanoen.2021.105742__Fig5__D__stability_performance_curve_pce_spectrum__CsFAMA__Series_1,/Users/shunhao/Desktop/ML/lab/data_all/x_time_h/10.1016_j.nanoen.2021.105742/Fig5_D_stability_performance_curve_pce_spectrum/accepted/10.1016_j.nanoen.2021.105742__Fig5__D__stability_performance_curve_pce_spectrum__CsFAMA__Series_1.csv,x_time_h/10.1016_j.nanoen.2021.105742/Fig5_D_stability_performance_curve_pce_spectrum/accepted/10.1016_j.nanoen.2021.105742__Fig5__D__stability_performance_curve_pce_spectrum__CsFAMA__Series_1.csv,10.1016/j.nanoen.2021.105742,Fig5_D_stability_performance_curve_pce_spectrum,Series_1,64,64,15,0,854.1258582740409,203.36329958905736,True,1.003727013731886,1.0,0.9664527057129,890,13,3,1,node_3_1,0.3189528140551061,1.0,0.9939287861318752,0.9836539013654004,0.9793267473737914,0.9720503347216626,0.9664527057129001,0.0,1,no_initial_change_stable,class_01,/Users/shunhao/Desktop/ML/lab/NEW/som_200h_reanalysis/02_selected_curve_database/main_high_quality_min10/x_time_h/10.1016_j.nanoen.2021.105742/Fig5_D_stability_performance_curve_pce_spectrum/accepted/10.1016_j.nanoen.2021.105742__Fig5__D__stability_performance_curve_pce_spectrum__CsFAMA__Series_1.csv
x_time_h/10.1016_j.nanoen.2021.106286/Fig1_G_stability_performance_curve_pce/accepted/10.1016_j.nanoen.2021.106286__Fig1__G__stability_performance_curve_pce__Control__Series_1.csv,10.1016/j.nanoen.2021.106286|Fig1_G_stability_performance_curve_pce|10.1016_j.nanoen.2021.106286__Fig1__G__stability_performance_curve_pce__Control__Series_1,/Users/shunhao/Desktop/ML/lab/data_all/x_time_h/10.1016_j.nanoen.2021.106286/Fig1_G_stability_performance_curve_pce/accepted/10.1016_j.nanoen.2021.106286__Fig1__G__stability_performance_curve_pce__Control__Series_1.csv,x_time_h/10.1016_j.nanoen.2021.106286/Fig1_G_stability_performance_curve_pce/accepted/10.1016_j.nanoen.2021.106286__Fig1__G__stability_performance_curve_pce__Control__Series_1.csv,10.1016/j.nanoen.2021.106286,Fig1_G_stability_performance_curve_pce,Series_1,51,51,21,0,488.917332229478,205.34527953638073,True,19.29043313511803,1.0,0.99390993084574,893,13,3,1,node_3_1,0.3170769512506195,1.0,0.9979485098759844,0.9959399538971598,0.9939099308457399,0.9939099308457399,0.9939099308457399,0.0,1,no_initial_change_stable,class_01,/Users/shunhao/Desktop/ML/lab/NEW/som_200h_reanalysis/02_selected_curve_database/main_high_quality_min10/x_time_h/10.1016_j.nanoen.2021.106286/Fig1_G_stability_performance_curve_pce/accepted/10.1016_j.nanoen.2021.106286__Fig1__G__stability_performance_curve_pce__Control__Series_1.csv
x_time_h/10.1016_j.orgel.2019.105573/Fig6_A_stability_performance_curve_pce/accepted/10.1016_j.orgel.2019.105573__Fig6__A__stability_performance_curve_pce__PC61BM_BIZ__Series_2.csv,10.1016/j.orgel.2019.105573|Fig6_A_stability_performance_curve_pce|10.1016_j.orgel.2019.105573__Fig6__A__stability_performance_curve_pce__PC61BM_BIZ__Series_2,/Users/shunhao/Desktop/ML/lab/data_all/x_time_h/10.1016_j.orgel.2019.105573/Fig6_A_stability_performance_curve_pce/accepted/10.1016_j.orgel.2019.105573__Fig6__A__stability_performance_curve_pce__PC61BM_BIZ__Series_2.csv,x_time_h/10.1016_j.orgel.2019.105573/Fig6_A_stability_performance_curve_pce/accepted/10.1016_j.orgel.2019.105573__Fig6__A__stability_performance_curve_pce__PC61BM_BIZ__Series_2.csv,10.1016/j.orgel.2019.105573,Fig6_A_stability_performance_curve_pce,Series_2,55,55,26,0,423.41286777434493,203.86545485431424,True,1.0051272236302042,0.9981614319126207,0.9791946967731576,911,13,3,1,node_3_1,0.1923832487501421,0.9981614319126207,0.9993843532162198,0.9959765109277884,0.9919307733096545,0.9860909437388086,0.9791946967731577,15.666666666666666,1,no_initial_change_stable,class_01,/Users/shunhao/Desktop/ML/lab/NEW/som_200h_reanalysis/02_selected_curve_database/main_high_quality_min10/x_time_h/10.1016_j.orgel.2019.105573/Fig6_A_stability_performance_curve_pce/accepted/10.1016_j.orgel.2019.105573__Fig6__A__stability_performance_curve_pce__PC61BM_BIZ__Series_2.csv
x_time_h/10.1016_j.orgel.2021.106310/Fig6_B_stability_performance_curve/accepted/10.1016_j.orgel.2021.106310__Fig6__B__stability_performance_curve__0_mg__Series_2.csv,10.1016/j.orgel.2021.106310|Fig6_B_stability_performance_curve|10.1016_j.orgel.2021.106310__Fig6__B__stability_performance_curve__0_mg__Series_2,/Users/shunhao/Desktop/ML/lab/data_all/x_time_h/10.1016_j.orgel.2021.106310/Fig6_B_stability_performance_curve/accepted/10.1016_j.orgel.2021.106310__Fig6__B__stability_performance_curve__0_mg__Series_2.csv,x_time_h/10.1016_j.orgel.2021.106310/Fig6_B_stability_performance_curve/accepted/10.1016_j.orgel.2021.106310__Fig6__B__stability_performance_curve__0_mg__Series_2.csv,10.1016/j.orgel.2021.106310,Fig6_B_stability_performance_curve,Series_2,66,66,11,0,1017.4183009563328,209.46847372630387,True,0.997961943812528,0.9813345794632028,0.9767359562925022,917,13,3,1,node_3_1,0.20471001897156516,0.9813345794632028,0.9849331735819485,0.9975918069638585,0.9968307025279798,0.9887167761821302,0.9767359562925022,60.83333333333333,1,no_initial_change_stable,class_01,/Users/shunhao/Desktop/ML/lab/NEW/som_200h_reanalysis/02_selected_curve_database/main_high_quality_min10/x_time_h/10.1016_j.orgel.2021.106310/Fig6_B_stability_performance_curve/accepted/10.1016_j.orgel.2021.106310__Fig6__B__stability_performance_curve__0_mg__Series_2.csv
x_time_h/10.1016_j.physb.2020.412124/Fig11_A_stability_performance_curve_pce/accepted/10.1016_j.physb.2020.412124__Fig11__A__stability_performance_curve_pce__X60WLi-TFSI__Series_1.csv,10.1016/j.physb.2020.412124|Fig11_A_stability_performance_curve_pce|10.1016_j.physb.2020.412124__Fig11__A__stability_performance_curve_pce__X60WLi-TFSI__Series_1,/Users/shunhao/Desktop/ML/lab/data_all/x_time_h/10.1016_j.physb.2020.412124/Fig11_A_stability_performance_curve_pce/accepted/10.1016_j.physb.2020.412124__Fig11__A__stability_performance_curve_pce__X60WLi-TFSI__Series_1.csv,x_time_h/10.1016_j.physb.2020.412124/Fig11_A_stability_performance_curve_pce/accepted/10.1016_j.physb.2020.412124__Fig11__A__stability_performance_curve_pce__X60WLi-TFSI__Series_1.csv,10.1016/j.physb.2020.412124,Fig11_A_stability_performance_curve_pce,Series_1,71,71,17,0,837.0924818006521,203.2938884373012,True,16.989796070998263,0.9998679897454832,0.9771859091396332,918,13,3,1,node_3_1,0.2060919920024194,0.9998679897454831,0.9998679897454831,0.9961103410838742,0.9927556940036812,0.9854144481921595,0.9771859091396331,20.0,1,no_initial_change_stable,class_01,/Users/shunhao/Desktop/ML/lab/NEW/som_200h_reanalysis/02_selected_curve_database/main_high_quality_min10/x_time_h/10.1016_j.physb.2020.412124/Fig11_A_stability_performance_curve_pce/accepted/10.1016_j.physb.2020.412124__Fig11__A__stability_performance_curve_pce__X60WLi-TFSI__Series_1.csv
x_time_h/10.1016_j.solener.2020.02.025/Fig6_B_mppt_stability_performance_curve/accepted/10.1016_j.solener.2020.02.025__Fig6__B__mppt_stability_performance_curve__CsF_SnO₂_CsFAMA_IL__Series_1.csv,10.1016/j.solener.2020.02.025|Fig6_B_mppt_stability_performance_curve|10.1016_j.solener.2020.02.025__Fig6__B__mppt_stability_performance_curve__CsF_SnO₂_CsFAMA_IL__Series_1,/Users/shunhao/Desktop/ML/lab/data_all/x_time_h/10.1016_j.solener.2020.02.025/Fig6_B_mppt_stability_performance_curve/accepted/10.1016_j.solener.2020.02.025__Fig6__B__mppt_stability_performance_curve__CsF_SnO₂_CsFAMA_IL__Series_1.csv,x_time_h/10.1016_j.solener.2020.02.025/Fig6_B_mppt_stability_performance_curve/accepted/10.1016_j.solener.2020.02.025__Fig6__B__mppt_stability_performance_curve__CsF_SnO₂_CsFAMA_IL__Series_1.csv,10.1016/j.solener.2020.02.025,Fig6_B_mppt_stability_performance_curve,Series_1,86,86,21,0,829.4997928428692,204.9352429376501,True,0.9857258068658776,1.0,0.9871754640181296,927,13,3,1,node_3_1,0.308682321636179,1.0,0.9947592839654088,1.0,0.9996074560005286,0.9913544440167374,0.9871754640181296,0.0,1,no_initial_change_stable,class_01,/Users/shunhao/Desktop/ML/lab/NEW/som_200h_reanalysis/02_selected_curve_database/main_high_quality_min10/x_time_h/10.1016_j.solener.2020.02.025/Fig6_B_mppt_stability_performance_curve/accepted/10.1016_j.solener.2020.02.025__Fig6__B__mppt_stability_performance_curve__CsF_SnO₂_CsFAMA_IL__Series_1.csv
x_time_h/10.1016_j.solener.2020.02.085/Fig6_whole_figure/accepted/10.1016_j.solener.2020.02.085__Fig6__whole__figure__W_O_a_sandwich_structure__Series_2.csv,10.1016/j.solener.2020.02.085|Fig6_whole_figure|10.1016_j.solener.2020.02.085__Fig6__whole__figure__W_O_a_sandwich_structure__Series_2,/Users/shunhao/Desktop/ML/lab/data_all/x_time_h/10.1016_j.solener.2020.02.085/Fig6_whole_figure/accepted/10.1016_j.solener.2020.02.085__Fig6__whole__figure__W_O_a_sandwich_structure__Series_2.csv,x_time_h/10.1016_j.solener.2020.02.085/Fig6_whole_figure/accepted/10.1016_j.solener.2020.02.085__Fig6__whole__figure__W_O_a_sandwich_structure__Series_2.csv,10.1016/j.solener.2020.02.085,Fig6_whole_figure,Series_2,67,67,14,0,980.6025525508384,208.00660205623845,True,19.201525109951252,0.976838576921289,0.9816957006418808,929,13,3,1,node_3_1,0.2294754558210184,0.976838576921289,0.9868210356079562,0.9982726473100599,0.9785023391868184,0.9799267264015872,0.9816957006418807,37.166666666666664,1,no_initial_change_stable,class_01,/Users/shunhao/Desktop/ML/lab/NEW/som_200h_reanalysis/02_selected_curve_database/main_high_quality_min10/x_time_h/10.1016_j.solener.2020.02.085/Fig6_whole_figure/accepted/10.1016_j.solener.2020.02.085__Fig6__whole__figure__W_O_a_sandwich_structure__Series_2.csv
x_time_h/10.1016_j.solmat.2019.110351/Fig11_whole_figure/accepted/10.1016_j.solmat.2019.110351__Fig11__whole__figure__PEDOT_PSS__Series_1.csv,10.1016/j.solmat.2019.110351|Fig11_whole_figure|10.1016_j.solmat.2019.110351__Fig11__whole__figure__PEDOT_PSS__Series_1,/Users/shunhao/Desktop/ML/lab/data_all/x_time_h/10.1016_j.solmat.2019.110351/Fig11_whole_figure/accepted/10.1016_j.solmat.2019.110351__Fig11__whole__figure__PEDOT_PSS__Series_1.csv,x_time_h/10.1016_j.solmat.2019.110351/Fig11_whole_figure/accepted/10.1016_j.solmat.2019.110351__Fig11__whole__figure__PEDOT_PSS__Series_1.csv,10.1016/j.solmat.2019.110351,Fig11_whole_figure,Series_1,69,69,23,0,597.1839673657098,201.9886948442842,True,1.004144274267705,0.999644631175007,0.97605083872518,942,13,3,1,node_3_1,0.14827832653378628,0.999644631175007,0.9993884823524997,0.9928226422625664,0.9885621415752014,0.9847199092375881,0.97605083872518,5.0,1,no_initial_change_stable,class_01,/Users/shunhao/Desktop/ML/lab/NEW/som_200h_reanalysis/02_selected_curve_database/main_high_quality_min10/x_time_h/10.1016_j.solmat.2019.110351/Fig11_whole_figure/accepted/10.1016_j.solmat.2019.110351__Fig11__whole__figure__PEDOT_PSS__Series_1.csv
x_time_h/10.1016_j.solmat.2020.110460/Fig4_whole_pce/accepted/10.1016_j.solmat.2020.110460__Fig4__whole__pce__HTM-free__Series_2.csv,10.1016/j.solmat.2020.110460|Fig4_whole_pce|10.1016_j.solmat.2020.110460__Fig4__whole__pce__HTM-free__Series_2,/Users/shunhao/Desktop/ML/lab/data_all/x_time_h/10.1016_j.solmat.2020.110460/Fig4_whole_pce/accepted/10.1016_j.solmat.2020.110460__Fig4__whole__pce__HTM-free__Series_2.csv,x_time_h/10.1016_j.solmat.2020.110460/Fig4_whole_pce/accepted/10.1016_j.solmat.2020.110460__Fig4__whole__pce__HTM-free__Series_2.csv,10.1016/j.solmat.2020.110460,Fig4_whole_pce,Series_2,65,65,18,0,746.5780539112903,209.9750776625504,True,1.00149082245278,0.9643840491536856,0.9877493335545472,945,13,3,1,node_3_1,0.8548084295902881,0.9643840491536857,0.966353053734735,0.9734033524255762,0.9434689930089057,0.9845112789520927,0.9877493335545473,34.166666666666664,1,no_initial_change_stable,class_01,/Users/shunhao/Desktop/ML/lab/NEW/som_200h_reanalysis/02_selected_curve_database/main_high_quality_min10/x_time_h/10.1016_j.solmat.2020.110460/Fig4_whole_pce/accepted/10.1016_j.solmat.2020.110460__Fig4__whole__pce__HTM-free__Series_2.csv
x_time_h/10.1021_acs.chemmater.8b02002/Fig7_B_stability_performance_curve_pce/accepted/10.1021_acs.chemmater.8b02002__Fig7__B__stability_performance_curve_pce__FAI__Series_3.csv,10.1021/acs.chemmater.8b02002|Fig7_B_stability_performance_curve_pce|10.1021_acs.chemmater.8b02002__Fig7__B__stability_performance_curve_pce__FAI__Series_3,/Users/shunhao/Desktop/ML/lab/data_all/x_time_h/10.1021_acs.chemmater.8b02002/Fig7_B_stability_performance_curve_pce/accepted/10.1021_acs.chemmater.8b02002__Fig7__B__stability_performance_curve_pce__FAI__Series_3.csv,x_time_h/10.1021_acs.chemmater.8b02002/Fig7_B_stability_performance_curve_pce/accepted/10.1021_acs.chemmater.8b02002__Fig7__B__stability_performance_curve_pce__FAI__Series_3.csv,10.1021/acs.chemmater.8b02002,Fig7_B_stability_performance_curve_pce,Series_3,57,57,16,0,741.328795546423,211.808227298978,True,1.0141109419229986,0.989570959139004,0.9972505341499548,957,13,3,1,node_3_1,0.41693981428378607,0.989570959139004,0.9938535352516765,0.9998598476404874,0.9998103924869383,0.9972505341499547,0.9972505341499547,44.166666666666664,1,no_initial_change_stable,class_01,/Users/shunhao/Desktop/ML/lab/NEW/som_200h_reanalysis/02_selected_curve_database/main_high_quality_min10/x_time_h/10.1021_acs.chemmater.8b02002/Fig7_B_stability_performance_curve_pce/accepted/10.1021_acs.chemmater.8b02002__Fig7__B__stability_performance_curve_pce__FAI__Series_3.csv
x_time_h/10.1021_acs.energyfuels.1c00848/Fig8_whole_stability/accepted/10.1021_acs.energyfuels.1c00848__Fig8__whole__stability__Untreated_ETL__Series_2.csv,10.1021/acs.energyfuels.1c00848|Fig8_whole_stability|10.1021_acs.energyfuels.1c00848__Fig8__whole__stability__Untreated_ETL__Series_2,/Users/shunhao/Desktop/ML/lab/data_all/x_time_h/10.1021_acs.energyfuels.1c00848/Fig8_whole_stability/accepted/10.1021_acs.energyfuels.1c00848__Fig8__whole__stability__Untreated_ETL__Series_2.csv,x_time_h/10.1021_acs.energyfuels.1c00848/Fig8_whole_stability/accepted/10.1021_acs.energyfuels.1c00848__Fig8__whole__stability__Untreated_ETL__Series_2.csv,10.1021/acs.energyfuels.1c00848,Fig8_whole_stability,Series_2,61,61,11,0,1092.61467361085,200.3126901619891,True,0.995584143172528,0.9230776174091508,0.9646475998683204,959,13,3,1,node_3_1,0.7271431580744254,0.9230776174091507,0.9340787501785754,0.9836974928868343,0.9947470649818027,0.9797240629734455,0.9646475998683205,76.83333333333333,1,no_initial_change_stable,class_01,/Users/shunhao/Desktop/ML/lab/NEW/som_200h_reanalysis/02_selected_curve_database/main_high_quality_min10/x_time_h/10.1021_acs.energyfuels.1c00848/Fig8_whole_stability/accepted/10.1021_acs.energyfuels.1c00848__Fig8__whole__stability__Untreated_ETL__Series_2.csv
x_time_h/10.1021_acs.jpcc.1c04343/Fig5_B_stability_performance_curve_pce/accepted/10.1021_acs.jpcc.1c04343__Fig5__B__stability_performance_curve_pce__PEAI-2D_3D__Series_1.csv,10.1021/acs.jpcc.1c04343|Fig5_B_stability_performance_curve_pce|10.1021_acs.jpcc.1c04343__Fig5__B__stability_performance_curve_pce__PEAI-2D_3D__Series_1,/Users/shunhao/Desktop/ML/lab/data_all/x_time_h/10.1021_acs.jpcc.1c04343/Fig5_B_stability_performance_curve_pce/accepted/10.1021_acs.jpcc.1c04343__Fig5__B__stability_performance_curve_pce__PEAI-2D_3D__Series_1.csv,x_time_h/10.1021_acs.jpcc.1c04343/Fig5_B_stability_performance_curve_pce/accepted/10.1021_acs.jpcc.1c04343__Fig5__B__stability_performance_curve_pce__PEAI-2D_3D__Series_1.csv,10.1021/acs.jpcc.1c04343,Fig5_B_stability_performance_curve_pce,Series_1,81,81,13,0,1324.9926408480324,215.31130413780528,True,1.005580362367193,0.9997897186293604,0.9709700606146447,967,13,3,1,node_3_1,0.20882787480284934,0.9997897186293603,0.9997897186293603,0.9968970298213274,0.9912267528480058,0.9854378027889521,0.9709700606146449,27.666666666666664,1,no_initial_change_stable,class_01,/Users/shunhao/Desktop/ML/lab/NEW/som_200h_reanalysis/02_selected_curve_database/main_high_quality_min10/x_time_h/10.1021_acs.jpcc.1c04343/Fig5_B_stability_performance_curve_pce/accepted/10.1021_acs.jpcc.1c04343__Fig5__B__stability_performance_curve_pce__PEAI-2D_3D__Series_1.csv
x_time_h/10.1021_acs.jpclett.1c02371/Fig5_A_stability_performance_curve_pce/accepted/10.1021_acs.jpclett.1c02371__Fig5__A__stability_performance_curve_pce__SnO₂__Series_2.csv,10.1021/acs.jpclett.1c02371|Fig5_A_stability_performance_curve_pce|10.1021_acs.jpclett.1c02371__Fig5__A__stability_performance_curve_pce__SnO₂__Series_2,/Users/shunhao/Desktop/ML/lab/data_all/x_time_h/10.1021_acs.jpclett.1c02371/Fig5_A_stability_performance_curve_pce/accepted/10.1021_acs.jpclett.1c02371__Fig5__A__stability_performance_curve_pce__SnO₂__Series_2.csv,x_time_h/10.1021_acs.jpclett.1c02371/Fig5_A_stability_performance_curve_pce/accepted/10.1021_acs.jpclett.1c02371__Fig5__A__stability_performance_curve_pce__SnO₂__Series_2.csv,10.1021/acs.jpclett.1c02371,Fig5_A_stability_performance_curve_pce,Series_2,100,100,21,0,986.684643114357,209.29674247880297,True,1.041359943172911,0.973028185851448,1.0,969,13,3,1,node_3_1,0.3839275657542167,0.9730281858514481,0.9760335586116191,0.9880353963701021,0.9969836075712516,0.9969633064399911,1.0,200.0,1,no_initial_change_stable,class_01,/Users/shunhao/Desktop/ML/lab/NEW/som_200h_reanalysis/02_selected_curve_database/main_high_quality_min10/x_time_h/10.1021_acs.jpclett.1c02371/Fig5_A_stability_performance_curve_pce/accepted/10.1021_acs.jpclett.1c02371__Fig5__A__stability_performance_curve_pce__SnO₂__Series_2.csv
x_time_h/10.1021_acsaem.0c01214/Fig6_A_stability_performance_curve_pce/accepted/10.1021_acsaem.0c01214__Fig6__A__stability_performance_curve_pce__DHP_cells__Series_3.csv,10.1021/acsaem.0c01214|Fig6_A_stability_performance_curve_pce|10.1021_acsaem.0c01214__Fig6__A__stability_performance_curve_pce__DHP_cells__Series_3,/Users/shunhao/Desktop/ML/lab/data_all/x_time_h/10.1021_acsaem.0c01214/Fig6_A_stability_performance_curve_pce/accepted/10.1021_acsaem.0c01214__Fig6__A__stability_performance_curve_pce__DHP_cells__Series_3.csv,x_time_h/10.1021_acsaem.0c01214/Fig6_A_stability_performance_curve_pce/accepted/10.1021_acsaem.0c01214__Fig6__A__stability_performance_curve_pce__DHP_cells__Series_3.csv,10.1021/acsaem.0c01214,Fig6_A_stability_performance_curve_pce,Series_3,133,133,12,0,2358.78688219481,214.43517110861916,True,1.108613913595161,1.0,0.9879842915853444,978,13,3,1,node_3_1,0.26606376343616134,1.0,0.9938686004510136,0.9902758976066888,0.9954841482221538,0.9946269018985088,0.9879842915853444,0.0,1,no_initial_change_stable,class_01,/Users/shunhao/Desktop/ML/lab/NEW/som_200h_reanalysis/02_selected_curve_database/main_high_quality_min10/x_time_h/10.1021_acsaem.0c01214/Fig6_A_stability_performance_curve_pce/accepted/10.1021_acsaem.0c01214__Fig6__A__stability_performance_curve_pce__DHP_cells__Series_3.csv
x_time_h/10.1021_acsaem.0c01214/Fig6_A_stability_performance_curve_pce/accepted/10.1021_acsaem.0c01214__Fig6__A__stability_performance_curve_pce__SHP_cells__Series_2.csv,10.1021/acsaem.0c01214|Fig6_A_stability_performance_curve_pce|10.1021_acsaem.0c01214__Fig6__A__stability_performance_curve_pce__SHP_cells__Series_2,/Users/shunhao/Desktop/ML/lab/data_all/x_time_h/10.1021_acsaem.0c01214/Fig6_A_stability_performance_curve_pce/accepted/10.1021_acsaem.0c01214__Fig6__A__stability_performance_curve_pce__SHP_cells__Series_2.csv,x_time_h/10.1021_acsaem.0c01214/Fig6_A_stability_performance_curve_pce/accepted/10.1021_acsaem.0c01214__Fig6__A__stability_performance_curve_pce__SHP_cells__Series_2.csv,10.1021/acsaem.0c01214,Fig6_A_stability_performance_curve_pce,Series_2,134,134,12,0,2376.656479787195,214.4351711086191,True,1.07013074960405,0.997602650204269,0.9923470669880888,980,13,3,1,node_3_1,0.377994347660016,0.997602650204269,0.997602650204269,0.997602650204269,0.9991426745269878,0.9967183234579561,0.9923470669880889,107.16666666666666,1,no_initial_change_stable,class_01,/Users/shunhao/Desktop/ML/lab/NEW/som_200h_reanalysis/02_selected_curve_database/main_high_quality_min10/x_time_h/10.1021_acsaem.0c01214/Fig6_A_stability_performance_curve_pce/accepted/10.1021_acsaem.0c01214__Fig6__A__stability_performance_curve_pce__SHP_cells__Series_2.csv
x_time_h/10.1021_acsaem.0c02895/Fig6_C_stability_performance_curve_pce/accepted/10.1021_acsaem.0c02895__Fig6__C__stability_performance_curve_pce__1.5_PEAI__Series_1.csv,10.1021/acsaem.0c02895|Fig6_C_stability_performance_curve_pce|10.1021_acsaem.0c02895__Fig6__C__stability_performance_curve_pce__1.5_PEAI__Series_1,/Users/shunhao/Desktop/ML/lab/data_all/x_time_h/10.1021_acsaem.0c02895/Fig6_C_stability_performance_curve_pce/accepted/10.1021_acsaem.0c02895__Fig6__C__stability_performance_curve_pce__1.5_PEAI__Series_1.csv,x_time_h/10.1021_acsaem.0c02895/Fig6_C_stability_performance_curve_pce/accepted/10.1021_acsaem.0c02895__Fig6__C__stability_performance_curve_pce__1.5_PEAI__Series_1.csv,10.1021/acsaem.0c02895,Fig6_C_stability_performance_curve_pce,Series_1,51,51,10,0,1033.3882786895892,206.6776557379178,True,1.0059217393356985,0.9973034074562924,0.9973034074562924,983,13,3,1,node_3_1,0.41234196107120574,0.9973034074562923,0.9973034074562923,0.9973034074562923,0.9993968141839901,0.9973034074562923,0.9973034074562923,113.66666666666666,1,no_initial_change_stable,class_01,/Users/shunhao/Desktop/ML/lab/NEW/som_200h_reanalysis/02_selected_curve_database/main_high_quality_min10/x_time_h/10.1021_acsaem.0c02895/Fig6_C_stability_performance_curve_pce/accepted/10.1021_acsaem.0c02895__Fig6__C__stability_performance_curve_pce__1.5_PEAI__Series_1.csv
x_time_h/10.1021_acsaem.0c02895/Fig6_C_stability_performance_curve_pce/accepted/10.1021_acsaem.0c02895__Fig6__C__stability_performance_curve_pce__Control__Series_2.csv,10.1021/acsaem.0c02895|Fig6_C_stability_performance_curve_pce|10.1021_acsaem.0c02895__Fig6__C__stability_performance_curve_pce__Control__Series_2,/Users/shunhao/Desktop/ML/lab/data_all/x_time_h/10.1021_acsaem.0c02895/Fig6_C_stability_performance_curve_pce/accepted/10.1021_acsaem.0c02895__Fig6__C__stability_performance_curve_pce__Control__Series_2.csv,x_time_h/10.1021_acsaem.0c02895/Fig6_C_stability_performance_curve_pce/accepted/10.1021_acsaem.0c02895__Fig6__C__stability_performance_curve_pce__Control__Series_2.csv,10.1021/acsaem.0c02895,Fig6_C_stability_performance_curve_pce,Series_2,51,51,10,0,1033.3882786895892,206.6776557379178,True,1.0033877752881033,0.9998220059894594,0.9591648400130832,984,13,3,1,node_3_1,0.3683859738792084,0.9998220059894594,0.9998220059894594,0.9999446459683717,0.9954041596899326,0.9757179527649861,0.9591648400130831,55.166666666666664,1,no_initial_change_stable,class_01,/Users/shunhao/Desktop/ML/lab/NEW/som_200h_reanalysis/02_selected_curve_database/main_high_quality_min10/x_time_h/10.1021_acsaem.0c02895/Fig6_C_stability_performance_curve_pce/accepted/10.1021_acsaem.0c02895__Fig6__C__stability_performance_curve_pce__Control__Series_2.csv
x_time_h/10.1021_acsaem.1c00009/Fig5_E_stability_performance_curve_pce/accepted/10.1021_acsaem.1c00009__Fig5__E__stability_performance_curve_pce__Pristine__Series_1.csv,10.1021/acsaem.1c00009|Fig5_E_stability_performance_curve_pce|10.1021_acsaem.1c00009__Fig5__E__stability_performance_curve_pce__Pristine__Series_1,/Users/shunhao/Desktop/ML/lab/data_all/x_time_h/10.1021_acsaem.1c00009/Fig5_E_stability_performance_curve_pce/accepted/10.1021_acsaem.1c00009__Fig5__E__stability_performance_curve_pce__Pristine__Series_1.csv,x_time_h/10.1021_acsaem.1c00009/Fig5_E_stability_performance_curve_pce/accepted/10.1021_acsaem.1c00009__Fig5__E__stability_performance_curve_pce__Pristine__Series_1.csv,10.1021/acsaem.1c00009,Fig5_E_stability_performance_curve_pce,Series_1,69,69,20,0,709.4231925967979,208.65388017552883,True,1.0030088729181237,1.0,0.9629687829011868,988,13,3,1,node_3_1,0.3027478668249737,1.0,0.9975526921539984,0.9884459892484473,0.9810533504651507,0.9738381555841833,0.9629687829011868,0.0,1,no_initial_change_stable,class_01,/Users/shunhao/Desktop/ML/lab/NEW/som_200h_reanalysis/02_selected_curve_database/main_high_quality_min10/x_time_h/10.1021_acsaem.1c00009/Fig5_E_stability_performance_curve_pce/accepted/10.1021_acsaem.1c00009__Fig5__E__stability_performance_curve_pce__Pristine__Series_1.csv
x_time_h/10.1021_acsaem.1c00575/Fig6_C_stability_performance_curve_pce/accepted/10.1021_acsaem.1c00575__Fig6__C__stability_performance_curve_pce__CsPbIBr₂__Series_2.csv,10.1021/acsaem.1c00575|Fig6_C_stability_performance_curve_pce|10.1021_acsaem.1c00575__Fig6__C__stability_performance_curve_pce__CsPbIBr₂__Series_2,/Users/shunhao/Desktop/ML/lab/data_all/x_time_h/10.1021_acsaem.1c00575/Fig6_C_stability_performance_curve_pce/accepted/10.1021_acsaem.1c00575__Fig6__C__stability_performance_curve_pce__CsPbIBr₂__Series_2.csv,x_time_h/10.1021_acsaem.1c00575/Fig6_C_stability_performance_curve_pce/accepted/10.1021_acsaem.1c00575__Fig6__C__stability_performance_curve_pce__CsPbIBr₂__Series_2.csv,10.1021/acsaem.1c00575,Fig6_C_stability_performance_curve_pce,Series_2,50,50,11,0,891.4766747398505,200.12741677833375,True,1.0409862413557656,0.9763942279638572,0.967932867408388,990,13,3,1,node_3_1,0.2274481156743878,0.9763942279638573,0.9818839042009297,0.9875478941264453,0.9992754571373488,0.9798446950121649,0.9679328674083879,104.66666666666666,1,no_initial_change_stable,class_01,/Users/shunhao/Desktop/ML/lab/NEW/som_200h_reanalysis/02_selected_curve_database/main_high_quality_min10/x_time_h/10.1021_acsaem.1c00575/Fig6_C_stability_performance_curve_pce/accepted/10.1021_acsaem.1c00575__Fig6__C__stability_performance_curve_pce__CsPbIBr₂__Series_2.csv
x_time_h/10.1021_acsami.0c04975/Fig6_B_stability_performance_curve_pce/accepted/10.1021_acsami.0c04975__Fig6__B__stability_performance_curve_pce__4-F__Series_1.csv,10.1021/acsami.0c04975|Fig6_B_stability_performance_curve_pce|10.1021_acsami.0c04975__Fig6__B__stability_performance_curve_pce__4-F__Series_1,/Users/shunhao/Desktop/ML/lab/data_all/x_time_h/10.1021_acsami.0c04975/Fig6_B_stability_performance_curve_pce/accepted/10.1021_acsami.0c04975__Fig6__B__stability_performance_curve_pce__4-F__Series_1.csv,x_time_h/10.1021_acsami.0c04975/Fig6_B_stability_performance_curve_pce/accepted/10.1021_acsami.0c04975__Fig6__B__stability_performance_curve_pce__4-F__Series_1.csv,10.1021/acsami.0c04975,Fig6_B_stability_performance_curve_pce,Series_1,59,59,20,0,588.0780459933364,202.78553310115052,True,1.0073424282015215,0.9931589289995392,0.9702439008927782,1008,13,3,1,node_3_1,0.25500557557795506,0.9931589289995391,0.9977183828129972,0.997719667732899,0.9955380019119676,0.9913484189164528,0.9702439008927782,71.0,1,no_initial_change_stable,class_01,/Users/shunhao/Desktop/ML/lab/NEW/som_200h_reanalysis/02_selected_curve_database/main_high_quality_min10/x_time_h/10.1021_acsami.0c04975/Fig6_B_stability_performance_curve_pce/accepted/10.1021_acsami.0c04975__Fig6__B__stability_performance_curve_pce__4-F__Series_1.csv
x_time_h/10.1021_acsami.0c04975/Fig6_B_stability_performance_curve_pce/accepted/10.1021_acsami.0c04975__Fig6__B__stability_performance_curve_pce__Control__Series_2.csv,10.1021/acsami.0c04975|Fig6_B_stability_performance_curve_pce|10.1021_acsami.0c04975__Fig6__B__stability_performance_curve_pce__Control__Series_2,/Users/shunhao/Desktop/ML/lab/data_all/x_time_h/10.1021_acsami.0c04975/Fig6_B_stability_performance_curve_pce/accepted/10.1021_acsami.0c04975__Fig6__B__stability_performance_curve_pce__Control__Series_2.csv,x_time_h/10.1021_acsami.0c04975/Fig6_B_stability_performance_curve_pce/accepted/10.1021_acsami.0c04975__Fig6__B__stability_performance_curve_pce__Control__Series_2.csv,10.1021/acsami.0c04975,Fig6_B_stability_performance_curve_pce,Series_2,60,60,20,0,598.217322648394,202.78553310115052,True,1.0008931985090102,0.9995583231245349,0.9824588516711148,1009,13,3,1,node_3_1,0.2646547856918978,0.9995583231245347,0.9995892023122332,0.9928307634562659,0.9902794515868211,0.9949681973879434,0.9824588516711149,5.833333333333333,1,no_initial_change_stable,class_01,/Users/shunhao/Desktop/ML/lab/NEW/som_200h_reanalysis/02_selected_curve_database/main_high_quality_min10/x_time_h/10.1021_acsami.0c04975/Fig6_B_stability_performance_curve_pce/accepted/10.1021_acsami.0c04975__Fig6__B__stability_performance_curve_pce__Control__Series_2.csv
x_time_h/10.1021_acsami.0c06823/Fig4_B_stability_performance_curve_pce/accepted/10.1021_acsami.0c06823__Fig4__B__stability_performance_curve_pce__DCL__Series_3.csv,10.1021/acsami.0c06823|Fig4_B_stability_performance_curve_pce|10.1021_acsami.0c06823__Fig4__B__stability_performance_curve_pce__DCL__Series_3,/Users/shunhao/Desktop/ML/lab/data_all/x_time_h/10.1021_acsami.0c06823/Fig4_B_stability_performance_curve_pce/accepted/10.1021_acsami.0c06823__Fig4__B__stability_performance_curve_pce__DCL__Series_3.csv,x_time_h/10.1021_acsami.0c06823/Fig4_B_stability_performance_curve_pce/accepted/10.1021_acsami.0c06823__Fig4__B__stability_performance_curve_pce__DCL__Series_3.csv,10.1021/acsami.0c06823,Fig4_B_stability_performance_curve_pce,Series_3,66,66,14,0,951.2481794397012,204.88422326393567,True,1.0100733888385098,0.9928183000373152,0.9939026786305154,1015,13,3,1,node_3_1,0.3561847908969246,0.9928183000373153,0.9945988874741302,0.9973175111091964,0.9998537755742428,0.995067905573256,0.9939026786305154,96.33333333333331,1,no_initial_change_stable,class_01,/Users/shunhao/Desktop/ML/lab/NEW/som_200h_reanalysis/02_selected_curve_database/main_high_quality_min10/x_time_h/10.1021_acsami.0c06823/Fig4_B_stability_performance_curve_pce/accepted/10.1021_acsami.0c06823__Fig4__B__stability_performance_curve_pce__DCL__Series_3.csv
x_time_h/10.1021_acsami.0c06823/Fig4_B_stability_performance_curve_pce/accepted/10.1021_acsami.0c06823__Fig4__B__stability_performance_curve_pce__SCL__Series_1.csv,10.1021/acsami.0c06823|Fig4_B_stability_performance_curve_pce|10.1021_acsami.0c06823__Fig4__B__stability_performance_curve_pce__SCL__Series_1,/Users/shunhao/Desktop/ML/lab/data_all/x_time_h/10.1021_acsami.0c06823/Fig4_B_stability_performance_curve_pce/accepted/10.1021_acsami.0c06823__Fig4__B__stability_performance_curve_pce__SCL__Series_1.csv,x_time_h/10.1021_acsami.0c06823/Fig4_B_stability_performance_curve_pce/accepted/10.1021_acsami.0c06823__Fig4__B__stability_performance_curve_pce__SCL__Series_1.csv,10.1021/acsami.0c06823,Fig4_B_stability_performance_curve_pce,Series_1,64,64,14,0,921.9790046877106,204.88422326393567,True,1.0101141603800323,0.9927782266138032,0.9856961123272246,1016,13,3,1,node_3_1,0.24444136574338282,0.9927782266138032,0.9941273931588813,0.9985821582349029,0.9930233322949193,0.9904758370624399,0.9856961123272246,35.83333333333333,1,no_initial_change_stable,class_01,/Users/shunhao/Desktop/ML/lab/NEW/som_200h_reanalysis/02_selected_curve_database/main_high_quality_min10/x_time_h/10.1021_acsami.0c06823/Fig4_B_stability_performance_curve_pce/accepted/10.1021_acsami.0c06823__Fig4__B__stability_performance_curve_pce__SCL__Series_1.csv
x_time_h/10.1021_acsami.0c17773/Fig4_F_eis_plot_stability_performance_curve_pce_voc/accepted/10.1021_acsami.0c17773__Fig4__F__eis_plot_stability_performance_curve_pce_voc__W_O_F-PEAI__Series_1.csv,10.1021/acsami.0c17773|Fig4_F_eis_plot_stability_performance_curve_pce_voc|10.1021_acsami.0c17773__Fig4__F__eis_plot_stability_performance_curve_pce_voc__W_O_F-PEAI__Series_1,/Users/shunhao/Desktop/ML/lab/data_all/x_time_h/10.1021_acsami.0c17773/Fig4_F_eis_plot_stability_performance_curve_pce_voc/accepted/10.1021_acsami.0c17773__Fig4__F__eis_plot_stability_performance_curve_pce_voc__W_O_F-PEAI__Series_1.csv,x_time_h/10.1021_acsami.0c17773/Fig4_F_eis_plot_stability_performance_curve_pce_voc/accepted/10.1021_acsami.0c17773__Fig4__F__eis_plot_stability_performance_curve_pce_voc__W_O_F-PEAI__Series_1.csv,10.1021/acsami.0c17773,Fig4_F_eis_plot_stability_performance_curve_pce_voc,Series_1,55,55,15,0,724.7264589877533,201.3129052743759,True,1.0023123526950088,1.0,0.9612618300113348,1025,13,3,1,node_3_1,0.3200381567578401,1.0,0.9993415385408171,0.9923488981484805,0.9835117788578602,0.9721758387288131,0.9612618300113349,0.0,1,no_initial_change_stable,class_01,/Users/shunhao/Desktop/ML/lab/NEW/som_200h_reanalysis/02_selected_curve_database/main_high_quality_min10/x_time_h/10.1021_acsami.0c17773/Fig4_F_eis_plot_stability_performance_curve_pce_voc/accepted/10.1021_acsami.0c17773__Fig4__F__eis_plot_stability_performance_curve_pce_voc__W_O_F-PEAI__Series_1.csv
x_time_h/10.1021_acsami.1c05498/Fig5_A_stability_performance_curve_pce/accepted/10.1021_acsami.1c05498__Fig5__A__stability_performance_curve_pce__w_o_CDTA__Series_1.csv,10.1021/acsami.1c05498|Fig5_A_stability_performance_curve_pce|10.1021_acsami.1c05498__Fig5__A__stability_performance_curve_pce__w_o_CDTA__Series_1,/Users/shunhao/Desktop/ML/lab/data_all/x_time_h/10.1021_acsami.1c05498/Fig5_A_stability_performance_curve_pce/accepted/10.1021_acsami.1c05498__Fig5__A__stability_performance_curve_pce__w_o_CDTA__Series_1.csv,x_time_h/10.1021_acsami.1c05498/Fig5_A_stability_performance_curve_pce/accepted/10.1021_acsami.1c05498__Fig5__A__stability_performance_curve_pce__w_o_CDTA__Series_1.csv,10.1021/acsami.1c05498,Fig5_A_stability_performance_curve_pce,Series_1,78,78,15,0,1062.4685512438434,206.97439309944997,True,1.013494760834189,0.990310243582222,0.9622412914088876,1028,13,3,1,node_3_1,0.2668120510931412,0.9903102435822219,0.9917147480336171,0.9954510280908114,0.9997924346711168,0.9854970079235289,0.9622412914088876,96.66666666666666,1,no_initial_change_stable,class_01,/Users/shunhao/Desktop/ML/lab/NEW/som_200h_reanalysis/02_selected_curve_database/main_high_quality_min10/x_time_h/10.1021_acsami.1c05498/Fig5_A_stability_performance_curve_pce/accepted/10.1021_acsami.1c05498__Fig5__A__stability_performance_curve_pce__w_o_CDTA__Series_1.csv
x_time_h/10.1021_acsami.1c19587/Fig4_H_stability_performance_curve_pce/accepted/10.1021_acsami.1c19587__Fig4__H__stability_performance_curve_pce__PT-30__Series_1.csv,10.1021/acsami.1c19587|Fig4_H_stability_performance_curve_pce|10.1021_acsami.1c19587__Fig4__H__stability_performance_curve_pce__PT-30__Series_1,/Users/shunhao/Desktop/ML/lab/data_all/x_time_h/10.1021_acsami.1c19587/Fig4_H_stability_performance_curve_pce/accepted/10.1021_acsami.1c19587__Fig4__H__stability_performance_curve_pce__PT-30__Series_1.csv,x_time_h/10.1021_acsami.1c19587/Fig4_H_stability_performance_curve_pce/accepted/10.1021_acsami.1c19587__Fig4__H__stability_performance_curve_pce__PT-30__Series_1.csv,10.1021/acsami.1c19587,Fig4_H_stability_performance_curve_pce,Series_1,70,70,28,0,494.02171498591986,200.47257999428632,True,1.0063130475222626,1.0,0.9546699338790552,1035,13,3,1,node_3_1,0.309468280685049,1.0,0.9977805452892572,1.0,0.9881719210367044,0.9823068258881114,0.9546699338790552,0.0,1,no_initial_change_stable,class_01,/Users/shunhao/Desktop/ML/lab/NEW/som_200h_reanalysis/02_selected_curve_database/main_high_quality_min10/x_time_h/10.1021_acsami.1c19587/Fig4_H_stability_performance_curve_pce/accepted/10.1021_acsami.1c19587__Fig4__H__stability_performance_curve_pce__PT-30__Series_1.csv
x_time_h/10.1021_acsami.3c08746/Fig4_E_stability_performance_curve/accepted/10.1021_acsami.3c08746__Fig4__E__stability_performance_curve__Pristine__Series_2.csv,10.1021/acsami.3c08746|Fig4_E_stability_performance_curve|10.1021_acsami.3c08746__Fig4__E__stability_performance_curve__Pristine__Series_2,/Users/shunhao/Desktop/ML/lab/data_all/x_time_h/10.1021_acsami.3c08746/Fig4_E_stability_performance_curve/accepted/10.1021_acsami.3c08746__Fig4__E__stability_performance_curve__Pristine__Series_2.csv,x_time_h/10.1021_acsami.3c08746/Fig4_E_stability_performance_curve/accepted/10.1021_acsami.3c08746__Fig4__E__stability_performance_curve__Pristine__Series_2.csv,10.1021/acsami.3c08746,Fig4_E_stability_performance_curve,Series_2,72,72,20,0,717.3066650053162,202.05821549445525,True,1.0039794773988155,0.9249989490066228,0.9725466491522564,1037,13,3,1,node_3_1,0.9523555646114483,0.9249989490066228,0.9288163416307447,0.9557713790290837,0.9906000408658213,0.9918290270274351,0.9725466491522563,126.33333333333331,1,no_initial_change_stable,class_01,/Users/shunhao/Desktop/ML/lab/NEW/som_200h_reanalysis/02_selected_curve_database/main_high_quality_min10/x_time_h/10.1021_acsami.3c08746/Fig4_E_stability_performance_curve/accepted/10.1021_acsami.3c08746__Fig4__E__stability_performance_curve__Pristine__Series_2.csv
x_time_h/10.1021_acsami.8b06619/Fig4_F_stability_performance_curve_ff/accepted/10.1021_acsami.8b06619__Fig4__F__stability_performance_curve_ff__0.0%__Series_1.csv,10.1021/acsami.8b06619|Fig4_F_stability_performance_curve_ff|10.1021_acsami.8b06619__Fig4__F__stability_performance_curve_ff__0.0%__Series_1,/Users/shunhao/Desktop/ML/lab/data_all/x_time_h/10.1021_acsami.8b06619/Fig4_F_stability_performance_curve_ff/accepted/10.1021_acsami.8b06619__Fig4__F__stability_performance_curve_ff__0.0%__Series_1.csv,x_time_h/10.1021_acsami.8b06619/Fig4_F_stability_performance_curve_ff/accepted/10.1021_acsami.8b06619__Fig4__F__stability_performance_curve_ff__0.0%__Series_1.csv,10.1021/acsami.8b06619,Fig4_F_stability_performance_curve_ff,Series_1,35,35,12,0,594.714855805013,209.89936087235753,True,1.019283686443705,0.9848287336415016,0.9299684061300328,1051,13,3,1,node_3_1,0.5273620919292316,0.9848287336415016,0.9841008619494586,0.9918588804583043,0.9996707673830473,0.9773368419597455,0.9299684061300327,106.83333333333331,1,no_initial_change_stable,class_01,/Users/shunhao/Desktop/ML/lab/NEW/som_200h_reanalysis/02_selected_curve_database/main_high_quality_min10/x_time_h/10.1021_acsami.8b06619/Fig4_F_stability_performance_curve_ff/accepted/10.1021_acsami.8b06619__Fig4__F__stability_performance_curve_ff__0.0%__Series_1.csv
x_time_h/10.1021_acsami.9b18082/Fig3_E_stability_performance_curve/accepted/10.1021_acsami.9b18082__Fig3__E__stability_performance_curve__mp-TiO2__Series_1.csv,10.1021/acsami.9b18082|Fig3_E_stability_performance_curve|10.1021_acsami.9b18082__Fig3__E__stability_performance_curve__mp-TiO2__Series_1,/Users/shunhao/Desktop/ML/lab/data_all/x_time_h/10.1021_acsami.9b18082/Fig3_E_stability_performance_curve/accepted/10.1021_acsami.9b18082__Fig3__E__stability_performance_curve__mp-TiO2__Series_1.csv,x_time_h/10.1021_acsami.9b18082/Fig3_E_stability_performance_curve/accepted/10.1021_acsami.9b18082__Fig3__E__stability_performance_curve__mp-TiO2__Series_1.csv,10.1021/acsami.9b18082,Fig3_E_stability_performance_curve,Series_1,33,33,13,0,494.5074084777048,200.89363469406752,True,1.006092403044613,0.9955240111897904,0.9601761823547686,1074,13,3,1,node_3_1,0.24235905488969609,0.9955240111897905,0.9950697291034882,0.9986706159983106,0.9922014157919717,0.9845923505890516,0.9601761823547686,38.666666666666664,1,no_initial_change_stable,class_01,/Users/shunhao/Desktop/ML/lab/NEW/som_200h_reanalysis/02_selected_curve_database/main_high_quality_min10/x_time_h/10.1021_acsami.9b18082/Fig3_E_stability_performance_curve/accepted/10.1021_acsami.9b18082__Fig3__E__stability_performance_curve__mp-TiO2__Series_1.csv
x_time_h/10.1021_acsami.9b22719/Fig6_F_stability_performance_curve_pce/accepted/10.1021_acsami.9b22719__Fig6__F__stability_performance_curve_pce__MACI-20__Series_2.csv,10.1021/acsami.9b22719|Fig6_F_stability_performance_curve_pce|10.1021_acsami.9b22719__Fig6__F__stability_performance_curve_pce__MACI-20__Series_2,/Users/shunhao/Desktop/ML/lab/data_all/x_time_h/10.1021_acsami.9b22719/Fig6_F_stability_performance_curve_pce/accepted/10.1021_acsami.9b22719__Fig6__F__stability_performance_curve_pce__MACI-20__Series_2.csv,x_time_h/10.1021_acsami.9b22719/Fig6_F_stability_performance_curve_pce/accepted/10.1021_acsami.9b22719__Fig6__F__stability_performance_curve_pce__MACI-20__Series_2.csv,10.1021/acsami.9b22719,Fig6_F_stability_performance_curve_pce,Series_2,45,45,11,0,840.0574037406469,210.01435093516173,True,0.9984387914483388,1.0,0.979134757568817,1078,13,3,1,node_3_1,0.15409136061314138,1.0,0.9988419634411573,0.9894982689580241,0.9854903119542254,0.9856429811337274,0.979134757568817,0.0,1,no_initial_change_stable,class_01,/Users/shunhao/Desktop/ML/lab/NEW/som_200h_reanalysis/02_selected_curve_database/main_high_quality_min10/x_time_h/10.1021_acsami.9b22719/Fig6_F_stability_performance_curve_pce/accepted/10.1021_acsami.9b22719__Fig6__F__stability_performance_curve_pce__MACI-20__Series_2.csv
x_time_h/10.1021_acsenergylett.1c00685/Fig5_D_stability_performance_curve/accepted/10.1021_acsenergylett.1c00685__Fig5__D__stability_performance_curve__Li-TFSI__Series_2.csv,10.1021/acsenergylett.1c00685|Fig5_D_stability_performance_curve|10.1021_acsenergylett.1c00685__Fig5__D__stability_performance_curve__Li-TFSI__Series_2,/Users/shunhao/Desktop/ML/lab/data_all/x_time_h/10.1021_acsenergylett.1c00685/Fig5_D_stability_performance_curve/accepted/10.1021_acsenergylett.1c00685__Fig5__D__stability_performance_curve__Li-TFSI__Series_2.csv,x_time_h/10.1021_acsenergylett.1c00685/Fig5_D_stability_performance_curve/accepted/10.1021_acsenergylett.1c00685__Fig5__D__stability_performance_curve__Li-TFSI__Series_2.csv,10.1021/acsenergylett.1c00685,Fig5_D_stability_performance_curve,Series_2,62,62,21,0,589.5350986114809,202.95470607936232,True,1.0092298622505889,0.9949430502978336,0.9763801078666964,1099,13,3,1,node_3_1,0.2168024513736089,0.9949430502978335,0.9949899410612189,0.9998732118068411,0.9941993991638941,0.9903381937040376,0.9763801078666963,53.166666666666664,1,no_initial_change_stable,class_01,/Users/shunhao/Desktop/ML/lab/NEW/som_200h_reanalysis/02_selected_curve_database/main_high_quality_min10/x_time_h/10.1021_acsenergylett.1c00685/Fig5_D_stability_performance_curve/accepted/10.1021_acsenergylett.1c00685__Fig5__D__stability_performance_curve__Li-TFSI__Series_2.csv
x_time_h/10.1021_acsenergylett.1c00794/Fig5_E_stability_performance_curve_pce/accepted/10.1021_acsenergylett.1c00794__Fig5__E__stability_performance_curve_pce__Control__Series_1.csv,10.1021/acsenergylett.1c00794|Fig5_E_stability_performance_curve_pce|10.1021_acsenergylett.1c00794__Fig5__E__stability_performance_curve_pce__Control__Series_1,/Users/shunhao/Desktop/ML/lab/data_all/x_time_h/10.1021_acsenergylett.1c00794/Fig5_E_stability_performance_curve_pce/accepted/10.1021_acsenergylett.1c00794__Fig5__E__stability_performance_curve_pce__Control__Series_1.csv,x_time_h/10.1021_acsenergylett.1c00794/Fig5_E_stability_performance_curve_pce/accepted/10.1021_acsenergylett.1c00794__Fig5__E__stability_performance_curve_pce__Control__Series_1.csv,10.1021/acsenergylett.1c00794,Fig5_E_stability_performance_curve_pce,Series_1,109,109,13,0,1769.5584061182358,213.00240073645432,True,0.9972118333227172,0.9998323163759052,0.9917834230035476,1100,13,3,1,node_3_1,0.31805036185715496,0.9998323163759051,0.9999918381377558,0.9984216018623353,0.9956694051200394,0.9929642110133995,0.9917834230035475,8.166666666666666,1,no_initial_change_stable,class_01,/Users/shunhao/Desktop/ML/lab/NEW/som_200h_reanalysis/02_selected_curve_database/main_high_quality_min10/x_time_h/10.1021_acsenergylett.1c00794/Fig5_E_stability_performance_curve_pce/accepted/10.1021_acsenergylett.1c00794__Fig5__E__stability_performance_curve_pce__Control__Series_1.csv
x_time_h/10.1021_acsenergylett.1c01126/Fig5_A_stability_performance_curve_pce_pattern/accepted/10.1021_acsenergylett.1c01126__Fig5__A__stability_performance_curve_pce_pattern__PVK_Spiro-OMeTAD__Series_2.csv,10.1021/acsenergylett.1c01126|Fig5_A_stability_performance_curve_pce_pattern|10.1021_acsenergylett.1c01126__Fig5__A__stability_performance_curve_pce_pattern__PVK_Spiro-OMeTAD__Series_2,/Users/shunhao/Desktop/ML/lab/data_all/x_time_h/10.1021_acsenergylett.1c01126/Fig5_A_stability_performance_curve_pce_pattern/accepted/10.1021_acsenergylett.1c01126__Fig5__A__stability_performance_curve_pce_pattern__PVK_Spiro-OMeTAD__Series_2.csv,x_time_h/10.1021_acsenergylett.1c01126/Fig5_A_stability_performance_curve_pce_pattern/accepted/10.1021_acsenergylett.1c01126__Fig5__A__stability_performance_curve_pce_pattern__PVK_Spiro-OMeTAD__Series_2.csv,10.1021/acsenergylett.1c01126,Fig5_A_stability_performance_curve_pce_pattern,Series_2,50,50,10,0,1036.608504077319,211.5527559341467,True,1.0064322106951389,0.9946168437554236,0.9815369984755784,1103,13,3,1,node_3_1,0.17990342587895655,0.9946168437554235,0.9985303451575583,0.9962819691287427,0.987961809210296,0.981439142520254,0.9815369984755783,18.666666666666664,1,no_initial_change_stable,class_01,/Users/shunhao/Desktop/ML/lab/NEW/som_200h_reanalysis/02_selected_curve_database/main_high_quality_min10/x_time_h/10.1021_acsenergylett.1c01126/Fig5_A_stability_performance_curve_pce_pattern/accepted/10.1021_acsenergylett.1c01126__Fig5__A__stability_performance_curve_pce_pattern__PVK_Spiro-OMeTAD__Series_2.csv
"x_time_h/10.1021_acsenergylett.9b02112/Fig5_D_stability_performance_curve/accepted/10.1021_acsenergylett.9b02112__Fig5__D__stability_performance_curve__o-ITO_SnO,_PVK_Spiro_Au__Series_1.csv","10.1021/acsenergylett.9b02112|Fig5_D_stability_performance_curve|10.1021_acsenergylett.9b02112__Fig5__D__stability_performance_curve__o-ITO_SnO,_PVK_Spiro_Au__Series_1","/Users/shunhao/Desktop/ML/lab/data_all/x_time_h/10.1021_acsenergylett.9b02112/Fig5_D_stability_performance_curve/accepted/10.1021_acsenergylett.9b02112__Fig5__D__stability_performance_curve__o-ITO_SnO,_PVK_Spiro_Au__Series_1.csv","x_time_h/10.1021_acsenergylett.9b02112/Fig5_D_stability_performance_curve/accepted/10.1021_acsenergylett.9b02112__Fig5__D__stability_performance_curve__o-ITO_SnO,_PVK_Spiro_Au__Series_1.csv",10.1021/acsenergylett.9b02112,Fig5_D_stability_performance_curve,Series_1,59,59,11,0,1054.5916392206727,200.00875916254145,True,0.9912392297983694,1.0,0.9600670515807324,1114,13,3,1,node_3_1,0.33888104102659056,1.0,0.9989987427053428,0.9913011427985312,0.9810614824287556,0.9731517947616154,0.9600670515807324,0.0,1,no_initial_change_stable,class_01,"/Users/shunhao/Desktop/ML/lab/NEW/som_200h_reanalysis/02_selected_curve_database/main_high_quality_min10/x_time_h/10.1021_acsenergylett.9b02112/Fig5_D_stability_performance_curve/accepted/10.1021_acsenergylett.9b02112__Fig5__D__stability_performance_curve__o-ITO_SnO,_PVK_Spiro_Au__Series_1.csv"
x_time_h/10.1021_acssuschemeng.0c01794/Fig7_F_stability_performance_curve_pce/accepted/10.1021_acssuschemeng.0c01794__Fig7__F__stability_performance_curve_pce__sample-A__Series_1.csv,10.1021/acssuschemeng.0c01794|Fig7_F_stability_performance_curve_pce|10.1021_acssuschemeng.0c01794__Fig7__F__stability_performance_curve_pce__sample-A__Series_1,/Users/shunhao/Desktop/ML/lab/data_all/x_time_h/10.1021_acssuschemeng.0c01794/Fig7_F_stability_performance_curve_pce/accepted/10.1021_acssuschemeng.0c01794__Fig7__F__stability_performance_curve_pce__sample-A__Series_1.csv,x_time_h/10.1021_acssuschemeng.0c01794/Fig7_F_stability_performance_curve_pce/accepted/10.1021_acssuschemeng.0c01794__Fig7__F__stability_performance_curve_pce__sample-A__Series_1.csv,10.1021/acssuschemeng.0c01794,Fig7_F_stability_performance_curve_pce,Series_1,42,42,11,0,794.2705303778183,213.0969715647805,True,1.0044873818100493,0.9973254045992428,0.9795450240774798,1122,13,3,1,node_3_1,0.3122412104195018,0.9973254045992428,0.9992123922429081,1.0,0.9972320873978617,0.9928534502105476,0.9795450240774798,19.5,1,no_initial_change_stable,class_01,/Users/shunhao/Desktop/ML/lab/NEW/som_200h_reanalysis/02_selected_curve_database/main_high_quality_min10/x_time_h/10.1021_acssuschemeng.0c01794/Fig7_F_stability_performance_curve_pce/accepted/10.1021_acssuschemeng.0c01794__Fig7__F__stability_performance_curve_pce__sample-A__Series_1.csv
x_time_h/10.1021_jacs.0c12802/Fig5_C_mppt_stability_performance_curve_pce/accepted/10.1021_jacs.0c12802__Fig5__C__mppt_stability_performance_curve_pce__Control__Series_1.csv,10.1021/jacs.0c12802|Fig5_C_mppt_stability_performance_curve_pce|10.1021_jacs.0c12802__Fig5__C__mppt_stability_performance_curve_pce__Control__Series_1,/Users/shunhao/Desktop/ML/lab/data_all/x_time_h/10.1021_jacs.0c12802/Fig5_C_mppt_stability_performance_curve_pce/accepted/10.1021_jacs.0c12802__Fig5__C__mppt_stability_performance_curve_pce__Control__Series_1.csv,x_time_h/10.1021_jacs.0c12802/Fig5_C_mppt_stability_performance_curve_pce/accepted/10.1021_jacs.0c12802__Fig5__C__mppt_stability_performance_curve_pce__Control__Series_1.csv,10.1021/jacs.0c12802,Fig5_C_mppt_stability_performance_curve_pce,Series_1,24,24,16,0,296.0991546544136,205.98202062915735,True,0.9920684685815658,0.999584494316344,0.9863601487702668,1131,13,3,1,node_3_1,0.24796052786679754,0.9995844943163441,0.9999171249272802,0.9973841122586549,0.9936530144351721,0.9909473066150895,0.9863601487702668,7.5,1,no_initial_change_stable,class_01,/Users/shunhao/Desktop/ML/lab/NEW/som_200h_reanalysis/02_selected_curve_database/main_high_quality_min10/x_time_h/10.1021_jacs.0c12802/Fig5_C_mppt_stability_performance_curve_pce/accepted/10.1021_jacs.0c12802__Fig5__C__mppt_stability_performance_curve_pce__Control__Series_1.csv
x_time_h/10.1021_jacs.1c12732/Fig6_C_stability_performance_curve_pce/accepted/10.1021_jacs.1c12732__Fig6__C__stability_performance_curve_pce__FP-C8_C60__Series_2.csv,10.1021/jacs.1c12732|Fig6_C_stability_performance_curve_pce|10.1021_jacs.1c12732__Fig6__C__stability_performance_curve_pce__FP-C8_C60__Series_2,/Users/shunhao/Desktop/ML/lab/data_all/x_time_h/10.1021_jacs.1c12732/Fig6_C_stability_performance_curve_pce/accepted/10.1021_jacs.1c12732__Fig6__C__stability_performance_curve_pce__FP-C8_C60__Series_2.csv,x_time_h/10.1021_jacs.1c12732/Fig6_C_stability_performance_curve_pce/accepted/10.1021_jacs.1c12732__Fig6__C__stability_performance_curve_pce__FP-C8_C60__Series_2.csv,10.1021/jacs.1c12732,Fig6_C_stability_performance_curve_pce,Series_2,86,86,15,0,1177.7247966053687,207.83378763624157,True,1.0040118861048284,0.9997179432967144,0.9725931887258786,1135,13,3,1,node_3_1,0.23763463116636868,0.9997179432967143,0.9997179432967143,0.9975776070934547,0.9963040428028511,0.9818720572613,0.9725931887258786,37.0,1,no_initial_change_stable,class_01,/Users/shunhao/Desktop/ML/lab/NEW/som_200h_reanalysis/02_selected_curve_database/main_high_quality_min10/x_time_h/10.1021_jacs.1c12732/Fig6_C_stability_performance_curve_pce/accepted/10.1021_jacs.1c12732__Fig6__C__stability_performance_curve_pce__FP-C8_C60__Series_2.csv
x_time_h/10.1038_s41467-022-34203-x/Fig3_C_mppt_stability_performance_curve_pce/accepted/10.1038_s41467-022-34203-x__Fig3__C__mppt_stability_performance_curve_pce__CB-NH₂__Series_2.csv,10.1038/s41467-022-34203-x|Fig3_C_mppt_stability_performance_curve_pce|10.1038_s41467-022-34203-x__Fig3__C__mppt_stability_performance_curve_pce__CB-NH₂__Series_2,/Users/shunhao/Desktop/ML/lab/data_all/x_time_h/10.1038_s41467-022-34203-x/Fig3_C_mppt_stability_performance_curve_pce/accepted/10.1038_s41467-022-34203-x__Fig3__C__mppt_stability_performance_curve_pce__CB-NH₂__Series_2.csv,x_time_h/10.1038_s41467-022-34203-x/Fig3_C_mppt_stability_performance_curve_pce/accepted/10.1038_s41467-022-34203-x__Fig3__C__mppt_stability_performance_curve_pce__CB-NH₂__Series_2.csv,10.1038/s41467-022-34203-x,Fig3_C_mppt_stability_performance_curve_pce,Series_2,59,59,28,0,414.442676585989,200.0757749035809,True,1.0238294628286968,0.9907319123945082,0.9907633633100392,1155,13,3,1,node_3_1,0.33939409814800325,0.9907319123945082,0.9907319123945082,0.9966635467473169,0.9996213350978644,0.9966635467473169,0.9907633633100391,103.66666666666666,1,no_initial_change_stable,class_01,/Users/shunhao/Desktop/ML/lab/NEW/som_200h_reanalysis/02_selected_curve_database/main_high_quality_min10/x_time_h/10.1038_s41467-022-34203-x/Fig3_C_mppt_stability_performance_curve_pce/accepted/10.1038_s41467-022-34203-x__Fig3__C__mppt_stability_performance_curve_pce__CB-NH₂__Series_2.csv
x_time_h/10.1038_s41467-023-36918-x/Fig5_B_jv_curve_stability_performance_pce/accepted/10.1038_s41467-023-36918-x__Fig5__B__jv_curve_stability_performance_pce__Target_encap__Series_2.csv,10.1038/s41467-023-36918-x|Fig5_B_jv_curve_stability_performance_pce|10.1038_s41467-023-36918-x__Fig5__B__jv_curve_stability_performance_pce__Target_encap__Series_2,/Users/shunhao/Desktop/ML/lab/data_all/x_time_h/10.1038_s41467-023-36918-x/Fig5_B_jv_curve_stability_performance_pce/accepted/10.1038_s41467-023-36918-x__Fig5__B__jv_curve_stability_performance_pce__Target_encap__Series_2.csv,x_time_h/10.1038_s41467-023-36918-x/Fig5_B_jv_curve_stability_performance_pce/accepted/10.1038_s41467-023-36918-x__Fig5__B__jv_curve_stability_performance_pce__Target_encap__Series_2.csv,10.1038/s41467-023-36918-x,Fig5_B_jv_curve_stability_performance_pce,Series_2,90,90,18,0,1002.2844953670044,202.70922378209076,True,1.0029429388534885,1.0,0.977176736332822,1157,13,3,1,node_3_1,0.13754786354971354,1.0,0.9980364882573602,0.9919966290224542,0.9867326019587475,0.9839014760364779,0.977176736332822,0.0,1,no_initial_change_stable,class_01,/Users/shunhao/Desktop/ML/lab/NEW/som_200h_reanalysis/02_selected_curve_database/main_high_quality_min10/x_time_h/10.1038_s41467-023-36918-x/Fig5_B_jv_curve_stability_performance_pce/accepted/10.1038_s41467-023-36918-x__Fig5__B__jv_curve_stability_performance_pce__Target_encap__Series_2.csv
x_time_h/10.1038_s41467-023-36918-x/Fig5_F_jv_curve_stability_performance_pce/accepted/10.1038_s41467-023-36918-x__Fig5__F__jv_curve_stability_performance_pce__Target_encap__Series_2.csv,10.1038/s41467-023-36918-x|Fig5_F_jv_curve_stability_performance_pce|10.1038_s41467-023-36918-x__Fig5__F__jv_curve_stability_performance_pce__Target_encap__Series_2,/Users/shunhao/Desktop/ML/lab/data_all/x_time_h/10.1038_s41467-023-36918-x/Fig5_F_jv_curve_stability_performance_pce/accepted/10.1038_s41467-023-36918-x__Fig5__F__jv_curve_stability_performance_pce__Target_encap__Series_2.csv,x_time_h/10.1038_s41467-023-36918-x/Fig5_F_jv_curve_stability_performance_pce/accepted/10.1038_s41467-023-36918-x__Fig5__F__jv_curve_stability_performance_pce__Target_encap__Series_2.csv,10.1038/s41467-023-36918-x,Fig5_F_jv_curve_stability_performance_pce,Series_2,90,90,18,0,1002.4275421546126,202.73815459306772,True,1.0041725038579037,0.999723776107569,0.9776250086429048,1160,13,3,1,node_3_1,0.18861521896503633,0.999723776107569,0.999833801974258,0.9899136391069051,0.984254638882304,0.9791328720914427,0.9776250086429048,5.666666666666666,1,no_initial_change_stable,class_01,/Users/shunhao/Desktop/ML/lab/NEW/som_200h_reanalysis/02_selected_curve_database/main_high_quality_min10/x_time_h/10.1038_s41467-023-36918-x/Fig5_F_jv_curve_stability_performance_pce/accepted/10.1038_s41467-023-36918-x__Fig5__F__jv_curve_stability_performance_pce__Target_encap__Series_2.csv
x_time_h/10.1038_s41467-024-45228-9/Fig6_A_mppt_stability_performance_curve_image/accepted/10.1038_s41467-024-45228-9__Fig6__A__mppt_stability_performance_curve_image__Control__Series_1.csv,10.1038/s41467-024-45228-9|Fig6_A_mppt_stability_performance_curve_image|10.1038_s41467-024-45228-9__Fig6__A__mppt_stability_performance_curve_image__Control__Series_1,/Users/shunhao/Desktop/ML/lab/data_all/x_time_h/10.1038_s41467-024-45228-9/Fig6_A_mppt_stability_performance_curve_image/accepted/10.1038_s41467-024-45228-9__Fig6__A__mppt_stability_performance_curve_image__Control__Series_1.csv,x_time_h/10.1038_s41467-024-45228-9/Fig6_A_mppt_stability_performance_curve_image/accepted/10.1038_s41467-024-45228-9__Fig6__A__mppt_stability_performance_curve_image__Control__Series_1.csv,10.1038/s41467-024-45228-9,Fig6_A_mppt_stability_performance_curve_image,Series_1,75,75,15,0,1029.006686950453,208.58243654401076,True,0.996089541757021,0.7679072682566773,0.9958181058446828,1166,13,3,1,node_3_1,1.3660099968603474,0.7679072682566773,0.9149017245500999,0.9644017364650324,0.985153337800559,0.99923534916133,0.9958181058446829,159.83333333333331,1,no_initial_change_stable,class_01,/Users/shunhao/Desktop/ML/lab/NEW/som_200h_reanalysis/02_selected_curve_database/main_high_quality_min10/x_time_h/10.1038_s41467-024-45228-9/Fig6_A_mppt_stability_performance_curve_image/accepted/10.1038_s41467-024-45228-9__Fig6__A__mppt_stability_performance_curve_image__Control__Series_1.csv
x_time_h/10.1038_s41467-024-45228-9/Fig6_A_mppt_stability_performance_curve_image/accepted/10.1038_s41467-024-45228-9__Fig6__A__mppt_stability_performance_curve_image__PEDAI__Series_2.csv,10.1038/s41467-024-45228-9|Fig6_A_mppt_stability_performance_curve_image|10.1038_s41467-024-45228-9__Fig6__A__mppt_stability_performance_curve_image__PEDAI__Series_2,/Users/shunhao/Desktop/ML/lab/data_all/x_time_h/10.1038_s41467-024-45228-9/Fig6_A_mppt_stability_performance_curve_image/accepted/10.1038_s41467-024-45228-9__Fig6__A__mppt_stability_performance_curve_image__PEDAI__Series_2.csv,x_time_h/10.1038_s41467-024-45228-9/Fig6_A_mppt_stability_performance_curve_image/accepted/10.1038_s41467-024-45228-9__Fig6__A__mppt_stability_performance_curve_image__PEDAI__Series_2.csv,10.1038/s41467-024-45228-9,Fig6_A_mppt_stability_performance_curve_image,Series_2,74,73,13,1,1029.006686950453,208.58243654401076,True,0.9694864054390494,0.1736941797908988,0.9687428374083918,1167,13,3,1,node_3_1,6.3184609684445565,0.17369417979089888,0.4575959002908326,0.992008531201116,0.999705578489781,0.9906096632634629,0.9687428374083918,104.33333333333331,1,no_initial_change_stable,class_01,/Users/shunhao/Desktop/ML/lab/NEW/som_200h_reanalysis/02_selected_curve_database/main_high_quality_min10/x_time_h/10.1038_s41467-024-45228-9/Fig6_A_mppt_stability_performance_curve_image/accepted/10.1038_s41467-024-45228-9__Fig6__A__mppt_stability_performance_curve_image__PEDAI__Series_2.csv
x_time_h/10.1038_s41467-024-49617-y/Fig6_F_xrd_pattern_stability_performance_curve_pce/accepted/10.1038_s41467-024-49617-y__Fig6__F__xrd_pattern_stability_performance_curve_pce__Control__Series_2.csv,10.1038/s41467-024-49617-y|Fig6_F_xrd_pattern_stability_performance_curve_pce|10.1038_s41467-024-49617-y__Fig6__F__xrd_pattern_stability_performance_curve_pce__Control__Series_2,/Users/shunhao/Desktop/ML/lab/data_all/x_time_h/10.1038_s41467-024-49617-y/Fig6_F_xrd_pattern_stability_performance_curve_pce/accepted/10.1038_s41467-024-49617-y__Fig6__F__xrd_pattern_stability_performance_curve_pce__Control__Series_2.csv,x_time_h/10.1038_s41467-024-49617-y/Fig6_F_xrd_pattern_stability_performance_curve_pce/accepted/10.1038_s41467-024-49617-y__Fig6__F__xrd_pattern_stability_performance_curve_pce__Control__Series_2.csv,10.1038/s41467-024-49617-y,Fig6_F_xrd_pattern_stability_performance_curve_pce,Series_2,69,69,14,0,983.3881777649566,202.46227189278517,True,0.9968977871478224,1.0,0.9864601436015497,1170,13,3,1,node_3_1,0.25585172109931176,1.0,0.9971282045416234,0.9911580280758245,0.9785898187729305,0.9791191206721145,0.9864601436015495,0.0,1,no_initial_change_stable,class_01,/Users/shunhao/Desktop/ML/lab/NEW/som_200h_reanalysis/02_selected_curve_database/main_high_quality_min10/x_time_h/10.1038_s41467-024-49617-y/Fig6_F_xrd_pattern_stability_performance_curve_pce/accepted/10.1038_s41467-024-49617-y__Fig6__F__xrd_pattern_stability_performance_curve_pce__Control__Series_2.csv
x_time_h/10.1038_s41560-019-0382-6/Fig5_A_mppt_stability_performance_curve/accepted/10.1038_s41560-019-0382-6__Fig5__A__mppt_stability_performance_curve__CsFAMA-F__Series_2.csv,10.1038/s41560-019-0382-6|Fig5_A_mppt_stability_performance_curve|10.1038_s41560-019-0382-6__Fig5__A__mppt_stability_performance_curve__CsFAMA-F__Series_2,/Users/shunhao/Desktop/ML/lab/data_all/x_time_h/10.1038_s41560-019-0382-6/Fig5_A_mppt_stability_performance_curve/accepted/10.1038_s41560-019-0382-6__Fig5__A__mppt_stability_performance_curve__CsFAMA-F__Series_2.csv,x_time_h/10.1038_s41560-019-0382-6/Fig5_A_mppt_stability_performance_curve/accepted/10.1038_s41560-019-0382-6__Fig5__A__mppt_stability_performance_curve__CsFAMA-F__Series_2.csv,10.1038/s41560-019-0382-6,Fig5_A_mppt_stability_performance_curve,Series_2,59,59,13,0,949.8928274903576,212.9070130581836,True,1.017794750769743,0.9946177184003032,0.9918602415038296,1174,13,3,1,node_3_1,0.3342720942119735,0.9946177184003031,0.998780515984924,0.9998112361258954,0.9945078319975382,0.9944419155140508,0.9918602415038297,60.0,1,no_initial_change_stable,class_01,/Users/shunhao/Desktop/ML/lab/NEW/som_200h_reanalysis/02_selected_curve_database/main_high_quality_min10/x_time_h/10.1038_s41560-019-0382-6/Fig5_A_mppt_stability_performance_curve/accepted/10.1038_s41560-019-0382-6__Fig5__A__mppt_stability_performance_curve__CsFAMA-F__Series_2.csv
x_time_h/10.1038_s41560-019-0382-6/Fig5_A_mppt_stability_performance_curve/accepted/10.1038_s41560-019-0382-6__Fig5__A__mppt_stability_performance_curve__CsFAMA__Series_1.csv,10.1038/s41560-019-0382-6|Fig5_A_mppt_stability_performance_curve|10.1038_s41560-019-0382-6__Fig5__A__mppt_stability_performance_curve__CsFAMA__Series_1,/Users/shunhao/Desktop/ML/lab/data_all/x_time_h/10.1038_s41560-019-0382-6/Fig5_A_mppt_stability_performance_curve/accepted/10.1038_s41560-019-0382-6__Fig5__A__mppt_stability_performance_curve__CsFAMA__Series_1.csv,x_time_h/10.1038_s41560-019-0382-6/Fig5_A_mppt_stability_performance_curve/accepted/10.1038_s41560-019-0382-6__Fig5__A__mppt_stability_performance_curve__CsFAMA__Series_1.csv,10.1038/s41560-019-0382-6,Fig5_A_mppt_stability_performance_curve,Series_1,60,60,13,0,966.2702900332948,212.9070130581836,True,1.0078085054882873,0.993990263985761,0.9592011349412928,1175,13,3,1,node_3_1,0.3914734053779846,0.993990263985761,0.9978138288138113,0.9938514272283634,0.9829519230783901,0.9696621524661032,0.9592011349412929,25.166666666666664,1,no_initial_change_stable,class_01,/Users/shunhao/Desktop/ML/lab/NEW/som_200h_reanalysis/02_selected_curve_database/main_high_quality_min10/x_time_h/10.1038_s41560-019-0382-6/Fig5_A_mppt_stability_performance_curve/accepted/10.1038_s41560-019-0382-6__Fig5__A__mppt_stability_performance_curve__CsFAMA__Series_1.csv
x_time_h/10.1038_s41560-019-0382-6/Fig5_B_mppt_stability_performance_curve/accepted/10.1038_s41560-019-0382-6__Fig5__B__mppt_stability_performance_curve__CsFAMA-F__Series_1.csv,10.1038/s41560-019-0382-6|Fig5_B_mppt_stability_performance_curve|10.1038_s41560-019-0382-6__Fig5__B__mppt_stability_performance_curve__CsFAMA-F__Series_1,/Users/shunhao/Desktop/ML/lab/data_all/x_time_h/10.1038_s41560-019-0382-6/Fig5_B_mppt_stability_performance_curve/accepted/10.1038_s41560-019-0382-6__Fig5__B__mppt_stability_performance_curve__CsFAMA-F__Series_1.csv,x_time_h/10.1038_s41560-019-0382-6/Fig5_B_mppt_stability_performance_curve/accepted/10.1038_s41560-019-0382-6__Fig5__B__mppt_stability_performance_curve__CsFAMA-F__Series_1.csv,10.1038/s41560-019-0382-6,Fig5_B_mppt_stability_performance_curve,Series_1,60,60,13,0,969.144843595231,213.54038926674576,True,1.0227188511688448,0.9841538212631492,0.9758251523747734,1176,13,3,1,node_3_1,0.1696384600717932,0.9841538212631493,0.9891869180214148,0.9997309278475744,0.9916879581315895,0.9838129358192887,0.9758251523747734,57.5,1,no_initial_change_stable,class_01,/Users/shunhao/Desktop/ML/lab/NEW/som_200h_reanalysis/02_selected_curve_database/main_high_quality_min10/x_time_h/10.1038_s41560-019-0382-6/Fig5_B_mppt_stability_performance_curve/accepted/10.1038_s41560-019-0382-6__Fig5__B__mppt_stability_performance_curve__CsFAMA-F__Series_1.csv
x_time_h/10.1038_s41565-020-0765-7/Fig3_A_mppt_stability_performance_curve_pce/accepted/10.1038_s41565-020-0765-7__Fig3__A__mppt_stability_performance_curve_pce__r-PVSC__Series_2.csv,10.1038/s41565-020-0765-7|Fig3_A_mppt_stability_performance_curve_pce|10.1038_s41565-020-0765-7__Fig3__A__mppt_stability_performance_curve_pce__r-PVSC__Series_2,/Users/shunhao/Desktop/ML/lab/data_all/x_time_h/10.1038_s41565-020-0765-7/Fig3_A_mppt_stability_performance_curve_pce/accepted/10.1038_s41565-020-0765-7__Fig3__A__mppt_stability_performance_curve_pce__r-PVSC__Series_2.csv,x_time_h/10.1038_s41565-020-0765-7/Fig3_A_mppt_stability_performance_curve_pce/accepted/10.1038_s41565-020-0765-7__Fig3__A__mppt_stability_performance_curve_pce__r-PVSC__Series_2.csv,10.1038/s41565-020-0765-7,Fig3_A_mppt_stability_performance_curve_pce,Series_2,86,86,16,0,1098.4735591179483,206.77149348102552,True,20.457435887765413,0.9773415653722296,0.9786204258560968,1190,13,3,1,node_3_1,0.27171156954568776,0.9773415653722296,0.9827958024255632,0.9900430043644832,0.9991521147930433,0.9946154326012197,0.9786204258560969,107.66666666666666,1,no_initial_change_stable,class_01,/Users/shunhao/Desktop/ML/lab/NEW/som_200h_reanalysis/02_selected_curve_database/main_high_quality_min10/x_time_h/10.1038_s41565-020-0765-7/Fig3_A_mppt_stability_performance_curve_pce/accepted/10.1038_s41565-020-0765-7__Fig3__A__mppt_stability_performance_curve_pce__r-PVSC__Series_2.csv
x_time_h/10.1038_s41586-023-06892-x/Fig4_B_mppt_stability_performance_curve_pce/accepted/10.1038_s41586-023-06892-x__Fig4__B__mppt_stability_performance_curve_pce__WBG_PSCs_with_YbOₓ__Series_2.csv,10.1038/s41586-023-06892-x|Fig4_B_mppt_stability_performance_curve_pce|10.1038_s41586-023-06892-x__Fig4__B__mppt_stability_performance_curve_pce__WBG_PSCs_with_YbOₓ__Series_2,/Users/shunhao/Desktop/ML/lab/data_all/x_time_h/10.1038_s41586-023-06892-x/Fig4_B_mppt_stability_performance_curve_pce/accepted/10.1038_s41586-023-06892-x__Fig4__B__mppt_stability_performance_curve_pce__WBG_PSCs_with_YbOₓ__Series_2.csv,x_time_h/10.1038_s41586-023-06892-x/Fig4_B_mppt_stability_performance_curve_pce/accepted/10.1038_s41586-023-06892-x__Fig4__B__mppt_stability_performance_curve_pce__WBG_PSCs_with_YbOₓ__Series_2.csv,10.1038/s41586-023-06892-x,Fig4_B_mppt_stability_performance_curve_pce,Series_2,101,100,40,1,505.1246350640117,204.09076164202492,True,18.66277183159968,0.9774276043815264,0.944719591303113,1196,13,3,1,node_3_1,0.5633913795983547,0.9774276043815264,0.9805592682494269,0.9929044049899263,1.0,0.9845302670415117,0.944719591303113,66.33333333333333,1,no_initial_change_stable,class_01,/Users/shunhao/Desktop/ML/lab/NEW/som_200h_reanalysis/02_selected_curve_database/main_high_quality_min10/x_time_h/10.1038_s41586-023-06892-x/Fig4_B_mppt_stability_performance_curve_pce/accepted/10.1038_s41586-023-06892-x__Fig4__B__mppt_stability_performance_curve_pce__WBG_PSCs_with_YbOₓ__Series_2.csv
x_time_h/10.1038_s41598-020-72210-4/Fig8_E_stability_performance_curve/accepted/10.1038_s41598-020-72210-4__Fig8__E__stability_performance_curve__Efficiency__Series_1.csv,10.1038/s41598-020-72210-4|Fig8_E_stability_performance_curve|10.1038_s41598-020-72210-4__Fig8__E__stability_performance_curve__Efficiency__Series_1,/Users/shunhao/Desktop/ML/lab/data_all/x_time_h/10.1038_s41598-020-72210-4/Fig8_E_stability_performance_curve/accepted/10.1038_s41598-020-72210-4__Fig8__E__stability_performance_curve__Efficiency__Series_1.csv,x_time_h/10.1038_s41598-020-72210-4/Fig8_E_stability_performance_curve/accepted/10.1038_s41598-020-72210-4__Fig8__E__stability_performance_curve__Efficiency__Series_1.csv,10.1038/s41598-020-72210-4,Fig8_E_stability_performance_curve,Series_1,50,50,14,0,717.977540591209,205.13644016891683,True,3.3120417934358777,0.9950104482227295,0.9974161263714576,1197,13,3,1,node_3_1,0.4098772193458173,0.9950104482227297,0.996652257647445,0.9998218045201854,0.9974161263714575,0.9974161263714575,0.9974161263714575,34.166666666666664,1,no_initial_change_stable,class_01,/Users/shunhao/Desktop/ML/lab/NEW/som_200h_reanalysis/02_selected_curve_database/main_high_quality_min10/x_time_h/10.1038_s41598-020-72210-4/Fig8_E_stability_performance_curve/accepted/10.1038_s41598-020-72210-4__Fig8__E__stability_performance_curve__Efficiency__Series_1.csv
x_time_h/10.1039_D5EE05397H/Fig3_D_stability_performance_curve/accepted/10.1039_D5EE05397H__Fig3__D__stability_performance_curve__SQOSCs(390nm)__Series_1.csv,10.1039/D5EE05397H|Fig3_D_stability_performance_curve|10.1039_D5EE05397H__Fig3__D__stability_performance_curve__SQOSCs(390nm)__Series_1,/Users/shunhao/Desktop/ML/lab/data_all/x_time_h/10.1039_D5EE05397H/Fig3_D_stability_performance_curve/accepted/10.1039_D5EE05397H__Fig3__D__stability_performance_curve__SQOSCs(390nm)__Series_1.csv,x_time_h/10.1039_D5EE05397H/Fig3_D_stability_performance_curve/accepted/10.1039_D5EE05397H__Fig3__D__stability_performance_curve__SQOSCs(390nm)__Series_1.csv,10.1039/D5EE05397H,Fig3_D_stability_performance_curve,Series_1,47,47,19,0,488.9179588436073,201.94437430496825,True,1.0025221368708996,0.9892337360920824,0.9917241554569812,1206,13,3,1,node_3_1,0.34100889881999535,0.9892337360920825,0.9972669264197973,0.9994330663061135,0.9973084633594667,0.9947118984506056,0.9917241554569813,53.166666666666664,1,no_initial_change_stable,class_01,/Users/shunhao/Desktop/ML/lab/NEW/som_200h_reanalysis/02_selected_curve_database/main_high_quality_min10/x_time_h/10.1039_D5EE05397H/Fig3_D_stability_performance_curve/accepted/10.1039_D5EE05397H__Fig3__D__stability_performance_curve__SQOSCs(390nm)__Series_1.csv
x_time_h/10.1039_c6ta10605f/Fig1_D_stability_performance_curve_pce/accepted/10.1039_c6ta10605f__Fig1__D__stability_performance_curve_pce__η__Series_1.csv,10.1039/c6ta10605f|Fig1_D_stability_performance_curve_pce|10.1039_c6ta10605f__Fig1__D__stability_performance_curve_pce__η__Series_1,/Users/shunhao/Desktop/ML/lab/data_all/x_time_h/10.1039_c6ta10605f/Fig1_D_stability_performance_curve_pce/accepted/10.1039_c6ta10605f__Fig1__D__stability_performance_curve_pce__η__Series_1.csv,x_time_h/10.1039_c6ta10605f/Fig1_D_stability_performance_curve_pce/accepted/10.1039_c6ta10605f__Fig1__D__stability_performance_curve_pce__η__Series_1.csv,10.1039/c6ta10605f,Fig1_D_stability_performance_curve_pce,Series_1,74,74,20,0,741.8281965760875,203.2406018016678,True,7.62711274393076,0.8985973410564461,0.9924576574174856,1226,13,3,1,node_3_1,1.2375849239249013,0.8985973410564461,0.9185982819162594,0.9449930097353456,0.9717327348481796,0.9978767014250908,0.9924576574174856,157.5,1,no_initial_change_stable,class_01,/Users/shunhao/Desktop/ML/lab/NEW/som_200h_reanalysis/02_selected_curve_database/main_high_quality_min10/x_time_h/10.1039_c6ta10605f/Fig1_D_stability_performance_curve_pce/accepted/10.1039_c6ta10605f__Fig1__D__stability_performance_curve_pce__η__Series_1.csv
x_time_h/10.1039_c7ee02634j/Fig4_D_mppt_stability_performance_curve_jsc/accepted/10.1039_c7ee02634j__Fig4__D__mppt_stability_performance_curve_jsc__CsFAMA__Series_2.csv,10.1039/c7ee02634j|Fig4_D_mppt_stability_performance_curve_jsc|10.1039_c7ee02634j__Fig4__D__mppt_stability_performance_curve_jsc__CsFAMA__Series_2,/Users/shunhao/Desktop/ML/lab/data_all/x_time_h/10.1039_c7ee02634j/Fig4_D_mppt_stability_performance_curve_jsc/accepted/10.1039_c7ee02634j__Fig4__D__mppt_stability_performance_curve_jsc__CsFAMA__Series_2.csv,x_time_h/10.1039_c7ee02634j/Fig4_D_mppt_stability_performance_curve_jsc/accepted/10.1039_c7ee02634j__Fig4__D__mppt_stability_performance_curve_jsc__CsFAMA__Series_2.csv,10.1039/c7ee02634j,Fig4_D_mppt_stability_performance_curve_jsc,Series_2,45,45,10,0,966.8781245984978,219.74502831784045,True,19.398635743825743,0.9996685689562568,0.9613931334229792,1227,13,3,1,node_3_1,0.3558629633225834,0.9996685689562569,1.0,0.994291170977332,0.9801302042378133,0.9718574663565147,0.9613931334229793,10.0,1,no_initial_change_stable,class_01,/Users/shunhao/Desktop/ML/lab/NEW/som_200h_reanalysis/02_selected_curve_database/main_high_quality_min10/x_time_h/10.1039_c7ee02634j/Fig4_D_mppt_stability_performance_curve_jsc/accepted/10.1039_c7ee02634j__Fig4__D__mppt_stability_performance_curve_jsc__CsFAMA__Series_2.csv
x_time_h/10.1039_c8nr07638c/Fig4_D_stability_performance_curve_pce/accepted/10.1039_c8nr07638c__Fig4__D__stability_performance_curve_pce__PSCwith_β-CD__Series_1.csv,10.1039/c8nr07638c|Fig4_D_stability_performance_curve_pce|10.1039_c8nr07638c__Fig4__D__stability_performance_curve_pce__PSCwith_β-CD__Series_1,/Users/shunhao/Desktop/ML/lab/data_all/x_time_h/10.1039_c8nr07638c/Fig4_D_stability_performance_curve_pce/accepted/10.1039_c8nr07638c__Fig4__D__stability_performance_curve_pce__PSCwith_β-CD__Series_1.csv,x_time_h/10.1039_c8nr07638c/Fig4_D_stability_performance_curve_pce/accepted/10.1039_c8nr07638c__Fig4__D__stability_performance_curve_pce__PSCwith_β-CD__Series_1.csv,10.1039/c8nr07638c,Fig4_D_stability_performance_curve_pce,Series_1,57,57,24,0,481.1098325353373,206.18992822943028,True,20.397767013293063,0.997638216369715,0.9551870248406265,1239,13,3,1,node_3_1,0.367379153625336,0.997638216369715,0.9997223851951361,0.995315878565425,0.9891854785287654,0.9722800028468661,0.9551870248406263,7.666666666666666,1,no_initial_change_stable,class_01,/Users/shunhao/Desktop/ML/lab/NEW/som_200h_reanalysis/02_selected_curve_database/main_high_quality_min10/x_time_h/10.1039_c8nr07638c/Fig4_D_stability_performance_curve_pce/accepted/10.1039_c8nr07638c__Fig4__D__stability_performance_curve_pce__PSCwith_β-CD__Series_1.csv
x_time_h/10.1039_c8ta02672f/Fig3_M_jv_curve_stability_performance/accepted/10.1039_c8ta02672f__Fig3__M__jv_curve_stability_performance__AuCl₃-Graphene__Series_1.csv,10.1039/c8ta02672f|Fig3_M_jv_curve_stability_performance|10.1039_c8ta02672f__Fig3__M__jv_curve_stability_performance__AuCl₃-Graphene__Series_1,/Users/shunhao/Desktop/ML/lab/data_all/x_time_h/10.1039_c8ta02672f/Fig3_M_jv_curve_stability_performance/accepted/10.1039_c8ta02672f__Fig3__M__jv_curve_stability_performance__AuCl₃-Graphene__Series_1.csv,x_time_h/10.1039_c8ta02672f/Fig3_M_jv_curve_stability_performance/accepted/10.1039_c8ta02672f__Fig3__M__jv_curve_stability_performance__AuCl₃-Graphene__Series_1.csv,10.1039/c8ta02672f,Fig3_M_jv_curve_stability_performance,Series_1,77,77,16,0,981.3228277454436,206.5942795253566,True,17.740967100970867,0.999732883993514,0.9954588300099856,1251,13,3,1,node_3_1,0.39227538693969105,0.999732883993514,0.9999195202484709,0.9975958570017497,0.9975958570017497,0.9975958570017497,0.9954588300099855,6.5,1,no_initial_change_stable,class_01,/Users/shunhao/Desktop/ML/lab/NEW/som_200h_reanalysis/02_selected_curve_database/main_high_quality_min10/x_time_h/10.1039_c8ta02672f/Fig3_M_jv_curve_stability_performance/accepted/10.1039_c8ta02672f__Fig3__M__jv_curve_stability_performance__AuCl₃-Graphene__Series_1.csv
x_time_h/10.1039_c8ta04936j/Fig5_A_stability_performance_curve_pce/accepted/10.1039_c8ta04936j__Fig5__A__stability_performance_curve_pce__MA__Series_2.csv,10.1039/c8ta04936j|Fig5_A_stability_performance_curve_pce|10.1039_c8ta04936j__Fig5__A__stability_performance_curve_pce__MA__Series_2,/Users/shunhao/Desktop/ML/lab/data_all/x_time_h/10.1039_c8ta04936j/Fig5_A_stability_performance_curve_pce/accepted/10.1039_c8ta04936j__Fig5__A__stability_performance_curve_pce__MA__Series_2.csv,x_time_h/10.1039_c8ta04936j/Fig5_A_stability_performance_curve_pce/accepted/10.1039_c8ta04936j__Fig5__A__stability_performance_curve_pce__MA__Series_2.csv,10.1039/c8ta04936j,Fig5_A_stability_performance_curve_pce,Series_2,86,86,12,0,1520.2390922906754,214.6219894998601,True,0.989287490164669,1.0,0.9608578746957356,1253,13,3,1,node_3_1,0.3060094129049976,1.0,0.9979521599556246,0.992560924288577,0.9815546357204863,0.9739814455718623,0.9608578746957355,0.0,1,no_initial_change_stable,class_01,/Users/shunhao/Desktop/ML/lab/NEW/som_200h_reanalysis/02_selected_curve_database/main_high_quality_min10/x_time_h/10.1039_c8ta04936j/Fig5_A_stability_performance_curve_pce/accepted/10.1039_c8ta04936j__Fig5__A__stability_performance_curve_pce__MA__Series_2.csv
x_time_h/10.1039_c8ta04936j/Fig5_A_stability_performance_curve_pce/accepted/10.1039_c8ta04936j__Fig5__A__stability_performance_curve_pce__MDx=0.03__Series_3.csv,10.1039/c8ta04936j|Fig5_A_stability_performance_curve_pce|10.1039_c8ta04936j__Fig5__A__stability_performance_curve_pce__MDx=0.03__Series_3,/Users/shunhao/Desktop/ML/lab/data_all/x_time_h/10.1039_c8ta04936j/Fig5_A_stability_performance_curve_pce/accepted/10.1039_c8ta04936j__Fig5__A__stability_performance_curve_pce__MDx=0.03__Series_3.csv,x_time_h/10.1039_c8ta04936j/Fig5_A_stability_performance_curve_pce/accepted/10.1039_c8ta04936j__Fig5__A__stability_performance_curve_pce__MDx=0.03__Series_3.csv,10.1039/c8ta04936j,Fig5_A_stability_performance_curve_pce,Series_3,87,87,12,0,1538.1242580823305,214.62198949986004,True,0.996222715962669,0.999590514627256,0.9880476353065912,1254,13,3,1,node_3_1,0.2505557530093881,0.9995905146272561,0.9999942912551343,0.996419483152708,0.9937080544215033,0.9901502241980986,0.9880476353065912,9.0,1,no_initial_change_stable,class_01,/Users/shunhao/Desktop/ML/lab/NEW/som_200h_reanalysis/02_selected_curve_database/main_high_quality_min10/x_time_h/10.1039_c8ta04936j/Fig5_A_stability_performance_curve_pce/accepted/10.1039_c8ta04936j__Fig5__A__stability_performance_curve_pce__MDx=0.03__Series_3.csv
x_time_h/10.1039_c8ta04936j/Fig5_A_stability_performance_curve_pce/accepted/10.1039_c8ta04936j__Fig5__A__stability_performance_curve_pce__MDx=0.05__Series_4.csv,10.1039/c8ta04936j|Fig5_A_stability_performance_curve_pce|10.1039_c8ta04936j__Fig5__A__stability_performance_curve_pce__MDx=0.05__Series_4,/Users/shunhao/Desktop/ML/lab/data_all/x_time_h/10.1039_c8ta04936j/Fig5_A_stability_performance_curve_pce/accepted/10.1039_c8ta04936j__Fig5__A__stability_performance_curve_pce__MDx=0.05__Series_4.csv,x_time_h/10.1039_c8ta04936j/Fig5_A_stability_performance_curve_pce/accepted/10.1039_c8ta04936j__Fig5__A__stability_performance_curve_pce__MDx=0.05__Series_4.csv,10.1039/c8ta04936j,Fig5_A_stability_performance_curve_pce,Series_4,87,87,12,0,1538.1242580823305,214.62198949986004,True,0.9958147773324872,1.0,0.9816755399210546,1255,13,3,1,node_3_1,0.16478816330168342,1.0,0.9993986745704393,0.9924764499932999,0.9891629615388428,0.9862566549407911,0.9816755399210546,0.0,1,no_initial_change_stable,class_01,/Users/shunhao/Desktop/ML/lab/NEW/som_200h_reanalysis/02_selected_curve_database/main_high_quality_min10/x_time_h/10.1039_c8ta04936j/Fig5_A_stability_performance_curve_pce/accepted/10.1039_c8ta04936j__Fig5__A__stability_performance_curve_pce__MDx=0.05__Series_4.csv
x_time_h/10.1039_c8ta04936j/Fig5_A_stability_performance_curve_pce/accepted/10.1039_c8ta04936j__Fig5__A__stability_performance_curve_pce__MDx=0.10__Series_1.csv,10.1039/c8ta04936j|Fig5_A_stability_performance_curve_pce|10.1039_c8ta04936j__Fig5__A__stability_performance_curve_pce__MDx=0.10__Series_1,/Users/shunhao/Desktop/ML/lab/data_all/x_time_h/10.1039_c8ta04936j/Fig5_A_stability_performance_curve_pce/accepted/10.1039_c8ta04936j__Fig5__A__stability_performance_curve_pce__MDx=0.10__Series_1.csv,x_time_h/10.1039_c8ta04936j/Fig5_A_stability_performance_curve_pce/accepted/10.1039_c8ta04936j__Fig5__A__stability_performance_curve_pce__MDx=0.10__Series_1.csv,10.1039/c8ta04936j,Fig5_A_stability_performance_curve_pce,Series_1,89,89,12,0,1573.8945896656403,214.6219894998601,True,0.9974465991244418,1.0,0.9617750382908428,1256,13,3,1,node_3_1,0.3273497983481434,1.0,0.9981705518722234,0.9908527593611172,0.9817055187222344,0.9725582780833515,0.9617750382908429,0.0,1,no_initial_change_stable,class_01,/Users/shunhao/Desktop/ML/lab/NEW/som_200h_reanalysis/02_selected_curve_database/main_high_quality_min10/x_time_h/10.1039_c8ta04936j/Fig5_A_stability_performance_curve_pce/accepted/10.1039_c8ta04936j__Fig5__A__stability_performance_curve_pce__MDx=0.10__Series_1.csv
x_time_h/10.1039_c9cc07785e/Fig4_A_stability_performance_curve_pce_2/accepted/10.1039_c9cc07785e__Fig4__A__stability_performance_curve_pce_2__CE__Series_2.csv,10.1039/c9cc07785e|Fig4_A_stability_performance_curve_pce_2|10.1039_c9cc07785e__Fig4__A__stability_performance_curve_pce_2__CE__Series_2,/Users/shunhao/Desktop/ML/lab/data_all/x_time_h/10.1039_c9cc07785e/Fig4_A_stability_performance_curve_pce_2/accepted/10.1039_c9cc07785e__Fig4__A__stability_performance_curve_pce_2__CE__Series_2.csv,x_time_h/10.1039_c9cc07785e/Fig4_A_stability_performance_curve_pce_2/accepted/10.1039_c9cc07785e__Fig4__A__stability_performance_curve_pce_2__CE__Series_2.csv,10.1039/c9cc07785e,Fig4_A_stability_performance_curve_pce_2,Series_2,81,81,16,0,1011.9736910910032,202.3947382182007,True,13.0833382342836,0.9993026033982476,0.9825650547425724,1265,13,3,1,node_3_1,0.3110955644386408,0.9993026033982476,0.999764531206019,0.9937234205130225,0.9714793055487161,0.9820644878854807,0.9825650547425723,6.333333333333333,1,no_initial_change_stable,class_01,/Users/shunhao/Desktop/ML/lab/NEW/som_200h_reanalysis/02_selected_curve_database/main_high_quality_min10/x_time_h/10.1039_c9cc07785e/Fig4_A_stability_performance_curve_pce_2/accepted/10.1039_c9cc07785e__Fig4__A__stability_performance_curve_pce_2__CE__Series_2.csv
x_time_h/10.1039_c9ta01094g/Fig5_C_stability/accepted/10.1039_c9ta01094g__Fig5__C__stability__CuScN_rG0_@_85_%c__Series_2.csv,10.1039/c9ta01094g|Fig5_C_stability|10.1039_c9ta01094g__Fig5__C__stability__CuScN_rG0_@_85_%c__Series_2,/Users/shunhao/Desktop/ML/lab/data_all/x_time_h/10.1039_c9ta01094g/Fig5_C_stability/accepted/10.1039_c9ta01094g__Fig5__C__stability__CuScN_rG0_@_85_%c__Series_2.csv,x_time_h/10.1039_c9ta01094g/Fig5_C_stability/accepted/10.1039_c9ta01094g__Fig5__C__stability__CuScN_rG0_@_85_%c__Series_2.csv,10.1039/c9ta01094g,Fig5_C_stability,Series_2,128,128,29,0,880.9043072951155,201.15137725636492,True,1.009192927790707,0.9997722100149306,0.9874619333813394,1269,13,3,1,node_3_1,0.24265562109423833,0.9997722100149306,0.9997722100149306,0.9993315281913523,0.9904774047782691,0.9905395025397371,0.9874619333813394,46.166666666666664,1,no_initial_change_stable,class_01,/Users/shunhao/Desktop/ML/lab/NEW/som_200h_reanalysis/02_selected_curve_database/main_high_quality_min10/x_time_h/10.1039_c9ta01094g/Fig5_C_stability/accepted/10.1039_c9ta01094g__Fig5__C__stability__CuScN_rG0_@_85_%c__Series_2.csv
x_time_h/10.1039_c9ta08177a/Fig6_A_stability_performance_curve/accepted/10.1039_c9ta08177a__Fig6__A__stability_performance_curve__with_PEI_CNT__Series_2.csv,10.1039/c9ta08177a|Fig6_A_stability_performance_curve|10.1039_c9ta08177a__Fig6__A__stability_performance_curve__with_PEI_CNT__Series_2,/Users/shunhao/Desktop/ML/lab/data_all/x_time_h/10.1039_c9ta08177a/Fig6_A_stability_performance_curve/accepted/10.1039_c9ta08177a__Fig6__A__stability_performance_curve__with_PEI_CNT__Series_2.csv,x_time_h/10.1039_c9ta08177a/Fig6_A_stability_performance_curve/accepted/10.1039_c9ta08177a__Fig6__A__stability_performance_curve__with_PEI_CNT__Series_2.csv,10.1039/c9ta08177a,Fig6_A_stability_performance_curve,Series_2,44,44,15,0,583.9100373709591,203.68954792010203,True,0.996611083623695,0.9995647727923362,0.968859873414934,1277,13,3,1,node_3_1,0.19234129372515282,0.9995647727923362,0.9999027111756,0.9960828110095178,0.9915519546795164,0.9819428518306998,0.968859873414934,6.833333333333333,1,no_initial_change_stable,class_01,/Users/shunhao/Desktop/ML/lab/NEW/som_200h_reanalysis/02_selected_curve_database/main_high_quality_min10/x_time_h/10.1039_c9ta08177a/Fig6_A_stability_performance_curve/accepted/10.1039_c9ta08177a__Fig6__A__stability_performance_curve__with_PEI_CNT__Series_2.csv
x_time_h/10.1039_c9ta12597c/Fig5_A_stability_performance_curve_pce/accepted/10.1039_c9ta12597c__Fig5__A__stability_performance_curve_pce__Pristine__Series_1.csv,10.1039/c9ta12597c|Fig5_A_stability_performance_curve_pce|10.1039_c9ta12597c__Fig5__A__stability_performance_curve_pce__Pristine__Series_1,/Users/shunhao/Desktop/ML/lab/data_all/x_time_h/10.1039_c9ta12597c/Fig5_A_stability_performance_curve_pce/accepted/10.1039_c9ta12597c__Fig5__A__stability_performance_curve_pce__Pristine__Series_1.csv,x_time_h/10.1039_c9ta12597c/Fig5_A_stability_performance_curve_pce/accepted/10.1039_c9ta12597c__Fig5__A__stability_performance_curve_pce__Pristine__Series_1.csv,10.1039/c9ta12597c,Fig5_A_stability_performance_curve_pce,Series_1,62,62,12,0,1061.0854808316792,208.73812737672372,True,18.404504835999276,0.9621607447356376,0.9724898042046936,1280,13,3,1,node_3_1,0.29557600190160893,0.9621607447356375,0.967298526032031,0.9917126134814025,0.9957887215339758,0.9819270743829324,0.9724898042046936,68.33333333333333,1,no_initial_change_stable,class_01,/Users/shunhao/Desktop/ML/lab/NEW/som_200h_reanalysis/02_selected_curve_database/main_high_quality_min10/x_time_h/10.1039_c9ta12597c/Fig5_A_stability_performance_curve_pce/accepted/10.1039_c9ta12597c__Fig5__A__stability_performance_curve_pce__Pristine__Series_1.csv
x_time_h/10.1039_c9ta13159k/Fig4_E_stability_performance_curve/accepted/10.1039_c9ta13159k__Fig4__E__stability_performance_curve__FBH__Series_2.csv,10.1039/c9ta13159k|Fig4_E_stability_performance_curve|10.1039_c9ta13159k__Fig4__E__stability_performance_curve__FBH__Series_2,/Users/shunhao/Desktop/ML/lab/data_all/x_time_h/10.1039_c9ta13159k/Fig4_E_stability_performance_curve/accepted/10.1039_c9ta13159k__Fig4__E__stability_performance_curve__FBH__Series_2.csv,x_time_h/10.1039_c9ta13159k/Fig4_E_stability_performance_curve/accepted/10.1039_c9ta13159k__Fig4__E__stability_performance_curve__FBH__Series_2.csv,10.1039/c9ta13159k,Fig4_E_stability_performance_curve,Series_2,86,86,29,0,589.9637855429293,201.2817621264111,True,1.0340169414370322,0.969001558210128,0.977043808131619,1283,13,3,1,node_3_1,0.26928960188631773,0.9690015582101279,0.9833216184045693,0.9999806157271305,0.9998477654926716,0.9903646213628072,0.977043808131619,50.83333333333333,1,no_initial_change_stable,class_01,/Users/shunhao/Desktop/ML/lab/NEW/som_200h_reanalysis/02_selected_curve_database/main_high_quality_min10/x_time_h/10.1039_c9ta13159k/Fig4_E_stability_performance_curve/accepted/10.1039_c9ta13159k__Fig4__E__stability_performance_curve__FBH__Series_2.csv
x_time_h/10.1039_c9tc00064j/Fig7_A_stability_performance_curve/accepted/10.1039_c9tc00064j__Fig7__A__stability_performance_curve__Reference__Series_1.csv,10.1039/c9tc00064j|Fig7_A_stability_performance_curve|10.1039_c9tc00064j__Fig7__A__stability_performance_curve__Reference__Series_1,/Users/shunhao/Desktop/ML/lab/data_all/x_time_h/10.1039_c9tc00064j/Fig7_A_stability_performance_curve/accepted/10.1039_c9tc00064j__Fig7__A__stability_performance_curve__Reference__Series_1.csv,x_time_h/10.1039_c9tc00064j/Fig7_A_stability_performance_curve/accepted/10.1039_c9tc00064j__Fig7__A__stability_performance_curve__Reference__Series_1.csv,10.1039/c9tc00064j,Fig7_A_stability_performance_curve,Series_1,45,45,13,0,700.0944896550634,206.84609921626873,True,1.0050913817812492,0.999873562563508,0.9601671029976884,1288,13,3,1,node_3_1,0.3632461282260523,0.9998735625635081,0.9998735625635081,0.9979235193624647,0.9818318617159062,0.9716834766017881,0.9601671029976883,26.5,1,no_initial_change_stable,class_01,/Users/shunhao/Desktop/ML/lab/NEW/som_200h_reanalysis/02_selected_curve_database/main_high_quality_min10/x_time_h/10.1039_c9tc00064j/Fig7_A_stability_performance_curve/accepted/10.1039_c9tc00064j__Fig7__A__stability_performance_curve__Reference__Series_1.csv
x_time_h/10.1039_d0ee01845g/Fig3_D_stability_performance_curve/accepted/10.1039_d0ee01845g__Fig3__D__stability_performance_curve__TG-FASnl₃__Series_2.csv,10.1039/d0ee01845g|Fig3_D_stability_performance_curve|10.1039_d0ee01845g__Fig3__D__stability_performance_curve__TG-FASnl₃__Series_2,/Users/shunhao/Desktop/ML/lab/data_all/x_time_h/10.1039_d0ee01845g/Fig3_D_stability_performance_curve/accepted/10.1039_d0ee01845g__Fig3__D__stability_performance_curve__TG-FASnl₃__Series_2.csv,x_time_h/10.1039_d0ee01845g/Fig3_D_stability_performance_curve/accepted/10.1039_d0ee01845g__Fig3__D__stability_performance_curve__TG-FASnl₃__Series_2.csv,10.1039/d0ee01845g,Fig3_D_stability_performance_curve,Series_2,56,56,12,0,998.4857024864408,217.85142599704164,True,1.0466885101935113,0.9637169589882164,0.9963568160168916,1296,13,3,1,node_3_1,0.5222443891610986,0.9637169589882164,0.9635218654463281,0.983037048744878,0.9995614680920739,0.9997366835956969,0.9963568160168917,109.0,1,no_initial_change_stable,class_01,/Users/shunhao/Desktop/ML/lab/NEW/som_200h_reanalysis/02_selected_curve_database/main_high_quality_min10/x_time_h/10.1039_d0ee01845g/Fig3_D_stability_performance_curve/accepted/10.1039_d0ee01845g__Fig3__D__stability_performance_curve__TG-FASnl₃__Series_2.csv
x_time_h/10.1039_d0se00479k/Fig6_whole_mppt_stability_performance_curve_pce/accepted/10.1039_d0se00479k__Fig6__whole__mppt_stability_performance_curve_pce__Without_CuSCN__Series_2.csv,10.1039/d0se00479k|Fig6_whole_mppt_stability_performance_curve_pce|10.1039_d0se00479k__Fig6__whole__mppt_stability_performance_curve_pce__Without_CuSCN__Series_2,/Users/shunhao/Desktop/ML/lab/data_all/x_time_h/10.1039_d0se00479k/Fig6_whole_mppt_stability_performance_curve_pce/accepted/10.1039_d0se00479k__Fig6__whole__mppt_stability_performance_curve_pce__Without_CuSCN__Series_2.csv,x_time_h/10.1039_d0se00479k/Fig6_whole_mppt_stability_performance_curve_pce/accepted/10.1039_d0se00479k__Fig6__whole__mppt_stability_performance_curve_pce__Without_CuSCN__Series_2.csv,10.1039/d0se00479k,Fig6_whole_mppt_stability_performance_curve_pce,Series_2,74,74,14,0,1091.738509588672,209.3745086882385,True,1.0051807264679349,1.0,0.9913900879668331,1304,13,3,1,node_3_1,0.3262939884519981,1.0,0.9986016153014318,0.9958173412968586,0.9958173412968586,0.9937260119452881,0.9913900879668333,0.0,1,no_initial_change_stable,class_01,/Users/shunhao/Desktop/ML/lab/NEW/som_200h_reanalysis/02_selected_curve_database/main_high_quality_min10/x_time_h/10.1039_d0se00479k/Fig6_whole_mppt_stability_performance_curve_pce/accepted/10.1039_d0se00479k__Fig6__whole__mppt_stability_performance_curve_pce__Without_CuSCN__Series_2.csv
x_time_h/10.1039_d0se01493a/Fig6_D_stability_performance_curve_pattern/accepted/10.1039_d0se01493a__Fig6__D__stability_performance_curve_pattern__Ref__Series_1.csv,10.1039/d0se01493a|Fig6_D_stability_performance_curve_pattern|10.1039_d0se01493a__Fig6__D__stability_performance_curve_pattern__Ref__Series_1,/Users/shunhao/Desktop/ML/lab/data_all/x_time_h/10.1039_d0se01493a/Fig6_D_stability_performance_curve_pattern/accepted/10.1039_d0se01493a__Fig6__D__stability_performance_curve_pattern__Ref__Series_1.csv,x_time_h/10.1039_d0se01493a/Fig6_D_stability_performance_curve_pattern/accepted/10.1039_d0se01493a__Fig6__D__stability_performance_curve_pattern__Ref__Series_1.csv,10.1039/d0se01493a,Fig6_D_stability_performance_curve_pattern,Series_1,51,51,11,0,962.8627132535646,211.82979691578424,True,1.0017593997793994,0.9977653720234956,0.99716821411691,1307,13,3,1,node_3_1,0.4405867630175289,0.9977653720234956,0.9959505808429598,0.9976773281269227,1.0,1.0,0.9971682141169099,77.16666666666666,1,no_initial_change_stable,class_01,/Users/shunhao/Desktop/ML/lab/NEW/som_200h_reanalysis/02_selected_curve_database/main_high_quality_min10/x_time_h/10.1039_d0se01493a/Fig6_D_stability_performance_curve_pattern/accepted/10.1039_d0se01493a__Fig6__D__stability_performance_curve_pattern__Ref__Series_1.csv
x_time_h/10.1039_d0ta04275g/Fig6_B_stability_performance_curve/accepted/10.1039_d0ta04275g__Fig6__B__stability_performance_curve__NP-SnO₂__Series_1.csv,10.1039/d0ta04275g|Fig6_B_stability_performance_curve|10.1039_d0ta04275g__Fig6__B__stability_performance_curve__NP-SnO₂__Series_1,/Users/shunhao/Desktop/ML/lab/data_all/x_time_h/10.1039_d0ta04275g/Fig6_B_stability_performance_curve/accepted/10.1039_d0ta04275g__Fig6__B__stability_performance_curve__NP-SnO₂__Series_1.csv,x_time_h/10.1039_d0ta04275g/Fig6_B_stability_performance_curve/accepted/10.1039_d0ta04275g__Fig6__B__stability_performance_curve__NP-SnO₂__Series_1.csv,10.1039/d0ta04275g,Fig6_B_stability_performance_curve,Series_1,137,137,28,0,993.1555841780836,204.47320850725248,True,1.0005289830135846,1.0,0.971435868606721,1314,13,3,1,node_3_1,0.2818166829284007,1.0,0.9978727373700635,0.9878102289386008,0.9759683587426686,0.9751446734125321,0.971435868606721,0.0,1,no_initial_change_stable,class_01,/Users/shunhao/Desktop/ML/lab/NEW/som_200h_reanalysis/02_selected_curve_database/main_high_quality_min10/x_time_h/10.1039_d0ta04275g/Fig6_B_stability_performance_curve/accepted/10.1039_d0ta04275g__Fig6__B__stability_performance_curve__NP-SnO₂__Series_1.csv
x_time_h/10.1039_d0ta09209f/Fig7_D_stability_performance_curve/accepted/10.1039_d0ta09209f__Fig7__D__stability_performance_curve__Control__Series_1.csv,10.1039/d0ta09209f|Fig7_D_stability_performance_curve|10.1039_d0ta09209f__Fig7__D__stability_performance_curve__Control__Series_1,/Users/shunhao/Desktop/ML/lab/data_all/x_time_h/10.1039_d0ta09209f/Fig7_D_stability_performance_curve/accepted/10.1039_d0ta09209f__Fig7__D__stability_performance_curve__Control__Series_1.csv,x_time_h/10.1039_d0ta09209f/Fig7_D_stability_performance_curve/accepted/10.1039_d0ta09209f__Fig7__D__stability_performance_curve__Control__Series_1.csv,10.1039/d0ta09209f,Fig7_D_stability_performance_curve,Series_1,49,49,10,0,989.706935704866,206.1889449385137,True,0.9931242266373036,0.9348167145794468,0.997529392492152,1317,13,3,1,node_3_1,0.529663323291756,0.9348167145794467,0.9517899052864673,0.9907862454871356,0.9979563484773366,0.9901168604269627,0.9975293924921519,84.33333333333333,1,no_initial_change_stable,class_01,/Users/shunhao/Desktop/ML/lab/NEW/som_200h_reanalysis/02_selected_curve_database/main_high_quality_min10/x_time_h/10.1039_d0ta09209f/Fig7_D_stability_performance_curve/accepted/10.1039_d0ta09209f__Fig7__D__stability_performance_curve__Control__Series_1.csv
x_time_h/10.1039_d0ta09209f/Fig7_D_stability_performance_curve/accepted/10.1039_d0ta09209f__Fig7__D__stability_performance_curve__PNAI-120__Series_2.csv,10.1039/d0ta09209f|Fig7_D_stability_performance_curve|10.1039_d0ta09209f__Fig7__D__stability_performance_curve__PNAI-120__Series_2,/Users/shunhao/Desktop/ML/lab/data_all/x_time_h/10.1039_d0ta09209f/Fig7_D_stability_performance_curve/accepted/10.1039_d0ta09209f__Fig7__D__stability_performance_curve__PNAI-120__Series_2.csv,x_time_h/10.1039_d0ta09209f/Fig7_D_stability_performance_curve/accepted/10.1039_d0ta09209f__Fig7__D__stability_performance_curve__PNAI-120__Series_2.csv,10.1039/d0ta09209f,Fig7_D_stability_performance_curve,Series_2,49,49,10,0,989.706935704866,206.1889449385137,True,0.9984919580074574,0.9081940752104808,0.9734543625829412,1318,13,3,1,node_3_1,1.0063194954886872,0.9081940752104807,0.9130508378616105,0.9736543146687517,0.9980006339356241,0.9830422480248042,0.9734543625829413,83.83333333333333,1,no_initial_change_stable,class_01,/Users/shunhao/Desktop/ML/lab/NEW/som_200h_reanalysis/02_selected_curve_database/main_high_quality_min10/x_time_h/10.1039_d0ta09209f/Fig7_D_stability_performance_curve/accepted/10.1039_d0ta09209f__Fig7__D__stability_performance_curve__PNAI-120__Series_2.csv
x_time_h/10.1039_d1qm00435b/Fig7_A_stability/accepted/10.1039_d1qm00435b__Fig7__A__stability__Spiro-OMeTAD-based_PSC__Series_2.csv,10.1039/d1qm00435b|Fig7_A_stability|10.1039_d1qm00435b__Fig7__A__stability__Spiro-OMeTAD-based_PSC__Series_2,/Users/shunhao/Desktop/ML/lab/data_all/x_time_h/10.1039_d1qm00435b/Fig7_A_stability/accepted/10.1039_d1qm00435b__Fig7__A__stability__Spiro-OMeTAD-based_PSC__Series_2.csv,x_time_h/10.1039_d1qm00435b/Fig7_A_stability/accepted/10.1039_d1qm00435b__Fig7__A__stability__Spiro-OMeTAD-based_PSC__Series_2.csv,10.1039/d1qm00435b,Fig7_A_stability,Series_2,65,65,50,0,259.8711428861752,203.02433037982436,True,1.006896405301183,1.0,0.9621070140395036,1342,13,3,1,node_3_1,0.34700475845067713,1.0,0.9990638648106531,0.995700979277745,0.9818193822573327,0.970498291662294,0.9621070140395035,0.0,1,no_initial_change_stable,class_01,/Users/shunhao/Desktop/ML/lab/NEW/som_200h_reanalysis/02_selected_curve_database/main_high_quality_min10/x_time_h/10.1039_d1qm00435b/Fig7_A_stability/accepted/10.1039_d1qm00435b__Fig7__A__stability__Spiro-OMeTAD-based_PSC__Series_2.csv
x_time_h/10.1039_d1ra01236c/Fig7_A_stability_performance_curve_pce/accepted/10.1039_d1ra01236c__Fig7__A__stability_performance_curve_pce__0%__Series_1.csv,10.1039/d1ra01236c|Fig7_A_stability_performance_curve_pce|10.1039_d1ra01236c__Fig7__A__stability_performance_curve_pce__0%__Series_1,/Users/shunhao/Desktop/ML/lab/data_all/x_time_h/10.1039_d1ra01236c/Fig7_A_stability_performance_curve_pce/accepted/10.1039_d1ra01236c__Fig7__A__stability_performance_curve_pce__0%__Series_1.csv,x_time_h/10.1039_d1ra01236c/Fig7_A_stability_performance_curve_pce/accepted/10.1039_d1ra01236c__Fig7__A__stability_performance_curve_pce__0%__Series_1.csv,10.1039/d1ra01236c,Fig7_A_stability_performance_curve_pce,Series_1,60,60,12,0,987.3246404039566,200.81179126860135,True,0.9925111741821012,0.9023257490334232,0.9657508836207368,1344,13,3,1,node_3_1,0.7440735154150384,0.9023257490334231,0.9302963793417361,0.9875332849141019,0.9963597258311392,0.9844577733217323,0.9657508836207368,79.0,1,no_initial_change_stable,class_01,/Users/shunhao/Desktop/ML/lab/NEW/som_200h_reanalysis/02_selected_curve_database/main_high_quality_min10/x_time_h/10.1039_d1ra01236c/Fig7_A_stability_performance_curve_pce/accepted/10.1039_d1ra01236c__Fig7__A__stability_performance_curve_pce__0%__Series_1.csv
x_time_h/10.1039_d1ra01236c/Fig7_A_stability_performance_curve_pce/accepted/10.1039_d1ra01236c__Fig7__A__stability_performance_curve_pce__5%__Series_2.csv,10.1039/d1ra01236c|Fig7_A_stability_performance_curve_pce|10.1039_d1ra01236c__Fig7__A__stability_performance_curve_pce__5%__Series_2,/Users/shunhao/Desktop/ML/lab/data_all/x_time_h/10.1039_d1ra01236c/Fig7_A_stability_performance_curve_pce/accepted/10.1039_d1ra01236c__Fig7__A__stability_performance_curve_pce__5%__Series_2.csv,x_time_h/10.1039_d1ra01236c/Fig7_A_stability_performance_curve_pce/accepted/10.1039_d1ra01236c__Fig7__A__stability_performance_curve_pce__5%__Series_2.csv,10.1039/d1ra01236c,Fig7_A_stability_performance_curve_pce,Series_2,60,60,12,0,987.3246404039568,200.81179126860135,True,0.9993367431081266,0.952124656265794,0.9776872678797616,1345,13,3,1,node_3_1,0.5039472659611065,0.9521246562657939,0.9504428869488529,0.985883175521379,0.9979922221041715,0.989520758244333,0.9776872678797615,76.66666666666666,1,no_initial_change_stable,class_01,/Users/shunhao/Desktop/ML/lab/NEW/som_200h_reanalysis/02_selected_curve_database/main_high_quality_min10/x_time_h/10.1039_d1ra01236c/Fig7_A_stability_performance_curve_pce/accepted/10.1039_d1ra01236c__Fig7__A__stability_performance_curve_pce__5%__Series_2.csv
x_time_h/10.1039_d4ee03897e/Fig7_A_stability_performance_curve_pce/accepted/10.1039_d4ee03897e__Fig7__A__stability_performance_curve_pce__CP__Series_3.csv,10.1039/d4ee03897e|Fig7_A_stability_performance_curve_pce|10.1039_d4ee03897e__Fig7__A__stability_performance_curve_pce__CP__Series_3,/Users/shunhao/Desktop/ML/lab/data_all/x_time_h/10.1039_d4ee03897e/Fig7_A_stability_performance_curve_pce/accepted/10.1039_d4ee03897e__Fig7__A__stability_performance_curve_pce__CP__Series_3.csv,x_time_h/10.1039_d4ee03897e/Fig7_A_stability_performance_curve_pce/accepted/10.1039_d4ee03897e__Fig7__A__stability_performance_curve_pce__CP__Series_3.csv,10.1039/d4ee03897e,Fig7_A_stability_performance_curve_pce,Series_3,73,73,10,0,1532.6475520460554,212.86771556195217,True,1.0371485316072566,1.0,0.9712803339584496,1363,13,3,1,node_3_1,0.18442903468607139,1.0,0.9969581950562837,0.9909258699609715,0.9845613440882607,0.9781968182155503,0.9712803339584495,0.0,1,no_initial_change_stable,class_01,/Users/shunhao/Desktop/ML/lab/NEW/som_200h_reanalysis/02_selected_curve_database/main_high_quality_min10/x_time_h/10.1039_d4ee03897e/Fig7_A_stability_performance_curve_pce/accepted/10.1039_d4ee03897e__Fig7__A__stability_performance_curve_pce__CP__Series_3.csv
x_time_h/10.1039_d4ee03897e/Fig7_A_stability_performance_curve_pce/accepted/10.1039_d4ee03897e__Fig7__A__stability_performance_curve_pce__CQ__Series_1.csv,10.1039/d4ee03897e|Fig7_A_stability_performance_curve_pce|10.1039_d4ee03897e__Fig7__A__stability_performance_curve_pce__CQ__Series_1,/Users/shunhao/Desktop/ML/lab/data_all/x_time_h/10.1039_d4ee03897e/Fig7_A_stability_performance_curve_pce/accepted/10.1039_d4ee03897e__Fig7__A__stability_performance_curve_pce__CQ__Series_1.csv,x_time_h/10.1039_d4ee03897e/Fig7_A_stability_performance_curve_pce/accepted/10.1039_d4ee03897e__Fig7__A__stability_performance_curve_pce__CQ__Series_1.csv,10.1039/d4ee03897e,Fig7_A_stability_performance_curve_pce,Series_1,76,76,10,0,1596.507866714641,212.8677155619522,True,1.0261156485392835,0.9833647047682588,0.9970583950766264,1364,13,3,1,node_3_1,0.39104816259614633,0.9833647047682589,0.9884881077484178,0.9925364006282612,0.9991708634511739,0.9997798236237398,0.9970583950766263,113.5,1,no_initial_change_stable,class_01,/Users/shunhao/Desktop/ML/lab/NEW/som_200h_reanalysis/02_selected_curve_database/main_high_quality_min10/x_time_h/10.1039_d4ee03897e/Fig7_A_stability_performance_curve_pce/accepted/10.1039_d4ee03897e__Fig7__A__stability_performance_curve_pce__CQ__Series_1.csv
x_time_h/10.1039_d4ee03897e/Fig7_A_stability_performance_curve_pce/accepted/10.1039_d4ee03897e__Fig7__A__stability_performance_curve_pce__Control__Series_2.csv,10.1039/d4ee03897e|Fig7_A_stability_performance_curve_pce|10.1039_d4ee03897e__Fig7__A__stability_performance_curve_pce__Control__Series_2,/Users/shunhao/Desktop/ML/lab/data_all/x_time_h/10.1039_d4ee03897e/Fig7_A_stability_performance_curve_pce/accepted/10.1039_d4ee03897e__Fig7__A__stability_performance_curve_pce__Control__Series_2.csv,x_time_h/10.1039_d4ee03897e/Fig7_A_stability_performance_curve_pce/accepted/10.1039_d4ee03897e__Fig7__A__stability_performance_curve_pce__Control__Series_2.csv,10.1039/d4ee03897e,Fig7_A_stability_performance_curve_pce,Series_2,74,74,10,0,1553.9343236022503,212.86771556195217,True,1.0150540162032535,0.9968495839768624,0.9791430891311396,1365,13,3,1,node_3_1,0.1619646873089932,0.9968495839768624,0.9994275950626158,0.993115106185125,0.9884555955139597,0.9856461506016502,0.9791430891311396,16.5,1,no_initial_change_stable,class_01,/Users/shunhao/Desktop/ML/lab/NEW/som_200h_reanalysis/02_selected_curve_database/main_high_quality_min10/x_time_h/10.1039_d4ee03897e/Fig7_A_stability_performance_curve_pce/accepted/10.1039_d4ee03897e__Fig7__A__stability_performance_curve_pce__Control__Series_2.csv
x_time_h/10.1039_d4sc02020k/Fig4_C_stability_performance_curve_pce/accepted/10.1039_d4sc02020k__Fig4__C__stability_performance_curve_pce__PTAA_Li-CYCLIC__Series_2.csv,10.1039/d4sc02020k|Fig4_C_stability_performance_curve_pce|10.1039_d4sc02020k__Fig4__C__stability_performance_curve_pce__PTAA_Li-CYCLIC__Series_2,/Users/shunhao/Desktop/ML/lab/data_all/x_time_h/10.1039_d4sc02020k/Fig4_C_stability_performance_curve_pce/accepted/10.1039_d4sc02020k__Fig4__C__stability_performance_curve_pce__PTAA_Li-CYCLIC__Series_2.csv,x_time_h/10.1039_d4sc02020k/Fig4_C_stability_performance_curve_pce/accepted/10.1039_d4sc02020k__Fig4__C__stability_performance_curve_pce__PTAA_Li-CYCLIC__Series_2.csv,10.1039/d4sc02020k,Fig4_C_stability_performance_curve_pce,Series_2,57,57,10,0,1145.4174709692015,204.5388341016431,True,1.002580370498595,1.0,0.9805176852602824,1367,13,3,1,node_3_1,0.20195760263296947,1.0,0.997945186857008,0.9853268251312186,0.9808961461885896,0.9834027671840597,0.9805176852602824,0.0,1,no_initial_change_stable,class_01,/Users/shunhao/Desktop/ML/lab/NEW/som_200h_reanalysis/02_selected_curve_database/main_high_quality_min10/x_time_h/10.1039_d4sc02020k/Fig4_C_stability_performance_curve_pce/accepted/10.1039_d4sc02020k__Fig4__C__stability_performance_curve_pce__PTAA_Li-CYCLIC__Series_2.csv
x_time_h/10.1039_d4sc08810g/Fig5_E_stability_performance_curve_pce/accepted/10.1039_d4sc08810g__Fig5__E__stability_performance_curve_pce__Me_HPA-CPA__Series_2.csv,10.1039/d4sc08810g|Fig5_E_stability_performance_curve_pce|10.1039_d4sc08810g__Fig5__E__stability_performance_curve_pce__Me_HPA-CPA__Series_2,/Users/shunhao/Desktop/ML/lab/data_all/x_time_h/10.1039_d4sc08810g/Fig5_E_stability_performance_curve_pce/accepted/10.1039_d4sc08810g__Fig5__E__stability_performance_curve_pce__Me_HPA-CPA__Series_2.csv,x_time_h/10.1039_d4sc08810g/Fig5_E_stability_performance_curve_pce/accepted/10.1039_d4sc08810g__Fig5__E__stability_performance_curve_pce__Me_HPA-CPA__Series_2.csv,10.1039/d4sc08810g,Fig5_E_stability_performance_curve_pce,Series_2,80,80,25,0,632.2126984209286,200.0673096268761,True,1.004705504118943,0.9995674489926212,0.9684237729362494,1373,13,3,1,node_3_1,0.2400882668789742,0.9995674489926213,0.9987852232564104,0.988754299382275,0.9860492960635209,0.9760707808007949,0.9684237729362494,4.0,1,no_initial_change_stable,class_01,/Users/shunhao/Desktop/ML/lab/NEW/som_200h_reanalysis/02_selected_curve_database/main_high_quality_min10/x_time_h/10.1039_d4sc08810g/Fig5_E_stability_performance_curve_pce/accepted/10.1039_d4sc08810g__Fig5__E__stability_performance_curve_pce__Me_HPA-CPA__Series_2.csv
x_time_h/10.1039_d4ta08811e/Fig5_G_stability_performance_curve_pce/accepted/10.1039_d4ta08811e__Fig5__G__stability_performance_curve_pce__PEAI__Series_1.csv,10.1039/d4ta08811e|Fig5_G_stability_performance_curve_pce|10.1039_d4ta08811e__Fig5__G__stability_performance_curve_pce__PEAI__Series_1,/Users/shunhao/Desktop/ML/lab/data_all/x_time_h/10.1039_d4ta08811e/Fig5_G_stability_performance_curve_pce/accepted/10.1039_d4ta08811e__Fig5__G__stability_performance_curve_pce__PEAI__Series_1.csv,x_time_h/10.1039_d4ta08811e/Fig5_G_stability_performance_curve_pce/accepted/10.1039_d4ta08811e__Fig5__G__stability_performance_curve_pce__PEAI__Series_1.csv,10.1039/d4ta08811e,Fig5_G_stability_performance_curve_pce,Series_1,158,158,30,0,1075.567987739481,205.52254542792627,True,1.0331108555595845,0.979805454679416,0.966312605036652,1383,13,3,1,node_3_1,0.23542725773396633,0.979805454679416,0.9790100709859713,0.9877854366726805,0.9992014735967595,0.9857992002627497,0.9663126050366521,96.66666666666666,1,no_initial_change_stable,class_01,/Users/shunhao/Desktop/ML/lab/NEW/som_200h_reanalysis/02_selected_curve_database/main_high_quality_min10/x_time_h/10.1039_d4ta08811e/Fig5_G_stability_performance_curve_pce/accepted/10.1039_d4ta08811e__Fig5__G__stability_performance_curve_pce__PEAI__Series_1.csv
x_time_h/10.1039_d4tc00466c/Fig6_A_stability_performance_curve_pce/accepted/10.1039_d4tc00466c__Fig6__A__stability_performance_curve_pce__0—2D-PVSK__Series_1.csv,10.1039/d4tc00466c|Fig6_A_stability_performance_curve_pce|10.1039_d4tc00466c__Fig6__A__stability_performance_curve_pce__0—2D-PVSK__Series_1,/Users/shunhao/Desktop/ML/lab/data_all/x_time_h/10.1039_d4tc00466c/Fig6_A_stability_performance_curve_pce/accepted/10.1039_d4tc00466c__Fig6__A__stability_performance_curve_pce__0—2D-PVSK__Series_1.csv,x_time_h/10.1039_d4tc00466c/Fig6_A_stability_performance_curve_pce/accepted/10.1039_d4tc00466c__Fig6__A__stability_performance_curve_pce__0—2D-PVSK__Series_1.csv,10.1039/d4tc00466c,Fig6_A_stability_performance_curve_pce,Series_1,59,59,10,0,1226.5478973542513,211.4737754059054,True,1.002085120526604,1.0,0.9737519618583088,1384,13,3,1,node_3_1,0.20655720279293938,1.0,0.9978096562181571,0.9897216623233737,0.9844162784009538,0.9766244176014307,0.9737519618583089,0.0,1,no_initial_change_stable,class_01,/Users/shunhao/Desktop/ML/lab/NEW/som_200h_reanalysis/02_selected_curve_database/main_high_quality_min10/x_time_h/10.1039_d4tc00466c/Fig6_A_stability_performance_curve_pce/accepted/10.1039_d4tc00466c__Fig6__A__stability_performance_curve_pce__0—2D-PVSK__Series_1.csv
x_time_h/10.1126_science.aai9081/Fig4_B_mppt_stability_performance_curve_pce/accepted/10.1126_science.aai9081__Fig4__B__mppt_stability_performance_curve_pce__Reverse_J-V_scan__Series_2.csv,10.1126/science.aai9081|Fig4_B_mppt_stability_performance_curve_pce|10.1126_science.aai9081__Fig4__B__mppt_stability_performance_curve_pce__Reverse_J-V_scan__Series_2,/Users/shunhao/Desktop/ML/lab/data_all/x_time_h/10.1126_science.aai9081/Fig4_B_mppt_stability_performance_curve_pce/accepted/10.1126_science.aai9081__Fig4__B__mppt_stability_performance_curve_pce__Reverse_J-V_scan__Series_2.csv,x_time_h/10.1126_science.aai9081/Fig4_B_mppt_stability_performance_curve_pce/accepted/10.1126_science.aai9081__Fig4__B__mppt_stability_performance_curve_pce__Reverse_J-V_scan__Series_2.csv,10.1126/science.aai9081,Fig4_B_mppt_stability_performance_curve_pce,Series_2,111,111,45,0,495.36480622106944,202.64923890861928,True,20.640597807270257,0.9932909528037204,0.9609437378993798,1404,13,3,1,node_3_1,0.3882359502910971,0.9932909528037204,0.9999771267590144,0.9897232864448822,0.9732167341243074,0.9738826238611159,0.9609437378993798,10.5,1,no_initial_change_stable,class_01,/Users/shunhao/Desktop/ML/lab/NEW/som_200h_reanalysis/02_selected_curve_database/main_high_quality_min10/x_time_h/10.1126_science.aai9081/Fig4_B_mppt_stability_performance_curve_pce/accepted/10.1126_science.aai9081__Fig4__B__mppt_stability_performance_curve_pce__Reverse_J-V_scan__Series_2.csv
x_time_h/10.1126_science.aba1628/Fig3_A_spectrum/accepted/10.1126_science.aba1628__Fig3__A__spectrum__Ctrl__Series_1.csv,10.1126/science.aba1628|Fig3_A_spectrum|10.1126_science.aba1628__Fig3__A__spectrum__Ctrl__Series_1,/Users/shunhao/Desktop/ML/lab/data_all/x_time_h/10.1126_science.aba1628/Fig3_A_spectrum/accepted/10.1126_science.aba1628__Fig3__A__spectrum__Ctrl__Series_1.csv,x_time_h/10.1126_science.aba1628/Fig3_A_spectrum/accepted/10.1126_science.aba1628__Fig3__A__spectrum__Ctrl__Series_1.csv,10.1126/science.aba1628,Fig3_A_spectrum,Series_1,82,82,17,0,995.0611469071124,208.8399937953199,True,16.307081133735252,0.99669231304748,0.9715029106028188,1408,13,3,1,node_3_1,0.2294170156470591,0.9966923130474801,0.996459203033506,0.9997789202925034,0.9902660360721314,0.9806468100994079,0.9715029106028188,57.33333333333333,1,no_initial_change_stable,class_01,/Users/shunhao/Desktop/ML/lab/NEW/som_200h_reanalysis/02_selected_curve_database/main_high_quality_min10/x_time_h/10.1126_science.aba1628/Fig3_A_spectrum/accepted/10.1126_science.aba1628__Fig3__A__spectrum__Ctrl__Series_1.csv
x_time_h/10.1126_science.aba1628/Fig3_A_spectrum/accepted/10.1126_science.aba1628__Fig3__A__spectrum__[BMP]+[BF4]-__Series_2.csv,10.1126/science.aba1628|Fig3_A_spectrum|10.1126_science.aba1628__Fig3__A__spectrum__[BMP]+[BF4]-__Series_2,/Users/shunhao/Desktop/ML/lab/data_all/x_time_h/10.1126_science.aba1628/Fig3_A_spectrum/accepted/10.1126_science.aba1628__Fig3__A__spectrum__[BMP]+[BF4]-__Series_2.csv,x_time_h/10.1126_science.aba1628/Fig3_A_spectrum/accepted/10.1126_science.aba1628__Fig3__A__spectrum__[BMP]+[BF4]-__Series_2.csv,10.1126/science.aba1628,Fig3_A_spectrum,Series_2,82,81,17,1,1007.3458524244842,208.83999379531988,True,16.344987005571618,0.9267874340735406,0.9698014393573444,1409,13,3,1,node_3_1,0.48427996106657084,0.9267874340735406,0.9501403818848253,0.9943808709480896,0.9908776774196525,0.9783725793344831,0.9698014393573444,40.0,1,no_initial_change_stable,class_01,/Users/shunhao/Desktop/ML/lab/NEW/som_200h_reanalysis/02_selected_curve_database/main_high_quality_min10/x_time_h/10.1126_science.aba1628/Fig3_A_spectrum/accepted/10.1126_science.aba1628__Fig3__A__spectrum__[BMP]+[BF4]-__Series_2.csv
x_time_h/10.1126_science.adg3755/Fig4_H_stability_performance_curve_pce/accepted/10.1126_science.adg3755__Fig4__H__stability_performance_curve_pce__2PACz__Series_3.csv,10.1126/science.adg3755|Fig4_H_stability_performance_curve_pce|10.1126_science.adg3755__Fig4__H__stability_performance_curve_pce__2PACz__Series_3,/Users/shunhao/Desktop/ML/lab/data_all/x_time_h/10.1126_science.adg3755/Fig4_H_stability_performance_curve_pce/accepted/10.1126_science.adg3755__Fig4__H__stability_performance_curve_pce__2PACz__Series_3.csv,x_time_h/10.1126_science.adg3755/Fig4_H_stability_performance_curve_pce/accepted/10.1126_science.adg3755__Fig4__H__stability_performance_curve_pce__2PACz__Series_3.csv,10.1126/science.adg3755,Fig4_H_stability_performance_curve_pce,Series_3,72,72,29,0,495.61244180705495,202.4332508789379,True,19.338154229462205,1.0,0.9778759557440324,1410,13,3,1,node_3_1,0.21366429980382526,1.0,1.0,0.9971085046196796,0.9913255138590387,0.9855425230983975,0.9778759557440324,0.0,1,no_initial_change_stable,class_01,/Users/shunhao/Desktop/ML/lab/NEW/som_200h_reanalysis/02_selected_curve_database/main_high_quality_min10/x_time_h/10.1126_science.adg3755/Fig4_H_stability_performance_curve_pce/accepted/10.1126_science.adg3755__Fig4__H__stability_performance_curve_pce__2PACz__Series_3.csv
x_time_h/10.1126_science.adg3755/Fig4_H_stability_performance_curve_pce/accepted/10.1126_science.adg3755__Fig4__H__stability_performance_curve_pce__PTAA__Series_1.csv,10.1126/science.adg3755|Fig4_H_stability_performance_curve_pce|10.1126_science.adg3755__Fig4__H__stability_performance_curve_pce__PTAA__Series_1,/Users/shunhao/Desktop/ML/lab/data_all/x_time_h/10.1126_science.adg3755/Fig4_H_stability_performance_curve_pce/accepted/10.1126_science.adg3755__Fig4__H__stability_performance_curve_pce__PTAA__Series_1.csv,x_time_h/10.1126_science.adg3755/Fig4_H_stability_performance_curve_pce/accepted/10.1126_science.adg3755__Fig4__H__stability_performance_curve_pce__PTAA__Series_1.csv,10.1126/science.adg3755,Fig4_H_stability_performance_curve_pce,Series_1,72,72,29,0,495.61244180705495,202.4332508789379,True,17.21428107893157,0.9966970441387082,0.9668479465966202,1411,13,3,1,node_3_1,0.22555107577821829,0.9966970441387082,0.9984969110242623,0.9902005563258245,0.985778148791025,0.9739593367936155,0.9668479465966202,6.333333333333333,1,no_initial_change_stable,class_01,/Users/shunhao/Desktop/ML/lab/NEW/som_200h_reanalysis/02_selected_curve_database/main_high_quality_min10/x_time_h/10.1126_science.adg3755/Fig4_H_stability_performance_curve_pce/accepted/10.1126_science.adg3755__Fig4__H__stability_performance_curve_pce__PTAA__Series_1.csv
x_time_h/10.3390_coatings14070918/Fig6_A_stability_performance_curve/accepted/10.3390_coatings14070918__Fig6__A__stability_performance_curve__o—Cont__Series_2.csv,10.3390/coatings14070918|Fig6_A_stability_performance_curve|10.3390_coatings14070918__Fig6__A__stability_performance_curve__o—Cont__Series_2,/Users/shunhao/Desktop/ML/lab/data_all/x_time_h/10.3390_coatings14070918/Fig6_A_stability_performance_curve/accepted/10.3390_coatings14070918__Fig6__A__stability_performance_curve__o—Cont__Series_2.csv,x_time_h/10.3390_coatings14070918/Fig6_A_stability_performance_curve/accepted/10.3390_coatings14070918__Fig6__A__stability_performance_curve__o—Cont__Series_2.csv,10.3390/coatings14070918,Fig6_A_stability_performance_curve,Series_2,77,77,16,0,988.8900837623136,208.18738605522395,True,1.0192383351574412,0.9882307779218336,1.0,1417,13,3,1,node_3_1,0.40008513679991514,0.9882307779218337,0.9882307779218337,0.9901923149348614,0.993861931947669,1.0,1.0,130.16666666666666,1,no_initial_change_stable,class_01,/Users/shunhao/Desktop/ML/lab/NEW/som_200h_reanalysis/02_selected_curve_database/main_high_quality_min10/x_time_h/10.3390_coatings14070918/Fig6_A_stability_performance_curve/accepted/10.3390_coatings14070918__Fig6__A__stability_performance_curve__o—Cont__Series_2.csv
x_time_h/10.3390_cryst11080933/Fig5_B_stability_performance_curve_pce/accepted/10.3390_cryst11080933__Fig5__B__stability_performance_curve_pce__Regular_PCBM__Series_1.csv,10.3390/cryst11080933|Fig5_B_stability_performance_curve_pce|10.3390_cryst11080933__Fig5__B__stability_performance_curve_pce__Regular_PCBM__Series_1,/Users/shunhao/Desktop/ML/lab/data_all/x_time_h/10.3390_cryst11080933/Fig5_B_stability_performance_curve_pce/accepted/10.3390_cryst11080933__Fig5__B__stability_performance_curve_pce__Regular_PCBM__Series_1.csv,x_time_h/10.3390_cryst11080933/Fig5_B_stability_performance_curve_pce/accepted/10.3390_cryst11080933__Fig5__B__stability_performance_curve_pce__Regular_PCBM__Series_1.csv,10.3390/cryst11080933,Fig5_B_stability_performance_curve_pce,Series_1,65,65,14,0,961.3789185870507,210.30163844091737,True,1.0039790947131415,1.0,0.9780943047233648,1418,13,3,1,node_3_1,0.24431378517803454,1.0,1.0,0.9995398339242525,0.9943567439517502,0.987287442655571,0.9780943047233648,0.0,1,no_initial_change_stable,class_01,/Users/shunhao/Desktop/ML/lab/NEW/som_200h_reanalysis/02_selected_curve_database/main_high_quality_min10/x_time_h/10.3390_cryst11080933/Fig5_B_stability_performance_curve_pce/accepted/10.3390_cryst11080933__Fig5__B__stability_performance_curve_pce__Regular_PCBM__Series_1.csv
x_time_h/10.3390_molecules29112557/Fig5_D_stability_performance_curve/accepted/10.3390_molecules29112557__Fig5__D__stability_performance_curve__PEDOT__Series_1.csv,10.3390/molecules29112557|Fig5_D_stability_performance_curve|10.3390_molecules29112557__Fig5__D__stability_performance_curve__PEDOT__Series_1,/Users/shunhao/Desktop/ML/lab/data_all/x_time_h/10.3390_molecules29112557/Fig5_D_stability_performance_curve/accepted/10.3390_molecules29112557__Fig5__D__stability_performance_curve__PEDOT__Series_1.csv,x_time_h/10.3390_molecules29112557/Fig5_D_stability_performance_curve/accepted/10.3390_molecules29112557__Fig5__D__stability_performance_curve__PEDOT__Series_1.csv,10.3390/molecules29112557,Fig5_D_stability_performance_curve,Series_1,57,57,12,0,972.6244989601282,208.4195354914561,True,1.0058793965987496,1.0,0.9891593496342947,1426,13,3,1,node_3_1,0.38080129326966444,1.0,0.9982773977287972,0.99775764048402,0.99775764048402,0.9979227469111487,0.9891593496342947,0.0,1,no_initial_change_stable,class_01,/Users/shunhao/Desktop/ML/lab/NEW/som_200h_reanalysis/02_selected_curve_database/main_high_quality_min10/x_time_h/10.3390_molecules29112557/Fig5_D_stability_performance_curve/accepted/10.3390_molecules29112557__Fig5__D__stability_performance_curve__PEDOT__Series_1.csv
x_time_h/10.3390_nano13233032/Fig4_E_stability_performance_curve/accepted/10.3390_nano13233032__Fig4__E__stability_performance_curve__REF-CsPbl3__Series_1.csv,10.3390/nano13233032|Fig4_E_stability_performance_curve|10.3390_nano13233032__Fig4__E__stability_performance_curve__REF-CsPbl3__Series_1,/Users/shunhao/Desktop/ML/lab/data_all/x_time_h/10.3390_nano13233032/Fig4_E_stability_performance_curve/accepted/10.3390_nano13233032__Fig4__E__stability_performance_curve__REF-CsPbl3__Series_1.csv,x_time_h/10.3390_nano13233032/Fig4_E_stability_performance_curve/accepted/10.3390_nano13233032__Fig4__E__stability_performance_curve__REF-CsPbl3__Series_1.csv,10.3390/nano13233032,Fig4_E_stability_performance_curve,Series_1,58,58,15,0,783.1252349776199,206.08558815200524,True,1.0109259517834852,0.9957633524644536,0.9905700113041188,1431,13,3,1,node_3_1,0.2816235045090898,0.9957633524644536,0.9971338670496256,0.9983255563504626,0.9917771458884199,0.9919671991017469,0.9905700113041189,34.33333333333333,1,no_initial_change_stable,class_01,/Users/shunhao/Desktop/ML/lab/NEW/som_200h_reanalysis/02_selected_curve_database/main_high_quality_min10/x_time_h/10.3390_nano13233032/Fig4_E_stability_performance_curve/accepted/10.3390_nano13233032__Fig4__E__stability_performance_curve__REF-CsPbl3__Series_1.csv
x_time_h/10.3390_nano15110798/Fig6_H_stability_performance_curve_pce/accepted/10.3390_nano15110798__Fig6__H__stability_performance_curve_pce__Control__Series_1.csv,10.3390/nano15110798|Fig6_H_stability_performance_curve_pce|10.3390_nano15110798__Fig6__H__stability_performance_curve_pce__Control__Series_1,/Users/shunhao/Desktop/ML/lab/data_all/x_time_h/10.3390_nano15110798/Fig6_H_stability_performance_curve_pce/accepted/10.3390_nano15110798__Fig6__H__stability_performance_curve_pce__Control__Series_1.csv,x_time_h/10.3390_nano15110798/Fig6_H_stability_performance_curve_pce/accepted/10.3390_nano15110798__Fig6__H__stability_performance_curve_pce__Control__Series_1.csv,10.3390/nano15110798,Fig6_H_stability_performance_curve_pce,Series_1,45,45,10,0,973.1921831317596,221.18004162085447,True,1.0018036747211445,1.0,0.9731213532471268,1436,13,3,1,node_3_1,0.18400340838396176,1.0,0.9990712605409067,0.9949673116430078,0.9864923811854737,0.9799063491470844,0.9731213532471267,0.0,1,no_initial_change_stable,class_01,/Users/shunhao/Desktop/ML/lab/NEW/som_200h_reanalysis/02_selected_curve_database/main_high_quality_min10/x_time_h/10.3390_nano15110798/Fig6_H_stability_performance_curve_pce/accepted/10.3390_nano15110798__Fig6__H__stability_performance_curve_pce__Control__Series_1.csv
x_time_h/10.3390_nano15110798/Fig6_H_stability_performance_curve_pce/accepted/10.3390_nano15110798__Fig6__H__stability_performance_curve_pce__WithCMBACI__Series_2.csv,10.3390/nano15110798|Fig6_H_stability_performance_curve_pce|10.3390_nano15110798__Fig6__H__stability_performance_curve_pce__WithCMBACI__Series_2,/Users/shunhao/Desktop/ML/lab/data_all/x_time_h/10.3390_nano15110798/Fig6_H_stability_performance_curve_pce/accepted/10.3390_nano15110798__Fig6__H__stability_performance_curve_pce__WithCMBACI__Series_2.csv,x_time_h/10.3390_nano15110798/Fig6_H_stability_performance_curve_pce/accepted/10.3390_nano15110798__Fig6__H__stability_performance_curve_pce__WithCMBACI__Series_2.csv,10.3390/nano15110798,Fig6_H_stability_performance_curve_pce,Series_2,45,45,10,0,973.1921831317596,221.18004162085447,True,1.0038965831100954,0.9979152151484896,0.9855288617626652,1437,13,3,1,node_3_1,0.26234249141057064,0.9979152151484895,0.9994263203930481,0.9979207986621236,0.9947968941340453,0.9883631662537906,0.9855288617626653,19.833333333333332,1,no_initial_change_stable,class_01,/Users/shunhao/Desktop/ML/lab/NEW/som_200h_reanalysis/02_selected_curve_database/main_high_quality_min10/x_time_h/10.3390_nano15110798/Fig6_H_stability_performance_curve_pce/accepted/10.3390_nano15110798__Fig6__H__stability_performance_curve_pce__WithCMBACI__Series_2.csv
x_time_week_month_year/10.1557_mrc.2018.142/Fig3_A_stability_performance_curve/accepted/10.1557_mrc.2018.142__Fig3__A__stability_performance_curve__Without_PMMA__Series_1.csv,10.1557/mrc.2018.142|Fig3_A_stability_performance_curve|10.1557_mrc.2018.142__Fig3__A__stability_performance_curve__Without_PMMA__Series_1,/Users/shunhao/Desktop/ML/lab/data_all/x_time_week_month_year/10.1557_mrc.2018.142/Fig3_A_stability_performance_curve/accepted/10.1557_mrc.2018.142__Fig3__A__stability_performance_curve__Without_PMMA__Series_1.csv,x_time_week_month_year/10.1557_mrc.2018.142/Fig3_A_stability_performance_curve/accepted/10.1557_mrc.2018.142__Fig3__A__stability_performance_curve__Without_PMMA__Series_1.csv,10.1557/mrc.2018.142,Fig3_A_stability_performance_curve,Series_1,62,62,25,0,499.73192978529545,204.80816794479324,True,10.174375796243789,0.974785691331894,0.9149819862547466,1441,13,3,1,node_3_1,0.5360885436378848,0.974785691331894,0.9743894612279254,0.9807201801236998,0.990479334228977,0.9983261556775187,0.9149819862547466,158.33333333333331,1,no_initial_change_stable,class_01,/Users/shunhao/Desktop/ML/lab/NEW/som_200h_reanalysis/02_selected_curve_database/main_high_quality_min10/x_time_week_month_year/10.1557_mrc.2018.142/Fig3_A_stability_performance_curve/accepted/10.1557_mrc.2018.142__Fig3__A__stability_performance_curve__Without_PMMA__Series_1.csv
