curve_id,sample_id,source_absolute_path,source_relative_path,doi,figure_folder,series_id,n_raw_points,n_unique_points_total,n_unique_points_0_200h,n_duplicate_points,duration_h,endpoint_bracket_time_h,endpoint_uses_point_after_200h,max_pce_0_200h,normalized_pce_0h,normalized_pce_200h,array_row,raw_cluster_id,som_node_x,som_node_y,node_label,bmu_distance,pce_norm_0h,pce_norm_10h,pce_norm_50h,pce_norm_100h,pce_norm_150h,pce_norm_200h,peak_time_h,ordered_class_id,suggested_shape_name,class_label,selected_database_absolute_path
x_time_day/10.1002_adfm.202000778/Fig6_D_stability_performance_curve_pce/accepted/10.1002_adfm.202000778__Fig6__D__stability_performance_curve_pce__MAPbI₃__Series_2.csv,10.1002/adfm.202000778|Fig6_D_stability_performance_curve_pce|10.1002_adfm.202000778__Fig6__D__stability_performance_curve_pce__MAPbI₃__Series_2,/Users/shunhao/Desktop/ML/lab/data_all/x_time_day/10.1002_adfm.202000778/Fig6_D_stability_performance_curve_pce/accepted/10.1002_adfm.202000778__Fig6__D__stability_performance_curve_pce__MAPbI₃__Series_2.csv,x_time_day/10.1002_adfm.202000778/Fig6_D_stability_performance_curve_pce/accepted/10.1002_adfm.202000778__Fig6__D__stability_performance_curve_pce__MAPbI₃__Series_2.csv,10.1002/adfm.202000778,Fig6_D_stability_performance_curve_pce,Series_2,48,48,26,0,372.82933753035616,206.2460165061545,True,1.0044468535310689,0.9975444874385844,0.3288666575888944,19,1,0,1,node_0_1,3.5797937943894707,0.9975444874385844,0.9998306572709578,0.9723245582597156,0.8164143116600215,0.6002920565117705,0.3288666575888944,21.166666666666664,4,initial_drop_rapid_loss,class_04,/Users/shunhao/Desktop/ML/lab/NEW/som_200h_reanalysis/02_selected_curve_database/paper_aligned_min4/x_time_day/10.1002_adfm.202000778/Fig6_D_stability_performance_curve_pce/accepted/10.1002_adfm.202000778__Fig6__D__stability_performance_curve_pce__MAPbI₃__Series_2.csv
x_time_day/10.1002_cnma.201800064/Fig6_B_stability_performance_curve/accepted/10.1002_cnma.201800064__Fig6__B__stability_performance_curve__(a)MAPbl₃__Series_1.csv,10.1002/cnma.201800064|Fig6_B_stability_performance_curve|10.1002_cnma.201800064__Fig6__B__stability_performance_curve__(a)MAPbl₃__Series_1,/Users/shunhao/Desktop/ML/lab/data_all/x_time_day/10.1002_cnma.201800064/Fig6_B_stability_performance_curve/accepted/10.1002_cnma.201800064__Fig6__B__stability_performance_curve__(a)MAPbl₃__Series_1.csv,x_time_day/10.1002_cnma.201800064/Fig6_B_stability_performance_curve/accepted/10.1002_cnma.201800064__Fig6__B__stability_performance_curve__(a)MAPbl₃__Series_1.csv,10.1002/cnma.201800064,Fig6_B_stability_performance_curve,Series_1,77,77,32,0,470.27845457731814,201.54790910456492,True,0.9869849678618438,1.0,0.4634751701495711,68,1,0,1,node_0_1,0.944528503900812,1.0,0.9752782454724006,0.8761491279176118,0.7259110531282849,0.5820287747829308,0.4634751701495711,0.0,4,initial_drop_rapid_loss,class_04,/Users/shunhao/Desktop/ML/lab/NEW/som_200h_reanalysis/02_selected_curve_database/paper_aligned_min4/x_time_day/10.1002_cnma.201800064/Fig6_B_stability_performance_curve/accepted/10.1002_cnma.201800064__Fig6__B__stability_performance_curve__(a)MAPbl₃__Series_1.csv
x_time_day/10.1002_solr.201800034/Fig10_B_stability_performance_curve_pce/accepted/10.1002_solr.201800034__Fig10__B__stability_performance_curve_pce__TU-0__Series_2.csv,10.1002/solr.201800034|Fig10_B_stability_performance_curve_pce|10.1002_solr.201800034__Fig10__B__stability_performance_curve_pce__TU-0__Series_2,/Users/shunhao/Desktop/ML/lab/data_all/x_time_day/10.1002_solr.201800034/Fig10_B_stability_performance_curve_pce/accepted/10.1002_solr.201800034__Fig10__B__stability_performance_curve_pce__TU-0__Series_2.csv,x_time_day/10.1002_solr.201800034/Fig10_B_stability_performance_curve_pce/accepted/10.1002_solr.201800034__Fig10__B__stability_performance_curve_pce__TU-0__Series_2.csv,10.1002/solr.201800034,Fig10_B_stability_performance_curve_pce,Series_2,34,34,19,0,354.2835052485249,203.9814121127871,True,106.1501089147764,1.0,0.366316109679167,107,1,0,1,node_0_1,1.6743162025064793,1.0,0.958465129176946,0.8068951269534494,0.6754269151685344,0.5004983867781072,0.366316109679167,0.0,4,initial_drop_rapid_loss,class_04,/Users/shunhao/Desktop/ML/lab/NEW/som_200h_reanalysis/02_selected_curve_database/paper_aligned_min4/x_time_day/10.1002_solr.201800034/Fig10_B_stability_performance_curve_pce/accepted/10.1002_solr.201800034__Fig10__B__stability_performance_curve_pce__TU-0__Series_2.csv
x_time_day/10.1002_solr.201800205/Fig3_A_stability_performance_curve_pce/accepted/10.1002_solr.201800205__Fig3__A__stability_performance_curve_pce__FTO__Series_2.csv,10.1002/solr.201800205|Fig3_A_stability_performance_curve_pce|10.1002_solr.201800205__Fig3__A__stability_performance_curve_pce__FTO__Series_2,/Users/shunhao/Desktop/ML/lab/data_all/x_time_day/10.1002_solr.201800205/Fig3_A_stability_performance_curve_pce/accepted/10.1002_solr.201800205__Fig3__A__stability_performance_curve_pce__FTO__Series_2.csv,x_time_day/10.1002_solr.201800205/Fig3_A_stability_performance_curve_pce/accepted/10.1002_solr.201800205__Fig3__A__stability_performance_curve_pce__FTO__Series_2.csv,10.1002/solr.201800205,Fig3_A_stability_performance_curve_pce,Series_2,21,21,15,0,282.69563732364185,212.02172799273131,True,0.9885700506639452,1.0,0.3052572205461472,110,1,0,1,node_0_1,2.900522032830295,1.0,0.9750537601710088,0.8539486095758413,0.6527275631503153,0.434672050948952,0.3052572205461472,0.0,4,initial_drop_rapid_loss,class_04,/Users/shunhao/Desktop/ML/lab/NEW/som_200h_reanalysis/02_selected_curve_database/paper_aligned_min4/x_time_day/10.1002_solr.201800205/Fig3_A_stability_performance_curve_pce/accepted/10.1002_solr.201800205__Fig3__A__stability_performance_curve_pce__FTO__Series_2.csv
x_time_day/10.1002_solr.201800352/Fig5_A_stability_performance_curve_pce/accepted/10.1002_solr.201800352__Fig5__A__stability_performance_curve_pce__Spiro-OMeTAD_(doped)__Series_1.csv,10.1002/solr.201800352|Fig5_A_stability_performance_curve_pce|10.1002_solr.201800352__Fig5__A__stability_performance_curve_pce__Spiro-OMeTAD_(doped)__Series_1,/Users/shunhao/Desktop/ML/lab/data_all/x_time_day/10.1002_solr.201800352/Fig5_A_stability_performance_curve_pce/accepted/10.1002_solr.201800352__Fig5__A__stability_performance_curve_pce__Spiro-OMeTAD_(doped)__Series_1.csv,x_time_day/10.1002_solr.201800352/Fig5_A_stability_performance_curve_pce/accepted/10.1002_solr.201800352__Fig5__A__stability_performance_curve_pce__Spiro-OMeTAD_(doped)__Series_1.csv,10.1002/solr.201800352,Fig5_A_stability_performance_curve_pce,Series_1,46,46,19,0,475.6146518007887,200.8150752047775,True,0.9964655548377052,1.0,0.5780439676574574,117,1,0,1,node_0_1,2.3216673466006883,1.0,0.9780890009867752,0.830624159087505,0.7377682066834135,0.6574010098334196,0.5780439676574574,0.0,4,initial_drop_rapid_loss,class_04,/Users/shunhao/Desktop/ML/lab/NEW/som_200h_reanalysis/02_selected_curve_database/paper_aligned_min4/x_time_day/10.1002_solr.201800352/Fig5_A_stability_performance_curve_pce/accepted/10.1002_solr.201800352__Fig5__A__stability_performance_curve_pce__Spiro-OMeTAD_(doped)__Series_1.csv
x_time_day/10.1002_solr.202000490/Fig2_F_stability_performance_curve_pce/accepted/10.1002_solr.202000490__Fig2__F__stability_performance_curve_pce__Pristine__Series_1.csv,10.1002/solr.202000490|Fig2_F_stability_performance_curve_pce|10.1002_solr.202000490__Fig2__F__stability_performance_curve_pce__Pristine__Series_1,/Users/shunhao/Desktop/ML/lab/data_all/x_time_day/10.1002_solr.202000490/Fig2_F_stability_performance_curve_pce/accepted/10.1002_solr.202000490__Fig2__F__stability_performance_curve_pce__Pristine__Series_1.csv,x_time_day/10.1002_solr.202000490/Fig2_F_stability_performance_curve_pce/accepted/10.1002_solr.202000490__Fig2__F__stability_performance_curve_pce__Pristine__Series_1.csv,10.1002/solr.202000490,Fig2_F_stability_performance_curve_pce,Series_1,55,55,46,0,238.5461978501591,203.2060203908763,True,1.0032766466020149,1.0,0.3565827602281565,127,1,0,1,node_0_1,2.063166590044626,1.0,0.977464341570737,0.8657967741511423,0.6224945059399303,0.4994143139470394,0.3565827602281565,0.0,4,initial_drop_rapid_loss,class_04,/Users/shunhao/Desktop/ML/lab/NEW/som_200h_reanalysis/02_selected_curve_database/paper_aligned_min4/x_time_day/10.1002_solr.202000490/Fig2_F_stability_performance_curve_pce/accepted/10.1002_solr.202000490__Fig2__F__stability_performance_curve_pce__Pristine__Series_1.csv
x_time_day/10.1007_s10854-021-06778-6/Fig4_A_stability_performance_curve_pce/accepted/10.1007_s10854-021-06778-6__Fig4__A__stability_performance_curve_pce__WithoutPCBM__Series_1.csv,10.1007/s10854-021-06778-6|Fig4_A_stability_performance_curve_pce|10.1007_s10854-021-06778-6__Fig4__A__stability_performance_curve_pce__WithoutPCBM__Series_1,/Users/shunhao/Desktop/ML/lab/data_all/x_time_day/10.1007_s10854-021-06778-6/Fig4_A_stability_performance_curve_pce/accepted/10.1007_s10854-021-06778-6__Fig4__A__stability_performance_curve_pce__WithoutPCBM__Series_1.csv,x_time_day/10.1007_s10854-021-06778-6/Fig4_A_stability_performance_curve_pce/accepted/10.1007_s10854-021-06778-6__Fig4__A__stability_performance_curve_pce__WithoutPCBM__Series_1.csv,10.1007/s10854-021-06778-6,Fig4_A_stability_performance_curve_pce,Series_1,70,70,49,0,285.8850273015727,203.019801996769,True,1.0013275150536112,1.0,0.5034628407004669,143,1,0,1,node_0_1,1.0234269384377774,1.0,0.9722963983575356,0.8515998605251374,0.716123037964436,0.6019024406186353,0.5034628407004669,0.0,4,initial_drop_rapid_loss,class_04,/Users/shunhao/Desktop/ML/lab/NEW/som_200h_reanalysis/02_selected_curve_database/paper_aligned_min4/x_time_day/10.1007_s10854-021-06778-6/Fig4_A_stability_performance_curve_pce/accepted/10.1007_s10854-021-06778-6__Fig4__A__stability_performance_curve_pce__WithoutPCBM__Series_1.csv
x_time_day/10.1007_s11664-018-6614-x/Fig5_D_stability_performance_curve_pce/accepted/10.1007_s11664-018-6614-x__Fig5__D__stability_performance_curve_pce__SampleB__Series_4.csv,10.1007/s11664-018-6614-x|Fig5_D_stability_performance_curve_pce|10.1007_s11664-018-6614-x__Fig5__D__stability_performance_curve_pce__SampleB__Series_4,/Users/shunhao/Desktop/ML/lab/data_all/x_time_day/10.1007_s11664-018-6614-x/Fig5_D_stability_performance_curve_pce/accepted/10.1007_s11664-018-6614-x__Fig5__D__stability_performance_curve_pce__SampleB__Series_4.csv,x_time_day/10.1007_s11664-018-6614-x/Fig5_D_stability_performance_curve_pce/accepted/10.1007_s11664-018-6614-x__Fig5__D__stability_performance_curve_pce__SampleB__Series_4.csv,10.1007/s11664-018-6614-x,Fig5_D_stability_performance_curve_pce,Series_4,72,70,28,2,499.59271441039857,202.73327541291536,True,1.0207726927232708,1.0,0.5988173868427141,149,1,0,1,node_0_1,2.441860515394304,1.0,0.9502666259948856,0.7587564419856667,0.7008596571889418,0.6401981444062028,0.5988173868427141,0.0,4,initial_drop_rapid_loss,class_04,/Users/shunhao/Desktop/ML/lab/NEW/som_200h_reanalysis/02_selected_curve_database/paper_aligned_min4/x_time_day/10.1007_s11664-018-6614-x/Fig5_D_stability_performance_curve_pce/accepted/10.1007_s11664-018-6614-x__Fig5__D__stability_performance_curve_pce__SampleB__Series_4.csv
x_time_day/10.1007_s11664-018-6614-x/Fig5_D_stability_performance_curve_pce/accepted/10.1007_s11664-018-6614-x__Fig5__D__stability_performance_curve_pce__Sample_A__Series_3.csv,10.1007/s11664-018-6614-x|Fig5_D_stability_performance_curve_pce|10.1007_s11664-018-6614-x__Fig5__D__stability_performance_curve_pce__Sample_A__Series_3,/Users/shunhao/Desktop/ML/lab/data_all/x_time_day/10.1007_s11664-018-6614-x/Fig5_D_stability_performance_curve_pce/accepted/10.1007_s11664-018-6614-x__Fig5__D__stability_performance_curve_pce__Sample_A__Series_3.csv,x_time_day/10.1007_s11664-018-6614-x/Fig5_D_stability_performance_curve_pce/accepted/10.1007_s11664-018-6614-x__Fig5__D__stability_performance_curve_pce__Sample_A__Series_3.csv,10.1007/s11664-018-6614-x,Fig5_D_stability_performance_curve_pce,Series_3,68,68,28,0,485.1117661666189,202.73327541291536,True,0.9164656593228114,1.0,0.6091313278946062,150,1,0,1,node_0_1,2.7841795631324744,1.0,0.91241137052971,0.7965216874182661,0.7224937484307576,0.6715835068542112,0.6091313278946062,0.0,4,initial_drop_rapid_loss,class_04,/Users/shunhao/Desktop/ML/lab/NEW/som_200h_reanalysis/02_selected_curve_database/paper_aligned_min4/x_time_day/10.1007_s11664-018-6614-x/Fig5_D_stability_performance_curve_pce/accepted/10.1007_s11664-018-6614-x__Fig5__D__stability_performance_curve_pce__Sample_A__Series_3.csv
x_time_day/10.1007_s40843-019-1287-3/Fig4_D_stability_performance_curve_pce/accepted/10.1007_s40843-019-1287-3__Fig4__D__stability_performance_curve_pce__w_o_KF__Series_2.csv,10.1007/s40843-019-1287-3|Fig4_D_stability_performance_curve_pce|10.1007_s40843-019-1287-3__Fig4__D__stability_performance_curve_pce__w_o_KF__Series_2,/Users/shunhao/Desktop/ML/lab/data_all/x_time_day/10.1007_s40843-019-1287-3/Fig4_D_stability_performance_curve_pce/accepted/10.1007_s40843-019-1287-3__Fig4__D__stability_performance_curve_pce__w_o_KF__Series_2.csv,x_time_day/10.1007_s40843-019-1287-3/Fig4_D_stability_performance_curve_pce/accepted/10.1007_s40843-019-1287-3__Fig4__D__stability_performance_curve_pce__w_o_KF__Series_2.csv,10.1007/s40843-019-1287-3,Fig4_D_stability_performance_curve_pce,Series_2,60,60,45,0,263.04734470759195,200.62933070918032,True,0.9988141849061588,1.0,0.3678217899598323,154,1,0,1,node_0_1,1.1016205856722077,1.0,0.976419642598507,0.8583789951446885,0.6963006178828678,0.5344554739178118,0.3678217899598323,0.0,4,initial_drop_rapid_loss,class_04,/Users/shunhao/Desktop/ML/lab/NEW/som_200h_reanalysis/02_selected_curve_database/paper_aligned_min4/x_time_day/10.1007_s40843-019-1287-3/Fig4_D_stability_performance_curve_pce/accepted/10.1007_s40843-019-1287-3__Fig4__D__stability_performance_curve_pce__w_o_KF__Series_2.csv
x_time_day/10.1016_j.cclet.2020.02.004/Fig4_D_charge_density/accepted/10.1016_j.cclet.2020.02.004__Fig4__D__charge_density__PHJ_PSCs__Series_2.csv,10.1016/j.cclet.2020.02.004|Fig4_D_charge_density|10.1016_j.cclet.2020.02.004__Fig4__D__charge_density__PHJ_PSCs__Series_2,/Users/shunhao/Desktop/ML/lab/data_all/x_time_day/10.1016_j.cclet.2020.02.004/Fig4_D_charge_density/accepted/10.1016_j.cclet.2020.02.004__Fig4__D__charge_density__PHJ_PSCs__Series_2.csv,x_time_day/10.1016_j.cclet.2020.02.004/Fig4_D_charge_density/accepted/10.1016_j.cclet.2020.02.004__Fig4__D__charge_density__PHJ_PSCs__Series_2.csv,10.1016/j.cclet.2020.02.004,Fig4_D_charge_density,Series_2,50,50,41,0,239.14437122488533,200.10039224939385,True,1.0006066959520117,0.9998132918164304,0.4127458310512704,166,1,0,1,node_0_1,1.9334226962678331,0.9998132918164304,0.991074338582051,0.9433976543715252,0.7286888669901715,0.5837861214275101,0.4127458310512704,1.6666666666666663,4,initial_drop_rapid_loss,class_04,/Users/shunhao/Desktop/ML/lab/NEW/som_200h_reanalysis/02_selected_curve_database/paper_aligned_min4/x_time_day/10.1016_j.cclet.2020.02.004/Fig4_D_charge_density/accepted/10.1016_j.cclet.2020.02.004__Fig4__D__charge_density__PHJ_PSCs__Series_2.csv
x_time_day/10.1016_j.cej.2021.129482/Fig5_E_pce/accepted/10.1016_j.cej.2021.129482__Fig5__E__pce__Control__Series_2.csv,10.1016/j.cej.2021.129482|Fig5_E_pce|10.1016_j.cej.2021.129482__Fig5__E__pce__Control__Series_2,/Users/shunhao/Desktop/ML/lab/data_all/x_time_day/10.1016_j.cej.2021.129482/Fig5_E_pce/accepted/10.1016_j.cej.2021.129482__Fig5__E__pce__Control__Series_2.csv,x_time_day/10.1016_j.cej.2021.129482/Fig5_E_pce/accepted/10.1016_j.cej.2021.129482__Fig5__E__pce__Control__Series_2.csv,10.1016/j.cej.2021.129482,Fig5_E_pce,Series_2,11,11,5,0,435.41821040153377,217.70910520076688,True,0.9653809751597088,1.0,0.5239949655536625,175,1,0,1,node_0_1,1.6236994635700817,1.0,0.9653135377560405,0.8481370560310564,0.7358057321825956,0.6305696091148518,0.5239949655536625,0.0,4,initial_drop_rapid_loss,class_04,/Users/shunhao/Desktop/ML/lab/NEW/som_200h_reanalysis/02_selected_curve_database/paper_aligned_min4/x_time_day/10.1016_j.cej.2021.129482/Fig5_E_pce/accepted/10.1016_j.cej.2021.129482__Fig5__E__pce__Control__Series_2.csv
x_time_day/10.1016_j.electacta.2017.03.192/Fig6_E_eqe_plot_stability_performance_curve/accepted/10.1016_j.electacta.2017.03.192__Fig6__E__eqe_plot_stability_performance_curve__P-Pscs__Series_3.csv,10.1016/j.electacta.2017.03.192|Fig6_E_eqe_plot_stability_performance_curve|10.1016_j.electacta.2017.03.192__Fig6__E__eqe_plot_stability_performance_curve__P-Pscs__Series_3,/Users/shunhao/Desktop/ML/lab/data_all/x_time_day/10.1016_j.electacta.2017.03.192/Fig6_E_eqe_plot_stability_performance_curve/accepted/10.1016_j.electacta.2017.03.192__Fig6__E__eqe_plot_stability_performance_curve__P-Pscs__Series_3.csv,x_time_day/10.1016_j.electacta.2017.03.192/Fig6_E_eqe_plot_stability_performance_curve/accepted/10.1016_j.electacta.2017.03.192__Fig6__E__eqe_plot_stability_performance_curve__P-Pscs__Series_3.csv,10.1016/j.electacta.2017.03.192,Fig6_E_eqe_plot_stability_performance_curve,Series_3,13,13,12,0,202.2595827775308,202.2595827775308,True,1.0096015618489165,1.0,0.2936602732280814,199,1,0,1,node_0_1,2.6353610103777494,1.0,0.9972211279935516,0.9255565597014213,0.7734368208521271,0.5563132451891487,0.2936602732280814,0.0,4,initial_drop_rapid_loss,class_04,/Users/shunhao/Desktop/ML/lab/NEW/som_200h_reanalysis/02_selected_curve_database/paper_aligned_min4/x_time_day/10.1016_j.electacta.2017.03.192/Fig6_E_eqe_plot_stability_performance_curve/accepted/10.1016_j.electacta.2017.03.192__Fig6__E__eqe_plot_stability_performance_curve__P-Pscs__Series_3.csv
x_time_day/10.1016_j.electacta.2017.07.040/Fig8_whole_stability_performance_curve_pce/accepted/10.1016_j.electacta.2017.07.040__Fig8__whole__stability_performance_curve_pce__FAPbI_3__Series_2.csv,10.1016/j.electacta.2017.07.040|Fig8_whole_stability_performance_curve_pce|10.1016_j.electacta.2017.07.040__Fig8__whole__stability_performance_curve_pce__FAPbI_3__Series_2,/Users/shunhao/Desktop/ML/lab/data_all/x_time_day/10.1016_j.electacta.2017.07.040/Fig8_whole_stability_performance_curve_pce/accepted/10.1016_j.electacta.2017.07.040__Fig8__whole__stability_performance_curve_pce__FAPbI_3__Series_2.csv,x_time_day/10.1016_j.electacta.2017.07.040/Fig8_whole_stability_performance_curve_pce/accepted/10.1016_j.electacta.2017.07.040__Fig8__whole__stability_performance_curve_pce__FAPbI_3__Series_2.csv,10.1016/j.electacta.2017.07.040,Fig8_whole_stability_performance_curve_pce,Series_2,59,59,33,0,360.50226732184547,205.11335899346383,True,0.9954543502174508,1.0,0.4920419934469826,201,1,0,1,node_0_1,1.927647868794584,1.0,0.9789126655488318,0.8613061938530064,0.7623791418031486,0.6460177099319366,0.4920419934469826,0.0,4,initial_drop_rapid_loss,class_04,/Users/shunhao/Desktop/ML/lab/NEW/som_200h_reanalysis/02_selected_curve_database/paper_aligned_min4/x_time_day/10.1016_j.electacta.2017.07.040/Fig8_whole_stability_performance_curve_pce/accepted/10.1016_j.electacta.2017.07.040__Fig8__whole__stability_performance_curve_pce__FAPbI_3__Series_2.csv
x_time_day/10.1016_j.jallcom.2019.06.089/Fig6_B_stability_performance_curve_pce/accepted/10.1016_j.jallcom.2019.06.089__Fig6__B__stability_performance_curve_pce__PCBM__Series_1.csv,10.1016/j.jallcom.2019.06.089|Fig6_B_stability_performance_curve_pce|10.1016_j.jallcom.2019.06.089__Fig6__B__stability_performance_curve_pce__PCBM__Series_1,/Users/shunhao/Desktop/ML/lab/data_all/x_time_day/10.1016_j.jallcom.2019.06.089/Fig6_B_stability_performance_curve_pce/accepted/10.1016_j.jallcom.2019.06.089__Fig6__B__stability_performance_curve_pce__PCBM__Series_1.csv,x_time_day/10.1016_j.jallcom.2019.06.089/Fig6_B_stability_performance_curve_pce/accepted/10.1016_j.jallcom.2019.06.089__Fig6__B__stability_performance_curve_pce__PCBM__Series_1.csv,10.1016/j.jallcom.2019.06.089,Fig6_B_stability_performance_curve_pce,Series_1,69,69,29,0,473.4310286608097,201.9044092818159,True,0.9872832936756634,1.0,0.503290429779427,207,1,0,1,node_0_1,1.868513421240312,1.0,0.9316677381388522,0.7632981067294023,0.6354528802957505,0.5528417385682617,0.503290429779427,0.0,4,initial_drop_rapid_loss,class_04,/Users/shunhao/Desktop/ML/lab/NEW/som_200h_reanalysis/02_selected_curve_database/paper_aligned_min4/x_time_day/10.1016_j.jallcom.2019.06.089/Fig6_B_stability_performance_curve_pce/accepted/10.1016_j.jallcom.2019.06.089__Fig6__B__stability_performance_curve_pce__PCBM__Series_1.csv
x_time_day/10.1016_j.mssp.2019.03.028/Fig5_F_stability_performance_curve_eqe/accepted/10.1016_j.mssp.2019.03.028__Fig5__F__stability_performance_curve_eqe__MAPbl3__Series_2.csv,10.1016/j.mssp.2019.03.028|Fig5_F_stability_performance_curve_eqe|10.1016_j.mssp.2019.03.028__Fig5__F__stability_performance_curve_eqe__MAPbl3__Series_2,/Users/shunhao/Desktop/ML/lab/data_all/x_time_day/10.1016_j.mssp.2019.03.028/Fig5_F_stability_performance_curve_eqe/accepted/10.1016_j.mssp.2019.03.028__Fig5__F__stability_performance_curve_eqe__MAPbl3__Series_2.csv,x_time_day/10.1016_j.mssp.2019.03.028/Fig5_F_stability_performance_curve_eqe/accepted/10.1016_j.mssp.2019.03.028__Fig5__F__stability_performance_curve_eqe__MAPbl3__Series_2.csv,10.1016/j.mssp.2019.03.028,Fig5_F_stability_performance_curve_eqe,Series_2,49,49,20,0,498.89472018044626,207.87280007518592,True,10.44518082772056,1.0,0.6409345581433024,249,1,0,1,node_0_1,2.953383404582195,1.0,0.9654200439070826,0.8088541409333916,0.7065370015474997,0.6732226117645906,0.6409345581433024,0.0,4,initial_drop_rapid_loss,class_04,/Users/shunhao/Desktop/ML/lab/NEW/som_200h_reanalysis/02_selected_curve_database/paper_aligned_min4/x_time_day/10.1016_j.mssp.2019.03.028/Fig5_F_stability_performance_curve_eqe/accepted/10.1016_j.mssp.2019.03.028__Fig5__F__stability_performance_curve_eqe__MAPbl3__Series_2.csv
x_time_day/10.1016_j.mssp.2021.105941/Fig9_whole_figure/accepted/10.1016_j.mssp.2021.105941__Fig9__whole__figure__Pure__Series_4.csv,10.1016/j.mssp.2021.105941|Fig9_whole_figure|10.1016_j.mssp.2021.105941__Fig9__whole__figure__Pure__Series_4,/Users/shunhao/Desktop/ML/lab/data_all/x_time_day/10.1016_j.mssp.2021.105941/Fig9_whole_figure/accepted/10.1016_j.mssp.2021.105941__Fig9__whole__figure__Pure__Series_4.csv,x_time_day/10.1016_j.mssp.2021.105941/Fig9_whole_figure/accepted/10.1016_j.mssp.2021.105941__Fig9__whole__figure__Pure__Series_4.csv,10.1016/j.mssp.2021.105941,Fig9_whole_figure,Series_4,26,26,24,0,211.96734404789507,203.48865028597925,True,0.9965619428845884,1.0,0.3319410007873482,252,1,0,1,node_0_1,3.153376517560196,1.0,0.9833373209558364,0.912593597843157,0.8172918331143266,0.6708636791038057,0.3319410007873482,0.0,4,initial_drop_rapid_loss,class_04,/Users/shunhao/Desktop/ML/lab/NEW/som_200h_reanalysis/02_selected_curve_database/paper_aligned_min4/x_time_day/10.1016_j.mssp.2021.105941/Fig9_whole_figure/accepted/10.1016_j.mssp.2021.105941__Fig9__whole__figure__Pure__Series_4.csv
x_time_day/10.1016_j.orgel.2021.106293/Fig6_C_stability_performance_curve_pce/accepted/10.1016_j.orgel.2021.106293__Fig6__C__stability_performance_curve_pce__TiO₂__Series_1.csv,10.1016/j.orgel.2021.106293|Fig6_C_stability_performance_curve_pce|10.1016_j.orgel.2021.106293__Fig6__C__stability_performance_curve_pce__TiO₂__Series_1,/Users/shunhao/Desktop/ML/lab/data_all/x_time_day/10.1016_j.orgel.2021.106293/Fig6_C_stability_performance_curve_pce/accepted/10.1016_j.orgel.2021.106293__Fig6__C__stability_performance_curve_pce__TiO₂__Series_1.csv,x_time_day/10.1016_j.orgel.2021.106293/Fig6_C_stability_performance_curve_pce/accepted/10.1016_j.orgel.2021.106293__Fig6__C__stability_performance_curve_pce__TiO₂__Series_1.csv,10.1016/j.orgel.2021.106293,Fig6_C_stability_performance_curve_pce,Series_1,53,53,22,0,475.7468095747624,201.27749635855332,True,1.0027867835964823,1.0,0.5543797534903212,307,1,0,1,node_0_1,2.109548967053787,1.0,0.9840197010782032,0.8935008502751683,0.7234337688013673,0.6364532914119111,0.5543797534903212,0.0,4,initial_drop_rapid_loss,class_04,/Users/shunhao/Desktop/ML/lab/NEW/som_200h_reanalysis/02_selected_curve_database/paper_aligned_min4/x_time_day/10.1016_j.orgel.2021.106293/Fig6_C_stability_performance_curve_pce/accepted/10.1016_j.orgel.2021.106293__Fig6__C__stability_performance_curve_pce__TiO₂__Series_1.csv
x_time_day/10.1016_j.solener.2018.05.086/Fig7_A_stability_performance_curve/accepted/10.1016_j.solener.2018.05.086__Fig7__A__stability_performance_curve__MAPI__Series_1.csv,10.1016/j.solener.2018.05.086|Fig7_A_stability_performance_curve|10.1016_j.solener.2018.05.086__Fig7__A__stability_performance_curve__MAPI__Series_1,/Users/shunhao/Desktop/ML/lab/data_all/x_time_day/10.1016_j.solener.2018.05.086/Fig7_A_stability_performance_curve/accepted/10.1016_j.solener.2018.05.086__Fig7__A__stability_performance_curve__MAPI__Series_1.csv,x_time_day/10.1016_j.solener.2018.05.086/Fig7_A_stability_performance_curve/accepted/10.1016_j.solener.2018.05.086__Fig7__A__stability_performance_curve__MAPI__Series_1.csv,10.1016/j.solener.2018.05.086,Fig7_A_stability_performance_curve,Series_1,51,51,20,0,519.074345270856,207.62973810834237,True,2.2130517477296996,1.0,0.320912725881025,315,1,0,1,node_0_1,2.02515172575204,1.0,0.9455487884126677,0.8560922581297328,0.7069308311296033,0.5224991682040478,0.320912725881025,0.0,4,initial_drop_rapid_loss,class_04,/Users/shunhao/Desktop/ML/lab/NEW/som_200h_reanalysis/02_selected_curve_database/paper_aligned_min4/x_time_day/10.1016_j.solener.2018.05.086/Fig7_A_stability_performance_curve/accepted/10.1016_j.solener.2018.05.086__Fig7__A__stability_performance_curve__MAPI__Series_1.csv
x_time_day/10.1016_j.solener.2019.10.034/Fig1_C_pce/accepted/10.1016_j.solener.2019.10.034__Fig1__C__pce__Spiro-OMeTAD__Series_2.csv,10.1016/j.solener.2019.10.034|Fig1_C_pce|10.1016_j.solener.2019.10.034__Fig1__C__pce__Spiro-OMeTAD__Series_2,/Users/shunhao/Desktop/ML/lab/data_all/x_time_day/10.1016_j.solener.2019.10.034/Fig1_C_pce/accepted/10.1016_j.solener.2019.10.034__Fig1__C__pce__Spiro-OMeTAD__Series_2.csv,x_time_day/10.1016_j.solener.2019.10.034/Fig1_C_pce/accepted/10.1016_j.solener.2019.10.034__Fig1__C__pce__Spiro-OMeTAD__Series_2.csv,10.1016/j.solener.2019.10.034,Fig1_C_pce,Series_2,40,40,38,0,206.3841713229438,201.0922694941504,True,0.909818205607926,1.0,0.3454904671412843,321,1,0,1,node_0_1,3.015166519302699,1.0,0.8893293267298645,0.7248569226113457,0.631060400905417,0.49541150900975,0.3454904671412843,0.0,4,initial_drop_rapid_loss,class_04,/Users/shunhao/Desktop/ML/lab/NEW/som_200h_reanalysis/02_selected_curve_database/paper_aligned_min4/x_time_day/10.1016_j.solener.2019.10.034/Fig1_C_pce/accepted/10.1016_j.solener.2019.10.034__Fig1__C__pce__Spiro-OMeTAD__Series_2.csv
x_time_day/10.1016_j.solener.2020.03.034/Fig6_D_stability_performance_curve_pce/accepted/10.1016_j.solener.2020.03.034__Fig6__D__stability_performance_curve_pce__0_mg_ml_PbS__Series_4.csv,10.1016/j.solener.2020.03.034|Fig6_D_stability_performance_curve_pce|10.1016_j.solener.2020.03.034__Fig6__D__stability_performance_curve_pce__0_mg_ml_PbS__Series_4,/Users/shunhao/Desktop/ML/lab/data_all/x_time_day/10.1016_j.solener.2020.03.034/Fig6_D_stability_performance_curve_pce/accepted/10.1016_j.solener.2020.03.034__Fig6__D__stability_performance_curve_pce__0_mg_ml_PbS__Series_4.csv,x_time_day/10.1016_j.solener.2020.03.034/Fig6_D_stability_performance_curve_pce/accepted/10.1016_j.solener.2020.03.034__Fig6__D__stability_performance_curve_pce__0_mg_ml_PbS__Series_4.csv,10.1016/j.solener.2020.03.034,Fig6_D_stability_performance_curve_pce,Series_4,13,13,8,0,339.6047284761624,226.4031523174416,True,0.953435974967504,1.0,0.5265570543666294,324,1,0,1,node_0_1,1.401295159388176,1.0,0.9712669306960524,0.8533806481730384,0.7141942489193184,0.6181312211589945,0.5265570543666294,0.0,4,initial_drop_rapid_loss,class_04,/Users/shunhao/Desktop/ML/lab/NEW/som_200h_reanalysis/02_selected_curve_database/paper_aligned_min4/x_time_day/10.1016_j.solener.2020.03.034/Fig6_D_stability_performance_curve_pce/accepted/10.1016_j.solener.2020.03.034__Fig6__D__stability_performance_curve_pce__0_mg_ml_PbS__Series_4.csv
x_time_day/10.1016_j.tsf.2018.10.001/Fig7_A_chart/accepted/10.1016_j.tsf.2018.10.001__Fig7__A__chart__x=0__Series_2.csv,10.1016/j.tsf.2018.10.001|Fig7_A_chart|10.1016_j.tsf.2018.10.001__Fig7__A__chart__x=0__Series_2,/Users/shunhao/Desktop/ML/lab/data_all/x_time_day/10.1016_j.tsf.2018.10.001/Fig7_A_chart/accepted/10.1016_j.tsf.2018.10.001__Fig7__A__chart__x=0__Series_2.csv,x_time_day/10.1016_j.tsf.2018.10.001/Fig7_A_chart/accepted/10.1016_j.tsf.2018.10.001__Fig7__A__chart__x=0__Series_2.csv,10.1016/j.tsf.2018.10.001,Fig7_A_chart,Series_2,66,66,19,0,716.0701989781472,209.3128273936123,True,0.9992842591320976,1.0,0.5746362741091355,351,1,0,1,node_0_1,2.7693640336510956,1.0,0.9877055504610937,0.9301403026486376,0.7624064740560462,0.6314771372341594,0.5746362741091355,0.0,4,initial_drop_rapid_loss,class_04,/Users/shunhao/Desktop/ML/lab/NEW/som_200h_reanalysis/02_selected_curve_database/paper_aligned_min4/x_time_day/10.1016_j.tsf.2018.10.001/Fig7_A_chart/accepted/10.1016_j.tsf.2018.10.001__Fig7__A__chart__x=0__Series_2.csv
x_time_day/10.1021_acs.jpcc.0c05357/Fig1_C_stability_performance_curve_pce/accepted/10.1021_acs.jpcc.0c05357__Fig1__C__stability_performance_curve_pce__Cs15-U__Series_3.csv,10.1021/acs.jpcc.0c05357|Fig1_C_stability_performance_curve_pce|10.1021_acs.jpcc.0c05357__Fig1__C__stability_performance_curve_pce__Cs15-U__Series_3,/Users/shunhao/Desktop/ML/lab/data_all/x_time_day/10.1021_acs.jpcc.0c05357/Fig1_C_stability_performance_curve_pce/accepted/10.1021_acs.jpcc.0c05357__Fig1__C__stability_performance_curve_pce__Cs15-U__Series_3.csv,x_time_day/10.1021_acs.jpcc.0c05357/Fig1_C_stability_performance_curve_pce/accepted/10.1021_acs.jpcc.0c05357__Fig1__C__stability_performance_curve_pce__Cs15-U__Series_3.csv,10.1021/acs.jpcc.0c05357,Fig1_C_stability_performance_curve_pce,Series_3,45,45,13,0,719.5911468370549,212.6064752018571,True,1.005526485553675,1.0,0.534937039295994,357,1,0,1,node_0_1,1.3181810327592027,1.0,0.9751937705379,0.8381705160912457,0.7030313585394858,0.6076186040349696,0.534937039295994,0.0,4,initial_drop_rapid_loss,class_04,/Users/shunhao/Desktop/ML/lab/NEW/som_200h_reanalysis/02_selected_curve_database/paper_aligned_min4/x_time_day/10.1021_acs.jpcc.0c05357/Fig1_C_stability_performance_curve_pce/accepted/10.1021_acs.jpcc.0c05357__Fig1__C__stability_performance_curve_pce__Cs15-U__Series_3.csv
x_time_day/10.1021_acsaem.8b01075/Fig6_A_retention/accepted/10.1021_acsaem.8b01075__Fig6__A__retention__VASP_withMAI__Series_2.csv,10.1021/acsaem.8b01075|Fig6_A_retention|10.1021_acsaem.8b01075__Fig6__A__retention__VASP_withMAI__Series_2,/Users/shunhao/Desktop/ML/lab/data_all/x_time_day/10.1021_acsaem.8b01075/Fig6_A_retention/accepted/10.1021_acsaem.8b01075__Fig6__A__retention__VASP_withMAI__Series_2.csv,x_time_day/10.1021_acsaem.8b01075/Fig6_A_retention/accepted/10.1021_acsaem.8b01075__Fig6__A__retention__VASP_withMAI__Series_2.csv,10.1021/acsaem.8b01075,Fig6_A_retention,Series_2,70,70,12,0,1191.2616767365323,207.1759437802665,True,10.38675695675042,1.0,0.487428056525604,386,1,0,1,node_0_1,2.5403374856315875,1.0,0.9358900077882976,0.7044575292434784,0.6325818154519816,0.5566073657755042,0.487428056525604,0.0,4,initial_drop_rapid_loss,class_04,/Users/shunhao/Desktop/ML/lab/NEW/som_200h_reanalysis/02_selected_curve_database/paper_aligned_min4/x_time_day/10.1021_acsaem.8b01075/Fig6_A_retention/accepted/10.1021_acsaem.8b01075__Fig6__A__retention__VASP_withMAI__Series_2.csv
x_time_day/10.1021_acsami.0c22817/Fig5_F_stability_performance_curve_pce/accepted/10.1021_acsami.0c22817__Fig5__F__stability_performance_curve_pce__Ambient_stability__Series_2.csv,10.1021/acsami.0c22817|Fig5_F_stability_performance_curve_pce|10.1021_acsami.0c22817__Fig5__F__stability_performance_curve_pce__Ambient_stability__Series_2,/Users/shunhao/Desktop/ML/lab/data_all/x_time_day/10.1021_acsami.0c22817/Fig5_F_stability_performance_curve_pce/accepted/10.1021_acsami.0c22817__Fig5__F__stability_performance_curve_pce__Ambient_stability__Series_2.csv,x_time_day/10.1021_acsami.0c22817/Fig5_F_stability_performance_curve_pce/accepted/10.1021_acsami.0c22817__Fig5__F__stability_performance_curve_pce__Ambient_stability__Series_2.csv,10.1021/acsami.0c22817,Fig5_F_stability_performance_curve_pce,Series_2,35,35,15,0,477.2354257304503,210.54504076343397,True,1.0078273445810075,1.0,0.3759660960502454,398,1,0,1,node_0_1,2.2731057894571403,1.0,0.9648306156590049,0.79932969078864,0.6275889139375225,0.4756465261927601,0.3759660960502454,0.0,4,initial_drop_rapid_loss,class_04,/Users/shunhao/Desktop/ML/lab/NEW/som_200h_reanalysis/02_selected_curve_database/paper_aligned_min4/x_time_day/10.1021_acsami.0c22817/Fig5_F_stability_performance_curve_pce/accepted/10.1021_acsami.0c22817__Fig5__F__stability_performance_curve_pce__Ambient_stability__Series_2.csv
x_time_day/10.1021_acsami.1c02377/Fig8_D_stability_performance_curve/accepted/10.1021_acsami.1c02377__Fig8__D__stability_performance_curve__Cs-0__Series_1.csv,10.1021/acsami.1c02377|Fig8_D_stability_performance_curve|10.1021_acsami.1c02377__Fig8__D__stability_performance_curve__Cs-0__Series_1,/Users/shunhao/Desktop/ML/lab/data_all/x_time_day/10.1021_acsami.1c02377/Fig8_D_stability_performance_curve/accepted/10.1021_acsami.1c02377__Fig8__D__stability_performance_curve__Cs-0__Series_1.csv,x_time_day/10.1021_acsami.1c02377/Fig8_D_stability_performance_curve/accepted/10.1021_acsami.1c02377__Fig8__D__stability_performance_curve__Cs-0__Series_1.csv,10.1021/acsami.1c02377,Fig8_D_stability_performance_curve,Series_1,53,53,40,0,266.3453773436612,204.881059495124,True,1.004012703462117,1.0,0.5152222059873368,401,1,0,1,node_0_1,2.2745728496784916,1.0,0.9303867154011743,0.7395111447199831,0.6550488231659618,0.6108966447858424,0.5152222059873368,0.0,4,initial_drop_rapid_loss,class_04,/Users/shunhao/Desktop/ML/lab/NEW/som_200h_reanalysis/02_selected_curve_database/paper_aligned_min4/x_time_day/10.1021_acsami.1c02377/Fig8_D_stability_performance_curve/accepted/10.1021_acsami.1c02377__Fig8__D__stability_performance_curve__Cs-0__Series_1.csv
x_time_day/10.1021_acsami.7b01136/Fig5_D_stability_performance_curve_pce/accepted/10.1021_acsami.7b01136__Fig5__D__stability_performance_curve_pce__Pristine_PVK__Series_1.csv,10.1021/acsami.7b01136|Fig5_D_stability_performance_curve_pce|10.1021_acsami.7b01136__Fig5__D__stability_performance_curve_pce__Pristine_PVK__Series_1,/Users/shunhao/Desktop/ML/lab/data_all/x_time_day/10.1021_acsami.7b01136/Fig5_D_stability_performance_curve_pce/accepted/10.1021_acsami.7b01136__Fig5__D__stability_performance_curve_pce__Pristine_PVK__Series_1.csv,x_time_day/10.1021_acsami.7b01136/Fig5_D_stability_performance_curve_pce/accepted/10.1021_acsami.7b01136__Fig5__D__stability_performance_curve_pce__Pristine_PVK__Series_1.csv,10.1021/acsami.7b01136,Fig5_D_stability_performance_curve_pce,Series_1,42,42,12,0,726.3270706298878,212.58353286728428,True,12.88717078935285,1.0,0.6004568725543117,408,1,0,1,node_0_1,2.422704308132255,1.0,0.9612984171777152,0.7923486489789592,0.6744705155220112,0.6420313507192744,0.6004568725543117,0.0,4,initial_drop_rapid_loss,class_04,/Users/shunhao/Desktop/ML/lab/NEW/som_200h_reanalysis/02_selected_curve_database/paper_aligned_min4/x_time_day/10.1021_acsami.7b01136/Fig5_D_stability_performance_curve_pce/accepted/10.1021_acsami.7b01136__Fig5__D__stability_performance_curve_pce__Pristine_PVK__Series_1.csv
x_time_day/10.1021_acsami.7b10994/Fig5_A_stability_performance_curve/accepted/10.1021_acsami.7b10994__Fig5__A__stability_performance_curve__Without_PCBM__Series_2.csv,10.1021/acsami.7b10994|Fig5_A_stability_performance_curve|10.1021_acsami.7b10994__Fig5__A__stability_performance_curve__Without_PCBM__Series_2,/Users/shunhao/Desktop/ML/lab/data_all/x_time_day/10.1021_acsami.7b10994/Fig5_A_stability_performance_curve/accepted/10.1021_acsami.7b10994__Fig5__A__stability_performance_curve__Without_PCBM__Series_2.csv,x_time_day/10.1021_acsami.7b10994/Fig5_A_stability_performance_curve/accepted/10.1021_acsami.7b10994__Fig5__A__stability_performance_curve__Without_PCBM__Series_2.csv,10.1021/acsami.7b10994,Fig5_A_stability_performance_curve,Series_2,62,62,51,0,240.3627897376225,200.95905371506143,True,17.509985669334384,1.0,0.478593944215321,413,1,0,1,node_0_1,1.3078508452046211,1.0,0.9746623926142128,0.8678610781359668,0.7309557351576321,0.6181780091452348,0.478593944215321,0.0,4,initial_drop_rapid_loss,class_04,/Users/shunhao/Desktop/ML/lab/NEW/som_200h_reanalysis/02_selected_curve_database/paper_aligned_min4/x_time_day/10.1021_acsami.7b10994/Fig5_A_stability_performance_curve/accepted/10.1021_acsami.7b10994__Fig5__A__stability_performance_curve__Without_PCBM__Series_2.csv
x_time_day/10.1021_acsami.7b10994/Fig5_B_stability_performance_curve/accepted/10.1021_acsami.7b10994__Fig5__B__stability_performance_curve__WithoutPCBM__Series_1.csv,10.1021/acsami.7b10994|Fig5_B_stability_performance_curve|10.1021_acsami.7b10994__Fig5__B__stability_performance_curve__WithoutPCBM__Series_1,/Users/shunhao/Desktop/ML/lab/data_all/x_time_day/10.1021_acsami.7b10994/Fig5_B_stability_performance_curve/accepted/10.1021_acsami.7b10994__Fig5__B__stability_performance_curve__WithoutPCBM__Series_1.csv,x_time_day/10.1021_acsami.7b10994/Fig5_B_stability_performance_curve/accepted/10.1021_acsami.7b10994__Fig5__B__stability_performance_curve__WithoutPCBM__Series_1.csv,10.1021/acsami.7b10994,Fig5_B_stability_performance_curve,Series_1,61,61,51,0,238.07191093597265,202.36112429557673,True,1.004385490594685,1.0,0.4761115599116203,415,1,0,1,node_0_1,1.205410508270906,1.0,0.9726342613534282,0.8631713067671404,0.7284454492734473,0.6130096396745714,0.4761115599116203,0.0,4,initial_drop_rapid_loss,class_04,/Users/shunhao/Desktop/ML/lab/NEW/som_200h_reanalysis/02_selected_curve_database/paper_aligned_min4/x_time_day/10.1021_acsami.7b10994/Fig5_B_stability_performance_curve/accepted/10.1021_acsami.7b10994__Fig5__B__stability_performance_curve__WithoutPCBM__Series_1.csv
x_time_day/10.1021_acsami.8b05956/Fig4_A_stability_performance_curve_pce/accepted/10.1021_acsami.8b05956__Fig4__A__stability_performance_curve_pce__PEDOT_PSS__Series_2.csv,10.1021/acsami.8b05956|Fig4_A_stability_performance_curve_pce|10.1021_acsami.8b05956__Fig4__A__stability_performance_curve_pce__PEDOT_PSS__Series_2,/Users/shunhao/Desktop/ML/lab/data_all/x_time_day/10.1021_acsami.8b05956/Fig4_A_stability_performance_curve_pce/accepted/10.1021_acsami.8b05956__Fig4__A__stability_performance_curve_pce__PEDOT_PSS__Series_2.csv,x_time_day/10.1021_acsami.8b05956/Fig4_A_stability_performance_curve_pce/accepted/10.1021_acsami.8b05956__Fig4__A__stability_performance_curve_pce__PEDOT_PSS__Series_2.csv,10.1021/acsami.8b05956,Fig4_A_stability_performance_curve_pce,Series_2,54,54,49,0,217.61418380886977,201.19047182329464,True,1.0051606571348437,1.0,0.396810126653539,417,1,0,1,node_0_1,1.5622912558798123,1.0,0.9682110678541476,0.7948193387683561,0.6312127227296256,0.531144791302519,0.396810126653539,0.0,4,initial_drop_rapid_loss,class_04,/Users/shunhao/Desktop/ML/lab/NEW/som_200h_reanalysis/02_selected_curve_database/paper_aligned_min4/x_time_day/10.1021_acsami.8b05956/Fig4_A_stability_performance_curve_pce/accepted/10.1021_acsami.8b05956__Fig4__A__stability_performance_curve_pce__PEDOT_PSS__Series_2.csv
x_time_day/10.1021_acsami.8b18200/Fig7_C_eqe/accepted/10.1021_acsami.8b18200__Fig7__C__eqe__PEDOT_PSS(NoPVP)__Series_1.csv,10.1021/acsami.8b18200|Fig7_C_eqe|10.1021_acsami.8b18200__Fig7__C__eqe__PEDOT_PSS(NoPVP)__Series_1,/Users/shunhao/Desktop/ML/lab/data_all/x_time_day/10.1021_acsami.8b18200/Fig7_C_eqe/accepted/10.1021_acsami.8b18200__Fig7__C__eqe__PEDOT_PSS(NoPVP)__Series_1.csv,x_time_day/10.1021_acsami.8b18200/Fig7_C_eqe/accepted/10.1021_acsami.8b18200__Fig7__C__eqe__PEDOT_PSS(NoPVP)__Series_1.csv,10.1021/acsami.8b18200,Fig7_C_eqe,Series_1,39,39,4,0,2202.984243920742,231.89307830744656,True,0.7602332809869459,1.0,0.4887896686454596,422,1,0,1,node_0_1,3.9342774113303287,1.0,0.9153256282203772,0.6593030663240469,0.55493489666505,0.5180736523481376,0.4887896686454596,0.0,4,initial_drop_rapid_loss,class_04,/Users/shunhao/Desktop/ML/lab/NEW/som_200h_reanalysis/02_selected_curve_database/paper_aligned_min4/x_time_day/10.1021_acsami.8b18200/Fig7_C_eqe/accepted/10.1021_acsami.8b18200__Fig7__C__eqe__PEDOT_PSS(NoPVP)__Series_1.csv
x_time_day/10.1038_s41598-024-78155-2/Fig8_D_stability_performance_curve_pce/accepted/10.1038_s41598-024-78155-2__Fig8__D__stability_performance_curve_pce__Control__Series_1.csv,10.1038/s41598-024-78155-2|Fig8_D_stability_performance_curve_pce|10.1038_s41598-024-78155-2__Fig8__D__stability_performance_curve_pce__Control__Series_1,/Users/shunhao/Desktop/ML/lab/data_all/x_time_day/10.1038_s41598-024-78155-2/Fig8_D_stability_performance_curve_pce/accepted/10.1038_s41598-024-78155-2__Fig8__D__stability_performance_curve_pce__Control__Series_1.csv,x_time_day/10.1038_s41598-024-78155-2/Fig8_D_stability_performance_curve_pce/accepted/10.1038_s41598-024-78155-2__Fig8__D__stability_performance_curve_pce__Control__Series_1.csv,10.1038/s41598-024-78155-2,Fig8_D_stability_performance_curve_pce,Series_1,69,69,57,0,239.34430412102023,200.62684316026696,True,1.0021513360756988,1.0,0.440844359102611,457,1,0,1,node_0_1,0.8023182893034189,1.0,0.9718027749200324,0.8570720996124312,0.69847279174526,0.5279609953377098,0.440844359102611,0.0,4,initial_drop_rapid_loss,class_04,/Users/shunhao/Desktop/ML/lab/NEW/som_200h_reanalysis/02_selected_curve_database/paper_aligned_min4/x_time_day/10.1038_s41598-024-78155-2/Fig8_D_stability_performance_curve_pce/accepted/10.1038_s41598-024-78155-2__Fig8__D__stability_performance_curve_pce__Control__Series_1.csv
x_time_day/10.1039_c5ta06008g/Fig4_F_stability_performance_curve_decay/accepted/10.1039_c5ta06008g__Fig4__F__stability_performance_curve_decay__Without_PEI__Series_2.csv,10.1039/c5ta06008g|Fig4_F_stability_performance_curve_decay|10.1039_c5ta06008g__Fig4__F__stability_performance_curve_decay__Without_PEI__Series_2,/Users/shunhao/Desktop/ML/lab/data_all/x_time_day/10.1039_c5ta06008g/Fig4_F_stability_performance_curve_decay/accepted/10.1039_c5ta06008g__Fig4__F__stability_performance_curve_decay__Without_PEI__Series_2.csv,x_time_day/10.1039_c5ta06008g/Fig4_F_stability_performance_curve_decay/accepted/10.1039_c5ta06008g__Fig4__F__stability_performance_curve_decay__Without_PEI__Series_2.csv,10.1039/c5ta06008g,Fig4_F_stability_performance_curve_decay,Series_2,27,27,16,0,332.61412097815,204.6856129096308,True,0.9975469562316532,1.0,0.525634679750301,461,1,0,1,node_0_1,1.6373580371904262,1.0,0.9706945121754232,0.8155170759509496,0.6118556959426104,0.565877635016969,0.525634679750301,0.0,4,initial_drop_rapid_loss,class_04,/Users/shunhao/Desktop/ML/lab/NEW/som_200h_reanalysis/02_selected_curve_database/paper_aligned_min4/x_time_day/10.1039_c5ta06008g/Fig4_F_stability_performance_curve_decay/accepted/10.1039_c5ta06008g__Fig4__F__stability_performance_curve_decay__Without_PEI__Series_2.csv
x_time_day/10.1039_c6ta09687e/Fig1_C_jv_curve_stability_performance_ff/accepted/10.1039_c6ta09687e__Fig1__C__jv_curve_stability_performance_ff__MAPbI3__Series_2.csv,10.1039/c6ta09687e|Fig1_C_jv_curve_stability_performance_ff|10.1039_c6ta09687e__Fig1__C__jv_curve_stability_performance_ff__MAPbI3__Series_2,/Users/shunhao/Desktop/ML/lab/data_all/x_time_day/10.1039_c6ta09687e/Fig1_C_jv_curve_stability_performance_ff/accepted/10.1039_c6ta09687e__Fig1__C__jv_curve_stability_performance_ff__MAPbI3__Series_2.csv,x_time_day/10.1039_c6ta09687e/Fig1_C_jv_curve_stability_performance_ff/accepted/10.1039_c6ta09687e__Fig1__C__jv_curve_stability_performance_ff__MAPbI3__Series_2.csv,10.1039/c6ta09687e,Fig1_C_jv_curve_stability_performance_ff,Series_2,14,14,12,0,231.3296451505372,213.53505706203435,True,0.9951551639722952,1.0,0.3044216612317605,469,1,0,1,node_0_1,2.141964653041756,1.0,0.9701375472014452,0.8683394556692959,0.7240501545152104,0.4965298600858334,0.3044216612317605,0.0,4,initial_drop_rapid_loss,class_04,/Users/shunhao/Desktop/ML/lab/NEW/som_200h_reanalysis/02_selected_curve_database/paper_aligned_min4/x_time_day/10.1039_c6ta09687e/Fig1_C_jv_curve_stability_performance_ff/accepted/10.1039_c6ta09687e__Fig1__C__jv_curve_stability_performance_ff__MAPbI3__Series_2.csv
x_time_day/10.1039_c7nr03963h/Fig5_whole_figure/accepted/10.1039_c7nr03963h__Fig5__whole__figure__PEDOT__Series_2.csv,10.1039/c7nr03963h|Fig5_whole_figure|10.1039_c7nr03963h__Fig5__whole__figure__PEDOT__Series_2,/Users/shunhao/Desktop/ML/lab/data_all/x_time_day/10.1039_c7nr03963h/Fig5_whole_figure/accepted/10.1039_c7nr03963h__Fig5__whole__figure__PEDOT__Series_2.csv,x_time_day/10.1039_c7nr03963h/Fig5_whole_figure/accepted/10.1039_c7nr03963h__Fig5__whole__figure__PEDOT__Series_2.csv,10.1039/c7nr03963h,Fig5_whole_figure,Series_2,77,77,23,0,716.5976455209362,206.0218230872692,True,11.722137935150243,1.0,0.4858343142204525,470,1,0,1,node_0_1,2.812011538538134,1.0,0.991529889688525,0.9487094824976414,0.7923834708750983,0.6354656716307223,0.4858343142204525,0.0,4,initial_drop_rapid_loss,class_04,/Users/shunhao/Desktop/ML/lab/NEW/som_200h_reanalysis/02_selected_curve_database/paper_aligned_min4/x_time_day/10.1039_c7nr03963h/Fig5_whole_figure/accepted/10.1039_c7nr03963h__Fig5__whole__figure__PEDOT__Series_2.csv
x_time_day/10.1039_c7nr07753j/Fig5_whole_stability/accepted/10.1039_c7nr07753j__Fig5__whole__stability__Conventional_device__Series_2.csv,10.1039/c7nr07753j|Fig5_whole_stability|10.1039_c7nr07753j__Fig5__whole__stability__Conventional_device__Series_2,/Users/shunhao/Desktop/ML/lab/data_all/x_time_day/10.1039_c7nr07753j/Fig5_whole_stability/accepted/10.1039_c7nr07753j__Fig5__whole__stability__Conventional_device__Series_2.csv,x_time_day/10.1039_c7nr07753j/Fig5_whole_stability/accepted/10.1039_c7nr07753j__Fig5__whole__stability__Conventional_device__Series_2.csv,10.1039/c7nr07753j,Fig5_whole_stability,Series_2,43,43,6,0,1421.4073030061174,203.05818614373104,True,0.9996444935608864,1.0,0.4820549052759357,472,1,0,1,node_0_1,1.1805805741228907,1.0,0.9716195961002296,0.8220869473277955,0.6447211046363548,0.538129868112723,0.4820549052759357,0.0,4,initial_drop_rapid_loss,class_04,/Users/shunhao/Desktop/ML/lab/NEW/som_200h_reanalysis/02_selected_curve_database/paper_aligned_min4/x_time_day/10.1039_c7nr07753j/Fig5_whole_stability/accepted/10.1039_c7nr07753j__Fig5__whole__stability__Conventional_device__Series_2.csv
x_time_day/10.1039_c7tc01973d/Fig5_D_stability_performance_curve/accepted/10.1039_c7tc01973d__Fig5__D__stability_performance_curve__Compact_Pbl2__Series_2.csv,10.1039/c7tc01973d|Fig5_D_stability_performance_curve|10.1039_c7tc01973d__Fig5__D__stability_performance_curve__Compact_Pbl2__Series_2,/Users/shunhao/Desktop/ML/lab/data_all/x_time_day/10.1039_c7tc01973d/Fig5_D_stability_performance_curve/accepted/10.1039_c7tc01973d__Fig5__D__stability_performance_curve__Compact_Pbl2__Series_2.csv,x_time_day/10.1039_c7tc01973d/Fig5_D_stability_performance_curve/accepted/10.1039_c7tc01973d__Fig5__D__stability_performance_curve__Compact_Pbl2__Series_2.csv,10.1039/c7tc01973d,Fig5_D_stability_performance_curve,Series_2,49,49,29,0,339.9178347804228,205.36702517983875,True,1.0024899874683573,1.0,0.3997494212085015,479,1,0,1,node_0_1,3.6719614624063857,1.0,0.9893268187041664,0.9310610366041931,0.8423255861482581,0.6918968294296535,0.3997494212085015,0.0,4,initial_drop_rapid_loss,class_04,/Users/shunhao/Desktop/ML/lab/NEW/som_200h_reanalysis/02_selected_curve_database/paper_aligned_min4/x_time_day/10.1039_c7tc01973d/Fig5_D_stability_performance_curve/accepted/10.1039_c7tc01973d__Fig5__D__stability_performance_curve__Compact_Pbl2__Series_2.csv
x_time_day/10.1039_c8ta03608j/Fig4_B_stability_performance_curve_pce/accepted/10.1039_c8ta03608j__Fig4__B__stability_performance_curve_pce__PEDOT_PSS__Series_1.csv,10.1039/c8ta03608j|Fig4_B_stability_performance_curve_pce|10.1039_c8ta03608j__Fig4__B__stability_performance_curve_pce__PEDOT_PSS__Series_1,/Users/shunhao/Desktop/ML/lab/data_all/x_time_day/10.1039_c8ta03608j/Fig4_B_stability_performance_curve_pce/accepted/10.1039_c8ta03608j__Fig4__B__stability_performance_curve_pce__PEDOT_PSS__Series_1.csv,x_time_day/10.1039_c8ta03608j/Fig4_B_stability_performance_curve_pce/accepted/10.1039_c8ta03608j__Fig4__B__stability_performance_curve_pce__PEDOT_PSS__Series_1.csv,10.1039/c8ta03608j,Fig4_B_stability_performance_curve_pce,Series_1,22,22,19,0,230.590233716292,208.6292590766451,True,1.0015568339016243,1.0,0.2289263531960348,491,1,0,1,node_0_1,2.9831341024987683,1.0,0.9812429589711216,0.8509271721508375,0.7143459124362979,0.4656805919601768,0.2289263531960348,0.0,4,initial_drop_rapid_loss,class_04,/Users/shunhao/Desktop/ML/lab/NEW/som_200h_reanalysis/02_selected_curve_database/paper_aligned_min4/x_time_day/10.1039_c8ta03608j/Fig4_B_stability_performance_curve_pce/accepted/10.1039_c8ta03608j__Fig4__B__stability_performance_curve_pce__PEDOT_PSS__Series_1.csv
x_time_day/10.1039_c9nr05719f/Fig6_A_stability_performance_curve_pce/accepted/10.1039_c9nr05719f__Fig6__A__stability_performance_curve_pce__Spiro-OMeTAD_(LiTFSI_+TBP)__Series_2.csv,10.1039/c9nr05719f|Fig6_A_stability_performance_curve_pce|10.1039_c9nr05719f__Fig6__A__stability_performance_curve_pce__Spiro-OMeTAD_(LiTFSI_+TBP)__Series_2,/Users/shunhao/Desktop/ML/lab/data_all/x_time_day/10.1039_c9nr05719f/Fig6_A_stability_performance_curve_pce/accepted/10.1039_c9nr05719f__Fig6__A__stability_performance_curve_pce__Spiro-OMeTAD_(LiTFSI_+TBP)__Series_2.csv,x_time_day/10.1039_c9nr05719f/Fig6_A_stability_performance_curve_pce/accepted/10.1039_c9nr05719f__Fig6__A__stability_performance_curve_pce__Spiro-OMeTAD_(LiTFSI_+TBP)__Series_2.csv,10.1039/c9nr05719f,Fig6_A_stability_performance_curve_pce,Series_2,44,44,37,0,235.05750212689017,202.25878089988225,True,1.002281049384218,1.0,0.3338072681452013,495,1,0,1,node_0_1,1.771961673094118,1.0,0.9635267885980692,0.8508238123865794,0.7247660808149584,0.6599181416450538,0.3338072681452013,0.0,4,initial_drop_rapid_loss,class_04,/Users/shunhao/Desktop/ML/lab/NEW/som_200h_reanalysis/02_selected_curve_database/paper_aligned_min4/x_time_day/10.1039_c9nr05719f/Fig6_A_stability_performance_curve_pce/accepted/10.1039_c9nr05719f__Fig6__A__stability_performance_curve_pce__Spiro-OMeTAD_(LiTFSI_+TBP)__Series_2.csv
x_time_day/10.1039_c9nr05719f/Fig6_A_stability_performance_curve_pce/accepted/10.1039_c9nr05719f__Fig6__A__stability_performance_curve_pce__TFB_(LiTFSI_+TBP)__Series_1.csv,10.1039/c9nr05719f|Fig6_A_stability_performance_curve_pce|10.1039_c9nr05719f__Fig6__A__stability_performance_curve_pce__TFB_(LiTFSI_+TBP)__Series_1,/Users/shunhao/Desktop/ML/lab/data_all/x_time_day/10.1039_c9nr05719f/Fig6_A_stability_performance_curve_pce/accepted/10.1039_c9nr05719f__Fig6__A__stability_performance_curve_pce__TFB_(LiTFSI_+TBP)__Series_1.csv,x_time_day/10.1039_c9nr05719f/Fig6_A_stability_performance_curve_pce/accepted/10.1039_c9nr05719f__Fig6__A__stability_performance_curve_pce__TFB_(LiTFSI_+TBP)__Series_1.csv,10.1039/c9nr05719f,Fig6_A_stability_performance_curve_pce,Series_1,45,45,37,0,240.5239556647248,202.25878089988225,True,1.0053776389886664,1.0,0.4671204562068226,496,1,0,1,node_0_1,1.8079693216147763,1.0,0.986093469897388,0.7073974981992749,0.6700885960584222,0.5317698748951883,0.4671204562068226,0.0,4,initial_drop_rapid_loss,class_04,/Users/shunhao/Desktop/ML/lab/NEW/som_200h_reanalysis/02_selected_curve_database/paper_aligned_min4/x_time_day/10.1039_c9nr05719f/Fig6_A_stability_performance_curve_pce/accepted/10.1039_c9nr05719f__Fig6__A__stability_performance_curve_pce__TFB_(LiTFSI_+TBP)__Series_1.csv
x_time_day/10.1039_c9tc05410c/Fig5_F_stability_performance_curve_image/accepted/10.1039_c9tc05410c__Fig5__F__stability_performance_curve_image__Z8__Series_1.csv,10.1039/c9tc05410c|Fig5_F_stability_performance_curve_image|10.1039_c9tc05410c__Fig5__F__stability_performance_curve_image__Z8__Series_1,/Users/shunhao/Desktop/ML/lab/data_all/x_time_day/10.1039_c9tc05410c/Fig5_F_stability_performance_curve_image/accepted/10.1039_c9tc05410c__Fig5__F__stability_performance_curve_image__Z8__Series_1.csv,x_time_day/10.1039_c9tc05410c/Fig5_F_stability_performance_curve_image/accepted/10.1039_c9tc05410c__Fig5__F__stability_performance_curve_image__Z8__Series_1.csv,10.1039/c9tc05410c,Fig5_F_stability_performance_curve_image,Series_1,38,38,25,0,306.84128656821184,207.32519362717017,True,15.024286782133451,1.0,0.483669098831073,517,1,0,1,node_0_1,1.049421088073054,1.0,0.971768756527713,0.804327781416295,0.6627967207894626,0.5805137934233082,0.483669098831073,0.0,4,initial_drop_rapid_loss,class_04,/Users/shunhao/Desktop/ML/lab/NEW/som_200h_reanalysis/02_selected_curve_database/paper_aligned_min4/x_time_day/10.1039_c9tc05410c/Fig5_F_stability_performance_curve_image/accepted/10.1039_c9tc05410c__Fig5__F__stability_performance_curve_image__Z8__Series_1.csv
x_time_day/10.1109_jphotov.2017.2775162/Fig6_A_stability_performance_curve/accepted/10.1109_jphotov.2017.2775162__Fig6__A__stability_performance_curve__without_substrate-preheating__Series_2.csv,10.1109/jphotov.2017.2775162|Fig6_A_stability_performance_curve|10.1109_jphotov.2017.2775162__Fig6__A__stability_performance_curve__without_substrate-preheating__Series_2,/Users/shunhao/Desktop/ML/lab/data_all/x_time_day/10.1109_jphotov.2017.2775162/Fig6_A_stability_performance_curve/accepted/10.1109_jphotov.2017.2775162__Fig6__A__stability_performance_curve__without_substrate-preheating__Series_2.csv,x_time_day/10.1109_jphotov.2017.2775162/Fig6_A_stability_performance_curve/accepted/10.1109_jphotov.2017.2775162__Fig6__A__stability_performance_curve__without_substrate-preheating__Series_2.csv,10.1109/jphotov.2017.2775162,Fig6_A_stability_performance_curve,Series_2,39,38,18,1,428.0209655270192,208.2264156617931,True,0.9857399669460698,1.0,0.4437171459847944,570,1,0,1,node_0_1,1.532413508416382,1.0,0.967474189545616,0.7730578682550157,0.6691658674405223,0.6184564018700422,0.4437171459847944,0.0,4,initial_drop_rapid_loss,class_04,/Users/shunhao/Desktop/ML/lab/NEW/som_200h_reanalysis/02_selected_curve_database/paper_aligned_min4/x_time_day/10.1109_jphotov.2017.2775162/Fig6_A_stability_performance_curve/accepted/10.1109_jphotov.2017.2775162__Fig6__A__stability_performance_curve__without_substrate-preheating__Series_2.csv
x_time_day/10.3390_en16237849/Fig8_F_stability_performance_curve_pce/accepted/10.3390_en16237849__Fig8__F__stability_performance_curve_pce__CsPbI3−xBrx__Series_1.csv,10.3390/en16237849|Fig8_F_stability_performance_curve_pce|10.3390_en16237849__Fig8__F__stability_performance_curve_pce__CsPbI3−xBrx__Series_1,/Users/shunhao/Desktop/ML/lab/data_all/x_time_day/10.3390_en16237849/Fig8_F_stability_performance_curve_pce/accepted/10.3390_en16237849__Fig8__F__stability_performance_curve_pce__CsPbI3−xBrx__Series_1.csv,x_time_day/10.3390_en16237849/Fig8_F_stability_performance_curve_pce/accepted/10.3390_en16237849__Fig8__F__stability_performance_curve_pce__CsPbI3−xBrx__Series_1.csv,10.3390/en16237849,Fig8_F_stability_performance_curve_pce,Series_1,51,51,42,0,239.2658265224835,200.98329427888615,True,1.00242549607942,1.0,0.4048047696348811,581,1,0,1,node_0_1,0.9151292350255388,1.0,0.9771304051148144,0.8623169961828993,0.7018475827063564,0.5554178382165511,0.4048047696348811,0.0,4,initial_drop_rapid_loss,class_04,/Users/shunhao/Desktop/ML/lab/NEW/som_200h_reanalysis/02_selected_curve_database/paper_aligned_min4/x_time_day/10.3390_en16237849/Fig8_F_stability_performance_curve_pce/accepted/10.3390_en16237849__Fig8__F__stability_performance_curve_pce__CsPbI3−xBrx__Series_1.csv
x_time_day/10.3390_molecules29215064/Fig5_B_stability_performance_curve_pce/accepted/10.3390_molecules29215064__Fig5__B__stability_performance_curve_pce__PEDOT_PSS__Series_1.csv,10.3390/molecules29215064|Fig5_B_stability_performance_curve_pce|10.3390_molecules29215064__Fig5__B__stability_performance_curve_pce__PEDOT_PSS__Series_1,/Users/shunhao/Desktop/ML/lab/data_all/x_time_day/10.3390_molecules29215064/Fig5_B_stability_performance_curve_pce/accepted/10.3390_molecules29215064__Fig5__B__stability_performance_curve_pce__PEDOT_PSS__Series_1.csv,x_time_day/10.3390_molecules29215064/Fig5_B_stability_performance_curve_pce/accepted/10.3390_molecules29215064__Fig5__B__stability_performance_curve_pce__PEDOT_PSS__Series_1.csv,10.3390/molecules29215064,Fig5_B_stability_performance_curve_pce,Series_1,52,52,33,0,310.0912271428206,200.64726462182512,True,0.997004578667984,1.0,0.5068031238120579,589,1,0,1,node_0_1,1.7657208871273506,1.0,0.968908149764341,0.8874636066677961,0.7553910980749254,0.6100609930719648,0.5068031238120579,0.0,4,initial_drop_rapid_loss,class_04,/Users/shunhao/Desktop/ML/lab/NEW/som_200h_reanalysis/02_selected_curve_database/paper_aligned_min4/x_time_day/10.3390_molecules29215064/Fig5_B_stability_performance_curve_pce/accepted/10.3390_molecules29215064__Fig5__B__stability_performance_curve_pce__PEDOT_PSS__Series_1.csv
x_time_h/10.1002_adfm.201705363/Fig4_C_stability_performance_curve_pce/accepted/10.1002_adfm.201705363__Fig4__C__stability_performance_curve_pce__without_PTT__Series_1.csv,10.1002/adfm.201705363|Fig4_C_stability_performance_curve_pce|10.1002_adfm.201705363__Fig4__C__stability_performance_curve_pce__without_PTT__Series_1,/Users/shunhao/Desktop/ML/lab/data_all/x_time_h/10.1002_adfm.201705363/Fig4_C_stability_performance_curve_pce/accepted/10.1002_adfm.201705363__Fig4__C__stability_performance_curve_pce__without_PTT__Series_1.csv,x_time_h/10.1002_adfm.201705363/Fig4_C_stability_performance_curve_pce/accepted/10.1002_adfm.201705363__Fig4__C__stability_performance_curve_pce__without_PTT__Series_1.csv,10.1002/adfm.201705363,Fig4_C_stability_performance_curve_pce,Series_1,53,53,26,0,402.0642557987485,201.03212789937427,True,1.0000255231632431,1.0,0.3369320446228234,596,1,0,1,node_0_1,1.8229262038578944,1.0,0.9627468140956168,0.877387698584035,0.6910005552528384,0.5113001670322748,0.3369320446228234,0.0,4,initial_drop_rapid_loss,class_04,/Users/shunhao/Desktop/ML/lab/NEW/som_200h_reanalysis/02_selected_curve_database/paper_aligned_min4/x_time_h/10.1002_adfm.201705363/Fig4_C_stability_performance_curve_pce/accepted/10.1002_adfm.201705363__Fig4__C__stability_performance_curve_pce__without_PTT__Series_1.csv
x_time_h/10.1002_adfm.201807850/Fig7_F_stability_performance_curve_pce/accepted/10.1002_adfm.201807850__Fig7__F__stability_performance_curve_pce__w_NbF₅__Series_1.csv,10.1002/adfm.201807850|Fig7_F_stability_performance_curve_pce|10.1002_adfm.201807850__Fig7__F__stability_performance_curve_pce__w_NbF₅__Series_1,/Users/shunhao/Desktop/ML/lab/data_all/x_time_h/10.1002_adfm.201807850/Fig7_F_stability_performance_curve_pce/accepted/10.1002_adfm.201807850__Fig7__F__stability_performance_curve_pce__w_NbF₅__Series_1.csv,x_time_h/10.1002_adfm.201807850/Fig7_F_stability_performance_curve_pce/accepted/10.1002_adfm.201807850__Fig7__F__stability_performance_curve_pce__w_NbF₅__Series_1.csv,10.1002/adfm.201807850,Fig7_F_stability_performance_curve_pce,Series_1,48,48,38,0,248.02969837310343,200.53464974846665,True,1.0034334681098085,1.0,0.4596573594652147,603,1,0,1,node_0_1,1.9651000958786575,1.0,0.9707621578636376,0.8432970494245696,0.7512763366762198,0.6662332192491175,0.4596573594652147,0.0,4,initial_drop_rapid_loss,class_04,/Users/shunhao/Desktop/ML/lab/NEW/som_200h_reanalysis/02_selected_curve_database/paper_aligned_min4/x_time_h/10.1002_adfm.201807850/Fig7_F_stability_performance_curve_pce/accepted/10.1002_adfm.201807850__Fig7__F__stability_performance_curve_pce__w_NbF₅__Series_1.csv
x_time_h/10.1002_adfm.201909737/Fig8_B_stability_performance_curve_pce/accepted/10.1002_adfm.201909737__Fig8__B__stability_performance_curve_pce__MAPbI₃__Series_1.csv,10.1002/adfm.201909737|Fig8_B_stability_performance_curve_pce|10.1002_adfm.201909737__Fig8__B__stability_performance_curve_pce__MAPbI₃__Series_1,/Users/shunhao/Desktop/ML/lab/data_all/x_time_h/10.1002_adfm.201909737/Fig8_B_stability_performance_curve_pce/accepted/10.1002_adfm.201909737__Fig8__B__stability_performance_curve_pce__MAPbI₃__Series_1.csv,x_time_h/10.1002_adfm.201909737/Fig8_B_stability_performance_curve_pce/accepted/10.1002_adfm.201909737__Fig8__B__stability_performance_curve_pce__MAPbI₃__Series_1.csv,10.1002/adfm.201909737,Fig8_B_stability_performance_curve_pce,Series_1,112,112,13,0,1707.8209870737608,200.0150705581882,True,0.9622380721278592,1.0,0.6048832770275908,609,1,0,1,node_0_1,2.227419297603023,1.0,0.9807060185811663,0.8081487577264912,0.673683095793725,0.6310476446308402,0.6048832770275908,0.0,4,initial_drop_rapid_loss,class_04,/Users/shunhao/Desktop/ML/lab/NEW/som_200h_reanalysis/02_selected_curve_database/paper_aligned_min4/x_time_h/10.1002_adfm.201909737/Fig8_B_stability_performance_curve_pce/accepted/10.1002_adfm.201909737__Fig8__B__stability_performance_curve_pce__MAPbI₃__Series_1.csv
x_time_h/10.1002_adfm.202000034/Fig6_F_stability_performance_curve_pce/accepted/10.1002_adfm.202000034__Fig6__F__stability_performance_curve_pce__3D__Series_3.csv,10.1002/adfm.202000034|Fig6_F_stability_performance_curve_pce|10.1002_adfm.202000034__Fig6__F__stability_performance_curve_pce__3D__Series_3,/Users/shunhao/Desktop/ML/lab/data_all/x_time_h/10.1002_adfm.202000034/Fig6_F_stability_performance_curve_pce/accepted/10.1002_adfm.202000034__Fig6__F__stability_performance_curve_pce__3D__Series_3.csv,x_time_h/10.1002_adfm.202000034/Fig6_F_stability_performance_curve_pce/accepted/10.1002_adfm.202000034__Fig6__F__stability_performance_curve_pce__3D__Series_3.csv,10.1002/adfm.202000034,Fig6_F_stability_performance_curve_pce,Series_3,71,71,59,0,238.7747748938955,201.25302455342623,True,1.0021613126634026,1.0,0.4836407590950182,611,1,0,1,node_0_1,2.482596154677805,1.0,0.9843917942643662,0.9014480703484486,0.78208721593483,0.6471295533144227,0.4836407590950182,0.0,4,initial_drop_rapid_loss,class_04,/Users/shunhao/Desktop/ML/lab/NEW/som_200h_reanalysis/02_selected_curve_database/paper_aligned_min4/x_time_h/10.1002_adfm.202000034/Fig6_F_stability_performance_curve_pce/accepted/10.1002_adfm.202000034__Fig6__F__stability_performance_curve_pce__3D__Series_3.csv
x_time_h/10.1002_adfm.202200174/Fig3_E_stability_performance_curve_pce/accepted/10.1002_adfm.202200174__Fig3__E__stability_performance_curve_pce__Control__Series_2.csv,10.1002/adfm.202200174|Fig3_E_stability_performance_curve_pce|10.1002_adfm.202200174__Fig3__E__stability_performance_curve_pce__Control__Series_2,/Users/shunhao/Desktop/ML/lab/data_all/x_time_h/10.1002_adfm.202200174/Fig3_E_stability_performance_curve_pce/accepted/10.1002_adfm.202200174__Fig3__E__stability_performance_curve_pce__Control__Series_2.csv,x_time_h/10.1002_adfm.202200174/Fig3_E_stability_performance_curve_pce/accepted/10.1002_adfm.202200174__Fig3__E__stability_performance_curve_pce__Control__Series_2.csv,10.1002/adfm.202200174,Fig3_E_stability_performance_curve_pce,Series_2,38,38,13,0,616.3028890002506,216.5388528919799,True,1.0037462523813787,1.0,0.3977171725842071,632,1,0,1,node_0_1,2.7735442894926563,1.0,0.980688207809043,0.8232425225297083,0.5716118081083054,0.4673076383928931,0.3977171725842071,0.0,4,initial_drop_rapid_loss,class_04,/Users/shunhao/Desktop/ML/lab/NEW/som_200h_reanalysis/02_selected_curve_database/paper_aligned_min4/x_time_h/10.1002_adfm.202200174/Fig3_E_stability_performance_curve_pce/accepted/10.1002_adfm.202200174__Fig3__E__stability_performance_curve_pce__Control__Series_2.csv
x_time_h/10.1002_adma.201905502/Fig4_H_stability_performance_curve/accepted/10.1002_adma.201905502__Fig4__H__stability_performance_curve__R__Series_1.csv,10.1002/adma.201905502|Fig4_H_stability_performance_curve|10.1002_adma.201905502__Fig4__H__stability_performance_curve__R__Series_1,/Users/shunhao/Desktop/ML/lab/data_all/x_time_h/10.1002_adma.201905502/Fig4_H_stability_performance_curve/accepted/10.1002_adma.201905502__Fig4__H__stability_performance_curve__R__Series_1.csv,x_time_h/10.1002_adma.201905502/Fig4_H_stability_performance_curve/accepted/10.1002_adma.201905502__Fig4__H__stability_performance_curve__R__Series_1.csv,10.1002/adma.201905502,Fig4_H_stability_performance_curve,Series_1,123,123,25,0,992.8784541330938,203.45869961743728,True,0.9781137708584308,1.0,0.5768124167517158,661,1,0,1,node_0_1,3.826796624717247,1.0,0.9199433157228372,0.6562933708737876,0.6031795555828968,0.5846835595840425,0.5768124167517158,0.0,4,initial_drop_rapid_loss,class_04,/Users/shunhao/Desktop/ML/lab/NEW/som_200h_reanalysis/02_selected_curve_database/paper_aligned_min4/x_time_h/10.1002_adma.201905502/Fig4_H_stability_performance_curve/accepted/10.1002_adma.201905502__Fig4__H__stability_performance_curve__R__Series_1.csv
x_time_h/10.1002_adma.201908107/Fig5_E_stability_performance_curve_pce/accepted/10.1002_adma.201908107__Fig5__E__stability_performance_curve_pce__0%GABr__Series_2.csv,10.1002/adma.201908107|Fig5_E_stability_performance_curve_pce|10.1002_adma.201908107__Fig5__E__stability_performance_curve_pce__0%GABr__Series_2,/Users/shunhao/Desktop/ML/lab/data_all/x_time_h/10.1002_adma.201908107/Fig5_E_stability_performance_curve_pce/accepted/10.1002_adma.201908107__Fig5__E__stability_performance_curve_pce__0%GABr__Series_2.csv,x_time_h/10.1002_adma.201908107/Fig5_E_stability_performance_curve_pce/accepted/10.1002_adma.201908107__Fig5__E__stability_performance_curve_pce__0%GABr__Series_2.csv,10.1002/adma.201908107,Fig5_E_stability_performance_curve_pce,Series_2,19,19,13,0,296.19077305467204,213.9155583172631,True,0.992928888698674,1.0,0.2041447602329384,665,1,0,1,node_0_1,4.181314488817017,1.0,0.97668966985816,0.8605254061328732,0.6512663460696192,0.3943139905997219,0.2041447602329384,0.0,4,initial_drop_rapid_loss,class_04,/Users/shunhao/Desktop/ML/lab/NEW/som_200h_reanalysis/02_selected_curve_database/paper_aligned_min4/x_time_h/10.1002_adma.201908107/Fig5_E_stability_performance_curve_pce/accepted/10.1002_adma.201908107__Fig5__E__stability_performance_curve_pce__0%GABr__Series_2.csv
x_time_h/10.1002_adma.202000865/Fig4_F_mppt_stability_performance_curve_pce/accepted/10.1002_adma.202000865__Fig4__F__mppt_stability_performance_curve_pce__Control__Series_1.csv,10.1002/adma.202000865|Fig4_F_mppt_stability_performance_curve_pce|10.1002_adma.202000865__Fig4__F__mppt_stability_performance_curve_pce__Control__Series_1,/Users/shunhao/Desktop/ML/lab/data_all/x_time_h/10.1002_adma.202000865/Fig4_F_mppt_stability_performance_curve_pce/accepted/10.1002_adma.202000865__Fig4__F__mppt_stability_performance_curve_pce__Control__Series_1.csv,x_time_h/10.1002_adma.202000865/Fig4_F_mppt_stability_performance_curve_pce/accepted/10.1002_adma.202000865__Fig4__F__mppt_stability_performance_curve_pce__Control__Series_1.csv,10.1002/adma.202000865,Fig4_F_mppt_stability_performance_curve_pce,Series_1,172,172,96,0,356.97417962928034,200.40655698485912,True,1.000320604897182,1.0,0.6322111451372209,666,1,0,1,node_0_1,2.718022638360518,1.0,0.9485210412827686,0.7915086469006227,0.6719721024196835,0.6554050368853241,0.6322111451372209,0.0,4,initial_drop_rapid_loss,class_04,/Users/shunhao/Desktop/ML/lab/NEW/som_200h_reanalysis/02_selected_curve_database/paper_aligned_min4/x_time_h/10.1002_adma.202000865/Fig4_F_mppt_stability_performance_curve_pce/accepted/10.1002_adma.202000865__Fig4__F__mppt_stability_performance_curve_pce__Control__Series_1.csv
x_time_h/10.1002_adma.202001470/Fig5_H_stability_performance_curve_pattern/accepted/10.1002_adma.202001470__Fig5__H__stability_performance_curve_pattern__FAPbl3__Series_1.csv,10.1002/adma.202001470|Fig5_H_stability_performance_curve_pattern|10.1002_adma.202001470__Fig5__H__stability_performance_curve_pattern__FAPbl3__Series_1,/Users/shunhao/Desktop/ML/lab/data_all/x_time_h/10.1002_adma.202001470/Fig5_H_stability_performance_curve_pattern/accepted/10.1002_adma.202001470__Fig5__H__stability_performance_curve_pattern__FAPbl3__Series_1.csv,x_time_h/10.1002_adma.202001470/Fig5_H_stability_performance_curve_pattern/accepted/10.1002_adma.202001470__Fig5__H__stability_performance_curve_pattern__FAPbl3__Series_1.csv,10.1002/adma.202001470,Fig5_H_stability_performance_curve_pattern,Series_1,82,82,29,0,568.1965340216468,203.42838872379943,True,0.9982046389603704,1.0,0.5862669426650108,670,1,0,1,node_0_1,2.3706697528857346,1.0,0.9466336218404,0.7621422272759216,0.7127117457429489,0.6485425264056497,0.5862669426650108,0.0,4,initial_drop_rapid_loss,class_04,/Users/shunhao/Desktop/ML/lab/NEW/som_200h_reanalysis/02_selected_curve_database/paper_aligned_min4/x_time_h/10.1002_adma.202001470/Fig5_H_stability_performance_curve_pattern/accepted/10.1002_adma.202001470__Fig5__H__stability_performance_curve_pattern__FAPbl3__Series_1.csv
x_time_h/10.1002_adma.202006087/Fig3_C_stability_performance_curve/accepted/10.1002_adma.202006087__Fig3__C__stability_performance_curve__Spiro-OMeTAD°__Series_2.csv,10.1002/adma.202006087|Fig3_C_stability_performance_curve|10.1002_adma.202006087__Fig3__C__stability_performance_curve__Spiro-OMeTAD°__Series_2,/Users/shunhao/Desktop/ML/lab/data_all/x_time_h/10.1002_adma.202006087/Fig3_C_stability_performance_curve/accepted/10.1002_adma.202006087__Fig3__C__stability_performance_curve__Spiro-OMeTAD°__Series_2.csv,x_time_h/10.1002_adma.202006087/Fig3_C_stability_performance_curve/accepted/10.1002_adma.202006087__Fig3__C__stability_performance_curve__Spiro-OMeTAD°__Series_2.csv,10.1002/adma.202006087,Fig3_C_stability_performance_curve,Series_2,44,44,18,0,494.7042685024401,207.08550774520748,True,19.19609938617556,1.0,0.5472837038671777,674,1,0,1,node_0_1,2.6725087463572357,1.0,0.9494398166843702,0.6992222784269198,0.6245611476392621,0.5857084605839871,0.5472837038671777,0.0,4,initial_drop_rapid_loss,class_04,/Users/shunhao/Desktop/ML/lab/NEW/som_200h_reanalysis/02_selected_curve_database/paper_aligned_min4/x_time_h/10.1002_adma.202006087/Fig3_C_stability_performance_curve/accepted/10.1002_adma.202006087__Fig3__C__stability_performance_curve__Spiro-OMeTAD°__Series_2.csv
x_time_h/10.1002_adma.202006087/Fig7_B_mppt_stability_performance_curve_pce/accepted/10.1002_adma.202006087__Fig7__B__mppt_stability_performance_curve_pce__Control__Series_1.csv,10.1002/adma.202006087|Fig7_B_mppt_stability_performance_curve_pce|10.1002_adma.202006087__Fig7__B__mppt_stability_performance_curve_pce__Control__Series_1,/Users/shunhao/Desktop/ML/lab/data_all/x_time_h/10.1002_adma.202006087/Fig7_B_mppt_stability_performance_curve_pce/accepted/10.1002_adma.202006087__Fig7__B__mppt_stability_performance_curve_pce__Control__Series_1.csv,x_time_h/10.1002_adma.202006087/Fig7_B_mppt_stability_performance_curve_pce/accepted/10.1002_adma.202006087__Fig7__B__mppt_stability_performance_curve_pce__Control__Series_1.csv,10.1002/adma.202006087,Fig7_B_mppt_stability_performance_curve_pce,Series_1,51,51,34,0,294.98297640722313,200.58842395691175,True,1.0011549659338117,1.0,0.5192433523703273,676,1,0,1,node_0_1,2.2422474456717376,1.0,0.9848037746634234,0.8922417628751433,0.7469990687068321,0.6451570969193845,0.5192433523703273,0.0,4,initial_drop_rapid_loss,class_04,/Users/shunhao/Desktop/ML/lab/NEW/som_200h_reanalysis/02_selected_curve_database/paper_aligned_min4/x_time_h/10.1002_adma.202006087/Fig7_B_mppt_stability_performance_curve_pce/accepted/10.1002_adma.202006087__Fig7__B__mppt_stability_performance_curve_pce__Control__Series_1.csv
x_time_h/10.1002_admi.202001425/Fig4_F_stability_performance_curve_pce/accepted/10.1002_admi.202001425__Fig4__F__stability_performance_curve_pce__Spiro-OMeTAD__Series_1.csv,10.1002/admi.202001425|Fig4_F_stability_performance_curve_pce|10.1002_admi.202001425__Fig4__F__stability_performance_curve_pce__Spiro-OMeTAD__Series_1,/Users/shunhao/Desktop/ML/lab/data_all/x_time_h/10.1002_admi.202001425/Fig4_F_stability_performance_curve_pce/accepted/10.1002_admi.202001425__Fig4__F__stability_performance_curve_pce__Spiro-OMeTAD__Series_1.csv,x_time_h/10.1002_admi.202001425/Fig4_F_stability_performance_curve_pce/accepted/10.1002_admi.202001425__Fig4__F__stability_performance_curve_pce__Spiro-OMeTAD__Series_1.csv,10.1002/admi.202001425,Fig4_F_stability_performance_curve_pce,Series_1,66,66,28,0,475.1980039212988,204.7006786122518,True,1.0010639740921965,1.0,0.6003495884861293,704,1,0,1,node_0_1,2.1879734111183673,1.0,0.9588466528431624,0.7861868709456747,0.7189867068222062,0.6334149145201541,0.6003495884861293,0.0,4,initial_drop_rapid_loss,class_04,/Users/shunhao/Desktop/ML/lab/NEW/som_200h_reanalysis/02_selected_curve_database/paper_aligned_min4/x_time_h/10.1002_admi.202001425/Fig4_F_stability_performance_curve_pce/accepted/10.1002_admi.202001425__Fig4__F__stability_performance_curve_pce__Spiro-OMeTAD__Series_1.csv
x_time_h/10.1002_advs.201700484/Fig5_A_stability_performance_curve_pce/accepted/10.1002_advs.201700484__Fig5__A__stability_performance_curve_pce__PCE__Series_1.csv,10.1002/advs.201700484|Fig5_A_stability_performance_curve_pce|10.1002_advs.201700484__Fig5__A__stability_performance_curve_pce__PCE__Series_1,/Users/shunhao/Desktop/ML/lab/data_all/x_time_h/10.1002_advs.201700484/Fig5_A_stability_performance_curve_pce/accepted/10.1002_advs.201700484__Fig5__A__stability_performance_curve_pce__PCE__Series_1.csv,x_time_h/10.1002_advs.201700484/Fig5_A_stability_performance_curve_pce/accepted/10.1002_advs.201700484__Fig5__A__stability_performance_curve_pce__PCE__Series_1.csv,10.1002/advs.201700484,Fig5_A_stability_performance_curve_pce,Series_1,60,59,16,1,770.0380095543644,212.42427849775572,True,0.9693360968245368,1.0,0.692081415910762,714,1,0,1,node_0_1,4.168599681195194,1.0,0.8961721277062662,0.7149629796819645,0.689395478823858,0.6827382160341238,0.692081415910762,0.0,4,initial_drop_rapid_loss,class_04,/Users/shunhao/Desktop/ML/lab/NEW/som_200h_reanalysis/02_selected_curve_database/paper_aligned_min4/x_time_h/10.1002_advs.201700484/Fig5_A_stability_performance_curve_pce/accepted/10.1002_advs.201700484__Fig5__A__stability_performance_curve_pce__PCE__Series_1.csv
x_time_h/10.1002_advs.201903250/Fig5_F_tga_stability_performance_curve_pce/accepted/10.1002_advs.201903250__Fig5__F__tga_stability_performance_curve_pce__Control__Series_2.csv,10.1002/advs.201903250|Fig5_F_tga_stability_performance_curve_pce|10.1002_advs.201903250__Fig5__F__tga_stability_performance_curve_pce__Control__Series_2,/Users/shunhao/Desktop/ML/lab/data_all/x_time_h/10.1002_advs.201903250/Fig5_F_tga_stability_performance_curve_pce/accepted/10.1002_advs.201903250__Fig5__F__tga_stability_performance_curve_pce__Control__Series_2.csv,x_time_h/10.1002_advs.201903250/Fig5_F_tga_stability_performance_curve_pce/accepted/10.1002_advs.201903250__Fig5__F__tga_stability_performance_curve_pce__Control__Series_2.csv,10.1002/advs.201903250,Fig5_F_tga_stability_performance_curve_pce,Series_2,38,38,12,0,651.4813196877832,211.2912388176594,True,0.978636226772118,1.0,0.5750586086908162,718,1,0,1,node_0_1,1.9705079405019628,1.0,0.9714708585218492,0.841102341538879,0.7260809611803479,0.6364932276680562,0.5750586086908162,0.0,4,initial_drop_rapid_loss,class_04,/Users/shunhao/Desktop/ML/lab/NEW/som_200h_reanalysis/02_selected_curve_database/paper_aligned_min4/x_time_h/10.1002_advs.201903250/Fig5_F_tga_stability_performance_curve_pce/accepted/10.1002_advs.201903250__Fig5__F__tga_stability_performance_curve_pce__Control__Series_2.csv
x_time_h/10.1002_advs.201903250/Fig5_F_tga_stability_performance_curve_pce/accepted/10.1002_advs.201903250__Fig5__F__tga_stability_performance_curve_pce__WTGA__Series_3.csv,10.1002/advs.201903250|Fig5_F_tga_stability_performance_curve_pce|10.1002_advs.201903250__Fig5__F__tga_stability_performance_curve_pce__WTGA__Series_3,/Users/shunhao/Desktop/ML/lab/data_all/x_time_h/10.1002_advs.201903250/Fig5_F_tga_stability_performance_curve_pce/accepted/10.1002_advs.201903250__Fig5__F__tga_stability_performance_curve_pce__WTGA__Series_3.csv,x_time_h/10.1002_advs.201903250/Fig5_F_tga_stability_performance_curve_pce/accepted/10.1002_advs.201903250__Fig5__F__tga_stability_performance_curve_pce__WTGA__Series_3.csv,10.1002/advs.201903250,Fig5_F_tga_stability_performance_curve_pce,Series_3,38,38,12,0,651.4813196877832,211.2912388176594,True,0.9900751243448256,1.0,0.6084787336785753,719,1,0,1,node_0_1,2.453749546109215,1.0,0.977800238208124,0.8001116612772529,0.6811307737003868,0.6458786754070466,0.6084787336785753,0.0,4,initial_drop_rapid_loss,class_04,/Users/shunhao/Desktop/ML/lab/NEW/som_200h_reanalysis/02_selected_curve_database/paper_aligned_min4/x_time_h/10.1002_advs.201903250/Fig5_F_tga_stability_performance_curve_pce/accepted/10.1002_advs.201903250__Fig5__F__tga_stability_performance_curve_pce__WTGA__Series_3.csv
x_time_h/10.1002_aenm.201901852/Fig6_A_stability_performance_curve_pce/accepted/10.1002_aenm.201901852__Fig6__A__stability_performance_curve_pce__control__Series_2.csv,10.1002/aenm.201901852|Fig6_A_stability_performance_curve_pce|10.1002_aenm.201901852__Fig6__A__stability_performance_curve_pce__control__Series_2,/Users/shunhao/Desktop/ML/lab/data_all/x_time_h/10.1002_aenm.201901852/Fig6_A_stability_performance_curve_pce/accepted/10.1002_aenm.201901852__Fig6__A__stability_performance_curve_pce__control__Series_2.csv,x_time_h/10.1002_aenm.201901852/Fig6_A_stability_performance_curve_pce/accepted/10.1002_aenm.201901852__Fig6__A__stability_performance_curve_pce__control__Series_2.csv,10.1002/aenm.201901852,Fig6_A_stability_performance_curve_pce,Series_2,36,36,21,0,334.53662017581087,200.72197210548657,True,100.79666241750448,1.0,0.5576506604758439,732,1,0,1,node_0_1,1.888943603583853,1.0,0.9675532061212936,0.8408029581225711,0.6104208578255386,0.5988367592839419,0.5576506604758439,0.0,4,initial_drop_rapid_loss,class_04,/Users/shunhao/Desktop/ML/lab/NEW/som_200h_reanalysis/02_selected_curve_database/paper_aligned_min4/x_time_h/10.1002_aenm.201901852/Fig6_A_stability_performance_curve_pce/accepted/10.1002_aenm.201901852__Fig6__A__stability_performance_curve_pce__control__Series_2.csv
x_time_h/10.1002_aenm.201901852/Fig6_B_stability_performance_curve_pce/accepted/10.1002_aenm.201901852__Fig6__B__stability_performance_curve_pce__control__Series_1.csv,10.1002/aenm.201901852|Fig6_B_stability_performance_curve_pce|10.1002_aenm.201901852__Fig6__B__stability_performance_curve_pce__control__Series_1,/Users/shunhao/Desktop/ML/lab/data_all/x_time_h/10.1002_aenm.201901852/Fig6_B_stability_performance_curve_pce/accepted/10.1002_aenm.201901852__Fig6__B__stability_performance_curve_pce__control__Series_1.csv,x_time_h/10.1002_aenm.201901852/Fig6_B_stability_performance_curve_pce/accepted/10.1002_aenm.201901852__Fig6__B__stability_performance_curve_pce__control__Series_1.csv,10.1002/aenm.201901852,Fig6_B_stability_performance_curve_pce,Series_1,50,50,21,0,470.7779504052753,201.76197874511797,True,99.50491714482752,1.0,0.4642828833469902,733,1,0,1,node_0_1,2.6939011218886666,1.0,0.9810073817181084,0.8909505518774518,0.7922087432025602,0.6779174187289211,0.4642828833469902,0.0,4,initial_drop_rapid_loss,class_04,/Users/shunhao/Desktop/ML/lab/NEW/som_200h_reanalysis/02_selected_curve_database/paper_aligned_min4/x_time_h/10.1002_aenm.201901852/Fig6_B_stability_performance_curve_pce/accepted/10.1002_aenm.201901852__Fig6__B__stability_performance_curve_pce__control__Series_1.csv
x_time_h/10.1002_aenm.202101291/Fig5_G_stability_performance_curve_pce/accepted/10.1002_aenm.202101291__Fig5__G__stability_performance_curve_pce__MAPbl₃__Series_1.csv,10.1002/aenm.202101291|Fig5_G_stability_performance_curve_pce|10.1002_aenm.202101291__Fig5__G__stability_performance_curve_pce__MAPbl₃__Series_1,/Users/shunhao/Desktop/ML/lab/data_all/x_time_h/10.1002_aenm.202101291/Fig5_G_stability_performance_curve_pce/accepted/10.1002_aenm.202101291__Fig5__G__stability_performance_curve_pce__MAPbl₃__Series_1.csv,x_time_h/10.1002_aenm.202101291/Fig5_G_stability_performance_curve_pce/accepted/10.1002_aenm.202101291__Fig5__G__stability_performance_curve_pce__MAPbl₃__Series_1.csv,10.1002/aenm.202101291,Fig5_G_stability_performance_curve_pce,Series_1,118,118,22,0,1071.8131920708497,201.53752329537352,True,0.9407236553916106,1.0,0.606398403146042,759,1,0,1,node_0_1,2.697986755776389,1.0,0.92193371330315,0.8212030520201895,0.7414497345877014,0.6687708610316998,0.606398403146042,0.0,4,initial_drop_rapid_loss,class_04,/Users/shunhao/Desktop/ML/lab/NEW/som_200h_reanalysis/02_selected_curve_database/paper_aligned_min4/x_time_h/10.1002_aenm.202101291/Fig5_G_stability_performance_curve_pce/accepted/10.1002_aenm.202101291__Fig5__G__stability_performance_curve_pce__MAPbl₃__Series_1.csv
x_time_h/10.1002_anie.202005211/Fig4_E_mppt_stability_performance_curve_pce/accepted/10.1002_anie.202005211__Fig4__E__mppt_stability_performance_curve_pce__Bare_FAPbI₃_with_MACI__Series_1.csv,10.1002/anie.202005211|Fig4_E_mppt_stability_performance_curve_pce|10.1002_anie.202005211__Fig4__E__mppt_stability_performance_curve_pce__Bare_FAPbI₃_with_MACI__Series_1,/Users/shunhao/Desktop/ML/lab/data_all/x_time_h/10.1002_anie.202005211/Fig4_E_mppt_stability_performance_curve_pce/accepted/10.1002_anie.202005211__Fig4__E__mppt_stability_performance_curve_pce__Bare_FAPbI₃_with_MACI__Series_1.csv,x_time_h/10.1002_anie.202005211/Fig4_E_mppt_stability_performance_curve_pce/accepted/10.1002_anie.202005211__Fig4__E__mppt_stability_performance_curve_pce__Bare_FAPbI₃_with_MACI__Series_1.csv,10.1002/anie.202005211,Fig4_E_mppt_stability_performance_curve_pce,Series_1,50,50,21,0,484.33322204776147,207.57138087761209,True,0.9594955749209176,1.0,0.5342033699344376,774,1,0,1,node_0_1,4.282834116241715,1.0,0.8983370309090869,0.6227460849785511,0.5801619322161804,0.5464227418350209,0.5342033699344376,0.0,4,initial_drop_rapid_loss,class_04,/Users/shunhao/Desktop/ML/lab/NEW/som_200h_reanalysis/02_selected_curve_database/paper_aligned_min4/x_time_h/10.1002_anie.202005211/Fig4_E_mppt_stability_performance_curve_pce/accepted/10.1002_anie.202005211__Fig4__E__mppt_stability_performance_curve_pce__Bare_FAPbI₃_with_MACI__Series_1.csv
x_time_h/10.1002_cjoc.201800469/Fig5_B_stability/accepted/10.1002_cjoc.201800469__Fig5__B__stability__Perovskite__Series_1.csv,10.1002/cjoc.201800469|Fig5_B_stability|10.1002_cjoc.201800469__Fig5__B__stability__Perovskite__Series_1,/Users/shunhao/Desktop/ML/lab/data_all/x_time_h/10.1002_cjoc.201800469/Fig5_B_stability/accepted/10.1002_cjoc.201800469__Fig5__B__stability__Perovskite__Series_1.csv,x_time_h/10.1002_cjoc.201800469/Fig5_B_stability/accepted/10.1002_cjoc.201800469__Fig5__B__stability__Perovskite__Series_1.csv,10.1002/cjoc.201800469,Fig5_B_stability,Series_1,30,30,18,0,326.1823663361695,202.458020484519,True,1.0003801291894034,1.0,0.3660258754442607,784,1,0,1,node_0_1,2.0255997385276716,1.0,0.9856284968640736,0.9142971076097242,0.7229663788861028,0.5112827108502427,0.3660258754442607,0.0,4,initial_drop_rapid_loss,class_04,/Users/shunhao/Desktop/ML/lab/NEW/som_200h_reanalysis/02_selected_curve_database/paper_aligned_min4/x_time_h/10.1002_cjoc.201800469/Fig5_B_stability/accepted/10.1002_cjoc.201800469__Fig5__B__stability__Perovskite__Series_1.csv
x_time_h/10.1002_cssc.202001527/Fig5_A_jsc/accepted/10.1002_cssc.202001527__Fig5__A__jsc__0.3_suns__Series_3.csv,10.1002/cssc.202001527|Fig5_A_jsc|10.1002_cssc.202001527__Fig5__A__jsc__0.3_suns__Series_3,/Users/shunhao/Desktop/ML/lab/data_all/x_time_h/10.1002_cssc.202001527/Fig5_A_jsc/accepted/10.1002_cssc.202001527__Fig5__A__jsc__0.3_suns__Series_3.csv,x_time_h/10.1002_cssc.202001527/Fig5_A_jsc/accepted/10.1002_cssc.202001527__Fig5__A__jsc__0.3_suns__Series_3.csv,10.1002/cssc.202001527,Fig5_A_jsc,Series_3,41,41,14,0,589.204038994545,206.22141364809073,True,0.950324131261178,1.0,0.5181965226185169,796,1,0,1,node_0_1,4.082851055070147,1.0,0.9011900365581712,0.645608327446112,0.5701781599829261,0.542590549528714,0.5181965226185169,0.0,4,initial_drop_rapid_loss,class_04,/Users/shunhao/Desktop/ML/lab/NEW/som_200h_reanalysis/02_selected_curve_database/paper_aligned_min4/x_time_h/10.1002_cssc.202001527/Fig5_A_jsc/accepted/10.1002_cssc.202001527__Fig5__A__jsc__0.3_suns__Series_3.csv
x_time_h/10.1002_ente.201700448/Fig6_D_stability_performance_curve/accepted/10.1002_ente.201700448__Fig6__D__stability_performance_curve__Spiro-OMeTAD__Series_1.csv,10.1002/ente.201700448|Fig6_D_stability_performance_curve|10.1002_ente.201700448__Fig6__D__stability_performance_curve__Spiro-OMeTAD__Series_1,/Users/shunhao/Desktop/ML/lab/data_all/x_time_h/10.1002_ente.201700448/Fig6_D_stability_performance_curve/accepted/10.1002_ente.201700448__Fig6__D__stability_performance_curve__Spiro-OMeTAD__Series_1.csv,x_time_h/10.1002_ente.201700448/Fig6_D_stability_performance_curve/accepted/10.1002_ente.201700448__Fig6__D__stability_performance_curve__Spiro-OMeTAD__Series_1.csv,10.1002/ente.201700448,Fig6_D_stability_performance_curve,Series_1,38,38,12,0,619.5303612985069,200.92876582654276,True,11.084549934567216,1.0,0.5867434046074718,802,1,0,1,node_0_1,1.923792229920414,1.0,0.9824108604086488,0.8448881702459755,0.69714113453683,0.6217118298168713,0.5867434046074718,0.0,4,initial_drop_rapid_loss,class_04,/Users/shunhao/Desktop/ML/lab/NEW/som_200h_reanalysis/02_selected_curve_database/paper_aligned_min4/x_time_h/10.1002_ente.201700448/Fig6_D_stability_performance_curve/accepted/10.1002_ente.201700448__Fig6__D__stability_performance_curve__Spiro-OMeTAD__Series_1.csv
x_time_h/10.1002_slct.201904141/Fig6_D_stability_performance_curve_voc_eqe/accepted/10.1002_slct.201904141__Fig6__D__stability_performance_curve_voc_eqe__Spiro-OMeTAD__Series_1.csv,10.1002/slct.201904141|Fig6_D_stability_performance_curve_voc_eqe|10.1002_slct.201904141__Fig6__D__stability_performance_curve_voc_eqe__Spiro-OMeTAD__Series_1,/Users/shunhao/Desktop/ML/lab/data_all/x_time_h/10.1002_slct.201904141/Fig6_D_stability_performance_curve_voc_eqe/accepted/10.1002_slct.201904141__Fig6__D__stability_performance_curve_voc_eqe__Spiro-OMeTAD__Series_1.csv,x_time_h/10.1002_slct.201904141/Fig6_D_stability_performance_curve_voc_eqe/accepted/10.1002_slct.201904141__Fig6__D__stability_performance_curve_voc_eqe__Spiro-OMeTAD__Series_1.csv,10.1002/slct.201904141,Fig6_D_stability_performance_curve_voc_eqe,Series_1,64,64,31,0,419.534001978617,206.43736605297028,True,0.9952649600094896,1.0,0.4092746799536478,807,1,0,1,node_0_1,2.790904820929909,1.0,0.9890553554132584,0.9270419492342892,0.8045748937683554,0.6389263785778652,0.4092746799536478,0.0,4,initial_drop_rapid_loss,class_04,/Users/shunhao/Desktop/ML/lab/NEW/som_200h_reanalysis/02_selected_curve_database/paper_aligned_min4/x_time_h/10.1002_slct.201904141/Fig6_D_stability_performance_curve_voc_eqe/accepted/10.1002_slct.201904141__Fig6__D__stability_performance_curve_voc_eqe__Spiro-OMeTAD__Series_1.csv
x_time_h/10.1002_smll.201904746/Fig3_B_stability_performance_curve/accepted/10.1002_smll.201904746__Fig3__B__stability_performance_curve__TiO2_Pero_Spiro_Au__Series_2.csv,10.1002/smll.201904746|Fig3_B_stability_performance_curve|10.1002_smll.201904746__Fig3__B__stability_performance_curve__TiO2_Pero_Spiro_Au__Series_2,/Users/shunhao/Desktop/ML/lab/data_all/x_time_h/10.1002_smll.201904746/Fig3_B_stability_performance_curve/accepted/10.1002_smll.201904746__Fig3__B__stability_performance_curve__TiO2_Pero_Spiro_Au__Series_2.csv,x_time_h/10.1002_smll.201904746/Fig3_B_stability_performance_curve/accepted/10.1002_smll.201904746__Fig3__B__stability_performance_curve__TiO2_Pero_Spiro_Au__Series_2.csv,10.1002/smll.201904746,Fig3_B_stability_performance_curve,Series_2,34,34,31,0,219.1502268274787,205.86839489854057,True,0.9994621690995452,1.0,0.6044429129448717,813,1,0,1,node_0_1,2.0131021183327937,1.0,0.9681151084516502,0.8430671734197357,0.716341517870258,0.619747451856655,0.6044429129448717,0.0,4,initial_drop_rapid_loss,class_04,/Users/shunhao/Desktop/ML/lab/NEW/som_200h_reanalysis/02_selected_curve_database/paper_aligned_min4/x_time_h/10.1002_smll.201904746/Fig3_B_stability_performance_curve/accepted/10.1002_smll.201904746__Fig3__B__stability_performance_curve__TiO2_Pero_Spiro_Au__Series_2.csv
x_time_h/10.1002_smll.201904746/Fig3_C_stability_performance_curve/accepted/10.1002_smll.201904746__Fig3__C__stability_performance_curve__TiO₂_Pero_Spiro_Au__Series_2.csv,10.1002/smll.201904746|Fig3_C_stability_performance_curve|10.1002_smll.201904746__Fig3__C__stability_performance_curve__TiO₂_Pero_Spiro_Au__Series_2,/Users/shunhao/Desktop/ML/lab/data_all/x_time_h/10.1002_smll.201904746/Fig3_C_stability_performance_curve/accepted/10.1002_smll.201904746__Fig3__C__stability_performance_curve__TiO₂_Pero_Spiro_Au__Series_2.csv,x_time_h/10.1002_smll.201904746/Fig3_C_stability_performance_curve/accepted/10.1002_smll.201904746__Fig3__C__stability_performance_curve__TiO₂_Pero_Spiro_Au__Series_2.csv,10.1002/smll.201904746,Fig3_C_stability_performance_curve,Series_2,34,34,31,0,219.9525704686885,206.62211165240436,True,0.9974432303747592,1.0,0.602904415256452,814,1,0,1,node_0_1,2.0402632878987013,1.0,0.9709759907146712,0.8455239085305258,0.7158885282339477,0.6204573938546256,0.602904415256452,0.0,4,initial_drop_rapid_loss,class_04,/Users/shunhao/Desktop/ML/lab/NEW/som_200h_reanalysis/02_selected_curve_database/paper_aligned_min4/x_time_h/10.1002_smll.201904746/Fig3_C_stability_performance_curve/accepted/10.1002_smll.201904746__Fig3__C__stability_performance_curve__TiO₂_Pero_Spiro_Au__Series_2.csv
x_time_h/10.1002_solr.201800222/Fig7_D_stability_performance_curve_pce/accepted/10.1002_solr.201800222__Fig7__D__stability_performance_curve_pce__PCBM__Series_2.csv,10.1002/solr.201800222|Fig7_D_stability_performance_curve_pce|10.1002_solr.201800222__Fig7__D__stability_performance_curve_pce__PCBM__Series_2,/Users/shunhao/Desktop/ML/lab/data_all/x_time_h/10.1002_solr.201800222/Fig7_D_stability_performance_curve_pce/accepted/10.1002_solr.201800222__Fig7__D__stability_performance_curve_pce__PCBM__Series_2.csv,x_time_h/10.1002_solr.201800222/Fig7_D_stability_performance_curve_pce/accepted/10.1002_solr.201800222__Fig7__D__stability_performance_curve_pce__PCBM__Series_2.csv,10.1002/solr.201800222,Fig7_D_stability_performance_curve_pce,Series_2,21,21,19,0,214.04884486930828,203.34640262584284,True,1.0068886816128229,1.0,0.1744606817860552,832,1,0,1,node_0_1,3.92339408114507,1.0,0.9861758072333974,0.9229729483862672,0.8082200670692925,0.5253818897329754,0.1744606817860552,0.0,4,initial_drop_rapid_loss,class_04,/Users/shunhao/Desktop/ML/lab/NEW/som_200h_reanalysis/02_selected_curve_database/paper_aligned_min4/x_time_h/10.1002_solr.201800222/Fig7_D_stability_performance_curve_pce/accepted/10.1002_solr.201800222__Fig7__D__stability_performance_curve_pce__PCBM__Series_2.csv
x_time_h/10.1002_solr.201900345/Fig5_A_pce/accepted/10.1002_solr.201900345__Fig5__A__pce__PEV__Series_2.csv,10.1002/solr.201900345|Fig5_A_pce|10.1002_solr.201900345__Fig5__A__pce__PEV__Series_2,/Users/shunhao/Desktop/ML/lab/data_all/x_time_h/10.1002_solr.201900345/Fig5_A_pce/accepted/10.1002_solr.201900345__Fig5__A__pce__PEV__Series_2.csv,x_time_h/10.1002_solr.201900345/Fig5_A_pce/accepted/10.1002_solr.201900345__Fig5__A__pce__PEV__Series_2.csv,10.1002/solr.201900345,Fig5_A_pce,Series_2,52,52,29,0,362.92982850954536,206.37186327013364,True,0.9922355102747206,0.9994201834435354,0.4924717624590927,849,1,0,1,node_0_1,1.575163803712339,0.9994201834435354,0.9983257221189498,0.896329939952549,0.6482124860905353,0.5624763944222579,0.4924717624590927,3.5,4,initial_drop_rapid_loss,class_04,/Users/shunhao/Desktop/ML/lab/NEW/som_200h_reanalysis/02_selected_curve_database/paper_aligned_min4/x_time_h/10.1002_solr.201900345/Fig5_A_pce/accepted/10.1002_solr.201900345__Fig5__A__pce__PEV__Series_2.csv
x_time_h/10.1002_solr.202000205/Fig4_F_stability_performance_curve_pce/accepted/10.1002_solr.202000205__Fig4__F__stability_performance_curve_pce__TiO₂__Series_2.csv,10.1002/solr.202000205|Fig4_F_stability_performance_curve_pce|10.1002_solr.202000205__Fig4__F__stability_performance_curve_pce__TiO₂__Series_2,/Users/shunhao/Desktop/ML/lab/data_all/x_time_h/10.1002_solr.202000205/Fig4_F_stability_performance_curve_pce/accepted/10.1002_solr.202000205__Fig4__F__stability_performance_curve_pce__TiO₂__Series_2.csv,x_time_h/10.1002_solr.202000205/Fig4_F_stability_performance_curve_pce/accepted/10.1002_solr.202000205__Fig4__F__stability_performance_curve_pce__TiO₂__Series_2.csv,10.1002/solr.202000205,Fig4_F_stability_performance_curve_pce,Series_2,61,61,41,0,294.7651735313192,201.42286857973477,True,0.9990656544648518,1.0,0.5123800709356312,855,1,0,1,node_0_1,2.518183146570652,1.0,0.9949955658124244,0.9293483366163332,0.7646754690393401,0.6335800672504409,0.5123800709356312,0.0,4,initial_drop_rapid_loss,class_04,/Users/shunhao/Desktop/ML/lab/NEW/som_200h_reanalysis/02_selected_curve_database/paper_aligned_min4/x_time_h/10.1002_solr.202000205/Fig4_F_stability_performance_curve_pce/accepted/10.1002_solr.202000205__Fig4__F__stability_performance_curve_pce__TiO₂__Series_2.csv
x_time_h/10.1002_solr.202100899/Fig5_B_stability_performance_curve_pce/accepted/10.1002_solr.202100899__Fig5__B__stability_performance_curve_pce__w_oBPB__Series_2.csv,10.1002/solr.202100899|Fig5_B_stability_performance_curve_pce|10.1002_solr.202100899__Fig5__B__stability_performance_curve_pce__w_oBPB__Series_2,/Users/shunhao/Desktop/ML/lab/data_all/x_time_h/10.1002_solr.202100899/Fig5_B_stability_performance_curve_pce/accepted/10.1002_solr.202100899__Fig5__B__stability_performance_curve_pce__w_oBPB__Series_2.csv,x_time_h/10.1002_solr.202100899/Fig5_B_stability_performance_curve_pce/accepted/10.1002_solr.202100899__Fig5__B__stability_performance_curve_pce__w_oBPB__Series_2.csv,10.1002/solr.202100899,Fig5_B_stability_performance_curve_pce,Series_2,65,65,64,0,200.7295183267557,200.7295183267557,True,1.000135916426136,1.0,0.4732613135199213,883,1,0,1,node_0_1,2.7286560569284743,1.0,0.926928699659494,0.7182629739941648,0.6063570853995542,0.5389837849614404,0.4732613135199213,0.0,4,initial_drop_rapid_loss,class_04,/Users/shunhao/Desktop/ML/lab/NEW/som_200h_reanalysis/02_selected_curve_database/paper_aligned_min4/x_time_h/10.1002_solr.202100899/Fig5_B_stability_performance_curve_pce/accepted/10.1002_solr.202100899__Fig5__B__stability_performance_curve_pce__w_oBPB__Series_2.csv
x_time_h/10.1016_j.cej.2016.12.050/Fig11_whole_stability/accepted/10.1016_j.cej.2016.12.050__Fig11__whole__stability__Au__Series_2.csv,10.1016/j.cej.2016.12.050|Fig11_whole_stability|10.1016_j.cej.2016.12.050__Fig11__whole__stability__Au__Series_2,/Users/shunhao/Desktop/ML/lab/data_all/x_time_h/10.1016_j.cej.2016.12.050/Fig11_whole_stability/accepted/10.1016_j.cej.2016.12.050__Fig11__whole__stability__Au__Series_2.csv,x_time_h/10.1016_j.cej.2016.12.050/Fig11_whole_stability/accepted/10.1016_j.cej.2016.12.050__Fig11__whole__stability__Au__Series_2.csv,10.1016/j.cej.2016.12.050,Fig11_whole_stability,Series_2,72,72,21,0,714.7781508236085,205.6211118807641,True,7.250545367494743,1.0,0.497275297257731,931,1,0,1,node_0_1,1.1921701834119658,1.0,0.975694889674374,0.851882603945943,0.7449001595750023,0.5828371750159912,0.497275297257731,0.0,4,initial_drop_rapid_loss,class_04,/Users/shunhao/Desktop/ML/lab/NEW/som_200h_reanalysis/02_selected_curve_database/paper_aligned_min4/x_time_h/10.1016_j.cej.2016.12.050/Fig11_whole_stability/accepted/10.1016_j.cej.2016.12.050__Fig11__whole__stability__Au__Series_2.csv
x_time_h/10.1016_j.dyepig.2019.01.002/Fig4_A_stability_performance_curve_pce/accepted/10.1016_j.dyepig.2019.01.002__Fig4__A__stability_performance_curve_pce__Spiro-OMeTAD__Series_2.csv,10.1016/j.dyepig.2019.01.002|Fig4_A_stability_performance_curve_pce|10.1016_j.dyepig.2019.01.002__Fig4__A__stability_performance_curve_pce__Spiro-OMeTAD__Series_2,/Users/shunhao/Desktop/ML/lab/data_all/x_time_h/10.1016_j.dyepig.2019.01.002/Fig4_A_stability_performance_curve_pce/accepted/10.1016_j.dyepig.2019.01.002__Fig4__A__stability_performance_curve_pce__Spiro-OMeTAD__Series_2.csv,x_time_h/10.1016_j.dyepig.2019.01.002/Fig4_A_stability_performance_curve_pce/accepted/10.1016_j.dyepig.2019.01.002__Fig4__A__stability_performance_curve_pce__Spiro-OMeTAD__Series_2.csv,10.1016/j.dyepig.2019.01.002,Fig4_A_stability_performance_curve_pce,Series_2,113,113,45,0,504.3391941357678,202.636283358121,True,1.0008652503972657,1.0,0.6122024758272477,966,1,0,1,node_0_1,2.5386222497275215,1.0,0.9605385292740266,0.7918802276515026,0.6967296075704441,0.6512061919963062,0.6122024758272477,0.0,4,initial_drop_rapid_loss,class_04,/Users/shunhao/Desktop/ML/lab/NEW/som_200h_reanalysis/02_selected_curve_database/paper_aligned_min4/x_time_h/10.1016_j.dyepig.2019.01.002/Fig4_A_stability_performance_curve_pce/accepted/10.1016_j.dyepig.2019.01.002__Fig4__A__stability_performance_curve_pce__Spiro-OMeTAD__Series_2.csv
x_time_h/10.1016_j.jallcom.2020.157784/Fig7_H_stability_performance_curve_pce/accepted/10.1016_j.jallcom.2020.157784__Fig7__H__stability_performance_curve_pce__Without__Series_2.csv,10.1016/j.jallcom.2020.157784|Fig7_H_stability_performance_curve_pce|10.1016_j.jallcom.2020.157784__Fig7__H__stability_performance_curve_pce__Without__Series_2,/Users/shunhao/Desktop/ML/lab/data_all/x_time_h/10.1016_j.jallcom.2020.157784/Fig7_H_stability_performance_curve_pce/accepted/10.1016_j.jallcom.2020.157784__Fig7__H__stability_performance_curve_pce__Without__Series_2.csv,x_time_h/10.1016_j.jallcom.2020.157784/Fig7_H_stability_performance_curve_pce/accepted/10.1016_j.jallcom.2020.157784__Fig7__H__stability_performance_curve_pce__Without__Series_2.csv,10.1016/j.jallcom.2020.157784,Fig7_H_stability_performance_curve_pce,Series_2,11,11,10,0,216.1427008584494,216.1427008584494,True,1.012450005384396,0.9942176690067616,0.4022614708570362,978,1,0,1,node_0_1,2.618268574861813,0.9942176690067616,0.9994553827359282,0.806627467128565,0.6060652720773588,0.4821946935240139,0.4022614708570362,7.833333333333333,4,initial_drop_rapid_loss,class_04,/Users/shunhao/Desktop/ML/lab/NEW/som_200h_reanalysis/02_selected_curve_database/paper_aligned_min4/x_time_h/10.1016_j.jallcom.2020.157784/Fig7_H_stability_performance_curve_pce/accepted/10.1016_j.jallcom.2020.157784__Fig7__H__stability_performance_curve_pce__Without__Series_2.csv
x_time_h/10.1016_j.jechem.2019.09.014/Fig7_D_pce/accepted/10.1016_j.jechem.2019.09.014__Fig7__D__pce__Pristine__Series_1.csv,10.1016/j.jechem.2019.09.014|Fig7_D_pce|10.1016_j.jechem.2019.09.014__Fig7__D__pce__Pristine__Series_1,/Users/shunhao/Desktop/ML/lab/data_all/x_time_h/10.1016_j.jechem.2019.09.014/Fig7_D_pce/accepted/10.1016_j.jechem.2019.09.014__Fig7__D__pce__Pristine__Series_1.csv,x_time_h/10.1016_j.jechem.2019.09.014/Fig7_D_pce/accepted/10.1016_j.jechem.2019.09.014__Fig7__D__pce__Pristine__Series_1.csv,10.1016/j.jechem.2019.09.014,Fig7_D_pce,Series_1,82,82,47,0,346.15470015084,200.85519638382073,True,0.9911926652451306,1.0,0.5189778688928219,989,1,0,1,node_0_1,1.779364356725068,1.0,0.9701703894749614,0.8051912057535312,0.6227808144255649,0.5336631379062465,0.5189778688928219,0.0,4,initial_drop_rapid_loss,class_04,/Users/shunhao/Desktop/ML/lab/NEW/som_200h_reanalysis/02_selected_curve_database/paper_aligned_min4/x_time_h/10.1016_j.jechem.2019.09.014/Fig7_D_pce/accepted/10.1016_j.jechem.2019.09.014__Fig7__D__pce__Pristine__Series_1.csv
x_time_h/10.1016_j.joule.2017.11.006/Fig3_A_pce/accepted/10.1016_j.joule.2017.11.006__Fig3__A__pce__PCBM__Series_2.csv,10.1016/j.joule.2017.11.006|Fig3_A_pce|10.1016_j.joule.2017.11.006__Fig3__A__pce__PCBM__Series_2,/Users/shunhao/Desktop/ML/lab/data_all/x_time_h/10.1016_j.joule.2017.11.006/Fig3_A_pce/accepted/10.1016_j.joule.2017.11.006__Fig3__A__pce__PCBM__Series_2.csv,x_time_h/10.1016_j.joule.2017.11.006/Fig3_A_pce/accepted/10.1016_j.joule.2017.11.006__Fig3__A__pce__PCBM__Series_2.csv,10.1016/j.joule.2017.11.006,Fig3_A_pce,Series_2,36,36,8,0,886.602724525965,202.65205132022055,True,16.919177277222648,1.0,0.4688186607999645,1018,1,0,1,node_0_1,1.1774300139791545,1.0,0.9894178111080528,0.8868684172190331,0.7216375124323159,0.5788487482814286,0.4688186607999645,0.0,4,initial_drop_rapid_loss,class_04,/Users/shunhao/Desktop/ML/lab/NEW/som_200h_reanalysis/02_selected_curve_database/paper_aligned_min4/x_time_h/10.1016_j.joule.2017.11.006/Fig3_A_pce/accepted/10.1016_j.joule.2017.11.006__Fig3__A__pce__PCBM__Series_2.csv
x_time_h/10.1016_j.jpowsour.2019.04.039/Fig8_B_stability_performance_curve_pce_pattern/accepted/10.1016_j.jpowsour.2019.04.039__Fig8__B__stability_performance_curve_pce_pattern__pristine__Series_2.csv,10.1016/j.jpowsour.2019.04.039|Fig8_B_stability_performance_curve_pce_pattern|10.1016_j.jpowsour.2019.04.039__Fig8__B__stability_performance_curve_pce_pattern__pristine__Series_2,/Users/shunhao/Desktop/ML/lab/data_all/x_time_h/10.1016_j.jpowsour.2019.04.039/Fig8_B_stability_performance_curve_pce_pattern/accepted/10.1016_j.jpowsour.2019.04.039__Fig8__B__stability_performance_curve_pce_pattern__pristine__Series_2.csv,x_time_h/10.1016_j.jpowsour.2019.04.039/Fig8_B_stability_performance_curve_pce_pattern/accepted/10.1016_j.jpowsour.2019.04.039__Fig8__B__stability_performance_curve_pce_pattern__pristine__Series_2.csv,10.1016/j.jpowsour.2019.04.039,Fig8_B_stability_performance_curve_pce_pattern,Series_2,62,62,31,0,399.07901735611006,202.81064816458053,True,0.9788583647676404,0.8294231682674726,0.5848661786467412,1030,1,0,1,node_0_1,2.541507311641171,0.8294231682674726,0.8750097646925575,0.9555446036734,0.6638371141239995,0.5891298597949055,0.5848661786467412,40.666666666666664,4,initial_drop_rapid_loss,class_04,/Users/shunhao/Desktop/ML/lab/NEW/som_200h_reanalysis/02_selected_curve_database/paper_aligned_min4/x_time_h/10.1016_j.jpowsour.2019.04.039/Fig8_B_stability_performance_curve_pce_pattern/accepted/10.1016_j.jpowsour.2019.04.039__Fig8__B__stability_performance_curve_pce_pattern__pristine__Series_2.csv
x_time_h/10.1016_j.mtchem.2021.100557/Fig6_B_stability_performance_curve_pce/accepted/10.1016_j.mtchem.2021.100557__Fig6__B__stability_performance_curve_pce__CsPbI₂Br__Series_1.csv,10.1016/j.mtchem.2021.100557|Fig6_B_stability_performance_curve_pce|10.1016_j.mtchem.2021.100557__Fig6__B__stability_performance_curve_pce__CsPbI₂Br__Series_1,/Users/shunhao/Desktop/ML/lab/data_all/x_time_h/10.1016_j.mtchem.2021.100557/Fig6_B_stability_performance_curve_pce/accepted/10.1016_j.mtchem.2021.100557__Fig6__B__stability_performance_curve_pce__CsPbI₂Br__Series_1.csv,x_time_h/10.1016_j.mtchem.2021.100557/Fig6_B_stability_performance_curve_pce/accepted/10.1016_j.mtchem.2021.100557__Fig6__B__stability_performance_curve_pce__CsPbI₂Br__Series_1.csv,10.1016/j.mtchem.2021.100557,Fig6_B_stability_performance_curve_pce,Series_1,107,107,90,0,236.5353880377544,200.83193323960273,True,1.0010401993513622,1.0,0.1896878395994593,1047,1,0,1,node_0_1,3.3502971625451603,1.0,0.9742950128681024,0.8452849327601002,0.6258254442566921,0.4744558489056958,0.1896878395994593,0.0,4,initial_drop_rapid_loss,class_04,/Users/shunhao/Desktop/ML/lab/NEW/som_200h_reanalysis/02_selected_curve_database/paper_aligned_min4/x_time_h/10.1016_j.mtchem.2021.100557/Fig6_B_stability_performance_curve_pce/accepted/10.1016_j.mtchem.2021.100557__Fig6__B__stability_performance_curve_pce__CsPbI₂Br__Series_1.csv
x_time_h/10.1016_j.nanoen.2017.08.008/Fig5_A_pce/accepted/10.1016_j.nanoen.2017.08.008__Fig5__A__pce__PCBM__Series_2.csv,10.1016/j.nanoen.2017.08.008|Fig5_A_pce|10.1016_j.nanoen.2017.08.008__Fig5__A__pce__PCBM__Series_2,/Users/shunhao/Desktop/ML/lab/data_all/x_time_h/10.1016_j.nanoen.2017.08.008/Fig5_A_pce/accepted/10.1016_j.nanoen.2017.08.008__Fig5__A__pce__PCBM__Series_2.csv,x_time_h/10.1016_j.nanoen.2017.08.008/Fig5_A_pce/accepted/10.1016_j.nanoen.2017.08.008__Fig5__A__pce__PCBM__Series_2.csv,10.1016/j.nanoen.2017.08.008,Fig5_A_pce,Series_2,59,59,39,0,299.56500171926723,201.4316390870935,True,0.9934724466506868,1.0,0.542289534065461,1058,1,0,1,node_0_1,2.660570880704461,1.0,0.8937800777756134,0.7072478654553188,0.6497689827442634,0.5783633428526932,0.542289534065461,0.0,4,initial_drop_rapid_loss,class_04,/Users/shunhao/Desktop/ML/lab/NEW/som_200h_reanalysis/02_selected_curve_database/paper_aligned_min4/x_time_h/10.1016_j.nanoen.2017.08.008/Fig5_A_pce/accepted/10.1016_j.nanoen.2017.08.008__Fig5__A__pce__PCBM__Series_2.csv
x_time_h/10.1016_j.nanoen.2018.03.046/Fig4_G_sem_image_stability_performance_curve_pce/accepted/10.1016_j.nanoen.2018.03.046__Fig4__G__sem_image_stability_performance_curve_pce__Control__Series_1.csv,10.1016/j.nanoen.2018.03.046|Fig4_G_sem_image_stability_performance_curve_pce|10.1016_j.nanoen.2018.03.046__Fig4__G__sem_image_stability_performance_curve_pce__Control__Series_1,/Users/shunhao/Desktop/ML/lab/data_all/x_time_h/10.1016_j.nanoen.2018.03.046/Fig4_G_sem_image_stability_performance_curve_pce/accepted/10.1016_j.nanoen.2018.03.046__Fig4__G__sem_image_stability_performance_curve_pce__Control__Series_1.csv,x_time_h/10.1016_j.nanoen.2018.03.046/Fig4_G_sem_image_stability_performance_curve_pce/accepted/10.1016_j.nanoen.2018.03.046__Fig4__G__sem_image_stability_performance_curve_pce__Control__Series_1.csv,10.1016/j.nanoen.2018.03.046,Fig4_G_sem_image_stability_performance_curve_pce,Series_1,43,43,27,0,312.9610935432154,201.1892744206384,True,1.0036856393659923,1.0,0.4258209290063952,1059,1,0,1,node_0_1,2.6997158893202124,1.0,0.9826703247487802,0.9043004212342388,0.8031446767598843,0.6542556413561943,0.4258209290063952,0.0,4,initial_drop_rapid_loss,class_04,/Users/shunhao/Desktop/ML/lab/NEW/som_200h_reanalysis/02_selected_curve_database/paper_aligned_min4/x_time_h/10.1016_j.nanoen.2018.03.046/Fig4_G_sem_image_stability_performance_curve_pce/accepted/10.1016_j.nanoen.2018.03.046__Fig4__G__sem_image_stability_performance_curve_pce__Control__Series_1.csv
x_time_h/10.1016_j.nanoen.2018.11.021/Fig4_F_stability_performance_curve/accepted/10.1016_j.nanoen.2018.11.021__Fig4__F__stability_performance_curve__Before__Series_1.csv,10.1016/j.nanoen.2018.11.021|Fig4_F_stability_performance_curve|10.1016_j.nanoen.2018.11.021__Fig4__F__stability_performance_curve__Before__Series_1,/Users/shunhao/Desktop/ML/lab/data_all/x_time_h/10.1016_j.nanoen.2018.11.021/Fig4_F_stability_performance_curve/accepted/10.1016_j.nanoen.2018.11.021__Fig4__F__stability_performance_curve__Before__Series_1.csv,x_time_h/10.1016_j.nanoen.2018.11.021/Fig4_F_stability_performance_curve/accepted/10.1016_j.nanoen.2018.11.021__Fig4__F__stability_performance_curve__Before__Series_1.csv,10.1016/j.nanoen.2018.11.021,Fig4_F_stability_performance_curve,Series_1,41,41,35,0,230.82624427285097,201.97296373874457,True,1.0149313582363635,0.993899551150337,0.4136332240022933,1061,1,0,1,node_0_1,3.6222506369057976,0.993899551150337,0.9998570389720148,0.955884172142236,0.8273659938384426,0.4894438704573657,0.4136332240022933,9.0,4,initial_drop_rapid_loss,class_04,/Users/shunhao/Desktop/ML/lab/NEW/som_200h_reanalysis/02_selected_curve_database/paper_aligned_min4/x_time_h/10.1016_j.nanoen.2018.11.021/Fig4_F_stability_performance_curve/accepted/10.1016_j.nanoen.2018.11.021__Fig4__F__stability_performance_curve__Before__Series_1.csv
x_time_h/10.1016_j.nanoen.2020.105019/Fig2_C_stability_performance_curve/accepted/10.1016_j.nanoen.2020.105019__Fig2__C__stability_performance_curve__TiO2_Pero_Spiro_Au__Series_2.csv,10.1016/j.nanoen.2020.105019|Fig2_C_stability_performance_curve|10.1016_j.nanoen.2020.105019__Fig2__C__stability_performance_curve__TiO2_Pero_Spiro_Au__Series_2,/Users/shunhao/Desktop/ML/lab/data_all/x_time_h/10.1016_j.nanoen.2020.105019/Fig2_C_stability_performance_curve/accepted/10.1016_j.nanoen.2020.105019__Fig2__C__stability_performance_curve__TiO2_Pero_Spiro_Au__Series_2.csv,x_time_h/10.1016_j.nanoen.2020.105019/Fig2_C_stability_performance_curve/accepted/10.1016_j.nanoen.2020.105019__Fig2__C__stability_performance_curve__TiO2_Pero_Spiro_Au__Series_2.csv,10.1016/j.nanoen.2020.105019,Fig2_C_stability_performance_curve,Series_2,38,38,34,0,219.06973378960492,201.30732294179916,True,0.9985194765710372,1.0,0.6046317811395109,1091,1,0,1,node_0_1,2.054756725787996,1.0,0.9699425327076764,0.84403305831332,0.7167660277972556,0.6222299707857561,0.6046317811395109,0.0,4,initial_drop_rapid_loss,class_04,/Users/shunhao/Desktop/ML/lab/NEW/som_200h_reanalysis/02_selected_curve_database/paper_aligned_min4/x_time_h/10.1016_j.nanoen.2020.105019/Fig2_C_stability_performance_curve/accepted/10.1016_j.nanoen.2020.105019__Fig2__C__stability_performance_curve__TiO2_Pero_Spiro_Au__Series_2.csv
x_time_h/10.1016_j.nantod.2021.101164/Fig6_D_stability_performance_curve_pce/accepted/10.1016_j.nantod.2021.101164__Fig6__D__stability_performance_curve_pce__w_o__Series_2.csv,10.1016/j.nantod.2021.101164|Fig6_D_stability_performance_curve_pce|10.1016_j.nantod.2021.101164__Fig6__D__stability_performance_curve_pce__w_o__Series_2,/Users/shunhao/Desktop/ML/lab/data_all/x_time_h/10.1016_j.nantod.2021.101164/Fig6_D_stability_performance_curve_pce/accepted/10.1016_j.nantod.2021.101164__Fig6__D__stability_performance_curve_pce__w_o__Series_2.csv,x_time_h/10.1016_j.nantod.2021.101164/Fig6_D_stability_performance_curve_pce/accepted/10.1016_j.nantod.2021.101164__Fig6__D__stability_performance_curve_pce__w_o__Series_2.csv,10.1016/j.nantod.2021.101164,Fig6_D_stability_performance_curve_pce,Series_2,98,98,30,0,658.5792785152322,203.68431294285537,True,0.9856709259650132,1.0,0.5858068014537985,1109,1,0,1,node_0_1,3.696879471138262,1.0,0.8623316620130766,0.6781288624603425,0.6645410611427112,0.6416510474255196,0.5858068014537985,0.0,4,initial_drop_rapid_loss,class_04,/Users/shunhao/Desktop/ML/lab/NEW/som_200h_reanalysis/02_selected_curve_database/paper_aligned_min4/x_time_h/10.1016_j.nantod.2021.101164/Fig6_D_stability_performance_curve_pce/accepted/10.1016_j.nantod.2021.101164__Fig6__D__stability_performance_curve_pce__w_o__Series_2.csv
x_time_h/10.1016_j.optmat.2020.110377/Fig4_whole_pce/accepted/10.1016_j.optmat.2020.110377__Fig4__whole__pce__P3HT_PEDOT_PS__Series_2.csv,10.1016/j.optmat.2020.110377|Fig4_whole_pce|10.1016_j.optmat.2020.110377__Fig4__whole__pce__P3HT_PEDOT_PS__Series_2,/Users/shunhao/Desktop/ML/lab/data_all/x_time_h/10.1016_j.optmat.2020.110377/Fig4_whole_pce/accepted/10.1016_j.optmat.2020.110377__Fig4__whole__pce__P3HT_PEDOT_PS__Series_2.csv,x_time_h/10.1016_j.optmat.2020.110377/Fig4_whole_pce/accepted/10.1016_j.optmat.2020.110377__Fig4__whole__pce__P3HT_PEDOT_PS__Series_2.csv,10.1016/j.optmat.2020.110377,Fig4_whole_pce,Series_2,131,131,57,0,472.9359599939338,201.17425163921067,True,0.99969787886693,1.0,0.3241779629880692,1110,1,0,1,node_0_1,2.246431634189768,1.0,0.978138062639977,0.8550498925223722,0.6542507292608977,0.4785509447516062,0.3241779629880692,0.0,4,initial_drop_rapid_loss,class_04,/Users/shunhao/Desktop/ML/lab/NEW/som_200h_reanalysis/02_selected_curve_database/paper_aligned_min4/x_time_h/10.1016_j.optmat.2020.110377/Fig4_whole_pce/accepted/10.1016_j.optmat.2020.110377__Fig4__whole__pce__P3HT_PEDOT_PS__Series_2.csv
x_time_h/10.1016_j.optmat.2020.110377/Fig4_whole_pce/accepted/10.1016_j.optmat.2020.110377__Fig4__whole__pce__P3HT__Series_3.csv,10.1016/j.optmat.2020.110377|Fig4_whole_pce|10.1016_j.optmat.2020.110377__Fig4__whole__pce__P3HT__Series_3,/Users/shunhao/Desktop/ML/lab/data_all/x_time_h/10.1016_j.optmat.2020.110377/Fig4_whole_pce/accepted/10.1016_j.optmat.2020.110377__Fig4__whole__pce__P3HT__Series_3.csv,x_time_h/10.1016_j.optmat.2020.110377/Fig4_whole_pce/accepted/10.1016_j.optmat.2020.110377__Fig4__whole__pce__P3HT__Series_3.csv,10.1016/j.optmat.2020.110377,Fig4_whole_pce,Series_3,135,135,56,0,476.46533282970944,201.17425163921064,True,0.9941881919731312,1.0,0.3806749198847167,1111,1,0,1,node_0_1,1.9389517838245665,1.0,0.976302922599943,0.7828690582490488,0.6080378799975268,0.5159810151833791,0.3806749198847167,0.0,4,initial_drop_rapid_loss,class_04,/Users/shunhao/Desktop/ML/lab/NEW/som_200h_reanalysis/02_selected_curve_database/paper_aligned_min4/x_time_h/10.1016_j.optmat.2020.110377/Fig4_whole_pce/accepted/10.1016_j.optmat.2020.110377__Fig4__whole__pce__P3HT__Series_3.csv
x_time_h/10.1016_j.optmat.2020.110794/Fig7_A_stability_performance_curve/accepted/10.1016_j.optmat.2020.110794__Fig7__A__stability_performance_curve__RT__Series_1.csv,10.1016/j.optmat.2020.110794|Fig7_A_stability_performance_curve|10.1016_j.optmat.2020.110794__Fig7__A__stability_performance_curve__RT__Series_1,/Users/shunhao/Desktop/ML/lab/data_all/x_time_h/10.1016_j.optmat.2020.110794/Fig7_A_stability_performance_curve/accepted/10.1016_j.optmat.2020.110794__Fig7__A__stability_performance_curve__RT__Series_1.csv,x_time_h/10.1016_j.optmat.2020.110794/Fig7_A_stability_performance_curve/accepted/10.1016_j.optmat.2020.110794__Fig7__A__stability_performance_curve__RT__Series_1.csv,10.1016/j.optmat.2020.110794,Fig7_A_stability_performance_curve,Series_1,59,59,30,0,388.9389738944532,201.17533132471715,True,0.9910724632913382,0.9432491021575308,0.3817993204581533,1114,1,0,1,node_0_1,1.3325561588655177,0.9432491021575308,0.9833694989786091,0.8382676129843134,0.74052766623021,0.5931376459462852,0.3817993204581533,15.0,4,initial_drop_rapid_loss,class_04,/Users/shunhao/Desktop/ML/lab/NEW/som_200h_reanalysis/02_selected_curve_database/paper_aligned_min4/x_time_h/10.1016_j.optmat.2020.110794/Fig7_A_stability_performance_curve/accepted/10.1016_j.optmat.2020.110794__Fig7__A__stability_performance_curve__RT__Series_1.csv
x_time_h/10.1016_j.orgel.2016.05.004/Fig5_B_stability_performance_curve_pce/accepted/10.1016_j.orgel.2016.05.004__Fig5__B__stability_performance_curve_pce__spiro-OMeTAD__Series_1.csv,10.1016/j.orgel.2016.05.004|Fig5_B_stability_performance_curve_pce|10.1016_j.orgel.2016.05.004__Fig5__B__stability_performance_curve_pce__spiro-OMeTAD__Series_1,/Users/shunhao/Desktop/ML/lab/data_all/x_time_h/10.1016_j.orgel.2016.05.004/Fig5_B_stability_performance_curve_pce/accepted/10.1016_j.orgel.2016.05.004__Fig5__B__stability_performance_curve_pce__spiro-OMeTAD__Series_1.csv,x_time_h/10.1016_j.orgel.2016.05.004/Fig5_B_stability_performance_curve_pce/accepted/10.1016_j.orgel.2016.05.004__Fig5__B__stability_performance_curve_pce__spiro-OMeTAD__Series_1.csv,10.1016/j.orgel.2016.05.004,Fig5_B_stability_performance_curve_pce,Series_1,54,54,50,0,215.5645272320348,203.3627615396555,True,0.9948255731705646,1.0,0.4804171480357602,1115,1,0,1,node_0_1,2.2502904734615927,1.0,0.9949259301713366,0.9364619477829575,0.7795463108622955,0.5590836197167337,0.4804171480357602,0.0,4,initial_drop_rapid_loss,class_04,/Users/shunhao/Desktop/ML/lab/NEW/som_200h_reanalysis/02_selected_curve_database/paper_aligned_min4/x_time_h/10.1016_j.orgel.2016.05.004/Fig5_B_stability_performance_curve_pce/accepted/10.1016_j.orgel.2016.05.004__Fig5__B__stability_performance_curve_pce__spiro-OMeTAD__Series_1.csv
x_time_h/10.1016_j.orgel.2018.09.045/Fig6_B_mppt_stability_performance_curve_pce/accepted/10.1016_j.orgel.2018.09.045__Fig6__B__mppt_stability_performance_curve_pce__Spiro-OMeTAD__Series_2.csv,10.1016/j.orgel.2018.09.045|Fig6_B_mppt_stability_performance_curve_pce|10.1016_j.orgel.2018.09.045__Fig6__B__mppt_stability_performance_curve_pce__Spiro-OMeTAD__Series_2,/Users/shunhao/Desktop/ML/lab/data_all/x_time_h/10.1016_j.orgel.2018.09.045/Fig6_B_mppt_stability_performance_curve_pce/accepted/10.1016_j.orgel.2018.09.045__Fig6__B__mppt_stability_performance_curve_pce__Spiro-OMeTAD__Series_2.csv,x_time_h/10.1016_j.orgel.2018.09.045/Fig6_B_mppt_stability_performance_curve_pce/accepted/10.1016_j.orgel.2018.09.045__Fig6__B__mppt_stability_performance_curve_pce__Spiro-OMeTAD__Series_2.csv,10.1016/j.orgel.2018.09.045,Fig6_B_mppt_stability_performance_curve_pce,Series_2,59,59,24,0,492.37685882606576,203.7421484797513,True,0.9149237469564078,1.0,0.4610823413340417,1117,1,0,1,node_0_1,4.3477642990686185,1.0,0.804634011129532,0.6427866376908743,0.5899317800228647,0.5262690252787965,0.4610823413340417,0.0,4,initial_drop_rapid_loss,class_04,/Users/shunhao/Desktop/ML/lab/NEW/som_200h_reanalysis/02_selected_curve_database/paper_aligned_min4/x_time_h/10.1016_j.orgel.2018.09.045/Fig6_B_mppt_stability_performance_curve_pce/accepted/10.1016_j.orgel.2018.09.045__Fig6__B__mppt_stability_performance_curve_pce__Spiro-OMeTAD__Series_2.csv
x_time_h/10.1016_j.solener.2020.02.025/Fig6_B_mppt_stability_performance_curve/accepted/10.1016_j.solener.2020.02.025__Fig6__B__mppt_stability_performance_curve__CsF_SnO₂_CsFAMA__Series_2.csv,10.1016/j.solener.2020.02.025|Fig6_B_mppt_stability_performance_curve|10.1016_j.solener.2020.02.025__Fig6__B__mppt_stability_performance_curve__CsF_SnO₂_CsFAMA__Series_2,/Users/shunhao/Desktop/ML/lab/data_all/x_time_h/10.1016_j.solener.2020.02.025/Fig6_B_mppt_stability_performance_curve/accepted/10.1016_j.solener.2020.02.025__Fig6__B__mppt_stability_performance_curve__CsF_SnO₂_CsFAMA__Series_2.csv,x_time_h/10.1016_j.solener.2020.02.025/Fig6_B_mppt_stability_performance_curve/accepted/10.1016_j.solener.2020.02.025__Fig6__B__mppt_stability_performance_curve__CsF_SnO₂_CsFAMA__Series_2.csv,10.1016/j.solener.2020.02.025,Fig6_B_mppt_stability_performance_curve,Series_2,78,78,21,0,761.1880451969857,204.9352429376501,True,0.9654994451404222,1.0,0.6085583043836985,1142,1,0,1,node_0_1,2.4558366302707073,1.0,0.9542684043628282,0.8276761002218874,0.6859832391508376,0.6567778037992588,0.6085583043836985,0.0,4,initial_drop_rapid_loss,class_04,/Users/shunhao/Desktop/ML/lab/NEW/som_200h_reanalysis/02_selected_curve_database/paper_aligned_min4/x_time_h/10.1016_j.solener.2020.02.025/Fig6_B_mppt_stability_performance_curve/accepted/10.1016_j.solener.2020.02.025__Fig6__B__mppt_stability_performance_curve__CsF_SnO₂_CsFAMA__Series_2.csv
x_time_h/10.1016_j.solener.2020.07.050/Fig4_A_stability_performance_curve_pce/accepted/10.1016_j.solener.2020.07.050__Fig4__A__stability_performance_curve_pce__PCBM_Ag__Series_2.csv,10.1016/j.solener.2020.07.050|Fig4_A_stability_performance_curve_pce|10.1016_j.solener.2020.07.050__Fig4__A__stability_performance_curve_pce__PCBM_Ag__Series_2,/Users/shunhao/Desktop/ML/lab/data_all/x_time_h/10.1016_j.solener.2020.07.050/Fig4_A_stability_performance_curve_pce/accepted/10.1016_j.solener.2020.07.050__Fig4__A__stability_performance_curve_pce__PCBM_Ag__Series_2.csv,x_time_h/10.1016_j.solener.2020.07.050/Fig4_A_stability_performance_curve_pce/accepted/10.1016_j.solener.2020.07.050__Fig4__A__stability_performance_curve_pce__PCBM_Ag__Series_2.csv,10.1016/j.solener.2020.07.050,Fig4_A_stability_performance_curve_pce,Series_2,114,114,24,0,948.2642374965832,201.4012539815752,True,0.9874708108695291,1.0,0.5032246044577791,1147,1,0,1,node_0_1,1.1881413407451045,1.0,0.9718628797336614,0.8251209282755859,0.6471779172589815,0.5524201145372042,0.5032246044577791,0.0,4,initial_drop_rapid_loss,class_04,/Users/shunhao/Desktop/ML/lab/NEW/som_200h_reanalysis/02_selected_curve_database/paper_aligned_min4/x_time_h/10.1016_j.solener.2020.07.050/Fig4_A_stability_performance_curve_pce/accepted/10.1016_j.solener.2020.07.050__Fig4__A__stability_performance_curve_pce__PCBM_Ag__Series_2.csv
x_time_h/10.1016_j.solmat.2019.110130/Fig8_A_stability_performance_curve_pce/accepted/10.1016_j.solmat.2019.110130__Fig8__A__stability_performance_curve_pce__PS0__Series_1.csv,10.1016/j.solmat.2019.110130|Fig8_A_stability_performance_curve_pce|10.1016_j.solmat.2019.110130__Fig8__A__stability_performance_curve_pce__PS0__Series_1,/Users/shunhao/Desktop/ML/lab/data_all/x_time_h/10.1016_j.solmat.2019.110130/Fig8_A_stability_performance_curve_pce/accepted/10.1016_j.solmat.2019.110130__Fig8__A__stability_performance_curve_pce__PS0__Series_1.csv,x_time_h/10.1016_j.solmat.2019.110130/Fig8_A_stability_performance_curve_pce/accepted/10.1016_j.solmat.2019.110130__Fig8__A__stability_performance_curve_pce__PS0__Series_1.csv,10.1016/j.solmat.2019.110130,Fig8_A_stability_performance_curve_pce,Series_1,58,58,49,0,234.11736193333343,201.25878481988315,True,0.9701129624193394,1.0,0.609060137631608,1154,1,0,1,node_0_1,2.574839679058437,1.0,0.978817635508106,0.8791240821099559,0.7443766082861156,0.6472634519387279,0.609060137631608,0.0,4,initial_drop_rapid_loss,class_04,/Users/shunhao/Desktop/ML/lab/NEW/som_200h_reanalysis/02_selected_curve_database/paper_aligned_min4/x_time_h/10.1016_j.solmat.2019.110130/Fig8_A_stability_performance_curve_pce/accepted/10.1016_j.solmat.2019.110130__Fig8__A__stability_performance_curve_pce__PS0__Series_1.csv
x_time_h/10.1016_j.synthmet.2020.116547/Fig3_B_stability_performance_curve/accepted/10.1016_j.synthmet.2020.116547__Fig3__B__stability_performance_curve__ZnO__Series_3.csv,10.1016/j.synthmet.2020.116547|Fig3_B_stability_performance_curve|10.1016_j.synthmet.2020.116547__Fig3__B__stability_performance_curve__ZnO__Series_3,/Users/shunhao/Desktop/ML/lab/data_all/x_time_h/10.1016_j.synthmet.2020.116547/Fig3_B_stability_performance_curve/accepted/10.1016_j.synthmet.2020.116547__Fig3__B__stability_performance_curve__ZnO__Series_3.csv,x_time_h/10.1016_j.synthmet.2020.116547/Fig3_B_stability_performance_curve/accepted/10.1016_j.synthmet.2020.116547__Fig3__B__stability_performance_curve__ZnO__Series_3.csv,10.1016/j.synthmet.2020.116547,Fig3_B_stability_performance_curve,Series_3,57,57,6,0,2140.6148349562104,229.35158945959392,True,7.19075494708658,1.0,0.526814634283693,1168,1,0,1,node_0_1,1.1828550148380463,1.0,0.9750301637808164,0.8644211074404402,0.7233585126239022,0.5918905822957888,0.526814634283693,0.0,4,initial_drop_rapid_loss,class_04,/Users/shunhao/Desktop/ML/lab/NEW/som_200h_reanalysis/02_selected_curve_database/paper_aligned_min4/x_time_h/10.1016_j.synthmet.2020.116547/Fig3_B_stability_performance_curve/accepted/10.1016_j.synthmet.2020.116547__Fig3__B__stability_performance_curve__ZnO__Series_3.csv
x_time_h/10.1021_acs.jpcc.0c02289/Fig5_E_pce/accepted/10.1021_acs.jpcc.0c02289__Fig5__E__pce__CPA__Series_2.csv,10.1021/acs.jpcc.0c02289|Fig5_E_pce|10.1021_acs.jpcc.0c02289__Fig5__E__pce__CPA__Series_2,/Users/shunhao/Desktop/ML/lab/data_all/x_time_h/10.1021_acs.jpcc.0c02289/Fig5_E_pce/accepted/10.1021_acs.jpcc.0c02289__Fig5__E__pce__CPA__Series_2.csv,x_time_h/10.1021_acs.jpcc.0c02289/Fig5_E_pce/accepted/10.1021_acs.jpcc.0c02289__Fig5__E__pce__CPA__Series_2.csv,10.1021/acs.jpcc.0c02289,Fig5_E_pce,Series_2,23,23,16,0,290.5296280405502,211.29427493858196,True,0.9868616957157802,1.0,0.2573445346290872,1188,1,0,1,node_0_1,3.4426162574912103,1.0,0.96388502237003,0.8012256031002346,0.6332702193513416,0.431758472125864,0.2573445346290872,0.0,4,initial_drop_rapid_loss,class_04,/Users/shunhao/Desktop/ML/lab/NEW/som_200h_reanalysis/02_selected_curve_database/paper_aligned_min4/x_time_h/10.1021_acs.jpcc.0c02289/Fig5_E_pce/accepted/10.1021_acs.jpcc.0c02289__Fig5__E__pce__CPA__Series_2.csv
x_time_h/10.1021_acs.jpcc.1c04343/Fig5_A_stability_performance_curve_pce/accepted/10.1021_acs.jpcc.1c04343__Fig5__A__stability_performance_curve_pce__Control__Series_1.csv,10.1021/acs.jpcc.1c04343|Fig5_A_stability_performance_curve_pce|10.1021_acs.jpcc.1c04343__Fig5__A__stability_performance_curve_pce__Control__Series_1,/Users/shunhao/Desktop/ML/lab/data_all/x_time_h/10.1021_acs.jpcc.1c04343/Fig5_A_stability_performance_curve_pce/accepted/10.1021_acs.jpcc.1c04343__Fig5__A__stability_performance_curve_pce__Control__Series_1.csv,x_time_h/10.1021_acs.jpcc.1c04343/Fig5_A_stability_performance_curve_pce/accepted/10.1021_acs.jpcc.1c04343__Fig5__A__stability_performance_curve_pce__Control__Series_1.csv,10.1021/acs.jpcc.1c04343,Fig5_A_stability_performance_curve_pce,Series_1,47,47,33,0,287.09919455969236,205.96246566238804,True,0.9983692380331216,1.0,0.3803300479013862,1194,1,0,1,node_0_1,1.2441649640174308,1.0,0.9706357135030104,0.8536463714650803,0.6843099736860252,0.5152597474750005,0.3803300479013862,0.0,4,initial_drop_rapid_loss,class_04,/Users/shunhao/Desktop/ML/lab/NEW/som_200h_reanalysis/02_selected_curve_database/paper_aligned_min4/x_time_h/10.1021_acs.jpcc.1c04343/Fig5_A_stability_performance_curve_pce/accepted/10.1021_acs.jpcc.1c04343__Fig5__A__stability_performance_curve_pce__Control__Series_1.csv
x_time_h/10.1021_acs.nanolett.8b04190/Fig5_A_stability_performance_curve_pce/accepted/10.1021_acs.nanolett.8b04190__Fig5__A__stability_performance_curve_pce__metal_electrode_(Ag)__Series_1.csv,10.1021/acs.nanolett.8b04190|Fig5_A_stability_performance_curve_pce|10.1021_acs.nanolett.8b04190__Fig5__A__stability_performance_curve_pce__metal_electrode_(Ag)__Series_1,/Users/shunhao/Desktop/ML/lab/data_all/x_time_h/10.1021_acs.nanolett.8b04190/Fig5_A_stability_performance_curve_pce/accepted/10.1021_acs.nanolett.8b04190__Fig5__A__stability_performance_curve_pce__metal_electrode_(Ag)__Series_1.csv,x_time_h/10.1021_acs.nanolett.8b04190/Fig5_A_stability_performance_curve_pce/accepted/10.1021_acs.nanolett.8b04190__Fig5__A__stability_performance_curve_pce__metal_electrode_(Ag)__Series_1.csv,10.1021/acs.nanolett.8b04190,Fig5_A_stability_performance_curve_pce,Series_1,63,63,51,0,246.20303743213628,202.52185337159597,True,1.00099388198393,1.0,0.6787809220986373,1206,1,0,1,node_0_1,3.6631560140977424,1.0,0.9863133833245116,0.7609652886973719,0.6653789719174212,0.6841481858355903,0.6787809220986373,0.0,4,initial_drop_rapid_loss,class_04,/Users/shunhao/Desktop/ML/lab/NEW/som_200h_reanalysis/02_selected_curve_database/paper_aligned_min4/x_time_h/10.1021_acs.nanolett.8b04190/Fig5_A_stability_performance_curve_pce/accepted/10.1021_acs.nanolett.8b04190__Fig5__A__stability_performance_curve_pce__metal_electrode_(Ag)__Series_1.csv
x_time_h/10.1021_acsaem.9b00603/Fig5_A_stability_performance_curve_pce_2/accepted/10.1021_acsaem.9b00603__Fig5__A__stability_performance_curve_pce_2__Spiro-OMeTAD__Series_2.csv,10.1021/acsaem.9b00603|Fig5_A_stability_performance_curve_pce_2|10.1021_acsaem.9b00603__Fig5__A__stability_performance_curve_pce_2__Spiro-OMeTAD__Series_2,/Users/shunhao/Desktop/ML/lab/data_all/x_time_h/10.1021_acsaem.9b00603/Fig5_A_stability_performance_curve_pce_2/accepted/10.1021_acsaem.9b00603__Fig5__A__stability_performance_curve_pce_2__Spiro-OMeTAD__Series_2.csv,x_time_h/10.1021_acsaem.9b00603/Fig5_A_stability_performance_curve_pce_2/accepted/10.1021_acsaem.9b00603__Fig5__A__stability_performance_curve_pce_2__Spiro-OMeTAD__Series_2.csv,10.1021/acsaem.9b00603,Fig5_A_stability_performance_curve_pce_2,Series_2,42,42,9,0,991.4961389647472,217.64549391909088,True,98.82785763120523,1.0,0.3924285306367254,1233,1,0,1,node_0_1,3.4219043780774303,1.0,0.976242610666573,0.8042538977997692,0.540280414569058,0.4543509562046109,0.3924285306367254,0.0,4,initial_drop_rapid_loss,class_04,/Users/shunhao/Desktop/ML/lab/NEW/som_200h_reanalysis/02_selected_curve_database/paper_aligned_min4/x_time_h/10.1021_acsaem.9b00603/Fig5_A_stability_performance_curve_pce_2/accepted/10.1021_acsaem.9b00603__Fig5__A__stability_performance_curve_pce_2__Spiro-OMeTAD__Series_2.csv
x_time_h/10.1021_acsami.0c04938/Fig6_D_pce/accepted/10.1021_acsami.0c04938__Fig6__D__pce__Pristine_CsPbIBr₂__Series_1.csv,10.1021/acsami.0c04938|Fig6_D_pce|10.1021_acsami.0c04938__Fig6__D__pce__Pristine_CsPbIBr₂__Series_1,/Users/shunhao/Desktop/ML/lab/data_all/x_time_h/10.1021_acsami.0c04938/Fig6_D_pce/accepted/10.1021_acsami.0c04938__Fig6__D__pce__Pristine_CsPbIBr₂__Series_1.csv,x_time_h/10.1021_acsami.0c04938/Fig6_D_pce/accepted/10.1021_acsami.0c04938__Fig6__D__pce__Pristine_CsPbIBr₂__Series_1.csv,10.1021/acsami.0c04938,Fig6_D_pce,Series_1,63,63,13,0,985.0274105212808,206.53800543188143,True,0.821422808128966,1.0,0.7510159234726896,1244,1,0,1,node_0_1,6.719933336478075,1.0,0.7749021968413227,0.5906260561610513,0.6440413099758118,0.7125880308265394,0.7510159234726896,0.0,4,initial_drop_rapid_loss,class_04,/Users/shunhao/Desktop/ML/lab/NEW/som_200h_reanalysis/02_selected_curve_database/paper_aligned_min4/x_time_h/10.1021_acsami.0c04938/Fig6_D_pce/accepted/10.1021_acsami.0c04938__Fig6__D__pce__Pristine_CsPbIBr₂__Series_1.csv
x_time_h/10.1021_acsami.0c06823/Fig4_B_stability_performance_curve_pce/accepted/10.1021_acsami.0c06823__Fig4__B__stability_performance_curve_pce__Control__Series_2.csv,10.1021/acsami.0c06823|Fig4_B_stability_performance_curve_pce|10.1021_acsami.0c06823__Fig4__B__stability_performance_curve_pce__Control__Series_2,/Users/shunhao/Desktop/ML/lab/data_all/x_time_h/10.1021_acsami.0c06823/Fig4_B_stability_performance_curve_pce/accepted/10.1021_acsami.0c06823__Fig4__B__stability_performance_curve_pce__Control__Series_2.csv,x_time_h/10.1021_acsami.0c06823/Fig4_B_stability_performance_curve_pce/accepted/10.1021_acsami.0c06823__Fig4__B__stability_performance_curve_pce__Control__Series_2.csv,10.1021/acsami.0c06823,Fig4_B_stability_performance_curve_pce,Series_2,40,40,14,0,570.7489076638207,204.8842232639357,True,0.975552144572732,1.0,0.3654955951828643,1253,1,0,1,node_0_1,1.6299760363038038,1.0,0.9707743483714242,0.8304604790433346,0.6568401468018317,0.5004059634352664,0.3654955951828643,0.0,4,initial_drop_rapid_loss,class_04,/Users/shunhao/Desktop/ML/lab/NEW/som_200h_reanalysis/02_selected_curve_database/paper_aligned_min4/x_time_h/10.1021_acsami.0c06823/Fig4_B_stability_performance_curve_pce/accepted/10.1021_acsami.0c06823__Fig4__B__stability_performance_curve_pce__Control__Series_2.csv
x_time_h/10.1021_acsami.6b03724/Fig5_D_chart/accepted/10.1021_acsami.6b03724__Fig5__D__chart__wlo__Series_2.csv,10.1021/acsami.6b03724|Fig5_D_chart|10.1021_acsami.6b03724__Fig5__D__chart__wlo__Series_2,/Users/shunhao/Desktop/ML/lab/data_all/x_time_h/10.1021_acsami.6b03724/Fig5_D_chart/accepted/10.1021_acsami.6b03724__Fig5__D__chart__wlo__Series_2.csv,x_time_h/10.1021_acsami.6b03724/Fig5_D_chart/accepted/10.1021_acsami.6b03724__Fig5__D__chart__wlo__Series_2.csv,10.1021/acsami.6b03724,Fig5_D_chart,Series_2,62,62,19,0,652.0301364539539,203.09135397746104,True,0.9492101488864684,1.0,0.5108834538688474,1293,1,0,1,node_0_1,1.0015408639718248,1.0,0.9582074663791392,0.8048428400002877,0.6681237095090207,0.5742349213674534,0.5108834538688474,0.0,4,initial_drop_rapid_loss,class_04,/Users/shunhao/Desktop/ML/lab/NEW/som_200h_reanalysis/02_selected_curve_database/paper_aligned_min4/x_time_h/10.1021_acsami.6b03724/Fig5_D_chart/accepted/10.1021_acsami.6b03724__Fig5__D__chart__wlo__Series_2.csv
x_time_h/10.1021_acsami.6b11393/Fig5_C_stability_performance_curve_pce/accepted/10.1021_acsami.6b11393__Fig5__C__stability_performance_curve_pce__MAPbI₃__Series_2.csv,10.1021/acsami.6b11393|Fig5_C_stability_performance_curve_pce|10.1021_acsami.6b11393__Fig5__C__stability_performance_curve_pce__MAPbI₃__Series_2,/Users/shunhao/Desktop/ML/lab/data_all/x_time_h/10.1021_acsami.6b11393/Fig5_C_stability_performance_curve_pce/accepted/10.1021_acsami.6b11393__Fig5__C__stability_performance_curve_pce__MAPbI₃__Series_2.csv,x_time_h/10.1021_acsami.6b11393/Fig5_C_stability_performance_curve_pce/accepted/10.1021_acsami.6b11393__Fig5__C__stability_performance_curve_pce__MAPbI₃__Series_2.csv,10.1021/acsami.6b11393,Fig5_C_stability_performance_curve_pce,Series_2,40,40,33,0,237.28615635453264,201.6932329013527,True,0.9767021027852366,1.0,0.4957787983357221,1295,1,0,1,node_0_1,2.201734595539244,1.0,0.8431937720682422,0.7458192029804867,0.6710949309803639,0.5803937869184049,0.4957787983357221,0.0,4,initial_drop_rapid_loss,class_04,/Users/shunhao/Desktop/ML/lab/NEW/som_200h_reanalysis/02_selected_curve_database/paper_aligned_min4/x_time_h/10.1021_acsami.6b11393/Fig5_C_stability_performance_curve_pce/accepted/10.1021_acsami.6b11393__Fig5__C__stability_performance_curve_pce__MAPbI₃__Series_2.csv
x_time_h/10.1021_acsami.7b01282/Fig8_whole_sem_stability/accepted/10.1021_acsami.7b01282__Fig8__whole__sem_stability__Spin-coated_ETL__Series_1.csv,10.1021/acsami.7b01282|Fig8_whole_sem_stability|10.1021_acsami.7b01282__Fig8__whole__sem_stability__Spin-coated_ETL__Series_1,/Users/shunhao/Desktop/ML/lab/data_all/x_time_h/10.1021_acsami.7b01282/Fig8_whole_sem_stability/accepted/10.1021_acsami.7b01282__Fig8__whole__sem_stability__Spin-coated_ETL__Series_1.csv,x_time_h/10.1021_acsami.7b01282/Fig8_whole_sem_stability/accepted/10.1021_acsami.7b01282__Fig8__whole__sem_stability__Spin-coated_ETL__Series_1.csv,10.1021/acsami.7b01282,Fig8_whole_sem_stability,Series_1,131,131,88,0,298.4812152702205,202.04882264445695,True,99.42560670257706,1.0,0.4418787281644816,1296,1,0,1,node_0_1,3.962038576053219,1.0,0.9479976558593672,0.7104800123980034,0.515658654272569,0.4909779297942448,0.4418787281644816,0.0,4,initial_drop_rapid_loss,class_04,/Users/shunhao/Desktop/ML/lab/NEW/som_200h_reanalysis/02_selected_curve_database/paper_aligned_min4/x_time_h/10.1021_acsami.7b01282/Fig8_whole_sem_stability/accepted/10.1021_acsami.7b01282__Fig8__whole__sem_stability__Spin-coated_ETL__Series_1.csv
x_time_h/10.1021_acsami.8b02256/Fig8_whole_stability_performance_curve_pce/accepted/10.1021_acsami.8b02256__Fig8__whole__stability_performance_curve_pce__w_o__Series_1.csv,10.1021/acsami.8b02256|Fig8_whole_stability_performance_curve_pce|10.1021_acsami.8b02256__Fig8__whole__stability_performance_curve_pce__w_o__Series_1,/Users/shunhao/Desktop/ML/lab/data_all/x_time_h/10.1021_acsami.8b02256/Fig8_whole_stability_performance_curve_pce/accepted/10.1021_acsami.8b02256__Fig8__whole__stability_performance_curve_pce__w_o__Series_1.csv,x_time_h/10.1021_acsami.8b02256/Fig8_whole_stability_performance_curve_pce/accepted/10.1021_acsami.8b02256__Fig8__whole__stability_performance_curve_pce__w_o__Series_1.csv,10.1021/acsami.8b02256,Fig8_whole_stability_performance_curve_pce,Series_1,62,62,37,0,330.61820225811107,200.5389095663953,True,1.0039232311789053,1.0,0.4698196692215561,1302,1,0,1,node_0_1,1.97927458064421,1.0,0.9915870666002644,0.9421501199485316,0.7063843582763636,0.572135691491062,0.4698196692215561,0.0,4,initial_drop_rapid_loss,class_04,/Users/shunhao/Desktop/ML/lab/NEW/som_200h_reanalysis/02_selected_curve_database/paper_aligned_min4/x_time_h/10.1021_acsami.8b02256/Fig8_whole_stability_performance_curve_pce/accepted/10.1021_acsami.8b02256__Fig8__whole__stability_performance_curve_pce__w_o__Series_1.csv
x_time_h/10.1021_acsami.8b07346/Fig5_A_schematic_diagram_stability_performance_curve_pce/accepted/10.1021_acsami.8b07346__Fig5__A__schematic_diagram_stability_performance_curve_pce__control_devices__Series_3.csv,10.1021/acsami.8b07346|Fig5_A_schematic_diagram_stability_performance_curve_pce|10.1021_acsami.8b07346__Fig5__A__schematic_diagram_stability_performance_curve_pce__control_devices__Series_3,/Users/shunhao/Desktop/ML/lab/data_all/x_time_h/10.1021_acsami.8b07346/Fig5_A_schematic_diagram_stability_performance_curve_pce/accepted/10.1021_acsami.8b07346__Fig5__A__schematic_diagram_stability_performance_curve_pce__control_devices__Series_3.csv,x_time_h/10.1021_acsami.8b07346/Fig5_A_schematic_diagram_stability_performance_curve_pce/accepted/10.1021_acsami.8b07346__Fig5__A__schematic_diagram_stability_performance_curve_pce__control_devices__Series_3.csv,10.1021/acsami.8b07346,Fig5_A_schematic_diagram_stability_performance_curve_pce,Series_3,28,28,12,0,467.62756842274825,207.83447485455477,True,0.944827894198366,1.0,0.3383329482921843,1306,1,0,1,node_0_1,3.396163249132995,1.0,0.9467968603010728,0.7530628230421148,0.58517112180653,0.4488425793979713,0.3383329482921843,0.0,4,initial_drop_rapid_loss,class_04,/Users/shunhao/Desktop/ML/lab/NEW/som_200h_reanalysis/02_selected_curve_database/paper_aligned_min4/x_time_h/10.1021_acsami.8b07346/Fig5_A_schematic_diagram_stability_performance_curve_pce/accepted/10.1021_acsami.8b07346__Fig5__A__schematic_diagram_stability_performance_curve_pce__control_devices__Series_3.csv
x_time_h/10.1021_acsami.8b19036/Fig6_B_stability_performance_curve_pce/accepted/10.1021_acsami.8b19036__Fig6__B__stability_performance_curve_pce__PCBM__Series_3.csv,10.1021/acsami.8b19036|Fig6_B_stability_performance_curve_pce|10.1021_acsami.8b19036__Fig6__B__stability_performance_curve_pce__PCBM__Series_3,/Users/shunhao/Desktop/ML/lab/data_all/x_time_h/10.1021_acsami.8b19036/Fig6_B_stability_performance_curve_pce/accepted/10.1021_acsami.8b19036__Fig6__B__stability_performance_curve_pce__PCBM__Series_3.csv,x_time_h/10.1021_acsami.8b19036/Fig6_B_stability_performance_curve_pce/accepted/10.1021_acsami.8b19036__Fig6__B__stability_performance_curve_pce__PCBM__Series_3.csv,10.1021/acsami.8b19036,Fig6_B_stability_performance_curve_pce,Series_3,62,61,41,1,293.110996410775,200.29251421402955,True,93.22648348579068,1.0,0.5059889159409388,1315,1,0,1,node_0_1,2.532979905504406,1.0,0.86280489842536,0.7404869869640612,0.7397557318063324,0.6477403593918007,0.5059889159409388,0.0,4,initial_drop_rapid_loss,class_04,/Users/shunhao/Desktop/ML/lab/NEW/som_200h_reanalysis/02_selected_curve_database/paper_aligned_min4/x_time_h/10.1021_acsami.8b19036/Fig6_B_stability_performance_curve_pce/accepted/10.1021_acsami.8b19036__Fig6__B__stability_performance_curve_pce__PCBM__Series_3.csv
x_time_h/10.1021_acsami.8b19036/Fig6_B_stability_performance_curve_pce/accepted/10.1021_acsami.8b19036__Fig6__B__stability_performance_curve_pce__PN__Series_4.csv,10.1021/acsami.8b19036|Fig6_B_stability_performance_curve_pce|10.1021_acsami.8b19036__Fig6__B__stability_performance_curve_pce__PN__Series_4,/Users/shunhao/Desktop/ML/lab/data_all/x_time_h/10.1021_acsami.8b19036/Fig6_B_stability_performance_curve_pce/accepted/10.1021_acsami.8b19036__Fig6__B__stability_performance_curve_pce__PN__Series_4.csv,x_time_h/10.1021_acsami.8b19036/Fig6_B_stability_performance_curve_pce/accepted/10.1021_acsami.8b19036__Fig6__B__stability_performance_curve_pce__PN__Series_4.csv,10.1021/acsami.8b19036,Fig6_B_stability_performance_curve_pce,Series_4,63,62,41,1,297.9961796842879,200.2925142140296,True,98.77220754952609,1.0,0.618814351356283,1316,1,0,1,node_0_1,3.951217204104107,1.0,0.8141194611685922,0.723411493506826,0.6843802240284348,0.6826998516577157,0.618814351356283,0.0,4,initial_drop_rapid_loss,class_04,/Users/shunhao/Desktop/ML/lab/NEW/som_200h_reanalysis/02_selected_curve_database/paper_aligned_min4/x_time_h/10.1021_acsami.8b19036/Fig6_B_stability_performance_curve_pce/accepted/10.1021_acsami.8b19036__Fig6__B__stability_performance_curve_pce__PN__Series_4.csv
x_time_h/10.1021_acsami.9b14740/Fig4_C_stability_performance_curve_pce/accepted/10.1021_acsami.9b14740__Fig4__C__stability_performance_curve_pce__Spiro-OMeTAD__Series_1.csv,10.1021/acsami.9b14740|Fig4_C_stability_performance_curve_pce|10.1021_acsami.9b14740__Fig4__C__stability_performance_curve_pce__Spiro-OMeTAD__Series_1,/Users/shunhao/Desktop/ML/lab/data_all/x_time_h/10.1021_acsami.9b14740/Fig4_C_stability_performance_curve_pce/accepted/10.1021_acsami.9b14740__Fig4__C__stability_performance_curve_pce__Spiro-OMeTAD__Series_1.csv,x_time_h/10.1021_acsami.9b14740/Fig4_C_stability_performance_curve_pce/accepted/10.1021_acsami.9b14740__Fig4__C__stability_performance_curve_pce__Spiro-OMeTAD__Series_1.csv,10.1021/acsami.9b14740,Fig4_C_stability_performance_curve_pce,Series_1,93,93,85,0,216.9653645559467,200.45713029625512,True,1.005368942496932,1.0,0.1837056414971706,1325,1,0,1,node_0_1,3.920847833385426,1.0,0.9917400323692764,0.8634772654251197,0.674699555362692,0.429695796355922,0.1837056414971706,0.0,4,initial_drop_rapid_loss,class_04,/Users/shunhao/Desktop/ML/lab/NEW/som_200h_reanalysis/02_selected_curve_database/paper_aligned_min4/x_time_h/10.1021_acsami.9b14740/Fig4_C_stability_performance_curve_pce/accepted/10.1021_acsami.9b14740__Fig4__C__stability_performance_curve_pce__Spiro-OMeTAD__Series_1.csv
x_time_h/10.1021_acsami.9b14957/Fig5_A_stability_performance_curve_pce/accepted/10.1021_acsami.9b14957__Fig5__A__stability_performance_curve_pce__spiro-OMeTAD__Series_1.csv,10.1021/acsami.9b14957|Fig5_A_stability_performance_curve_pce|10.1021_acsami.9b14957__Fig5__A__stability_performance_curve_pce__spiro-OMeTAD__Series_1,/Users/shunhao/Desktop/ML/lab/data_all/x_time_h/10.1021_acsami.9b14957/Fig5_A_stability_performance_curve_pce/accepted/10.1021_acsami.9b14957__Fig5__A__stability_performance_curve_pce__spiro-OMeTAD__Series_1.csv,x_time_h/10.1021_acsami.9b14957/Fig5_A_stability_performance_curve_pce/accepted/10.1021_acsami.9b14957__Fig5__A__stability_performance_curve_pce__spiro-OMeTAD__Series_1.csv,10.1021/acsami.9b14957,Fig5_A_stability_performance_curve_pce,Series_1,74,74,50,0,293.83873411007175,201.25940692470667,True,1.0282466275531148,0.9774466290042398,0.3591606005050299,1326,1,0,1,node_0_1,2.133966584715916,0.9774466290042398,0.9906730696447704,0.7739797349068243,0.6878757800130271,0.4863701493677009,0.3591606005050299,20.333333333333332,4,initial_drop_rapid_loss,class_04,/Users/shunhao/Desktop/ML/lab/NEW/som_200h_reanalysis/02_selected_curve_database/paper_aligned_min4/x_time_h/10.1021_acsami.9b14957/Fig5_A_stability_performance_curve_pce/accepted/10.1021_acsami.9b14957__Fig5__A__stability_performance_curve_pce__spiro-OMeTAD__Series_1.csv
x_time_h/10.1021_acsami.9b16194/Fig5_B_jv_curve_stability_performance/accepted/10.1021_acsami.9b16194__Fig5__B__jv_curve_stability_performance__CsFAMA_CuSCN__Series_2.csv,10.1021/acsami.9b16194|Fig5_B_jv_curve_stability_performance|10.1021_acsami.9b16194__Fig5__B__jv_curve_stability_performance__CsFAMA_CuSCN__Series_2,/Users/shunhao/Desktop/ML/lab/data_all/x_time_h/10.1021_acsami.9b16194/Fig5_B_jv_curve_stability_performance/accepted/10.1021_acsami.9b16194__Fig5__B__jv_curve_stability_performance__CsFAMA_CuSCN__Series_2.csv,x_time_h/10.1021_acsami.9b16194/Fig5_B_jv_curve_stability_performance/accepted/10.1021_acsami.9b16194__Fig5__B__jv_curve_stability_performance__CsFAMA_CuSCN__Series_2.csv,10.1021/acsami.9b16194,Fig5_B_jv_curve_stability_performance,Series_2,26,26,15,0,334.3530155580031,200.61180933480188,True,0.9828908348297962,1.0,0.5683631985356842,1331,1,0,1,node_0_1,3.2910219900633626,1.0,0.9361789866528656,0.6557250316945127,0.6239425075272711,0.5982718987801456,0.5683631985356842,0.0,4,initial_drop_rapid_loss,class_04,/Users/shunhao/Desktop/ML/lab/NEW/som_200h_reanalysis/02_selected_curve_database/paper_aligned_min4/x_time_h/10.1021_acsami.9b16194/Fig5_B_jv_curve_stability_performance/accepted/10.1021_acsami.9b16194__Fig5__B__jv_curve_stability_performance__CsFAMA_CuSCN__Series_2.csv
x_time_h/10.1021_acsami.9b21348/Fig5_A_stability_performance_curve_pce/accepted/10.1021_acsami.9b21348__Fig5__A__stability_performance_curve_pce__Perovskite__Series_3.csv,10.1021/acsami.9b21348|Fig5_A_stability_performance_curve_pce|10.1021_acsami.9b21348__Fig5__A__stability_performance_curve_pce__Perovskite__Series_3,/Users/shunhao/Desktop/ML/lab/data_all/x_time_h/10.1021_acsami.9b21348/Fig5_A_stability_performance_curve_pce/accepted/10.1021_acsami.9b21348__Fig5__A__stability_performance_curve_pce__Perovskite__Series_3.csv,x_time_h/10.1021_acsami.9b21348/Fig5_A_stability_performance_curve_pce/accepted/10.1021_acsami.9b21348__Fig5__A__stability_performance_curve_pce__Perovskite__Series_3.csv,10.1021/acsami.9b21348,Fig5_A_stability_performance_curve_pce,Series_3,19,18,12,1,299.372329719322,216.21334924173257,True,1.003551565862079,1.0,0.2185662551589191,1337,1,0,1,node_0_1,3.6528773918857778,1.0,0.9949823025174916,0.9565412986766718,0.7801482274933695,0.5506203599527687,0.2185662551589191,0.0,4,initial_drop_rapid_loss,class_04,/Users/shunhao/Desktop/ML/lab/NEW/som_200h_reanalysis/02_selected_curve_database/paper_aligned_min4/x_time_h/10.1021_acsami.9b21348/Fig5_A_stability_performance_curve_pce/accepted/10.1021_acsami.9b21348__Fig5__A__stability_performance_curve_pce__Perovskite__Series_3.csv
x_time_h/10.1021_acsenergylett.0c00526/Fig2_F_sem_image_stability_performance_curve_pce/accepted/10.1021_acsenergylett.0c00526__Fig2__F__sem_image_stability_performance_curve_pce__w_o_GA__Series_1.csv,10.1021/acsenergylett.0c00526|Fig2_F_sem_image_stability_performance_curve_pce|10.1021_acsenergylett.0c00526__Fig2__F__sem_image_stability_performance_curve_pce__w_o_GA__Series_1,/Users/shunhao/Desktop/ML/lab/data_all/x_time_h/10.1021_acsenergylett.0c00526/Fig2_F_sem_image_stability_performance_curve_pce/accepted/10.1021_acsenergylett.0c00526__Fig2__F__sem_image_stability_performance_curve_pce__w_o_GA__Series_1.csv,x_time_h/10.1021_acsenergylett.0c00526/Fig2_F_sem_image_stability_performance_curve_pce/accepted/10.1021_acsenergylett.0c00526__Fig2__F__sem_image_stability_performance_curve_pce__w_o_GA__Series_1.csv,10.1021/acsenergylett.0c00526,Fig2_F_sem_image_stability_performance_curve_pce,Series_1,19,19,12,0,320.34870857213616,213.56580571475743,True,2.9039730745808594,1.0,0.4759486477407856,1342,1,0,1,node_0_1,1.3548611782797233,1.0,0.9052530074001942,0.7747197841197994,0.6907051696646377,0.5811388948279541,0.4759486477407856,0.0,4,initial_drop_rapid_loss,class_04,/Users/shunhao/Desktop/ML/lab/NEW/som_200h_reanalysis/02_selected_curve_database/paper_aligned_min4/x_time_h/10.1021_acsenergylett.0c00526/Fig2_F_sem_image_stability_performance_curve_pce/accepted/10.1021_acsenergylett.0c00526__Fig2__F__sem_image_stability_performance_curve_pce__w_o_GA__Series_1.csv
x_time_h/10.1021_acsenergylett.1c01817/Fig5_D_stability_performance_curve/accepted/10.1021_acsenergylett.1c01817__Fig5__D__stability_performance_curve__Ref__Series_2.csv,10.1021/acsenergylett.1c01817|Fig5_D_stability_performance_curve|10.1021_acsenergylett.1c01817__Fig5__D__stability_performance_curve__Ref__Series_2,/Users/shunhao/Desktop/ML/lab/data_all/x_time_h/10.1021_acsenergylett.1c01817/Fig5_D_stability_performance_curve/accepted/10.1021_acsenergylett.1c01817__Fig5__D__stability_performance_curve__Ref__Series_2.csv,x_time_h/10.1021_acsenergylett.1c01817/Fig5_D_stability_performance_curve/accepted/10.1021_acsenergylett.1c01817__Fig5__D__stability_performance_curve__Ref__Series_2.csv,10.1021/acsenergylett.1c01817,Fig5_D_stability_performance_curve,Series_2,44,44,15,0,582.3107911280256,203.13167132372985,True,96.53178681022123,1.0,0.2577712443250554,1366,1,0,1,node_0_1,3.550578000203051,1.0,0.9335468005178053,0.7844928724476505,0.6180633479607908,0.4368612091636211,0.2577712443250554,0.0,4,initial_drop_rapid_loss,class_04,/Users/shunhao/Desktop/ML/lab/NEW/som_200h_reanalysis/02_selected_curve_database/paper_aligned_min4/x_time_h/10.1021_acsenergylett.1c01817/Fig5_D_stability_performance_curve/accepted/10.1021_acsenergylett.1c01817__Fig5__D__stability_performance_curve__Ref__Series_2.csv
x_time_h/10.1038_s41467-023-43016-5/Fig4_F_mppt_stability_performance_curve_pce/accepted/10.1038_s41467-023-43016-5__Fig4__F__mppt_stability_performance_curve_pce__Control__Series_3.csv,10.1038/s41467-023-43016-5|Fig4_F_mppt_stability_performance_curve_pce|10.1038_s41467-023-43016-5__Fig4__F__mppt_stability_performance_curve_pce__Control__Series_3,/Users/shunhao/Desktop/ML/lab/data_all/x_time_h/10.1038_s41467-023-43016-5/Fig4_F_mppt_stability_performance_curve_pce/accepted/10.1038_s41467-023-43016-5__Fig4__F__mppt_stability_performance_curve_pce__Control__Series_3.csv,x_time_h/10.1038_s41467-023-43016-5/Fig4_F_mppt_stability_performance_curve_pce/accepted/10.1038_s41467-023-43016-5__Fig4__F__mppt_stability_performance_curve_pce__Control__Series_3.csv,10.1038/s41467-023-43016-5,Fig4_F_mppt_stability_performance_curve_pce,Series_3,76,76,31,0,498.0819864521098,205.8738877335387,True,16.672733044383147,1.0,0.5895656501452148,1435,1,0,1,node_0_1,4.001254818878645,1.0,0.8874356007074077,0.6468678365183202,0.6449919633967682,0.6182381063053911,0.5895656501452148,0.0,4,initial_drop_rapid_loss,class_04,/Users/shunhao/Desktop/ML/lab/NEW/som_200h_reanalysis/02_selected_curve_database/paper_aligned_min4/x_time_h/10.1038_s41467-023-43016-5/Fig4_F_mppt_stability_performance_curve_pce/accepted/10.1038_s41467-023-43016-5__Fig4__F__mppt_stability_performance_curve_pce__Control__Series_3.csv
x_time_h/10.1038_s41560-023-01358-w/Fig4_H_stability_performance_curve_pce/accepted/10.1038_s41560-023-01358-w__Fig4__H__stability_performance_curve_pce__o1Control__Series_1.csv,10.1038/s41560-023-01358-w|Fig4_H_stability_performance_curve_pce|10.1038_s41560-023-01358-w__Fig4__H__stability_performance_curve_pce__o1Control__Series_1,/Users/shunhao/Desktop/ML/lab/data_all/x_time_h/10.1038_s41560-023-01358-w/Fig4_H_stability_performance_curve_pce/accepted/10.1038_s41560-023-01358-w__Fig4__H__stability_performance_curve_pce__o1Control__Series_1.csv,x_time_h/10.1038_s41560-023-01358-w/Fig4_H_stability_performance_curve_pce/accepted/10.1038_s41560-023-01358-w__Fig4__H__stability_performance_curve_pce__o1Control__Series_1.csv,10.1038/s41560-023-01358-w,Fig4_H_stability_performance_curve_pce,Series_1,87,87,59,0,292.79952266116993,200.8740911280119,True,0.9906042487553888,1.0,0.5401518504786281,1467,1,0,1,node_0_1,1.628546897885077,1.0,0.9638808111380608,0.8838724461038772,0.7252121056689138,0.6086395916408747,0.5401518504786281,0.0,4,initial_drop_rapid_loss,class_04,/Users/shunhao/Desktop/ML/lab/NEW/som_200h_reanalysis/02_selected_curve_database/paper_aligned_min4/x_time_h/10.1038_s41560-023-01358-w/Fig4_H_stability_performance_curve_pce/accepted/10.1038_s41560-023-01358-w__Fig4__H__stability_performance_curve_pce__o1Control__Series_1.csv
x_time_h/10.1039_C9TA04166D/Fig6_whole_stability_performance_curve_pce/accepted/10.1039_C9TA04166D__Fig6__whole__stability_performance_curve_pce__Spiro__Series_2.csv,10.1039/C9TA04166D|Fig6_whole_stability_performance_curve_pce|10.1039_C9TA04166D__Fig6__whole__stability_performance_curve_pce__Spiro__Series_2,/Users/shunhao/Desktop/ML/lab/data_all/x_time_h/10.1039_C9TA04166D/Fig6_whole_stability_performance_curve_pce/accepted/10.1039_C9TA04166D__Fig6__whole__stability_performance_curve_pce__Spiro__Series_2.csv,x_time_h/10.1039_C9TA04166D/Fig6_whole_stability_performance_curve_pce/accepted/10.1039_C9TA04166D__Fig6__whole__stability_performance_curve_pce__Spiro__Series_2.csv,10.1039/C9TA04166D,Fig6_whole_stability_performance_curve_pce,Series_2,68,68,47,0,289.17227284265664,202.8521913970875,True,0.9994762137434448,1.0,0.4585065586150158,1481,1,0,1,node_0_1,0.8909845396875383,1.0,0.937305278621366,0.8029895689818134,0.7238891792221153,0.5882930984551401,0.4585065586150158,0.0,4,initial_drop_rapid_loss,class_04,/Users/shunhao/Desktop/ML/lab/NEW/som_200h_reanalysis/02_selected_curve_database/paper_aligned_min4/x_time_h/10.1039_C9TA04166D/Fig6_whole_stability_performance_curve_pce/accepted/10.1039_C9TA04166D__Fig6__whole__stability_performance_curve_pce__Spiro__Series_2.csv
x_time_h/10.1039_c6cc06290c/Fig4_B_stability_performance_curve/accepted/10.1039_c6cc06290c__Fig4__B__stability_performance_curve__Control__Series_1.csv,10.1039/c6cc06290c|Fig4_B_stability_performance_curve|10.1039_c6cc06290c__Fig4__B__stability_performance_curve__Control__Series_1,/Users/shunhao/Desktop/ML/lab/data_all/x_time_h/10.1039_c6cc06290c/Fig4_B_stability_performance_curve/accepted/10.1039_c6cc06290c__Fig4__B__stability_performance_curve__Control__Series_1.csv,x_time_h/10.1039_c6cc06290c/Fig4_B_stability_performance_curve/accepted/10.1039_c6cc06290c__Fig4__B__stability_performance_curve__Control__Series_1.csv,10.1039/c6cc06290c,Fig4_B_stability_performance_curve,Series_1,47,47,38,0,248.47401128204092,205.26113975472947,True,15.346289298378768,1.0,0.3847439993497507,1503,1,0,1,node_0_1,1.2127661449827831,1.0,0.9795603992556532,0.8541393660385591,0.7053303894273317,0.5212199050754108,0.3847439993497507,0.0,4,initial_drop_rapid_loss,class_04,/Users/shunhao/Desktop/ML/lab/NEW/som_200h_reanalysis/02_selected_curve_database/paper_aligned_min4/x_time_h/10.1039_c6cc06290c/Fig4_B_stability_performance_curve/accepted/10.1039_c6cc06290c__Fig4__B__stability_performance_curve__Control__Series_1.csv
x_time_h/10.1039_c6ra06635f/Fig2_C_modeling_mapping_stability_performance_curve_2/accepted/10.1039_c6ra06635f__Fig2__C__modeling_mapping_stability_performance_curve_2__Modeling_for_PEDOT_PSS__Series_1.csv,10.1039/c6ra06635f|Fig2_C_modeling_mapping_stability_performance_curve_2|10.1039_c6ra06635f__Fig2__C__modeling_mapping_stability_performance_curve_2__Modeling_for_PEDOT_PSS__Series_1,/Users/shunhao/Desktop/ML/lab/data_all/x_time_h/10.1039_c6ra06635f/Fig2_C_modeling_mapping_stability_performance_curve_2/accepted/10.1039_c6ra06635f__Fig2__C__modeling_mapping_stability_performance_curve_2__Modeling_for_PEDOT_PSS__Series_1.csv,x_time_h/10.1039_c6ra06635f/Fig2_C_modeling_mapping_stability_performance_curve_2/accepted/10.1039_c6ra06635f__Fig2__C__modeling_mapping_stability_performance_curve_2__Modeling_for_PEDOT_PSS__Series_1.csv,10.1039/c6ra06635f,Fig2_C_modeling_mapping_stability_performance_curve_2,Series_1,57,57,47,0,238.98915114688407,200.58018042684915,True,1.0209184835802083,1.0,0.3217072473765484,1506,1,0,1,node_0_1,3.068939684583126,1.0,0.93817354431297,0.9647136077868252,0.7605439616382553,0.4980763020590711,0.3217072473765484,0.0,4,initial_drop_rapid_loss,class_04,/Users/shunhao/Desktop/ML/lab/NEW/som_200h_reanalysis/02_selected_curve_database/paper_aligned_min4/x_time_h/10.1039_c6ra06635f/Fig2_C_modeling_mapping_stability_performance_curve_2/accepted/10.1039_c6ra06635f__Fig2__C__modeling_mapping_stability_performance_curve_2__Modeling_for_PEDOT_PSS__Series_1.csv
x_time_h/10.1039_c6ra09878a/Fig10_whole_figure/accepted/10.1039_c6ra09878a__Fig10__whole__figure__Spiro-OMeTAD__Series_2.csv,10.1039/c6ra09878a|Fig10_whole_figure|10.1039_c6ra09878a__Fig10__whole__figure__Spiro-OMeTAD__Series_2,/Users/shunhao/Desktop/ML/lab/data_all/x_time_h/10.1039_c6ra09878a/Fig10_whole_figure/accepted/10.1039_c6ra09878a__Fig10__whole__figure__Spiro-OMeTAD__Series_2.csv,x_time_h/10.1039_c6ra09878a/Fig10_whole_figure/accepted/10.1039_c6ra09878a__Fig10__whole__figure__Spiro-OMeTAD__Series_2.csv,10.1039/c6ra09878a,Fig10_whole_figure,Series_2,58,58,38,0,307.54271085760945,205.02847390507296,True,100.04522879157048,1.0,0.3705165861040684,1508,1,0,1,node_0_1,3.441978275258869,1.0,0.9603868953762588,0.7995596773527429,0.5967445551769343,0.3933845980474251,0.3705165861040684,0.0,4,initial_drop_rapid_loss,class_04,/Users/shunhao/Desktop/ML/lab/NEW/som_200h_reanalysis/02_selected_curve_database/paper_aligned_min4/x_time_h/10.1039_c6ra09878a/Fig10_whole_figure/accepted/10.1039_c6ra09878a__Fig10__whole__figure__Spiro-OMeTAD__Series_2.csv
x_time_h/10.1039_c8nr07638c/Fig4_D_stability_performance_curve_pce/accepted/10.1039_c8nr07638c__Fig4__D__stability_performance_curve_pce__PSCwithout_β-CD__Series_2.csv,10.1039/c8nr07638c|Fig4_D_stability_performance_curve_pce|10.1039_c8nr07638c__Fig4__D__stability_performance_curve_pce__PSCwithout_β-CD__Series_2,/Users/shunhao/Desktop/ML/lab/data_all/x_time_h/10.1039_c8nr07638c/Fig4_D_stability_performance_curve_pce/accepted/10.1039_c8nr07638c__Fig4__D__stability_performance_curve_pce__PSCwithout_β-CD__Series_2.csv,x_time_h/10.1039_c8nr07638c/Fig4_D_stability_performance_curve_pce/accepted/10.1039_c8nr07638c__Fig4__D__stability_performance_curve_pce__PSCwithout_β-CD__Series_2.csv,10.1039/c8nr07638c,Fig4_D_stability_performance_curve_pce,Series_2,32,31,24,1,257.73741028678785,206.1899282294303,True,17.27050904629221,1.0,0.1935967952271655,1529,1,0,1,node_0_1,3.862074953625387,1.0,0.9903913239725582,0.9589006461809404,0.7706621889228473,0.4891347503982132,0.1935967952271655,0.0,4,initial_drop_rapid_loss,class_04,/Users/shunhao/Desktop/ML/lab/NEW/som_200h_reanalysis/02_selected_curve_database/paper_aligned_min4/x_time_h/10.1039_c8nr07638c/Fig4_D_stability_performance_curve_pce/accepted/10.1039_c8nr07638c__Fig4__D__stability_performance_curve_pce__PSCwithout_β-CD__Series_2.csv
x_time_h/10.1039_c8nr08295b/Fig6_B_stability_performance_curve_pce/accepted/10.1039_c8nr08295b__Fig6__B__stability_performance_curve_pce__W_O_CQDs__Series_1.csv,10.1039/c8nr08295b|Fig6_B_stability_performance_curve_pce|10.1039_c8nr08295b__Fig6__B__stability_performance_curve_pce__W_O_CQDs__Series_1,/Users/shunhao/Desktop/ML/lab/data_all/x_time_h/10.1039_c8nr08295b/Fig6_B_stability_performance_curve_pce/accepted/10.1039_c8nr08295b__Fig6__B__stability_performance_curve_pce__W_O_CQDs__Series_1.csv,x_time_h/10.1039_c8nr08295b/Fig6_B_stability_performance_curve_pce/accepted/10.1039_c8nr08295b__Fig6__B__stability_performance_curve_pce__W_O_CQDs__Series_1.csv,10.1039/c8nr08295b,Fig6_B_stability_performance_curve_pce,Series_1,73,73,69,0,211.53972550325943,202.725570273957,True,1.0067165705375374,1.0,0.2812367859472862,1530,1,0,1,node_0_1,3.586583497736901,1.0,0.9885253957353431,0.9426269786767172,0.8297866477421965,0.6451320693186672,0.2812367859472862,0.0,4,initial_drop_rapid_loss,class_04,/Users/shunhao/Desktop/ML/lab/NEW/som_200h_reanalysis/02_selected_curve_database/paper_aligned_min4/x_time_h/10.1039_c8nr08295b/Fig6_B_stability_performance_curve_pce/accepted/10.1039_c8nr08295b__Fig6__B__stability_performance_curve_pce__W_O_CQDs__Series_1.csv
x_time_h/10.1039_c8ra02556h/Fig6_A_pce/accepted/10.1039_c8ra02556h__Fig6__A__pce__PEDOT_PSS__Series_3.csv,10.1039/c8ra02556h|Fig6_A_pce|10.1039_c8ra02556h__Fig6__A__pce__PEDOT_PSS__Series_3,/Users/shunhao/Desktop/ML/lab/data_all/x_time_h/10.1039_c8ra02556h/Fig6_A_pce/accepted/10.1039_c8ra02556h__Fig6__A__pce__PEDOT_PSS__Series_3.csv,x_time_h/10.1039_c8ra02556h/Fig6_A_pce/accepted/10.1039_c8ra02556h__Fig6__A__pce__PEDOT_PSS__Series_3.csv,10.1039/c8ra02556h,Fig6_A_pce,Series_3,34,34,32,0,207.379438728296,201.095213312287,True,1.038379977064957,0.9803592407901502,0.2250089400755725,1534,1,0,1,node_0_1,4.758407850238607,0.9803592407901502,0.9904785107838932,0.9169693101160854,0.727778151914312,0.3705137031764262,0.2250089400755725,17.5,4,initial_drop_rapid_loss,class_04,/Users/shunhao/Desktop/ML/lab/NEW/som_200h_reanalysis/02_selected_curve_database/paper_aligned_min4/x_time_h/10.1039_c8ra02556h/Fig6_A_pce/accepted/10.1039_c8ra02556h__Fig6__A__pce__PEDOT_PSS__Series_3.csv
x_time_h/10.1039_c8ta02121j/Fig6_B_stability_performance_curve_pce/accepted/10.1039_c8ta02121j__Fig6__B__stability_performance_curve_pce__Without_CH₃CONH₂__Series_2.csv,10.1039/c8ta02121j|Fig6_B_stability_performance_curve_pce|10.1039_c8ta02121j__Fig6__B__stability_performance_curve_pce__Without_CH₃CONH₂__Series_2,/Users/shunhao/Desktop/ML/lab/data_all/x_time_h/10.1039_c8ta02121j/Fig6_B_stability_performance_curve_pce/accepted/10.1039_c8ta02121j__Fig6__B__stability_performance_curve_pce__Without_CH₃CONH₂__Series_2.csv,x_time_h/10.1039_c8ta02121j/Fig6_B_stability_performance_curve_pce/accepted/10.1039_c8ta02121j__Fig6__B__stability_performance_curve_pce__Without_CH₃CONH₂__Series_2.csv,10.1039/c8ta02121j,Fig6_B_stability_performance_curve_pce,Series_2,60,60,18,0,668.6165549607722,203.9847116829474,True,0.9943380212625416,1.0,0.5450323321514118,1539,1,0,1,node_0_1,1.7415492070273455,1.0,0.9509228320497386,0.7957998872938542,0.6884012567275907,0.6277590503973847,0.5450323321514118,0.0,4,initial_drop_rapid_loss,class_04,/Users/shunhao/Desktop/ML/lab/NEW/som_200h_reanalysis/02_selected_curve_database/paper_aligned_min4/x_time_h/10.1039_c8ta02121j/Fig6_B_stability_performance_curve_pce/accepted/10.1039_c8ta02121j__Fig6__B__stability_performance_curve_pce__Without_CH₃CONH₂__Series_2.csv
x_time_h/10.1039_c8ta04936j/Fig6_A_stability_performance_curve_pce/accepted/10.1039_c8ta04936j__Fig6__A__stability_performance_curve_pce__MDx=0.10__Series_1.csv,10.1039/c8ta04936j|Fig6_A_stability_performance_curve_pce|10.1039_c8ta04936j__Fig6__A__stability_performance_curve_pce__MDx=0.10__Series_1,/Users/shunhao/Desktop/ML/lab/data_all/x_time_h/10.1039_c8ta04936j/Fig6_A_stability_performance_curve_pce/accepted/10.1039_c8ta04936j__Fig6__A__stability_performance_curve_pce__MDx=0.10__Series_1.csv,x_time_h/10.1039_c8ta04936j/Fig6_A_stability_performance_curve_pce/accepted/10.1039_c8ta04936j__Fig6__A__stability_performance_curve_pce__MDx=0.10__Series_1.csv,10.1039/c8ta04936j,Fig6_A_stability_performance_curve_pce,Series_1,88,88,74,0,237.17329530856557,201.7336075038374,True,0.9920836155956826,1.0,0.4643510446837295,1550,1,0,1,node_0_1,1.6450638471051997,1.0,0.9406344380243592,0.8332091419585297,0.7625289634370335,0.6428617504833907,0.4643510446837295,0.0,4,initial_drop_rapid_loss,class_04,/Users/shunhao/Desktop/ML/lab/NEW/som_200h_reanalysis/02_selected_curve_database/paper_aligned_min4/x_time_h/10.1039_c8ta04936j/Fig6_A_stability_performance_curve_pce/accepted/10.1039_c8ta04936j__Fig6__A__stability_performance_curve_pce__MDx=0.10__Series_1.csv
x_time_h/10.1039_c8ta11524a/Fig4_I_stability_performance_curve_pce/accepted/10.1039_c8ta11524a__Fig4__I__stability_performance_curve_pce__Control__Series_2.csv,10.1039/c8ta11524a|Fig4_I_stability_performance_curve_pce|10.1039_c8ta11524a__Fig4__I__stability_performance_curve_pce__Control__Series_2,/Users/shunhao/Desktop/ML/lab/data_all/x_time_h/10.1039_c8ta11524a/Fig4_I_stability_performance_curve_pce/accepted/10.1039_c8ta11524a__Fig4__I__stability_performance_curve_pce__Control__Series_2.csv,x_time_h/10.1039_c8ta11524a/Fig4_I_stability_performance_curve_pce/accepted/10.1039_c8ta11524a__Fig4__I__stability_performance_curve_pce__Control__Series_2.csv,10.1039/c8ta11524a,Fig4_I_stability_performance_curve_pce,Series_2,25,25,6,0,912.5389824150278,228.13474560375695,True,0.8964400215189918,1.0,0.4424572022019777,1554,1,0,1,node_0_1,1.5858976877369833,1.0,0.9888182795208617,0.897530260932929,0.7479531633911676,0.600764468345068,0.4424572022019777,0.0,4,initial_drop_rapid_loss,class_04,/Users/shunhao/Desktop/ML/lab/NEW/som_200h_reanalysis/02_selected_curve_database/paper_aligned_min4/x_time_h/10.1039_c8ta11524a/Fig4_I_stability_performance_curve_pce/accepted/10.1039_c8ta11524a__Fig4__I__stability_performance_curve_pce__Control__Series_2.csv
x_time_h/10.1039_c9ta09101g/Fig2_E_stability_performance_curve_jsc/accepted/10.1039_c9ta09101g__Fig2__E__stability_performance_curve_jsc__W_oTBAB__Series_1.csv,10.1039/c9ta09101g|Fig2_E_stability_performance_curve_jsc|10.1039_c9ta09101g__Fig2__E__stability_performance_curve_jsc__W_oTBAB__Series_1,/Users/shunhao/Desktop/ML/lab/data_all/x_time_h/10.1039_c9ta09101g/Fig2_E_stability_performance_curve_jsc/accepted/10.1039_c9ta09101g__Fig2__E__stability_performance_curve_jsc__W_oTBAB__Series_1.csv,x_time_h/10.1039_c9ta09101g/Fig2_E_stability_performance_curve_jsc/accepted/10.1039_c9ta09101g__Fig2__E__stability_performance_curve_jsc__W_oTBAB__Series_1.csv,10.1039/c9ta09101g,Fig2_E_stability_performance_curve_jsc,Series_1,62,62,26,0,482.8418377682675,205.80143904876977,True,1.013221539159189,1.0,0.4857912912157054,1573,1,0,1,node_0_1,1.1304906248195892,1.0,0.9696026134215392,0.820002115960444,0.6486125137368861,0.5492319270185395,0.4857912912157054,0.0,4,initial_drop_rapid_loss,class_04,/Users/shunhao/Desktop/ML/lab/NEW/som_200h_reanalysis/02_selected_curve_database/paper_aligned_min4/x_time_h/10.1039_c9ta09101g/Fig2_E_stability_performance_curve_jsc/accepted/10.1039_c9ta09101g__Fig2__E__stability_performance_curve_jsc__W_oTBAB__Series_1.csv
x_time_h/10.1039_d0ra03238g/Fig3_D_stability_performance_curve_pce/accepted/10.1039_d0ra03238g__Fig3__D__stability_performance_curve_pce__W_O__Series_2.csv,10.1039/d0ra03238g|Fig3_D_stability_performance_curve_pce|10.1039_d0ra03238g__Fig3__D__stability_performance_curve_pce__W_O__Series_2,/Users/shunhao/Desktop/ML/lab/data_all/x_time_h/10.1039_d0ra03238g/Fig3_D_stability_performance_curve_pce/accepted/10.1039_d0ra03238g__Fig3__D__stability_performance_curve_pce__W_O__Series_2.csv,x_time_h/10.1039_d0ra03238g/Fig3_D_stability_performance_curve_pce/accepted/10.1039_d0ra03238g__Fig3__D__stability_performance_curve_pce__W_O__Series_2.csv,10.1039/d0ra03238g,Fig3_D_stability_performance_curve_pce,Series_2,30,30,15,0,391.5067973334542,202.50351586213145,True,0.990740478227904,1.0,0.4342511531567498,1595,1,0,1,node_0_1,1.146851307072963,1.0,0.9611649239230112,0.8102655093527763,0.6627888572905601,0.512657251724848,0.4342511531567498,0.0,4,initial_drop_rapid_loss,class_04,/Users/shunhao/Desktop/ML/lab/NEW/som_200h_reanalysis/02_selected_curve_database/paper_aligned_min4/x_time_h/10.1039_d0ra03238g/Fig3_D_stability_performance_curve_pce/accepted/10.1039_d0ra03238g__Fig3__D__stability_performance_curve_pce__W_O__Series_2.csv
x_time_h/10.1039_d0ra07107b/Fig8_B_stability_performance_curve_pce/accepted/10.1039_d0ra07107b__Fig8__B__stability_performance_curve_pce__X_=_10%__Series_1.csv,10.1039/d0ra07107b|Fig8_B_stability_performance_curve_pce|10.1039_d0ra07107b__Fig8__B__stability_performance_curve_pce__X_=_10%__Series_1,/Users/shunhao/Desktop/ML/lab/data_all/x_time_h/10.1039_d0ra07107b/Fig8_B_stability_performance_curve_pce/accepted/10.1039_d0ra07107b__Fig8__B__stability_performance_curve_pce__X_=_10%__Series_1.csv,x_time_h/10.1039_d0ra07107b/Fig8_B_stability_performance_curve_pce/accepted/10.1039_d0ra07107b__Fig8__B__stability_performance_curve_pce__X_=_10%__Series_1.csv,10.1039/d0ra07107b,Fig8_B_stability_performance_curve_pce,Series_1,86,86,35,0,488.9968277522907,201.35163495682556,True,0.879480297561178,1.0,0.457534302442093,1598,1,0,1,node_0_1,3.0551153581888593,1.0,0.784728258575904,0.7197155510666864,0.6436490653913098,0.5268338902710278,0.457534302442093,0.0,4,initial_drop_rapid_loss,class_04,/Users/shunhao/Desktop/ML/lab/NEW/som_200h_reanalysis/02_selected_curve_database/paper_aligned_min4/x_time_h/10.1039_d0ra07107b/Fig8_B_stability_performance_curve_pce/accepted/10.1039_d0ra07107b__Fig8__B__stability_performance_curve_pce__X_=_10%__Series_1.csv
x_time_h/10.1039_d0ta01255f/Fig7_A_stability_performance_curve/accepted/10.1039_d0ta01255f__Fig7__A__stability_performance_curve__Control__Series_2.csv,10.1039/d0ta01255f|Fig7_A_stability_performance_curve|10.1039_d0ta01255f__Fig7__A__stability_performance_curve__Control__Series_2,/Users/shunhao/Desktop/ML/lab/data_all/x_time_h/10.1039_d0ta01255f/Fig7_A_stability_performance_curve/accepted/10.1039_d0ta01255f__Fig7__A__stability_performance_curve__Control__Series_2.csv,x_time_h/10.1039_d0ta01255f/Fig7_A_stability_performance_curve/accepted/10.1039_d0ta01255f__Fig7__A__stability_performance_curve__Control__Series_2.csv,10.1039/d0ta01255f,Fig7_A_stability_performance_curve,Series_2,35,35,32,0,215.9667695610934,203.26284193985256,True,0.997748285068164,1.0,0.4877255005419015,1607,1,0,1,node_0_1,1.465696550915303,1.0,0.9805614550717584,0.873818612797692,0.7168947959251152,0.6292383088323906,0.4877255005419015,0.0,4,initial_drop_rapid_loss,class_04,/Users/shunhao/Desktop/ML/lab/NEW/som_200h_reanalysis/02_selected_curve_database/paper_aligned_min4/x_time_h/10.1039_d0ta01255f/Fig7_A_stability_performance_curve/accepted/10.1039_d0ta01255f__Fig7__A__stability_performance_curve__Control__Series_2.csv
x_time_h/10.1039_d0ta02437f/Fig6_B_stability_performance_curve_pce/accepted/10.1039_d0ta02437f__Fig6__B__stability_performance_curve_pce__3D__Series_2.csv,10.1039/d0ta02437f|Fig6_B_stability_performance_curve_pce|10.1039_d0ta02437f__Fig6__B__stability_performance_curve_pce__3D__Series_2,/Users/shunhao/Desktop/ML/lab/data_all/x_time_h/10.1039_d0ta02437f/Fig6_B_stability_performance_curve_pce/accepted/10.1039_d0ta02437f__Fig6__B__stability_performance_curve_pce__3D__Series_2.csv,x_time_h/10.1039_d0ta02437f/Fig6_B_stability_performance_curve_pce/accepted/10.1039_d0ta02437f__Fig6__B__stability_performance_curve_pce__3D__Series_2.csv,10.1039/d0ta02437f,Fig6_B_stability_performance_curve_pce,Series_2,30,30,18,0,332.6952037725051,206.5004713070722,True,1.00556186053746,1.0,0.533269747762831,1611,1,0,1,node_0_1,1.9675586672385028,1.0,0.9761031094890332,0.7484122144184708,0.6313191091627007,0.546564260028236,0.533269747762831,0.0,4,initial_drop_rapid_loss,class_04,/Users/shunhao/Desktop/ML/lab/NEW/som_200h_reanalysis/02_selected_curve_database/paper_aligned_min4/x_time_h/10.1039_d0ta02437f/Fig6_B_stability_performance_curve_pce/accepted/10.1039_d0ta02437f__Fig6__B__stability_performance_curve_pce__3D__Series_2.csv
x_time_h/10.1039_d0ta12342k/Fig5_C_stability_performance_curve_pce/accepted/10.1039_d0ta12342k__Fig5__C__stability_performance_curve_pce__Pristine__Series_2.csv,10.1039/d0ta12342k|Fig5_C_stability_performance_curve_pce|10.1039_d0ta12342k__Fig5__C__stability_performance_curve_pce__Pristine__Series_2,/Users/shunhao/Desktop/ML/lab/data_all/x_time_h/10.1039_d0ta12342k/Fig5_C_stability_performance_curve_pce/accepted/10.1039_d0ta12342k__Fig5__C__stability_performance_curve_pce__Pristine__Series_2.csv,x_time_h/10.1039_d0ta12342k/Fig5_C_stability_performance_curve_pce/accepted/10.1039_d0ta12342k__Fig5__C__stability_performance_curve_pce__Pristine__Series_2.csv,10.1039/d0ta12342k,Fig5_C_stability_performance_curve_pce,Series_2,38,38,19,0,393.06793666151145,201.8456972045599,True,0.9801412967901032,1.0,0.5200761011273172,1622,1,0,1,node_0_1,1.577110450589412,1.0,0.9514318959802412,0.8343508002212249,0.7498238302854734,0.619628635289117,0.5200761011273172,0.0,4,initial_drop_rapid_loss,class_04,/Users/shunhao/Desktop/ML/lab/NEW/som_200h_reanalysis/02_selected_curve_database/paper_aligned_min4/x_time_h/10.1039_d0ta12342k/Fig5_C_stability_performance_curve_pce/accepted/10.1039_d0ta12342k__Fig5__C__stability_performance_curve_pce__Pristine__Series_2.csv
x_time_h/10.1039_d1qm00680k/Fig5_C_stability_performance_curve_pce/accepted/10.1039_d1qm00680k__Fig5__C__stability_performance_curve_pce__Pristine__Series_2.csv,10.1039/d1qm00680k|Fig5_C_stability_performance_curve_pce|10.1039_d1qm00680k__Fig5__C__stability_performance_curve_pce__Pristine__Series_2,/Users/shunhao/Desktop/ML/lab/data_all/x_time_h/10.1039_d1qm00680k/Fig5_C_stability_performance_curve_pce/accepted/10.1039_d1qm00680k__Fig5__C__stability_performance_curve_pce__Pristine__Series_2.csv,x_time_h/10.1039_d1qm00680k/Fig5_C_stability_performance_curve_pce/accepted/10.1039_d1qm00680k__Fig5__C__stability_performance_curve_pce__Pristine__Series_2.csv,10.1039/d1qm00680k,Fig5_C_stability_performance_curve_pce,Series_2,55,55,28,0,394.5665784430195,204.59007771119536,True,0.971043042983684,0.9996796500692874,0.4893835247852138,1648,1,0,1,node_0_1,2.287493220575661,0.9996796500692874,0.9988500351758762,0.9410912831350922,0.7861681553648874,0.5733619265950414,0.4893835247852138,3.6666666666666665,4,initial_drop_rapid_loss,class_04,/Users/shunhao/Desktop/ML/lab/NEW/som_200h_reanalysis/02_selected_curve_database/paper_aligned_min4/x_time_h/10.1039_d1qm00680k/Fig5_C_stability_performance_curve_pce/accepted/10.1039_d1qm00680k__Fig5__C__stability_performance_curve_pce__Pristine__Series_2.csv
x_time_h/10.1039_d1ra01236c/Fig7_B_stability_performance_curve_pce/accepted/10.1039_d1ra01236c__Fig7__B__stability_performance_curve_pce__0%__Series_2.csv,10.1039/d1ra01236c|Fig7_B_stability_performance_curve_pce|10.1039_d1ra01236c__Fig7__B__stability_performance_curve_pce__0%__Series_2,/Users/shunhao/Desktop/ML/lab/data_all/x_time_h/10.1039_d1ra01236c/Fig7_B_stability_performance_curve_pce/accepted/10.1039_d1ra01236c__Fig7__B__stability_performance_curve_pce__0%__Series_2.csv,x_time_h/10.1039_d1ra01236c/Fig7_B_stability_performance_curve_pce/accepted/10.1039_d1ra01236c__Fig7__B__stability_performance_curve_pce__0%__Series_2.csv,10.1039/d1ra01236c,Fig7_B_stability_performance_curve_pce,Series_2,30,30,24,0,242.5805464747806,200.7563143239563,True,0.9495683826990104,1.0,0.3092700495414619,1651,1,0,1,node_0_1,1.729039601104165,1.0,0.9518782159633162,0.841086595132474,0.7280983214229291,0.5271534958897631,0.3092700495414619,0.0,4,initial_drop_rapid_loss,class_04,/Users/shunhao/Desktop/ML/lab/NEW/som_200h_reanalysis/02_selected_curve_database/paper_aligned_min4/x_time_h/10.1039_d1ra01236c/Fig7_B_stability_performance_curve_pce/accepted/10.1039_d1ra01236c__Fig7__B__stability_performance_curve_pce__0%__Series_2.csv
x_time_h/10.1039_d4ta08566c/Fig2_F_mppt_stability_performance_curve/accepted/10.1039_d4ta08566c__Fig2__F__mppt_stability_performance_curve__Control__Series_1.csv,10.1039/d4ta08566c|Fig2_F_mppt_stability_performance_curve|10.1039_d4ta08566c__Fig2__F__mppt_stability_performance_curve__Control__Series_1,/Users/shunhao/Desktop/ML/lab/data_all/x_time_h/10.1039_d4ta08566c/Fig2_F_mppt_stability_performance_curve/accepted/10.1039_d4ta08566c__Fig2__F__mppt_stability_performance_curve__Control__Series_1.csv,x_time_h/10.1039_d4ta08566c/Fig2_F_mppt_stability_performance_curve/accepted/10.1039_d4ta08566c__Fig2__F__mppt_stability_performance_curve__Control__Series_1.csv,10.1039/d4ta08566c,Fig2_F_mppt_stability_performance_curve,Series_1,52,52,20,0,519.8283659452126,203.85426115498535,True,0.8731876862557529,1.0,0.5774265215316643,1701,1,0,1,node_0_1,2.443011840619622,1.0,0.9450539812008316,0.7381087063088914,0.6854650259357323,0.628699714353946,0.5774265215316643,0.0,4,initial_drop_rapid_loss,class_04,/Users/shunhao/Desktop/ML/lab/NEW/som_200h_reanalysis/02_selected_curve_database/paper_aligned_min4/x_time_h/10.1039_d4ta08566c/Fig2_F_mppt_stability_performance_curve/accepted/10.1039_d4ta08566c__Fig2__F__mppt_stability_performance_curve__Control__Series_1.csv
x_time_h/10.1126_science.aax8018/Fig4_E_stability_performance_curve/accepted/10.1126_science.aax8018__Fig4__E__stability_performance_curve__Control__Series_1.csv,10.1126/science.aax8018|Fig4_E_stability_performance_curve|10.1126_science.aax8018__Fig4__E__stability_performance_curve__Control__Series_1,/Users/shunhao/Desktop/ML/lab/data_all/x_time_h/10.1126_science.aax8018/Fig4_E_stability_performance_curve/accepted/10.1126_science.aax8018__Fig4__E__stability_performance_curve__Control__Series_1.csv,x_time_h/10.1126_science.aax8018/Fig4_E_stability_performance_curve/accepted/10.1126_science.aax8018__Fig4__E__stability_performance_curve__Control__Series_1.csv,10.1126/science.aax8018,Fig4_E_stability_performance_curve,Series_1,47,47,10,0,985.581266696288,214.25679710788864,True,0.999675815898364,1.0,0.510583529666812,1731,1,0,1,node_0_1,2.1367475912117904,1.0,0.9901967565153756,0.931972283977016,0.7571581234983051,0.5910409298225279,0.510583529666812,0.0,4,initial_drop_rapid_loss,class_04,/Users/shunhao/Desktop/ML/lab/NEW/som_200h_reanalysis/02_selected_curve_database/paper_aligned_min4/x_time_h/10.1126_science.aax8018/Fig4_E_stability_performance_curve/accepted/10.1126_science.aax8018__Fig4__E__stability_performance_curve__Control__Series_1.csv
x_time_h/10.3390_cryst14090802/Fig9_D_stability_performance_curve_pce/accepted/10.3390_cryst14090802__Fig9__D__stability_performance_curve_pce__control__Series_1.csv,10.3390/cryst14090802|Fig9_D_stability_performance_curve_pce|10.3390_cryst14090802__Fig9__D__stability_performance_curve_pce__control__Series_1,/Users/shunhao/Desktop/ML/lab/data_all/x_time_h/10.3390_cryst14090802/Fig9_D_stability_performance_curve_pce/accepted/10.3390_cryst14090802__Fig9__D__stability_performance_curve_pce__control__Series_1.csv,x_time_h/10.3390_cryst14090802/Fig9_D_stability_performance_curve_pce/accepted/10.3390_cryst14090802__Fig9__D__stability_performance_curve_pce__control__Series_1.csv,10.3390/cryst14090802,Fig9_D_stability_performance_curve_pce,Series_1,52,52,39,0,268.09368619860896,205.01281885775975,True,0.9973856340865388,1.0,0.4139487945506311,1748,1,0,1,node_0_1,3.2569663266418294,1.0,0.979600871143688,0.9380449077818828,0.8450119202652866,0.6145747822021247,0.4139487945506311,0.0,4,initial_drop_rapid_loss,class_04,/Users/shunhao/Desktop/ML/lab/NEW/som_200h_reanalysis/02_selected_curve_database/paper_aligned_min4/x_time_h/10.3390_cryst14090802/Fig9_D_stability_performance_curve_pce/accepted/10.3390_cryst14090802__Fig9__D__stability_performance_curve_pce__control__Series_1.csv
x_time_h/10.3390_molecules26113398/Fig6_B_stability_performance_curve_pce/accepted/10.3390_molecules26113398__Fig6__B__stability_performance_curve_pce__23℃__Series_3.csv,10.3390/molecules26113398|Fig6_B_stability_performance_curve_pce|10.3390_molecules26113398__Fig6__B__stability_performance_curve_pce__23℃__Series_3,/Users/shunhao/Desktop/ML/lab/data_all/x_time_h/10.3390_molecules26113398/Fig6_B_stability_performance_curve_pce/accepted/10.3390_molecules26113398__Fig6__B__stability_performance_curve_pce__23℃__Series_3.csv,x_time_h/10.3390_molecules26113398/Fig6_B_stability_performance_curve_pce/accepted/10.3390_molecules26113398__Fig6__B__stability_performance_curve_pce__23℃__Series_3.csv,10.3390/molecules26113398,Fig6_B_stability_performance_curve_pce,Series_3,34,34,27,0,249.70978106210575,204.30800268717744,True,0.99195681379225,1.0,0.2971092608227973,1755,1,0,1,node_0_1,3.146836092746796,1.0,0.9788936999822248,0.8732107568842635,0.6393792484260963,0.4251760080535408,0.2971092608227973,0.0,4,initial_drop_rapid_loss,class_04,/Users/shunhao/Desktop/ML/lab/NEW/som_200h_reanalysis/02_selected_curve_database/paper_aligned_min4/x_time_h/10.3390_molecules26113398/Fig6_B_stability_performance_curve_pce/accepted/10.3390_molecules26113398__Fig6__B__stability_performance_curve_pce__23℃__Series_3.csv
