ari,ari_assigned,vi,common_assigned_fraction,cluster_0_jaccard,cluster_1_jaccard,repeat,n_unique,n_clusters,noise_fraction,candidate_id,cluster_2_jaccard,cluster_3_jaccard,cluster_4_jaccard
,,0.9637656354372448,0.5833333333333334,0.6046511627906976,,0,48,2,0.43037974683544306,300h__robust__full__000,,,
0.9526522687123009,1.0,0.20246145445848773,0.8627450980392157,1.0,0.5,1,51,2,0.05063291139240506,300h__robust__full__000,,,
0.9688825102746428,1.0,0.15368707675376503,0.9056603773584906,1.0,0.5714285714285714,2,53,2,0.0379746835443038,300h__robust__full__000,,,
0.9790959618316856,1.0,0.12034602073109901,0.9215686274509803,1.0,0.6,3,51,2,0.0379746835443038,300h__robust__full__000,,,
0.44798443843529645,0.4832189559220185,0.961028323493968,0.8461538461538461,0.8222222222222222,0.375,4,52,2,0.0759493670886076,300h__robust__full__000,,,
0.9668428640076886,1.0,0.16419446641615343,0.8913043478260869,1.0,0.7142857142857143,5,46,2,0.0759493670886076,300h__robust__full__000,,,
0.3251056866221192,,0.9336679655326635,0.673469387755102,0.75,0.0,6,49,2,0.31645569620253167,300h__robust__full__000,,,
0.9708873080666818,1.0,0.15285411371947166,0.8723404255319149,1.0,0.6,7,47,2,0.0759493670886076,300h__robust__full__000,,,
0.2875598000394188,0.8511861969805895,0.9451150550410363,0.5833333333333334,0.6216216216216216,0.8,8,48,3,0.3924050632911392,300h__robust__full__000,,,
-0.1297229052350913,,1.1107951842323993,0.26666666666666666,0.175,0.0,9,45,2,0.6329113924050633,300h__robust__full__000,,,
0.7904796148977135,1.0,0.4665872916080894,0.7222222222222222,0.95,0.16666666666666666,10,54,2,0.27848101265822783,300h__robust__full__000,,,
0.9725191955530471,1.0,0.13350465962156055,0.9166666666666666,1.0,0.5,11,48,2,0.0379746835443038,300h__robust__full__000,,,
0.9847713404129884,1.0,0.10010344944016847,0.8846153846153846,1.0,0.8,12,52,2,0.08860759493670886,300h__robust__full__000,,,
0.9260892851516965,1.0,0.14561713073726912,0.8653846153846154,0.975609756097561,1.0,13,52,2,0.17721518987341772,300h__robust__full__000,,,
,,0.6350047569400391,0.0,0.0,0.0,14,50,0,1.0,300h__robust__full__000,,,
-0.16547497446373852,,1.2215827266890167,0.2653061224489796,0.2,0.0,15,49,2,0.759493670886076,300h__robust__full__000,,,
0.9084708722892416,1.0,0.1354770908795413,0.9230769230769231,0.9777777777777777,1.0,16,52,2,0.0379746835443038,300h__robust__full__000,,,
0.55164901076995,0.3386778013878776,0.6866573570808521,0.8846153846153846,0.8936170212765957,0.16666666666666666,17,52,2,0.08860759493670886,300h__robust__full__000,,,
0.9708873080666818,1.0,0.15285411371947166,0.8723404255319149,1.0,0.6,18,47,2,0.08860759493670886,300h__robust__full__000,,,
0.976736689737383,1.0,0.13196307196259904,0.9019607843137255,1.0,0.6,19,51,2,0.05063291139240506,300h__robust__full__000,,,
0.2130406714009038,,1.0793066331955514,0.6086956521739131,0.6666666666666666,0.0,20,46,2,0.3670886075949367,300h__robust__full__000,,,
0.9549033643521833,1.0,0.2652332453551407,0.8444444444444444,1.0,0.5,21,45,2,0.10126582278481013,300h__robust__full__000,,,
0.9252691288236482,1.0,0.14798212144157152,0.8627450980392157,0.975,1.0,22,51,2,0.10126582278481013,300h__robust__full__000,,,
0.21541434579970445,0.6163731196613501,1.0903654733202282,0.5918367346938775,0.625,0.5,23,49,3,0.3291139240506329,300h__robust__full__000,,,
0.9806331069670511,1.0,0.11375880573911634,0.8571428571428571,1.0,0.8333333333333334,24,49,2,0.11392405063291139,300h__robust__full__000,,,
-0.1190606106903551,,1.098228267938204,0.28846153846153844,0.2608695652173913,0.0,25,52,2,0.6582278481012658,300h__robust__full__000,,,
0.9864412186951667,1.0,0.0931637783561996,0.9019607843137255,1.0,0.75,26,51,2,0.08860759493670886,300h__robust__full__000,,,
0.9002383169457553,1.0,0.1252199054702371,0.9591836734693877,0.9767441860465116,1.0,27,49,2,0.02531645569620253,300h__robust__full__000,,,
,,0.7068211651848291,0.0,0.0,0.0,28,46,0,1.0,300h__robust__full__000,,,
-0.12325037207821815,,1.175198679763484,0.32075471698113206,0.3181818181818182,0.0,29,53,2,0.7088607594936709,300h__robust__full__000,,,
0.9723839359806501,1.0,0.14827726166417876,0.8703703703703703,1.0,0.6666666666666666,30,54,2,0.10126582278481013,300h__robust__full__000,,,
0.9043184378520466,1.0,0.2431199303936631,0.9,0.975609756097561,0.8333333333333334,31,50,2,0.05063291139240506,300h__robust__full__000,,,
0.3626144004898174,0.7381621187800963,0.9232733916843812,0.6521739130434783,0.6857142857142857,0.8,32,46,3,0.27848101265822783,300h__robust__full__000,,,
0.9161666112322118,1.0,0.1350399903087599,0.9230769230769231,0.9772727272727273,1.0,33,52,2,0.0759493670886076,300h__robust__full__000,,,
0.10168390076429476,,0.9805426232888418,0.6226415094339622,0.6458333333333334,0.0,34,53,2,0.3291139240506329,300h__robust__full__000,,,
0.3922604841459257,,0.8263684860139879,0.7391304347826086,0.7948717948717948,0.0,35,46,2,0.21518987341772153,300h__robust__full__000,,,
0.894882252335219,1.0,0.2527290398930262,0.875,0.975,0.75,36,48,2,0.08860759493670886,300h__robust__full__000,,,
,,0.4140483413593772,0.0,0.0,0.0,37,55,0,1.0,300h__robust__full__000,,,
0.987696208195071,1.0,0.08079188754655875,0.9555555555555556,1.0,0.75,38,45,2,0.012658227848101266,300h__robust__full__000,,,
0.9806466302367942,1.0,0.11061766627996517,0.8235294117647058,1.0,0.8,39,51,2,0.1518987341772152,300h__robust__full__000,,,
0.9714786837542104,1.0,0.1953555866641007,0.8888888888888888,1.0,0.3333333333333333,40,54,2,0.06329113924050633,300h__robust__full__000,,,
0.8905737274324348,,0.28833439934220584,0.8301886792452831,0.9772727272727273,0.0,41,53,2,0.10126582278481013,300h__robust__full__000,,,
0.8596304662715959,0.8218674187022131,0.27908269022077126,0.8301886792452831,0.9523809523809523,0.75,42,53,2,0.17721518987341772,300h__robust__full__000,,,
0.5614249073529882,0.488356280809111,0.8495217907229733,0.8269230769230769,0.8636363636363636,0.2857142857142857,43,52,2,0.12658227848101267,300h__robust__full__000,,,
,,0.5242006217060988,0.0,0.0,0.0,44,53,0,1.0,300h__robust__full__000,,,
,,0.4563344322932884,0.0,0.0,0.0,45,48,0,1.0,300h__robust__full__000,,,
0.8862561909049977,1.0,0.12782865350086614,0.9583333333333334,0.9767441860465116,1.0,46,48,2,0.02531645569620253,300h__robust__full__000,,,
0.9607932788478025,1.0,0.18243346563801977,0.8571428571428571,1.0,0.5,47,49,2,0.10126582278481013,300h__robust__full__000,,,
0.2898346054877362,0.6956653073553843,0.9557426466789245,0.6458333333333334,0.65,0.6,48,48,3,0.25316455696202533,300h__robust__full__000,,,
,,0.6700035828793006,0.0,0.0,0.0,49,51,0,1.0,300h__robust__full__000,,,
,,0.7146218187514509,0.0,0.0,0.0,0,96,0,1.0,full_duration__robust__0.9__005,,,
0.7202640429905776,0.5072046109510087,0.6614424192845735,0.23404255319148937,0.5714285714285714,0.6111111111111112,1,94,2,0.7207792207792207,full_duration__robust__0.9__005,,,
,,0.6779164291087703,0.0,0.0,0.0,2,99,0,1.0,full_duration__robust__0.9__005,,,
,,0.7072714207854598,0.0,0.0,0.0,3,95,0,1.0,full_duration__robust__0.9__005,,,
,,0.7638192103232446,0.0,0.0,0.0,4,94,0,1.0,full_duration__robust__0.9__005,,,
0.6865321727718695,1.0,0.5446588597599484,0.18811881188118812,0.7272727272727273,0.6470588235294118,5,101,2,0.7727272727272727,full_duration__robust__0.9__005,,,
0.8821402551398886,0.8250565753080211,0.3280689094643543,0.22549019607843138,0.7777777777777778,0.8333333333333334,6,102,2,0.7467532467532467,full_duration__robust__0.9__005,,,
0.07933357096718038,,1.1628587732886466,0.23655913978494625,0.10638297872340426,0.3617021276595745,7,93,2,0.36363636363636365,full_duration__robust__0.9__005,,,
0.047160670382649005,,1.429768890922333,0.22826086956521738,0.14285714285714285,0.3409090909090909,8,92,3,0.42207792207792205,full_duration__robust__0.9__005,,,
,,0.7166341521021714,0.0,0.0,0.0,9,99,0,1.0,full_duration__robust__0.9__005,,,
0.7976785578480355,1.0,0.4126041469298438,0.20909090909090908,0.875,0.7619047619047619,10,110,2,0.7662337662337663,full_duration__robust__0.9__005,,,
0.8391239043798105,0.8261059735066233,0.42131116119308376,0.24731182795698925,0.8181818181818182,0.7647058823529411,11,93,2,0.7337662337662337,full_duration__robust__0.9__005,,,
0.7396477905125151,1.0,0.45493128578768527,0.27956989247311825,0.8333333333333334,0.7777777777777778,12,93,2,0.6363636363636364,full_duration__robust__0.9__005,,,
-0.12794077303234033,,1.2698733000261873,0.24210526315789474,0.09230769230769231,0.26153846153846155,13,95,2,0.22727272727272727,full_duration__robust__0.9__005,,,
0.2683364207212059,-0.11279826464208242,1.4315731091657562,0.2159090909090909,0.16666666666666666,0.35714285714285715,14,88,3,0.525974025974026,full_duration__robust__0.9__005,,,
,,0.6624529206583838,0.0,0.0,0.0,15,92,0,1.0,full_duration__robust__0.9__005,,,
0.6494646490236751,0.6215993404781534,0.749801294663338,0.1978021978021978,0.7142857142857143,0.5555555555555556,16,91,3,0.7272727272727273,full_duration__robust__0.9__005,,,
0.5043319791116935,1.0,0.689925569224922,0.16842105263157894,0.8888888888888888,0.36363636363636365,17,95,2,0.7987012987012987,full_duration__robust__0.9__005,,,
0.09924058685539343,,1.1433884898290783,0.25806451612903225,0.08333333333333333,0.4166666666666667,18,93,2,0.4025974025974026,full_duration__robust__0.9__005,,,
,,0.5859748568853981,0.0,0.0,0.0,19,95,0,1.0,full_duration__robust__0.9__005,,,
0.8465664529130553,1.0,0.33788203936200434,0.21875,0.875,0.8235294117647058,20,96,2,0.7467532467532467,full_duration__robust__0.9__005,,,
,,0.6624095034987045,0.0,0.0,0.0,21,101,0,1.0,full_duration__robust__0.9__005,,,
,,0.5824689381398442,0.0,0.0,0.0,22,92,0,1.0,full_duration__robust__0.9__005,,,
0.4109750449512122,0.5600430802369413,1.202133976348113,0.20202020202020202,0.4166666666666667,0.5217391304347826,23,99,3,0.6168831168831169,full_duration__robust__0.9__005,,,
,,0.7029189307735104,0.0,0.0,0.0,24,96,0,1.0,full_duration__robust__0.9__005,,,
0.552734106430765,1.0,0.7034776798349214,0.21568627450980393,0.625,0.6071428571428571,25,102,2,0.6103896103896104,full_duration__robust__0.9__005,,,
-0.12770818732719702,,1.183863391031606,0.25263157894736843,0.056338028169014086,0.28169014084507044,26,95,2,0.21428571428571427,full_duration__robust__0.9__005,,,
0.31664779405841464,,1.139035337495054,0.1702127659574468,0.0,0.5833333333333334,27,94,3,0.5584415584415584,full_duration__robust__0.9__005,,,
0.23803193632858732,0.7414448669201521,1.2777359058190139,0.18888888888888888,0.23076923076923078,0.43333333333333335,28,90,2,0.6298701298701299,full_duration__robust__0.9__005,,,
,,0.6652942009167648,0.0,0.0,0.0,29,95,0,1.0,full_duration__robust__0.9__005,,,
-0.10258972405154891,,0.9658320549125075,0.23333333333333334,0.04878048780487805,0.2073170731707317,30,90,2,0.025974025974025976,full_duration__robust__0.9__005,,,
0.7861545153926404,1.0,0.3897143038100197,0.2376237623762376,1.0,0.7391304347826086,31,101,2,0.7142857142857143,full_duration__robust__0.9__005,,,
0.6930365661004564,1.0,0.5311170188786759,0.21782178217821782,1.0,0.6086956521739131,32,101,2,0.7077922077922078,full_duration__robust__0.9__005,,,
0.7449831612504002,1.0,0.3816961178744691,0.2268041237113402,1.0,0.6818181818181818,33,97,2,0.7207792207792207,full_duration__robust__0.9__005,,,
,,0.7262795138741638,0.0,0.0,0.0,34,100,0,1.0,full_duration__robust__0.9__005,,,
0.7846880854611995,0.75,0.3924420572662488,0.16161616161616163,0.7142857142857143,0.6666666666666666,35,99,2,0.8311688311688312,full_duration__robust__0.9__005,,,
0.6425080781570354,1.0,0.6552395486505747,0.25555555555555554,0.8888888888888888,0.625,36,90,2,0.6623376623376623,full_duration__robust__0.9__005,,,
0.8428782261679915,1.0,0.35217427450119754,0.2391304347826087,0.8571428571428571,0.8421052631578947,37,92,2,0.7467532467532467,full_duration__robust__0.9__005,,,
,,0.6253112109806898,0.0,0.0,0.0,38,101,0,1.0,full_duration__robust__0.9__005,,,
,,0.7279072127652159,0.0,0.0,0.0,39,96,0,1.0,full_duration__robust__0.9__005,,,
,,0.7557875288567073,0.0,0.0,0.0,40,103,0,1.0,full_duration__robust__0.9__005,,,
,,0.7582300031710854,0.0,0.0,0.0,41,98,0,1.0,full_duration__robust__0.9__005,,,
0.2789725763297963,,1.1433296224174858,0.18947368421052632,0.058823529411764705,0.48484848484848486,42,95,2,0.6298701298701299,full_duration__robust__0.9__005,,,
0.32238167589055033,0.852099817407182,0.9484812956160471,0.2828282828282828,0.7,0.46511627906976744,43,99,2,0.487012987012987,full_duration__robust__0.9__005,,,
,,0.7754451545758173,0.0,0.0,0.0,44,100,0,1.0,full_duration__robust__0.9__005,,,
0.6346196666180388,-0.04113110539845758,0.7685256619977472,0.25263157894736843,0.3076923076923077,0.5172413793103449,45,95,2,0.6493506493506493,full_duration__robust__0.9__005,,,
,,0.737432804096342,0.0,0.0,0.0,46,97,0,1.0,full_duration__robust__0.9__005,,,
0.5549156483118844,1.0,0.8416700958033654,0.22448979591836735,0.7272727272727273,0.7,47,98,3,0.6363636363636364,full_duration__robust__0.9__005,,,
0.6286560384975164,0.7336956521739131,0.5136700289214161,0.16483516483516483,0.8333333333333334,0.47368421052631576,48,91,2,0.7662337662337663,full_duration__robust__0.9__005,,,
,,0.7166341521021714,0.0,0.0,0.0,49,99,0,1.0,full_duration__robust__0.9__005,,,
,,0.8722283555177819,0.0,0.0,0.0,0,48,0,1.0,300h__max__full__001,,,
0.34692863422652037,1.0,1.1383648463145817,0.4117647058823529,0.6666666666666666,0.6296296296296297,1,51,2,0.4177215189873418,300h__max__full__001,,,
,,0.8274862537146984,0.0,0.0,0.0,2,53,0,1.0,300h__max__full__001,,,
0.754310668435146,1.0,0.5467245688560054,0.6078431372549019,0.75,0.9333333333333333,3,51,3,0.2911392405063291,300h__max__full__001,,,
0.48940726218288116,1.0,0.9454232481335674,0.4423076923076923,0.6666666666666666,0.7307692307692307,4,52,2,0.5316455696202531,300h__max__full__001,,,
0.07209155152410084,,1.1272097442016826,0.5652173913043478,0.07692307692307693,0.5897435897435898,5,46,2,0.10126582278481013,300h__max__full__001,,,
0.10515577179628031,,1.1529985965540306,0.5306122448979592,0.07894736842105263,0.6052631578947368,6,49,2,0.0759493670886076,300h__max__full__001,,,
0.04880102299199838,,1.133997359442367,0.14893617021276595,0.0,0.2857142857142857,7,47,2,0.7848101265822784,300h__max__full__001,,,
0.4520599095548272,0.8437611726850197,1.2087791985445089,0.5,0.6666666666666666,0.7916666666666666,8,48,5,0.25316455696202533,300h__max__full__001,,,
0.1594546483679647,0.5319148936170213,1.2345931979602516,0.26666666666666666,0.5,0.36363636363636365,9,45,3,0.620253164556962,300h__max__full__001,,,
0.4814219062430571,,0.9391638362966377,0.37037037037037035,0.0,0.8,10,54,2,0.43037974683544306,300h__max__full__001,,,
0.7295820028192515,0.43333003854897695,0.6604583950583884,0.5625,0.25,0.8888888888888888,11,48,3,0.2911392405063291,300h__max__full__001,,,
0.6325230962418155,,0.6600894522099057,0.46153846153846156,0.0,0.8888888888888888,12,52,2,0.45569620253164556,300h__max__full__001,,,
0.013563691632837601,,1.1405419475436263,0.1346153846153846,0.0,0.16,13,52,2,0.8607594936708861,300h__max__full__001,,,
-0.0020523964747072316,,1.1118017540038276,0.52,0.06666666666666667,0.5111111111111111,14,50,2,0.0759493670886076,300h__max__full__001,,,
0.10999330460608765,,1.1742547870462676,0.2857142857142857,0.0,0.32,15,49,2,0.6708860759493671,300h__max__full__001,,,
,,0.9102160256476769,0.0,0.0,0.0,16,52,0,1.0,300h__max__full__001,,,
0.00016779044837336482,,1.0374714865876609,0.5384615384615384,0.061224489795918366,0.5102040816326531,17,52,2,0.012658227848101266,300h__max__full__001,,,
0.48355731225296444,,0.9268967712974494,0.425531914893617,0.0,0.7692307692307693,18,47,2,0.4810126582278481,300h__max__full__001,,,
0.9215810892540465,1.0,0.1624918467121872,0.6274509803921569,1.0,1.0,19,51,3,0.3037974683544304,300h__max__full__001,,,
0.6407924482716966,1.0,0.6979846079974001,0.4782608695652174,0.4,0.9090909090909091,20,46,3,0.35443037974683544,300h__max__full__001,,,
0.060654221125791684,,1.2190718085130565,0.5111111111111111,0.11764705882352941,0.5588235294117647,21,45,2,0.11392405063291139,300h__max__full__001,,,
0.7653084322304778,,0.4882945502460736,0.5294117647058824,0.0,0.9642857142857143,22,51,2,0.3924050632911392,300h__max__full__001,,,
0.6304780876494024,1.0,0.798716508051664,0.5102040816326531,0.5,0.8846153846153846,23,49,3,0.3037974683544304,300h__max__full__001,,,
0.603657464392474,,0.7655496228785187,0.42857142857142855,0.0,0.875,24,49,2,0.4430379746835443,300h__max__full__001,,,
0.010789649154851162,,1.1455920911257258,0.17307692307692307,0.0,0.18518518518518517,25,52,2,0.7848101265822784,300h__max__full__001,,,
0.666560214045208,1.0,0.7077221644136844,0.5882352941176471,0.6666666666666666,0.8666666666666667,26,51,2,0.34177215189873417,300h__max__full__001,,,
0.5836093907532767,1.0,0.8389511769407811,0.5102040816326531,0.6666666666666666,0.8076923076923077,27,49,2,0.35443037974683544,300h__max__full__001,,,
0.11636067649452836,,1.1172296250506908,0.5,0.11764705882352941,0.5588235294117647,28,46,2,0.20253164556962025,300h__max__full__001,,,
0.020532122837342293,,1.2031584834064115,0.20754716981132076,0.0,0.2962962962962963,29,53,2,0.7848101265822784,300h__max__full__001,,,
0.47470608661143904,,0.8516282049486587,0.4074074074074074,0.0,0.8148148148148148,30,54,2,0.3670886075949367,300h__max__full__001,,,
0.07866691997199761,,1.1357596955235385,0.22,0.0,0.28,31,50,2,0.7721518987341772,300h__max__full__001,,,
0.5450195483456848,1.0,0.8878805292240366,0.5217391304347826,0.6,0.84,32,46,3,0.2911392405063291,300h__max__full__001,,,
0.3327636502931903,,0.9526381469906582,0.3269230769230769,0.0,0.56,33,52,2,0.6708860759493671,300h__max__full__001,,,
0.113433564600339,,1.0524145347652925,0.6037735849056604,0.06521739130434782,0.6304347826086957,34,53,2,0.10126582278481013,300h__max__full__001,,,
0.4468137012985804,,0.9377150855106813,0.5434782608695652,0.06451612903225806,0.7666666666666667,35,46,2,0.27848101265822783,300h__max__full__001,,,
0.7698076628743431,1.0,0.4797326256424985,0.5416666666666666,0.5,0.9230769230769231,36,48,2,0.3670886075949367,300h__max__full__001,,,
0.3411795012155657,1.0,0.8623730757837411,0.5636363636363636,0.8333333333333334,0.6666666666666666,37,55,2,0.16455696202531644,300h__max__full__001,,,
0.6452683589182665,1.0,0.721814615312544,0.4888888888888889,0.75,0.8260869565217391,38,45,2,0.43037974683544306,300h__max__full__001,,,
0.38081350938793657,,1.0053550799982065,0.47058823529411764,0.0,0.7741935483870968,39,51,3,0.22784810126582278,300h__max__full__001,,,
0.020718846866679075,,1.0040100289814364,0.5555555555555556,0.06,0.54,40,54,2,0.0,300h__max__full__001,,,
0.42489117123196135,1.0,1.1196980597427415,0.4528301886792453,0.5714285714285714,0.7142857142857143,41,53,2,0.43037974683544306,300h__max__full__001,,,
0.5647939326979221,1.0,0.7921458411904871,0.4716981132075472,0.6,0.8148148148148148,42,53,3,0.43037974683544306,300h__max__full__001,,,
0.07719502199052262,,1.3557242226576438,0.28846153846153844,0.0,0.41379310344827586,43,52,2,0.620253164556962,300h__max__full__001,,,
0.7120543293718167,0.7940698619008936,0.7033249794694088,0.5094339622641509,0.42857142857142855,0.8846153846153846,44,53,2,0.379746835443038,300h__max__full__001,,,
0.0007268762493185535,,1.151795825960004,0.16666666666666666,0.0,0.16,45,48,2,0.810126582278481,300h__max__full__001,,,
0.46802795224028987,1.0,0.9242266233586007,0.5416666666666666,0.6,0.7666666666666667,46,48,2,0.2911392405063291,300h__max__full__001,,,
0.6306098964326813,0.7384481255448997,0.7844375982911058,0.5102040816326531,0.5,0.8148148148148148,47,49,2,0.4936708860759494,300h__max__full__001,,,
0.18776982892690514,,1.1834360990438944,0.25,0.0,0.45,48,48,3,0.6455696202531646,300h__max__full__001,,,
0.6688212433939079,1.0,0.6230644426093865,0.6078431372549019,0.6666666666666666,0.8709677419354839,49,51,2,0.2911392405063291,300h__max__full__001,,,
0.613881829733164,1.0,0.5434452268947396,0.4411764705882353,0.7333333333333333,1.0,0,34,2,0.6,200h__max__0.99__000,,,
0.24021838034576887,,1.0482210767407971,0.3,0.5,0.0,1,30,2,0.62,200h__max__0.99__000,,,
,,1.002336297700253,0.0,0.0,0.0,2,35,0,1.0,200h__max__0.99__000,,,
0.4199296884470845,1.0,0.8441418050528731,0.4,0.6153846153846154,0.8,3,30,2,0.58,200h__max__0.99__000,,,
0.7550184909728571,1.0,0.5792662513569975,0.5,0.9285714285714286,0.6666666666666666,4,34,2,0.46,200h__max__0.99__000,,,
0.1598238340297159,,1.0944351378827921,0.5,0.6521739130434783,0.043478260869565216,5,32,2,0.12,200h__max__0.99__000,,,
,,0.9261468090404666,0.0,0.0,0.0,6,34,0,1.0,200h__max__0.99__000,,,
0.00641025641025641,,0.9675738575805239,0.5806451612903226,0.5333333333333333,0.06666666666666667,7,31,2,0.0,200h__max__0.99__000,,,
,,0.783449138790285,0.0,0.0,0.0,8,34,0,1.0,200h__max__0.99__000,,,
0.8100933488914819,1.0,0.4210068966952376,0.5483870967741935,0.9333333333333333,0.75,9,31,2,0.34,200h__max__0.99__000,,,
,,0.9718487712358765,0.0,0.0,0.0,10,34,0,1.0,200h__max__0.99__000,,,
,,0.9980406958852484,0.0,0.0,0.0,11,29,0,1.0,200h__max__0.99__000,,,
,,0.9244561548753236,0.0,0.0,0.0,12,35,0,1.0,200h__max__0.99__000,,,
-0.005369769791057472,,1.2431118872704683,0.22580645161290322,0.3125,0.0,13,31,2,0.7,200h__max__0.99__000,,,
,,0.891867395317251,0.0,0.0,0.0,14,30,0,1.0,200h__max__0.99__000,,,
,,0.9261468090404666,0.0,0.0,0.0,15,34,0,1.0,200h__max__0.99__000,,,
0.3863039525957848,1.0,0.9930794804991605,0.375,0.6428571428571429,0.6,16,32,2,0.62,200h__max__0.99__000,,,
0.5144539664920087,,0.9524101078980454,0.5161290322580645,0.8421052631578947,0.0,17,31,2,0.34,200h__max__0.99__000,,,
0.6090361028341764,1.0,0.8169400477156097,0.53125,0.875,0.5,18,32,2,0.46,200h__max__0.99__000,,,
-0.09648422956225733,,1.2776667118509586,0.1935483870967742,0.2222222222222222,0.0,19,31,2,0.76,200h__max__0.99__000,,,
0.6187973188021411,1.0,0.6627412538293471,0.5483870967741935,0.8235294117647058,0.75,20,31,2,0.38,200h__max__0.99__000,,,
,,0.9327481967254363,0.0,0.0,0.0,21,33,0,1.0,200h__max__0.99__000,,,
,,0.650390640876698,0.0,0.0,,22,31,0,1.0,200h__max__0.99__000,,,
0.8031540267428805,1.0,0.43849378785897564,0.5862068965517241,0.9333333333333333,0.75,23,29,2,0.32,200h__max__0.99__000,,,
,,0.9262430335557756,0.0,0.0,0.0,24,35,0,1.0,200h__max__0.99__000,,,
0.45442619098901527,,0.8534075896387943,0.4117647058823529,0.625,0.0,25,34,2,0.54,200h__max__0.99__000,,,
,,0.8823109245150755,0.0,0.0,0.0,26,30,0,1.0,200h__max__0.99__000,,,
0.8383602843899607,1.0,0.3742998173846661,0.5405405405405406,0.9411764705882353,0.8,27,37,2,0.36,200h__max__0.99__000,,,
0.5706701153728346,1.0,0.7663276363107341,0.5666666666666667,0.8125,0.6666666666666666,28,30,2,0.36,200h__max__0.99__000,,,
0.6518856195607128,1.0,0.6213802944707387,0.5142857142857142,0.8125,0.8333333333333334,29,35,2,0.42,200h__max__0.99__000,,,
0.6128151504589288,1.0,0.7790766753035143,0.5483870967741935,0.8235294117647058,0.75,30,31,2,0.3,200h__max__0.99__000,,,
,,0.868719682914265,0.0,0.0,0.0,31,34,0,1.0,200h__max__0.99__000,,,
0.8010663335303894,1.0,0.4326574787748829,0.5333333333333333,0.9285714285714286,0.75,32,30,2,0.42,200h__max__0.99__000,,,
0.8255751096161932,1.0,0.39984633493957134,0.5454545454545454,0.9375,0.75,33,33,2,0.46,200h__max__0.99__000,,,
-0.028832075684198672,,1.2489654926371963,0.5333333333333333,0.46153846153846156,0.15384615384615385,34,30,2,0.04,200h__max__0.99__000,,,
-0.018044837298770294,,1.0676850828296485,0.4827586206896552,0.5,0.038461538461538464,35,29,2,0.08,200h__max__0.99__000,,,
0.6735751295336787,0.6669016566795911,0.644415712548176,0.5357142857142857,0.75,0.8,36,28,3,0.44,200h__max__0.99__000,,,
,,0.8826305733897796,0.0,0.0,0.0,37,31,0,1.0,200h__max__0.99__000,,,
0.8819289816008438,1.0,0.23169994632184654,0.6129032258064516,0.9375,1.0,38,31,2,0.34,200h__max__0.99__000,,,
,,0.952937100125203,0.0,0.0,0.0,39,28,0,1.0,200h__max__0.99__000,,,
0.7839214259730811,1.0,0.36116483601564453,0.5151515151515151,0.8666666666666667,1.0,40,33,2,0.48,200h__max__0.99__000,,,
0.49838187702265374,0.7580071174377224,0.948937202737961,0.53125,0.75,0.5714285714285714,41,32,2,0.36,200h__max__0.99__000,,,
,,0.9244561548753236,0.0,0.0,0.0,42,35,0,1.0,200h__max__0.99__000,,,
,,0.8721383253204975,0.0,0.0,0.0,43,35,0,1.0,200h__max__0.99__000,,,
,,0.9257564180367264,0.0,0.0,0.0,44,32,0,1.0,200h__max__0.99__000,,,
0.30405848248046385,,1.1345898001279173,0.4827586206896552,0.5294117647058824,0.3125,45,29,2,0.38,200h__max__0.99__000,,,
0.47280943229626554,1.0,0.8558231452409351,0.4482758620689655,0.6428571428571429,1.0,46,29,2,0.48,200h__max__0.99__000,,,
,,0.8870888176378345,0.0,0.0,0.0,47,31,0,1.0,200h__max__0.99__000,,,
0.47569605868071696,1.0,0.8074390382191152,0.4482758620689655,0.6428571428571429,1.0,48,29,2,0.44,200h__max__0.99__000,,,
0.549561032313324,1.0,0.7763180001315226,0.4838709677419355,0.7692307692307693,0.7142857142857143,49,31,2,0.42,200h__max__0.99__000,,,
,,0.803742107316203,0.0,0.0,0.0,0,34,0,1.0,200h__robust__0.95__003,,,
0.31233062330623307,1.0,1.057715129087382,0.16666666666666666,0.4,0.75,1,30,3,0.62,200h__robust__0.95__003,,,
0.6583847435493313,1.0,0.5959236461206108,0.3142857142857143,0.875,0.5714285714285714,2,35,2,0.6,200h__robust__0.95__003,,,
,,0.8608513906312316,0.0,0.0,0.0,3,30,0,1.0,200h__robust__0.95__003,,,
0.7081980107581447,1.0,0.5081257132150674,0.23529411764705882,0.8333333333333334,0.6,4,34,2,0.66,200h__robust__0.95__003,,,
0.09691657733778927,,1.0777602891126183,0.1875,0.26666666666666666,0.13333333333333333,5,32,2,0.48,200h__robust__0.95__003,,,
-0.1832634659495373,,1.2639037177184127,0.2647058823529412,0.14814814814814814,0.18518518518518517,6,34,2,0.08,200h__robust__0.95__003,,,
0.2841147655703289,1.0,1.1066618753032742,0.25806451612903225,0.5,0.6666666666666666,7,31,3,0.38,200h__robust__0.95__003,,,
,,0.6490484748337857,0.0,0.0,0.0,8,34,0,1.0,200h__robust__0.95__003,,,
0.7818744722769491,1.0,0.3306168363998103,0.22580645161290322,0.6,1.0,9,31,2,0.74,200h__robust__0.95__003,,,
,,0.759764564958659,0.0,0.0,0.0,10,34,0,1.0,200h__robust__0.95__003,,,
0.6698536296880391,0.7734138972809668,0.719929725294219,0.3448275862068966,0.7142857142857143,0.8,11,29,3,0.52,200h__robust__0.95__003,,,
-0.16466669098248046,,1.1605462577295862,0.22857142857142856,0.14285714285714285,0.14285714285714285,12,35,2,0.04,200h__robust__0.95__003,,,
-0.12316769613718079,,1.2948897547236533,0.25806451612903225,0.2,0.2,13,31,2,0.32,200h__robust__0.95__003,,,
,,0.7026180057670108,0.0,0.0,0.0,14,30,0,1.0,200h__robust__0.95__003,,,
,,0.7086880282185832,0.0,0.0,0.0,15,34,0,1.0,200h__robust__0.95__003,,,
-0.16395621707665295,,1.3043467591361408,0.28125,0.21739130434782608,0.17391304347826086,16,32,2,0.22,200h__robust__0.95__003,,,
,,0.7417487078869116,0.0,0.0,0.0,17,31,0,1.0,200h__robust__0.95__003,,,
-0.1512150628705453,,1.3164755619343271,0.3125,0.2608695652173913,0.17391304347826086,18,32,2,0.2,200h__robust__0.95__003,,,
,,0.7161414579413184,0.0,0.0,0.0,19,31,0,1.0,200h__robust__0.95__003,,,
0.44527790329868955,1.0,0.7688281468428952,0.2903225806451613,0.625,1.0,20,31,3,0.38,200h__robust__0.95__003,,,
-0.18323121962997616,,1.24075701779827,0.21212121212121213,0.12,0.16,21,33,2,0.06,200h__robust__0.95__003,,,
0.2992394021594596,,0.9726900435145677,0.1935483870967742,0.2,0.4,22,31,2,0.52,200h__robust__0.95__003,,,
-0.15391777331307885,,1.2191331117417923,0.3103448275862069,0.25,0.125,23,29,2,0.02,200h__robust__0.95__003,,,
,,0.7466944330548823,0.0,0.0,0.0,24,35,0,1.0,200h__robust__0.95__003,,,
0.6007318624703193,1.0,0.5154462394458443,0.20588235294117646,0.75,1.0,25,34,3,0.64,200h__robust__0.95__003,,,
-0.18824116027489324,,1.2897918056176128,0.23333333333333334,0.18181818181818182,0.13636363636363635,26,30,2,0.2,200h__robust__0.95__003,,,
,,0.7096173730150794,0.0,0.0,0.0,27,37,0,1.0,200h__robust__0.95__003,,,
0.6073882158064071,1.0,0.7570334065239974,0.3,0.5,0.8571428571428571,28,30,2,0.52,200h__robust__0.95__003,,,
0.8958053632511062,1.0,0.19368850032140816,0.22857142857142856,0.8,1.0,29,35,2,0.74,200h__robust__0.95__003,,,
,,0.6145237390882278,0.0,0.0,0.0,30,31,0,1.0,200h__robust__0.95__003,,,
,,0.759764564958659,0.0,0.0,0.0,31,34,0,1.0,200h__robust__0.95__003,,,
0.5137614678899083,1.0,0.755568253567621,0.23333333333333334,0.4,0.7142857142857143,32,30,2,0.64,200h__robust__0.95__003,,,
-0.16504135291939268,,1.1667420246487732,0.24242424242424243,0.2222222222222222,0.07407407407407407,33,33,2,0.06,200h__robust__0.95__003,,,
0.8898036732108929,1.0,0.21741126129343336,0.3,1.0,0.8,34,30,2,0.7,200h__robust__0.95__003,,,
0.28680002868000287,,0.9087218016946825,0.13793103448275862,0.5714285714285714,0.0,35,29,2,0.64,200h__robust__0.95__003,,,
,,0.7330621707939262,0.0,0.0,0.0,36,28,0,1.0,200h__robust__0.95__003,,,
,,0.625484967268576,0.0,0.0,0.0,37,31,0,1.0,200h__robust__0.95__003,,,
0.5597107121279071,1.0,0.5591932795913817,0.25806451612903225,0.375,1.0,38,31,2,0.58,200h__robust__0.95__003,,,
0.41111754487550667,1.0,0.9126598634597891,0.25,0.625,0.6666666666666666,39,28,3,0.48,200h__robust__0.95__003,,,
0.4517253398396654,1.0,0.8855303634300689,0.3333333333333333,0.6666666666666666,0.8333333333333334,40,33,3,0.38,200h__robust__0.95__003,,,
0.1558601407102372,1.0,1.3625773288533607,0.21875,0.3333333333333333,0.5555555555555556,41,32,3,0.38,200h__robust__0.95__003,,,
,,0.6369840444782822,0.0,0.0,0.0,42,35,0,1.0,200h__robust__0.95__003,,,
,,0.6369840444782822,0.0,0.0,0.0,43,35,0,1.0,200h__robust__0.95__003,,,
,,0.7873379661428357,0.0,0.0,0.0,44,32,0,1.0,200h__robust__0.95__003,,,
-0.1821593041105236,,1.3087367748125622,0.3103448275862069,0.21739130434782608,0.17391304347826086,45,29,2,0.08,200h__robust__0.95__003,,,
0.4904642379600741,1.0,0.7835085711328356,0.27586206896551724,0.75,0.8333333333333334,46,29,3,0.46,200h__robust__0.95__003,,,
0.5323721799492724,1.0,0.7555946146672832,0.22580645161290322,0.8,0.6,47,31,3,0.56,200h__robust__0.95__003,,,
,,0.8169151695570781,0.0,0.0,0.0,48,29,0,1.0,200h__robust__0.95__003,,,
0.33711721224920804,1.0,1.00279336797434,0.25806451612903225,0.5555555555555556,0.75,49,31,3,0.36,200h__robust__0.95__003,,,
,,0.7841675867636065,0.0,,,0,50,2,0.6987951807228916,750h__initial__0.95__037,,,
,,-0.0,0.0,,,1,51,0,1.0,750h__initial__0.95__037,,,
,,0.8487506669319027,0.0,,,2,56,2,0.6746987951807228,750h__initial__0.95__037,,,
,,0.8370430777415143,0.0,,,3,53,2,0.25301204819277107,750h__initial__0.95__037,,,
,,1.1338849581306207,0.0,,,4,53,3,0.4457831325301205,750h__initial__0.95__037,,,
,,-0.0,0.0,,,5,48,0,1.0,750h__initial__0.95__037,,,
,,0.9379822023303179,0.0,,,6,50,2,0.40963855421686746,750h__initial__0.95__037,,,
,,-0.0,0.0,,,7,52,0,1.0,750h__initial__0.95__037,,,
,,0.8361843291353123,0.0,,,8,54,2,0.6506024096385542,750h__initial__0.95__037,,,
,,-0.0,0.0,,,9,48,0,1.0,750h__initial__0.95__037,,,
,,-0.0,0.0,,,10,55,0,1.0,750h__initial__0.95__037,,,
,,-0.0,0.0,,,11,54,0,1.0,750h__initial__0.95__037,,,
,,0.859155120840167,0.0,,,12,53,2,0.25301204819277107,750h__initial__0.95__037,,,
,,0.791326301355357,0.0,,,13,53,2,0.6987951807228916,750h__initial__0.95__037,,,
,,-0.0,0.0,,,14,54,0,1.0,750h__initial__0.95__037,,,
,,0.9769593958739481,0.0,,,15,54,2,0.5301204819277109,750h__initial__0.95__037,,,
,,-0.0,0.0,,,16,54,0,1.0,750h__initial__0.95__037,,,
,,-0.0,0.0,,,17,56,0,1.0,750h__initial__0.95__037,,,
,,-0.0,0.0,,,18,53,0,1.0,750h__initial__0.95__037,,,
,,0.9167228256410174,0.0,,,19,53,2,0.6265060240963856,750h__initial__0.95__037,,,
,,-0.0,0.0,,,20,49,0,1.0,750h__initial__0.95__037,,,
,,-0.0,0.0,,,21,51,0,1.0,750h__initial__0.95__037,,,
,,-0.0,0.0,,,22,52,0,1.0,750h__initial__0.95__037,,,
,,-0.0,0.0,,,23,50,0,1.0,750h__initial__0.95__037,,,
,,-0.0,0.0,,,24,52,0,1.0,750h__initial__0.95__037,,,
,,-0.0,0.0,,,25,56,0,1.0,750h__initial__0.95__037,,,
,,-0.0,0.0,,,26,57,0,1.0,750h__initial__0.95__037,,,
,,-0.0,0.0,,,27,58,0,1.0,750h__initial__0.95__037,,,
,,0.8939876467529357,0.0,,,28,50,2,0.2289156626506024,750h__initial__0.95__037,,,
,,-0.0,0.0,,,29,54,0,1.0,750h__initial__0.95__037,,,
,,-0.0,0.0,,,30,54,0,1.0,750h__initial__0.95__037,,,
,,-0.0,0.0,,,31,57,0,1.0,750h__initial__0.95__037,,,
,,0.9010529693999892,0.0,,,32,50,2,0.6265060240963856,750h__initial__0.95__037,,,
,,-0.0,0.0,,,33,55,0,1.0,750h__initial__0.95__037,,,
,,-0.0,0.0,,,34,50,0,1.0,750h__initial__0.95__037,,,
,,0.945944779882926,0.0,,,35,51,2,0.40963855421686746,750h__initial__0.95__037,,,
,,-0.0,0.0,,,36,54,0,1.0,750h__initial__0.95__037,,,
,,-0.0,0.0,,,37,51,0,1.0,750h__initial__0.95__037,,,
,,0.4566513449099768,0.0,,,38,49,2,0.04819277108433735,750h__initial__0.95__037,,,
,,-0.0,0.0,,,39,48,0,1.0,750h__initial__0.95__037,,,
,,0.7913263013553571,0.0,,,40,53,2,0.1927710843373494,750h__initial__0.95__037,,,
,,0.9263734022114547,0.0,,,41,52,2,0.3253012048192771,750h__initial__0.95__037,,,
,,-0.0,0.0,,,42,54,0,1.0,750h__initial__0.95__037,,,
,,-0.0,0.0,,,43,54,0,1.0,750h__initial__0.95__037,,,
,,0.9347556329855197,0.0,,,44,53,2,0.6265060240963856,750h__initial__0.95__037,,,
,,-0.0,0.0,,,45,50,0,1.0,750h__initial__0.95__037,,,
,,0.8932709898091823,0.0,,,46,53,2,0.6385542168674698,750h__initial__0.95__037,,,
,,-0.0,0.0,,,47,52,0,1.0,750h__initial__0.95__037,,,
,,0.9792996695349505,0.0,,,48,48,2,0.4939759036144578,750h__initial__0.95__037,,,
,,-0.0,0.0,,,49,52,0,1.0,750h__initial__0.95__037,,,
,,0.6784899938962452,0.0,,,0,50,2,0.10843373493975904,750h__max__0.9__023,,,
,,0.8623456364443818,0.0,,,1,51,2,0.6385542168674698,750h__max__0.9__023,,,
,,1.0820754353827415,0.0,,,2,56,3,0.5662650602409639,750h__max__0.9__023,,,
,,1.061434701523432,0.0,,,3,53,3,0.4819277108433735,750h__max__0.9__023,,,
,,1.175473204839079,0.0,,,4,53,3,0.37349397590361444,750h__max__0.9__023,,,
,,1.0236697050927184,0.0,,,5,48,3,0.5783132530120482,750h__max__0.9__023,,,
,,1.2347136622190238,0.0,,,6,50,3,0.4578313253012048,750h__max__0.9__023,,,
,,0.47560341160152775,0.0,,,7,52,2,0.8072289156626506,750h__max__0.9__023,,,
,,0.9907546939370395,0.0,,,8,54,3,0.5903614457831325,750h__max__0.9__023,,,
,,-0.0,0.0,,,9,48,0,1.0,750h__max__0.9__023,,,
,,0.7954184226076528,0.0,,,10,55,2,0.6506024096385542,750h__max__0.9__023,,,
,,0.9649166066545354,0.0,,,11,54,2,0.5421686746987951,750h__max__0.9__023,,,
,,1.335329483626224,0.0,,,12,53,4,0.46987951807228917,750h__max__0.9__023,,,
,,1.1417280818279067,0.0,,,13,53,3,0.5662650602409639,750h__max__0.9__023,,,
,,1.3122263275451367,0.0,,,14,54,3,0.42168674698795183,750h__max__0.9__023,,,
,,1.1596378000938619,0.0,,,15,54,3,0.5301204819277109,750h__max__0.9__023,,,
,,-0.0,0.0,,,16,54,0,1.0,750h__max__0.9__023,,,
,,1.026275771658137,0.0,,,17,56,3,0.1566265060240964,750h__max__0.9__023,,,
,,0.8024390668370369,0.0,,,18,53,2,0.1927710843373494,750h__max__0.9__023,,,
,,-0.0,0.0,,,19,53,0,1.0,750h__max__0.9__023,,,
,,0.9822298832092144,0.0,,,20,49,2,0.5421686746987951,750h__max__0.9__023,,,
,,0.8739004142690672,0.0,,,21,51,2,0.6506024096385542,750h__max__0.9__023,,,
,,1.2752377029632265,0.0,,,22,52,3,0.3253012048192771,750h__max__0.9__023,,,
,,-0.0,0.0,,,23,50,0,1.0,750h__max__0.9__023,,,
,,1.0252664719165645,0.0,,,24,52,2,0.5180722891566265,750h__max__0.9__023,,,
,,-0.0,0.0,,,25,56,0,1.0,750h__max__0.9__023,,,
,,-0.0,0.0,,,26,57,0,1.0,750h__max__0.9__023,,,
,,0.926903442738731,0.0,,,27,58,2,0.43373493975903615,750h__max__0.9__023,,,
,,1.2142499024577058,0.0,,,28,50,3,0.4819277108433735,750h__max__0.9__023,,,
,,-0.0,0.0,,,29,54,0,1.0,750h__max__0.9__023,,,
,,-0.0,0.0,,,30,54,0,1.0,750h__max__0.9__023,,,
,,0.7581560512603862,0.0,,,31,57,2,0.7228915662650602,750h__max__0.9__023,,,
,,1.1344288282498625,0.0,,,32,50,3,0.4819277108433735,750h__max__0.9__023,,,
,,-0.0,0.0,,,33,55,0,1.0,750h__max__0.9__023,,,
,,-0.0,0.0,,,34,50,0,1.0,750h__max__0.9__023,,,
,,0.8082699580001821,0.0,,,35,51,2,0.5903614457831325,750h__max__0.9__023,,,
,,-0.0,0.0,,,36,54,0,1.0,750h__max__0.9__023,,,
,,-0.0,0.0,,,37,51,0,1.0,750h__max__0.9__023,,,
,,1.3758949730950205,0.0,,,38,49,4,0.37349397590361444,750h__max__0.9__023,,,
,,0.7781325481710262,0.0,,,39,48,2,0.6265060240963856,750h__max__0.9__023,,,
,,0.7913263013553571,0.0,,,40,53,2,0.1927710843373494,750h__max__0.9__023,,,
,,0.9895531005781191,0.0,,,41,52,2,0.3493975903614458,750h__max__0.9__023,,,
,,-0.0,0.0,,,42,54,0,1.0,750h__max__0.9__023,,,
,,0.7743112444987517,0.0,,,43,54,2,0.6385542168674698,750h__max__0.9__023,,,
,,0.8217064902556375,0.0,,,44,53,2,0.7349397590361446,750h__max__0.9__023,,,
,,-0.0,0.0,,,45,50,0,1.0,750h__max__0.9__023,,,
,,1.404079139419258,0.0,,,46,53,4,0.46987951807228917,750h__max__0.9__023,,,
,,-0.0,0.0,,,47,52,0,1.0,750h__max__0.9__023,,,
,,1.2473546435646823,0.0,,,48,48,3,0.40963855421686746,750h__max__0.9__023,,,
,,-0.0,0.0,,,49,52,0,1.0,750h__max__0.9__023,,,
0.4319383592687717,,0.9988911467910869,0.5416666666666666,0.0,0.75,0,48,2,0.46835443037974683,300h__initial__0.95__001,,,
0.10048459910379365,0.29850746268656714,1.5772626707732047,0.3137254901960784,0.5714285714285714,0.18518518518518517,1,51,4,0.5063291139240507,300h__initial__0.95__001,,,
0.20927724774694792,0.1965065502183406,1.4171662440569346,0.4339622641509434,0.14285714285714285,0.5161290322580645,2,53,3,0.4177215189873418,300h__initial__0.95__001,,,
0.2253387155265176,,0.9984251249424272,0.6274509803921569,0.07142857142857142,0.6904761904761905,3,51,2,0.10126582278481013,300h__initial__0.95__001,,,
0.16246103553270122,0.20689655172413793,1.6691810856474292,0.46153846153846156,0.42857142857142855,0.41379310344827586,4,52,4,0.43037974683544306,300h__initial__0.95__001,,,
0.4610723517803041,1.0,0.8058578752236043,0.6086956521739131,0.5,0.7878787878787878,5,46,2,0.25316455696202533,300h__initial__0.95__001,,,
0.6602573266619014,0.7968470082407739,0.7397040298395523,0.5714285714285714,0.6,0.8571428571428571,6,49,3,0.35443037974683544,300h__initial__0.95__001,,,
-0.010629809355191108,,1.4757718775046693,0.2127659574468085,0.0,0.32,7,47,3,0.6455696202531646,300h__initial__0.95__001,,,
0.11561138710459977,0.23251047973917094,1.8847746576572548,0.4583333333333333,0.6666666666666666,0.34615384615384615,8,48,7,0.25316455696202533,300h__initial__0.95__001,,,
0.19849627835168007,0.5867234181877712,1.0964385648981223,0.4,0.8,0.4230769230769231,9,45,3,0.5316455696202531,300h__initial__0.95__001,,,
0.07994750313307507,0.16237113402061856,1.7272982457447505,0.2962962962962963,0.25,0.24,10,54,5,0.5189873417721519,300h__initial__0.95__001,,,
0.05338191034373515,0.02875979599452668,2.2088081641862085,0.4583333333333333,0.2,0.15384615384615385,11,48,7,0.2911392405063291,300h__initial__0.95__001,,,
0.11256940938919738,,1.2218979942377948,0.3269230769230769,0.0,0.3448275862068966,12,52,3,0.569620253164557,300h__initial__0.95__001,,,
,,0.864079596598698,0.0,0.0,0.0,13,52,0,1.0,300h__initial__0.95__001,,,
0.0469004752488986,,1.0764693207699247,0.58,0.06666666666666667,0.5777777777777777,14,50,2,0.06329113924050633,300h__initial__0.95__001,,,
0.7399925525972817,1.0,0.5304889846705425,0.5510204081632653,0.2,0.9285714285714286,15,49,2,0.35443037974683544,300h__initial__0.95__001,,,
,,0.864079596598698,0.0,0.0,0.0,16,52,0,1.0,300h__initial__0.95__001,,,
0.014200781608889303,-0.09817813765182186,1.5269449384030545,0.5961538461538461,0.1,0.5333333333333333,17,52,3,0.0759493670886076,300h__initial__0.95__001,,,
0.2182766232777651,,1.3393125883465455,0.3829787234042553,0.0,0.46153846153846156,18,47,3,0.5443037974683544,300h__initial__0.95__001,,,
0.804603014131367,1.0,0.4997155786411538,0.6470588235294118,0.6,0.9375,19,51,2,0.31645569620253167,300h__initial__0.95__001,,,
0.39082043411034634,0.7384481255448997,1.0278777338518132,0.5434782608695652,0.5,0.7333333333333333,20,46,3,0.17721518987341772,300h__initial__0.95__001,,,
0.13368712245243605,0.2803738317757009,1.424498401752839,0.3333333333333333,0.6,0.2608695652173913,21,45,5,0.46835443037974683,300h__initial__0.95__001,,,
0.5073173252997815,,0.8876033042545486,0.5098039215686274,0.0,0.8125,22,51,2,0.3924050632911392,300h__initial__0.95__001,,,
0.38523241464417934,0.8038967611336032,0.9168507534264986,0.6326530612244898,0.6,0.7297297297297297,23,49,2,0.16455696202531644,300h__initial__0.95__001,,,
0.35844565027131103,,1.0489180294051876,0.3673469387755102,0.0,0.72,24,49,2,0.5569620253164557,300h__initial__0.95__001,,,
0.0145372460496614,0.025356576862123614,1.9039429230307041,0.38461538461538464,0.16666666666666666,0.28125,25,52,4,0.4177215189873418,300h__initial__0.95__001,,,
0.502615199214819,0.8519141775347077,0.9764723667307775,0.6470588235294118,0.7142857142857143,0.7714285714285715,26,51,2,0.27848101265822783,300h__initial__0.95__001,,,
0.44239226033421286,0.791029037318999,1.2137399002381932,0.5306122448979592,0.375,0.7586206896551724,27,49,2,0.34177215189873417,300h__initial__0.95__001,,,
0.2863566867524058,,1.0372578616416521,0.34782608695652173,0.0,0.5454545454545454,28,46,2,0.6075949367088608,300h__initial__0.95__001,,,
-0.0513819034132526,,1.1964801309325952,0.16981132075471697,0.0,0.2,29,53,2,0.810126582278481,300h__initial__0.95__001,,,
0.588035792454244,,0.7142302915862886,0.46296296296296297,0.0,0.8620689655172413,30,54,2,0.35443037974683544,300h__initial__0.95__001,,,
,,1.1950396789488378,0.34,,0.3103448275862069,31,50,2,0.6075949367088608,300h__initial__0.95__001,,,
0.3551759518593494,1.0,0.8932029096557592,0.5652173913043478,0.5,0.7272727272727273,32,46,2,0.17721518987341772,300h__initial__0.95__001,,,
0.07140597100128111,,1.16883017910761,0.23076923076923078,0.0,0.3076923076923077,33,52,2,0.7848101265822784,300h__initial__0.95__001,,,
-0.022614993829961367,,1.6084319391688044,0.3018867924528302,0.0,0.25,34,53,5,0.4936708860759494,300h__initial__0.95__001,,,
0.5793838639639063,,0.7600290095774158,0.5,0.0,0.8076923076923077,35,46,3,0.43037974683544306,300h__initial__0.95__001,,,
0.2053240535944243,0.14219393876167127,1.4353729388148722,0.4791666666666667,0.3333333333333333,0.4074074074074074,36,48,4,0.34177215189873417,300h__initial__0.95__001,,,
-0.046564309086332745,,1.2640581929604782,0.2,0.0,0.23333333333333334,37,55,2,0.7848101265822784,300h__initial__0.95__001,,,
0.3859447885600673,0.2727272727272727,1.0994055265903893,0.4666666666666667,0.16666666666666666,0.6666666666666666,38,45,3,0.45569620253164556,300h__initial__0.95__001,,,
0.020375150833647764,,1.6735138557123288,0.3137254901960784,0.0,0.21428571428571427,39,51,6,0.5063291139240507,300h__initial__0.95__001,,,
0.17628890822819776,0.17363083164300203,1.6066785506223957,0.5185185185185185,0.5,0.36666666666666664,40,54,5,0.3670886075949367,300h__initial__0.95__001,,,
0.6306056146391581,0.8374127255961007,0.8467328806700993,0.6415094339622641,0.6666666666666666,0.8529411764705882,41,53,3,0.24050632911392406,300h__initial__0.95__001,,,
0.6820606807263926,1.0,0.658473735759801,0.6037735849056604,1.0,0.8709677419354839,42,53,3,0.3037974683544304,300h__initial__0.95__001,,,
0.020548560840195528,0.02164111812443643,2.012885908346548,0.40384615384615385,0.2,0.1935483870967742,43,52,5,0.4936708860759494,300h__initial__0.95__001,,,
,,0.9331267034298714,0.0,0.0,0.0,44,53,0,1.0,300h__initial__0.95__001,,,
0.2443858834235447,,1.2382852520325078,0.4791666666666667,0.0,0.625,45,48,2,0.43037974683544306,300h__initial__0.95__001,,,
0.5455844691483546,0.8017351124522608,1.0311657589747145,0.625,0.42857142857142855,0.8387096774193549,46,48,3,0.17721518987341772,300h__initial__0.95__001,,,
0.43364505621519384,1.0,1.0081183395197293,0.46938775510204084,0.25,0.7586206896551724,47,49,2,0.5316455696202531,300h__initial__0.95__001,,,
0.12106480573960089,0.26108682073703937,1.4723528305715994,0.2916666666666667,0.3333333333333333,0.21739130434782608,48,48,4,0.6075949367088608,300h__initial__0.95__001,,,
0.7267189350781206,1.0,0.6513521423583752,0.6470588235294118,0.5714285714285714,0.9354838709677419,49,51,3,0.17721518987341772,300h__initial__0.95__001,,,
-0.05335977723419027,0.125,2.181836112224034,0.13725490196078433,0.14285714285714285,0.125,0,51,4,0.6309523809523809,500h__max__0.9__003,0.2857142857142857,0.09090909090909091,0.09090909090909091
0.08083105853806491,0.14803824596109463,2.1698630992804144,0.30357142857142855,0.2,0.2,1,56,6,0.39285714285714285,500h__max__0.9__003,0.2727272727272727,0.2222222222222222,0.3333333333333333
0.2519611450293065,0.5524764150943396,1.8547602508785774,0.41379310344827586,0.25,0.25,2,58,5,0.40476190476190477,500h__max__0.9__003,0.7272727272727273,0.25,0.3333333333333333
0.15538195872049995,0.5017421602787456,1.6794076930907806,0.2037037037037037,0.14285714285714285,0.4,3,54,2,0.7142857142857143,500h__max__0.9__003,0.0,0.2727272727272727,0.2727272727272727
0.1884830035514967,0.6168359941944848,1.7992608334131064,0.24489795918367346,0.0,0.3333333333333333,4,49,4,0.6309523809523809,500h__max__0.9__003,0.4444444444444444,0.2222222222222222,0.4
-0.0033092698214695323,0.0387858347386172,2.2415857436020907,0.3018867924528302,0.14285714285714285,0.1111111111111111,5,53,4,0.44047619047619047,500h__max__0.9__003,0.2857142857142857,0.125,0.09523809523809523
0.03206890053329874,0.2395543175487465,2.2327867493532185,0.2641509433962264,0.09090909090909091,0.16666666666666666,6,53,4,0.47619047619047616,500h__max__0.9__003,0.2222222222222222,0.16666666666666666,0.2857142857142857
0.10944089975127068,0.26666666666666666,2.0301012195964607,0.23529411764705882,0.0,0.1111111111111111,7,51,4,0.6666666666666666,500h__max__0.9__003,0.5,0.2,0.2
0.00145853480666487,0.06149732620320856,2.4429752470811428,0.46153846153846156,0.18181818181818182,0.2727272727272727,8,52,5,0.2261904761904762,500h__max__0.9__003,0.2608695652173913,0.18181818181818182,0.09523809523809523
0.1217019420821991,0.4301948051948052,1.7719081381193975,0.25,0.16666666666666666,0.0,9,52,4,0.6309523809523809,500h__max__0.9__003,0.5,0.25,0.36363636363636365
0.25101163676936256,0.24546891156329867,1.7180271436014263,0.4482758620689655,0.045454545454545456,0.20833333333333334,10,58,3,0.4166666666666667,500h__max__0.9__003,0.6666666666666666,0.21739130434782608,0.25
0.04046263613451712,0.2125,2.0730818911012503,0.28,0.0,0.14285714285714285,11,50,5,0.4166666666666667,500h__max__0.9__003,0.25,0.13333333333333333,0.42857142857142855
0.12449310624493107,0.3767123287671233,1.9655295177892662,0.2692307692307692,0.0,0.3333333333333333,12,52,4,0.5238095238095238,500h__max__0.9__003,0.2727272727272727,0.2857142857142857,0.2222222222222222
0.11172259029707203,0.09497206703910614,2.3753335427022826,0.42,0.2857142857142857,0.3333333333333333,13,50,6,0.39285714285714285,500h__max__0.9__003,0.2,0.2222222222222222,0.25
0.09093385963863028,0.20681551116333724,1.8722875816002356,0.19230769230769232,0.0,0.0,14,52,3,0.6547619047619048,500h__max__0.9__003,0.3333333333333333,0.18181818181818182,0.16666666666666666
0.059451481138228124,0.4363256784968685,2.070227974150659,0.2962962962962963,0.2,0.3333333333333333,15,54,5,0.44047619047619047,500h__max__0.9__003,0.4166666666666667,0.125,0.05555555555555555
0.020782908210761498,0.09523809523809523,1.969290338608914,0.37254901960784315,0.14285714285714285,0.125,16,51,4,0.32142857142857145,500h__max__0.9__003,0.14285714285714285,0.24,0.23076923076923078
0.04817328651255517,0.07856730213749277,2.0138964439574525,0.20754716981132076,0.0,0.26666666666666666,17,53,2,0.6785714285714286,500h__max__0.9__003,0.09090909090909091,0.0625,0.23529411764705882
-0.008032063479211368,0.1891891891891892,1.9926121074620995,0.1111111111111111,0.16666666666666666,0.1111111111111111,18,54,3,0.7023809523809523,500h__max__0.9__003,0.0,0.2857142857142857,0.1111111111111111
0.014244744954404356,0.26956521739130435,1.8991989402929008,0.1509433962264151,0.6666666666666666,0.16666666666666666,19,53,5,0.5476190476190477,500h__max__0.9__003,0.25,0.125,0.0
0.03925827601464141,0.03305785123966942,2.296858899035351,0.2549019607843137,0.09090909090909091,0.2222222222222222,20,51,5,0.4880952380952381,500h__max__0.9__003,0.13333333333333333,0.16666666666666666,0.15384615384615385
0.07489168192455262,0.39539347408829173,2.083488173667604,0.2777777777777778,0.0,0.1875,21,54,3,0.5357142857142857,500h__max__0.9__003,0.7142857142857143,0.11764705882352941,0.16666666666666666
0.23769681797219844,0.6216253067902918,1.7463253110381478,0.43859649122807015,0.75,0.2,22,57,6,0.30952380952380953,500h__max__0.9__003,0.8888888888888888,0.36363636363636365,0.2
0.012892411739933536,0.2407079646017699,2.176897913763869,0.2765957446808511,0.16666666666666666,0.16666666666666666,23,47,4,0.4880952380952381,500h__max__0.9__003,0.26666666666666666,0.14285714285714285,0.2222222222222222
-0.016056933316655364,-0.011699420330835571,1.7935968100993653,0.5471698113207547,0.0851063829787234,0.06382978723404255,24,53,2,0.03571428571428571,500h__max__0.9__003,0.2,0.1111111111111111,0.1702127659574468
0.142239308024988,0.42483262325015214,1.8991912326317586,0.29411764705882354,0.16666666666666666,0.375,25,51,5,0.5119047619047619,500h__max__0.9__003,0.375,0.3333333333333333,0.18181818181818182
0.03129079248566942,0.2177650429799427,1.9939420977257822,0.23214285714285715,0.125,0.2857142857142857,26,56,3,0.4642857142857143,500h__max__0.9__003,0.18181818181818182,0.21052631578947367,0.09523809523809523
0.11670114864007651,0.4773060029282577,2.0219700642177774,0.3148148148148148,0.3333333333333333,0.25,27,54,6,0.4523809523809524,500h__max__0.9__003,0.5,0.3,0.2857142857142857
0.1858828309799881,0.34890450599421247,1.6645351764868783,0.29411764705882354,0.0,0.0,28,51,7,0.4642857142857143,500h__max__0.9__003,0.4444444444444444,0.25,0.2
0.0009815891197741534,0.14178871922717357,2.4943968587779812,0.3103448275862069,0.2,0.16666666666666666,29,58,6,0.32142857142857145,500h__max__0.9__003,0.42857142857142855,0.125,0.2
0.10453955349351948,0.0898876404494382,1.776457892546279,0.16363636363636364,0.0,0.0,30,55,3,0.7619047619047619,500h__max__0.9__003,0.4,0.125,0.0
0.04557716142605689,0.5357142857142857,2.016252979009282,0.22807017543859648,0.0,0.25,31,57,4,0.5714285714285714,500h__max__0.9__003,0.36363636363636365,0.3333333333333333,0.09090909090909091
0.07424091217352469,0.5263157894736842,1.7700249981221918,0.16666666666666666,0.0,0.07692307692307693,32,54,2,0.7380952380952381,500h__max__0.9__003,0.36363636363636365,0.14285714285714285,0.15384615384615385
0.12495328997340276,0.038933333333333334,2.1493850163332713,0.32075471698113206,0.0,0.2727272727272727,33,53,5,0.4880952380952381,500h__max__0.9__003,0.13333333333333333,0.3,0.25
0.10991329405408187,0.13625866050808313,2.0529080225667933,0.30357142857142855,0.05263157894736842,0.15789473684210525,34,56,3,0.4880952380952381,500h__max__0.9__003,0.3333333333333333,0.21052631578947367,0.2
0.00020971745874280275,-0.01744186046511628,2.401366510818021,0.2777777777777778,0.18181818181818182,0.14285714285714285,35,54,3,0.40476190476190477,500h__max__0.9__003,0.13333333333333333,0.07142857142857142,0.13333333333333333
0.04567474669715989,0.6590909090909091,1.7911929655450745,0.11764705882352941,0.0,0.42857142857142855,36,51,3,0.6904761904761905,500h__max__0.9__003,0.0,0.14285714285714285,0.14285714285714285
-0.02397230063514467,-0.07051492292554937,2.673248003990824,0.30357142857142855,0.15384615384615385,0.125,37,56,5,0.2976190476190476,500h__max__0.9__003,0.18181818181818182,0.16666666666666666,0.10526315789473684
0.06416886695573971,0.6475195822454308,1.7655648661094503,0.18867924528301888,0.0,0.5,38,53,5,0.6547619047619048,500h__max__0.9__003,0.25,0.3333333333333333,0.2
0.08764129602591635,0.526813880126183,1.905881845480462,0.32,0.5,0.2857142857142857,39,50,6,0.34523809523809523,500h__max__0.9__003,0.5,0.25,0.25
0.06765103829637037,0.22935779816513763,2.2121713106942997,0.2727272727272727,0.125,0.25,40,55,6,0.4642857142857143,500h__max__0.9__003,0.3333333333333333,0.2,0.2222222222222222
0.07524867847176847,0.129478702137475,2.361180696399823,0.32727272727272727,0.1111111111111111,0.2222222222222222,41,55,5,0.36904761904761907,500h__max__0.9__003,0.25,0.2857142857142857,0.2857142857142857
0.12636029050707795,0.4231378763866878,2.0075611719202158,0.2545454545454545,0.1111111111111111,0.4,42,55,4,0.6190476190476191,500h__max__0.9__003,0.4444444444444444,0.2,0.16666666666666666
0.11124768327841845,0.20103761348897536,1.9680735366628408,0.38181818181818183,0.0,0.1111111111111111,43,55,3,0.40476190476190477,500h__max__0.9__003,0.5,0.17391304347826086,0.3333333333333333
0.061470395590543396,0.18239067055393585,2.4055853400851763,0.3333333333333333,0.16666666666666666,0.14285714285714285,44,57,6,0.4523809523809524,500h__max__0.9__003,0.3333333333333333,0.1,0.3
-0.08841193034433029,-0.010802825354323439,1.8343794130527673,0.5172413793103449,0.06521739130434782,0.13043478260869565,45,58,3,0.07142857142857142,500h__max__0.9__003,0.3,0.08695652173913043,0.17391304347826086
0.18900638366799682,0.2985386221294363,2.0140599656513434,0.3620689655172414,0.0,0.2727272727272727,46,58,5,0.44047619047619047,500h__max__0.9__003,0.5,0.4,0.23076923076923078
-0.033623933362300885,-0.02097902097902098,2.379872731264616,0.35714285714285715,0.10714285714285714,0.16666666666666666,47,56,3,0.4166666666666667,500h__max__0.9__003,0.15625,0.0625,0.13793103448275862
0.09015425861827495,0.3524229074889868,1.8046214048997355,0.29411764705882354,0.08695652173913043,0.14285714285714285,48,51,2,0.4523809523809524,500h__max__0.9__003,0.5555555555555556,0.043478260869565216,0.16666666666666666
-0.013973260006453514,0.11910759265922993,2.5301960838272812,0.34,0.2222222222222222,0.14285714285714285,49,50,6,0.2857142857142857,500h__max__0.9__003,0.3,0.2222222222222222,0.15384615384615385
,,1.1580548603511134,0.0,0.0,0.0,0,51,0,1.0,500h__initial__0.9__017,0.0,,
-0.009543259836365241,-0.037037037037037035,1.958250373980354,0.3392857142857143,0.18181818181818182,0.11428571428571428,1,56,2,0.25,500h__initial__0.9__017,0.2,,
0.3012980085348506,0.7554806070826307,1.136789637828835,0.5172413793103449,0.08823529411764706,1.0,2,58,2,0.2857142857142857,500h__initial__0.9__017,0.5142857142857142,,
,,1.242332149586481,0.0,0.0,0.0,3,54,0,1.0,500h__initial__0.9__017,0.0,,
,,1.1843001107157978,0.0,0.0,0.0,4,49,0,1.0,500h__initial__0.9__017,0.0,,
-0.04348910934752796,,1.698423901486651,0.4716981132075472,0.0975609756097561,0.18181818181818182,5,53,2,0.15476190476190477,500h__initial__0.9__017,0.30952380952380953,,
,,1.2658562628308219,0.0,0.0,0.0,6,53,0,1.0,500h__initial__0.9__017,0.0,,
-0.03408476479640644,0.0058445353594389245,1.5557553214601174,0.5490196078431373,0.13636363636363635,0.125,7,51,2,0.10714285714285714,500h__initial__0.9__017,0.3333333333333333,,
-0.011576310158037235,-0.03153094462540717,1.5255486682131991,0.5576923076923077,0.09090909090909091,0.17391304347826086,8,52,2,0.10714285714285714,500h__initial__0.9__017,0.2826086956521739,,
,,1.2047933096947843,0.0,0.0,0.0,9,52,0,1.0,500h__initial__0.9__017,0.0,,
0.18769730314783079,0.5175297051488925,1.558524440969705,0.39655172413793105,0.20833333333333334,0.5555555555555556,10,58,2,0.5238095238095238,500h__initial__0.9__017,0.4482758620689655,,
0.16056828703098272,-0.05813953488372093,1.5151449103814447,0.26,0.09090909090909091,0.0,11,50,2,0.6904761904761905,500h__initial__0.9__017,0.3684210526315789,,
0.08140512681405127,1.0,1.4013916331539338,0.1346153846153846,0.25,0.0,12,52,2,0.7738095238095238,500h__initial__0.9__017,0.38461538461538464,,
,,1.2211217392753921,0.0,0.0,0.0,13,50,0,1.0,500h__initial__0.9__017,0.0,,
,,1.2286135870334844,0.0,0.0,0.0,14,52,0,1.0,500h__initial__0.9__017,0.0,,
,,1.232465117124531,0.0,0.0,0.0,15,54,0,1.0,500h__initial__0.9__017,0.0,,
,,1.0720271984271144,0.0,0.0,0.0,16,51,0,1.0,500h__initial__0.9__017,0.0,,
,,1.2198132242342472,0.0,0.0,0.0,17,53,0,1.0,500h__initial__0.9__017,0.0,,
,,1.2503972265719692,0.0,0.0,0.0,18,54,0,1.0,500h__initial__0.9__017,0.0,,
0.17351506271434783,0.23529411764705882,1.454407136014086,0.24528301886792453,0.0,0.36363636363636365,19,53,2,0.75,500h__initial__0.9__017,0.3333333333333333,,
,,1.2807150451689835,0.0,0.0,0.0,20,51,0,1.0,500h__initial__0.9__017,0.0,,
0.059510338442547064,-0.11428571428571428,1.7061236172291545,0.24074074074074073,0.14285714285714285,0.0,21,54,2,0.6904761904761905,500h__initial__0.9__017,0.2916666666666667,,
0.593253132362808,0.6585275161130392,0.8722966456412209,0.5263157894736842,0.14285714285714285,0.7777777777777778,22,57,2,0.40476190476190477,500h__initial__0.9__017,0.76,,
-0.020284006687909296,,1.545217415237753,0.5106382978723404,0.07894736842105263,0.15,23,47,2,0.15476190476190477,500h__initial__0.9__017,0.39473684210526316,,
,,1.139106269551955,0.0,0.0,0.0,24,53,0,1.0,500h__initial__0.9__017,0.0,,
,,1.2756420745117274,0.0,0.0,0.0,25,51,0,1.0,500h__initial__0.9__017,0.0,,
-0.05964788317729494,,1.6983069635756332,0.4107142857142857,0.10810810810810811,0.1794871794871795,26,56,2,0.27380952380952384,500h__initial__0.9__017,0.3157894736842105,,
0.09826541621711345,-0.12087912087912088,1.6728238089456169,0.3148148148148148,0.18181818181818182,0.0,27,54,2,0.5833333333333334,500h__initial__0.9__017,0.32142857142857145,,
,,1.2989204161318026,0.0,0.0,0.0,28,51,0,1.0,500h__initial__0.9__017,0.0,,
-0.0068867705818980215,-0.013942680092951201,1.9422932944904185,0.3793103448275862,0.13157894736842105,0.10810810810810811,29,58,2,0.23809523809523808,500h__initial__0.9__017,0.24444444444444444,,
,,1.2589642853128074,0.0,0.0,0.0,30,55,0,1.0,500h__initial__0.9__017,0.0,,
,,1.2028702608292963,0.0,0.0,0.0,31,57,0,1.0,500h__initial__0.9__017,0.0,,
,,1.246584300858714,0.0,0.0,0.0,32,54,0,1.0,500h__initial__0.9__017,0.0,,
0.1884950342797629,0.06666666666666667,1.7896186447887559,0.3018867924528302,0.26666666666666666,0.25,33,53,2,0.6071428571428571,500h__initial__0.9__017,0.25,,
,,1.2005913742050751,0.0,0.0,0.0,34,56,0,1.0,500h__initial__0.9__017,0.0,,
-0.008608971454463071,-0.010401188707280832,2.0228412948003394,0.3148148148148148,0.0967741935483871,0.12903225806451613,35,54,2,0.25,500h__initial__0.9__017,0.21052631578947367,,
,,1.2564158729476085,0.0,0.0,0.0,36,51,0,1.0,500h__initial__0.9__017,0.0,,
0.00841091492776886,-0.01014760147601476,2.042103847396833,0.2857142857142857,0.0967741935483871,0.14705882352941177,37,56,2,0.30952380952380953,500h__initial__0.9__017,0.16216216216216217,,
,,1.242706372194321,0.0,0.0,0.0,38,53,0,1.0,500h__initial__0.9__017,0.0,,
0.04768671071142541,1.0,1.5078606742649066,0.12,0.3333333333333333,0.0,39,50,2,0.7380952380952381,500h__initial__0.9__017,0.26666666666666666,,
0.04189568997743226,-0.0963855421686747,1.8110740889320884,0.23636363636363636,0.16666666666666666,0.0,40,55,2,0.6071428571428571,500h__initial__0.9__017,0.24,,
0.021980735984193627,0.015789473684210527,1.858067069194137,0.3090909090909091,0.12903225806451613,0.17647058823529413,41,55,2,0.2857142857142857,500h__initial__0.9__017,0.15789473684210525,,
0.11993270692143725,0.6122860020140987,1.5977712911131996,0.4,0.10344827586206896,0.5,42,55,2,0.39285714285714285,500h__initial__0.9__017,0.4411764705882353,,
,,1.247887997300802,0.0,0.0,0.0,43,55,0,1.0,500h__initial__0.9__017,0.0,,
-0.006199147617202635,-0.03103417346847251,2.0514612424928083,0.3508771929824561,0.17647058823529413,0.1388888888888889,44,57,2,0.21428571428571427,500h__initial__0.9__017,0.1794871794871795,,
,,1.216056234869367,0.0,0.0,0.0,45,58,0,1.0,500h__initial__0.9__017,0.0,,
0.195768963607108,0.4914307004470939,1.4836717604638314,0.25862068965517243,0.2727272727272727,0.0,46,58,2,0.6428571428571429,500h__initial__0.9__017,0.5263157894736842,,
,,1.300193033455676,0.0,0.0,0.0,47,56,0,1.0,500h__initial__0.9__017,0.0,,
0.15358725401982523,0.6486486486486487,1.4525537537967328,0.2549019607843137,0.125,0.4444444444444444,48,51,2,0.5595238095238095,500h__initial__0.9__017,0.3181818181818182,,
0.05830856959280379,,1.765456920142213,0.34,0.10344827586206896,0.23333333333333334,49,50,2,0.2857142857142857,500h__initial__0.9__017,0.18421052631578946,,
,,0.8082699580001821,0.0,0.0,0.0,0,34,0,1.0,1000h__max__full__003,,,
,,0.6565276849329175,0.0,0.0,0.0,1,32,0,1.0,1000h__max__full__003,,,
,,0.952566324667347,0.0,0.0,0.0,2,37,0,1.0,1000h__max__full__003,,,
-0.09601720523779708,,1.1886624474868321,0.3939393939393939,0.3448275862068966,0.10344827586206896,3,33,2,0.0196078431372549,1000h__max__full__003,,,
0.5107918399552874,0.7692307692307693,0.8420037646945726,0.28125,0.5714285714285714,1.0,4,32,4,0.5686274509803921,1000h__max__full__003,,,
,,0.9701157839869381,0.0,0.0,0.0,5,30,0,1.0,1000h__max__full__003,,,
,,0.8851098281563503,0.0,0.0,0.0,6,31,0,1.0,1000h__max__full__003,,,
0.12298387096774194,,1.3300479515742685,0.13333333333333333,0.5,0.0,7,30,3,0.6078431372549019,1000h__max__full__003,,,
,,0.886941471463143,0.0,0.0,0.0,8,33,0,1.0,1000h__max__full__003,,,
0.4306791854651872,0.5555555555555556,1.1134594605142363,0.3103448275862069,0.6666666666666666,0.5,9,29,3,0.47058823529411764,1000h__max__full__003,,,
,,0.8191744518955588,0.0,0.0,0.0,10,35,0,1.0,1000h__max__full__003,,,
,,0.5623351446188083,0.0,0.0,,11,28,0,1.0,1000h__max__full__003,,,
,,0.861145868795451,0.0,0.0,0.0,12,35,0,1.0,1000h__max__full__003,,,
0.5700570793058894,0.5921450151057401,0.9103032578345118,0.3125,0.6363636363636364,0.5,13,32,2,0.6470588235294118,1000h__max__full__003,,,
0.6038008446321405,1.0,0.5469446312531998,0.3225806451612903,0.6,1.0,14,31,2,0.6470588235294118,1000h__max__full__003,,,
,,0.8495341388017252,0.0,0.0,0.0,15,38,0,1.0,1000h__max__full__003,,,
0.3140661801613962,,0.9981767213887478,0.14705882352941177,0.3333333333333333,0.0,16,34,2,0.7843137254901961,1000h__max__full__003,,,
,,0.7774621319109288,0.0,0.0,0.0,17,32,0,1.0,1000h__max__full__003,,,
0.7644214162348877,0.6357615894039735,0.5022273225558633,0.3333333333333333,0.6666666666666666,0.8,18,33,2,0.5882352941176471,1000h__max__full__003,,,
0.7033536936729284,1.0,0.524805870099853,0.24242424242424243,0.6666666666666666,0.8,19,33,2,0.6666666666666666,1000h__max__full__003,,,
,,0.7715028085945184,0.0,0.0,0.0,20,29,0,1.0,1000h__max__full__003,,,
0.30565257680518926,,1.1252183423468478,0.38235294117647056,0.5882352941176471,0.16666666666666666,21,34,2,0.3333333333333333,1000h__max__full__003,,,
0.8029963836748751,1.0,0.40604325551239073,0.30303030303030304,0.875,0.75,22,33,2,0.6666666666666666,1000h__max__full__003,,,
0.3574862886274131,1.0,0.8931331292981273,0.3103448275862069,0.45454545454545453,0.8,23,29,2,0.43137254901960786,1000h__max__full__003,,,
0.7352514576627699,1.0,0.5142764283224233,0.37142857142857144,0.8888888888888888,0.7142857142857143,24,35,2,0.49019607843137253,1000h__max__full__003,,,
0.5315648085963735,,0.8290496216704165,0.22580645161290322,0.5555555555555556,0.0,25,31,2,0.7254901960784313,1000h__max__full__003,,,
0.33033142593801607,,0.9556083326116454,0.12903225806451613,0.2857142857142857,0.0,26,31,2,0.7450980392156863,1000h__max__full__003,,,
0.7228406247303477,1.0,0.5409164448470578,0.30303030303030304,0.75,1.0,27,33,3,0.5882352941176471,1000h__max__full__003,,,
0.9481587415087593,0.6648199445983379,0.18580604937388956,0.4,0.8571428571428571,0.8333333333333334,28,30,2,0.5686274509803921,1000h__max__full__003,,,
,,0.7231140309553841,0.0,0.0,0.0,29,37,0,1.0,1000h__max__full__003,,,
,,0.9012084707132961,0.0,0.0,0.0,30,34,0,1.0,1000h__max__full__003,,,
0.4238739510190101,1.0,0.8787483496163611,0.27586206896551724,0.5555555555555556,0.6,31,29,2,0.6274509803921569,1000h__max__full__003,,,
,,0.798520444019148,0.0,0.0,0.0,32,33,0,1.0,1000h__max__full__003,,,
,,0.6922390496806912,0.0,0.0,0.0,33,32,0,1.0,1000h__max__full__003,,,
,,0.7037140977973515,0.0,0.0,0.0,34,31,0,1.0,1000h__max__full__003,,,
,,0.8583093118876355,0.0,0.0,0.0,35,31,0,1.0,1000h__max__full__003,,,
0.6687762669962917,1.0,0.6017820828711402,0.3448275862068966,0.6666666666666666,1.0,36,29,2,0.5490196078431373,1000h__max__full__003,,,
,,0.7902195307190024,0.0,0.0,0.0,37,31,0,1.0,1000h__max__full__003,,,
,,0.8064769418829218,0.0,0.0,0.0,38,32,0,1.0,1000h__max__full__003,,,
0.7866596082583377,1.0,0.3595526157253388,0.375,0.8,1.0,39,32,2,0.5490196078431373,1000h__max__full__003,,,
0.5404080455626847,1.0,0.7378302501262306,0.38235294117647056,0.6428571428571429,1.0,40,34,2,0.43137254901960786,1000h__max__full__003,,,
,,0.7873379661428357,0.0,0.0,0.0,41,32,0,1.0,1000h__max__full__003,,,
,,0.8651478972697317,0.0,0.0,0.0,42,37,0,1.0,1000h__max__full__003,,,
0.5567203097426713,1.0,0.7507290097255006,0.38235294117647056,0.7272727272727273,0.7142857142857143,43,34,2,0.47058823529411764,1000h__max__full__003,,,
,,0.8449127655611359,0.0,0.0,0.0,44,32,0,1.0,1000h__max__full__003,,,
0.49225473321858865,0.4948453608247423,0.9995101217338057,0.25806451612903225,0.375,0.6666666666666666,45,31,2,0.6666666666666666,1000h__max__full__003,,,
0.16086806751636237,,1.4201827600906693,0.27586206896551724,0.5,0.0,46,29,2,0.5294117647058824,1000h__max__full__003,,,
,,0.7161414579413184,0.0,0.0,0.0,47,31,0,1.0,1000h__max__full__003,,,
0.28561313163823626,1.0,1.1879665391857885,0.21875,0.5555555555555556,0.5,48,32,3,0.5294117647058824,1000h__max__full__003,,,
,,0.8720070548753092,0.0,0.0,0.0,49,30,0,1.0,1000h__max__full__003,,,
,,0.8082699580001821,0.0,0.0,0.0,0,34,0,1.0,1000h__initial__full__003,,,
,,0.6565276849329175,0.0,0.0,0.0,1,32,0,1.0,1000h__initial__full__003,,,
,,0.952566324667347,0.0,0.0,0.0,2,37,0,1.0,1000h__initial__full__003,,,
-0.09601720523779708,,1.1886624474868321,0.3939393939393939,0.3448275862068966,0.10344827586206896,3,33,2,0.0196078431372549,1000h__initial__full__003,,,
0.5906982885246984,1.0,0.6143367562734394,0.34375,0.7777777777777778,1.0,4,32,3,0.47058823529411764,1000h__initial__full__003,,,
,,0.9701157839869381,0.0,0.0,0.0,5,30,0,1.0,1000h__initial__full__003,,,
,,0.8851098281563503,0.0,0.0,0.0,6,31,0,1.0,1000h__initial__full__003,,,
0.09144282225801424,,1.3834308084677625,0.13333333333333333,0.5,0.0,7,30,3,0.5882352941176471,1000h__initial__full__003,,,
-0.13458493553494685,,1.3151703807724389,0.36363636363636365,0.32,0.16,8,33,2,0.1568627450980392,1000h__initial__full__003,,,
0.4306791854651872,0.5555555555555556,1.1134594605142363,0.3103448275862069,0.6666666666666666,0.5,9,29,3,0.47058823529411764,1000h__initial__full__003,,,
,,0.8191744518955588,0.0,0.0,0.0,10,35,0,1.0,1000h__initial__full__003,,,
,,0.900358055373371,0.25,0.5384615384615384,,11,28,2,0.43137254901960786,1000h__initial__full__003,,,
0.31352658889625845,1.0,0.9800923227802847,0.14285714285714285,0.375,0.4,12,35,2,0.7647058823529411,1000h__initial__full__003,,,
0.5700570793058894,0.5921450151057401,0.9103032578345118,0.3125,0.6363636363636364,0.5,13,32,2,0.6470588235294118,1000h__initial__full__003,,,
0.6038008446321405,1.0,0.5469446312531998,0.3225806451612903,0.6,1.0,14,31,2,0.6470588235294118,1000h__initial__full__003,,,
,,0.8495341388017252,0.0,0.0,0.0,15,38,0,1.0,1000h__initial__full__003,,,
0.3140661801613962,,0.9981767213887478,0.14705882352941177,0.3333333333333333,0.0,16,34,2,0.7843137254901961,1000h__initial__full__003,,,
,,0.7774621319109288,0.0,0.0,0.0,17,32,0,1.0,1000h__initial__full__003,,,
0.5965397923875433,0.6357615894039735,0.6828487243356003,0.3333333333333333,0.5454545454545454,0.8,18,33,2,0.5098039215686274,1000h__initial__full__003,,,
0.7033536936729284,1.0,0.524805870099853,0.24242424242424243,0.6666666666666666,0.8,19,33,2,0.6666666666666666,1000h__initial__full__003,,,
0.39220101080265396,,0.9182553488218648,0.27586206896551724,0.45454545454545453,0.2727272727272727,20,29,2,0.5098039215686274,1000h__initial__full__003,,,
0.30565257680518926,,1.1252183423468478,0.38235294117647056,0.5882352941176471,0.16666666666666666,21,34,2,0.3333333333333333,1000h__initial__full__003,,,
0.765097588978186,0.6017699115044248,0.5688561750793542,0.30303030303030304,0.75,0.6,22,33,2,0.6666666666666666,1000h__initial__full__003,,,
0.3035852338616158,1.0,0.9354043427526159,0.3103448275862069,0.4166666666666667,0.8,23,29,2,0.35294117647058826,1000h__initial__full__003,,,
0.6482513996916621,1.0,0.639873284714026,0.37142857142857144,0.8,0.7142857142857143,24,35,2,0.47058823529411764,1000h__initial__full__003,,,
0.5315648085963735,,0.8290496216704165,0.22580645161290322,0.5555555555555556,0.0,25,31,2,0.7254901960784313,1000h__initial__full__003,,,
0.3392603402588425,,0.9218503878526422,0.12903225806451613,0.42857142857142855,0.0,26,31,2,0.7254901960784313,1000h__initial__full__003,,,
0.5432525951557093,1.0,0.6042859622622752,0.3333333333333333,0.5833333333333334,1.0,27,33,2,0.45098039215686275,1000h__initial__full__003,,,
0.8412613231442923,0.6333333333333333,0.40650658988153054,0.36666666666666664,0.7142857142857143,0.8333333333333334,28,30,2,0.6274509803921569,1000h__initial__full__003,,,
,,0.7231140309553841,0.0,0.0,0.0,29,37,0,1.0,1000h__initial__full__003,,,
,,0.9012084707132961,0.0,0.0,0.0,30,34,0,1.0,1000h__initial__full__003,,,
0.4238739510190101,1.0,0.8787483496163611,0.27586206896551724,0.5555555555555556,0.6,31,29,2,0.6274509803921569,1000h__initial__full__003,,,
,,0.798520444019148,0.0,0.0,0.0,32,33,0,1.0,1000h__initial__full__003,,,
,,0.6922390496806912,0.0,0.0,0.0,33,32,0,1.0,1000h__initial__full__003,,,
,,0.7037140977973515,0.0,0.0,0.0,34,31,0,1.0,1000h__initial__full__003,,,
,,0.8583093118876355,0.0,0.0,0.0,35,31,0,1.0,1000h__initial__full__003,,,
0.6687762669962917,1.0,0.6017820828711402,0.3448275862068966,0.6666666666666666,1.0,36,29,2,0.5490196078431373,1000h__initial__full__003,,,
,,0.7902195307190024,0.0,0.0,0.0,37,31,0,1.0,1000h__initial__full__003,,,
,,0.8064769418829218,0.0,0.0,0.0,38,32,0,1.0,1000h__initial__full__003,,,
0.7866596082583377,1.0,0.3595526157253388,0.375,0.8,1.0,39,32,2,0.5490196078431373,1000h__initial__full__003,,,
0.5404080455626847,1.0,0.7378302501262306,0.38235294117647056,0.6428571428571429,1.0,40,34,2,0.43137254901960786,1000h__initial__full__003,,,
,,0.7873379661428357,0.0,0.0,0.0,41,32,0,1.0,1000h__initial__full__003,,,
,,0.8651478972697317,0.0,0.0,0.0,42,37,0,1.0,1000h__initial__full__003,,,
0.3555895905676072,1.0,0.9471287927825607,0.38235294117647056,0.5714285714285714,0.7142857142857143,43,34,2,0.35294117647058826,1000h__initial__full__003,,,
,,0.8449127655611359,0.0,0.0,0.0,44,32,0,1.0,1000h__initial__full__003,,,
,,0.8829809477449342,0.0,0.0,0.0,45,31,0,1.0,1000h__initial__full__003,,,
0.16394581451893017,,1.4138723021010644,0.3103448275862069,0.4666666666666667,0.0,46,29,2,0.45098039215686275,1000h__initial__full__003,,,
,,0.7161414579413184,0.0,0.0,0.0,47,31,0,1.0,1000h__initial__full__003,,,
0.37242865539084435,1.0,0.8843700375303324,0.1875,0.5,0.4,48,32,2,0.6274509803921569,1000h__initial__full__003,,,
0.4217824519614203,,0.8555041620121595,0.26666666666666666,0.8,0.0,49,30,2,0.5882352941176471,1000h__initial__full__003,,,
0.3643558384716013,,0.9339877150174822,0.09803921568627451,0.5714285714285714,0.0,0,51,4,0.7142857142857143,500h__robust__0.95__003,,,
0.18277079615778882,,1.1948809607440418,0.10714285714285714,0.2,0.23076923076923078,1,56,2,0.6309523809523809,500h__robust__0.95__003,,,
-0.1589809466190401,,1.1236447485331682,0.1896551724137931,0.1276595744680851,0.10638297872340426,2,58,2,0.13095238095238096,500h__robust__0.95__003,,,
-0.16885252097664222,,1.2051202023935337,0.24074074074074073,0.18181818181818182,0.11363636363636363,3,54,2,0.09523809523809523,500h__robust__0.95__003,,,
0.4786365475708743,0.08080808080808081,0.9034913018692597,0.16326530612244897,0.18181818181818182,0.6666666666666666,4,49,3,0.7142857142857143,500h__robust__0.95__003,,,
0.12315035230911874,,1.451654990293259,0.22641509433962265,0.3,0.3157894736842105,5,53,4,0.44047619047619047,500h__robust__0.95__003,,,
0.466437530615273,0.75,1.0539462167569684,0.22641509433962265,0.5,0.6666666666666666,6,53,4,0.5476190476190477,500h__robust__0.95__003,,,
-0.08161329965841244,,1.4832109528528903,0.13725490196078433,0.19230769230769232,0.07692307692307693,7,51,4,0.27380952380952384,500h__robust__0.95__003,,,
0.3740379114113301,1.0,0.8703511948704654,0.1346153846153846,0.14285714285714285,0.75,8,52,3,0.7142857142857143,500h__robust__0.95__003,,,
0.3307624327147104,1.0,1.0530481049881808,0.21153846153846154,0.6666666666666666,0.7142857142857143,9,52,4,0.44047619047619047,500h__robust__0.95__003,,,
0.3852168305658552,0.6357615894039735,1.069439690583129,0.1896551724137931,0.3333333333333333,0.75,10,58,3,0.5833333333333334,500h__robust__0.95__003,,,
0.30824867206435974,1.0,1.1901577234325589,0.16,0.5,0.6666666666666666,11,50,4,0.5476190476190477,500h__robust__0.95__003,,,
0.5215727734984645,,0.7693330446655835,0.15384615384615385,0.18181818181818182,0.6,12,52,3,0.6785714285714286,500h__robust__0.95__003,,,
0.06163521723228108,0.10256410256410256,1.6633448352202476,0.14,0.15384615384615385,0.3333333333333333,13,50,4,0.4523809523809524,500h__robust__0.95__003,,,
0.489306550031146,-0.046511627906976744,0.9171197695317437,0.19230769230769232,0.3076923076923077,0.36363636363636365,14,52,3,0.6428571428571429,500h__robust__0.95__003,,,
0.22608522896592828,0.06382978723404255,1.2180468609357387,0.2222222222222222,0.2857142857142857,0.3157894736842105,15,54,3,0.5119047619047619,500h__robust__0.95__003,,,
,,0.5872277704782173,0.0,0.0,0.0,16,51,0,1.0,500h__robust__0.95__003,,,
0.5781322308950113,0.43243243243243246,0.6405537258249022,0.1320754716981132,0.3333333333333333,0.6666666666666666,17,53,3,0.7738095238095238,500h__robust__0.95__003,,,
0.0848270108568036,,1.520314328868444,0.16666666666666666,0.23809523809523808,0.2222222222222222,18,54,3,0.5952380952380952,500h__robust__0.95__003,,,
-0.07115330934805533,-0.04854368932038835,1.8587201160486846,0.22641509433962265,0.24,0.21739130434782608,19,53,5,0.2261904761904762,500h__robust__0.95__003,,,
0.15210441554695575,0.0,1.4619909589116618,0.1568627450980392,0.2857142857142857,0.25,20,51,4,0.42857142857142855,500h__robust__0.95__003,,,
0.34825745361685717,0.17647058823529413,1.034412104773096,0.12962962962962962,0.25,0.4,21,54,4,0.6428571428571429,500h__robust__0.95__003,,,
0.1266946950729841,1.0,1.437081407915206,0.14035087719298245,0.2857142857142857,0.5454545454545454,22,57,4,0.44047619047619047,500h__robust__0.95__003,,,
0.2763836667543652,,1.1478454909239602,0.14893617021276595,0.2,0.5555555555555556,23,47,3,0.5952380952380952,500h__robust__0.95__003,,,
0.1685131231921493,,1.212364957144581,0.16981132075471697,0.18181818181818182,0.2631578947368421,24,53,2,0.6071428571428571,500h__robust__0.95__003,,,
0.25973129923146215,0.75,1.2463767054673185,0.23529411764705882,0.5714285714285714,1.0,25,51,6,0.38095238095238093,500h__robust__0.95__003,,,
-0.1427976007103637,,1.1480754262044086,0.14285714285714285,0.0975609756097561,0.0975609756097561,26,56,2,0.20238095238095238,500h__robust__0.95__003,,,
0.5194047867947358,1.0,0.8257027113809572,0.2777777777777778,0.7,0.8888888888888888,27,54,4,0.5238095238095238,500h__robust__0.95__003,,,
0.5066261058078954,0.6735751295336787,0.8688028360333115,0.19607843137254902,0.6,0.8333333333333334,28,51,5,0.5476190476190477,500h__robust__0.95__003,,,
,,0.5757295142804425,0.0,0.0,0.0,29,58,0,1.0,500h__robust__0.95__003,,,
0.16427077088711356,,1.5002557035257924,0.18181818181818182,0.23529411764705882,0.4,30,55,4,0.5238095238095238,500h__robust__0.95__003,,,
0.6610605724428666,1.0,0.5764607518863147,0.22807017543859648,0.75,0.6363636363636364,31,57,2,0.6785714285714286,500h__robust__0.95__003,,,
-0.15018596697999284,,1.4716235412078569,0.2777777777777778,0.23529411764705882,0.20588235294117646,32,54,3,0.2619047619047619,500h__robust__0.95__003,,,
-0.15352130977130976,,1.074520555985809,0.16981132075471697,0.11363636363636363,0.09090909090909091,33,53,2,0.07142857142857142,500h__robust__0.95__003,,,
0.25287204324181367,,1.0300941022560552,0.25,0.4166666666666667,0.16666666666666666,34,56,2,0.4642857142857143,500h__robust__0.95__003,,,
0.031933059521391416,0.0,1.5710833440462701,0.14814814814814814,0.14285714285714285,0.19047619047619047,35,54,4,0.38095238095238093,500h__robust__0.95__003,,,
,,0.6308288903867253,0.0,0.0,0.0,36,51,0,1.0,500h__robust__0.95__003,,,
,,0.6651212532715566,0.0,0.0,0.0,37,56,0,1.0,500h__robust__0.95__003,,,
-0.14109723101721258,,1.1711694209083727,0.2830188679245283,0.1956521739130435,0.13043478260869565,38,53,2,0.047619047619047616,500h__robust__0.95__003,,,
0.2729641399059983,0.1724137931034483,1.2918434152371414,0.16,0.14285714285714285,0.5,39,50,3,0.6785714285714286,500h__robust__0.95__003,,,
0.3779748492770902,0.35294117647058826,1.0811741856759347,0.2,0.42857142857142855,0.6,40,55,4,0.5595238095238095,500h__robust__0.95__003,,,
0.5639086704353572,0.4166666666666667,0.6487594872160374,0.12727272727272726,0.42857142857142855,0.42857142857142855,41,55,2,0.8333333333333334,500h__robust__0.95__003,,,
0.6563788157094501,,0.4805281208787443,0.14545454545454545,0.75,0.0,42,55,2,0.7976190476190477,500h__robust__0.95__003,,,
,,0.741105114620041,0.0,0.0,0.0,43,55,0,1.0,500h__robust__0.95__003,,,
0.012429571760300974,-0.08409986859395532,1.2858773687731364,0.19298245614035087,0.2,0.12903225806451613,44,57,2,0.35714285714285715,500h__robust__0.95__003,,,
0.12250956059389333,-0.03587443946188341,1.3898009083886418,0.20689655172413793,0.2,0.19230769230769232,45,58,2,0.47619047619047616,500h__robust__0.95__003,,,
-0.14146759508837226,,1.219217665602978,0.1724137931034483,0.125,0.125,46,58,2,0.21428571428571427,500h__robust__0.95__003,,,
-0.1494673497601041,,1.0975801569326933,0.21428571428571427,0.125,0.125,47,56,2,0.05952380952380952,500h__robust__0.95__003,,,
0.08762214039258893,,1.2803652757050654,0.21568627450980393,0.22727272727272727,0.2727272727272727,48,51,3,0.40476190476190477,500h__robust__0.95__003,,,
0.45155458218910494,,0.8712448872047442,0.14,0.18181818181818182,0.5555555555555556,49,50,2,0.7976190476190477,500h__robust__0.95__003,,,
,,0.9637656354372448,0.5833333333333334,0.6046511627906976,,0,48,2,0.43037974683544306,300h__robust__full__004,,,
0.9526522687123009,1.0,0.20246145445848773,0.8627450980392157,1.0,0.5,1,51,2,0.05063291139240506,300h__robust__full__004,,,
0.9688825102746428,1.0,0.15368707675376503,0.9056603773584906,1.0,0.5714285714285714,2,53,2,0.0379746835443038,300h__robust__full__004,,,
0.9790959618316856,1.0,0.12034602073109901,0.9215686274509803,1.0,0.6,3,51,2,0.0379746835443038,300h__robust__full__004,,,
0.44798443843529645,0.4832189559220185,0.961028323493968,0.8461538461538461,0.8222222222222222,0.375,4,52,2,0.0759493670886076,300h__robust__full__004,,,
0.9668428640076886,1.0,0.16419446641615343,0.8913043478260869,1.0,0.7142857142857143,5,46,2,0.0759493670886076,300h__robust__full__004,,,
0.3251056866221192,,0.9336679655326635,0.673469387755102,0.75,0.0,6,49,2,0.31645569620253167,300h__robust__full__004,,,
0.9708873080666818,1.0,0.15285411371947166,0.8723404255319149,1.0,0.6,7,47,2,0.0759493670886076,300h__robust__full__004,,,
0.2875598000394188,0.8511861969805895,0.9451150550410363,0.5833333333333334,0.6216216216216216,0.8,8,48,3,0.3924050632911392,300h__robust__full__004,,,
-0.1297229052350913,,1.1107951842323993,0.26666666666666666,0.175,0.0,9,45,2,0.6329113924050633,300h__robust__full__004,,,
0.7904796148977135,1.0,0.4665872916080894,0.7222222222222222,0.95,0.16666666666666666,10,54,2,0.27848101265822783,300h__robust__full__004,,,
0.9725191955530471,1.0,0.13350465962156055,0.9166666666666666,1.0,0.5,11,48,2,0.0379746835443038,300h__robust__full__004,,,
0.9847713404129884,1.0,0.10010344944016847,0.8846153846153846,1.0,0.8,12,52,2,0.08860759493670886,300h__robust__full__004,,,
0.9260892851516965,1.0,0.14561713073726912,0.8653846153846154,0.975609756097561,1.0,13,52,2,0.17721518987341772,300h__robust__full__004,,,
,,0.6350047569400391,0.0,0.0,0.0,14,50,0,1.0,300h__robust__full__004,,,
-0.16547497446373852,,1.2215827266890167,0.2653061224489796,0.2,0.0,15,49,2,0.759493670886076,300h__robust__full__004,,,
0.9084708722892416,1.0,0.1354770908795413,0.9230769230769231,0.9777777777777777,1.0,16,52,2,0.0379746835443038,300h__robust__full__004,,,
0.55164901076995,0.3386778013878776,0.6866573570808521,0.8846153846153846,0.8936170212765957,0.16666666666666666,17,52,2,0.08860759493670886,300h__robust__full__004,,,
0.9708873080666818,1.0,0.15285411371947166,0.8723404255319149,1.0,0.6,18,47,2,0.08860759493670886,300h__robust__full__004,,,
0.976736689737383,1.0,0.13196307196259904,0.9019607843137255,1.0,0.6,19,51,2,0.05063291139240506,300h__robust__full__004,,,
0.2130406714009038,,1.0793066331955514,0.6086956521739131,0.6666666666666666,0.0,20,46,2,0.3670886075949367,300h__robust__full__004,,,
0.9549033643521833,1.0,0.2652332453551407,0.8444444444444444,1.0,0.5,21,45,2,0.10126582278481013,300h__robust__full__004,,,
0.9252691288236482,1.0,0.14798212144157152,0.8627450980392157,0.975,1.0,22,51,2,0.10126582278481013,300h__robust__full__004,,,
0.21541434579970445,0.6163731196613501,1.0903654733202282,0.5918367346938775,0.625,0.5,23,49,3,0.3291139240506329,300h__robust__full__004,,,
0.9806331069670511,1.0,0.11375880573911634,0.8571428571428571,1.0,0.8333333333333334,24,49,2,0.11392405063291139,300h__robust__full__004,,,
-0.1190606106903551,,1.098228267938204,0.28846153846153844,0.2608695652173913,0.0,25,52,2,0.6582278481012658,300h__robust__full__004,,,
0.9864412186951667,1.0,0.0931637783561996,0.9019607843137255,1.0,0.75,26,51,2,0.08860759493670886,300h__robust__full__004,,,
0.9002383169457553,1.0,0.1252199054702371,0.9591836734693877,0.9767441860465116,1.0,27,49,2,0.02531645569620253,300h__robust__full__004,,,
,,0.7068211651848291,0.0,0.0,0.0,28,46,0,1.0,300h__robust__full__004,,,
-0.12325037207821815,,1.175198679763484,0.32075471698113206,0.3181818181818182,0.0,29,53,2,0.7088607594936709,300h__robust__full__004,,,
0.9723839359806501,1.0,0.14827726166417876,0.8703703703703703,1.0,0.6666666666666666,30,54,2,0.10126582278481013,300h__robust__full__004,,,
0.9043184378520466,1.0,0.2431199303936631,0.9,0.975609756097561,0.8333333333333334,31,50,2,0.05063291139240506,300h__robust__full__004,,,
0.3626144004898174,0.7381621187800963,0.9232733916843812,0.6521739130434783,0.6857142857142857,0.8,32,46,3,0.27848101265822783,300h__robust__full__004,,,
0.9161666112322118,1.0,0.1350399903087599,0.9230769230769231,0.9772727272727273,1.0,33,52,2,0.0759493670886076,300h__robust__full__004,,,
0.10168390076429476,,0.9805426232888418,0.6226415094339622,0.6458333333333334,0.0,34,53,2,0.3291139240506329,300h__robust__full__004,,,
0.3922604841459257,,0.8263684860139879,0.7391304347826086,0.7948717948717948,0.0,35,46,2,0.21518987341772153,300h__robust__full__004,,,
0.894882252335219,1.0,0.2527290398930262,0.875,0.975,0.75,36,48,2,0.08860759493670886,300h__robust__full__004,,,
,,0.4140483413593772,0.0,0.0,0.0,37,55,0,1.0,300h__robust__full__004,,,
0.987696208195071,1.0,0.08079188754655875,0.9555555555555556,1.0,0.75,38,45,2,0.012658227848101266,300h__robust__full__004,,,
0.9806466302367942,1.0,0.11061766627996517,0.8235294117647058,1.0,0.8,39,51,2,0.1518987341772152,300h__robust__full__004,,,
0.9714786837542104,1.0,0.1953555866641007,0.8888888888888888,1.0,0.3333333333333333,40,54,2,0.06329113924050633,300h__robust__full__004,,,
0.8905737274324348,,0.28833439934220584,0.8301886792452831,0.9772727272727273,0.0,41,53,2,0.10126582278481013,300h__robust__full__004,,,
0.8596304662715959,0.8218674187022131,0.27908269022077126,0.8301886792452831,0.9523809523809523,0.75,42,53,2,0.17721518987341772,300h__robust__full__004,,,
0.5614249073529882,0.488356280809111,0.8495217907229733,0.8269230769230769,0.8636363636363636,0.2857142857142857,43,52,2,0.12658227848101267,300h__robust__full__004,,,
,,0.5242006217060988,0.0,0.0,0.0,44,53,0,1.0,300h__robust__full__004,,,
,,0.4563344322932884,0.0,0.0,0.0,45,48,0,1.0,300h__robust__full__004,,,
0.8862561909049977,1.0,0.12782865350086614,0.9583333333333334,0.9767441860465116,1.0,46,48,2,0.02531645569620253,300h__robust__full__004,,,
0.9607932788478025,1.0,0.18243346563801977,0.8571428571428571,1.0,0.5,47,49,2,0.10126582278481013,300h__robust__full__004,,,
0.2898346054877362,0.6956653073553843,0.9557426466789245,0.6458333333333334,0.65,0.6,48,48,3,0.25316455696202533,300h__robust__full__004,,,
,,0.6700035828793006,0.0,0.0,0.0,49,51,0,1.0,300h__robust__full__004,,,
,,1.060238040866242,0.2916666666666667,,0.18604651162790697,0,48,2,0.7468354430379747,300h__robust__0.95__001,,,
0.959489085883138,1.0,0.1874649699177766,0.8627450980392157,0.5714285714285714,1.0,1,51,2,0.06329113924050633,300h__robust__0.95__001,,,
0.9758636393207989,1.0,0.1355498744304744,0.9056603773584906,0.6666666666666666,1.0,2,53,2,0.05063291139240506,300h__robust__0.95__001,,,
0.9790959618316856,1.0,0.12034602073109901,0.9215686274509803,0.6,1.0,3,51,2,0.0379746835443038,300h__robust__0.95__001,,,
0.3407316280285308,0.2741868805935129,1.2010747934856036,0.75,0.375,0.675,4,52,3,0.3037974683544304,300h__robust__0.95__001,,,
0.8860387822930897,1.0,0.3056471509444322,0.8913043478260869,0.7142857142857143,0.972972972972973,5,46,2,0.05063291139240506,300h__robust__0.95__001,,,
0.6123940473897129,,0.6088581922105281,0.7755102040816326,0.0,0.875,6,49,2,0.21518987341772153,300h__robust__0.95__001,,,
0.30897318252585343,0.2028985507246377,1.0429347352021838,0.23404255319148937,0.5,0.05263157894736842,7,47,5,0.5443037974683544,300h__robust__0.95__001,,,
0.23028312550621702,0.8360655737704918,1.0354600045732891,0.4375,0.5714285714285714,0.43243243243243246,8,48,3,0.4810126582278481,300h__robust__0.95__001,,,
-0.04709479449644204,,1.2160936490759018,0.4888888888888889,0.0,0.425,9,45,2,0.4810126582278481,300h__robust__0.95__001,,,
0.3737946812430905,0.5913684785577711,1.0219908724419577,0.6296296296296297,0.25,0.75,10,54,2,0.35443037974683544,300h__robust__0.95__001,,,
0.5255802305832645,0.4785276073619632,0.6509266487782518,0.875,0.5,0.8292682926829268,11,48,3,0.06329113924050633,300h__robust__0.95__001,,,
0.9729116871974015,1.0,0.14688788499111038,0.8846153846153846,0.6666666666666666,1.0,12,52,2,0.0759493670886076,300h__robust__0.95__001,,,
0.8217729102312085,1.0,0.40113499811690634,0.8076923076923077,0.6,0.9512195121951219,13,52,2,0.21518987341772153,300h__robust__0.95__001,,,
0.6726313093634126,,0.5582551766877194,0.76,0.0,0.9,14,50,2,0.189873417721519,300h__robust__0.95__001,,,
-0.16728624535315986,,1.176248041551697,0.22448979591836735,0.0,0.15,15,49,2,0.7721518987341772,300h__robust__0.95__001,,,
,,0.5359610497090694,0.0,0.0,0.0,16,52,0,1.0,300h__robust__0.95__001,,,
-0.0039373728670291375,0.07035774721738923,1.6839423892439975,0.5769230769230769,0.42857142857142855,0.26666666666666666,17,52,5,0.379746835443038,300h__robust__0.95__001,,,
0.9625173370319001,1.0,0.1769737482280711,0.8723404255319149,0.5,1.0,18,47,2,0.0759493670886076,300h__robust__0.95__001,,,
0.8930323471359751,1.0,0.26919486775469637,0.8823529411764706,0.6,0.9767441860465116,19,51,2,0.0759493670886076,300h__robust__0.95__001,,,
0.22197461228014992,,1.1451610680712698,0.6304347826086957,0.0,0.6666666666666666,20,46,3,0.31645569620253167,300h__robust__0.95__001,,,
0.47990339830947043,0.7444428509967016,0.8373560507367712,0.7333333333333333,0.6666666666666666,0.7714285714285715,21,45,3,0.17721518987341772,300h__robust__0.95__001,,,
0.837287583061988,1.0,0.3609577394749879,0.803921568627451,0.8,0.9487179487179487,22,51,2,0.17721518987341772,300h__robust__0.95__001,,,
0.3773865325254373,0.6044517800242991,0.9141743522420329,0.7142857142857143,0.6,0.725,23,49,3,0.25316455696202533,300h__robust__0.95__001,,,
0.005445476849047809,-0.12796386902521642,1.5660919839192018,0.7551020408163265,0.1724137931034483,0.5,24,49,3,0.16455696202531644,300h__robust__0.95__001,,,
-0.09123931201339583,,1.1750338926663042,0.38461538461538464,0.0,0.34782608695652173,25,52,2,0.5822784810126582,300h__robust__0.95__001,,,
0.3473618896087464,0.5331205278718025,0.8918983249719483,0.7450980392156863,0.75,0.7209302325581395,26,51,3,0.22784810126582278,300h__robust__0.95__001,,,
1.0,1.0,5.551115123125783e-16,0.9591836734693877,1.0,1.0,27,49,2,0.06329113924050633,300h__robust__0.95__001,,,
-0.13512943282969306,,1.2412840437150934,0.30434782608695654,0.0,0.34285714285714286,28,46,2,0.6329113924050633,300h__robust__0.95__001,,,
-0.07673118315039461,,1.1857540554077635,0.39622641509433965,0.0,0.4090909090909091,29,53,2,0.620253164556962,300h__robust__0.95__001,,,
0.36084949317184084,0.7495892734114156,0.9236462089964097,0.6666666666666666,0.6666666666666666,0.6976744186046512,30,54,3,0.25316455696202533,300h__robust__0.95__001,,,
0.9044075144508671,1.0,0.2550493512881786,0.86,0.8,0.975,31,50,2,0.1518987341772152,300h__robust__0.95__001,,,
0.8181360744707616,1.0,0.3678495914425386,0.8260869565217391,0.75,0.9459459459459459,32,46,2,0.11392405063291139,300h__robust__0.95__001,,,
0.9088607791924845,0.867883020515059,0.2526243969746731,0.9038461538461539,0.8,0.9767441860465116,33,52,3,0.08860759493670886,300h__robust__0.95__001,,,
0.10168390076429476,,0.9805426232888418,0.6226415094339622,0.0,0.6458333333333334,34,53,2,0.3291139240506329,300h__robust__0.95__001,,,
0.3399899311965095,,0.8815078171514493,0.717391304347826,0.0,0.7692307692307693,35,46,2,0.22784810126582278,300h__robust__0.95__001,,,
0.3707505096272822,0.6992921649987796,0.9088364314232132,0.6875,0.6,0.717948717948718,36,48,3,0.25316455696202533,300h__robust__0.95__001,,,
,,0.4140483413593772,0.0,0.0,0.0,37,55,0,1.0,300h__robust__0.95__001,,,
1.0,1.0,3.3306690738754696e-16,0.9555555555555556,1.0,1.0,38,45,2,0.05063291139240506,300h__robust__0.95__001,,,
0.2377566307260566,0.5435473005485516,1.0839606281628598,0.6078431372549019,0.7142857142857143,0.5789473684210527,39,51,3,0.3291139240506329,300h__robust__0.95__001,,,
0.9714786837542104,1.0,0.1953555866641008,0.8888888888888888,0.3333333333333333,1.0,40,54,2,0.06329113924050633,300h__robust__0.95__001,,,
0.4611330250272035,-0.031385557540188826,0.5968183243127483,0.8867924528301887,0.0625,0.8775510204081632,41,53,2,0.0379746835443038,300h__robust__0.95__001,,,
0.7828918970250531,1.0,0.42183321184077416,0.7924528301886793,0.8,0.926829268292683,42,53,2,0.16455696202531644,300h__robust__0.95__001,,,
0.04551220653860602,0.10442727716038293,1.6431238085809723,0.6538461538461539,0.2857142857142857,0.4523809523809524,43,52,5,0.2911392405063291,300h__robust__0.95__001,,,
,,0.5242006217060988,0.0,0.0,0.0,44,53,0,1.0,300h__robust__0.95__001,,,
0.2570960152182619,,0.9161864563540492,0.7083333333333334,0.0,0.7380952380952381,45,48,2,0.2911392405063291,300h__robust__0.95__001,,,
0.7145307863501483,1.0,0.3984406056158396,0.875,0.75,0.9285714285714286,46,48,2,0.11392405063291139,300h__robust__0.95__001,,,
0.8297179646632769,0.7110397561838417,0.3434262629870004,0.8571428571428571,0.5,0.9487179487179487,47,49,3,0.11392405063291139,300h__robust__0.95__001,,,
0.9680716161951632,1.0,0.15674877955012323,0.8958333333333334,0.5,1.0,48,48,2,0.0379746835443038,300h__robust__0.95__001,,,
0.6766628503896296,0.7881472107982705,0.5712765724894759,0.8235294117647058,0.8333333333333334,0.875,49,51,3,0.16455696202531644,300h__robust__0.95__001,,,
,,1.060238040866242,0.2916666666666667,,0.18604651162790697,0,48,2,0.7468354430379747,300h__robust__0.95__005,,,
0.959489085883138,1.0,0.1874649699177766,0.8627450980392157,0.5714285714285714,1.0,1,51,2,0.06329113924050633,300h__robust__0.95__005,,,
0.9758636393207989,1.0,0.1355498744304744,0.9056603773584906,0.6666666666666666,1.0,2,53,2,0.05063291139240506,300h__robust__0.95__005,,,
0.9790959618316856,1.0,0.12034602073109901,0.9215686274509803,0.6,1.0,3,51,2,0.0379746835443038,300h__robust__0.95__005,,,
0.3407316280285308,0.2741868805935129,1.2010747934856036,0.75,0.375,0.675,4,52,3,0.3037974683544304,300h__robust__0.95__005,,,
0.8860387822930897,1.0,0.3056471509444322,0.8913043478260869,0.7142857142857143,0.972972972972973,5,46,2,0.05063291139240506,300h__robust__0.95__005,,,
0.6123940473897129,,0.6088581922105281,0.7755102040816326,0.0,0.875,6,49,2,0.21518987341772153,300h__robust__0.95__005,,,
0.30897318252585343,0.2028985507246377,1.0429347352021838,0.23404255319148937,0.5,0.05263157894736842,7,47,5,0.5443037974683544,300h__robust__0.95__005,,,
0.23028312550621702,0.8360655737704918,1.0354600045732891,0.4375,0.5714285714285714,0.43243243243243246,8,48,3,0.4810126582278481,300h__robust__0.95__005,,,
-0.04709479449644204,,1.2160936490759018,0.4888888888888889,0.0,0.425,9,45,2,0.4810126582278481,300h__robust__0.95__005,,,
0.3737946812430905,0.5913684785577711,1.0219908724419577,0.6296296296296297,0.25,0.75,10,54,2,0.35443037974683544,300h__robust__0.95__005,,,
0.5255802305832645,0.4785276073619632,0.6509266487782518,0.875,0.5,0.8292682926829268,11,48,3,0.06329113924050633,300h__robust__0.95__005,,,
0.9729116871974015,1.0,0.14688788499111038,0.8846153846153846,0.6666666666666666,1.0,12,52,2,0.0759493670886076,300h__robust__0.95__005,,,
0.8217729102312085,1.0,0.40113499811690634,0.8076923076923077,0.6,0.9512195121951219,13,52,2,0.21518987341772153,300h__robust__0.95__005,,,
0.6726313093634126,,0.5582551766877194,0.76,0.0,0.9,14,50,2,0.189873417721519,300h__robust__0.95__005,,,
-0.16728624535315986,,1.176248041551697,0.22448979591836735,0.0,0.15,15,49,2,0.7721518987341772,300h__robust__0.95__005,,,
,,0.5359610497090694,0.0,0.0,0.0,16,52,0,1.0,300h__robust__0.95__005,,,
-0.0039373728670291375,0.07035774721738923,1.6839423892439975,0.5769230769230769,0.42857142857142855,0.26666666666666666,17,52,5,0.379746835443038,300h__robust__0.95__005,,,
0.9625173370319001,1.0,0.1769737482280711,0.8723404255319149,0.5,1.0,18,47,2,0.0759493670886076,300h__robust__0.95__005,,,
0.8930323471359751,1.0,0.26919486775469637,0.8823529411764706,0.6,0.9767441860465116,19,51,2,0.0759493670886076,300h__robust__0.95__005,,,
0.22197461228014992,,1.1451610680712698,0.6304347826086957,0.0,0.6666666666666666,20,46,3,0.31645569620253167,300h__robust__0.95__005,,,
0.47990339830947043,0.7444428509967016,0.8373560507367712,0.7333333333333333,0.6666666666666666,0.7714285714285715,21,45,3,0.17721518987341772,300h__robust__0.95__005,,,
0.837287583061988,1.0,0.3609577394749879,0.803921568627451,0.8,0.9487179487179487,22,51,2,0.17721518987341772,300h__robust__0.95__005,,,
0.3773865325254373,0.6044517800242991,0.9141743522420329,0.7142857142857143,0.6,0.725,23,49,3,0.25316455696202533,300h__robust__0.95__005,,,
0.005445476849047809,-0.12796386902521642,1.5660919839192018,0.7551020408163265,0.1724137931034483,0.5,24,49,3,0.16455696202531644,300h__robust__0.95__005,,,
-0.09123931201339583,,1.1750338926663042,0.38461538461538464,0.0,0.34782608695652173,25,52,2,0.5822784810126582,300h__robust__0.95__005,,,
0.3473618896087464,0.5331205278718025,0.8918983249719483,0.7450980392156863,0.75,0.7209302325581395,26,51,3,0.22784810126582278,300h__robust__0.95__005,,,
1.0,1.0,5.551115123125783e-16,0.9591836734693877,1.0,1.0,27,49,2,0.06329113924050633,300h__robust__0.95__005,,,
-0.13512943282969306,,1.2412840437150934,0.30434782608695654,0.0,0.34285714285714286,28,46,2,0.6329113924050633,300h__robust__0.95__005,,,
-0.07673118315039461,,1.1857540554077635,0.39622641509433965,0.0,0.4090909090909091,29,53,2,0.620253164556962,300h__robust__0.95__005,,,
0.36084949317184084,0.7495892734114156,0.9236462089964097,0.6666666666666666,0.6666666666666666,0.6976744186046512,30,54,3,0.25316455696202533,300h__robust__0.95__005,,,
0.9044075144508671,1.0,0.2550493512881786,0.86,0.8,0.975,31,50,2,0.1518987341772152,300h__robust__0.95__005,,,
0.8181360744707616,1.0,0.3678495914425386,0.8260869565217391,0.75,0.9459459459459459,32,46,2,0.11392405063291139,300h__robust__0.95__005,,,
0.9088607791924845,0.867883020515059,0.2526243969746731,0.9038461538461539,0.8,0.9767441860465116,33,52,3,0.08860759493670886,300h__robust__0.95__005,,,
0.10168390076429476,,0.9805426232888418,0.6226415094339622,0.0,0.6458333333333334,34,53,2,0.3291139240506329,300h__robust__0.95__005,,,
0.3399899311965095,,0.8815078171514493,0.717391304347826,0.0,0.7692307692307693,35,46,2,0.22784810126582278,300h__robust__0.95__005,,,
0.3707505096272822,0.6992921649987796,0.9088364314232132,0.6875,0.6,0.717948717948718,36,48,3,0.25316455696202533,300h__robust__0.95__005,,,
,,0.4140483413593772,0.0,0.0,0.0,37,55,0,1.0,300h__robust__0.95__005,,,
1.0,1.0,3.3306690738754696e-16,0.9555555555555556,1.0,1.0,38,45,2,0.05063291139240506,300h__robust__0.95__005,,,
0.2377566307260566,0.5435473005485516,1.0839606281628598,0.6078431372549019,0.7142857142857143,0.5789473684210527,39,51,3,0.3291139240506329,300h__robust__0.95__005,,,
0.9714786837542104,1.0,0.1953555866641008,0.8888888888888888,0.3333333333333333,1.0,40,54,2,0.06329113924050633,300h__robust__0.95__005,,,
0.4611330250272035,-0.031385557540188826,0.5968183243127483,0.8867924528301887,0.0625,0.8775510204081632,41,53,2,0.0379746835443038,300h__robust__0.95__005,,,
0.7828918970250531,1.0,0.42183321184077416,0.7924528301886793,0.8,0.926829268292683,42,53,2,0.16455696202531644,300h__robust__0.95__005,,,
0.04551220653860602,0.10442727716038293,1.6431238085809723,0.6538461538461539,0.2857142857142857,0.4523809523809524,43,52,5,0.2911392405063291,300h__robust__0.95__005,,,
,,0.5242006217060988,0.0,0.0,0.0,44,53,0,1.0,300h__robust__0.95__005,,,
0.2570960152182619,,0.9161864563540492,0.7083333333333334,0.0,0.7380952380952381,45,48,2,0.2911392405063291,300h__robust__0.95__005,,,
0.7145307863501483,1.0,0.3984406056158396,0.875,0.75,0.9285714285714286,46,48,2,0.11392405063291139,300h__robust__0.95__005,,,
0.8297179646632769,0.7110397561838417,0.3434262629870004,0.8571428571428571,0.5,0.9487179487179487,47,49,3,0.11392405063291139,300h__robust__0.95__005,,,
0.9680716161951632,1.0,0.15674877955012323,0.8958333333333334,0.5,1.0,48,48,2,0.0379746835443038,300h__robust__0.95__005,,,
0.6766628503896296,0.7881472107982705,0.5712765724894759,0.8235294117647058,0.8333333333333334,0.875,49,51,3,0.16455696202531644,300h__robust__0.95__005,,,
,,0.9233326009200121,0.22916666666666666,0.20930232558139536,,0,48,2,0.7974683544303798,300h__robust__full__001,,,
,,0.6627721689513021,0.0,0.0,0.0,1,51,0,1.0,300h__robust__full__001,,,
0.9862077938975994,1.0,0.09344731757873648,0.8867924528301887,1.0,0.75,2,53,2,0.08860759493670886,300h__robust__full__001,,,
0.9790959618316856,1.0,0.12034602073109901,0.9215686274509803,1.0,0.6,3,51,2,0.0379746835443038,300h__robust__full__001,,,
0.44798443843529645,0.4832189559220185,0.961028323493968,0.8461538461538461,0.8222222222222222,0.375,4,52,2,0.0759493670886076,300h__robust__full__001,,,
0.9564574581252366,1.0,0.19433130035354274,0.8695652173913043,1.0,0.5714285714285714,5,46,2,0.0759493670886076,300h__robust__full__001,,,
0.4454138174958736,0.7039159503342884,0.7999374784608624,0.7346938775510204,0.775,0.75,6,49,3,0.26582278481012656,300h__robust__full__001,,,
0.1363222309864889,0.7286527514231499,1.1029797494288638,0.2978723404255319,0.2894736842105263,0.4,7,47,3,0.5822784810126582,300h__robust__full__001,,,
0.24891910047852553,0.8169456066945606,1.0363818841689776,0.5208333333333334,0.5675675675675675,0.5,8,48,3,0.4177215189873418,300h__robust__full__001,,,
-0.11258519961051607,,1.1562020096538124,0.3333333333333333,0.25,0.0,9,45,2,0.5949367088607594,300h__robust__full__001,,,
0.8160657468800487,0.9898860328580591,0.5310185311669426,0.7592592592592593,0.95,0.3333333333333333,10,54,3,0.21518987341772153,300h__robust__full__001,,,
0.9724585841075287,1.0,0.13168952348874607,0.8958333333333334,1.0,0.3333333333333333,11,48,2,0.0379746835443038,300h__robust__full__001,,,
0.22855499507467325,,1.0188546871941684,0.6153846153846154,0.6904761904761905,0.0,12,52,2,0.3670886075949367,300h__robust__full__001,,,
,,0.6617398510349763,0.0,0.0,0.0,13,52,0,1.0,300h__robust__full__001,,,
,,0.6225752839491666,0.0,0.0,0.0,14,50,0,1.0,300h__robust__full__001,,,
0.9727095516569201,1.0,0.18828203094213358,0.8571428571428571,1.0,0.5,15,49,2,0.13924050632911392,300h__robust__full__001,,,
0.7928740539729309,1.0,0.32435625307600036,0.9038461538461539,0.9565217391304348,0.6,16,52,2,0.012658227848101266,300h__robust__full__001,,,
0.55164901076995,0.4961725326252754,0.6866573570808521,0.9038461538461539,0.8936170212765957,0.3333333333333333,17,52,2,0.06329113924050633,300h__robust__full__001,,,
-0.18246196117058502,,1.381414102476156,0.2978723404255319,0.15789473684210525,0.0,18,47,3,0.6962025316455697,300h__robust__full__001,,,
0.976736689737383,1.0,0.13196307196259904,0.9019607843137255,1.0,0.6,19,51,2,0.05063291139240506,300h__robust__full__001,,,
0.21930178182697735,,1.065796336466342,0.6086956521739131,0.6666666666666666,0.0,20,46,2,0.3670886075949367,300h__robust__full__001,,,
0.9043979107027129,0.7608903781713738,0.25275934700000735,0.8222222222222222,0.9714285714285714,0.5,21,45,2,0.1518987341772152,300h__robust__full__001,,,
0.9068796869905446,1.0,0.256142384338482,0.8431372549019608,0.975,0.8,22,51,2,0.10126582278481013,300h__robust__full__001,,,
0.3368253245274425,0.6024901305800182,0.9236712960349316,0.6938775510204082,0.7,0.75,23,49,3,0.25316455696202533,300h__robust__full__001,,,
0.9647532729103726,1.0,0.16975032993304828,0.8367346938775511,1.0,0.6666666666666666,24,49,2,0.11392405063291139,300h__robust__full__001,,,
-0.1190606106903551,,1.098228267938204,0.28846153846153844,0.2608695652173913,0.0,25,52,2,0.6582278481012658,300h__robust__full__001,,,
0.9864412186951667,1.0,0.0931637783561996,0.9019607843137255,1.0,0.75,26,51,2,0.08860759493670886,300h__robust__full__001,,,
0.45340376020389317,,0.7355537513731273,0.7551020408163265,0.8333333333333334,0.0,27,49,2,0.21518987341772153,300h__robust__full__001,,,
-0.15609215227300727,,1.1457624126744268,0.15217391304347827,0.11428571428571428,0.0,28,46,2,0.7974683544303798,300h__robust__full__001,,,
-0.11366247889298345,,1.181061335478704,0.33962264150943394,0.3409090909090909,0.0,29,53,2,0.6962025316455697,300h__robust__full__001,,,
,,0.6390182416996458,0.0,0.0,0.0,30,54,0,1.0,300h__robust__full__001,,,
0.9621482435166452,1.0,0.2387099208196266,0.86,1.0,0.5,31,50,2,0.10126582278481013,300h__robust__full__001,,,
0.356788875334411,0.6914893617021277,0.9908381632972514,0.6304347826086957,0.6857142857142857,0.5,32,46,3,0.27848101265822783,300h__robust__full__001,,,
0.06533238771300857,,1.142370987995157,0.5384615384615384,0.5813953488372093,0.0,33,52,2,0.5063291139240507,300h__robust__full__001,,,
0.14926878678040165,,0.9214987837304995,0.660377358490566,0.6875,0.0,34,53,2,0.2911392405063291,300h__robust__full__001,,,
0.34385697984024344,,0.8686280429600035,0.717391304347826,0.7692307692307693,0.0,35,46,2,0.24050632911392406,300h__robust__full__001,,,
0.894882252335219,1.0,0.2527290398930262,0.875,0.975,0.75,36,48,2,0.08860759493670886,300h__robust__full__001,,,
,,0.3937625639671763,0.0,0.0,0.0,37,55,0,1.0,300h__robust__full__001,,,
0.9815443122926065,1.0,0.10404736060276065,0.9333333333333333,1.0,0.5,38,45,2,0.012658227848101266,300h__robust__full__001,,,
0.9419714534949873,1.0,0.29426794910798204,0.803921568627451,1.0,0.42857142857142855,39,51,2,0.11392405063291139,300h__robust__full__001,,,
0.9732833976199633,1.0,0.19067648408603188,0.8888888888888888,1.0,0.4,40,54,2,0.0759493670886076,300h__robust__full__001,,,
,,0.5636742234808737,0.0,0.0,0.0,41,53,0,1.0,300h__robust__full__001,,,
0.9583518965860779,1.0,0.23516317563574707,0.8113207547169812,1.0,0.4,42,53,2,0.1518987341772152,300h__robust__full__001,,,
0.15664757546010674,,1.15591309219855,0.5961538461538461,0.6428571428571429,0.0,43,52,3,0.35443037974683544,300h__robust__full__001,,,
-0.1469409564520438,,1.039774914483373,0.16981132075471697,0.1111111111111111,0.0,44,53,2,0.8227848101265823,300h__robust__full__001,,,
0.8805727426342603,,0.23158307978180348,0.875,0.9761904761904762,0.0,45,48,2,0.11392405063291139,300h__robust__full__001,,,
0.9800607193519734,1.0,0.15912854207370297,0.9166666666666666,1.0,0.5,46,48,2,0.05063291139240506,300h__robust__full__001,,,
0.18661888501977755,,1.041758512869674,0.5714285714285714,0.6666666666666666,0.0,47,49,2,0.43037974683544306,300h__robust__full__001,,,
0.3359835584263065,0.6214566070649804,0.9247479553760936,0.6666666666666666,0.7,0.4,48,48,3,0.20253164556962025,300h__robust__full__001,,,
0.9057668662191852,1.0,0.25053863076915284,0.8627450980392157,0.975609756097561,0.8,49,51,2,0.10126582278481013,300h__robust__full__001,,,
,,0.9233326009200121,0.22916666666666666,0.20930232558139536,,0,48,2,0.7974683544303798,300h__robust__full__005,,,
,,0.6627721689513021,0.0,0.0,0.0,1,51,0,1.0,300h__robust__full__005,,,
0.9862077938975994,1.0,0.09344731757873648,0.8867924528301887,1.0,0.75,2,53,2,0.08860759493670886,300h__robust__full__005,,,
0.9790959618316856,1.0,0.12034602073109901,0.9215686274509803,1.0,0.6,3,51,2,0.0379746835443038,300h__robust__full__005,,,
0.44798443843529645,0.4832189559220185,0.961028323493968,0.8461538461538461,0.8222222222222222,0.375,4,52,2,0.0759493670886076,300h__robust__full__005,,,
0.9564574581252366,1.0,0.19433130035354274,0.8695652173913043,1.0,0.5714285714285714,5,46,2,0.0759493670886076,300h__robust__full__005,,,
0.4454138174958736,0.7039159503342884,0.7999374784608624,0.7346938775510204,0.775,0.75,6,49,3,0.26582278481012656,300h__robust__full__005,,,
0.1363222309864889,0.7286527514231499,1.1029797494288638,0.2978723404255319,0.2894736842105263,0.4,7,47,3,0.5822784810126582,300h__robust__full__005,,,
0.24891910047852553,0.8169456066945606,1.0363818841689776,0.5208333333333334,0.5675675675675675,0.5,8,48,3,0.4177215189873418,300h__robust__full__005,,,
-0.11258519961051607,,1.1562020096538124,0.3333333333333333,0.25,0.0,9,45,2,0.5949367088607594,300h__robust__full__005,,,
0.8160657468800487,0.9898860328580591,0.5310185311669426,0.7592592592592593,0.95,0.3333333333333333,10,54,3,0.21518987341772153,300h__robust__full__005,,,
0.9724585841075287,1.0,0.13168952348874607,0.8958333333333334,1.0,0.3333333333333333,11,48,2,0.0379746835443038,300h__robust__full__005,,,
0.22855499507467325,,1.0188546871941684,0.6153846153846154,0.6904761904761905,0.0,12,52,2,0.3670886075949367,300h__robust__full__005,,,
,,0.6617398510349763,0.0,0.0,0.0,13,52,0,1.0,300h__robust__full__005,,,
,,0.6225752839491666,0.0,0.0,0.0,14,50,0,1.0,300h__robust__full__005,,,
0.9727095516569201,1.0,0.18828203094213358,0.8571428571428571,1.0,0.5,15,49,2,0.13924050632911392,300h__robust__full__005,,,
0.7928740539729309,1.0,0.32435625307600036,0.9038461538461539,0.9565217391304348,0.6,16,52,2,0.012658227848101266,300h__robust__full__005,,,
0.55164901076995,0.4961725326252754,0.6866573570808521,0.9038461538461539,0.8936170212765957,0.3333333333333333,17,52,2,0.06329113924050633,300h__robust__full__005,,,
-0.18246196117058502,,1.381414102476156,0.2978723404255319,0.15789473684210525,0.0,18,47,3,0.6962025316455697,300h__robust__full__005,,,
0.976736689737383,1.0,0.13196307196259904,0.9019607843137255,1.0,0.6,19,51,2,0.05063291139240506,300h__robust__full__005,,,
0.21930178182697735,,1.065796336466342,0.6086956521739131,0.6666666666666666,0.0,20,46,2,0.3670886075949367,300h__robust__full__005,,,
0.9043979107027129,0.7608903781713738,0.25275934700000735,0.8222222222222222,0.9714285714285714,0.5,21,45,2,0.1518987341772152,300h__robust__full__005,,,
0.9068796869905446,1.0,0.256142384338482,0.8431372549019608,0.975,0.8,22,51,2,0.10126582278481013,300h__robust__full__005,,,
0.3368253245274425,0.6024901305800182,0.9236712960349316,0.6938775510204082,0.7,0.75,23,49,3,0.25316455696202533,300h__robust__full__005,,,
0.9647532729103726,1.0,0.16975032993304828,0.8367346938775511,1.0,0.6666666666666666,24,49,2,0.11392405063291139,300h__robust__full__005,,,
-0.1190606106903551,,1.098228267938204,0.28846153846153844,0.2608695652173913,0.0,25,52,2,0.6582278481012658,300h__robust__full__005,,,
0.9864412186951667,1.0,0.0931637783561996,0.9019607843137255,1.0,0.75,26,51,2,0.08860759493670886,300h__robust__full__005,,,
0.45340376020389317,,0.7355537513731273,0.7551020408163265,0.8333333333333334,0.0,27,49,2,0.21518987341772153,300h__robust__full__005,,,
-0.15609215227300727,,1.1457624126744268,0.15217391304347827,0.11428571428571428,0.0,28,46,2,0.7974683544303798,300h__robust__full__005,,,
-0.11366247889298345,,1.181061335478704,0.33962264150943394,0.3409090909090909,0.0,29,53,2,0.6962025316455697,300h__robust__full__005,,,
,,0.6390182416996458,0.0,0.0,0.0,30,54,0,1.0,300h__robust__full__005,,,
0.9621482435166452,1.0,0.2387099208196266,0.86,1.0,0.5,31,50,2,0.10126582278481013,300h__robust__full__005,,,
0.356788875334411,0.6914893617021277,0.9908381632972514,0.6304347826086957,0.6857142857142857,0.5,32,46,3,0.27848101265822783,300h__robust__full__005,,,
0.06533238771300857,,1.142370987995157,0.5384615384615384,0.5813953488372093,0.0,33,52,2,0.5063291139240507,300h__robust__full__005,,,
0.14926878678040165,,0.9214987837304995,0.660377358490566,0.6875,0.0,34,53,2,0.2911392405063291,300h__robust__full__005,,,
0.34385697984024344,,0.8686280429600035,0.717391304347826,0.7692307692307693,0.0,35,46,2,0.24050632911392406,300h__robust__full__005,,,
0.894882252335219,1.0,0.2527290398930262,0.875,0.975,0.75,36,48,2,0.08860759493670886,300h__robust__full__005,,,
,,0.3937625639671763,0.0,0.0,0.0,37,55,0,1.0,300h__robust__full__005,,,
0.9815443122926065,1.0,0.10404736060276065,0.9333333333333333,1.0,0.5,38,45,2,0.012658227848101266,300h__robust__full__005,,,
0.9419714534949873,1.0,0.29426794910798204,0.803921568627451,1.0,0.42857142857142855,39,51,2,0.11392405063291139,300h__robust__full__005,,,
0.9732833976199633,1.0,0.19067648408603188,0.8888888888888888,1.0,0.4,40,54,2,0.0759493670886076,300h__robust__full__005,,,
,,0.5636742234808737,0.0,0.0,0.0,41,53,0,1.0,300h__robust__full__005,,,
0.9583518965860779,1.0,0.23516317563574707,0.8113207547169812,1.0,0.4,42,53,2,0.1518987341772152,300h__robust__full__005,,,
0.15664757546010674,,1.15591309219855,0.5961538461538461,0.6428571428571429,0.0,43,52,3,0.35443037974683544,300h__robust__full__005,,,
-0.1469409564520438,,1.039774914483373,0.16981132075471697,0.1111111111111111,0.0,44,53,2,0.8227848101265823,300h__robust__full__005,,,
0.8805727426342603,,0.23158307978180348,0.875,0.9761904761904762,0.0,45,48,2,0.11392405063291139,300h__robust__full__005,,,
0.9800607193519734,1.0,0.15912854207370297,0.9166666666666666,1.0,0.5,46,48,2,0.05063291139240506,300h__robust__full__005,,,
0.18661888501977755,,1.041758512869674,0.5714285714285714,0.6666666666666666,0.0,47,49,2,0.43037974683544306,300h__robust__full__005,,,
0.3359835584263065,0.6214566070649804,0.9247479553760936,0.6666666666666666,0.7,0.4,48,48,3,0.20253164556962025,300h__robust__full__005,,,
0.9057668662191852,1.0,0.25053863076915284,0.8627450980392157,0.975609756097561,0.8,49,51,2,0.10126582278481013,300h__robust__full__005,,,
