curve_id,included,exclusion_reason,source_file,relative_source,validation_file,doi,record_id,legend,x_axis_name,x_axis_unit,y_axis_name,y_axis_unit,time_factor_to_hours,time_factor_source,n_original_points,duration_hours,raw_min,raw_max,normalizer,smoothing_applied,cluster,bmu_distance,assignment_margin,uncertain_bottom_10pct_margin
Cca1b9b7a37,True,,/Users/shunhao/Desktop/ML/lab/data_all/x_time_day/10.1002_adfm.201807850/Fig7_E_stability_performance_curve/accepted/10.1002_adfm.201807850__Fig7__E__stability_performance_curve__w_o_NbF₅__Series_1.csv,x_time_day/10.1002_adfm.201807850/Fig7_E_stability_performance_curve/accepted/10.1002_adfm.201807850__Fig7__E__stability_performance_curve__w_o_NbF₅__Series_1.csv,/Users/shunhao/Desktop/ML/lab/data_all/x_time_day/10.1002_adfm.201807850/Fig7_E_stability_performance_curve/validation_result.json,10.1002/adfm.201807850,10.1002_adfm.201807850__Fig7__E__stability_performance_curve,w/o NbF₅,Time,Day,Normalized PCE,,24.0,axis_metadata:day,24,646.3344448634521,0.1759030962983312,1.000937061897242,1.000937061897242,False,3,0.6449713489462944,0.8488804746290721,False
Cdfe0c4ebb6,True,,/Users/shunhao/Desktop/ML/lab/data_all/x_time_day/10.1002_adfm.202004209/Fig11_C_stability_performance_curve_pce/accepted/10.1002_adfm.202004209__Fig11__C__stability_performance_curve_pce__SnO2__Series_2.csv,x_time_day/10.1002_adfm.202004209/Fig11_C_stability_performance_curve_pce/accepted/10.1002_adfm.202004209__Fig11__C__stability_performance_curve_pce__SnO2__Series_2.csv,/Users/shunhao/Desktop/ML/lab/data_all/x_time_day/10.1002_adfm.202004209/Fig11_C_stability_performance_curve_pce/validation_result.json,10.1002/adfm.202004209,10.1002_adfm.202004209__Fig11__C__stability_performance_curve_pce,SnO2,Time,(d),PCE,(%),24.0,folder_fallback:x_time_day,12,676.5746013041872,9.089711858181218,19.038434204796012,19.038434204796012,False,3,0.3894632185870843,0.8910094582577562,False
C58676dd73a,True,,/Users/shunhao/Desktop/ML/lab/data_all/x_time_day/10.1002_aenm.201702934/Fig4_A_stability_performance_curve/accepted/10.1002_aenm.201702934__Fig4__A__stability_performance_curve__ZnO__Series_2.csv,x_time_day/10.1002_aenm.201702934/Fig4_A_stability_performance_curve/accepted/10.1002_aenm.201702934__Fig4__A__stability_performance_curve__ZnO__Series_2.csv,/Users/shunhao/Desktop/ML/lab/data_all/x_time_day/10.1002_aenm.201702934/Fig4_A_stability_performance_curve/validation_result.json,10.1002/aenm.201702934,10.1002_aenm.201702934__Fig4__A__stability_performance_curve,ZnO,Air storage time,(days),Efficiency,(%),24.0,axis_metadata:day,29,1664.9009794507256,0.2101132095322349,15.252676929767455,15.252676929767455,False,3,0.9910236663315813,0.7078542387166883,False
Cc8c29e3197,True,,/Users/shunhao/Desktop/ML/lab/data_all/x_time_day/10.1002_anie.201806392/Fig3_H_stability_performance_curve/accepted/10.1002_anie.201806392__Fig3__H__stability_performance_curve__Py-C__Series_3.csv,x_time_day/10.1002_anie.201806392/Fig3_H_stability_performance_curve/accepted/10.1002_anie.201806392__Fig3__H__stability_performance_curve__Py-C__Series_3.csv,/Users/shunhao/Desktop/ML/lab/data_all/x_time_day/10.1002_anie.201806392/Fig3_H_stability_performance_curve/validation_result.json,10.1002/anie.201806392,10.1002_anie.201806392__Fig3__H__stability_performance_curve,Py-C,Time (day),(day),PCE (%),(%),24.0,axis_metadata:day,24,1480.9931880740273,0.890138906715201,9.461791222563251,9.461791222563251,False,3,1.8932955662432187,0.49994804600542564,False
C24d5c8c4f6,True,,/Users/shunhao/Desktop/ML/lab/data_all/x_time_day/10.1002_anie.201911796/Fig4_C_stability_performance_curve_pce/accepted/10.1002_anie.201911796__Fig4__C__stability_performance_curve_pce__−SnO2__Series_2.csv,x_time_day/10.1002_anie.201911796/Fig4_C_stability_performance_curve_pce/accepted/10.1002_anie.201911796__Fig4__C__stability_performance_curve_pce__−SnO2__Series_2.csv,/Users/shunhao/Desktop/ML/lab/data_all/x_time_day/10.1002_anie.201911796/Fig4_C_stability_performance_curve_pce/validation_result.json,10.1002/anie.201911796,10.1002_anie.201911796__Fig4__C__stability_performance_curve_pce,−SnO2,Time,(d),PCE,(%),24.0,folder_fallback:x_time_day,12,689.4362529954642,8.872744059198544,19.004813010001087,19.004813010001087,False,3,0.3479913961814523,0.9068410313732368,False
C97913bdc45,True,,/Users/shunhao/Desktop/ML/lab/data_all/x_time_day/10.1002_chem.201703382/Fig5_A_stability_performance_curve_pce/accepted/10.1002_chem.201703382__Fig5__A__stability_performance_curve_pce__PCBM__Series_2.csv,x_time_day/10.1002_chem.201703382/Fig5_A_stability_performance_curve_pce/accepted/10.1002_chem.201703382__Fig5__A__stability_performance_curve_pce__PCBM__Series_2.csv,/Users/shunhao/Desktop/ML/lab/data_all/x_time_day/10.1002_chem.201703382/Fig5_A_stability_performance_curve_pce/validation_result.json,10.1002/chem.201703382,10.1002_chem.201703382__Fig5__A__stability_performance_curve_pce,PCBM,Time,(day),Normalized PCE,,24.0,axis_metadata:day,43,687.1978934621145,0.0670797745170495,0.9874204457709884,0.9874204457709884,False,3,1.646350334605876,0.5822490645572275,False
Cb044917d9d,True,,/Users/shunhao/Desktop/ML/lab/data_all/x_time_day/10.1002_cssc.201600887/Fig6_whole_stability/accepted/10.1002_cssc.201600887__Fig6__whole__stability__−−D-0_in_glove_box__Series_1.csv,x_time_day/10.1002_cssc.201600887/Fig6_whole_stability/accepted/10.1002_cssc.201600887__Fig6__whole__stability__−−D-0_in_glove_box__Series_1.csv,/Users/shunhao/Desktop/ML/lab/data_all/x_time_day/10.1002_cssc.201600887/Fig6_whole_stability/validation_result.json,10.1002/cssc.201600887,10.1002_cssc.201600887__Fig6__whole__stability,−−D-0 in glove box,Time,day,PCE/initial PCE,,24.0,axis_metadata:day,54,719.7511298468133,0.3062441456521223,1.000895991606476,1.000895991606476,False,3,1.8182759233087977,0.4908647846409287,False
C315cebb6f9,True,,/Users/shunhao/Desktop/ML/lab/data_all/x_time_day/10.1002_cssc.201600887/Fig7_D_photovoltaic_parameter/accepted/10.1002_cssc.201600887__Fig7__D__photovoltaic_parameter__D-0__Series_2.csv,x_time_day/10.1002_cssc.201600887/Fig7_D_photovoltaic_parameter/accepted/10.1002_cssc.201600887__Fig7__D__photovoltaic_parameter__D-0__Series_2.csv,/Users/shunhao/Desktop/ML/lab/data_all/x_time_day/10.1002_cssc.201600887/Fig7_D_photovoltaic_parameter/validation_result.json,10.1002/cssc.201600887,10.1002_cssc.201600887__Fig7__D__photovoltaic_parameter,D-0,Time,(day),PCE/PCE_initial,,24.0,axis_metadata:day,56,713.4428206364022,0.307213846847066,1.0000092906967688,1.0000092906967688,False,3,1.8260173983306187,0.48727274950788696,False
Cb03a7454aa,True,,/Users/shunhao/Desktop/ML/lab/data_all/x_time_day/10.1002_cssc.201600887/Fig7_D_photovoltaic_parameter/accepted/10.1002_cssc.201600887__Fig7__D__photovoltaic_parameter__D-5__Series_3.csv,x_time_day/10.1002_cssc.201600887/Fig7_D_photovoltaic_parameter/accepted/10.1002_cssc.201600887__Fig7__D__photovoltaic_parameter__D-5__Series_3.csv,/Users/shunhao/Desktop/ML/lab/data_all/x_time_day/10.1002_cssc.201600887/Fig7_D_photovoltaic_parameter/validation_result.json,10.1002/cssc.201600887,10.1002_cssc.201600887__Fig7__D__photovoltaic_parameter,D-5,Time,(day),PCE/PCE_initial,,24.0,axis_metadata:day,56,713.442820636402,0.5057857893517579,1.0000092906967688,1.0000092906967688,False,3,0.8708195625358502,0.7028349462761856,False
Ca78470a075,True,,/Users/shunhao/Desktop/ML/lab/data_all/x_time_day/10.1002_cssc.201700271/Fig5_C_stability_performance_curve_pce/accepted/10.1002_cssc.201700271__Fig5__C__stability_performance_curve_pce__Device_without_PVP__Series_2.csv,x_time_day/10.1002_cssc.201700271/Fig5_C_stability_performance_curve_pce/accepted/10.1002_cssc.201700271__Fig5__C__stability_performance_curve_pce__Device_without_PVP__Series_2.csv,/Users/shunhao/Desktop/ML/lab/data_all/x_time_day/10.1002_cssc.201700271/Fig5_C_stability_performance_curve_pce/validation_result.json,10.1002/cssc.201700271,10.1002_cssc.201700271__Fig5__C__stability_performance_curve_pce,Device without PVP,Time,(days),PCE,(%),24.0,axis_metadata:day,64,723.8250292154755,3.4252570049981106,11.612689009428994,11.612689009428994,False,3,0.6237297443602048,0.819751894600407,False
Cbe262f9922,True,,/Users/shunhao/Desktop/ML/lab/data_all/x_time_day/10.1002_pc.25527/Fig9_D_stability_performance_curve/accepted/10.1002_pc.25527__Fig9__D__stability_performance_curve__based_on_PEDOT_PSS__Series_1.csv,x_time_day/10.1002_pc.25527/Fig9_D_stability_performance_curve/accepted/10.1002_pc.25527__Fig9__D__stability_performance_curve__based_on_PEDOT_PSS__Series_1.csv,/Users/shunhao/Desktop/ML/lab/data_all/x_time_day/10.1002_pc.25527/Fig9_D_stability_performance_curve/validation_result.json,10.1002/pc.25527,10.1002_pc.25527__Fig9__D__stability_performance_curve,based on PEDOT:PSS,Time,(days),Normalized PCE,,24.0,axis_metadata:day,57,724.1067487954358,0.5535427518911155,1.0038158305992708,1.0038158305992708,False,3,1.1304429478678097,0.5768409960245654,False
Ca3803c0900,True,,/Users/shunhao/Desktop/ML/lab/data_all/x_time_day/10.1002_solr.201900207/Fig4_A_stability_performance_curve_pce/accepted/10.1002_solr.201900207__Fig4__A__stability_performance_curve_pce__PCBM__Series_1.csv,x_time_day/10.1002_solr.201900207/Fig4_A_stability_performance_curve_pce/accepted/10.1002_solr.201900207__Fig4__A__stability_performance_curve_pce__PCBM__Series_1.csv,/Users/shunhao/Desktop/ML/lab/data_all/x_time_day/10.1002_solr.201900207/Fig4_A_stability_performance_curve_pce/validation_result.json,10.1002/solr.201900207,10.1002_solr.201900207__Fig4__A__stability_performance_curve_pce,PCBM,Time,(days),Normalized PCE,,24.0,axis_metadata:day,65,715.7205137111246,0.4980078302947639,0.9986363081478362,0.9986363081478362,False,3,1.3023990484072154,0.5125740060433251,False
Cff12de5413,True,,/Users/shunhao/Desktop/ML/lab/data_all/x_time_day/10.1002_solr.202100178/Fig3_D_stability_performance_curve_pce/accepted/10.1002_solr.202100178__Fig3__D__stability_performance_curve_pce__Control__Series_1.csv,x_time_day/10.1002_solr.202100178/Fig3_D_stability_performance_curve_pce/accepted/10.1002_solr.202100178__Fig3__D__stability_performance_curve_pce__Control__Series_1.csv,/Users/shunhao/Desktop/ML/lab/data_all/x_time_day/10.1002_solr.202100178/Fig3_D_stability_performance_curve_pce/validation_result.json,10.1002/solr.202100178,10.1002_solr.202100178__Fig3__D__stability_performance_curve_pce,Control,Time,day,Normalized PCE,,24.0,axis_metadata:day,48,793.2475581405615,0.5841077356504814,1.0000025208765182,1.0000025208765182,False,3,1.6387551210295614,0.34614999705861715,False
C7176b47d50,True,,/Users/shunhao/Desktop/ML/lab/data_all/x_time_day/10.1016_j.apsusc.2021.149276/Fig5_D_stability_performance_curve_pce/accepted/10.1016_j.apsusc.2021.149276__Fig5__D__stability_performance_curve_pce__MAPbl₃__Series_1.csv,x_time_day/10.1016_j.apsusc.2021.149276/Fig5_D_stability_performance_curve_pce/accepted/10.1016_j.apsusc.2021.149276__Fig5__D__stability_performance_curve_pce__MAPbl₃__Series_1.csv,/Users/shunhao/Desktop/ML/lab/data_all/x_time_day/10.1016_j.apsusc.2021.149276/Fig5_D_stability_performance_curve_pce/validation_result.json,10.1016/j.apsusc.2021.149276,10.1016_j.apsusc.2021.149276__Fig5__D__stability_performance_curve_pce,MAPbl₃,Time (days),days,Normalized PCE,,24.0,axis_metadata:day,63,694.3283769031138,0.4615074624234193,0.982576806294284,0.982576806294284,False,3,1.7510880879842345,0.14661700780773984,True
C5afa1cc563,True,,/Users/shunhao/Desktop/ML/lab/data_all/x_time_day/10.1016_j.carbon.2021.05.008/Fig6_A_stability_performance_curve_pce/accepted/10.1016_j.carbon.2021.05.008__Fig6__A__stability_performance_curve_pce__PC61BM__Series_1.csv,x_time_day/10.1016_j.carbon.2021.05.008/Fig6_A_stability_performance_curve_pce/accepted/10.1016_j.carbon.2021.05.008__Fig6__A__stability_performance_curve_pce__PC61BM__Series_1.csv,/Users/shunhao/Desktop/ML/lab/data_all/x_time_day/10.1016_j.carbon.2021.05.008/Fig6_A_stability_performance_curve_pce/validation_result.json,10.1016/j.carbon.2021.05.008,10.1016_j.carbon.2021.05.008__Fig6__A__stability_performance_curve_pce,PC61BM,Time,(Days),Normalized PCE,(a.u.),24.0,axis_metadata:day,66,716.8550210310372,0.2997288435285747,1.002624132239326,1.002624132239326,False,3,0.9284852558755533,0.7738542663795441,False
C92cdd56687,True,,/Users/shunhao/Desktop/ML/lab/data_all/x_time_day/10.1016_j.cej.2021.128436/Fig8_A_stability_performance_curve_pce/accepted/10.1016_j.cej.2021.128436__Fig8__A__stability_performance_curve_pce__SnO₂__Series_1.csv,x_time_day/10.1016_j.cej.2021.128436/Fig8_A_stability_performance_curve_pce/accepted/10.1016_j.cej.2021.128436__Fig8__A__stability_performance_curve_pce__SnO₂__Series_1.csv,/Users/shunhao/Desktop/ML/lab/data_all/x_time_day/10.1016_j.cej.2021.128436/Fig8_A_stability_performance_curve_pce/validation_result.json,10.1016/j.cej.2021.128436,10.1016_j.cej.2021.128436__Fig8__A__stability_performance_curve_pce,SnO₂,Time,(day),Normalized PCE,,24.0,axis_metadata:day,64,571.2153178603471,0.5448456252745417,1.0037891526799725,1.0037891526799725,False,3,1.9503412883088356,0.021868863387389175,True
Cf6ca2b2f15,True,,/Users/shunhao/Desktop/ML/lab/data_all/x_time_day/10.1016_j.cej.2021.131357/Fig5_E_stability_performance_curve_pce/accepted/10.1016_j.cej.2021.131357__Fig5__E__stability_performance_curve_pce__NiOx__Series_1.csv,x_time_day/10.1016_j.cej.2021.131357/Fig5_E_stability_performance_curve_pce/accepted/10.1016_j.cej.2021.131357__Fig5__E__stability_performance_curve_pce__NiOx__Series_1.csv,/Users/shunhao/Desktop/ML/lab/data_all/x_time_day/10.1016_j.cej.2021.131357/Fig5_E_stability_performance_curve_pce/validation_result.json,10.1016/j.cej.2021.131357,10.1016_j.cej.2021.131357__Fig5__E__stability_performance_curve_pce,NiOx,Time,(days),Normalized PCE,,24.0,axis_metadata:day,51,709.3629799647349,0.2271251660544873,1.0026531572697237,1.0026531572697237,False,3,2.373408511720261,0.01336977186510819,True
C42f1f99569,True,,/Users/shunhao/Desktop/ML/lab/data_all/x_time_day/10.1016_j.ceramint.2020.07.260/Fig7_A_stability_performance_curve_pce/accepted/10.1016_j.ceramint.2020.07.260__Fig7__A__stability_performance_curve_pce__Cell_A__Series_2.csv,x_time_day/10.1016_j.ceramint.2020.07.260/Fig7_A_stability_performance_curve_pce/accepted/10.1016_j.ceramint.2020.07.260__Fig7__A__stability_performance_curve_pce__Cell_A__Series_2.csv,/Users/shunhao/Desktop/ML/lab/data_all/x_time_day/10.1016_j.ceramint.2020.07.260/Fig7_A_stability_performance_curve_pce/validation_result.json,10.1016/j.ceramint.2020.07.260,10.1016_j.ceramint.2020.07.260__Fig7__A__stability_performance_curve_pce,Cell A,Aging time,(day),Normalized PCE,,24.0,axis_metadata:day,67,1448.611846879844,0.1742897580832498,0.9803038980222584,0.9803038980222584,False,3,0.9830803310212552,0.7309448238360068,False
C09ac316d69,True,,/Users/shunhao/Desktop/ML/lab/data_all/x_time_day/10.1016_j.ceramint.2020.07.260/Fig7_A_stability_performance_curve_pce/accepted/10.1016_j.ceramint.2020.07.260__Fig7__A__stability_performance_curve_pce__Cell_B__Series_1.csv,x_time_day/10.1016_j.ceramint.2020.07.260/Fig7_A_stability_performance_curve_pce/accepted/10.1016_j.ceramint.2020.07.260__Fig7__A__stability_performance_curve_pce__Cell_B__Series_1.csv,/Users/shunhao/Desktop/ML/lab/data_all/x_time_day/10.1016_j.ceramint.2020.07.260/Fig7_A_stability_performance_curve_pce/validation_result.json,10.1016/j.ceramint.2020.07.260,10.1016_j.ceramint.2020.07.260__Fig7__A__stability_performance_curve_pce,Cell B,Aging time,(day),Normalized PCE,,24.0,axis_metadata:day,65,1404.7145181865155,0.3942798559106397,0.982152554306522,0.982152554306522,False,3,1.757028203882052,0.24497917373225916,False
C3a857a02fb,True,,/Users/shunhao/Desktop/ML/lab/data_all/x_time_day/10.1016_j.ceramint.2020.07.260/Fig7_B_stability_performance_curve_pce/accepted/10.1016_j.ceramint.2020.07.260__Fig7__B__stability_performance_curve_pce__Cell_A__Series_3.csv,x_time_day/10.1016_j.ceramint.2020.07.260/Fig7_B_stability_performance_curve_pce/accepted/10.1016_j.ceramint.2020.07.260__Fig7__B__stability_performance_curve_pce__Cell_A__Series_3.csv,/Users/shunhao/Desktop/ML/lab/data_all/x_time_day/10.1016_j.ceramint.2020.07.260/Fig7_B_stability_performance_curve_pce/validation_result.json,10.1016/j.ceramint.2020.07.260,10.1016_j.ceramint.2020.07.260__Fig7__B__stability_performance_curve_pce,Cell A,Aging time (day),(day),Normalized PCE,,24.0,axis_metadata:day,66,1412.5991633061824,0.217135750514842,0.9500718841838672,0.9500718841838672,False,3,1.1947875242583956,0.5816437057024354,False
C1dce0f5c88,True,,/Users/shunhao/Desktop/ML/lab/data_all/x_time_day/10.1016_j.dyepig.2021.109339/Fig7_whole_stability/accepted/10.1016_j.dyepig.2021.109339__Fig7__whole__stability__Spiro-OMeTAD_(doped)__Series_1.csv,x_time_day/10.1016_j.dyepig.2021.109339/Fig7_whole_stability/accepted/10.1016_j.dyepig.2021.109339__Fig7__whole__stability__Spiro-OMeTAD_(doped)__Series_1.csv,/Users/shunhao/Desktop/ML/lab/data_all/x_time_day/10.1016_j.dyepig.2021.109339/Fig7_whole_stability/validation_result.json,10.1016/j.dyepig.2021.109339,10.1016_j.dyepig.2021.109339__Fig7__whole__stability,Spiro-OMeTAD (doped),Time,(day),Normalized PCE,,24.0,axis_metadata:day,74,715.9619047491242,0.440208011161954,1.0034839199530072,1.0034839199530072,False,3,0.9632845466439377,0.7839008227627502,False
C256de3dd49,True,,/Users/shunhao/Desktop/ML/lab/data_all/x_time_day/10.1016_j.electacta.2016.11.132/Fig6_A_stability_performance_curve_pce/accepted/10.1016_j.electacta.2016.11.132__Fig6__A__stability_performance_curve_pce__MAPbI₃_Perovskite_Device__Series_2.csv,x_time_day/10.1016_j.electacta.2016.11.132/Fig6_A_stability_performance_curve_pce/accepted/10.1016_j.electacta.2016.11.132__Fig6__A__stability_performance_curve_pce__MAPbI₃_Perovskite_Device__Series_2.csv,/Users/shunhao/Desktop/ML/lab/data_all/x_time_day/10.1016_j.electacta.2016.11.132/Fig6_A_stability_performance_curve_pce/validation_result.json,10.1016/j.electacta.2016.11.132,10.1016_j.electacta.2016.11.132__Fig6__A__stability_performance_curve_pce,MAPbI₃ Perovskite Device,No. of Days,,Normalized PCE,,24.0,axis_metadata:day,67,505.7646817462477,0.2288873851040391,0.9939048630513136,0.9939048630513136,False,3,2.6415399976663734,0.3366289186206845,False
Cdc8a5ba098,True,,/Users/shunhao/Desktop/ML/lab/data_all/x_time_day/10.1016_j.electacta.2017.03.192/Fig6_E_eqe_plot_stability_performance_curve/accepted/10.1016_j.electacta.2017.03.192__Fig6__E__eqe_plot_stability_performance_curve__M-PSCs__Series_2.csv,x_time_day/10.1016_j.electacta.2017.03.192/Fig6_E_eqe_plot_stability_performance_curve/accepted/10.1016_j.electacta.2017.03.192__Fig6__E__eqe_plot_stability_performance_curve__M-PSCs__Series_2.csv,/Users/shunhao/Desktop/ML/lab/data_all/x_time_day/10.1016_j.electacta.2017.03.192/Fig6_E_eqe_plot_stability_performance_curve/validation_result.json,10.1016/j.electacta.2017.03.192,10.1016_j.electacta.2017.03.192__Fig6__E__eqe_plot_stability_performance_curve,M-PSCs,Time,(days),Normalized PCE,,24.0,axis_metadata:day,42,691.053574489897,0.2625779908800404,1.0129364885050274,1.012655554549689,False,3,2.2359118909367393,0.43081644792146095,False
Ce247861650,True,,/Users/shunhao/Desktop/ML/lab/data_all/x_time_day/10.1016_j.electacta.2018.09.195/Fig6_D_stability_performance_curve/accepted/10.1016_j.electacta.2018.09.195__Fig6__D__stability_performance_curve__W_OMethanol__Series_1.csv,x_time_day/10.1016_j.electacta.2018.09.195/Fig6_D_stability_performance_curve/accepted/10.1016_j.electacta.2018.09.195__Fig6__D__stability_performance_curve__W_OMethanol__Series_1.csv,/Users/shunhao/Desktop/ML/lab/data_all/x_time_day/10.1016_j.electacta.2018.09.195/Fig6_D_stability_performance_curve/validation_result.json,10.1016/j.electacta.2018.09.195,10.1016_j.electacta.2018.09.195__Fig6__D__stability_performance_curve,W/OMethanol,Time,(day),PCE/initial PCE,,24.0,axis_metadata:day,52,693.6248202449301,0.4273576733259697,1.0004339508130304,1.0004339508130304,False,3,1.8408651311401534,0.08602509966252386,True
Cf7158ee088,True,,/Users/shunhao/Desktop/ML/lab/data_all/x_time_day/10.1016_j.jallcom.2020.155460/Fig7_B_stability_performance_curve_pce/accepted/10.1016_j.jallcom.2020.155460__Fig7__B__stability_performance_curve_pce__−-p-In203__Series_1.csv,x_time_day/10.1016_j.jallcom.2020.155460/Fig7_B_stability_performance_curve_pce/accepted/10.1016_j.jallcom.2020.155460__Fig7__B__stability_performance_curve_pce__−-p-In203__Series_1.csv,/Users/shunhao/Desktop/ML/lab/data_all/x_time_day/10.1016_j.jallcom.2020.155460/Fig7_B_stability_performance_curve_pce/validation_result.json,10.1016/j.jallcom.2020.155460,10.1016_j.jallcom.2020.155460__Fig7__B__stability_performance_curve_pce,−-p-In203,Time,Day,Normalized PCE,,24.0,axis_metadata:day,57,744.9360489002414,0.5661358212752119,1.0029193490736523,1.0029193490736523,False,3,1.1486263689916572,0.5835259686075777,False
Cdaaa850498,True,,/Users/shunhao/Desktop/ML/lab/data_all/x_time_day/10.1016_j.jechem.2020.06.061/Fig2_C_eqe_spectrum_jsc_2/accepted/10.1016_j.jechem.2020.06.061__Fig2__C__eqe_spectrum_jsc_2__w_o__Series_2.csv,x_time_day/10.1016_j.jechem.2020.06.061/Fig2_C_eqe_spectrum_jsc_2/accepted/10.1016_j.jechem.2020.06.061__Fig2__C__eqe_spectrum_jsc_2__w_o__Series_2.csv,/Users/shunhao/Desktop/ML/lab/data_all/x_time_day/10.1016_j.jechem.2020.06.061/Fig2_C_eqe_spectrum_jsc_2/validation_result.json,10.1016/j.jechem.2020.06.061,10.1016_j.jechem.2020.06.061__Fig2__C__eqe_spectrum_jsc_2,w/o,Time (day),(day),Normalized PCE,,24.0,axis_metadata:day,56,713.0559126877874,0.5711026470889196,0.9871867520616128,0.9871867520616128,False,3,1.9713850244874123,0.11462808324139283,True
C14472cb931,True,,/Users/shunhao/Desktop/ML/lab/data_all/x_time_day/10.1016_j.jechem.2021.04.058/Fig5_F_stability_performance_curve_pce/accepted/10.1016_j.jechem.2021.04.058__Fig5__F__stability_performance_curve_pce__Control__Series_2.csv,x_time_day/10.1016_j.jechem.2021.04.058/Fig5_F_stability_performance_curve_pce/accepted/10.1016_j.jechem.2021.04.058__Fig5__F__stability_performance_curve_pce__Control__Series_2.csv,/Users/shunhao/Desktop/ML/lab/data_all/x_time_day/10.1016_j.jechem.2021.04.058/Fig5_F_stability_performance_curve_pce/validation_result.json,10.1016/j.jechem.2021.04.058,10.1016_j.jechem.2021.04.058__Fig5__F__stability_performance_curve_pce,Control,Time,(day),Normalized PCE,,24.0,axis_metadata:day,49,707.9604781946739,0.4846288253639679,0.9921350213852956,0.9921350213852956,False,3,1.2203228202025462,0.6990485925702943,False
C524ad8e6c0,True,,/Users/shunhao/Desktop/ML/lab/data_all/x_time_day/10.1016_j.jmst.2021.05.084/Fig5_A_stability_performance_curve_pce/accepted/10.1016_j.jmst.2021.05.084__Fig5__A__stability_performance_curve_pce__0_wt%__Series_2.csv,x_time_day/10.1016_j.jmst.2021.05.084/Fig5_A_stability_performance_curve_pce/accepted/10.1016_j.jmst.2021.05.084__Fig5__A__stability_performance_curve_pce__0_wt%__Series_2.csv,/Users/shunhao/Desktop/ML/lab/data_all/x_time_day/10.1016_j.jmst.2021.05.084/Fig5_A_stability_performance_curve_pce/validation_result.json,10.1016/j.jmst.2021.05.084,10.1016_j.jmst.2021.05.084__Fig5__A__stability_performance_curve_pce,0 wt%,Time,day,Normalized PCE,,24.0,axis_metadata:day,56,631.3071731235509,0.4037624984268381,0.9933133345233623,0.9933133345233623,False,3,0.8413050207153078,0.8024527219985564,False
C43b36b5bd1,True,,/Users/shunhao/Desktop/ML/lab/data_all/x_time_day/10.1016_j.jpowsour.2021.229909/Fig7_A_stability_performance_curve/accepted/10.1016_j.jpowsour.2021.229909__Fig7__A__stability_performance_curve__ZnO__Series_1.csv,x_time_day/10.1016_j.jpowsour.2021.229909/Fig7_A_stability_performance_curve/accepted/10.1016_j.jpowsour.2021.229909__Fig7__A__stability_performance_curve__ZnO__Series_1.csv,/Users/shunhao/Desktop/ML/lab/data_all/x_time_day/10.1016_j.jpowsour.2021.229909/Fig7_A_stability_performance_curve/validation_result.json,10.1016/j.jpowsour.2021.229909,10.1016_j.jpowsour.2021.229909__Fig7__A__stability_performance_curve,ZnO,Time,(days),Normalized PCE,,24.0,axis_metadata:day,88,763.9299185429454,0.3827333764424582,1.0025212849664973,1.0025212849664973,False,3,1.0061339037404433,0.708197479837034,False
C30ae64f994,True,,/Users/shunhao/Desktop/ML/lab/data_all/x_time_day/10.1016_j.materresbull.2018.03.027/Fig6_B_eis_plot_pce/accepted/10.1016_j.materresbull.2018.03.027__Fig6__B__eis_plot_pce__PEDOT_PSS__Series_1.csv,x_time_day/10.1016_j.materresbull.2018.03.027/Fig6_B_eis_plot_pce/accepted/10.1016_j.materresbull.2018.03.027__Fig6__B__eis_plot_pce__PEDOT_PSS__Series_1.csv,/Users/shunhao/Desktop/ML/lab/data_all/x_time_day/10.1016_j.materresbull.2018.03.027/Fig6_B_eis_plot_pce/validation_result.json,10.1016/j.materresbull.2018.03.027,10.1016_j.materresbull.2018.03.027__Fig6__B__eis_plot_pce,PEDOT:PSS,Time (days),days,Normalized PCE (%),%,24.0,axis_metadata:day,137,937.6843891235287,0.3482465190985463,1.0029855125697824,1.0029855125697824,False,3,0.8234711135098237,0.7989419823576309,False
Cacc0fed10f,True,,/Users/shunhao/Desktop/ML/lab/data_all/x_time_day/10.1016_j.mssp.2019.104908/Fig11_A_stability_performance_curve_pce/accepted/10.1016_j.mssp.2019.104908__Fig11__A__stability_performance_curve_pce__PEDOT_PSS__Series_1.csv,x_time_day/10.1016_j.mssp.2019.104908/Fig11_A_stability_performance_curve_pce/accepted/10.1016_j.mssp.2019.104908__Fig11__A__stability_performance_curve_pce__PEDOT_PSS__Series_1.csv,/Users/shunhao/Desktop/ML/lab/data_all/x_time_day/10.1016_j.mssp.2019.104908/Fig11_A_stability_performance_curve_pce/validation_result.json,10.1016/j.mssp.2019.104908,10.1016_j.mssp.2019.104908__Fig11__A__stability_performance_curve_pce,PEDOT:PSS,Number of Days,,Normalized PCE,,24.0,axis_metadata:day,74,716.8137961704163,0.2722609680847985,1.0037500505850865,1.0037500505850865,False,3,0.9173954443302264,0.7036013927200364,False
C69f13ebc8b,True,,/Users/shunhao/Desktop/ML/lab/data_all/x_time_day/10.1016_j.mtener.2018.07.004/Fig5_A_stability_performance_curve_pce/accepted/10.1016_j.mtener.2018.07.004__Fig5__A__stability_performance_curve_pce__Without_V₂O₅__Series_2.csv,x_time_day/10.1016_j.mtener.2018.07.004/Fig5_A_stability_performance_curve_pce/accepted/10.1016_j.mtener.2018.07.004__Fig5__A__stability_performance_curve_pce__Without_V₂O₅__Series_2.csv,/Users/shunhao/Desktop/ML/lab/data_all/x_time_day/10.1016_j.mtener.2018.07.004/Fig5_A_stability_performance_curve_pce/validation_result.json,10.1016/j.mtener.2018.07.004,10.1016_j.mtener.2018.07.004__Fig5__A__stability_performance_curve_pce,Without V₂O₅,Time,days,PCE,%,24.0,axis_metadata:day,67,714.4372588830712,1.8312158566522747,16.69945370313124,16.69945370313124,False,3,1.382824038096041,0.6697816992613101,False
C34953464ad,True,,/Users/shunhao/Desktop/ML/lab/data_all/x_time_day/10.1016_j.nanoen.2016.06.007/Fig7_D_ff/accepted/10.1016_j.nanoen.2016.06.007__Fig7__D__ff__primitive__Series_1.csv,x_time_day/10.1016_j.nanoen.2016.06.007/Fig7_D_ff/accepted/10.1016_j.nanoen.2016.06.007__Fig7__D__ff__primitive__Series_1.csv,/Users/shunhao/Desktop/ML/lab/data_all/x_time_day/10.1016_j.nanoen.2016.06.007/Fig7_D_ff/validation_result.json,10.1016/j.nanoen.2016.06.007,10.1016_j.nanoen.2016.06.007__Fig7__D__ff,primitive,Time,(day),PCE,(%),24.0,axis_metadata:day,60,668.3703278447015,0.6950115828138497,9.617024337050456,9.617024337050456,False,3,2.5011089320683184,0.5191076171231769,False
C36ddcff90c,True,,/Users/shunhao/Desktop/ML/lab/data_all/x_time_day/10.1016_j.nanoen.2016.08.006/Fig5_D_stability_performance_curve_pce/accepted/10.1016_j.nanoen.2016.08.006__Fig5__D__stability_performance_curve_pce__MAPbI₃_Spiro-OMeTAD__Series_2.csv,x_time_day/10.1016_j.nanoen.2016.08.006/Fig5_D_stability_performance_curve_pce/accepted/10.1016_j.nanoen.2016.08.006__Fig5__D__stability_performance_curve_pce__MAPbI₃_Spiro-OMeTAD__Series_2.csv,/Users/shunhao/Desktop/ML/lab/data_all/x_time_day/10.1016_j.nanoen.2016.08.006/Fig5_D_stability_performance_curve_pce/validation_result.json,10.1016/j.nanoen.2016.08.006,10.1016_j.nanoen.2016.08.006__Fig5__D__stability_performance_curve_pce,MAPbI₃/Spiro-OMeTAD,Time,(day),PCE,(normalized),24.0,axis_metadata:day,73,1373.4133303846388,0.4439795602606583,1.053224724107906,1.0527974901551755,False,3,1.4018088777295665,0.4969888848851211,False
C705e6e8121,True,,/Users/shunhao/Desktop/ML/lab/data_all/x_time_day/10.1016_j.optmat.2021.111214/Fig7_E_stability_performance_curve_pce/accepted/10.1016_j.optmat.2021.111214__Fig7__E__stability_performance_curve_pce__0_Vol%ofAc__Series_1.csv,x_time_day/10.1016_j.optmat.2021.111214/Fig7_E_stability_performance_curve_pce/accepted/10.1016_j.optmat.2021.111214__Fig7__E__stability_performance_curve_pce__0_Vol%ofAc__Series_1.csv,/Users/shunhao/Desktop/ML/lab/data_all/x_time_day/10.1016_j.optmat.2021.111214/Fig7_E_stability_performance_curve_pce/validation_result.json,10.1016/j.optmat.2021.111214,10.1016_j.optmat.2021.111214__Fig7__E__stability_performance_curve_pce,0 Vol%ofAc,Days,,Normalized Power Conversion Efficiency (PCE),,24.0,axis_metadata:day,40,920.335729003627,0.0897353605762825,0.8038987312574782,0.8038987312574782,False,3,2.553483442924175,0.17965466835051924,True
Cd8fdb42576,True,,/Users/shunhao/Desktop/ML/lab/data_all/x_time_day/10.1016_j.optmat.2021.111214/Fig7_E_stability_performance_curve_pce/accepted/10.1016_j.optmat.2021.111214__Fig7__E__stability_performance_curve_pce__8Vol%of_Ac__Series_2.csv,x_time_day/10.1016_j.optmat.2021.111214/Fig7_E_stability_performance_curve_pce/accepted/10.1016_j.optmat.2021.111214__Fig7__E__stability_performance_curve_pce__8Vol%of_Ac__Series_2.csv,/Users/shunhao/Desktop/ML/lab/data_all/x_time_day/10.1016_j.optmat.2021.111214/Fig7_E_stability_performance_curve_pce/validation_result.json,10.1016/j.optmat.2021.111214,10.1016_j.optmat.2021.111214__Fig7__E__stability_performance_curve_pce,8Vol%of Ac,Days,,Normalized Power Conversion Efficiency (PCE),,24.0,axis_metadata:day,40,920.335729003627,0.1343705712438572,1.0032693389059788,1.0032693389059788,False,3,1.712680118819541,0.6073191332710433,False
C02539643b6,True,,/Users/shunhao/Desktop/ML/lab/data_all/x_time_day/10.1016_j.orgel.2018.01.029/Fig4_D_stability_performance_curve_pce/accepted/10.1016_j.orgel.2018.01.029__Fig4__D__stability_performance_curve_pce__Anti-solvent__Series_2.csv,x_time_day/10.1016_j.orgel.2018.01.029/Fig4_D_stability_performance_curve_pce/accepted/10.1016_j.orgel.2018.01.029__Fig4__D__stability_performance_curve_pce__Anti-solvent__Series_2.csv,/Users/shunhao/Desktop/ML/lab/data_all/x_time_day/10.1016_j.orgel.2018.01.029/Fig4_D_stability_performance_curve_pce/validation_result.json,10.1016/j.orgel.2018.01.029,10.1016_j.orgel.2018.01.029__Fig4__D__stability_performance_curve_pce,Anti-solvent,Time,(day),PCE,(%),24.0,axis_metadata:day,34,829.0807571009914,2.6141101004238365,11.27983298954943,11.278021475828275,False,3,2.776941078541865,0.08121120918752145,True
C3f0e58aeb5,True,,/Users/shunhao/Desktop/ML/lab/data_all/x_time_day/10.1016_j.orgel.2021.106258/Fig9_H_pce/accepted/10.1016_j.orgel.2021.106258__Fig9__H__pce__CH3NH3Pbl3__Series_1.csv,x_time_day/10.1016_j.orgel.2021.106258/Fig9_H_pce/accepted/10.1016_j.orgel.2021.106258__Fig9__H__pce__CH3NH3Pbl3__Series_1.csv,/Users/shunhao/Desktop/ML/lab/data_all/x_time_day/10.1016_j.orgel.2021.106258/Fig9_H_pce/validation_result.json,10.1016/j.orgel.2021.106258,10.1016_j.orgel.2021.106258__Fig9__H__pce,CH3NH3Pbl3,Time,day,Normalized PCE,,24.0,axis_metadata:day,41,697.2899857527768,0.2576344002372978,0.982184391400101,0.982184391400101,False,3,1.8374733973946962,0.23602814096940106,False
Ccfd9e3d2ab,True,,/Users/shunhao/Desktop/ML/lab/data_all/x_time_day/10.1016_j.orgel.2021.106428/Fig9_whole_stability/accepted/10.1016_j.orgel.2021.106428__Fig9__whole__stability__TPA-TPy__Series_2.csv,x_time_day/10.1016_j.orgel.2021.106428/Fig9_whole_stability/accepted/10.1016_j.orgel.2021.106428__Fig9__whole__stability__TPA-TPy__Series_2.csv,/Users/shunhao/Desktop/ML/lab/data_all/x_time_day/10.1016_j.orgel.2021.106428/Fig9_whole_stability/validation_result.json,10.1016/j.orgel.2021.106428,10.1016_j.orgel.2021.106428__Fig9__whole__stability,TPA-TPy,Time,(day),Normalized PCE,,24.0,axis_metadata:day,84,929.2393379998539,0.2805767796662758,1.003122269542808,1.003122269542808,False,3,2.5269854619271683,0.5018305739033436,False
Cddce90c041,True,,/Users/shunhao/Desktop/ML/lab/data_all/x_time_day/10.1016_j.solener.2019.05.073/Fig6_whole_stability/accepted/10.1016_j.solener.2019.05.073__Fig6__whole__stability__W_oCTAB__Series_1.csv,x_time_day/10.1016_j.solener.2019.05.073/Fig6_whole_stability/accepted/10.1016_j.solener.2019.05.073__Fig6__whole__stability__W_oCTAB__Series_1.csv,/Users/shunhao/Desktop/ML/lab/data_all/x_time_day/10.1016_j.solener.2019.05.073/Fig6_whole_stability/validation_result.json,10.1016/j.solener.2019.05.073,10.1016_j.solener.2019.05.073__Fig6__whole__stability,W/oCTAB,Time,(days),Normalized PCE,(%),24.0,axis_metadata:day,74,715.2535437576659,26.270167198989824,99.57422554271513,99.57422554271513,False,3,1.9491376408688514,0.5420803299571763,False
C93de0d1d0d,True,,/Users/shunhao/Desktop/ML/lab/data_all/x_time_day/10.1016_j.solmat.2017.08.032/Fig8_A_stability_performance_curve_pce/accepted/10.1016_j.solmat.2017.08.032__Fig8__A__stability_performance_curve_pce__CC_Device__Series_1.csv,x_time_day/10.1016_j.solmat.2017.08.032/Fig8_A_stability_performance_curve_pce/accepted/10.1016_j.solmat.2017.08.032__Fig8__A__stability_performance_curve_pce__CC_Device__Series_1.csv,/Users/shunhao/Desktop/ML/lab/data_all/x_time_day/10.1016_j.solmat.2017.08.032/Fig8_A_stability_performance_curve_pce/validation_result.json,10.1016/j.solmat.2017.08.032,10.1016_j.solmat.2017.08.032__Fig8__A__stability_performance_curve_pce,CC Device,No. of Day,,Normalized PCE,,24.0,axis_metadata:day,70,723.2999964361104,0.2227470142009238,1.002838222522849,1.002838222522849,False,3,0.8829571050508214,0.7370726694502153,False
Cbe5e22fcda,True,,/Users/shunhao/Desktop/ML/lab/data_all/x_time_day/10.1016_j.solmat.2019.110284/Fig3_A_chart/accepted/10.1016_j.solmat.2019.110284__Fig3__A__chart__illumination__Series_2.csv,x_time_day/10.1016_j.solmat.2019.110284/Fig3_A_chart/accepted/10.1016_j.solmat.2019.110284__Fig3__A__chart__illumination__Series_2.csv,/Users/shunhao/Desktop/ML/lab/data_all/x_time_day/10.1016_j.solmat.2019.110284/Fig3_A_chart/validation_result.json,10.1016/j.solmat.2019.110284,10.1016_j.solmat.2019.110284__Fig3__A__chart,illumination,Days,,Normalized PCE,,24.0,axis_metadata:day,28,562.5335139693087,0.6556658792186361,0.9927653812311648,0.9927653812311648,False,3,1.8684070057699411,0.31380507939452684,False
C5c707f172d,True,,/Users/shunhao/Desktop/ML/lab/data_all/x_time_day/10.1016_j.solmat.2019.110284/Fig4_C_stability_performance_curve/accepted/10.1016_j.solmat.2019.110284__Fig4__C__stability_performance_curve__Temperature_30_oC__Series_2.csv,x_time_day/10.1016_j.solmat.2019.110284/Fig4_C_stability_performance_curve/accepted/10.1016_j.solmat.2019.110284__Fig4__C__stability_performance_curve__Temperature_30_oC__Series_2.csv,/Users/shunhao/Desktop/ML/lab/data_all/x_time_day/10.1016_j.solmat.2019.110284/Fig4_C_stability_performance_curve/validation_result.json,10.1016/j.solmat.2019.110284,10.1016_j.solmat.2019.110284__Fig4__C__stability_performance_curve,Temperature > 30 oC,Days,,Normalized PCE,,24.0,axis_metadata:day,34,841.562017069093,0.6352483813413539,1.0066440840457849,1.0066440840457849,False,3,1.7343008370542676,0.37582987266395385,False
C859a3cfa5c,True,,/Users/shunhao/Desktop/ML/lab/data_all/x_time_day/10.1016_j.synthmet.2017.02.022/Fig1_B_stability_performance_curve_pce/accepted/10.1016_j.synthmet.2017.02.022__Fig1__B__stability_performance_curve_pce__Series_1__Series_1.csv,x_time_day/10.1016_j.synthmet.2017.02.022/Fig1_B_stability_performance_curve_pce/accepted/10.1016_j.synthmet.2017.02.022__Fig1__B__stability_performance_curve_pce__Series_1__Series_1.csv,/Users/shunhao/Desktop/ML/lab/data_all/x_time_day/10.1016_j.synthmet.2017.02.022/Fig1_B_stability_performance_curve_pce/validation_result.json,10.1016/j.synthmet.2017.02.022,10.1016_j.synthmet.2017.02.022__Fig1__B__stability_performance_curve_pce,,Time (day),(day),PCE (%),(%),24.0,axis_metadata:day,56,715.7000389116938,7.387929729315556,11.004532041858084,11.004532041858084,False,3,2.532048801990284,0.01087010045363508,True
C583918c744,True,,/Users/shunhao/Desktop/ML/lab/data_all/x_time_day/10.1016_j.tsf.2018.10.001/Fig7_A_chart/accepted/10.1016_j.tsf.2018.10.001__Fig7__A__chart__x=0__Series_2.csv,x_time_day/10.1016_j.tsf.2018.10.001/Fig7_A_chart/accepted/10.1016_j.tsf.2018.10.001__Fig7__A__chart__x=0__Series_2.csv,/Users/shunhao/Desktop/ML/lab/data_all/x_time_day/10.1016_j.tsf.2018.10.001/Fig7_A_chart/validation_result.json,10.1016/j.tsf.2018.10.001,10.1016_j.tsf.2018.10.001__Fig7__A__chart,x=0,Time(days),(days),Normalized PCE,,24.0,axis_metadata:day,66,716.0701989781473,0.2537065028206475,0.9992842591320976,0.9992842591320976,False,3,2.371525452214659,0.2986199478507327,False
Ccc8da6cb64,True,,/Users/shunhao/Desktop/ML/lab/data_all/x_time_day/10.1021_acs.iecr.9b05173/Fig8_whole_stability_performance_curve/accepted/10.1021_acs.iecr.9b05173__Fig8__whole__stability_performance_curve__Spiro__Series_1.csv,x_time_day/10.1021_acs.iecr.9b05173/Fig8_whole_stability_performance_curve/accepted/10.1021_acs.iecr.9b05173__Fig8__whole__stability_performance_curve__Spiro__Series_1.csv,/Users/shunhao/Desktop/ML/lab/data_all/x_time_day/10.1021_acs.iecr.9b05173/Fig8_whole_stability_performance_curve/validation_result.json,10.1021/acs.iecr.9b05173,10.1021_acs.iecr.9b05173__Fig8__whole__stability_performance_curve,Spiro,Working time (day),(day),Normalized PCE,,24.0,axis_metadata:day,45,715.6251041582536,0.4337696334165848,0.9949093086144932,0.9949093086144932,False,3,0.35901580259437693,0.904146464672499,False
Cd1661211df,True,,/Users/shunhao/Desktop/ML/lab/data_all/x_time_day/10.1021_acs.jpcc.0c05357/Fig1_C_stability_performance_curve_pce/accepted/10.1021_acs.jpcc.0c05357__Fig1__C__stability_performance_curve_pce__Rb5Cs10-U__Series_1.csv,x_time_day/10.1021_acs.jpcc.0c05357/Fig1_C_stability_performance_curve_pce/accepted/10.1021_acs.jpcc.0c05357__Fig1__C__stability_performance_curve_pce__Rb5Cs10-U__Series_1.csv,/Users/shunhao/Desktop/ML/lab/data_all/x_time_day/10.1021_acs.jpcc.0c05357/Fig1_C_stability_performance_curve_pce/validation_result.json,10.1021/acs.jpcc.0c05357,10.1021_acs.jpcc.0c05357__Fig1__C__stability_performance_curve_pce,Rb5Cs10-U,Time,(day),Normalized PCE,,24.0,axis_metadata:day,45,719.5911468370549,0.0612960189674431,1.0095105803493971,1.0094396137216244,False,3,3.0862733299762213,0.4026014742564566,False
C3ae89804b5,True,,/Users/shunhao/Desktop/ML/lab/data_all/x_time_day/10.1021_acs.jpclett.0c01134/Fig4_G_stability_performance_curve_pce/accepted/10.1021_acs.jpclett.0c01134__Fig4__G__stability_performance_curve_pce__3D__Series_2.csv,x_time_day/10.1021_acs.jpclett.0c01134/Fig4_G_stability_performance_curve_pce/accepted/10.1021_acs.jpclett.0c01134__Fig4__G__stability_performance_curve_pce__3D__Series_2.csv,/Users/shunhao/Desktop/ML/lab/data_all/x_time_day/10.1021_acs.jpclett.0c01134/Fig4_G_stability_performance_curve_pce/validation_result.json,10.1021/acs.jpclett.0c01134,10.1021_acs.jpclett.0c01134__Fig4__G__stability_performance_curve_pce,3D,Days,(d),Normalized PCE,,24.0,axis_metadata:day,14,616.0856064203622,0.4382131075228958,0.9911417327365112,0.9911417327365112,False,3,0.5130667933033208,0.846759007832921,False
C668bf35c04,True,,/Users/shunhao/Desktop/ML/lab/data_all/x_time_day/10.1021_acs.jpclett.0c03566/Fig7_A_stability_performance_curve/accepted/10.1021_acs.jpclett.0c03566__Fig7__A__stability_performance_curve__Pristine__Series_2.csv,x_time_day/10.1021_acs.jpclett.0c03566/Fig7_A_stability_performance_curve/accepted/10.1021_acs.jpclett.0c03566__Fig7__A__stability_performance_curve__Pristine__Series_2.csv,/Users/shunhao/Desktop/ML/lab/data_all/x_time_day/10.1021_acs.jpclett.0c03566/Fig7_A_stability_performance_curve/validation_result.json,10.1021/acs.jpclett.0c03566,10.1021_acs.jpclett.0c03566__Fig7__A__stability_performance_curve,Pristine,Time,day,Efficiency,norm.,24.0,axis_metadata:day,49,666.643258391126,0.3594863688842102,0.8636831516409158,0.8636831516409158,False,3,0.8503697025442549,0.8088222794344679,False
C915dd85978,True,,/Users/shunhao/Desktop/ML/lab/data_all/x_time_day/10.1021_acsaem.0c00398/Fig4_D_stability_performance_curve/accepted/10.1021_acsaem.0c00398__Fig4__D__stability_performance_curve__10%_PEAI__Series_3.csv,x_time_day/10.1021_acsaem.0c00398/Fig4_D_stability_performance_curve/accepted/10.1021_acsaem.0c00398__Fig4__D__stability_performance_curve__10%_PEAI__Series_3.csv,/Users/shunhao/Desktop/ML/lab/data_all/x_time_day/10.1021_acsaem.0c00398/Fig4_D_stability_performance_curve/validation_result.json,10.1021/acsaem.0c00398,10.1021_acsaem.0c00398__Fig4__D__stability_performance_curve,10% PEAI,Time,day,Normalized PCE,%,24.0,axis_metadata:day,50,703.996514814186,0.5901632419437749,0.989162037655791,0.989162037655791,False,3,1.3621272615788478,0.6475109996435704,False
Cfd6041d438,True,,/Users/shunhao/Desktop/ML/lab/data_all/x_time_day/10.1021_acsaem.0c00398/Fig4_D_stability_performance_curve/accepted/10.1021_acsaem.0c00398__Fig4__D__stability_performance_curve__Control__Series_1.csv,x_time_day/10.1021_acsaem.0c00398/Fig4_D_stability_performance_curve/accepted/10.1021_acsaem.0c00398__Fig4__D__stability_performance_curve__Control__Series_1.csv,/Users/shunhao/Desktop/ML/lab/data_all/x_time_day/10.1021_acsaem.0c00398/Fig4_D_stability_performance_curve/validation_result.json,10.1021/acsaem.0c00398,10.1021_acsaem.0c00398__Fig4__D__stability_performance_curve,Control,Time,day,Normalized PCE,%,24.0,axis_metadata:day,51,718.3637906267203,0.229715054513113,0.996872159312062,0.996872159312062,False,3,0.7277273352137994,0.8015332777310913,False
Cd041b2a99f,True,,/Users/shunhao/Desktop/ML/lab/data_all/x_time_day/10.1021_acsaem.0c03227/Fig5_E_stability/accepted/10.1021_acsaem.0c03227__Fig5__E__stability__reference__Series_1.csv,x_time_day/10.1021_acsaem.0c03227/Fig5_E_stability/accepted/10.1021_acsaem.0c03227__Fig5__E__stability__reference__Series_1.csv,/Users/shunhao/Desktop/ML/lab/data_all/x_time_day/10.1021_acsaem.0c03227/Fig5_E_stability/validation_result.json,10.1021/acsaem.0c03227,10.1021_acsaem.0c03227__Fig5__E__stability,reference,Time (day),(day),Normalized PCE,,24.0,axis_metadata:day,48,691.5929446142899,0.3722060631492385,1.0309872638258726,1.0309318370384968,False,3,2.020860766192711,0.1795915792116407,True
Ceb960fe216,True,,/Users/shunhao/Desktop/ML/lab/data_all/x_time_day/10.1021_acsaem.1c00192/Fig5_D_stability_performance_curve_pce/accepted/10.1021_acsaem.1c00192__Fig5__D__stability_performance_curve_pce__0mg_mL__Series_2.csv,x_time_day/10.1021_acsaem.1c00192/Fig5_D_stability_performance_curve_pce/accepted/10.1021_acsaem.1c00192__Fig5__D__stability_performance_curve_pce__0mg_mL__Series_2.csv,/Users/shunhao/Desktop/ML/lab/data_all/x_time_day/10.1021_acsaem.1c00192/Fig5_D_stability_performance_curve_pce/validation_result.json,10.1021/acsaem.1c00192,10.1021_acsaem.1c00192__Fig5__D__stability_performance_curve_pce,0mg/mL,Time (day),(day),Normalized PCE,,24.0,axis_metadata:day,43,944.7557470604704,0.3911626114462954,0.9918686563887652,0.9918600963333148,False,3,1.8855700816587109,0.1413112056962616,True
Cb423436de3,True,,/Users/shunhao/Desktop/ML/lab/data_all/x_time_day/10.1021_acsami.1c02218/Fig8_F_stability_performance_curve_pce/accepted/10.1021_acsami.1c02218__Fig8__F__stability_performance_curve_pce__W_O_5-TFMAP__Series_1.csv,x_time_day/10.1021_acsami.1c02218/Fig8_F_stability_performance_curve_pce/accepted/10.1021_acsami.1c02218__Fig8__F__stability_performance_curve_pce__W_O_5-TFMAP__Series_1.csv,/Users/shunhao/Desktop/ML/lab/data_all/x_time_day/10.1021_acsami.1c02218/Fig8_F_stability_performance_curve_pce/validation_result.json,10.1021/acsami.1c02218,10.1021_acsami.1c02218__Fig8__F__stability_performance_curve_pce,W/O 5-TFMAP,Time,day,Normalized PCE,,24.0,axis_metadata:day,64,1193.4732929081977,0.3263006062679325,1.0055774600557943,1.0055774600557943,False,3,1.561015754997466,0.3677958971895481,False
C8da77769b5,True,,/Users/shunhao/Desktop/ML/lab/data_all/x_time_day/10.1021_acsami.6b09532/Fig7_D_stability_performance_curve_pce/accepted/10.1021_acsami.6b09532__Fig7__D__stability_performance_curve_pce__FAₓMA₁₋ₓPbI₃__Series_1.csv,x_time_day/10.1021_acsami.6b09532/Fig7_D_stability_performance_curve_pce/accepted/10.1021_acsami.6b09532__Fig7__D__stability_performance_curve_pce__FAₓMA₁₋ₓPbI₃__Series_1.csv,/Users/shunhao/Desktop/ML/lab/data_all/x_time_day/10.1021_acsami.6b09532/Fig7_D_stability_performance_curve_pce/validation_result.json,10.1021/acsami.6b09532,10.1021_acsami.6b09532__Fig7__D__stability_performance_curve_pce,FAₓMA₁₋ₓPbI₃,Time/day,day,Norm. PCE,,24.0,axis_metadata:day,57,717.8168259277082,0.4585269506182059,1.0021388583483648,1.0021388583483648,False,3,1.3241176343790253,0.7029319549154844,False
C1c0a9227c9,True,,/Users/shunhao/Desktop/ML/lab/data_all/x_time_day/10.1021_acsami.7b01136/Fig5_D_stability_performance_curve_pce/accepted/10.1021_acsami.7b01136__Fig5__D__stability_performance_curve_pce__Pristine_PVK__Series_1.csv,x_time_day/10.1021_acsami.7b01136/Fig5_D_stability_performance_curve_pce/accepted/10.1021_acsami.7b01136__Fig5__D__stability_performance_curve_pce__Pristine_PVK__Series_1.csv,/Users/shunhao/Desktop/ML/lab/data_all/x_time_day/10.1021_acsami.7b01136/Fig5_D_stability_performance_curve_pce/validation_result.json,10.1021/acsami.7b01136,10.1021_acsami.7b01136__Fig5__D__stability_performance_curve_pce,Pristine PVK,Time (day),(day),PCE (%),(%),24.0,axis_metadata:day,42,726.3270706298877,6.225043156605924,12.88717078935285,12.88717078935285,False,3,2.2724977913782705,0.4337248694363494,False
Cd42bd5c519,True,,/Users/shunhao/Desktop/ML/lab/data_all/x_time_day/10.1021_acsami.7b08488/Fig7_A_stability_performance_curve_pce/accepted/10.1021_acsami.7b08488__Fig7__A__stability_performance_curve_pce__MAPbI₃__Series_1.csv,x_time_day/10.1021_acsami.7b08488/Fig7_A_stability_performance_curve_pce/accepted/10.1021_acsami.7b08488__Fig7__A__stability_performance_curve_pce__MAPbI₃__Series_1.csv,/Users/shunhao/Desktop/ML/lab/data_all/x_time_day/10.1021_acsami.7b08488/Fig7_A_stability_performance_curve_pce/validation_result.json,10.1021/acsami.7b08488,10.1021_acsami.7b08488__Fig7__A__stability_performance_curve_pce,MAPbI₃,Time (days),days,Normalized PCE,,24.0,axis_metadata:day,72,779.6674220356588,0.1810192936775996,1.0079121654336125,1.0079121654336125,False,3,0.5573231936894483,0.8544235541829939,False
C9835c4581a,True,,/Users/shunhao/Desktop/ML/lab/data_all/x_time_day/10.1021_acsami.9b07149/Fig4_D_stability_performance_curve_pce/accepted/10.1021_acsami.9b07149__Fig4__D__stability_performance_curve_pce__PVK__Series_1.csv,x_time_day/10.1021_acsami.9b07149/Fig4_D_stability_performance_curve_pce/accepted/10.1021_acsami.9b07149__Fig4__D__stability_performance_curve_pce__PVK__Series_1.csv,/Users/shunhao/Desktop/ML/lab/data_all/x_time_day/10.1021_acsami.9b07149/Fig4_D_stability_performance_curve_pce/validation_result.json,10.1021/acsami.9b07149,10.1021_acsami.9b07149__Fig4__D__stability_performance_curve_pce,PVK,Time,(days),Normalized PCE,(%),24.0,axis_metadata:day,53,844.9327512761802,-0.0074775022584403,0.9980166248690544,0.9980166248690544,False,3,1.0801587851097236,0.7087649540606841,False
C4e3742a81b,True,,/Users/shunhao/Desktop/ML/lab/data_all/x_time_day/10.1021_acssuschemeng.9b02336/Fig6_whole_figure/accepted/10.1021_acssuschemeng.9b02336__Fig6__whole__figure__PEDOT_PSS__Series_2.csv,x_time_day/10.1021_acssuschemeng.9b02336/Fig6_whole_figure/accepted/10.1021_acssuschemeng.9b02336__Fig6__whole__figure__PEDOT_PSS__Series_2.csv,/Users/shunhao/Desktop/ML/lab/data_all/x_time_day/10.1021_acssuschemeng.9b02336/Fig6_whole_figure/validation_result.json,10.1021/acssuschemeng.9b02336,10.1021_acssuschemeng.9b02336__Fig6__whole__figure,PEDOT:PSS,Storing time,(days),Normalized PCE,(%),24.0,axis_metadata:day,58,725.5586315808898,0.5532789803851609,1.0025931430575383,1.0025931430575383,False,3,1.321929035264436,0.47044982275624236,False
Cef97f45d6c,True,,/Users/shunhao/Desktop/ML/lab/data_all/x_time_day/10.1038_s41427-018-0055-0/Fig5_A_stability_performance_curve/accepted/10.1038_s41427-018-0055-0__Fig5__A__stability_performance_curve__W_O_QDs__Series_1.csv,x_time_day/10.1038_s41427-018-0055-0/Fig5_A_stability_performance_curve/accepted/10.1038_s41427-018-0055-0__Fig5__A__stability_performance_curve__W_O_QDs__Series_1.csv,/Users/shunhao/Desktop/ML/lab/data_all/x_time_day/10.1038_s41427-018-0055-0/Fig5_A_stability_performance_curve/validation_result.json,10.1038/s41427-018-0055-0,10.1038_s41427-018-0055-0__Fig5__A__stability_performance_curve,W/O QDs,Time,day,Normalized PCE,,24.0,axis_metadata:day,54,846.3329321292485,0.0022822135684621,1.004938509099256,1.004938509099256,False,3,2.629170618363559,0.32228158315340727,False
C88a8a27269,True,,/Users/shunhao/Desktop/ML/lab/data_all/x_time_day/10.1038_s41598-018-25975-8/Fig6_A_stability_performance_curve/accepted/10.1038_s41598-018-25975-8__Fig6__A__stability_performance_curve__w_o_Cu₂O_60__Series_1.csv,x_time_day/10.1038_s41598-018-25975-8/Fig6_A_stability_performance_curve/accepted/10.1038_s41598-018-25975-8__Fig6__A__stability_performance_curve__w_o_Cu₂O_60__Series_1.csv,/Users/shunhao/Desktop/ML/lab/data_all/x_time_day/10.1038_s41598-018-25975-8/Fig6_A_stability_performance_curve/validation_result.json,10.1038/s41598-018-25975-8,10.1038_s41598-018-25975-8__Fig6__A__stability_performance_curve,w/o Cu₂O_60,days,,normalized PCE,,24.0,axis_metadata:day,53,593.4899228288082,0.0737648626467326,0.9948436868707194,0.9948436868707194,False,3,5.692567875107958,0.17289828902849533,True
Cc8cc061f22,True,,/Users/shunhao/Desktop/ML/lab/data_all/x_time_day/10.1039_c6ta09174a/Fig4_B_stability_performance_curve_pce/accepted/10.1039_c6ta09174a__Fig4__B__stability_performance_curve_pce__b__Series_2.csv,x_time_day/10.1039_c6ta09174a/Fig4_B_stability_performance_curve_pce/accepted/10.1039_c6ta09174a__Fig4__B__stability_performance_curve_pce__b__Series_2.csv,/Users/shunhao/Desktop/ML/lab/data_all/x_time_day/10.1039_c6ta09174a/Fig4_B_stability_performance_curve_pce/validation_result.json,10.1039/c6ta09174a,10.1039_c6ta09174a__Fig4__B__stability_performance_curve_pce,b,Time,days,Normalized PCE,,24.0,axis_metadata:day,68,726.9889256132356,0.2613204922718487,1.010689468759395,1.010689468759395,False,3,2.359053202278774,0.4820707141737016,False
C74a33941c4,True,,/Users/shunhao/Desktop/ML/lab/data_all/x_time_day/10.1039_c6ta09687e/Fig1_C_jv_curve_stability_performance_ff/accepted/10.1039_c6ta09687e__Fig1__C__jv_curve_stability_performance_ff__FAPbI3__Series_1.csv,x_time_day/10.1039_c6ta09687e/Fig1_C_jv_curve_stability_performance_ff/accepted/10.1039_c6ta09687e__Fig1__C__jv_curve_stability_performance_ff__FAPbI3__Series_1.csv,/Users/shunhao/Desktop/ML/lab/data_all/x_time_day/10.1039_c6ta09687e/Fig1_C_jv_curve_stability_performance_ff/validation_result.json,10.1039/c6ta09687e,10.1039_c6ta09687e__Fig1__C__jv_curve_stability_performance_ff,FAPbI3,Time,Days,Normalized PCE,,24.0,axis_metadata:day,42,729.5781116286173,0.202765019863139,0.9983247245487318,0.9983247245487318,False,3,1.38637092137646,0.7103960090405029,False
C6f6a8eb939,True,,/Users/shunhao/Desktop/ML/lab/data_all/x_time_day/10.1039_c7ta00894e/Fig6_H_stability_performance_curve_pce/accepted/10.1039_c7ta00894e__Fig6__H__stability_performance_curve_pce__CH3NH3PbI3__Series_2.csv,x_time_day/10.1039_c7ta00894e/Fig6_H_stability_performance_curve_pce/accepted/10.1039_c7ta00894e__Fig6__H__stability_performance_curve_pce__CH3NH3PbI3__Series_2.csv,/Users/shunhao/Desktop/ML/lab/data_all/x_time_day/10.1039_c7ta00894e/Fig6_H_stability_performance_curve_pce/validation_result.json,10.1039/c7ta00894e,10.1039_c7ta00894e__Fig6__H__stability_performance_curve_pce,CH3NH3PbI3,Time (day),day,Normalized PCE,,24.0,axis_metadata:day,43,690.6836826007032,0.1342479339389807,0.999539570768422,0.999539570768422,False,3,2.6321337814835704,0.2553324647482645,False
Cc5c56521ba,True,,/Users/shunhao/Desktop/ML/lab/data_all/x_time_day/10.1039_c8ta00457a/Fig9_H_pce/accepted/10.1039_c8ta00457a__Fig9__H__pce__WithoutOTAB__Series_2.csv,x_time_day/10.1039_c8ta00457a/Fig9_H_pce/accepted/10.1039_c8ta00457a__Fig9__H__pce__WithoutOTAB__Series_2.csv,/Users/shunhao/Desktop/ML/lab/data_all/x_time_day/10.1039_c8ta00457a/Fig9_H_pce/validation_result.json,10.1039/c8ta00457a,10.1039_c8ta00457a__Fig9__H__pce,WithoutOTAB,Time,(day),Normalized PCE,,24.0,axis_metadata:day,35,713.1453464368697,0.1370735278647676,0.9957513151747336,0.9957513151747336,False,3,2.7512410258285,0.28101308368350164,False
C1d0e76dbce,True,,/Users/shunhao/Desktop/ML/lab/data_all/x_time_day/10.1039_c9ta01893j/Fig7_E_stability_performance_curve_pce/accepted/10.1039_c9ta01893j__Fig7__E__stability_performance_curve_pce__w_o_GA__Series_1.csv,x_time_day/10.1039_c9ta01893j/Fig7_E_stability_performance_curve_pce/accepted/10.1039_c9ta01893j__Fig7__E__stability_performance_curve_pce__w_o_GA__Series_1.csv,/Users/shunhao/Desktop/ML/lab/data_all/x_time_day/10.1039_c9ta01893j/Fig7_E_stability_performance_curve_pce/validation_result.json,10.1039/c9ta01893j,10.1039_c9ta01893j__Fig7__E__stability_performance_curve_pce,w/o GA,Time (day),(day),Normalized PCE,,24.0,axis_metadata:day,48,1418.4953664605232,0.3056867378362816,0.9385695737573472,0.9385695737573472,False,3,2.264221781620708,0.3170269117233319,False
C056a84c2a8,True,,/Users/shunhao/Desktop/ML/lab/data_all/x_time_day/10.1039_d0ta06646j/Fig4_G_stability_performance_curve_pce/accepted/10.1039_d0ta06646j__Fig4__G__stability_performance_curve_pce__1nmFPPX__Series_2.csv,x_time_day/10.1039_d0ta06646j/Fig4_G_stability_performance_curve_pce/accepted/10.1039_d0ta06646j__Fig4__G__stability_performance_curve_pce__1nmFPPX__Series_2.csv,/Users/shunhao/Desktop/ML/lab/data_all/x_time_day/10.1039_d0ta06646j/Fig4_G_stability_performance_curve_pce/validation_result.json,10.1039/d0ta06646j,10.1039_d0ta06646j__Fig4__G__stability_performance_curve_pce,1nmFPPX,Day,,Normalized PCE,%,24.0,axis_metadata:day,61,687.1555196800551,0.3569620403946749,1.0040627995859,1.0040627995859,False,3,1.7052918805529786,0.46175731423196936,False
Ce678fc880a,True,,/Users/shunhao/Desktop/ML/lab/data_all/x_time_day/10.1039_d3ra00809f/Fig4_C_stability_performance_curve_pce/accepted/10.1039_d3ra00809f__Fig4__C__stability_performance_curve_pce__Control__Series_1.csv,x_time_day/10.1039_d3ra00809f/Fig4_C_stability_performance_curve_pce/accepted/10.1039_d3ra00809f__Fig4__C__stability_performance_curve_pce__Control__Series_1.csv,/Users/shunhao/Desktop/ML/lab/data_all/x_time_day/10.1039_d3ra00809f/Fig4_C_stability_performance_curve_pce/validation_result.json,10.1039/d3ra00809f,10.1039_d3ra00809f__Fig4__C__stability_performance_curve_pce,Control,Time,(day),Normalized PCE,,24.0,axis_metadata:day,60,673.7902312406479,0.4226664908861761,1.0033937160056066,1.0033937160056066,False,3,2.213408667109378,0.06461496927655876,True
Ccf9be3ab31,True,,/Users/shunhao/Desktop/ML/lab/data_all/x_time_day/10.1039_d4sc02020k/Fig4_A_stability_performance_curve_image/accepted/10.1039_d4sc02020k__Fig4__A__stability_performance_curve_image__PTAA_Li-TFSI__Series_1.csv,x_time_day/10.1039_d4sc02020k/Fig4_A_stability_performance_curve_image/accepted/10.1039_d4sc02020k__Fig4__A__stability_performance_curve_image__PTAA_Li-TFSI__Series_1.csv,/Users/shunhao/Desktop/ML/lab/data_all/x_time_day/10.1039_d4sc02020k/Fig4_A_stability_performance_curve_image/validation_result.json,10.1039/d4sc02020k,10.1039_d4sc02020k__Fig4__A__stability_performance_curve_image,PTAA:Li-TFSI,Time,(day),Normalized PCE,,24.0,axis_metadata:day,56,939.3074121799189,0.4992789980352627,1.0001006956233862,1.0001006956233862,False,3,1.0746077154534843,0.6254272065370181,False
C168245f3ad,True,,/Users/shunhao/Desktop/ML/lab/data_all/x_time_day/10.1039_d5sc04440e/Fig4_A_stability_performance_curve_pce/accepted/10.1039_d5sc04440e__Fig4__A__stability_performance_curve_pce__PTAA_Li-TFSI__Series_1.csv,x_time_day/10.1039_d5sc04440e/Fig4_A_stability_performance_curve_pce/accepted/10.1039_d5sc04440e__Fig4__A__stability_performance_curve_pce__PTAA_Li-TFSI__Series_1.csv,/Users/shunhao/Desktop/ML/lab/data_all/x_time_day/10.1039_d5sc04440e/Fig4_A_stability_performance_curve_pce/validation_result.json,10.1039/D5SC04440E,10.1039_D5SC04440E__Fig4__A__stability_performance_curve_pce,PTAA:Li-TFSI,Time,(day),Normalized PCE,,24.0,axis_metadata:day,85,718.2416186039802,0.575631639344361,1.0003719742145072,1.0003719742145072,False,3,1.4242205619171728,0.43304258663877676,False
Cb45e4d31ad,True,,/Users/shunhao/Desktop/ML/lab/data_all/x_time_h/10.1002_adfm.201601119/Fig5_B_stability_performance_curve/accepted/10.1002_adfm.201601119__Fig5__B__stability_performance_curve__[spiro-OMeTAD]__Series_2.csv,x_time_h/10.1002_adfm.201601119/Fig5_B_stability_performance_curve/accepted/10.1002_adfm.201601119__Fig5__B__stability_performance_curve__[spiro-OMeTAD]__Series_2.csv,/Users/shunhao/Desktop/ML/lab/data_all/x_time_h/10.1002_adfm.201601119/Fig5_B_stability_performance_curve/validation_result.json,10.1002/adfm.201601119,10.1002_adfm.201601119__Fig5__B__stability_performance_curve,[spiro-OMeTAD],Time [h],[h],PCE [%],[%],1.0,axis_metadata:hour,50,995.9192208136443,8.932194152912817,15.213402223387508,15.213402223387508,False,3,1.844701968527681,0.16025227003993242,True
C97eb17f80b,True,,/Users/shunhao/Desktop/ML/lab/data_all/x_time_h/10.1002_adfm.201910620/Fig5_D_stability_performance_curve_pce/accepted/10.1002_adfm.201910620__Fig5__D__stability_performance_curve_pce__w_oM2P__Series_1.csv,x_time_h/10.1002_adfm.201910620/Fig5_D_stability_performance_curve_pce/accepted/10.1002_adfm.201910620__Fig5__D__stability_performance_curve_pce__w_oM2P__Series_1.csv,/Users/shunhao/Desktop/ML/lab/data_all/x_time_h/10.1002_adfm.201910620/Fig5_D_stability_performance_curve_pce/validation_result.json,10.1002/adfm.201910620,10.1002_adfm.201910620__Fig5__D__stability_performance_curve_pce,w/oM2P,Time (hr),(hr),Normalized PCE (%),(%),1.0,axis_metadata:hour,58,584.7979858472027,0.6401127329042677,0.9673414504582116,0.9673414504582116,False,3,2.103693261500278,0.05127202092492973,True
C100f7c14a6,True,,"/Users/shunhao/Desktop/ML/lab/data_all/x_time_h/10.1002_adfm.202010696/Fig6_B_mppt_stability_performance_curve_pce/accepted/10.1002_adfm.202010696__Fig6__B__mppt_stability_performance_curve_pce__→CsPbl,Br-PT_Spiro-OMeTAD__Series_2.csv","x_time_h/10.1002_adfm.202010696/Fig6_B_mppt_stability_performance_curve_pce/accepted/10.1002_adfm.202010696__Fig6__B__mppt_stability_performance_curve_pce__→CsPbl,Br-PT_Spiro-OMeTAD__Series_2.csv",/Users/shunhao/Desktop/ML/lab/data_all/x_time_h/10.1002_adfm.202010696/Fig6_B_mppt_stability_performance_curve_pce/validation_result.json,10.1002/adfm.202010696,10.1002_adfm.202010696__Fig6__B__mppt_stability_performance_curve_pce,"→CsPbl,Br-PT/Spiro-OMeTAD",Time,hour,Normalized PCE,,1.0,axis_metadata:hour,126,962.5898506394419,0.5396386122473359,0.9947979412333604,0.9947979412333604,False,3,1.8524429684897774,0.07948513069915716,True
C9297218329,True,,/Users/shunhao/Desktop/ML/lab/data_all/x_time_h/10.1002_adfm.202103316/Fig6_B_stability_performance_curve_pce_image/accepted/10.1002_adfm.202103316__Fig6__B__stability_performance_curve_pce_image__reference__Series_1.csv,x_time_h/10.1002_adfm.202103316/Fig6_B_stability_performance_curve_pce_image/accepted/10.1002_adfm.202103316__Fig6__B__stability_performance_curve_pce_image__reference__Series_1.csv,/Users/shunhao/Desktop/ML/lab/data_all/x_time_h/10.1002_adfm.202103316/Fig6_B_stability_performance_curve_pce_image/validation_result.json,10.1002/adfm.202103316,10.1002_adfm.202103316__Fig6__B__stability_performance_curve_pce_image,reference,Time,(hours),Normalized PCE,,1.0,axis_metadata:hour,133,718.3875083487562,0.1935552923135604,0.9996764700799184,0.9996764700799184,False,3,1.2173027833362606,0.7332378685397751,False
C5d89e798b5,True,,/Users/shunhao/Desktop/ML/lab/data_all/x_time_h/10.1002_adfm.202103316/Fig6_C_stability_performance_curve_pce_image/accepted/10.1002_adfm.202103316__Fig6__C__stability_performance_curve_pce_image__reference__Series_3.csv,x_time_h/10.1002_adfm.202103316/Fig6_C_stability_performance_curve_pce_image/accepted/10.1002_adfm.202103316__Fig6__C__stability_performance_curve_pce_image__reference__Series_3.csv,/Users/shunhao/Desktop/ML/lab/data_all/x_time_h/10.1002_adfm.202103316/Fig6_C_stability_performance_curve_pce_image/validation_result.json,10.1002/adfm.202103316,10.1002_adfm.202103316__Fig6__C__stability_performance_curve_pce_image,reference,Time,(hours),Normalized PCE,,1.0,axis_metadata:hour,132,712.9812730215657,0.509825763112501,1.00679452203988,1.00679452203988,False,3,1.626885422867584,0.3280889151724254,False
C98bbfac0fa,True,,/Users/shunhao/Desktop/ML/lab/data_all/x_time_h/10.1002_adfm.202103316/Fig6_C_stability_performance_curve_pce_image/accepted/10.1002_adfm.202103316__Fig6__C__stability_performance_curve_pce_image__w_5CzBn__Series_2.csv,x_time_h/10.1002_adfm.202103316/Fig6_C_stability_performance_curve_pce_image/accepted/10.1002_adfm.202103316__Fig6__C__stability_performance_curve_pce_image__w_5CzBn__Series_2.csv,/Users/shunhao/Desktop/ML/lab/data_all/x_time_h/10.1002_adfm.202103316/Fig6_C_stability_performance_curve_pce_image/validation_result.json,10.1002/adfm.202103316,10.1002_adfm.202103316__Fig6__C__stability_performance_curve_pce_image,w/5CzBn,Time,(hours),Normalized PCE,,1.0,axis_metadata:hour,133,718.4238781591349,0.2148507578136697,1.00679452203988,1.00679452203988,False,3,1.4831019225634037,0.6701018088991263,False
Ccf990d9e61,True,,/Users/shunhao/Desktop/ML/lab/data_all/x_time_h/10.1002_adfm.202107710/Fig4_F_stability_performance_curve_jsc/accepted/10.1002_adfm.202107710__Fig4__F__stability_performance_curve_jsc__FASnl₃__Series_1.csv,x_time_h/10.1002_adfm.202107710/Fig4_F_stability_performance_curve_jsc/accepted/10.1002_adfm.202107710__Fig4__F__stability_performance_curve_jsc__FASnl₃__Series_1.csv,/Users/shunhao/Desktop/ML/lab/data_all/x_time_h/10.1002_adfm.202107710/Fig4_F_stability_performance_curve_jsc/validation_result.json,10.1002/adfm.202107710,10.1002_adfm.202107710__Fig4__F__stability_performance_curve_jsc,FASnl₃,Time,(h),Normalized PCE,,1.0,axis_metadata:hour,30,548.9984899303174,0.4445275229933434,1.0214107676779096,1.0214107676779096,False,3,0.9849175645251227,0.7752268951226848,False
Ca9fb7bbe75,True,,/Users/shunhao/Desktop/ML/lab/data_all/x_time_h/10.1002_adfm.202200473/Fig4_B_stability_performance_curve/accepted/10.1002_adfm.202200473__Fig4__B__stability_performance_curve__FA0.92CS0.08PbI3__Series_1.csv,x_time_h/10.1002_adfm.202200473/Fig4_B_stability_performance_curve/accepted/10.1002_adfm.202200473__Fig4__B__stability_performance_curve__FA0.92CS0.08PbI3__Series_1.csv,/Users/shunhao/Desktop/ML/lab/data_all/x_time_h/10.1002_adfm.202200473/Fig4_B_stability_performance_curve/validation_result.json,10.1002/adfm.202200473,10.1002_adfm.202200473__Fig4__B__stability_performance_curve,FA0.92CS0.08PbI3,Time,(h),Normalized,(PCE),1.0,axis_metadata:hour,44,548.9775957387745,0.3928943041369869,1.0010153814557792,1.0010153814557792,False,3,0.9535904864403623,0.7405339996695323,False
Cddd0cb9ddd,True,,/Users/shunhao/Desktop/ML/lab/data_all/x_time_h/10.1002_adma.201805323/Fig4_E_stability_performance_curve_pce/accepted/10.1002_adma.201805323__Fig4__E__stability_performance_curve_pce__X=0__Series_2.csv,x_time_h/10.1002_adma.201805323/Fig4_E_stability_performance_curve_pce/accepted/10.1002_adma.201805323__Fig4__E__stability_performance_curve_pce__X=0__Series_2.csv,/Users/shunhao/Desktop/ML/lab/data_all/x_time_h/10.1002_adma.201805323/Fig4_E_stability_performance_curve_pce/validation_result.json,10.1002/adma.201805323,10.1002_adma.201805323__Fig4__E__stability_performance_curve_pce,X=0,Time,(h),Normalized PCE,,1.0,axis_metadata:hour,16,986.4732227571616,0.0117410407105464,0.9308616187161528,0.9306425532302612,False,3,3.0291580827771893,0.4419940588850988,False
Cfe57ca7ab4,True,,/Users/shunhao/Desktop/ML/lab/data_all/x_time_h/10.1002_adma.201805323/Fig4_F_stability_performance_curve_pce/accepted/10.1002_adma.201805323__Fig4__F__stability_performance_curve_pce__X=0__Series_1.csv,x_time_h/10.1002_adma.201805323/Fig4_F_stability_performance_curve_pce/accepted/10.1002_adma.201805323__Fig4__F__stability_performance_curve_pce__X=0__Series_1.csv,/Users/shunhao/Desktop/ML/lab/data_all/x_time_h/10.1002_adma.201805323/Fig4_F_stability_performance_curve_pce/validation_result.json,10.1002/adma.201805323,10.1002_adma.201805323__Fig4__F__stability_performance_curve_pce,X=0,Time,(h),Normalized PCE,,1.0,axis_metadata:hour,30,695.9305754961844,0.0191180309987539,0.9827577689945894,0.9827577689945894,False,3,1.8466067829652049,0.5824843931476208,False
C393c8cbfd6,True,,/Users/shunhao/Desktop/ML/lab/data_all/x_time_h/10.1002_adma.201905502/Fig4_H_stability_performance_curve/accepted/10.1002_adma.201905502__Fig4__H__stability_performance_curve__R__Series_1.csv,x_time_h/10.1002_adma.201905502/Fig4_H_stability_performance_curve/accepted/10.1002_adma.201905502__Fig4__H__stability_performance_curve__R__Series_1.csv,/Users/shunhao/Desktop/ML/lab/data_all/x_time_h/10.1002_adma.201905502/Fig4_H_stability_performance_curve/validation_result.json,10.1002/adma.201905502,10.1002_adma.201905502__Fig4__H__stability_performance_curve,R,Time,(h),Normalized PCE,,1.0,axis_metadata:hour,123,992.8784541330939,0.440491221428405,0.9781137708584308,0.9781137708584308,False,3,3.3440428484220677,0.12481135696772071,True
Cad4d61b753,True,,/Users/shunhao/Desktop/ML/lab/data_all/x_time_h/10.1002_adma.202001470/Fig5_H_stability_performance_curve_pattern/accepted/10.1002_adma.202001470__Fig5__H__stability_performance_curve_pattern__FAPbl3__Series_1.csv,x_time_h/10.1002_adma.202001470/Fig5_H_stability_performance_curve_pattern/accepted/10.1002_adma.202001470__Fig5__H__stability_performance_curve_pattern__FAPbl3__Series_1.csv,/Users/shunhao/Desktop/ML/lab/data_all/x_time_h/10.1002_adma.202001470/Fig5_H_stability_performance_curve_pattern/validation_result.json,10.1002/adma.202001470,10.1002_adma.202001470__Fig5__H__stability_performance_curve_pattern,FAPbl3,Time (h),(h),Normal. PCE,,1.0,axis_metadata:hour,82,568.1965340216468,0.3850812984805566,0.9982046389603704,0.9982046389603704,False,3,2.615865688404254,0.11904407649608889,True
Cf4fb635dde,True,,/Users/shunhao/Desktop/ML/lab/data_all/x_time_h/10.1002_adma.202003965/Fig6_A_stability_performance_curve_pce/accepted/10.1002_adma.202003965__Fig6__A__stability_performance_curve_pce__Eth-PSCs__Series_2.csv,x_time_h/10.1002_adma.202003965/Fig6_A_stability_performance_curve_pce/accepted/10.1002_adma.202003965__Fig6__A__stability_performance_curve_pce__Eth-PSCs__Series_2.csv,/Users/shunhao/Desktop/ML/lab/data_all/x_time_h/10.1002_adma.202003965/Fig6_A_stability_performance_curve_pce/validation_result.json,10.1002/adma.202003965,10.1002_adma.202003965__Fig6__A__stability_performance_curve_pce,Eth-PSCs,Time (hours),hours,Normalized PCE,,1.0,axis_metadata:hour,58,503.2546436232717,0.4164686800588895,1.100706004236981,1.100706004236981,False,3,2.121989206383409,0.3970593465802598,False
Cea15ef0829,True,,/Users/shunhao/Desktop/ML/lab/data_all/x_time_h/10.1002_adma.202004979/Fig2_F_eqe_mapping_stability_performance_curve_pce/accepted/10.1002_adma.202004979__Fig2__F__eqe_mapping_stability_performance_curve_pce__Control__Series_2.csv,x_time_h/10.1002_adma.202004979/Fig2_F_eqe_mapping_stability_performance_curve_pce/accepted/10.1002_adma.202004979__Fig2__F__eqe_mapping_stability_performance_curve_pce__Control__Series_2.csv,/Users/shunhao/Desktop/ML/lab/data_all/x_time_h/10.1002_adma.202004979/Fig2_F_eqe_mapping_stability_performance_curve_pce/validation_result.json,10.1002/adma.202004979,10.1002_adma.202004979__Fig2__F__eqe_mapping_stability_performance_curve_pce,Control,Time,(h),Normalized PCE,,1.0,axis_metadata:hour,13,587.5668347179485,0.0984105714796521,0.996792395798875,0.996792395798875,False,3,1.6525685626654056,0.6100458215137327,False
C43f457e291,True,,/Users/shunhao/Desktop/ML/lab/data_all/x_time_h/10.1002_adma.202007431/Fig4_F_stability_performance_curve_pce/accepted/10.1002_adma.202007431__Fig4__F__stability_performance_curve_pce__spiro-MeOTAD__Series_2.csv,x_time_h/10.1002_adma.202007431/Fig4_F_stability_performance_curve_pce/accepted/10.1002_adma.202007431__Fig4__F__stability_performance_curve_pce__spiro-MeOTAD__Series_2.csv,/Users/shunhao/Desktop/ML/lab/data_all/x_time_h/10.1002_adma.202007431/Fig4_F_stability_performance_curve_pce/validation_result.json,10.1002/adma.202007431,10.1002_adma.202007431__Fig4__F__stability_performance_curve_pce,spiro-MeOTAD,Time,(h),PCE,(%),1.0,axis_metadata:hour,184,1030.3507947101716,5.712450392116629,20.775235745932974,20.775235745932974,False,3,1.153590463402787,0.5832186513431735,False
C84b98b7749,True,,/Users/shunhao/Desktop/ML/lab/data_all/x_time_h/10.1002_adma.202101823/Fig6_D_stability_performance_curve_pce/accepted/10.1002_adma.202101823__Fig6__D__stability_performance_curve_pce__Reference__Series_3.csv,x_time_h/10.1002_adma.202101823/Fig6_D_stability_performance_curve_pce/accepted/10.1002_adma.202101823__Fig6__D__stability_performance_curve_pce__Reference__Series_3.csv,/Users/shunhao/Desktop/ML/lab/data_all/x_time_h/10.1002_adma.202101823/Fig6_D_stability_performance_curve_pce/validation_result.json,10.1002/adma.202101823,10.1002_adma.202101823__Fig6__D__stability_performance_curve_pce,Reference,Time (h),(h),Normalized PCE (a.u.),(a.u.),1.0,axis_metadata:hour,43,803.5533487280939,0.0237231590946436,0.9759327072010292,0.9759327072010292,False,3,1.9505621274608382,0.46115019776732485,False
C6b9c1d9326,True,,/Users/shunhao/Desktop/ML/lab/data_all/x_time_h/10.1002_advs.201903250/Fig5_F_tga_stability_performance_curve_pce/accepted/10.1002_advs.201903250__Fig5__F__tga_stability_performance_curve_pce__WTGA__Series_3.csv,x_time_h/10.1002_advs.201903250/Fig5_F_tga_stability_performance_curve_pce/accepted/10.1002_advs.201903250__Fig5__F__tga_stability_performance_curve_pce__WTGA__Series_3.csv,/Users/shunhao/Desktop/ML/lab/data_all/x_time_h/10.1002_advs.201903250/Fig5_F_tga_stability_performance_curve_pce/validation_result.json,10.1002/advs.201903250,10.1002_advs.201903250__Fig5__F__tga_stability_performance_curve_pce,WTGA,Time,(h),Normalized PCE,,1.0,axis_metadata:hour,38,651.4813196877832,0.2579856796915442,0.9900751243448256,0.9900751243448256,False,3,2.423931299757982,0.2567019106016214,False
C7bfb636af7,True,,/Users/shunhao/Desktop/ML/lab/data_all/x_time_h/10.1002_aenm.201902653/Fig5_E_stability_performance_curve_pce/accepted/10.1002_aenm.201902653__Fig5__E__stability_performance_curve_pce__Perovskite__Series_2.csv,x_time_h/10.1002_aenm.201902653/Fig5_E_stability_performance_curve_pce/accepted/10.1002_aenm.201902653__Fig5__E__stability_performance_curve_pce__Perovskite__Series_2.csv,/Users/shunhao/Desktop/ML/lab/data_all/x_time_h/10.1002_aenm.201902653/Fig5_E_stability_performance_curve_pce/validation_result.json,10.1002/aenm.201902653,10.1002_aenm.201902653__Fig5__E__stability_performance_curve_pce,Perovskite,Time,(h),PCE,(%),1.0,axis_metadata:hour,106,959.5409842126425,6.508465241805514,19.226103996891258,19.226103996891258,False,3,0.3167038508332523,0.909135699510667,False
Cb15b30dc43,True,,/Users/shunhao/Desktop/ML/lab/data_all/x_time_h/10.1002_aenm.202000694/Fig5_E_stability_performance_curve_pce/accepted/10.1002_aenm.202000694__Fig5__E__stability_performance_curve_pce__MAPbI₃__Series_2.csv,x_time_h/10.1002_aenm.202000694/Fig5_E_stability_performance_curve_pce/accepted/10.1002_aenm.202000694__Fig5__E__stability_performance_curve_pce__MAPbI₃__Series_2.csv,/Users/shunhao/Desktop/ML/lab/data_all/x_time_h/10.1002_aenm.202000694/Fig5_E_stability_performance_curve_pce/validation_result.json,10.1002/aenm.202000694,10.1002_aenm.202000694__Fig5__E__stability_performance_curve_pce,MAPbI₃,Time,(h),Normal. PCE,,1.0,axis_metadata:hour,38,1396.6278595850492,0.4155456284383713,0.9939025346515068,0.9939025346515068,False,3,1.4587318025747495,0.46275836259336056,False
C48a72ec474,True,,/Users/shunhao/Desktop/ML/lab/data_all/x_time_h/10.1002_aenm.202100529/Fig6_I_stability_performance_curve_pce/accepted/10.1002_aenm.202100529__Fig6__I__stability_performance_curve_pce__Control__Series_2.csv,x_time_h/10.1002_aenm.202100529/Fig6_I_stability_performance_curve_pce/accepted/10.1002_aenm.202100529__Fig6__I__stability_performance_curve_pce__Control__Series_2.csv,/Users/shunhao/Desktop/ML/lab/data_all/x_time_h/10.1002_aenm.202100529/Fig6_I_stability_performance_curve_pce/validation_result.json,10.1002/aenm.202100529,10.1002_aenm.202100529__Fig6__I__stability_performance_curve_pce,Control,Time,(h),Normalized PCE,,1.0,axis_metadata:hour,69,2993.127686938392,0.3368549595271672,0.9885339990567628,0.9885339990567628,False,3,0.811306920651102,0.7271856134066248,False
Ce9914cc613,True,,/Users/shunhao/Desktop/ML/lab/data_all/x_time_h/10.1002_anie.202410069/Fig4_G_stability_performance_curve_pce/accepted/10.1002_anie.202410069__Fig4__G__stability_performance_curve_pce__Control__Series_1.csv,x_time_h/10.1002_anie.202410069/Fig4_G_stability_performance_curve_pce/accepted/10.1002_anie.202410069__Fig4__G__stability_performance_curve_pce__Control__Series_1.csv,/Users/shunhao/Desktop/ML/lab/data_all/x_time_h/10.1002_anie.202410069/Fig4_G_stability_performance_curve_pce/validation_result.json,10.1002/anie.202410069,10.1002_anie.202410069__Fig4__G__stability_performance_curve_pce,Control,Time (hours),hours,Normalized Power output (%),%,1.0,axis_metadata:hour,79,1868.372409710089,0.2479827409946884,0.9924034248524916,0.9924034248524916,False,3,1.643721393266595,0.2871374575907055,False
Cc14b74da85,True,,/Users/shunhao/Desktop/ML/lab/data_all/x_time_h/10.1002_ente.201700448/Fig6_D_stability_performance_curve/accepted/10.1002_ente.201700448__Fig6__D__stability_performance_curve__Spiro-OMeTAD__Series_1.csv,x_time_h/10.1002_ente.201700448/Fig6_D_stability_performance_curve/accepted/10.1002_ente.201700448__Fig6__D__stability_performance_curve__Spiro-OMeTAD__Series_1.csv,/Users/shunhao/Desktop/ML/lab/data_all/x_time_h/10.1002_ente.201700448/Fig6_D_stability_performance_curve/validation_result.json,10.1002/ente.201700448,10.1002_ente.201700448__Fig6__D__stability_performance_curve,Spiro-OMeTAD,Time,(h),PCE,(%),1.0,axis_metadata:hour,38,619.5303612985069,4.3477065344637085,11.084549934567216,11.084549934567216,False,3,2.656253720044913,0.10755404086882345,True
Ce980ec6f41,True,,/Users/shunhao/Desktop/ML/lab/data_all/x_time_h/10.1002_smll.201904399/Fig6_B_stability/accepted/10.1002_smll.201904399__Fig6__B__stability__P3HT_Li+TBP__Series_1.csv,x_time_h/10.1002_smll.201904399/Fig6_B_stability/accepted/10.1002_smll.201904399__Fig6__B__stability__P3HT_Li+TBP__Series_1.csv,/Users/shunhao/Desktop/ML/lab/data_all/x_time_h/10.1002_smll.201904399/Fig6_B_stability/validation_result.json,10.1002/smll.201904399,10.1002_smll.201904399__Fig6__B__stability,P3HT:Li+TBP,Time,(hr),Normalized PCE,,1.0,axis_metadata:hour,47,543.4853723402659,0.2047612979027775,1.00103440747047,1.00103440747047,False,3,1.3221361308460418,0.6791369184449849,False
C9a396c1a02,True,,/Users/shunhao/Desktop/ML/lab/data_all/x_time_h/10.1002_smll.202004877/Fig5_I_stability_performance_curve/accepted/10.1002_smll.202004877__Fig5__I__stability_performance_curve__Pristine__Series_2.csv,x_time_h/10.1002_smll.202004877/Fig5_I_stability_performance_curve/accepted/10.1002_smll.202004877__Fig5__I__stability_performance_curve__Pristine__Series_2.csv,/Users/shunhao/Desktop/ML/lab/data_all/x_time_h/10.1002_smll.202004877/Fig5_I_stability_performance_curve/validation_result.json,10.1002/smll.202004877,10.1002_smll.202004877__Fig5__I__stability_performance_curve,Pristine,Time,(h),Normalized PCE,,1.0,axis_metadata:hour,48,775.0287813052217,0.4806945235494418,1.004326223533303,1.004326223533303,False,3,2.053509484321441,0.002453130701641616,True
C054b720d3d,True,,/Users/shunhao/Desktop/ML/lab/data_all/x_time_h/10.1002_solr.201900030/Fig6_C_stability_performance_curve_pce/accepted/10.1002_solr.201900030__Fig6__C__stability_performance_curve_pce__MAPbI_3__Series_2.csv,x_time_h/10.1002_solr.201900030/Fig6_C_stability_performance_curve_pce/accepted/10.1002_solr.201900030__Fig6__C__stability_performance_curve_pce__MAPbI_3__Series_2.csv,/Users/shunhao/Desktop/ML/lab/data_all/x_time_h/10.1002_solr.201900030/Fig6_C_stability_performance_curve_pce/validation_result.json,10.1002/solr.201900030,10.1002_solr.201900030__Fig6__C__stability_performance_curve_pce,MAPbI_3,Time,(hour),Normalized PCE,(a.u.),1.0,axis_metadata:hour,26,1451.2717361431964,0.2064411244155062,1.0024498371813717,1.0024498371813717,False,3,0.4920721742198247,0.8797328407966265,False
C945fa6d1af,True,,/Users/shunhao/Desktop/ML/lab/data_all/x_time_h/10.1002_solr.201900072/Fig6_A_stability_performance_curve_pce/accepted/10.1002_solr.201900072__Fig6__A__stability_performance_curve_pce__WoTPFPB__Series_1.csv,x_time_h/10.1002_solr.201900072/Fig6_A_stability_performance_curve_pce/accepted/10.1002_solr.201900072__Fig6__A__stability_performance_curve_pce__WoTPFPB__Series_1.csv,/Users/shunhao/Desktop/ML/lab/data_all/x_time_h/10.1002_solr.201900072/Fig6_A_stability_performance_curve_pce/validation_result.json,10.1002/solr.201900072,10.1002_solr.201900072__Fig6__A__stability_performance_curve_pce,WoTPFPB,Time,(h),Normalized PCE,,1.0,axis_metadata:hour,65,719.6406245475246,0.372274516988391,0.9969516386149836,0.9969516386149836,False,3,0.7379295072826362,0.8276850484271875,False
C3343c8d9b1,True,,/Users/shunhao/Desktop/ML/lab/data_all/x_time_h/10.1002_solr.202000011/Fig5_E_jv_curve_stability_performance_pce/accepted/10.1002_solr.202000011__Fig5__E__jv_curve_stability_performance_pce__Puv-polyTPD__Series_1.csv,x_time_h/10.1002_solr.202000011/Fig5_E_jv_curve_stability_performance_pce/accepted/10.1002_solr.202000011__Fig5__E__jv_curve_stability_performance_pce__Puv-polyTPD__Series_1.csv,/Users/shunhao/Desktop/ML/lab/data_all/x_time_h/10.1002_solr.202000011/Fig5_E_jv_curve_stability_performance_pce/validation_result.json,10.1002/solr.202000011,10.1002_solr.202000011__Fig5__E__jv_curve_stability_performance_pce,Puv-polyTPD,Time (h),(h),Normalized PCE (%),(%),1.0,axis_metadata:hour,46,651.178165340106,0.4624717055465344,1.0169601435857731,1.0169601435857731,False,3,0.7973292596613353,0.8157500614979984,False
C5741612ba6,True,,/Users/shunhao/Desktop/ML/lab/data_all/x_time_h/10.1002_solr.202100622/Fig3_C_stability_performance_curve_pce_eqe/accepted/10.1002_solr.202100622__Fig3__C__stability_performance_curve_pce_eqe__Spiro-OMeTAD__Series_1.csv,x_time_h/10.1002_solr.202100622/Fig3_C_stability_performance_curve_pce_eqe/accepted/10.1002_solr.202100622__Fig3__C__stability_performance_curve_pce_eqe__Spiro-OMeTAD__Series_1.csv,/Users/shunhao/Desktop/ML/lab/data_all/x_time_h/10.1002_solr.202100622/Fig3_C_stability_performance_curve_pce_eqe/validation_result.json,10.1002/solr.202100622,10.1002_solr.202100622__Fig3__C__stability_performance_curve_pce_eqe,Spiro-OMeTAD,Time,Hours,Normalized PCE,a.u.,1.0,axis_metadata:hour,52,1096.5790829796986,0.3537796277642112,0.9888205560122904,0.9888205560122904,False,3,1.7295029004889944,0.42468401302464787,False
C31669248be,True,,/Users/shunhao/Desktop/ML/lab/data_all/x_time_h/10.1007_s11426-020-9866-6/Fig4_B_stability_performance_curve_pce/accepted/10.1007_s11426-020-9866-6__Fig4__B__stability_performance_curve_pce__pristine_PsCs__Series_2.csv,x_time_h/10.1007_s11426-020-9866-6/Fig4_B_stability_performance_curve_pce/accepted/10.1007_s11426-020-9866-6__Fig4__B__stability_performance_curve_pce__pristine_PsCs__Series_2.csv,/Users/shunhao/Desktop/ML/lab/data_all/x_time_h/10.1007_s11426-020-9866-6/Fig4_B_stability_performance_curve_pce/validation_result.json,10.1007/s11426-020-9866-6,10.1007_s11426-020-9866-6__Fig4__B__stability_performance_curve_pce,pristine PsCs,Time,(h),Normalized PCE,(%),1.0,axis_metadata:hour,39,709.4145236943967,0.4067851763963649,1.0086507230947177,1.0086507230947177,False,3,1.1811932652699937,0.724756210379648,False
C2f13699ec3,True,,/Users/shunhao/Desktop/ML/lab/data_all/x_time_h/10.1007_s40820-020-00509-y/Fig5_A_stability_performance_curve/accepted/10.1007_s40820-020-00509-y__Fig5__A__stability_performance_curve__Ref__Series_2.csv,x_time_h/10.1007_s40820-020-00509-y/Fig5_A_stability_performance_curve/accepted/10.1007_s40820-020-00509-y__Fig5__A__stability_performance_curve__Ref__Series_2.csv,/Users/shunhao/Desktop/ML/lab/data_all/x_time_h/10.1007_s40820-020-00509-y/Fig5_A_stability_performance_curve/validation_result.json,10.1007/s40820-020-00509-y,10.1007_s40820-020-00509-y__Fig5__A__stability_performance_curve,Ref,Time,(h),Normalized PCE,,1.0,axis_metadata:hour,33,713.901882008831,0.3899823642233223,0.9968999267736286,0.9968999267736286,False,3,1.1844757447694738,0.6654575156140825,False
C1bf782d323,True,,/Users/shunhao/Desktop/ML/lab/data_all/x_time_h/10.1007_s40820-024-01538-7/Fig5_D_mppt_stability_performance_curve_pce/accepted/10.1007_s40820-024-01538-7__Fig5__D__mppt_stability_performance_curve_pce__Control__Series_2.csv,x_time_h/10.1007_s40820-024-01538-7/Fig5_D_mppt_stability_performance_curve_pce/accepted/10.1007_s40820-024-01538-7__Fig5__D__mppt_stability_performance_curve_pce__Control__Series_2.csv,/Users/shunhao/Desktop/ML/lab/data_all/x_time_h/10.1007_s40820-024-01538-7/Fig5_D_mppt_stability_performance_curve_pce/validation_result.json,10.1007/s40820-024-01538-7,10.1007_s40820-024-01538-7__Fig5__D__mppt_stability_performance_curve_pce,Control,Time,(h),Normalized PCE,,1.0,axis_metadata:hour,161,992.557429992607,0.3616512190510005,1.0113785220953582,1.0113785220953582,False,3,1.4301346232333936,0.41256562610749115,False
C661ce1ca63,True,,/Users/shunhao/Desktop/ML/lab/data_all/x_time_h/10.1007_s40843-020-1383-3/Fig7_B_stability_performance_curve_voc/accepted/10.1007_s40843-020-1383-3__Fig7__B__stability_performance_curve_voc__EACI-0%__Series_2.csv,x_time_h/10.1007_s40843-020-1383-3/Fig7_B_stability_performance_curve_voc/accepted/10.1007_s40843-020-1383-3__Fig7__B__stability_performance_curve_voc__EACI-0%__Series_2.csv,/Users/shunhao/Desktop/ML/lab/data_all/x_time_h/10.1007_s40843-020-1383-3/Fig7_B_stability_performance_curve_voc/validation_result.json,10.1007/s40843-020-1383-3,10.1007_s40843-020-1383-3__Fig7__B__stability_performance_curve_voc,EACI-0%,Time,(h),Normalized PCE,(%),1.0,axis_metadata:hour,61,962.2608917593552,32.81722625516697,99.61668143334931,99.61668143334931,False,3,1.5670824152103557,0.29353985931528725,False
C1dda4593ba,True,,/Users/shunhao/Desktop/ML/lab/data_all/x_time_h/10.1016_j.cej.2020.127328/Fig2_F_stability_performance_curve_pce/accepted/10.1016_j.cej.2020.127328__Fig2__F__stability_performance_curve_pce__PSCs_with_pristine_HTM__Series_1.csv,x_time_h/10.1016_j.cej.2020.127328/Fig2_F_stability_performance_curve_pce/accepted/10.1016_j.cej.2020.127328__Fig2__F__stability_performance_curve_pce__PSCs_with_pristine_HTM__Series_1.csv,/Users/shunhao/Desktop/ML/lab/data_all/x_time_h/10.1016_j.cej.2020.127328/Fig2_F_stability_performance_curve_pce/validation_result.json,10.1016/j.cej.2020.127328,10.1016_j.cej.2020.127328__Fig2__F__stability_performance_curve_pce,PSCs with pristine HTM,Time,(h),Normalized PCE,,1.0,axis_metadata:hour,49,1009.8492518537432,0.2278097169226866,0.998103846826618,0.998103846826618,False,3,0.8639370527152677,0.7834276135978234,False
C26052a4164,True,,/Users/shunhao/Desktop/ML/lab/data_all/x_time_h/10.1016_j.cej.2021.130572/Fig5_B_stability_performance_curve_pce/accepted/10.1016_j.cej.2021.130572__Fig5__B__stability_performance_curve_pce__w_o_HEMA__Series_1.csv,x_time_h/10.1016_j.cej.2021.130572/Fig5_B_stability_performance_curve_pce/accepted/10.1016_j.cej.2021.130572__Fig5__B__stability_performance_curve_pce__w_o_HEMA__Series_1.csv,/Users/shunhao/Desktop/ML/lab/data_all/x_time_h/10.1016_j.cej.2021.130572/Fig5_B_stability_performance_curve_pce/validation_result.json,10.1016/j.cej.2021.130572,10.1016_j.cej.2021.130572__Fig5__B__stability_performance_curve_pce,w/o HEMA,Time,(h),Normalized PCE,,1.0,axis_metadata:hour,44,666.7046508786257,0.3183977256472799,1.00623644250776,1.006186022832431,False,3,1.5927392534744507,0.5464576910015337,False
C95f5318e20,True,,/Users/shunhao/Desktop/ML/lab/data_all/x_time_h/10.1016_j.cej.2022.139047/Fig5_H_stability_performance_curve/accepted/10.1016_j.cej.2022.139047__Fig5__H__stability_performance_curve__Pristine__Series_2.csv,x_time_h/10.1016_j.cej.2022.139047/Fig5_H_stability_performance_curve/accepted/10.1016_j.cej.2022.139047__Fig5__H__stability_performance_curve__Pristine__Series_2.csv,/Users/shunhao/Desktop/ML/lab/data_all/x_time_h/10.1016_j.cej.2022.139047/Fig5_H_stability_performance_curve/validation_result.json,10.1016/j.cej.2022.139047,10.1016_j.cej.2022.139047__Fig5__H__stability_performance_curve,Pristine,Time,(h),Normalized PCE,(%),1.0,axis_metadata:hour,26,631.8955371741354,37.51969979634505,99.433251424925,99.433251424925,False,3,1.9815783879388897,0.08953173374146854,True
Cf0da3713ec,True,,/Users/shunhao/Desktop/ML/lab/data_all/x_time_h/10.1016_j.cej.2022.139961/Fig5_F_stability_performance_curve_pce_image/accepted/10.1016_j.cej.2022.139961__Fig5__F__stability_performance_curve_pce_image__w_0__Series_1.csv,x_time_h/10.1016_j.cej.2022.139961/Fig5_F_stability_performance_curve_pce_image/accepted/10.1016_j.cej.2022.139961__Fig5__F__stability_performance_curve_pce_image__w_0__Series_1.csv,/Users/shunhao/Desktop/ML/lab/data_all/x_time_h/10.1016_j.cej.2022.139961/Fig5_F_stability_performance_curve_pce_image/validation_result.json,10.1016/j.cej.2022.139961,10.1016_j.cej.2022.139961__Fig5__F__stability_performance_curve_pce_image,w/0,Time,(h),Normalized PCE,(a.u.),1.0,axis_metadata:hour,47,533.465679947211,0.2839855873873445,1.0012495344563797,1.0012495344563797,False,3,2.180036170181618,0.49585694263119007,False
C6542f8273d,True,,/Users/shunhao/Desktop/ML/lab/data_all/x_time_h/10.1016_j.dyepig.2019.01.002/Fig4_A_stability_performance_curve_pce/accepted/10.1016_j.dyepig.2019.01.002__Fig4__A__stability_performance_curve_pce__Spiro-OMeTAD__Series_2.csv,x_time_h/10.1016_j.dyepig.2019.01.002/Fig4_A_stability_performance_curve_pce/accepted/10.1016_j.dyepig.2019.01.002__Fig4__A__stability_performance_curve_pce__Spiro-OMeTAD__Series_2.csv,/Users/shunhao/Desktop/ML/lab/data_all/x_time_h/10.1016_j.dyepig.2019.01.002/Fig4_A_stability_performance_curve_pce/validation_result.json,10.1016/j.dyepig.2019.01.002,10.1016_j.dyepig.2019.01.002__Fig4__A__stability_performance_curve_pce,Spiro-OMeTAD,Time,hrs,Normalized PCE,,1.0,axis_metadata:hour,113,504.3391941357678,0.5154588463936409,1.0008652503972657,1.0008652503972657,False,3,2.201066132965132,0.4216089773446003,False
C88396b08d8,True,,/Users/shunhao/Desktop/ML/lab/data_all/x_time_h/10.1016_j.dyepig.2020.108301/Fig6_C_stability_performance_curve/accepted/10.1016_j.dyepig.2020.108301__Fig6__C__stability_performance_curve__Spiro-OMeTAD__Series_3.csv,x_time_h/10.1016_j.dyepig.2020.108301/Fig6_C_stability_performance_curve/accepted/10.1016_j.dyepig.2020.108301__Fig6__C__stability_performance_curve__Spiro-OMeTAD__Series_3.csv,/Users/shunhao/Desktop/ML/lab/data_all/x_time_h/10.1016_j.dyepig.2020.108301/Fig6_C_stability_performance_curve/validation_result.json,10.1016/j.dyepig.2020.108301,10.1016_j.dyepig.2020.108301__Fig6__C__stability_performance_curve,Spiro-OMeTAD,Time,/ h,Normalized PCE,,1.0,axis_metadata:hour,57,991.9510100184061,0.2236379705018283,0.994018133277921,0.994018133277921,False,3,0.908862356112668,0.6984832638220727,False
C03c907184c,True,,/Users/shunhao/Desktop/ML/lab/data_all/x_time_h/10.1016_j.jcis.2021.04.055/Fig8_A_stability_performance_curve_pce/accepted/10.1016_j.jcis.2021.04.055__Fig8__A__stability_performance_curve_pce__w_o_C₆₀-tBu-I__Series_1.csv,x_time_h/10.1016_j.jcis.2021.04.055/Fig8_A_stability_performance_curve_pce/accepted/10.1016_j.jcis.2021.04.055__Fig8__A__stability_performance_curve_pce__w_o_C₆₀-tBu-I__Series_1.csv,/Users/shunhao/Desktop/ML/lab/data_all/x_time_h/10.1016_j.jcis.2021.04.055/Fig8_A_stability_performance_curve_pce/validation_result.json,10.1016/j.jcis.2021.04.055,10.1016_j.jcis.2021.04.055__Fig8__A__stability_performance_curve_pce,w/o C₆₀-tBu-I,Time,(h),Normalized PCE,,1.0,axis_metadata:hour,55,501.45353327004887,0.4548751347486756,1.0162707496033645,1.0162707496033645,False,3,1.0650809042489482,0.763983017965336,False
Cbe038ef923,True,,/Users/shunhao/Desktop/ML/lab/data_all/x_time_h/10.1016_j.joule.2018.11.026/Fig6_A_stability_performance_curve_pce/accepted/10.1016_j.joule.2018.11.026__Fig6__A__stability_performance_curve_pce__(PA)₂(MA)₃Pb₄I₁₃__Series_2.csv,x_time_h/10.1016_j.joule.2018.11.026/Fig6_A_stability_performance_curve_pce/accepted/10.1016_j.joule.2018.11.026__Fig6__A__stability_performance_curve_pce__(PA)₂(MA)₃Pb₄I₁₃__Series_2.csv,/Users/shunhao/Desktop/ML/lab/data_all/x_time_h/10.1016_j.joule.2018.11.026/Fig6_A_stability_performance_curve_pce/validation_result.json,10.1016/j.joule.2018.11.026,10.1016_j.joule.2018.11.026__Fig6__A__stability_performance_curve_pce,(PA)₂(MA)₃Pb₄I₁₃,Aging time,(hr),Normalized PCE,,1.0,axis_metadata:hour,52,3971.724652236156,0.1170398588098413,0.9962378563280172,0.9962378563280172,False,3,0.7350619117548854,0.8262935600343012,False
Cfeacaa8899,True,,/Users/shunhao/Desktop/ML/lab/data_all/x_time_h/10.1016_j.jpowsour.2019.227386/Fig8_D_stability_performance_curve_pce/accepted/10.1016_j.jpowsour.2019.227386__Fig8__D__stability_performance_curve_pce__FABr-0__Series_1.csv,x_time_h/10.1016_j.jpowsour.2019.227386/Fig8_D_stability_performance_curve_pce/accepted/10.1016_j.jpowsour.2019.227386__Fig8__D__stability_performance_curve_pce__FABr-0__Series_1.csv,/Users/shunhao/Desktop/ML/lab/data_all/x_time_h/10.1016_j.jpowsour.2019.227386/Fig8_D_stability_performance_curve_pce/validation_result.json,10.1016/j.jpowsour.2019.227386,10.1016_j.jpowsour.2019.227386__Fig8__D__stability_performance_curve_pce,FABr-0,Time,hours,Normalized PCE,%,1.0,axis_metadata:hour,73,1215.9029082903483,14.456455075631569,98.77582599194386,98.77582599194386,False,3,1.4262322249487531,0.4003783748764085,False
Cfe59ea125e,True,,/Users/shunhao/Desktop/ML/lab/data_all/x_time_h/10.1016_j.jpowsour.2020.228965/Fig6_D_stability_performance_curve/accepted/10.1016_j.jpowsour.2020.228965__Fig6__D__stability_performance_curve__Control__Series_2.csv,x_time_h/10.1016_j.jpowsour.2020.228965/Fig6_D_stability_performance_curve/accepted/10.1016_j.jpowsour.2020.228965__Fig6__D__stability_performance_curve__Control__Series_2.csv,/Users/shunhao/Desktop/ML/lab/data_all/x_time_h/10.1016_j.jpowsour.2020.228965/Fig6_D_stability_performance_curve/validation_result.json,10.1016/j.jpowsour.2020.228965,10.1016_j.jpowsour.2020.228965__Fig6__D__stability_performance_curve,Control,Time,(h),PCE,(%),1.0,axis_metadata:hour,73,1000.8978384143729,6.353138617249474,12.411384596772724,12.411384596772724,False,3,1.3180462844230867,0.6678740877248291,False
C39c81dd46f,True,,/Users/shunhao/Desktop/ML/lab/data_all/x_time_h/10.1016_j.jpowsour.2021.230534/Fig4_A_stability_performance_curve_pce/accepted/10.1016_j.jpowsour.2021.230534__Fig4__A__stability_performance_curve_pce__Control__Series_2.csv,x_time_h/10.1016_j.jpowsour.2021.230534/Fig4_A_stability_performance_curve_pce/accepted/10.1016_j.jpowsour.2021.230534__Fig4__A__stability_performance_curve_pce__Control__Series_2.csv,/Users/shunhao/Desktop/ML/lab/data_all/x_time_h/10.1016_j.jpowsour.2021.230534/Fig4_A_stability_performance_curve_pce/validation_result.json,10.1016/j.jpowsour.2021.230534,10.1016_j.jpowsour.2021.230534__Fig4__A__stability_performance_curve_pce,Control,Time,(h),PCE,(%),1.0,axis_metadata:hour,73,1103.5509041496416,7.100270370718317,17.055800053259183,17.055800053259183,False,3,0.8810698447085743,0.7902704111324156,False
C595ca58c5b,True,,/Users/shunhao/Desktop/ML/lab/data_all/x_time_h/10.1016_j.materresbull.2020.111182/Fig8_B_stability_performance_curve_pce/accepted/10.1016_j.materresbull.2020.111182__Fig8__B__stability_performance_curve_pce__Control_PSCs__Series_2.csv,x_time_h/10.1016_j.materresbull.2020.111182/Fig8_B_stability_performance_curve_pce/accepted/10.1016_j.materresbull.2020.111182__Fig8__B__stability_performance_curve_pce__Control_PSCs__Series_2.csv,/Users/shunhao/Desktop/ML/lab/data_all/x_time_h/10.1016_j.materresbull.2020.111182/Fig8_B_stability_performance_curve_pce/validation_result.json,10.1016/j.materresbull.2020.111182,10.1016_j.materresbull.2020.111182__Fig8__B__stability_performance_curve_pce,Control PSCs,Aging time,(hour),Normalized PCE,,1.0,axis_metadata:hour,55,1184.0003885309618,0.3484812926067583,0.9921781205366782,0.9921781205366782,False,3,0.8064579717916044,0.7596070084754417,False
C05ff74e611,True,,/Users/shunhao/Desktop/ML/lab/data_all/x_time_h/10.1016_j.mtener.2021.100724/Fig6_A_stability_performance_curve/accepted/10.1016_j.mtener.2021.100724__Fig6__A__stability_performance_curve__SnO2__Series_1.csv,x_time_h/10.1016_j.mtener.2021.100724/Fig6_A_stability_performance_curve/accepted/10.1016_j.mtener.2021.100724__Fig6__A__stability_performance_curve__SnO2__Series_1.csv,/Users/shunhao/Desktop/ML/lab/data_all/x_time_h/10.1016_j.mtener.2021.100724/Fig6_A_stability_performance_curve/validation_result.json,10.1016/j.mtener.2021.100724,10.1016_j.mtener.2021.100724__Fig6__A__stability_performance_curve,SnO2,Time,(h),Normalized PCE,,1.0,axis_metadata:hour,65,501.5919122871645,0.3785765548635231,1.0028067970378425,1.0028067970378425,False,3,0.9804212518335716,0.7658425901922168,False
C1b0618a4c6,True,,/Users/shunhao/Desktop/ML/lab/data_all/x_time_h/10.1016_j.nanoen.2019.02.009/Fig6_A_stability_performance_curve/accepted/10.1016_j.nanoen.2019.02.009__Fig6__A__stability_performance_curve__MAPbI₃__Series_1.csv,x_time_h/10.1016_j.nanoen.2019.02.009/Fig6_A_stability_performance_curve/accepted/10.1016_j.nanoen.2019.02.009__Fig6__A__stability_performance_curve__MAPbI₃__Series_1.csv,/Users/shunhao/Desktop/ML/lab/data_all/x_time_h/10.1016_j.nanoen.2019.02.009/Fig6_A_stability_performance_curve/validation_result.json,10.1016/j.nanoen.2019.02.009,10.1016_j.nanoen.2019.02.009__Fig6__A__stability_performance_curve,MAPbI₃,Time,(h),Normalized PCE,,1.0,axis_metadata:hour,38,503.9028003499948,0.2066573240075008,1.004623414990504,1.004438919759361,False,3,2.9912374566907496,0.45299849787557284,False
C10fdf72887,True,,/Users/shunhao/Desktop/ML/lab/data_all/x_time_h/10.1016_j.nanoen.2020.104929/Fig5_C_stability_performance_curve_pce/accepted/10.1016_j.nanoen.2020.104929__Fig5__C__stability_performance_curve_pce__MAPbI₃__Series_2.csv,x_time_h/10.1016_j.nanoen.2020.104929/Fig5_C_stability_performance_curve_pce/accepted/10.1016_j.nanoen.2020.104929__Fig5__C__stability_performance_curve_pce__MAPbI₃__Series_2.csv,/Users/shunhao/Desktop/ML/lab/data_all/x_time_h/10.1016_j.nanoen.2020.104929/Fig5_C_stability_performance_curve_pce/validation_result.json,10.1016/j.nanoen.2020.104929,10.1016_j.nanoen.2020.104929__Fig5__C__stability_performance_curve_pce,MAPbI₃,Time,(h),Normalized PCE,,1.0,axis_metadata:hour,32,502.76045765444087,0.5067462312142934,0.999800131717092,0.999800131717092,False,3,1.1632224785357348,0.586361194281468,False
Cb9a4708411,True,,/Users/shunhao/Desktop/ML/lab/data_all/x_time_h/10.1016_j.nanoen.2020.105181/Fig6_A_stability_performance_curve_pce/accepted/10.1016_j.nanoen.2020.105181__Fig6__A__stability_performance_curve_pce__S6__Series_3.csv,x_time_h/10.1016_j.nanoen.2020.105181/Fig6_A_stability_performance_curve_pce/accepted/10.1016_j.nanoen.2020.105181__Fig6__A__stability_performance_curve_pce__S6__Series_3.csv,/Users/shunhao/Desktop/ML/lab/data_all/x_time_h/10.1016_j.nanoen.2020.105181/Fig6_A_stability_performance_curve_pce/validation_result.json,10.1016/j.nanoen.2020.105181,10.1016_j.nanoen.2020.105181__Fig6__A__stability_performance_curve_pce,S6,Time (h),(h),Normalized PCE,,1.0,axis_metadata:hour,64,987.2168384642932,0.1048642170755769,0.9991456841160228,0.9991456841160228,False,3,0.6701386691827942,0.847037892533514,False
C986c7f52b7,True,,/Users/shunhao/Desktop/ML/lab/data_all/x_time_h/10.1016_j.nanoen.2021.105751/Fig4_A_stability_performance_curve_pce/accepted/10.1016_j.nanoen.2021.105751__Fig4__A__stability_performance_curve_pce__Li-TFSI_t-BP__Series_2.csv,x_time_h/10.1016_j.nanoen.2021.105751/Fig4_A_stability_performance_curve_pce/accepted/10.1016_j.nanoen.2021.105751__Fig4__A__stability_performance_curve_pce__Li-TFSI_t-BP__Series_2.csv,/Users/shunhao/Desktop/ML/lab/data_all/x_time_h/10.1016_j.nanoen.2021.105751/Fig4_A_stability_performance_curve_pce/validation_result.json,10.1016/j.nanoen.2021.105751,10.1016_j.nanoen.2021.105751__Fig4__A__stability_performance_curve_pce,Li-TFSI/t-BP,Time,h,Normalized PCE,,1.0,axis_metadata:hour,66,1174.4295790429444,0.4292217143657453,1.0027006103141582,1.0027006103141582,False,3,1.541113051496041,0.40393839380222196,False
Ca15bd6d270,True,,/Users/shunhao/Desktop/ML/lab/data_all/x_time_h/10.1016_j.orgel.2019.105490/Fig9_F_stability_performance_curve_pce/accepted/10.1016_j.orgel.2019.105490__Fig9__F__stability_performance_curve_pce__WO__Series_1.csv,x_time_h/10.1016_j.orgel.2019.105490/Fig9_F_stability_performance_curve_pce/accepted/10.1016_j.orgel.2019.105490__Fig9__F__stability_performance_curve_pce__WO__Series_1.csv,/Users/shunhao/Desktop/ML/lab/data_all/x_time_h/10.1016_j.orgel.2019.105490/Fig9_F_stability_performance_curve_pce/validation_result.json,10.1016/j.orgel.2019.105490,10.1016_j.orgel.2019.105490__Fig9__F__stability_performance_curve_pce,WO,Time (hour),hour,PCE (%),%,1.0,axis_metadata:hour,62,1430.437410607638,3.113786037262276,11.758017669453965,11.758017669453965,False,3,1.6538627333912799,0.5957057307574479,False
C511b599874,True,,/Users/shunhao/Desktop/ML/lab/data_all/x_time_h/10.1016_j.scib.2021.02.029/Fig4_C_stability_performance_curve/accepted/10.1016_j.scib.2021.02.029__Fig4__C__stability_performance_curve__C60__Series_2.csv,x_time_h/10.1016_j.scib.2021.02.029/Fig4_C_stability_performance_curve/accepted/10.1016_j.scib.2021.02.029__Fig4__C__stability_performance_curve__C60__Series_2.csv,/Users/shunhao/Desktop/ML/lab/data_all/x_time_h/10.1016_j.scib.2021.02.029/Fig4_C_stability_performance_curve/validation_result.json,10.1016/j.scib.2021.02.029,10.1016_j.scib.2021.02.029__Fig4__C__stability_performance_curve,C60,Time,h,PCE,%,1.0,axis_metadata:hour,67,818.6380742812376,8.729434484005846,18.612947635626952,18.612947635626952,False,3,0.9934591909912514,0.7155912818563895,False
C2e4ed94b2f,True,,/Users/shunhao/Desktop/ML/lab/data_all/x_time_h/10.1016_j.solener.2016.10.003/Fig7_F_stability_performance_curve_pce/accepted/10.1016_j.solener.2016.10.003__Fig7__F__stability_performance_curve_pce__Sprayed_TiO₂__Series_1.csv,x_time_h/10.1016_j.solener.2016.10.003/Fig7_F_stability_performance_curve_pce/accepted/10.1016_j.solener.2016.10.003__Fig7__F__stability_performance_curve_pce__Sprayed_TiO₂__Series_1.csv,/Users/shunhao/Desktop/ML/lab/data_all/x_time_h/10.1016_j.solener.2016.10.003/Fig7_F_stability_performance_curve_pce/validation_result.json,10.1016/j.solener.2016.10.003,10.1016_j.solener.2016.10.003__Fig7__F__stability_performance_curve_pce,Sprayed TiO₂,Aging time,(h),Normalized efficiency,,1.0,axis_metadata:hour,43,555.7151898307516,0.651179746778494,1.0011492740072463,1.0011492740072463,False,3,1.8258337768570103,0.2572470110014345,False
C38d7fd599e,True,,/Users/shunhao/Desktop/ML/lab/data_all/x_time_h/10.1016_j.solener.2019.10.080/Fig6_A_stability_performance_curve_pce/accepted/10.1016_j.solener.2019.10.080__Fig6__A__stability_performance_curve_pce__(a)_Spiro_-_0.04mmol__Series_2.csv,x_time_h/10.1016_j.solener.2019.10.080/Fig6_A_stability_performance_curve_pce/accepted/10.1016_j.solener.2019.10.080__Fig6__A__stability_performance_curve_pce__(a)_Spiro_-_0.04mmol__Series_2.csv,/Users/shunhao/Desktop/ML/lab/data_all/x_time_h/10.1016_j.solener.2019.10.080/Fig6_A_stability_performance_curve_pce/validation_result.json,10.1016/j.solener.2019.10.080,10.1016_j.solener.2019.10.080__Fig6__A__stability_performance_curve_pce,(a) Spiro - 0.04mmol,Time,(h),Efficiency,(%),1.0,axis_metadata:hour,76,501.3992645168315,6.793864855618308,13.102645578699343,13.102645578699343,False,3,1.1172941145192277,0.7540683195389479,False
C6cf6449a85,True,,/Users/shunhao/Desktop/ML/lab/data_all/x_time_h/10.1016_j.solener.2019.10.080/Fig6_B_stability_performance_curve_pce/accepted/10.1016_j.solener.2019.10.080__Fig6__B__stability_performance_curve_pce__(a)_Spiro_-0.06mmol__Series_1.csv,x_time_h/10.1016_j.solener.2019.10.080/Fig6_B_stability_performance_curve_pce/accepted/10.1016_j.solener.2019.10.080__Fig6__B__stability_performance_curve_pce__(a)_Spiro_-0.06mmol__Series_1.csv,/Users/shunhao/Desktop/ML/lab/data_all/x_time_h/10.1016_j.solener.2019.10.080/Fig6_B_stability_performance_curve_pce/validation_result.json,10.1016/j.solener.2019.10.080,10.1016_j.solener.2019.10.080__Fig6__B__stability_performance_curve_pce,(a) Spiro -0.06mmol,Time,(h),Efficiency,(%),1.0,axis_metadata:hour,72,504.6998111740743,8.475006324707351,14.642117243404703,14.642117243404703,False,3,1.0583750074346494,0.7334735372047896,False
C396c8e0609,True,,/Users/shunhao/Desktop/ML/lab/data_all/x_time_h/10.1016_j.solener.2020.02.025/Fig6_B_mppt_stability_performance_curve/accepted/10.1016_j.solener.2020.02.025__Fig6__B__mppt_stability_performance_curve__CsF_SnO₂_CsFAMA__Series_2.csv,x_time_h/10.1016_j.solener.2020.02.025/Fig6_B_mppt_stability_performance_curve/accepted/10.1016_j.solener.2020.02.025__Fig6__B__mppt_stability_performance_curve__CsF_SnO₂_CsFAMA__Series_2.csv,/Users/shunhao/Desktop/ML/lab/data_all/x_time_h/10.1016_j.solener.2020.02.025/Fig6_B_mppt_stability_performance_curve/validation_result.json,10.1016/j.solener.2020.02.025,10.1016_j.solener.2020.02.025__Fig6__B__mppt_stability_performance_curve,CsF:SnO₂/CsFAMA,Time,(h),PCE,(Norm.),1.0,axis_metadata:hour,78,761.1880451969857,0.4193876785531248,0.9654994451404222,0.9654994451404222,False,3,2.080798698966919,0.5277484420445492,False
C8f5e53fd07,True,,/Users/shunhao/Desktop/ML/lab/data_all/x_time_h/10.1016_j.solener.2020.07.050/Fig4_B_stability_performance_curve_pce/accepted/10.1016_j.solener.2020.07.050__Fig4__B__stability_performance_curve_pce__PCBM_Ag__Series_1.csv,x_time_h/10.1016_j.solener.2020.07.050/Fig4_B_stability_performance_curve_pce/accepted/10.1016_j.solener.2020.07.050__Fig4__B__stability_performance_curve_pce__PCBM_Ag__Series_1.csv,/Users/shunhao/Desktop/ML/lab/data_all/x_time_h/10.1016_j.solener.2020.07.050/Fig4_B_stability_performance_curve_pce/validation_result.json,10.1016/j.solener.2020.07.050,10.1016_j.solener.2020.07.050__Fig4__B__stability_performance_curve_pce,PCBM/Ag,Time,hours,Normalized PCE,,1.0,axis_metadata:hour,114,948.2863048759525,0.3134267924386987,0.9981293326149684,0.9981293326149684,False,3,0.7891112862501707,0.775144570597037,False
C1bbd5bf36c,True,,/Users/shunhao/Desktop/ML/lab/data_all/x_time_h/10.1016_j.solmat.2020.110407/Fig12_whole_sem_image_stability_performance_curve_pce/accepted/10.1016_j.solmat.2020.110407__Fig12__whole__sem_image_stability_performance_curve_pce__Unmodified_PSCs__Series_2.csv,x_time_h/10.1016_j.solmat.2020.110407/Fig12_whole_sem_image_stability_performance_curve_pce/accepted/10.1016_j.solmat.2020.110407__Fig12__whole__sem_image_stability_performance_curve_pce__Unmodified_PSCs__Series_2.csv,/Users/shunhao/Desktop/ML/lab/data_all/x_time_h/10.1016_j.solmat.2020.110407/Fig12_whole_sem_image_stability_performance_curve_pce/validation_result.json,10.1016/j.solmat.2020.110407,10.1016_j.solmat.2020.110407__Fig12__whole__sem_image_stability_performance_curve_pce,Unmodified PSCs,Time,(h),Normilized PCE,,1.0,axis_metadata:hour,70,532.9451727935043,0.5201220584318347,0.9999092409798962,0.9999092409798962,False,3,1.0258775441939603,0.6709058963112965,False
C61745ccd1b,True,,/Users/shunhao/Desktop/ML/lab/data_all/x_time_h/10.1016_j.solmat.2020.110862/Fig5_D_stability_performance_curve_pce/accepted/10.1016_j.solmat.2020.110862__Fig5__D__stability_performance_curve_pce__Reference__Series_1.csv,x_time_h/10.1016_j.solmat.2020.110862/Fig5_D_stability_performance_curve_pce/accepted/10.1016_j.solmat.2020.110862__Fig5__D__stability_performance_curve_pce__Reference__Series_1.csv,/Users/shunhao/Desktop/ML/lab/data_all/x_time_h/10.1016_j.solmat.2020.110862/Fig5_D_stability_performance_curve_pce/validation_result.json,10.1016/j.solmat.2020.110862,10.1016_j.solmat.2020.110862__Fig5__D__stability_performance_curve_pce,Reference,Time (h),h,Normalized PCE,,1.0,axis_metadata:hour,64,610.0320931354876,0.3261805232979177,0.9877190456161156,0.9877190456161156,False,3,2.021956098126513,0.4012781030399979,False
Cb2b86bb9ce,True,,/Users/shunhao/Desktop/ML/lab/data_all/x_time_h/10.1016_j.synthmet.2020.116547/Fig3_B_stability_performance_curve/accepted/10.1016_j.synthmet.2020.116547__Fig3__B__stability_performance_curve__ZnO__Series_3.csv,x_time_h/10.1016_j.synthmet.2020.116547/Fig3_B_stability_performance_curve/accepted/10.1016_j.synthmet.2020.116547__Fig3__B__stability_performance_curve__ZnO__Series_3.csv,/Users/shunhao/Desktop/ML/lab/data_all/x_time_h/10.1016_j.synthmet.2020.116547/Fig3_B_stability_performance_curve/validation_result.json,10.1016/j.synthmet.2020.116547,10.1016_j.synthmet.2020.116547__Fig3__B__stability_performance_curve,ZnO,"Aging, h",h,"PCE, %",%,1.0,axis_metadata:hour,57,2140.6148349562104,1.3103780264695055,7.19075494708658,7.19075494708658,False,3,2.938890742450636,0.041532234371290486,True
Cd79a632219,True,,/Users/shunhao/Desktop/ML/lab/data_all/x_time_h/10.1016_j.xcrp.2021.100395/Fig6_E_stability_performance_curve_pce/accepted/10.1016_j.xcrp.2021.100395__Fig6__E__stability_performance_curve_pce__RH_0%__Series_2.csv,x_time_h/10.1016_j.xcrp.2021.100395/Fig6_E_stability_performance_curve_pce/accepted/10.1016_j.xcrp.2021.100395__Fig6__E__stability_performance_curve_pce__RH_0%__Series_2.csv,/Users/shunhao/Desktop/ML/lab/data_all/x_time_h/10.1016_j.xcrp.2021.100395/Fig6_E_stability_performance_curve_pce/validation_result.json,10.1016/j.xcrp.2021.100395,10.1016_j.xcrp.2021.100395__Fig6__E__stability_performance_curve_pce,RH 0%,Time (hour),hour,Norm. PCE (a.u.),a.u.,1.0,axis_metadata:hour,19,500.61501219892466,0.0306871459238307,0.9979820217484954,0.9979820217484954,False,3,3.418154838277227,0.2497979159751587,False
C0a20d9638c,True,,/Users/shunhao/Desktop/ML/lab/data_all/x_time_h/10.1021_acs.chemmater.1c01436/Fig6_C_stability_performance_curve_pce_pattern/accepted/10.1021_acs.chemmater.1c01436__Fig6__C__stability_performance_curve_pce_pattern__Pristine__Series_1.csv,x_time_h/10.1021_acs.chemmater.1c01436/Fig6_C_stability_performance_curve_pce_pattern/accepted/10.1021_acs.chemmater.1c01436__Fig6__C__stability_performance_curve_pce_pattern__Pristine__Series_1.csv,/Users/shunhao/Desktop/ML/lab/data_all/x_time_h/10.1021_acs.chemmater.1c01436/Fig6_C_stability_performance_curve_pce_pattern/validation_result.json,10.1021/acs.chemmater.1c01436,10.1021_acs.chemmater.1c01436__Fig6__C__stability_performance_curve_pce_pattern,Pristine,Time,hour,Normalized PCE,,1.0,axis_metadata:hour,48,985.2721960392937,0.3370207931844182,0.99610629157691,0.99610629157691,False,3,1.8833946367878645,0.007171498459315548,True
C0b0c8889ec,True,,/Users/shunhao/Desktop/ML/lab/data_all/x_time_h/10.1021_acs.energyfuels.2c03191/Fig6_D_schematic_diagram_stability_performance_curve/accepted/10.1021_acs.energyfuels.2c03191__Fig6__D__schematic_diagram_stability_performance_curve__Control_PSC__Series_2.csv,x_time_h/10.1021_acs.energyfuels.2c03191/Fig6_D_schematic_diagram_stability_performance_curve/accepted/10.1021_acs.energyfuels.2c03191__Fig6__D__schematic_diagram_stability_performance_curve__Control_PSC__Series_2.csv,/Users/shunhao/Desktop/ML/lab/data_all/x_time_h/10.1021_acs.energyfuels.2c03191/Fig6_D_schematic_diagram_stability_performance_curve/validation_result.json,10.1021/acs.energyfuels.2c03191,10.1021_acs.energyfuels.2c03191__Fig6__D__schematic_diagram_stability_performance_curve,Control PSC,Time,(h),Normalised PCE,,1.0,axis_metadata:hour,29,541.618659186631,0.2985287972185959,0.9934945773815352,0.9934945773815352,False,3,1.0613798205145226,0.7721731303285896,False
Ce7518b387a,True,,/Users/shunhao/Desktop/ML/lab/data_all/x_time_h/10.1021_acs.jpcc.1c04343/Fig5_B_stability_performance_curve_pce/accepted/10.1021_acs.jpcc.1c04343__Fig5__B__stability_performance_curve_pce__Control__Series_3.csv,x_time_h/10.1021_acs.jpcc.1c04343/Fig5_B_stability_performance_curve_pce/accepted/10.1021_acs.jpcc.1c04343__Fig5__B__stability_performance_curve_pce__Control__Series_3.csv,/Users/shunhao/Desktop/ML/lab/data_all/x_time_h/10.1021_acs.jpcc.1c04343/Fig5_B_stability_performance_curve_pce/validation_result.json,10.1021/acs.jpcc.1c04343,10.1021_acs.jpcc.1c04343__Fig5__B__stability_performance_curve_pce,Control,Time,(h),Normalized PCE,,1.0,axis_metadata:hour,51,828.1204005300203,0.1289094389966339,0.9996590738789468,0.9996590738789468,False,3,0.8892011565933595,0.7914390713427852,False
C9a9b920cd4,True,,/Users/shunhao/Desktop/ML/lab/data_all/x_time_h/10.1021_acs.jpclett.1c01074/Fig4_C_stability_performance_curve_pce/accepted/10.1021_acs.jpclett.1c01074__Fig4__C__stability_performance_curve_pce__Control__Series_1.csv,x_time_h/10.1021_acs.jpclett.1c01074/Fig4_C_stability_performance_curve_pce/accepted/10.1021_acs.jpclett.1c01074__Fig4__C__stability_performance_curve_pce__Control__Series_1.csv,/Users/shunhao/Desktop/ML/lab/data_all/x_time_h/10.1021_acs.jpclett.1c01074/Fig4_C_stability_performance_curve_pce/validation_result.json,10.1021/acs.jpclett.1c01074,10.1021_acs.jpclett.1c01074__Fig4__C__stability_performance_curve_pce,Control,Time,hour,Normalized PCE,,1.0,axis_metadata:hour,115,996.8911020345735,0.3899471948094617,1.0048962368373116,1.0048962368373116,False,3,0.7294576949105589,0.8331075953748003,False
C84e304503e,True,,/Users/shunhao/Desktop/ML/lab/data_all/x_time_h/10.1021_acs.jpclett.1c02371/Fig5_A_stability_performance_curve_pce/accepted/10.1021_acs.jpclett.1c02371__Fig5__A__stability_performance_curve_pce__TiO₂__Series_1.csv,x_time_h/10.1021_acs.jpclett.1c02371/Fig5_A_stability_performance_curve_pce/accepted/10.1021_acs.jpclett.1c02371__Fig5__A__stability_performance_curve_pce__TiO₂__Series_1.csv,/Users/shunhao/Desktop/ML/lab/data_all/x_time_h/10.1021_acs.jpclett.1c02371/Fig5_A_stability_performance_curve_pce/validation_result.json,10.1021/acs.jpclett.1c02371,10.1021_acs.jpclett.1c02371__Fig5__A__stability_performance_curve_pce,TiO₂,Time (h),(h),PCE (norm.),(norm.),1.0,axis_metadata:hour,99,976.7181315677473,0.262404667369259,0.9384973488761392,0.9384973488761392,False,3,1.9871558774494036,0.4283406183523676,False
C8ce3f6c521,True,,/Users/shunhao/Desktop/ML/lab/data_all/x_time_h/10.1021_acs.nanolett.9b04661/Fig4_H_stability_performance_curve_pce/accepted/10.1021_acs.nanolett.9b04661__Fig4__H__stability_performance_curve_pce__3D__Series_2.csv,x_time_h/10.1021_acs.nanolett.9b04661/Fig4_H_stability_performance_curve_pce/accepted/10.1021_acs.nanolett.9b04661__Fig4__H__stability_performance_curve_pce__3D__Series_2.csv,/Users/shunhao/Desktop/ML/lab/data_all/x_time_h/10.1021_acs.nanolett.9b04661/Fig4_H_stability_performance_curve_pce/validation_result.json,10.1021/acs.nanolett.9b04661,10.1021_acs.nanolett.9b04661__Fig4__H__stability_performance_curve_pce,3D,Time,(h),Normalized Steady-State PCE,,1.0,axis_metadata:hour,38,664.0682544675993,0.3903735050022934,0.8901542646175402,0.8901542646175402,False,3,1.7320542898516915,0.5328814527644277,False
C77bb4d957d,True,,/Users/shunhao/Desktop/ML/lab/data_all/x_time_h/10.1021_acsaem.0c03185/Fig1_B_mppt_stability_performance_curve_pce/accepted/10.1021_acsaem.0c03185__Fig1__B__mppt_stability_performance_curve_pce__TiO₂__Series_2.csv,x_time_h/10.1021_acsaem.0c03185/Fig1_B_mppt_stability_performance_curve_pce/accepted/10.1021_acsaem.0c03185__Fig1__B__mppt_stability_performance_curve_pce__TiO₂__Series_2.csv,/Users/shunhao/Desktop/ML/lab/data_all/x_time_h/10.1021_acsaem.0c03185/Fig1_B_mppt_stability_performance_curve_pce/validation_result.json,10.1021/acsaem.0c03185,10.1021_acsaem.0c03185__Fig1__B__mppt_stability_performance_curve_pce,TiO₂,Time,(h),Normalized PCE,,1.0,axis_metadata:hour,107,975.3721858289881,0.2672241813722574,0.9265263724699376,0.9265263724699376,False,3,1.887552963226438,0.471575624293479,False
Ccbc1a17984,True,,/Users/shunhao/Desktop/ML/lab/data_all/x_time_h/10.1021_acsaem.1c00232/Fig5_whole_pce/accepted/10.1021_acsaem.1c00232__Fig5__whole__pce__CuSCN-Au__Series_1.csv,x_time_h/10.1021_acsaem.1c00232/Fig5_whole_pce/accepted/10.1021_acsaem.1c00232__Fig5__whole__pce__CuSCN-Au__Series_1.csv,/Users/shunhao/Desktop/ML/lab/data_all/x_time_h/10.1021_acsaem.1c00232/Fig5_whole_pce/validation_result.json,10.1021/acsaem.1c00232,10.1021_acsaem.1c00232__Fig5__whole__pce,CuSCN-Au,Aging time,(hours),Normalized PCE,,1.0,axis_metadata:hour,51,996.0225436007249,0.4599892123924827,1.0005082065221171,1.0005082065221171,False,3,1.3106303381232463,0.5089483001789245,False
C6bd50b7ee7,True,,/Users/shunhao/Desktop/ML/lab/data_all/x_time_h/10.1021_acsami.0c04938/Fig6_D_pce/accepted/10.1021_acsami.0c04938__Fig6__D__pce__Pristine_CsPbIBr₂__Series_1.csv,x_time_h/10.1021_acsami.0c04938/Fig6_D_pce/accepted/10.1021_acsami.0c04938__Fig6__D__pce__Pristine_CsPbIBr₂__Series_1.csv,/Users/shunhao/Desktop/ML/lab/data_all/x_time_h/10.1021_acsami.0c04938/Fig6_D_pce/validation_result.json,10.1021/acsami.0c04938,10.1021_acsami.0c04938__Fig6__D__pce,Pristine CsPbIBr₂,Time,h,Normalized PCE,,1.0,axis_metadata:hour,63,985.0274105212807,0.4527278177754896,0.821422808128966,0.821422808128966,False,3,3.403893838820696,0.2567697196679946,False
Cadef799560,True,,/Users/shunhao/Desktop/ML/lab/data_all/x_time_h/10.1021_acsami.0c13116/Fig5_A_stability_performance_curve_pce_decay/accepted/10.1021_acsami.0c13116__Fig5__A__stability_performance_curve_pce_decay__O—W_EDEA__Series_2.csv,x_time_h/10.1021_acsami.0c13116/Fig5_A_stability_performance_curve_pce_decay/accepted/10.1021_acsami.0c13116__Fig5__A__stability_performance_curve_pce_decay__O—W_EDEA__Series_2.csv,/Users/shunhao/Desktop/ML/lab/data_all/x_time_h/10.1021_acsami.0c13116/Fig5_A_stability_performance_curve_pce_decay/validation_result.json,10.1021/acsami.0c13116,10.1021_acsami.0c13116__Fig5__A__stability_performance_curve_pce_decay,O—W/EDEA,Time,(h),Normalized PCE,,1.0,axis_metadata:hour,67,502.3003578532107,0.3694915036713122,0.9904014974922132,0.9904014974922132,False,3,1.6275386317763545,0.6609798416306287,False
C824af53346,True,,/Users/shunhao/Desktop/ML/lab/data_all/x_time_h/10.1021_acsami.0c18009/Fig5_C_stability_performance_curve_pce/accepted/10.1021_acsami.0c18009__Fig5__C__stability_performance_curve_pce__Control__Series_1.csv,x_time_h/10.1021_acsami.0c18009/Fig5_C_stability_performance_curve_pce/accepted/10.1021_acsami.0c18009__Fig5__C__stability_performance_curve_pce__Control__Series_1.csv,/Users/shunhao/Desktop/ML/lab/data_all/x_time_h/10.1021_acsami.0c18009/Fig5_C_stability_performance_curve_pce/validation_result.json,10.1021/acsami.0c18009,10.1021_acsami.0c18009__Fig5__C__stability_performance_curve_pce,Control,Time,(h),Normalized PCE,,1.0,axis_metadata:hour,49,1199.155600118017,0.1499329118766723,1.0146641785297486,1.0146641785297486,False,3,1.0741377922576174,0.6038361764338306,False
C64589d9709,True,,/Users/shunhao/Desktop/ML/lab/data_all/x_time_h/10.1021_acsami.1c01408/Fig5_A_stability_performance_curve_pce/accepted/10.1021_acsami.1c01408__Fig5__A__stability_performance_curve_pce__w_oBMIBr__Series_1.csv,x_time_h/10.1021_acsami.1c01408/Fig5_A_stability_performance_curve_pce/accepted/10.1021_acsami.1c01408__Fig5__A__stability_performance_curve_pce__w_oBMIBr__Series_1.csv,/Users/shunhao/Desktop/ML/lab/data_all/x_time_h/10.1021_acsami.1c01408/Fig5_A_stability_performance_curve_pce/validation_result.json,10.1021/acsami.1c01408,10.1021_acsami.1c01408__Fig5__A__stability_performance_curve_pce,w/oBMIBr,Time,(h),Normalized PCE,(%),1.0,axis_metadata:hour,49,1181.7322824995613,16.441567041745785,100.35769448518036,100.35769448518036,False,3,0.951324320943356,0.6702734822585179,False
C0a22164d78,True,,/Users/shunhao/Desktop/ML/lab/data_all/x_time_h/10.1021_acsami.6b03724/Fig5_D_chart/accepted/10.1021_acsami.6b03724__Fig5__D__chart__ZnO_PFN__Series_3.csv,x_time_h/10.1021_acsami.6b03724/Fig5_D_chart/accepted/10.1021_acsami.6b03724__Fig5__D__chart__ZnO_PFN__Series_3.csv,/Users/shunhao/Desktop/ML/lab/data_all/x_time_h/10.1021_acsami.6b03724/Fig5_D_chart/validation_result.json,10.1021/acsami.6b03724,10.1021_acsami.6b03724__Fig5__D__chart,ZnO:PFN,Time,(h),Normalized PCE,,1.0,axis_metadata:hour,63,662.7191550843465,0.5434469541875282,1.0104972980857874,1.0104972980857874,False,3,1.2493974110462431,0.5404710203457828,False
C97e9299149,True,,/Users/shunhao/Desktop/ML/lab/data_all/x_time_h/10.1021_acsami.6b03724/Fig5_D_chart/accepted/10.1021_acsami.6b03724__Fig5__D__chart__zno__Series_1.csv,x_time_h/10.1021_acsami.6b03724/Fig5_D_chart/accepted/10.1021_acsami.6b03724__Fig5__D__chart__zno__Series_1.csv,/Users/shunhao/Desktop/ML/lab/data_all/x_time_h/10.1021_acsami.6b03724/Fig5_D_chart/validation_result.json,10.1021/acsami.6b03724,10.1021_acsami.6b03724__Fig5__D__chart,zno,Time,(h),Normalized PCE,,1.0,axis_metadata:hour,63,662.7191550843467,0.393399106147816,0.9978171982514454,0.9978171982514454,False,3,1.0517986242147468,0.7590658698641211,False
Ca5af3b2d8f,True,,/Users/shunhao/Desktop/ML/lab/data_all/x_time_h/10.1021_acsami.8b02035/Fig5_A_stability_performance_curve_pce/accepted/10.1021_acsami.8b02035__Fig5__A__stability_performance_curve_pce__NiO(m)&PCBM__Series_2.csv,x_time_h/10.1021_acsami.8b02035/Fig5_A_stability_performance_curve_pce/accepted/10.1021_acsami.8b02035__Fig5__A__stability_performance_curve_pce__NiO(m)&PCBM__Series_2.csv,/Users/shunhao/Desktop/ML/lab/data_all/x_time_h/10.1021_acsami.8b02035/Fig5_A_stability_performance_curve_pce/validation_result.json,10.1021/acsami.8b02035,10.1021_acsami.8b02035__Fig5__A__stability_performance_curve_pce,NiO(m)&PCBM,Time,(hour),Normalized PCE,,1.0,axis_metadata:hour,81,638.3979114290298,0.5182222987081422,1.0233545648443705,1.0232967251921514,False,3,0.9020116115974406,0.7105803344862288,False
C2bda31b0de,True,,/Users/shunhao/Desktop/ML/lab/data_all/x_time_h/10.1021_acsami.8b04003/Fig7_B_stability_performance_curve_retention/accepted/10.1021_acsami.8b04003__Fig7__B__stability_performance_curve_retention__YN1__Series_2.csv,x_time_h/10.1021_acsami.8b04003/Fig7_B_stability_performance_curve_retention/accepted/10.1021_acsami.8b04003__Fig7__B__stability_performance_curve_retention__YN1__Series_2.csv,/Users/shunhao/Desktop/ML/lab/data_all/x_time_h/10.1021_acsami.8b04003/Fig7_B_stability_performance_curve_retention/validation_result.json,10.1021/acsami.8b04003,10.1021_acsami.8b04003__Fig7__B__stability_performance_curve_retention,YN1,Time,(h),PCE,(%),1.0,axis_metadata:hour,76,989.1518374345326,7.8911596533347,17.914144880776803,17.914144880776803,False,3,1.6799797301122927,0.4969722403596439,False
C9196ad5908,True,,/Users/shunhao/Desktop/ML/lab/data_all/x_time_h/10.1021_acsami.9b00923/Fig9_A_stability_performance_curve_pce/accepted/10.1021_acsami.9b00923__Fig9__A__stability_performance_curve_pce__Au__Series_1.csv,x_time_h/10.1021_acsami.9b00923/Fig9_A_stability_performance_curve_pce/accepted/10.1021_acsami.9b00923__Fig9__A__stability_performance_curve_pce__Au__Series_1.csv,/Users/shunhao/Desktop/ML/lab/data_all/x_time_h/10.1021_acsami.9b00923/Fig9_A_stability_performance_curve_pce/validation_result.json,10.1021/acsami.9b00923,10.1021_acsami.9b00923__Fig9__A__stability_performance_curve_pce,Au,Time,[h],Normalized PCE,[a.u.],1.0,axis_metadata:hour,18,821.0957768472315,0.1907276384347379,1.0053196259772874,1.0053196259772874,False,3,1.896784853715283,0.18405686368399832,True
Cbc23cb8969,True,,/Users/shunhao/Desktop/ML/lab/data_all/x_time_h/10.1021_acsami.9b17580/Fig5_D_stability_performance_curve_pce/accepted/10.1021_acsami.9b17580__Fig5__D__stability_performance_curve_pce__MAPbI₃__Series_1.csv,x_time_h/10.1021_acsami.9b17580/Fig5_D_stability_performance_curve_pce/accepted/10.1021_acsami.9b17580__Fig5__D__stability_performance_curve_pce__MAPbI₃__Series_1.csv,/Users/shunhao/Desktop/ML/lab/data_all/x_time_h/10.1021_acsami.9b17580/Fig5_D_stability_performance_curve_pce/validation_result.json,10.1021/acsami.9b17580,10.1021_acsami.9b17580__Fig5__D__stability_performance_curve_pce,MAPbI₃,Storage time,(h),PCE,(%),1.0,axis_metadata:hour,27,536.3791288197897,9.13812370774749,14.756377038652706,14.756377038652706,False,3,1.472219517787212,0.39082837577394297,False
C1b230c3879,True,,/Users/shunhao/Desktop/ML/lab/data_all/x_time_h/10.1021_acsami.9b17930/Fig8_C_pce/accepted/10.1021_acsami.9b17930__Fig8__C__pce__3D__Series_1.csv,x_time_h/10.1021_acsami.9b17930/Fig8_C_pce/accepted/10.1021_acsami.9b17930__Fig8__C__pce__3D__Series_1.csv,/Users/shunhao/Desktop/ML/lab/data_all/x_time_h/10.1021_acsami.9b17930/Fig8_C_pce/validation_result.json,10.1021/acsami.9b17930,10.1021_acsami.9b17930__Fig8__C__pce,3D,Time,(h),Normalized PCE,,1.0,axis_metadata:hour,49,570.1866115257234,0.5816779219055731,0.9970890966647684,0.9970890966647684,False,3,1.8663950545266557,0.26138182396240256,False
C1b938611a4,True,,/Users/shunhao/Desktop/ML/lab/data_all/x_time_h/10.1021_acsami.9b22719/Fig6_F_stability_performance_curve_pce/accepted/10.1021_acsami.9b22719__Fig6__F__stability_performance_curve_pce__Control__Series_1.csv,x_time_h/10.1021_acsami.9b22719/Fig6_F_stability_performance_curve_pce/accepted/10.1021_acsami.9b22719__Fig6__F__stability_performance_curve_pce__Control__Series_1.csv,/Users/shunhao/Desktop/ML/lab/data_all/x_time_h/10.1021_acsami.9b22719/Fig6_F_stability_performance_curve_pce/validation_result.json,10.1021/acsami.9b22719,10.1021_acsami.9b22719__Fig6__F__stability_performance_curve_pce,Control,Time (h),(h),Normalized PCE (%),(%),1.0,axis_metadata:hour,45,840.0574037406469,0.3986755260243139,0.978156941892937,0.978156941892937,False,3,1.5566434277620935,0.30775476626685316,False
Cf2b465de44,True,,/Users/shunhao/Desktop/ML/lab/data_all/x_time_h/10.1021_acsenergylett.4c00306/Fig6_B_stability_performance_curve_retention/accepted/10.1021_acsenergylett.4c00306__Fig6__B__stability_performance_curve_retention__ITO_SnO2(Spiro)__Series_1.csv,x_time_h/10.1021_acsenergylett.4c00306/Fig6_B_stability_performance_curve_retention/accepted/10.1021_acsenergylett.4c00306__Fig6__B__stability_performance_curve_retention__ITO_SnO2(Spiro)__Series_1.csv,/Users/shunhao/Desktop/ML/lab/data_all/x_time_h/10.1021_acsenergylett.4c00306/Fig6_B_stability_performance_curve_retention/validation_result.json,10.1021/acsenergylett.4c00306,10.1021_acsenergylett.4c00306__Fig6__B__stability_performance_curve_retention,ITO/SnO2(Spiro),Time,hours,Normalized Efficiency,,1.0,axis_metadata:hour,75,998.8040106071285,0.3855359515994431,1.001161543802476,1.001161543802476,False,3,1.493439519437888,0.35876288053513444,False
C8f01702111,True,,/Users/shunhao/Desktop/ML/lab/data_all/x_time_h/10.1021_acsenergylett.9b00930/Fig6_B_stability_performance_curve/accepted/10.1021_acsenergylett.9b00930__Fig6__B__stability_performance_curve__3D__Series_1.csv,x_time_h/10.1021_acsenergylett.9b00930/Fig6_B_stability_performance_curve/accepted/10.1021_acsenergylett.9b00930__Fig6__B__stability_performance_curve__3D__Series_1.csv,/Users/shunhao/Desktop/ML/lab/data_all/x_time_h/10.1021_acsenergylett.9b00930/Fig6_B_stability_performance_curve/validation_result.json,10.1021/acsenergylett.9b00930,10.1021_acsenergylett.9b00930__Fig6__B__stability_performance_curve,3D,Time,(h),Normalized PCE,,1.0,axis_metadata:hour,59,505.9879682374537,0.4961362599392792,1.0079957955841052,1.0079957955841052,False,3,0.9254607450082363,0.7456733577400799,False
C7ba201a928,True,,/Users/shunhao/Desktop/ML/lab/data_all/x_time_h/10.1021_acsenergylett.9b02716/Fig5_B_stability_performance_curve/accepted/10.1021_acsenergylett.9b02716__Fig5__B__stability_performance_curve__Ref__Series_1.csv,x_time_h/10.1021_acsenergylett.9b02716/Fig5_B_stability_performance_curve/accepted/10.1021_acsenergylett.9b02716__Fig5__B__stability_performance_curve__Ref__Series_1.csv,/Users/shunhao/Desktop/ML/lab/data_all/x_time_h/10.1021_acsenergylett.9b02716/Fig5_B_stability_performance_curve/validation_result.json,10.1021/acsenergylett.9b02716,10.1021_acsenergylett.9b02716__Fig5__B__stability_performance_curve,Ref,Aging Time,(h),Normalized PCE,(%),1.0,axis_metadata:hour,24,530.7423344535355,0.3967753870930594,0.9982755149832176,0.9982755149832176,False,3,1.4233586717847648,0.6470613249732527,False
C2ad9571ae3,True,,/Users/shunhao/Desktop/ML/lab/data_all/x_time_h/10.1021_acssuschemeng.7b01556/Fig8_A_stability_performance_curve_pce/accepted/10.1021_acssuschemeng.7b01556__Fig8__A__stability_performance_curve_pce__W_O_GPM__Series_1.csv,x_time_h/10.1021_acssuschemeng.7b01556/Fig8_A_stability_performance_curve_pce/accepted/10.1021_acssuschemeng.7b01556__Fig8__A__stability_performance_curve_pce__W_O_GPM__Series_1.csv,/Users/shunhao/Desktop/ML/lab/data_all/x_time_h/10.1021_acssuschemeng.7b01556/Fig8_A_stability_performance_curve_pce/validation_result.json,10.1021/acssuschemeng.7b01556,10.1021_acssuschemeng.7b01556__Fig8__A__stability_performance_curve_pce,W/O GPM,T (h),(h),Normalized PCE,,1.0,axis_metadata:hour,31,698.7095260584969,0.289110695774357,1.0099572866358826,1.0099572866358826,False,3,1.0249264625540278,0.7740995366906451,False
C48482b3051,True,,/Users/shunhao/Desktop/ML/lab/data_all/x_time_h/10.1021_jacs.0c09560/Fig5_A_stability_performance_curve_pce/accepted/10.1021_jacs.0c09560__Fig5__A__stability_performance_curve_pce__Ref__Series_1.csv,x_time_h/10.1021_jacs.0c09560/Fig5_A_stability_performance_curve_pce/accepted/10.1021_jacs.0c09560__Fig5__A__stability_performance_curve_pce__Ref__Series_1.csv,/Users/shunhao/Desktop/ML/lab/data_all/x_time_h/10.1021_jacs.0c09560/Fig5_A_stability_performance_curve_pce/validation_result.json,10.1021/jacs.0c09560,10.1021_jacs.0c09560__Fig5__A__stability_performance_curve_pce,Ref,Time,(h),PCE,(%),1.0,axis_metadata:hour,114,1000.1079072752457,0.1338583582452912,19.975683782792373,19.975683782792373,False,3,0.9359383136966996,0.7909893096361508,False
C835d101455,True,,/Users/shunhao/Desktop/ML/lab/data_all/x_time_h/10.1021_jacs.6b10227/Fig3_C_jv_curve_stability_performance_photovoltaic_parameter/accepted/10.1021_jacs.6b10227__Fig3__C__jv_curve_stability_performance_photovoltaic_parameter__MAPbI₃_carbon__Series_2.csv,x_time_h/10.1021_jacs.6b10227/Fig3_C_jv_curve_stability_performance_photovoltaic_parameter/accepted/10.1021_jacs.6b10227__Fig3__C__jv_curve_stability_performance_photovoltaic_parameter__MAPbI₃_carbon__Series_2.csv,/Users/shunhao/Desktop/ML/lab/data_all/x_time_h/10.1021_jacs.6b10227/Fig3_C_jv_curve_stability_performance_photovoltaic_parameter/validation_result.json,10.1021/jacs.6b10227,10.1021_jacs.6b10227__Fig3__C__jv_curve_stability_performance_photovoltaic_parameter,MAPbI₃/carbon,Time (hours),hours,Normalized PCE (a.u.),a.u.,1.0,axis_metadata:hour,10,671.4854757755793,0.2163275036444558,0.9867260933443148,0.9867260933443148,False,3,2.002020401571074,0.0386437032655459,True
C52506b3a7d,True,,/Users/shunhao/Desktop/ML/lab/data_all/x_time_h/10.1038_ncomms11105/Fig3_D_eqe_curve_stability_performance_pce/accepted/10.1038_ncomms11105__Fig3__D__eqe_curve_stability_performance_pce__CH₃NH₃PbI₃__Series_2.csv,x_time_h/10.1038_ncomms11105/Fig3_D_eqe_curve_stability_performance_pce/accepted/10.1038_ncomms11105__Fig3__D__eqe_curve_stability_performance_pce__CH₃NH₃PbI₃__Series_2.csv,/Users/shunhao/Desktop/ML/lab/data_all/x_time_h/10.1038_ncomms11105/Fig3_D_eqe_curve_stability_performance_pce/validation_result.json,10.1038/ncomms11105,10.1038_ncomms11105__Fig3__D__eqe_curve_stability_performance_pce,CH₃NH₃PbI₃,Aging time (h),(h),Normalized efficiency,,1.0,axis_metadata:hour,48,531.3423827058227,0.5994002272581908,1.0050853877095711,1.0050853877095711,False,3,1.6617925810955239,0.21506843716662555,True
Cbe750d09c5,True,,/Users/shunhao/Desktop/ML/lab/data_all/x_time_h/10.1038_s41467-018-06204-2/Fig5_A_mppt_stability_performance_curve/accepted/10.1038_s41467-018-06204-2__Fig5__A__mppt_stability_performance_curve__O-MAPbl3__Series_1.csv,x_time_h/10.1038_s41467-018-06204-2/Fig5_A_mppt_stability_performance_curve/accepted/10.1038_s41467-018-06204-2__Fig5__A__mppt_stability_performance_curve__O-MAPbl3__Series_1.csv,/Users/shunhao/Desktop/ML/lab/data_all/x_time_h/10.1038_s41467-018-06204-2/Fig5_A_mppt_stability_performance_curve/validation_result.json,10.1038/s41467-018-06204-2,10.1038_s41467-018-06204-2__Fig5__A__mppt_stability_performance_curve,O-MAPbl3,Time,(h),Normalized PCE,,1.0,axis_metadata:hour,33,542.4920959368138,0.5006003123879252,0.9794913124758337,0.9794913124758337,False,3,1.9674067812101739,0.04636395265445172,True
C26f44fe882,True,,/Users/shunhao/Desktop/ML/lab/data_all/x_time_h/10.1038_s41467-025-56409-5/Fig4_A_stability_performance_curve_pce_mapping/accepted/10.1038_s41467-025-56409-5__Fig4__A__stability_performance_curve_pce_mapping__2D-PEA-disordered__Series_3.csv,x_time_h/10.1038_s41467-025-56409-5/Fig4_A_stability_performance_curve_pce_mapping/accepted/10.1038_s41467-025-56409-5__Fig4__A__stability_performance_curve_pce_mapping__2D-PEA-disordered__Series_3.csv,/Users/shunhao/Desktop/ML/lab/data_all/x_time_h/10.1038_s41467-025-56409-5/Fig4_A_stability_performance_curve_pce_mapping/validation_result.json,10.1038/s41467-025-56409-5,10.1038_s41467-025-56409-5__Fig4__A__stability_performance_curve_pce_mapping,2D-PEA-disordered,Time,(h),PCE,(%),1.0,axis_metadata:hour,173,1258.0831649076952,1.2241243776423474,22.42030452495839,22.42030452495839,False,3,1.56207967320648,0.6599155932954016,False
Cbbabab256a,True,,/Users/shunhao/Desktop/ML/lab/data_all/x_time_h/10.1038_s41560-019-0382-6/Fig5_D_mppt_stability_performance_curve/accepted/10.1038_s41560-019-0382-6__Fig5__D__mppt_stability_performance_curve__CsFAMA__Series_1.csv,x_time_h/10.1038_s41560-019-0382-6/Fig5_D_mppt_stability_performance_curve/accepted/10.1038_s41560-019-0382-6__Fig5__D__mppt_stability_performance_curve__CsFAMA__Series_1.csv,/Users/shunhao/Desktop/ML/lab/data_all/x_time_h/10.1038_s41560-019-0382-6/Fig5_D_mppt_stability_performance_curve/validation_result.json,10.1038/s41560-019-0382-6,10.1038_s41560-019-0382-6__Fig5__D__mppt_stability_performance_curve,CsFAMA,Time,(h),Normalized PCE,,1.0,axis_metadata:hour,36,577.5765104059951,0.433421614832947,0.95181159847548,0.95181159847548,False,3,0.31096508966833913,0.9124611744653076,False
Cf7243a4848,True,,"/Users/shunhao/Desktop/ML/lab/data_all/x_time_h/10.1038_s41586-021-03406-5/Fig4_B_stability_performance_curve/accepted/10.1038_s41586-021-03406-5__Fig4__B__stability_performance_curve__Reference,_PCEinitial_=_23.75%__Series_2.csv","x_time_h/10.1038_s41586-021-03406-5/Fig4_B_stability_performance_curve/accepted/10.1038_s41586-021-03406-5__Fig4__B__stability_performance_curve__Reference,_PCEinitial_=_23.75%__Series_2.csv",/Users/shunhao/Desktop/ML/lab/data_all/x_time_h/10.1038_s41586-021-03406-5/Fig4_B_stability_performance_curve/validation_result.json,10.1038/s41586-021-03406-5,10.1038_s41586-021-03406-5__Fig4__B__stability_performance_curve,"Reference, PCEinitial = 23.75%",Time,(h),Normalized PCE,,1.0,axis_metadata:hour,58,1024.225805769482,0.3998324713058927,0.9961710153057168,0.9961710153057168,False,3,1.280170611096652,0.49867739159865826,False
C9d1c8e2e42,True,,/Users/shunhao/Desktop/ML/lab/data_all/x_time_h/10.1038_s41586-023-06892-x/Fig4_B_mppt_stability_performance_curve_pce/accepted/10.1038_s41586-023-06892-x__Fig4__B__mppt_stability_performance_curve_pce__WBG_PSCs_with_BCP__Series_1.csv,x_time_h/10.1038_s41586-023-06892-x/Fig4_B_mppt_stability_performance_curve_pce/accepted/10.1038_s41586-023-06892-x__Fig4__B__mppt_stability_performance_curve_pce__WBG_PSCs_with_BCP__Series_1.csv,/Users/shunhao/Desktop/ML/lab/data_all/x_time_h/10.1038_s41586-023-06892-x/Fig4_B_mppt_stability_performance_curve_pce/validation_result.json,10.1038/s41586-023-06892-x,10.1038_s41586-023-06892-x__Fig4__B__mppt_stability_performance_curve_pce,WBG PSCs with BCP,Time,(h),PCE,(%),1.0,axis_metadata:hour,99,500.0223660229611,10.3578634403734,18.241508362479507,18.241508362479507,False,3,1.60482467233443,0.5991876753252232,False
C870641b26a,True,,/Users/shunhao/Desktop/ML/lab/data_all/x_time_h/10.1038_s41598-024-74735-4/Fig4_C_stability_performance_curve_pce/accepted/10.1038_s41598-024-74735-4__Fig4__C__stability_performance_curve_pce__Spiro-OMeTAD__Series_2.csv,x_time_h/10.1038_s41598-024-74735-4/Fig4_C_stability_performance_curve_pce/accepted/10.1038_s41598-024-74735-4__Fig4__C__stability_performance_curve_pce__Spiro-OMeTAD__Series_2.csv,/Users/shunhao/Desktop/ML/lab/data_all/x_time_h/10.1038_s41598-024-74735-4/Fig4_C_stability_performance_curve_pce/validation_result.json,10.1038/s41598-024-74735-4,10.1038_s41598-024-74735-4__Fig4__C__stability_performance_curve_pce,Spiro-OMeTAD,Time,(h),Normalized efficiency,(a.u.),1.0,axis_metadata:hour,67,716.0465168185456,0.5459214867858698,1.0028850117312187,1.0028850117312187,False,3,1.0522136631581462,0.6240175704465045,False
Ce41de51560,True,,/Users/shunhao/Desktop/ML/lab/data_all/x_time_h/10.1039_c7ta10871k/Fig7_A_stability_performance_curve_pce/accepted/10.1039_c7ta10871k__Fig7__A__stability_performance_curve_pce__CCE__Series_2.csv,x_time_h/10.1039_c7ta10871k/Fig7_A_stability_performance_curve_pce/accepted/10.1039_c7ta10871k__Fig7__A__stability_performance_curve_pce__CCE__Series_2.csv,/Users/shunhao/Desktop/ML/lab/data_all/x_time_h/10.1039_c7ta10871k/Fig7_A_stability_performance_curve_pce/validation_result.json,10.1039/c7ta10871k,10.1039_c7ta10871k__Fig7__A__stability_performance_curve_pce,CCE,T,(h),PCE,(%),1.0,axis_metadata:hour,62,949.5408713982116,0.3432653376925785,4.787587023426871,4.787587023426871,False,3,1.054416123618251,0.7638989338055189,False
C77f3037303,True,,/Users/shunhao/Desktop/ML/lab/data_all/x_time_h/10.1039_c7ta10871k/Fig7_A_stability_performance_curve_pce/accepted/10.1039_c7ta10871k__Fig7__A__stability_performance_curve_pce__PF-3__Series_4.csv,x_time_h/10.1039_c7ta10871k/Fig7_A_stability_performance_curve_pce/accepted/10.1039_c7ta10871k__Fig7__A__stability_performance_curve_pce__PF-3__Series_4.csv,/Users/shunhao/Desktop/ML/lab/data_all/x_time_h/10.1039_c7ta10871k/Fig7_A_stability_performance_curve_pce/validation_result.json,10.1039/c7ta10871k,10.1039_c7ta10871k__Fig7__A__stability_performance_curve_pce,PF-3,T,(h),PCE,(%),1.0,axis_metadata:hour,62,949.5408713982115,0.7619333225805924,5.496102074775816,5.496102074775816,False,3,0.8997341176060385,0.7009607063317164,False
C8dd4ab4b53,True,,/Users/shunhao/Desktop/ML/lab/data_all/x_time_h/10.1039_c8ee02252f/Fig6_F_stability_performance_curve_pce/accepted/10.1039_c8ee02252f__Fig6__F__stability_performance_curve_pce__Control__Series_2.csv,x_time_h/10.1039_c8ee02252f/Fig6_F_stability_performance_curve_pce/accepted/10.1039_c8ee02252f__Fig6__F__stability_performance_curve_pce__Control__Series_2.csv,/Users/shunhao/Desktop/ML/lab/data_all/x_time_h/10.1039_c8ee02252f/Fig6_F_stability_performance_curve_pce/validation_result.json,10.1039/c8ee02252f,10.1039_c8ee02252f__Fig6__F__stability_performance_curve_pce,Control,Time,h,Normalized PCE,,1.0,axis_metadata:hour,74,1523.710521639305,0.1477614734762005,0.9525458314675704,0.9525458314675704,False,3,1.0927832293953053,0.7460073760485438,False
C83eecc614c,True,,/Users/shunhao/Desktop/ML/lab/data_all/x_time_h/10.1039_c8ta00267c/Fig5_C_stability_performance_curve_pce/accepted/10.1039_c8ta00267c__Fig5__C__stability_performance_curve_pce__Pristine__Series_1.csv,x_time_h/10.1039_c8ta00267c/Fig5_C_stability_performance_curve_pce/accepted/10.1039_c8ta00267c__Fig5__C__stability_performance_curve_pce__Pristine__Series_1.csv,/Users/shunhao/Desktop/ML/lab/data_all/x_time_h/10.1039_c8ta00267c/Fig5_C_stability_performance_curve_pce/validation_result.json,10.1039/c8ta00267c,10.1039_c8ta00267c__Fig5__C__stability_performance_curve_pce,Pristine,Time (h),(h),Normalized PCE (a.u.),(a.u.),1.0,axis_metadata:hour,56,732.3716469390689,0.3609491660562751,0.978703158971184,0.978703158971184,False,3,1.356646870391884,0.5972281818075029,False
C6869baaa1c,True,,/Users/shunhao/Desktop/ML/lab/data_all/x_time_h/10.1039_c8ta03953d/Fig6_C_stability_performance_curve_pce/accepted/10.1039_c8ta03953d__Fig6__C__stability_performance_curve_pce__Cl-0_%__Series_2.csv,x_time_h/10.1039_c8ta03953d/Fig6_C_stability_performance_curve_pce/accepted/10.1039_c8ta03953d__Fig6__C__stability_performance_curve_pce__Cl-0_%__Series_2.csv,/Users/shunhao/Desktop/ML/lab/data_all/x_time_h/10.1039_c8ta03953d/Fig6_C_stability_performance_curve_pce/validation_result.json,10.1039/c8ta03953d,10.1039_c8ta03953d__Fig6__C__stability_performance_curve_pce,Cl-0 %,Time,(h),Norm. PCE,,1.0,axis_metadata:hour,41,992.7933242025549,0.2313927322529028,0.8123438327901752,0.8123438327901752,False,3,1.6372334422905988,0.29967910637832995,False
Cef792d50f4,True,,/Users/shunhao/Desktop/ML/lab/data_all/x_time_h/10.1039_c8ta10094b/Fig4_D_stability_performance_curve_pce/accepted/10.1039_c8ta10094b__Fig4__D__stability_performance_curve_pce__IPA__Series_2.csv,x_time_h/10.1039_c8ta10094b/Fig4_D_stability_performance_curve_pce/accepted/10.1039_c8ta10094b__Fig4__D__stability_performance_curve_pce__IPA__Series_2.csv,/Users/shunhao/Desktop/ML/lab/data_all/x_time_h/10.1039_c8ta10094b/Fig4_D_stability_performance_curve_pce/validation_result.json,10.1039/c8ta10094b,10.1039_c8ta10094b__Fig4__D__stability_performance_curve_pce,—●—IPA,Time,(h),Normalized PCE,(%),1.0,axis_metadata:hour,30,541.7588362085598,35.2093239298612,100.89743906753615,100.89743906753615,False,3,1.4332662333356132,0.665653710900594,False
C470b30899b,True,,/Users/shunhao/Desktop/ML/lab/data_all/x_time_h/10.1039_c9ta01094g/Fig4_D_stability_performance_curve/accepted/10.1039_c9ta01094g__Fig4__D__stability_performance_curve__Spiro-MeOTAD_at_65_±_1_°C_without_sealing_in_nitrogen_atmosphere__Series_1.csv,x_time_h/10.1039_c9ta01094g/Fig4_D_stability_performance_curve/accepted/10.1039_c9ta01094g__Fig4__D__stability_performance_curve__Spiro-MeOTAD_at_65_±_1_°C_without_sealing_in_nitrogen_atmosphere__Series_1.csv,/Users/shunhao/Desktop/ML/lab/data_all/x_time_h/10.1039_c9ta01094g/Fig4_D_stability_performance_curve/validation_result.json,10.1039/c9ta01094g,10.1039_c9ta01094g__Fig4__D__stability_performance_curve,Spiro-MeOTAD at 65 ± 1 °C without sealing in nitrogen atmosphere,Time,(h),Normalized PCE,,1.0,axis_metadata:hour,80,687.6808490397505,0.0465532971903259,0.9989089832201166,0.9989089832201166,False,3,1.3503897651546004,0.5348654774100902,False
C90dd07d009,True,,/Users/shunhao/Desktop/ML/lab/data_all/x_time_h/10.1039_d0ee01655a/Fig4_D_stability_performance_curve_pce/accepted/10.1039_d0ee01655a__Fig4__D__stability_performance_curve_pce__Doped_Spiro-OMeTAD__Series_1.csv,x_time_h/10.1039_d0ee01655a/Fig4_D_stability_performance_curve_pce/accepted/10.1039_d0ee01655a__Fig4__D__stability_performance_curve_pce__Doped_Spiro-OMeTAD__Series_1.csv,/Users/shunhao/Desktop/ML/lab/data_all/x_time_h/10.1039_d0ee01655a/Fig4_D_stability_performance_curve_pce/validation_result.json,10.1039/d0ee01655a,10.1039_d0ee01655a__Fig4__D__stability_performance_curve_pce,Doped Spiro-OMeTAD,Time,(h),Normalized PCE,,1.0,axis_metadata:hour,53,955.3840062170514,0.126901663627408,0.9337414031067256,0.9337414031067256,False,3,0.9342996233232352,0.7893494388068815,False
C73a4a1b38e,True,,/Users/shunhao/Desktop/ML/lab/data_all/x_time_h/10.1039_d0ee01845g/Fig3_D_stability_performance_curve/accepted/10.1039_d0ee01845g__Fig3__D__stability_performance_curve__FASnl3__Series_1.csv,x_time_h/10.1039_d0ee01845g/Fig3_D_stability_performance_curve/accepted/10.1039_d0ee01845g__Fig3__D__stability_performance_curve__FASnl3__Series_1.csv,/Users/shunhao/Desktop/ML/lab/data_all/x_time_h/10.1039_d0ee01845g/Fig3_D_stability_performance_curve/validation_result.json,10.1039/d0ee01845g,10.1039_d0ee01845g__Fig3__D__stability_performance_curve,FASnl3,Time,h,Normalized Efficiency,,1.0,axis_metadata:hour,29,508.3199939930971,0.401078793780975,0.9992172075161188,0.9992172075161188,False,3,0.9609000978624995,0.7795361088174929,False
Cd1b9d81e6e,True,,/Users/shunhao/Desktop/ML/lab/data_all/x_time_h/10.1039_d0sc06354a/Fig6_E_stability_performance_curve_pce/accepted/10.1039_d0sc06354a__Fig6__E__stability_performance_curve_pce__Control__Series_2.csv,x_time_h/10.1039_d0sc06354a/Fig6_E_stability_performance_curve_pce/accepted/10.1039_d0sc06354a__Fig6__E__stability_performance_curve_pce__Control__Series_2.csv,/Users/shunhao/Desktop/ML/lab/data_all/x_time_h/10.1039_d0sc06354a/Fig6_E_stability_performance_curve_pce/validation_result.json,10.1039/d0sc06354a,10.1039_d0sc06354a__Fig6__E__stability_performance_curve_pce,Control,Time,(h),Normalized PCE,,1.0,axis_metadata:hour,63,1178.4463197133616,0.6562094111383788,0.9817291193602062,0.9817291193602062,False,3,2.0915696831770036,0.2263614288913568,False
Cbc4f9fa398,True,,/Users/shunhao/Desktop/ML/lab/data_all/x_time_h/10.1039_d0tc01244k/Fig5_whole_stability/accepted/10.1039_d0tc01244k__Fig5__whole__stability__Control__Series_2.csv,x_time_h/10.1039_d0tc01244k/Fig5_whole_stability/accepted/10.1039_d0tc01244k__Fig5__whole__stability__Control__Series_2.csv,/Users/shunhao/Desktop/ML/lab/data_all/x_time_h/10.1039_d0tc01244k/Fig5_whole_stability/validation_result.json,10.1039/d0tc01244k,10.1039_d0tc01244k__Fig5__whole__stability,Control,Time,(h),Normalised PCE,(a.u),1.0,axis_metadata:hour,62,523.2530075425026,0.5778565910801019,1.0036239220304566,1.0036239220304566,False,3,1.4696918670762003,0.5683804360036906,False
C9731530d49,True,,/Users/shunhao/Desktop/ML/lab/data_all/x_time_h/10.1039_d1cp02596a/Fig5_G_stability_performance_curve/accepted/10.1039_d1cp02596a__Fig5__G__stability_performance_curve__FASnl__Series_2.csv,x_time_h/10.1039_d1cp02596a/Fig5_G_stability_performance_curve/accepted/10.1039_d1cp02596a__Fig5__G__stability_performance_curve__FASnl__Series_2.csv,/Users/shunhao/Desktop/ML/lab/data_all/x_time_h/10.1039_d1cp02596a/Fig5_G_stability_performance_curve/validation_result.json,10.1039/d1cp02596a,10.1039_d1cp02596a__Fig5__G__stability_performance_curve,FASnl,Time (h),(h),Normalized Efficiency,,1.0,axis_metadata:hour,25,505.7320458625944,0.4044567177042161,0.985036507209008,0.985036507209008,False,3,0.9217735947512339,0.7860163943884629,False
C4cddcf0fe2,True,,/Users/shunhao/Desktop/ML/lab/data_all/x_time_h/10.1039_d1ma00861g/Fig6_D_stability_performance_curve_pce/accepted/10.1039_d1ma00861g__Fig6__D__stability_performance_curve_pce__PSC-CuSCN__Series_3.csv,x_time_h/10.1039_d1ma00861g/Fig6_D_stability_performance_curve_pce/accepted/10.1039_d1ma00861g__Fig6__D__stability_performance_curve_pce__PSC-CuSCN__Series_3.csv,/Users/shunhao/Desktop/ML/lab/data_all/x_time_h/10.1039_d1ma00861g/Fig6_D_stability_performance_curve_pce/validation_result.json,10.1039/d1ma00861g,10.1039_d1ma00861g__Fig6__D__stability_performance_curve_pce,PSC-CuSCN,Time,(h),Normalized PCE,,1.0,axis_metadata:hour,53,1531.1549628015778,0.2610581505112486,1.007888037296112,1.007888037296112,False,3,0.7721753983159731,0.8252217525043851,False
Cecebd89528,True,,/Users/shunhao/Desktop/ML/lab/data_all/x_time_h/10.1039_d1ma00861g/Fig6_D_stability_performance_curve_pce/accepted/10.1039_d1ma00861g__Fig6__D__stability_performance_curve_pce__PSC-HTMFree__Series_1.csv,x_time_h/10.1039_d1ma00861g/Fig6_D_stability_performance_curve_pce/accepted/10.1039_d1ma00861g__Fig6__D__stability_performance_curve_pce__PSC-HTMFree__Series_1.csv,/Users/shunhao/Desktop/ML/lab/data_all/x_time_h/10.1039_d1ma00861g/Fig6_D_stability_performance_curve_pce/validation_result.json,10.1039/d1ma00861g,10.1039_d1ma00861g__Fig6__D__stability_performance_curve_pce,PSC-HTMFree,Time,(h),Normalized PCE,,1.0,axis_metadata:hour,45,1325.0379485782885,0.1649315314201276,0.9955641117716092,0.9955641117716092,False,3,2.062138690863484,0.16462090317148728,True
C24f61aa6c9,True,,/Users/shunhao/Desktop/ML/lab/data_all/x_time_h/10.1039_d1na00172h/Fig5_B_stability_performance_curve_pce/accepted/10.1039_d1na00172h__Fig5__B__stability_performance_curve_pce__Series_1__Series_1.csv,x_time_h/10.1039_d1na00172h/Fig5_B_stability_performance_curve_pce/accepted/10.1039_d1na00172h__Fig5__B__stability_performance_curve_pce__Series_1__Series_1.csv,/Users/shunhao/Desktop/ML/lab/data_all/x_time_h/10.1039_d1na00172h/Fig5_B_stability_performance_curve_pce/validation_result.json,10.1039/d1na00172h,10.1039_d1na00172h__Fig5__B__stability_performance_curve_pce,,Time,Hrs,Normalized PCE,,1.0,axis_metadata:hour,51,616.2844448535608,0.4872971330373261,1.000835365999397,1.000835365999397,False,3,1.479191453689836,0.662731368151051,False
C971f673bdf,True,,/Users/shunhao/Desktop/ML/lab/data_all/x_time_h/10.1039_d3sc02845c/Fig6_A_stability_performance_curve_pce/accepted/10.1039_d3sc02845c__Fig6__A__stability_performance_curve_pce__TMDAP-OMeDPA__Series_2.csv,x_time_h/10.1039_d3sc02845c/Fig6_A_stability_performance_curve_pce/accepted/10.1039_d3sc02845c__Fig6__A__stability_performance_curve_pce__TMDAP-OMeDPA__Series_2.csv,/Users/shunhao/Desktop/ML/lab/data_all/x_time_h/10.1039_d3sc02845c/Fig6_A_stability_performance_curve_pce/validation_result.json,10.1039/d3sc02845c,10.1039_d3sc02845c__Fig6__A__stability_performance_curve_pce,TMDAP-OMeDPA,t,h,PCE,%,1.0,axis_metadata:hour,34,1009.7606825096456,15.192263282995505,21.237344043445347,21.237344043445347,False,3,2.3511101998126445,0.03875398945231998,True
C1d0967c932,True,,/Users/shunhao/Desktop/ML/lab/data_all/x_time_h/10.1039_d3se00435j/Fig8_B_stability_performance_curve_pce/accepted/10.1039_d3se00435j__Fig8__B__stability_performance_curve_pce__Reference__Series_2.csv,x_time_h/10.1039_d3se00435j/Fig8_B_stability_performance_curve_pce/accepted/10.1039_d3se00435j__Fig8__B__stability_performance_curve_pce__Reference__Series_2.csv,/Users/shunhao/Desktop/ML/lab/data_all/x_time_h/10.1039_d3se00435j/Fig8_B_stability_performance_curve_pce/validation_result.json,10.1039/d3se00435j,10.1039_d3se00435j__Fig8__B__stability_performance_curve_pce,Reference,Time,Hours,Norm. PCE,%,1.0,axis_metadata:hour,70,1410.378542025494,0.2837003140201207,0.9722629268783248,0.9722629268783248,False,3,1.484948800914771,0.6715216020967019,False
C9aee5ea554,True,,/Users/shunhao/Desktop/ML/lab/data_all/x_time_h/10.1039_d4ee01960a/Fig5_A_stability_performance_curve/accepted/10.1039_d4ee01960a__Fig5__A__stability_performance_curve__4PACz__Series_2.csv,x_time_h/10.1039_d4ee01960a/Fig5_A_stability_performance_curve/accepted/10.1039_d4ee01960a__Fig5__A__stability_performance_curve__4PACz__Series_2.csv,/Users/shunhao/Desktop/ML/lab/data_all/x_time_h/10.1039_d4ee01960a/Fig5_A_stability_performance_curve/validation_result.json,10.1039/d4ee01960a,10.1039_d4ee01960a__Fig5__A__stability_performance_curve,4PACz,Time,(h),Normalized PCE,(%),1.0,axis_metadata:hour,51,592.0318534167031,0.5311921668719088,1.00405251038796,1.00405251038796,False,3,1.0589863690614651,0.6331368584235997,False
C6458e42ae4,True,,/Users/shunhao/Desktop/ML/lab/data_all/x_time_h/10.1039_d4ta08566c/Fig2_F_mppt_stability_performance_curve/accepted/10.1039_d4ta08566c__Fig2__F__mppt_stability_performance_curve__Control__Series_1.csv,x_time_h/10.1039_d4ta08566c/Fig2_F_mppt_stability_performance_curve/accepted/10.1039_d4ta08566c__Fig2__F__mppt_stability_performance_curve__Control__Series_1.csv,/Users/shunhao/Desktop/ML/lab/data_all/x_time_h/10.1039_d4ta08566c/Fig2_F_mppt_stability_performance_curve/validation_result.json,10.1039/d4ta08566c,10.1039_d4ta08566c__Fig2__F__mppt_stability_performance_curve,Control,Time,(h),PCE/PCE₀,,1.0,axis_metadata:hour,52,519.8283659452126,0.3767353008766693,0.8731876862557529,0.8731876862557529,False,3,2.80957259481233,0.07876922501903828,True
C2183034ce6,True,,/Users/shunhao/Desktop/ML/lab/data_all/x_time_h/10.1088_1361-6463_aa7905/Fig6_D_chart/accepted/10.1088_1361-6463_aa7905__Fig6__D__chart__IS0S-L-1__Series_3.csv,x_time_h/10.1088_1361-6463_aa7905/Fig6_D_chart/accepted/10.1088_1361-6463_aa7905__Fig6__D__chart__IS0S-L-1__Series_3.csv,/Users/shunhao/Desktop/ML/lab/data_all/x_time_h/10.1088_1361-6463_aa7905/Fig6_D_chart/validation_result.json,10.1088/1361-6463_aa7905,10.1088_1361-6463_aa7905__Fig6__D__chart,IS0S-L-1,Time,(h),Normalized PCE,,1.0,axis_metadata:hour,61,1063.8256368636353,0.5104764898603011,0.97749853382086,0.97749853382086,False,3,0.5616528186460276,0.8556784294831613,False
C37c63f05e8,True,,/Users/shunhao/Desktop/ML/lab/data_all/x_time_h/10.1126_science.aax8018/Fig4_E_stability_performance_curve/accepted/10.1126_science.aax8018__Fig4__E__stability_performance_curve__GO__Series_2.csv,x_time_h/10.1126_science.aax8018/Fig4_E_stability_performance_curve/accepted/10.1126_science.aax8018__Fig4__E__stability_performance_curve__GO__Series_2.csv,/Users/shunhao/Desktop/ML/lab/data_all/x_time_h/10.1126_science.aax8018/Fig4_E_stability_performance_curve/validation_result.json,10.1126/science.aax8018,10.1126_science.aax8018__Fig4__E__stability_performance_curve,—GO,Time,(h),Normalized Efficiency Decay,,1.0,axis_metadata:hour,47,985.5812666962879,0.5061551417518295,0.999675815898364,0.999675815898364,False,3,0.8801217911303214,0.7904162225793301,False
C791a473836,True,,/Users/shunhao/Desktop/ML/lab/data_all/x_time_h/10.3390_coatings13111885/Fig5_whole_pce/accepted/10.3390_coatings13111885__Fig5__whole__pce__o—pure_perovskite__Series_2.csv,x_time_h/10.3390_coatings13111885/Fig5_whole_pce/accepted/10.3390_coatings13111885__Fig5__whole__pce__o—pure_perovskite__Series_2.csv,/Users/shunhao/Desktop/ML/lab/data_all/x_time_h/10.3390_coatings13111885/Fig5_whole_pce/validation_result.json,10.3390/coatings13111885,10.3390_coatings13111885__Fig5__whole__pce,o—pure perovskite,Time,h,Normalized PCE,,1.0,axis_metadata:hour,85,500.1897167002891,0.4485761419831745,1.0007006457791057,1.0007006457791057,False,3,0.5362021174309676,0.8722467458432815,False
C0635facac6,True,,/Users/shunhao/Desktop/ML/lab/data_all/x_time_h/10.3390_ma18020415/Fig7_whole_stability/accepted/10.3390_ma18020415__Fig7__whole__stability__without_HTL__Series_1.csv,x_time_h/10.3390_ma18020415/Fig7_whole_stability/accepted/10.3390_ma18020415__Fig7__whole__stability__without_HTL__Series_1.csv,/Users/shunhao/Desktop/ML/lab/data_all/x_time_h/10.3390_ma18020415/Fig7_whole_stability/validation_result.json,10.3390/ma18020415,10.3390_ma18020415__Fig7__whole__stability,without HTL,Time,(h),Normalized PCE,,1.0,axis_metadata:hour,77,502.9464544040128,0.5299747360441482,1.002584347474791,1.002584347474791,False,3,1.8906942463980358,0.14998004646183047,True
Cf69c366058,True,,"/Users/shunhao/Desktop/ML/lab/data_all/x_time_week_month_year/10.1016_j.solener.2020.08.034/Fig7_A_pce/accepted/10.1016_j.solener.2020.08.034__Fig7__A__pce__FTO_Cu_NiO_CH,NHPbI_PCBM_AgX__Series_3.csv","x_time_week_month_year/10.1016_j.solener.2020.08.034/Fig7_A_pce/accepted/10.1016_j.solener.2020.08.034__Fig7__A__pce__FTO_Cu_NiO_CH,NHPbI_PCBM_AgX__Series_3.csv",/Users/shunhao/Desktop/ML/lab/data_all/x_time_week_month_year/10.1016_j.solener.2020.08.034/Fig7_A_pce/validation_result.json,10.1016/j.solener.2020.08.034,10.1016_j.solener.2020.08.034__Fig7__A__pce,"FTO/Cu:NiO/CH,NHPbI/PCBM/AgX",Time,months,Normalized PCE,,720.0,axis_metadata:month_30d,49,2944.8565732670586,0.0052604790643757,0.985592540418756,0.985592540418756,False,3,1.6824136307605086,0.6216397121222826,False
Cc29f8c5a88,True,,/Users/shunhao/Desktop/ML/lab/data_all/x_time_week_month_year/10.1021_acsaem.7b00069/Fig5_D_pce/accepted/10.1021_acsaem.7b00069__Fig5__D__pce__wet__Series_2.csv,x_time_week_month_year/10.1021_acsaem.7b00069/Fig5_D_pce/accepted/10.1021_acsaem.7b00069__Fig5__D__pce__wet__Series_2.csv,/Users/shunhao/Desktop/ML/lab/data_all/x_time_week_month_year/10.1021_acsaem.7b00069/Fig5_D_pce/validation_result.json,10.1021/acsaem.7b00069,10.1021_acsaem.7b00069__Fig5__D__pce,wet,Weeks,,Normalized PCE,,168.0,axis_metadata:week,55,656.0361873530221,0.2827398720832075,0.9870149902132788,0.9870149902132788,False,3,0.8870636809177337,0.8013816546302899,False
C90eb3848d4,True,,/Users/shunhao/Desktop/ML/lab/data_all/x_time_week_month_year/10.1021_acsenergylett.7b00202/Fig10_E_stability_performance_curve_pce/accepted/10.1021_acsenergylett.7b00202__Fig10__E__stability_performance_curve_pce__MASnl3'3__Series_2.csv,x_time_week_month_year/10.1021_acsenergylett.7b00202/Fig10_E_stability_performance_curve_pce/accepted/10.1021_acsenergylett.7b00202__Fig10__E__stability_performance_curve_pce__MASnl3'3__Series_2.csv,/Users/shunhao/Desktop/ML/lab/data_all/x_time_week_month_year/10.1021_acsenergylett.7b00202/Fig10_E_stability_performance_curve_pce/validation_result.json,10.1021/acsenergylett.7b00202,10.1021_acsenergylett.7b00202__Fig10__E__stability_performance_curve_pce,MASnl3'3,Time (months),months,PCE retention (%),%,720.0,axis_metadata:month_30d,10,700.6830227156265,11.717848877789592,100.66151359287755,100.66151359287755,False,3,1.1907160829125496,0.7153169079255972,False
