curve_id,sample_id,source_absolute_path,source_relative_path,doi,figure_folder,series_id,n_raw_points,n_unique_points_total,n_unique_points_0_200h,n_duplicate_points,duration_h,endpoint_bracket_time_h,endpoint_uses_point_after_200h,max_pce_0_200h,normalized_pce_0h,normalized_pce_200h,array_row,raw_cluster_id,som_node_x,som_node_y,node_label,bmu_distance,pce_norm_0h,pce_norm_10h,pce_norm_50h,pce_norm_100h,pce_norm_150h,pce_norm_200h,peak_time_h,ordered_class_id,suggested_shape_name,class_label,selected_database_absolute_path
x_time_day/10.1002_adfm.201804128/Fig8_C_stability_performance_curve_decay/accepted/10.1002_adfm.201804128__Fig8__C__stability_performance_curve_decay__V_oc__Series_1.csv,10.1002/adfm.201804128|Fig8_C_stability_performance_curve_decay|10.1002_adfm.201804128__Fig8__C__stability_performance_curve_decay__V_oc__Series_1,/Users/shunhao/Desktop/ML/lab/data_all/x_time_day/10.1002_adfm.201804128/Fig8_C_stability_performance_curve_decay/accepted/10.1002_adfm.201804128__Fig8__C__stability_performance_curve_decay__V_oc__Series_1.csv,x_time_day/10.1002_adfm.201804128/Fig8_C_stability_performance_curve_decay/accepted/10.1002_adfm.201804128__Fig8__C__stability_performance_curve_decay__V_oc__Series_1.csv,10.1002/adfm.201804128,Fig8_C_stability_performance_curve_decay,Series_1,42,42,18,0,459.70675383638024,201.8224772940206,True,1.0021300391283965,1.0,0.8435017440031572,8,2,0,2,node_0_2,0.2023478930258594,1.0,0.9912150001887783,0.9613083257210246,0.9226152483082594,0.8824645358886016,0.8435017440031572,0.0,5,no_initial_change_moderate_loss,class_05,/Users/shunhao/Desktop/ML/lab/NEW/som_200h_reanalysis/02_selected_curve_database/paper_aligned_min4/x_time_day/10.1002_adfm.201804128/Fig8_C_stability_performance_curve_decay/accepted/10.1002_adfm.201804128__Fig8__C__stability_performance_curve_decay__V_oc__Series_1.csv
x_time_day/10.1002_adfm.201807024/Fig6_D_pce/accepted/10.1002_adfm.201807024__Fig6__D__pce__0_MASCN__Series_1.csv,10.1002/adfm.201807024|Fig6_D_pce|10.1002_adfm.201807024__Fig6__D__pce__0_MASCN__Series_1,/Users/shunhao/Desktop/ML/lab/data_all/x_time_day/10.1002_adfm.201807024/Fig6_D_pce/accepted/10.1002_adfm.201807024__Fig6__D__pce__0_MASCN__Series_1.csv,x_time_day/10.1002_adfm.201807024/Fig6_D_pce/accepted/10.1002_adfm.201807024__Fig6__D__pce__0_MASCN__Series_1.csv,10.1002/adfm.201807024,Fig6_D_pce,Series_1,18,18,8,0,429.44976073610405,202.0940050522843,True,0.9967099413295936,1.0,0.8345834086340694,9,2,0,2,node_0_2,0.31075122138398303,1.0,0.9947869322286049,0.9657309387606141,0.9269390235771462,0.8778260418755495,0.8345834086340694,0.0,5,no_initial_change_moderate_loss,class_05,/Users/shunhao/Desktop/ML/lab/NEW/som_200h_reanalysis/02_selected_curve_database/paper_aligned_min4/x_time_day/10.1002_adfm.201807024/Fig6_D_pce/accepted/10.1002_adfm.201807024__Fig6__D__pce__0_MASCN__Series_1.csv
x_time_day/10.1002_adfm.201807556/Fig6_A_stability_performance_curve_ff/accepted/10.1002_adfm.201807556__Fig6__A__stability_performance_curve_ff__PEDOT_PSS-controlled__Series_2.csv,10.1002/adfm.201807556|Fig6_A_stability_performance_curve_ff|10.1002_adfm.201807556__Fig6__A__stability_performance_curve_ff__PEDOT_PSS-controlled__Series_2,/Users/shunhao/Desktop/ML/lab/data_all/x_time_day/10.1002_adfm.201807556/Fig6_A_stability_performance_curve_ff/accepted/10.1002_adfm.201807556__Fig6__A__stability_performance_curve_ff__PEDOT_PSS-controlled__Series_2.csv,x_time_day/10.1002_adfm.201807556/Fig6_A_stability_performance_curve_ff/accepted/10.1002_adfm.201807556__Fig6__A__stability_performance_curve_ff__PEDOT_PSS-controlled__Series_2.csv,10.1002/adfm.201807556,Fig6_A_stability_performance_curve_ff,Series_2,56,56,16,0,718.618269705822,209.05258755078455,True,13.656828618271105,1.0,0.8867599790303697,10,2,0,2,node_0_2,0.5401652370857085,1.0,0.991959950690536,0.946186124414195,0.9082945600789487,0.8966373734567433,0.8867599790303697,0.0,5,no_initial_change_moderate_loss,class_05,/Users/shunhao/Desktop/ML/lab/NEW/som_200h_reanalysis/02_selected_curve_database/paper_aligned_min4/x_time_day/10.1002_adfm.201807556/Fig6_A_stability_performance_curve_ff/accepted/10.1002_adfm.201807556__Fig6__A__stability_performance_curve_ff__PEDOT_PSS-controlled__Series_2.csv
x_time_day/10.1002_adfm.201807604/Fig5_A_stability/accepted/10.1002_adfm.201807604__Fig5__A__stability__AD-SnO₂__Series_1.csv,10.1002/adfm.201807604|Fig5_A_stability|10.1002_adfm.201807604__Fig5__A__stability__AD-SnO₂__Series_1,/Users/shunhao/Desktop/ML/lab/data_all/x_time_day/10.1002_adfm.201807604/Fig5_A_stability/accepted/10.1002_adfm.201807604__Fig5__A__stability__AD-SnO₂__Series_1.csv,x_time_day/10.1002_adfm.201807604/Fig5_A_stability/accepted/10.1002_adfm.201807604__Fig5__A__stability__AD-SnO₂__Series_1.csv,10.1002/adfm.201807604,Fig5_A_stability,Series_1,61,61,17,0,715.8588594181259,202.8266768351357,True,1.0015454534902426,1.0,0.8367591170220822,13,2,0,2,node_0_2,0.16275690481383445,1.0,0.994549884049172,0.9638336134132782,0.9258212947921737,0.890350874969022,0.8367591170220822,0.0,5,no_initial_change_moderate_loss,class_05,/Users/shunhao/Desktop/ML/lab/NEW/som_200h_reanalysis/02_selected_curve_database/paper_aligned_min4/x_time_day/10.1002_adfm.201807604/Fig5_A_stability/accepted/10.1002_adfm.201807604__Fig5__A__stability__AD-SnO₂__Series_1.csv
x_time_day/10.1002_adfm.202204450/Fig1_F_stability/accepted/10.1002_adfm.202204450__Fig1__F__stability__Control__Series_1.csv,10.1002/adfm.202204450|Fig1_F_stability|10.1002_adfm.202204450__Fig1__F__stability__Control__Series_1,/Users/shunhao/Desktop/ML/lab/data_all/x_time_day/10.1002_adfm.202204450/Fig1_F_stability/accepted/10.1002_adfm.202204450__Fig1__F__stability__Control__Series_1.csv,x_time_day/10.1002_adfm.202204450/Fig1_F_stability/accepted/10.1002_adfm.202204450__Fig1__F__stability__Control__Series_1.csv,10.1002/adfm.202204450,Fig1_F_stability,Series_1,52,52,22,0,468.3998531719714,202.05483862320335,True,0.9999927697563172,1.0,0.8343063221298395,28,2,0,2,node_0_2,0.3985260880280972,1.0,0.9946145457094164,0.9696711381691442,0.9294472998001533,0.8722295836995767,0.8343063221298395,0.0,5,no_initial_change_moderate_loss,class_05,/Users/shunhao/Desktop/ML/lab/NEW/som_200h_reanalysis/02_selected_curve_database/paper_aligned_min4/x_time_day/10.1002_adfm.202204450/Fig1_F_stability/accepted/10.1002_adfm.202204450__Fig1__F__stability__Control__Series_1.csv
x_time_day/10.1002_adma.201606806/Fig5_A_stability_performance_curve_pce/accepted/10.1002_adma.201606806__Fig5__A__stability_performance_curve_pce__Control__Series_1.csv,10.1002/adma.201606806|Fig5_A_stability_performance_curve_pce|10.1002_adma.201606806__Fig5__A__stability_performance_curve_pce__Control__Series_1,/Users/shunhao/Desktop/ML/lab/data_all/x_time_day/10.1002_adma.201606806/Fig5_A_stability_performance_curve_pce/accepted/10.1002_adma.201606806__Fig5__A__stability_performance_curve_pce__Control__Series_1.csv,x_time_day/10.1002_adma.201606806/Fig5_A_stability_performance_curve_pce/accepted/10.1002_adma.201606806__Fig5__A__stability_performance_curve_pce__Control__Series_1.csv,10.1002/adma.201606806,Fig5_A_stability_performance_curve_pce,Series_1,56,55,11,1,1056.2314141365268,215.158251027811,True,0.9993588442620444,1.0,0.8746800611694049,29,2,0,2,node_0_2,0.29556892949362495,1.0,0.9938473382216652,0.9627410013457447,0.9257326680144673,0.8999052654403904,0.8746800611694049,0.0,5,no_initial_change_moderate_loss,class_05,/Users/shunhao/Desktop/ML/lab/NEW/som_200h_reanalysis/02_selected_curve_database/paper_aligned_min4/x_time_day/10.1002_adma.201606806/Fig5_A_stability_performance_curve_pce/accepted/10.1002_adma.201606806__Fig5__A__stability_performance_curve_pce__Control__Series_1.csv
x_time_day/10.1002_admi.201900939/Fig11_D_pce/accepted/10.1002_admi.201900939__Fig11__D__pce__Standard__Series_2.csv,10.1002/admi.201900939|Fig11_D_pce|10.1002_admi.201900939__Fig11__D__pce__Standard__Series_2,/Users/shunhao/Desktop/ML/lab/data_all/x_time_day/10.1002_admi.201900939/Fig11_D_pce/accepted/10.1002_admi.201900939__Fig11__D__pce__Standard__Series_2.csv,x_time_day/10.1002_admi.201900939/Fig11_D_pce/accepted/10.1002_admi.201900939__Fig11__D__pce__Standard__Series_2.csv,10.1002/admi.201900939,Fig11_D_pce,Series_2,49,46,15,3,607.7143719636068,202.57145732120233,True,0.9987181876360736,1.0,0.8792328866975168,38,2,0,2,node_0_2,0.4708019739137659,1.0,0.9953349214615196,0.952566694421246,0.9321499238936289,0.908319735307432,0.8792328866975168,0.0,5,no_initial_change_moderate_loss,class_05,/Users/shunhao/Desktop/ML/lab/NEW/som_200h_reanalysis/02_selected_curve_database/paper_aligned_min4/x_time_day/10.1002_admi.201900939/Fig11_D_pce/accepted/10.1002_admi.201900939__Fig11__D__pce__Standard__Series_2.csv
x_time_day/10.1002_advs.202101418/Fig5_A_stability_performance_curve_pce/accepted/10.1002_advs.202101418__Fig5__A__stability_performance_curve_pce__W_o_Ti₃C2C1x__Series_1.csv,10.1002/advs.202101418|Fig5_A_stability_performance_curve_pce|10.1002_advs.202101418__Fig5__A__stability_performance_curve_pce__W_o_Ti₃C2C1x__Series_1,/Users/shunhao/Desktop/ML/lab/data_all/x_time_day/10.1002_advs.202101418/Fig5_A_stability_performance_curve_pce/accepted/10.1002_advs.202101418__Fig5__A__stability_performance_curve_pce__W_o_Ti₃C2C1x__Series_1.csv,x_time_day/10.1002_advs.202101418/Fig5_A_stability_performance_curve_pce/accepted/10.1002_advs.202101418__Fig5__A__stability_performance_curve_pce__W_o_Ti₃C2C1x__Series_1.csv,10.1002/advs.202101418,Fig5_A_stability_performance_curve_pce,Series_1,22,22,13,0,330.70193147790997,204.72024329584903,True,0.9995074662377988,1.0,0.8908297696361397,41,2,0,2,node_0_2,0.6591724301482234,1.0,0.980882506295659,0.9433472134596009,0.9279403387463583,0.910122476639332,0.8908297696361397,0.0,5,no_initial_change_moderate_loss,class_05,/Users/shunhao/Desktop/ML/lab/NEW/som_200h_reanalysis/02_selected_curve_database/paper_aligned_min4/x_time_day/10.1002_advs.202101418/Fig5_A_stability_performance_curve_pce/accepted/10.1002_advs.202101418__Fig5__A__stability_performance_curve_pce__W_o_Ti₃C2C1x__Series_1.csv
x_time_day/10.1002_aenm.201502206/Fig7_A_pce/accepted/10.1002_aenm.201502206__Fig7__A__pce__S3__Series_2.csv,10.1002/aenm.201502206|Fig7_A_pce|10.1002_aenm.201502206__Fig7__A__pce__S3__Series_2,/Users/shunhao/Desktop/ML/lab/data_all/x_time_day/10.1002_aenm.201502206/Fig7_A_pce/accepted/10.1002_aenm.201502206__Fig7__A__pce__S3__Series_2.csv,x_time_day/10.1002_aenm.201502206/Fig7_A_pce/accepted/10.1002_aenm.201502206__Fig7__A__pce__S3__Series_2.csv,10.1002/aenm.201502206,Fig7_A_pce,Series_2,81,79,66,2,236.689005762818,200.2753125685383,True,15.632553086470814,1.0,0.8965616489461705,44,2,0,2,node_0_2,0.8734164081758632,1.0,0.9764395650224289,0.9528529217173854,0.904522373242954,0.9223103249361367,0.8965616489461705,0.0,5,no_initial_change_moderate_loss,class_05,/Users/shunhao/Desktop/ML/lab/NEW/som_200h_reanalysis/02_selected_curve_database/paper_aligned_min4/x_time_day/10.1002_aenm.201502206/Fig7_A_pce/accepted/10.1002_aenm.201502206__Fig7__A__pce__S3__Series_2.csv
x_time_day/10.1002_aenm.201800715/Fig6_D_stability_performance_curve_pce/accepted/10.1002_aenm.201800715__Fig6__D__stability_performance_curve_pce__W_OAQ310__Series_1.csv,10.1002/aenm.201800715|Fig6_D_stability_performance_curve_pce|10.1002_aenm.201800715__Fig6__D__stability_performance_curve_pce__W_OAQ310__Series_1,/Users/shunhao/Desktop/ML/lab/data_all/x_time_day/10.1002_aenm.201800715/Fig6_D_stability_performance_curve_pce/accepted/10.1002_aenm.201800715__Fig6__D__stability_performance_curve_pce__W_OAQ310__Series_1.csv,x_time_day/10.1002_aenm.201800715/Fig6_D_stability_performance_curve_pce/accepted/10.1002_aenm.201800715__Fig6__D__stability_performance_curve_pce__W_OAQ310__Series_1.csv,10.1002/aenm.201800715,Fig6_D_stability_performance_curve_pce,Series_1,51,51,22,0,473.2508563544361,208.2303767959519,True,1.0082726964782032,0.9997294800586132,0.8404986581588992,51,2,0,2,node_0_2,0.346147364104822,0.9997294800586133,0.9996648491267591,0.9756367634215707,0.932062840168174,0.8884889169147772,0.8404986581588992,4.666666666666666,5,no_initial_change_moderate_loss,class_05,/Users/shunhao/Desktop/ML/lab/NEW/som_200h_reanalysis/02_selected_curve_database/paper_aligned_min4/x_time_day/10.1002_aenm.201800715/Fig6_D_stability_performance_curve_pce/accepted/10.1002_aenm.201800715__Fig6__D__stability_performance_curve_pce__W_OAQ310__Series_1.csv
x_time_day/10.1002_aenm.201903013/Fig5_E_stability_performance_curve_pce/accepted/10.1002_aenm.201903013__Fig5__E__stability_performance_curve_pce__Reference__Series_1.csv,10.1002/aenm.201903013|Fig5_E_stability_performance_curve_pce|10.1002_aenm.201903013__Fig5__E__stability_performance_curve_pce__Reference__Series_1,/Users/shunhao/Desktop/ML/lab/data_all/x_time_day/10.1002_aenm.201903013/Fig5_E_stability_performance_curve_pce/accepted/10.1002_aenm.201903013__Fig5__E__stability_performance_curve_pce__Reference__Series_1.csv,x_time_day/10.1002_aenm.201903013/Fig5_E_stability_performance_curve_pce/accepted/10.1002_aenm.201903013__Fig5__E__stability_performance_curve_pce__Reference__Series_1.csv,10.1002/aenm.201903013,Fig5_E_stability_performance_curve_pce,Series_1,48,48,18,0,525.282842946323,201.17215261774064,True,0.9996265348837228,1.0,0.8496484308266669,56,2,0,2,node_0_2,0.1494607862721405,1.0,0.9923390290254199,0.9685079786673629,0.9287440682050276,0.8906814525443629,0.8496484308266669,0.0,5,no_initial_change_moderate_loss,class_05,/Users/shunhao/Desktop/ML/lab/NEW/som_200h_reanalysis/02_selected_curve_database/paper_aligned_min4/x_time_day/10.1002_aenm.201903013/Fig5_E_stability_performance_curve_pce/accepted/10.1002_aenm.201903013__Fig5__E__stability_performance_curve_pce__Reference__Series_1.csv
x_time_day/10.1002_aenm.202101416/Fig4_F_stability_performance_curve/accepted/10.1002_aenm.202101416__Fig4__F__stability_performance_curve__SnO₂__Series_1.csv,10.1002/aenm.202101416|Fig4_F_stability_performance_curve|10.1002_aenm.202101416__Fig4__F__stability_performance_curve__SnO₂__Series_1,/Users/shunhao/Desktop/ML/lab/data_all/x_time_day/10.1002_aenm.202101416/Fig4_F_stability_performance_curve/accepted/10.1002_aenm.202101416__Fig4__F__stability_performance_curve__SnO₂__Series_1.csv,x_time_day/10.1002_aenm.202101416/Fig4_F_stability_performance_curve/accepted/10.1002_aenm.202101416__Fig4__F__stability_performance_curve__SnO₂__Series_1.csv,10.1002/aenm.202101416,Fig4_F_stability_performance_curve,Series_1,54,54,15,0,745.3063351175336,210.93575522194345,True,0.938814463182776,1.0,0.8259894778002359,58,2,0,2,node_0_2,0.5989257851399811,1.0,0.981925746369709,0.956662774719451,0.9225368890723202,0.8684625751731074,0.8259894778002359,0.0,5,no_initial_change_moderate_loss,class_05,/Users/shunhao/Desktop/ML/lab/NEW/som_200h_reanalysis/02_selected_curve_database/paper_aligned_min4/x_time_day/10.1002_aenm.202101416/Fig4_F_stability_performance_curve/accepted/10.1002_aenm.202101416__Fig4__F__stability_performance_curve__SnO₂__Series_1.csv
x_time_day/10.1002_chem.201703382/Fig5_A_stability_performance_curve_pce/accepted/10.1002_chem.201703382__Fig5__A__stability_performance_curve_pce__PCBM+PMMA1__Series_4.csv,10.1002/chem.201703382|Fig5_A_stability_performance_curve_pce|10.1002_chem.201703382__Fig5__A__stability_performance_curve_pce__PCBM+PMMA1__Series_4,/Users/shunhao/Desktop/ML/lab/data_all/x_time_day/10.1002_chem.201703382/Fig5_A_stability_performance_curve_pce/accepted/10.1002_chem.201703382__Fig5__A__stability_performance_curve_pce__PCBM+PMMA1__Series_4.csv,x_time_day/10.1002_chem.201703382/Fig5_A_stability_performance_curve_pce/accepted/10.1002_chem.201703382__Fig5__A__stability_performance_curve_pce__PCBM+PMMA1__Series_4.csv,10.1002/chem.201703382,Fig5_A_stability_performance_curve_pce,Series_4,44,43,13,1,687.1978934621146,212.70410988113076,True,0.9970073277632168,1.0,0.8604949015031929,63,2,0,2,node_0_2,0.43905517500333585,1.0,0.9948848111912753,0.950667767662751,0.9063320974060227,0.8867425118773921,0.8604949015031929,0.0,5,no_initial_change_moderate_loss,class_05,/Users/shunhao/Desktop/ML/lab/NEW/som_200h_reanalysis/02_selected_curve_database/paper_aligned_min4/x_time_day/10.1002_chem.201703382/Fig5_A_stability_performance_curve_pce/accepted/10.1002_chem.201703382__Fig5__A__stability_performance_curve_pce__PCBM+PMMA1__Series_4.csv
x_time_day/10.1002_chem.201703382/Fig5_A_stability_performance_curve_pce/accepted/10.1002_chem.201703382__Fig5__A__stability_performance_curve_pce__PCBM+PMMA3__Series_3.csv,10.1002/chem.201703382|Fig5_A_stability_performance_curve_pce|10.1002_chem.201703382__Fig5__A__stability_performance_curve_pce__PCBM+PMMA3__Series_3,/Users/shunhao/Desktop/ML/lab/data_all/x_time_day/10.1002_chem.201703382/Fig5_A_stability_performance_curve_pce/accepted/10.1002_chem.201703382__Fig5__A__stability_performance_curve_pce__PCBM+PMMA3__Series_3.csv,x_time_day/10.1002_chem.201703382/Fig5_A_stability_performance_curve_pce/accepted/10.1002_chem.201703382__Fig5__A__stability_performance_curve_pce__PCBM+PMMA3__Series_3.csv,10.1002/chem.201703382,Fig5_A_stability_performance_curve_pce,Series_3,46,41,13,5,670.8360388558739,212.7041098811307,True,1.0002029550939595,1.0,0.8381244517872586,65,2,0,2,node_0_2,0.4303681210118056,1.0,0.9881660728603473,0.9581212703992691,0.9367955340361901,0.8767123070492661,0.8381244517872586,0.0,5,no_initial_change_moderate_loss,class_05,/Users/shunhao/Desktop/ML/lab/NEW/som_200h_reanalysis/02_selected_curve_database/paper_aligned_min4/x_time_day/10.1002_chem.201703382/Fig5_A_stability_performance_curve_pce/accepted/10.1002_chem.201703382__Fig5__A__stability_performance_curve_pce__PCBM+PMMA3__Series_3.csv
x_time_day/10.1002_cssc.201700603/Fig5_B_stability_performance_curve_pce/accepted/10.1002_cssc.201700603__Fig5__B__stability_performance_curve_pce__5__Series_1.csv,10.1002/cssc.201700603|Fig5_B_stability_performance_curve_pce|10.1002_cssc.201700603__Fig5__B__stability_performance_curve_pce__5__Series_1,/Users/shunhao/Desktop/ML/lab/data_all/x_time_day/10.1002_cssc.201700603/Fig5_B_stability_performance_curve_pce/accepted/10.1002_cssc.201700603__Fig5__B__stability_performance_curve_pce__5__Series_1.csv,x_time_day/10.1002_cssc.201700603/Fig5_B_stability_performance_curve_pce/accepted/10.1002_cssc.201700603__Fig5__B__stability_performance_curve_pce__5__Series_1.csv,10.1002/cssc.201700603,Fig5_B_stability_performance_curve_pce,Series_1,32,32,27,0,235.2800727914461,204.92135372158205,True,10.961469591868562,0.9554931138895256,0.841910200792876,75,2,0,2,node_0_2,0.7257133453743561,0.9554931138895257,0.9615997358734609,0.9999968222076439,0.939542879853308,0.9003321143003319,0.841910200792876,50.166666666666664,5,no_initial_change_moderate_loss,class_05,/Users/shunhao/Desktop/ML/lab/NEW/som_200h_reanalysis/02_selected_curve_database/paper_aligned_min4/x_time_day/10.1002_cssc.201700603/Fig5_B_stability_performance_curve_pce/accepted/10.1002_cssc.201700603__Fig5__B__stability_performance_curve_pce__5__Series_1.csv
x_time_day/10.1002_solr.201700096/Fig7_whole_stability/accepted/10.1002_solr.201700096__Fig7__whole__stability__BTPA-4__Series_3.csv,10.1002/solr.201700096|Fig7_whole_stability|10.1002_solr.201700096__Fig7__whole__stability__BTPA-4__Series_3,/Users/shunhao/Desktop/ML/lab/data_all/x_time_day/10.1002_solr.201700096/Fig7_whole_stability/accepted/10.1002_solr.201700096__Fig7__whole__stability__BTPA-4__Series_3.csv,x_time_day/10.1002_solr.201700096/Fig7_whole_stability/accepted/10.1002_solr.201700096__Fig7__whole__stability__BTPA-4__Series_3.csv,10.1002/solr.201700096,Fig7_whole_stability,Series_3,66,66,60,0,216.89931953549848,200.2147564943063,True,13.166316025994064,0.911542844374929,0.8506047421581117,101,2,0,2,node_0_2,0.7372641081963702,0.911542844374929,0.9475470838728624,0.9873633880461282,0.9188118833502419,0.8989645174627268,0.8506047421581117,32.33333333333333,5,no_initial_change_moderate_loss,class_05,/Users/shunhao/Desktop/ML/lab/NEW/som_200h_reanalysis/02_selected_curve_database/paper_aligned_min4/x_time_day/10.1002_solr.201700096/Fig7_whole_stability/accepted/10.1002_solr.201700096__Fig7__whole__stability__BTPA-4__Series_3.csv
x_time_day/10.1002_solr.201700125/Fig6_A_stability_performance_curve_pce/accepted/10.1002_solr.201700125__Fig6__A__stability_performance_curve_pce__3D_PSCs__Series_1.csv,10.1002/solr.201700125|Fig6_A_stability_performance_curve_pce|10.1002_solr.201700125__Fig6__A__stability_performance_curve_pce__3D_PSCs__Series_1,/Users/shunhao/Desktop/ML/lab/data_all/x_time_day/10.1002_solr.201700125/Fig6_A_stability_performance_curve_pce/accepted/10.1002_solr.201700125__Fig6__A__stability_performance_curve_pce__3D_PSCs__Series_1.csv,x_time_day/10.1002_solr.201700125/Fig6_A_stability_performance_curve_pce/accepted/10.1002_solr.201700125__Fig6__A__stability_performance_curve_pce__3D_PSCs__Series_1.csv,10.1002/solr.201700125,Fig6_A_stability_performance_curve_pce,Series_1,75,75,23,0,667.6330473689383,207.50756877683216,True,18.487179376127575,1.0,0.8626152076702936,105,2,0,2,node_0_2,0.11869711217246555,1.0,0.9926907884144075,0.9588964939885245,0.925228818559505,0.8901023107770838,0.8626152076702936,0.0,5,no_initial_change_moderate_loss,class_05,/Users/shunhao/Desktop/ML/lab/NEW/som_200h_reanalysis/02_selected_curve_database/paper_aligned_min4/x_time_day/10.1002_solr.201700125/Fig6_A_stability_performance_curve_pce/accepted/10.1002_solr.201700125__Fig6__A__stability_performance_curve_pce__3D_PSCs__Series_1.csv
x_time_day/10.1002_solr.202100178/Fig3_D_stability_performance_curve_pce/accepted/10.1002_solr.202100178__Fig3__D__stability_performance_curve_pce__Control__Series_1.csv,10.1002/solr.202100178|Fig3_D_stability_performance_curve_pce|10.1002_solr.202100178__Fig3__D__stability_performance_curve_pce__Control__Series_1,/Users/shunhao/Desktop/ML/lab/data_all/x_time_day/10.1002_solr.202100178/Fig3_D_stability_performance_curve_pce/accepted/10.1002_solr.202100178__Fig3__D__stability_performance_curve_pce__Control__Series_1.csv,x_time_day/10.1002_solr.202100178/Fig3_D_stability_performance_curve_pce/accepted/10.1002_solr.202100178__Fig3__D__stability_performance_curve_pce__Control__Series_1.csv,10.1002/solr.202100178,Fig3_D_stability_performance_curve_pce,Series_1,48,48,12,0,793.2475581405615,202.53129144014335,True,1.0000025208765182,1.0,0.7794380368031392,137,2,0,2,node_0_2,0.7190762519335708,1.0,0.9938008183666927,0.9664445930120167,0.9377141684337459,0.8936682520931748,0.7794380368031392,0.0,5,no_initial_change_moderate_loss,class_05,/Users/shunhao/Desktop/ML/lab/NEW/som_200h_reanalysis/02_selected_curve_database/paper_aligned_min4/x_time_day/10.1002_solr.202100178/Fig3_D_stability_performance_curve_pce/accepted/10.1002_solr.202100178__Fig3__D__stability_performance_curve_pce__Control__Series_1.csv
x_time_day/10.1002_solr.202100404/Fig7_A_pce/accepted/10.1002_solr.202100404__Fig7__A__pce__W_O_BMIMBF₄__Series_2.csv,10.1002/solr.202100404|Fig7_A_pce|10.1002_solr.202100404__Fig7__A__pce__W_O_BMIMBF₄__Series_2,/Users/shunhao/Desktop/ML/lab/data_all/x_time_day/10.1002_solr.202100404/Fig7_A_pce/accepted/10.1002_solr.202100404__Fig7__A__pce__W_O_BMIMBF₄__Series_2.csv,x_time_day/10.1002_solr.202100404/Fig7_A_pce/accepted/10.1002_solr.202100404__Fig7__A__pce__W_O_BMIMBF₄__Series_2.csv,10.1002/solr.202100404,Fig7_A_pce,Series_2,77,77,10,0,1615.982758348171,212.6293103089699,True,1.0010473786743126,1.0,0.8136497333631814,139,2,0,2,node_0_2,0.6478910933962467,1.0,0.9970411360515548,0.976349350405233,0.9438774391196239,0.8792162209173016,0.8136497333631814,0.0,5,no_initial_change_moderate_loss,class_05,/Users/shunhao/Desktop/ML/lab/NEW/som_200h_reanalysis/02_selected_curve_database/paper_aligned_min4/x_time_day/10.1002_solr.202100404/Fig7_A_pce/accepted/10.1002_solr.202100404__Fig7__A__pce__W_O_BMIMBF₄__Series_2.csv
"x_time_day/10.1016_j.apsusc.2017.02.057/Fig4_D_stability_performance_curve_pce/accepted/10.1016_j.apsusc.2017.02.057__Fig4__D__stability_performance_curve_pce__In-Pbl,based__Series_1.csv","10.1016/j.apsusc.2017.02.057|Fig4_D_stability_performance_curve_pce|10.1016_j.apsusc.2017.02.057__Fig4__D__stability_performance_curve_pce__In-Pbl,based__Series_1","/Users/shunhao/Desktop/ML/lab/data_all/x_time_day/10.1016_j.apsusc.2017.02.057/Fig4_D_stability_performance_curve_pce/accepted/10.1016_j.apsusc.2017.02.057__Fig4__D__stability_performance_curve_pce__In-Pbl,based__Series_1.csv","x_time_day/10.1016_j.apsusc.2017.02.057/Fig4_D_stability_performance_curve_pce/accepted/10.1016_j.apsusc.2017.02.057__Fig4__D__stability_performance_curve_pce__In-Pbl,based__Series_1.csv",10.1016/j.apsusc.2017.02.057,Fig4_D_stability_performance_curve_pce,Series_1,33,33,25,0,266.45635321288694,208.16902594756797,True,10.849750887177276,1.0,0.6312749895821791,157,2,0,2,node_0_2,1.8495767225375508,1.0,0.9871523279575349,0.9628700951386764,0.9680699525357396,0.946862635158453,0.6312749895821791,0.0,5,no_initial_change_moderate_loss,class_05,"/Users/shunhao/Desktop/ML/lab/NEW/som_200h_reanalysis/02_selected_curve_database/paper_aligned_min4/x_time_day/10.1016_j.apsusc.2017.02.057/Fig4_D_stability_performance_curve_pce/accepted/10.1016_j.apsusc.2017.02.057__Fig4__D__stability_performance_curve_pce__In-Pbl,based__Series_1.csv"
x_time_day/10.1016_j.apsusc.2017.04.153/Fig5_D_pce/accepted/10.1016_j.apsusc.2017.04.153__Fig5__D__pce__spiro-OMeTAD__Series_2.csv,10.1016/j.apsusc.2017.04.153|Fig5_D_pce|10.1016_j.apsusc.2017.04.153__Fig5__D__pce__spiro-OMeTAD__Series_2,/Users/shunhao/Desktop/ML/lab/data_all/x_time_day/10.1016_j.apsusc.2017.04.153/Fig5_D_pce/accepted/10.1016_j.apsusc.2017.04.153__Fig5__D__pce__spiro-OMeTAD__Series_2.csv,x_time_day/10.1016_j.apsusc.2017.04.153/Fig5_D_pce/accepted/10.1016_j.apsusc.2017.04.153__Fig5__D__pce__spiro-OMeTAD__Series_2.csv,10.1016/j.apsusc.2017.04.153,Fig5_D_pce,Series_2,57,57,20,0,571.1520887638779,203.9828888442421,True,13.682571266821792,1.0,0.8792242239546227,158,2,0,2,node_0_2,0.489857690783947,1.0,0.9920505814476243,0.9682655170971861,0.9376417293693707,0.9091944744705706,0.8792242239546227,0.0,5,no_initial_change_moderate_loss,class_05,/Users/shunhao/Desktop/ML/lab/NEW/som_200h_reanalysis/02_selected_curve_database/paper_aligned_min4/x_time_day/10.1016_j.apsusc.2017.04.153/Fig5_D_pce/accepted/10.1016_j.apsusc.2017.04.153__Fig5__D__pce__spiro-OMeTAD__Series_2.csv
x_time_day/10.1016_j.apsusc.2019.145099/Fig6_whole_stability/accepted/10.1016_j.apsusc.2019.145099__Fig6__whole__stability__SnO₂__Series_1.csv,10.1016/j.apsusc.2019.145099|Fig6_whole_stability|10.1016_j.apsusc.2019.145099__Fig6__whole__stability__SnO₂__Series_1,/Users/shunhao/Desktop/ML/lab/data_all/x_time_day/10.1016_j.apsusc.2019.145099/Fig6_whole_stability/accepted/10.1016_j.apsusc.2019.145099__Fig6__whole__stability__SnO₂__Series_1.csv,x_time_day/10.1016_j.apsusc.2019.145099/Fig6_whole_stability/accepted/10.1016_j.apsusc.2019.145099__Fig6__whole__stability__SnO₂__Series_1.csv,10.1016/j.apsusc.2019.145099,Fig6_whole_stability,Series_1,62,62,17,0,718.585953851855,200.26165927018903,True,18.347820394277512,1.0,0.8423467739269037,159,2,0,2,node_0_2,0.15797673979325336,1.0,0.9943770245056626,0.9672136598147267,0.9253438377098242,0.8890380672763443,0.8423467739269037,0.0,5,no_initial_change_moderate_loss,class_05,/Users/shunhao/Desktop/ML/lab/NEW/som_200h_reanalysis/02_selected_curve_database/paper_aligned_min4/x_time_day/10.1016_j.apsusc.2019.145099/Fig6_whole_stability/accepted/10.1016_j.apsusc.2019.145099__Fig6__whole__stability__SnO₂__Series_1.csv
x_time_day/10.1016_j.cej.2021.128436/Fig8_A_stability_performance_curve_pce/accepted/10.1016_j.cej.2021.128436__Fig8__A__stability_performance_curve_pce__SnO₂__Series_1.csv,10.1016/j.cej.2021.128436|Fig8_A_stability_performance_curve_pce|10.1016_j.cej.2021.128436__Fig8__A__stability_performance_curve_pce__SnO₂__Series_1,/Users/shunhao/Desktop/ML/lab/data_all/x_time_day/10.1016_j.cej.2021.128436/Fig8_A_stability_performance_curve_pce/accepted/10.1016_j.cej.2021.128436__Fig8__A__stability_performance_curve_pce__SnO₂__Series_1.csv,x_time_day/10.1016_j.cej.2021.128436/Fig8_A_stability_performance_curve_pce/accepted/10.1016_j.cej.2021.128436__Fig8__A__stability_performance_curve_pce__SnO₂__Series_1.csv,10.1016/j.cej.2021.128436,Fig8_A_stability_performance_curve_pce,Series_1,64,64,23,0,571.2153178603471,208.5389255680633,True,1.0037891526799725,1.0,0.834519672688014,171,2,0,2,node_0_2,0.23121986683919382,1.0,0.9954570864059485,0.9661029361195512,0.9194992397433326,0.8854273877879469,0.834519672688014,0.0,5,no_initial_change_moderate_loss,class_05,/Users/shunhao/Desktop/ML/lab/NEW/som_200h_reanalysis/02_selected_curve_database/paper_aligned_min4/x_time_day/10.1016_j.cej.2021.128436/Fig8_A_stability_performance_curve_pce/accepted/10.1016_j.cej.2021.128436__Fig8__A__stability_performance_curve_pce__SnO₂__Series_1.csv
x_time_day/10.1016_j.ceramint.2020.07.260/Fig7_A_stability_performance_curve_pce/accepted/10.1016_j.ceramint.2020.07.260__Fig7__A__stability_performance_curve_pce__Cell_B__Series_1.csv,10.1016/j.ceramint.2020.07.260|Fig7_A_stability_performance_curve_pce|10.1016_j.ceramint.2020.07.260__Fig7__A__stability_performance_curve_pce__Cell_B__Series_1,/Users/shunhao/Desktop/ML/lab/data_all/x_time_day/10.1016_j.ceramint.2020.07.260/Fig7_A_stability_performance_curve_pce/accepted/10.1016_j.ceramint.2020.07.260__Fig7__A__stability_performance_curve_pce__Cell_B__Series_1.csv,x_time_day/10.1016_j.ceramint.2020.07.260/Fig7_A_stability_performance_curve_pce/accepted/10.1016_j.ceramint.2020.07.260__Fig7__A__stability_performance_curve_pce__Cell_B__Series_1.csv,10.1016/j.ceramint.2020.07.260,Fig7_A_stability_performance_curve_pce,Series_1,65,65,10,0,1404.7145181865155,219.48664346664305,True,0.982152554306522,1.0,0.8311950028081013,188,2,0,2,node_0_2,0.5229488366660054,1.0,0.9967676998352221,0.9793963296719717,0.9456071631908611,0.8933830200049072,0.8311950028081013,0.0,5,no_initial_change_moderate_loss,class_05,/Users/shunhao/Desktop/ML/lab/NEW/som_200h_reanalysis/02_selected_curve_database/paper_aligned_min4/x_time_day/10.1016_j.ceramint.2020.07.260/Fig7_A_stability_performance_curve_pce/accepted/10.1016_j.ceramint.2020.07.260__Fig7__A__stability_performance_curve_pce__Cell_B__Series_1.csv
x_time_day/10.1016_j.electacta.2017.03.192/Fig6_E_eqe_plot_stability_performance_curve/accepted/10.1016_j.electacta.2017.03.192__Fig6__E__eqe_plot_stability_performance_curve__QM-PSCs__Series_1.csv,10.1016/j.electacta.2017.03.192|Fig6_E_eqe_plot_stability_performance_curve|10.1016_j.electacta.2017.03.192__Fig6__E__eqe_plot_stability_performance_curve__QM-PSCs__Series_1,/Users/shunhao/Desktop/ML/lab/data_all/x_time_day/10.1016_j.electacta.2017.03.192/Fig6_E_eqe_plot_stability_performance_curve/accepted/10.1016_j.electacta.2017.03.192__Fig6__E__eqe_plot_stability_performance_curve__QM-PSCs__Series_1.csv,x_time_day/10.1016_j.electacta.2017.03.192/Fig6_E_eqe_plot_stability_performance_curve/accepted/10.1016_j.electacta.2017.03.192__Fig6__E__eqe_plot_stability_performance_curve__QM-PSCs__Series_1.csv,10.1016/j.electacta.2017.03.192,Fig6_E_eqe_plot_stability_performance_curve,Series_1,42,42,12,0,691.053574489897,202.2595827775308,True,1.0298203461287017,0.9771283301748316,0.8398616582533137,200,2,0,2,node_0_2,0.607016847276365,0.9771283301748316,0.9877331207743154,0.9906171552315539,0.9457883919520529,0.8915292955570099,0.8398616582533137,31.5,5,no_initial_change_moderate_loss,class_05,/Users/shunhao/Desktop/ML/lab/NEW/som_200h_reanalysis/02_selected_curve_database/paper_aligned_min4/x_time_day/10.1016_j.electacta.2017.03.192/Fig6_E_eqe_plot_stability_performance_curve/accepted/10.1016_j.electacta.2017.03.192__Fig6__E__eqe_plot_stability_performance_curve__QM-PSCs__Series_1.csv
x_time_day/10.1016_j.electacta.2018.09.195/Fig6_D_stability_performance_curve/accepted/10.1016_j.electacta.2018.09.195__Fig6__D__stability_performance_curve__W_OMethanol__Series_1.csv,10.1016/j.electacta.2018.09.195|Fig6_D_stability_performance_curve|10.1016_j.electacta.2018.09.195__Fig6__D__stability_performance_curve__W_OMethanol__Series_1,/Users/shunhao/Desktop/ML/lab/data_all/x_time_day/10.1016_j.electacta.2018.09.195/Fig6_D_stability_performance_curve/accepted/10.1016_j.electacta.2018.09.195__Fig6__D__stability_performance_curve__W_OMethanol__Series_1.csv,x_time_day/10.1016_j.electacta.2018.09.195/Fig6_D_stability_performance_curve/accepted/10.1016_j.electacta.2018.09.195__Fig6__D__stability_performance_curve__W_OMethanol__Series_1.csv,10.1016/j.electacta.2018.09.195,Fig6_D_stability_performance_curve,Series_1,52,52,15,0,693.6248202449301,204.00730007203828,True,1.000746058366001,0.9996881251238898,0.8109605805054013,205,2,0,2,node_0_2,0.5981671350426999,0.9996881251238898,0.999046378004298,0.966829982766215,0.9255505308809798,0.8700726551574007,0.8109605805054013,4.5,5,no_initial_change_moderate_loss,class_05,/Users/shunhao/Desktop/ML/lab/NEW/som_200h_reanalysis/02_selected_curve_database/paper_aligned_min4/x_time_day/10.1016_j.electacta.2018.09.195/Fig6_D_stability_performance_curve/accepted/10.1016_j.electacta.2018.09.195__Fig6__D__stability_performance_curve__W_OMethanol__Series_1.csv
x_time_day/10.1016_j.jechem.2020.05.061/Fig6_A_stability_performance_curve_pce/accepted/10.1016_j.jechem.2020.05.061__Fig6__A__stability_performance_curve_pce__MAPbl3__Series_2.csv,10.1016/j.jechem.2020.05.061|Fig6_A_stability_performance_curve_pce|10.1016_j.jechem.2020.05.061__Fig6__A__stability_performance_curve_pce__MAPbl3__Series_2,/Users/shunhao/Desktop/ML/lab/data_all/x_time_day/10.1016_j.jechem.2020.05.061/Fig6_A_stability_performance_curve_pce/accepted/10.1016_j.jechem.2020.05.061__Fig6__A__stability_performance_curve_pce__MAPbl3__Series_2.csv,x_time_day/10.1016_j.jechem.2020.05.061/Fig6_A_stability_performance_curve_pce/accepted/10.1016_j.jechem.2020.05.061__Fig6__A__stability_performance_curve_pce__MAPbl3__Series_2.csv,10.1016/j.jechem.2020.05.061,Fig6_A_stability_performance_curve_pce,Series_2,105,105,30,0,705.9829126739022,203.64891711747177,True,1.0049651897299834,0.9996735867080788,0.8184236185426491,218,2,0,2,node_0_2,0.6370057586977158,0.9996735867080789,0.9983011832296679,0.9822013831824619,0.9234153998357574,0.8711835657039109,0.8184236185426491,3.333333333333333,5,no_initial_change_moderate_loss,class_05,/Users/shunhao/Desktop/ML/lab/NEW/som_200h_reanalysis/02_selected_curve_database/paper_aligned_min4/x_time_day/10.1016_j.jechem.2020.05.061/Fig6_A_stability_performance_curve_pce/accepted/10.1016_j.jechem.2020.05.061__Fig6__A__stability_performance_curve_pce__MAPbl3__Series_2.csv
x_time_day/10.1016_j.jpowsour.2017.05.007/Fig5_A_pce/accepted/10.1016_j.jpowsour.2017.05.007__Fig5__A__pce__PEDOT_PSS__Series_1.csv,10.1016/j.jpowsour.2017.05.007|Fig5_A_pce|10.1016_j.jpowsour.2017.05.007__Fig5__A__pce__PEDOT_PSS__Series_1,/Users/shunhao/Desktop/ML/lab/data_all/x_time_day/10.1016_j.jpowsour.2017.05.007/Fig5_A_pce/accepted/10.1016_j.jpowsour.2017.05.007__Fig5__A__pce__PEDOT_PSS__Series_1.csv,x_time_day/10.1016_j.jpowsour.2017.05.007/Fig5_A_pce/accepted/10.1016_j.jpowsour.2017.05.007__Fig5__A__pce__PEDOT_PSS__Series_1.csv,10.1016/j.jpowsour.2017.05.007,Fig5_A_pce,Series_1,62,62,19,0,669.1918996293443,208.4368211960252,True,1.0031612763329243,1.0,0.8652879495740373,225,2,0,2,node_0_2,0.3088572172267668,1.0,0.9921324318399012,0.9533035487496356,0.9128714690068197,0.8829298242400649,0.8652879495740373,0.0,5,no_initial_change_moderate_loss,class_05,/Users/shunhao/Desktop/ML/lab/NEW/som_200h_reanalysis/02_selected_curve_database/paper_aligned_min4/x_time_day/10.1016_j.jpowsour.2017.05.007/Fig5_A_pce/accepted/10.1016_j.jpowsour.2017.05.007__Fig5__A__pce__PEDOT_PSS__Series_1.csv
x_time_day/10.1016_j.jssc.2018.10.014/Fig9_A_stability_performance_curve_pce/accepted/10.1016_j.jssc.2018.10.014__Fig9__A__stability_performance_curve_pce__w_oKSCN__Series_1.csv,10.1016/j.jssc.2018.10.014|Fig9_A_stability_performance_curve_pce|10.1016_j.jssc.2018.10.014__Fig9__A__stability_performance_curve_pce__w_oKSCN__Series_1,/Users/shunhao/Desktop/ML/lab/data_all/x_time_day/10.1016_j.jssc.2018.10.014/Fig9_A_stability_performance_curve_pce/accepted/10.1016_j.jssc.2018.10.014__Fig9__A__stability_performance_curve_pce__w_oKSCN__Series_1.csv,x_time_day/10.1016_j.jssc.2018.10.014/Fig9_A_stability_performance_curve_pce/accepted/10.1016_j.jssc.2018.10.014__Fig9__A__stability_performance_curve_pce__w_oKSCN__Series_1.csv,10.1016/j.jssc.2018.10.014,Fig9_A_stability_performance_curve_pce,Series_1,49,49,9,0,1129.3381335184035,211.75090003470063,True,0.9766146050949652,1.0,0.861177196554925,247,2,0,2,node_0_2,0.1552545520528577,1.0,0.9937630742484237,0.9651740722170458,0.9281281362697753,0.8863249725921609,0.861177196554925,0.0,5,no_initial_change_moderate_loss,class_05,/Users/shunhao/Desktop/ML/lab/NEW/som_200h_reanalysis/02_selected_curve_database/paper_aligned_min4/x_time_day/10.1016_j.jssc.2018.10.014/Fig9_A_stability_performance_curve_pce/accepted/10.1016_j.jssc.2018.10.014__Fig9__A__stability_performance_curve_pce__w_oKSCN__Series_1.csv
x_time_day/10.1016_j.nanoen.2021.106495/Fig3_B_stability_performance_curve_pce/accepted/10.1016_j.nanoen.2021.106495__Fig3__B__stability_performance_curve_pce__63%__Series_1.csv,10.1016/j.nanoen.2021.106495|Fig3_B_stability_performance_curve_pce|10.1016_j.nanoen.2021.106495__Fig3__B__stability_performance_curve_pce__63%__Series_1,/Users/shunhao/Desktop/ML/lab/data_all/x_time_day/10.1016_j.nanoen.2021.106495/Fig3_B_stability_performance_curve_pce/accepted/10.1016_j.nanoen.2021.106495__Fig3__B__stability_performance_curve_pce__63%__Series_1.csv,x_time_day/10.1016_j.nanoen.2021.106495/Fig3_B_stability_performance_curve_pce/accepted/10.1016_j.nanoen.2021.106495__Fig3__B__stability_performance_curve_pce__63%__Series_1.csv,10.1016/j.nanoen.2021.106495,Fig3_B_stability_performance_curve_pce,Series_1,51,51,15,0,713.1674887049996,213.9502466114999,True,1.006009391153332,1.0,0.8739474540273592,278,2,0,2,node_0_2,0.2531069932881132,1.0,0.9944072867593875,0.9654301082810216,0.92152089084217,0.8949203774392728,0.8739474540273592,0.0,5,no_initial_change_moderate_loss,class_05,/Users/shunhao/Desktop/ML/lab/NEW/som_200h_reanalysis/02_selected_curve_database/paper_aligned_min4/x_time_day/10.1016_j.nanoen.2021.106495/Fig3_B_stability_performance_curve_pce/accepted/10.1016_j.nanoen.2021.106495__Fig3__B__stability_performance_curve_pce__63%__Series_1.csv
x_time_day/10.1016_j.optmat.2021.111214/Fig7_E_stability_performance_curve_pce/accepted/10.1016_j.optmat.2021.111214__Fig7__E__stability_performance_curve_pce__8Vol%of_Ac__Series_2.csv,10.1016/j.optmat.2021.111214|Fig7_E_stability_performance_curve_pce|10.1016_j.optmat.2021.111214__Fig7__E__stability_performance_curve_pce__8Vol%of_Ac__Series_2,/Users/shunhao/Desktop/ML/lab/data_all/x_time_day/10.1016_j.optmat.2021.111214/Fig7_E_stability_performance_curve_pce/accepted/10.1016_j.optmat.2021.111214__Fig7__E__stability_performance_curve_pce__8Vol%of_Ac__Series_2.csv,x_time_day/10.1016_j.optmat.2021.111214/Fig7_E_stability_performance_curve_pce/accepted/10.1016_j.optmat.2021.111214__Fig7__E__stability_performance_curve_pce__8Vol%of_Ac__Series_2.csv,10.1016/j.optmat.2021.111214,Fig7_E_stability_performance_curve_pce,Series_2,40,40,9,0,920.335729003627,212.3851682316062,True,1.0032693389059788,1.0,0.8193948604783591,282,2,0,2,node_0_2,0.8249484547141888,1.0,0.9939413929149946,0.9814994261230439,0.9640926142858189,0.9002453930039683,0.8193948604783591,0.0,5,no_initial_change_moderate_loss,class_05,/Users/shunhao/Desktop/ML/lab/NEW/som_200h_reanalysis/02_selected_curve_database/paper_aligned_min4/x_time_day/10.1016_j.optmat.2021.111214/Fig7_E_stability_performance_curve_pce/accepted/10.1016_j.optmat.2021.111214__Fig7__E__stability_performance_curve_pce__8Vol%of_Ac__Series_2.csv
x_time_day/10.1016_j.orgel.2017.10.034/Fig10_whole_stability_performance_curve_pce/accepted/10.1016_j.orgel.2017.10.034__Fig10__whole__stability_performance_curve_pce__Ref__Series_1.csv,10.1016/j.orgel.2017.10.034|Fig10_whole_stability_performance_curve_pce|10.1016_j.orgel.2017.10.034__Fig10__whole__stability_performance_curve_pce__Ref__Series_1,/Users/shunhao/Desktop/ML/lab/data_all/x_time_day/10.1016_j.orgel.2017.10.034/Fig10_whole_stability_performance_curve_pce/accepted/10.1016_j.orgel.2017.10.034__Fig10__whole__stability_performance_curve_pce__Ref__Series_1.csv,x_time_day/10.1016_j.orgel.2017.10.034/Fig10_whole_stability_performance_curve_pce/accepted/10.1016_j.orgel.2017.10.034__Fig10__whole__stability_performance_curve_pce__Ref__Series_1.csv,10.1016/j.orgel.2017.10.034,Fig10_whole_stability_performance_curve_pce,Series_1,110,110,54,0,407.9996307777925,202.12825744954856,True,103.17383070678552,0.972445716015166,0.8900876089809674,285,2,0,2,node_0_2,0.8377379565069561,0.972445716015166,0.9851966929466269,0.9244227276986442,0.938344898897766,0.9101543241453549,0.8900876089809674,21.5,5,no_initial_change_moderate_loss,class_05,/Users/shunhao/Desktop/ML/lab/NEW/som_200h_reanalysis/02_selected_curve_database/paper_aligned_min4/x_time_day/10.1016_j.orgel.2017.10.034/Fig10_whole_stability_performance_curve_pce/accepted/10.1016_j.orgel.2017.10.034__Fig10__whole__stability_performance_curve_pce__Ref__Series_1.csv
x_time_day/10.1016_j.orgel.2017.11.045/Fig7_D_pce/accepted/10.1016_j.orgel.2017.11.045__Fig7__D__pce__FA0.8Cs0.2PbI2.68Br0.32__Series_2.csv,10.1016/j.orgel.2017.11.045|Fig7_D_pce|10.1016_j.orgel.2017.11.045__Fig7__D__pce__FA0.8Cs0.2PbI2.68Br0.32__Series_2,/Users/shunhao/Desktop/ML/lab/data_all/x_time_day/10.1016_j.orgel.2017.11.045/Fig7_D_pce/accepted/10.1016_j.orgel.2017.11.045__Fig7__D__pce__FA0.8Cs0.2PbI2.68Br0.32__Series_2.csv,x_time_day/10.1016_j.orgel.2017.11.045/Fig7_D_pce/accepted/10.1016_j.orgel.2017.11.045__Fig7__D__pce__FA0.8Cs0.2PbI2.68Br0.32__Series_2.csv,10.1016/j.orgel.2017.11.045,Fig7_D_pce,Series_2,61,61,12,0,1056.5593352808592,211.31186705617185,True,1.0009968880610778,1.0,0.8604647593885779,286,2,0,2,node_0_2,0.2251802184145841,1.0,0.9968503997651271,0.9710079350158882,0.9305723897807526,0.8882853208646446,0.8604647593885779,0.0,5,no_initial_change_moderate_loss,class_05,/Users/shunhao/Desktop/ML/lab/NEW/som_200h_reanalysis/02_selected_curve_database/paper_aligned_min4/x_time_day/10.1016_j.orgel.2017.11.045/Fig7_D_pce/accepted/10.1016_j.orgel.2017.11.045__Fig7__D__pce__FA0.8Cs0.2PbI2.68Br0.32__Series_2.csv
x_time_day/10.1016_j.orgel.2018.05.024/Fig9_D_pce/accepted/10.1016_j.orgel.2018.05.024__Fig9__D__pce__Spiro-OMeTAD__Series_1.csv,10.1016/j.orgel.2018.05.024|Fig9_D_pce|10.1016_j.orgel.2018.05.024__Fig9__D__pce__Spiro-OMeTAD__Series_1,/Users/shunhao/Desktop/ML/lab/data_all/x_time_day/10.1016_j.orgel.2018.05.024/Fig9_D_pce/accepted/10.1016_j.orgel.2018.05.024__Fig9__D__pce__Spiro-OMeTAD__Series_1.csv,x_time_day/10.1016_j.orgel.2018.05.024/Fig9_D_pce/accepted/10.1016_j.orgel.2018.05.024__Fig9__D__pce__Spiro-OMeTAD__Series_1.csv,10.1016/j.orgel.2018.05.024,Fig9_D_pce,Series_1,50,50,20,0,497.68900830981215,203.13837073869885,True,0.9985745147787995,1.0,0.8665250181924966,289,2,0,2,node_0_2,0.47973264671992644,1.0,0.9957675676603588,0.9592366913589996,0.9141319974374962,0.8829708211795653,0.8665250181924966,0.0,5,no_initial_change_moderate_loss,class_05,/Users/shunhao/Desktop/ML/lab/NEW/som_200h_reanalysis/02_selected_curve_database/paper_aligned_min4/x_time_day/10.1016_j.orgel.2018.05.024/Fig9_D_pce/accepted/10.1016_j.orgel.2018.05.024__Fig9__D__pce__Spiro-OMeTAD__Series_1.csv
x_time_day/10.1016_j.orgel.2018.07.029/Fig6_A_stability_performance_curve_pce/accepted/10.1016_j.orgel.2018.07.029__Fig6__A__stability_performance_curve_pce__PCBM__Series_1.csv,10.1016/j.orgel.2018.07.029|Fig6_A_stability_performance_curve_pce|10.1016_j.orgel.2018.07.029__Fig6__A__stability_performance_curve_pce__PCBM__Series_1,/Users/shunhao/Desktop/ML/lab/data_all/x_time_day/10.1016_j.orgel.2018.07.029/Fig6_A_stability_performance_curve_pce/accepted/10.1016_j.orgel.2018.07.029__Fig6__A__stability_performance_curve_pce__PCBM__Series_1.csv,x_time_day/10.1016_j.orgel.2018.07.029/Fig6_A_stability_performance_curve_pce/accepted/10.1016_j.orgel.2018.07.029__Fig6__A__stability_performance_curve_pce__PCBM__Series_1.csv,10.1016/j.orgel.2018.07.029,Fig6_A_stability_performance_curve_pce,Series_1,113,113,63,0,357.8359404249202,201.2827164890176,True,1.002349886501263,1.0,0.8687681744204775,291,2,0,2,node_0_2,0.217311942772555,1.0,0.9917085428961135,0.9624184247075517,0.929006336172009,0.8954670716399904,0.8687681744204775,0.0,5,no_initial_change_moderate_loss,class_05,/Users/shunhao/Desktop/ML/lab/NEW/som_200h_reanalysis/02_selected_curve_database/paper_aligned_min4/x_time_day/10.1016_j.orgel.2018.07.029/Fig6_A_stability_performance_curve_pce/accepted/10.1016_j.orgel.2018.07.029__Fig6__A__stability_performance_curve_pce__PCBM__Series_1.csv
x_time_day/10.1016_j.orgel.2020.105681/Fig8_D_stability_performance_curve_pce/accepted/10.1016_j.orgel.2020.105681__Fig8__D__stability_performance_curve_pce__Reference__Series_1.csv,10.1016/j.orgel.2020.105681|Fig8_D_stability_performance_curve_pce|10.1016_j.orgel.2020.105681__Fig8__D__stability_performance_curve_pce__Reference__Series_1,/Users/shunhao/Desktop/ML/lab/data_all/x_time_day/10.1016_j.orgel.2020.105681/Fig8_D_stability_performance_curve_pce/accepted/10.1016_j.orgel.2020.105681__Fig8__D__stability_performance_curve_pce__Reference__Series_1.csv,x_time_day/10.1016_j.orgel.2020.105681/Fig8_D_stability_performance_curve_pce/accepted/10.1016_j.orgel.2020.105681__Fig8__D__stability_performance_curve_pce__Reference__Series_1.csv,10.1016/j.orgel.2020.105681,Fig8_D_stability_performance_curve_pce,Series_1,75,75,42,0,356.94966977064155,202.5930558157695,True,16.244644918087097,1.0,0.8586657022430015,298,2,0,2,node_0_2,0.33279735165988145,1.0,0.9964676454623973,0.973725487848886,0.9318184693147359,0.8802839855573087,0.8586657022430015,0.0,5,no_initial_change_moderate_loss,class_05,/Users/shunhao/Desktop/ML/lab/NEW/som_200h_reanalysis/02_selected_curve_database/paper_aligned_min4/x_time_day/10.1016_j.orgel.2020.105681/Fig8_D_stability_performance_curve_pce/accepted/10.1016_j.orgel.2020.105681__Fig8__D__stability_performance_curve_pce__Reference__Series_1.csv
x_time_day/10.1016_j.orgel.2021.106258/Fig9_H_pce/accepted/10.1016_j.orgel.2021.106258__Fig9__H__pce__CH3NH3Pbl3__Series_1.csv,10.1016/j.orgel.2021.106258|Fig9_H_pce|10.1016_j.orgel.2021.106258__Fig9__H__pce__CH3NH3Pbl3__Series_1,/Users/shunhao/Desktop/ML/lab/data_all/x_time_day/10.1016_j.orgel.2021.106258/Fig9_H_pce/accepted/10.1016_j.orgel.2021.106258__Fig9__H__pce__CH3NH3Pbl3__Series_1.csv,x_time_day/10.1016_j.orgel.2021.106258/Fig9_H_pce/accepted/10.1016_j.orgel.2021.106258__Fig9__H__pce__CH3NH3Pbl3__Series_1.csv,10.1016/j.orgel.2021.106258,Fig9_H_pce,Series_1,41,41,12,0,697.2899857527768,209.18699572583307,True,0.982184391400101,1.0,0.8495511911715552,306,2,0,2,node_0_2,0.1423397484283437,1.0,0.992340690689735,0.961703453448675,0.9197450309357551,0.8851103603460252,0.8495511911715552,0.0,5,no_initial_change_moderate_loss,class_05,/Users/shunhao/Desktop/ML/lab/NEW/som_200h_reanalysis/02_selected_curve_database/paper_aligned_min4/x_time_day/10.1016_j.orgel.2021.106258/Fig9_H_pce/accepted/10.1016_j.orgel.2021.106258__Fig9__H__pce__CH3NH3Pbl3__Series_1.csv
x_time_day/10.1016_j.solener.2016.07.034/Fig8_D_sem_image_stability_performance_curve_pce/accepted/10.1016_j.solener.2016.07.034__Fig8__D__sem_image_stability_performance_curve_pce__device_with_small_crystal__Series_1.csv,10.1016/j.solener.2016.07.034|Fig8_D_sem_image_stability_performance_curve_pce|10.1016_j.solener.2016.07.034__Fig8__D__sem_image_stability_performance_curve_pce__device_with_small_crystal__Series_1,/Users/shunhao/Desktop/ML/lab/data_all/x_time_day/10.1016_j.solener.2016.07.034/Fig8_D_sem_image_stability_performance_curve_pce/accepted/10.1016_j.solener.2016.07.034__Fig8__D__sem_image_stability_performance_curve_pce__device_with_small_crystal__Series_1.csv,x_time_day/10.1016_j.solener.2016.07.034/Fig8_D_sem_image_stability_performance_curve_pce/accepted/10.1016_j.solener.2016.07.034__Fig8__D__sem_image_stability_performance_curve_pce__device_with_small_crystal__Series_1.csv,10.1016/j.solener.2016.07.034,Fig8_D_sem_image_stability_performance_curve_pce,Series_1,85,85,12,0,1431.761662192717,204.5373803132453,True,15.136884844429636,1.0,0.850487341290866,311,2,0,2,node_0_2,0.32846424223728826,1.0,0.9919701768563305,0.9552813749589294,0.9343860284091056,0.878790354138985,0.850487341290866,0.0,5,no_initial_change_moderate_loss,class_05,/Users/shunhao/Desktop/ML/lab/NEW/som_200h_reanalysis/02_selected_curve_database/paper_aligned_min4/x_time_day/10.1016_j.solener.2016.07.034/Fig8_D_sem_image_stability_performance_curve_pce/accepted/10.1016_j.solener.2016.07.034__Fig8__D__sem_image_stability_performance_curve_pce__device_with_small_crystal__Series_1.csv
x_time_day/10.1016_j.solener.2017.05.089/Fig5_D_stability_performance_curve_ff/accepted/10.1016_j.solener.2017.05.089__Fig5__D__stability_performance_curve_ff__Spiro-OMeTAD__Series_1.csv,10.1016/j.solener.2017.05.089|Fig5_D_stability_performance_curve_ff|10.1016_j.solener.2017.05.089__Fig5__D__stability_performance_curve_ff__Spiro-OMeTAD__Series_1,/Users/shunhao/Desktop/ML/lab/data_all/x_time_day/10.1016_j.solener.2017.05.089/Fig5_D_stability_performance_curve_ff/accepted/10.1016_j.solener.2017.05.089__Fig5__D__stability_performance_curve_ff__Spiro-OMeTAD__Series_1.csv,x_time_day/10.1016_j.solener.2017.05.089/Fig5_D_stability_performance_curve_ff/accepted/10.1016_j.solener.2017.05.089__Fig5__D__stability_performance_curve_ff__Spiro-OMeTAD__Series_1.csv,10.1016/j.solener.2017.05.089,Fig5_D_stability_performance_curve_ff,Series_1,71,71,18,0,787.0924383969872,202.3951984449396,True,1.0008420798472528,1.0,0.8725392584820623,312,2,0,2,node_0_2,0.5786941222871146,1.0,0.9896116434453532,0.9418452868171425,0.9029670774493777,0.8811260425824514,0.8725392584820623,0.0,5,no_initial_change_moderate_loss,class_05,/Users/shunhao/Desktop/ML/lab/NEW/som_200h_reanalysis/02_selected_curve_database/paper_aligned_min4/x_time_day/10.1016_j.solener.2017.05.089/Fig5_D_stability_performance_curve_ff/accepted/10.1016_j.solener.2017.05.089__Fig5__D__stability_performance_curve_ff__Spiro-OMeTAD__Series_1.csv
x_time_day/10.1016_j.solener.2019.02.020/Fig7_B_stability_performance_curve_pce/accepted/10.1016_j.solener.2019.02.020__Fig7__B__stability_performance_curve_pce__IPA__Series_3.csv,10.1016/j.solener.2019.02.020|Fig7_B_stability_performance_curve_pce|10.1016_j.solener.2019.02.020__Fig7__B__stability_performance_curve_pce__IPA__Series_3,/Users/shunhao/Desktop/ML/lab/data_all/x_time_day/10.1016_j.solener.2019.02.020/Fig7_B_stability_performance_curve_pce/accepted/10.1016_j.solener.2019.02.020__Fig7__B__stability_performance_curve_pce__IPA__Series_3.csv,x_time_day/10.1016_j.solener.2019.02.020/Fig7_B_stability_performance_curve_pce/accepted/10.1016_j.solener.2019.02.020__Fig7__B__stability_performance_curve_pce__IPA__Series_3.csv,10.1016/j.solener.2019.02.020,Fig7_B_stability_performance_curve_pce,Series_3,44,44,21,0,425.4997032993306,207.80218068106845,True,0.9982494279662903,1.0,0.8271175429755272,318,2,0,2,node_0_2,0.28248796057795317,1.0,0.9937283492315043,0.9656213247318878,0.9311307776644921,0.8888180503482426,0.8271175429755272,0.0,5,no_initial_change_moderate_loss,class_05,/Users/shunhao/Desktop/ML/lab/NEW/som_200h_reanalysis/02_selected_curve_database/paper_aligned_min4/x_time_day/10.1016_j.solener.2019.02.020/Fig7_B_stability_performance_curve_pce/accepted/10.1016_j.solener.2019.02.020__Fig7__B__stability_performance_curve_pce__IPA__Series_3.csv
x_time_day/10.1016_j.solener.2019.05.073/Fig6_whole_stability/accepted/10.1016_j.solener.2019.05.073__Fig6__whole__stability__W_oCTAB__Series_1.csv,10.1016/j.solener.2019.05.073|Fig6_whole_stability|10.1016_j.solener.2019.05.073__Fig6__whole__stability__W_oCTAB__Series_1,/Users/shunhao/Desktop/ML/lab/data_all/x_time_day/10.1016_j.solener.2019.05.073/Fig6_whole_stability/accepted/10.1016_j.solener.2019.05.073__Fig6__whole__stability__W_oCTAB__Series_1.csv,x_time_day/10.1016_j.solener.2019.05.073/Fig6_whole_stability/accepted/10.1016_j.solener.2019.05.073__Fig6__whole__stability__W_oCTAB__Series_1.csv,10.1016/j.solener.2019.05.073,Fig6_whole_stability,Series_1,74,74,21,0,715.2535437576659,205.7578687522053,True,99.57422554271513,1.0,0.8333145714089969,319,2,0,2,node_0_2,0.3282906728717616,1.0,0.994400337768814,0.968391933688093,0.9369176116966172,0.8923976829117285,0.8333145714089969,0.0,5,no_initial_change_moderate_loss,class_05,/Users/shunhao/Desktop/ML/lab/NEW/som_200h_reanalysis/02_selected_curve_database/paper_aligned_min4/x_time_day/10.1016_j.solener.2019.05.073/Fig6_whole_stability/accepted/10.1016_j.solener.2019.05.073__Fig6__whole__stability__W_oCTAB__Series_1.csv
x_time_day/10.1021_acs.jpcc.0c05357/Fig1_C_stability_performance_curve_pce/accepted/10.1021_acs.jpcc.0c05357__Fig1__C__stability_performance_curve_pce__Rb5Cs10-U__Series_1.csv,10.1021/acs.jpcc.0c05357|Fig1_C_stability_performance_curve_pce|10.1021_acs.jpcc.0c05357__Fig1__C__stability_performance_curve_pce__Rb5Cs10-U__Series_1,/Users/shunhao/Desktop/ML/lab/data_all/x_time_day/10.1021_acs.jpcc.0c05357/Fig1_C_stability_performance_curve_pce/accepted/10.1021_acs.jpcc.0c05357__Fig1__C__stability_performance_curve_pce__Rb5Cs10-U__Series_1.csv,x_time_day/10.1021_acs.jpcc.0c05357/Fig1_C_stability_performance_curve_pce/accepted/10.1021_acs.jpcc.0c05357__Fig1__C__stability_performance_curve_pce__Rb5Cs10-U__Series_1.csv,10.1021/acs.jpcc.0c05357,Fig1_C_stability_performance_curve_pce,Series_1,45,45,13,0,719.5911468370549,212.6064752018571,True,1.0097389800706753,0.9958281351912298,0.7994894291440338,359,2,0,2,node_0_2,1.0893703616689796,0.9958281351912298,0.9954549653118575,0.9956020813858157,0.9654958134312519,0.8930009074080639,0.7994894291440338,30.833333333333332,5,no_initial_change_moderate_loss,class_05,/Users/shunhao/Desktop/ML/lab/NEW/som_200h_reanalysis/02_selected_curve_database/paper_aligned_min4/x_time_day/10.1021_acs.jpcc.0c05357/Fig1_C_stability_performance_curve_pce/accepted/10.1021_acs.jpcc.0c05357__Fig1__C__stability_performance_curve_pce__Rb5Cs10-U__Series_1.csv
x_time_day/10.1021_acsaem.1c00192/Fig5_D_stability_performance_curve_pce/accepted/10.1021_acsaem.1c00192__Fig5__D__stability_performance_curve_pce__0mg_mL__Series_2.csv,10.1021/acsaem.1c00192|Fig5_D_stability_performance_curve_pce|10.1021_acsaem.1c00192__Fig5__D__stability_performance_curve_pce__0mg_mL__Series_2,/Users/shunhao/Desktop/ML/lab/data_all/x_time_day/10.1021_acsaem.1c00192/Fig5_D_stability_performance_curve_pce/accepted/10.1021_acsaem.1c00192__Fig5__D__stability_performance_curve_pce__0mg_mL__Series_2.csv,x_time_day/10.1021_acsaem.1c00192/Fig5_D_stability_performance_curve_pce/accepted/10.1021_acsaem.1c00192__Fig5__D__stability_performance_curve_pce__0mg_mL__Series_2.csv,10.1021/acsaem.1c00192,Fig5_D_stability_performance_curve_pce,Series_2,43,43,9,0,944.7557470604704,202.44766008438657,True,0.9930680421725588,0.9440179068424772,0.8314089308884306,377,2,0,2,node_0_2,0.8635865364222894,0.9440179068424771,0.9524783994292984,0.9999215574130427,0.9293794780087727,0.8704217349769379,0.8314089308884306,49.0,5,no_initial_change_moderate_loss,class_05,/Users/shunhao/Desktop/ML/lab/NEW/som_200h_reanalysis/02_selected_curve_database/paper_aligned_min4/x_time_day/10.1021_acsaem.1c00192/Fig5_D_stability_performance_curve_pce/accepted/10.1021_acsaem.1c00192__Fig5__D__stability_performance_curve_pce__0mg_mL__Series_2.csv
x_time_day/10.1021_acsaem.8b00277/Fig9_A_stability_performance_curve_pce/accepted/10.1021_acsaem.8b00277__Fig9__A__stability_performance_curve_pce__PEDOT_PSS__Series_1.csv,10.1021/acsaem.8b00277|Fig9_A_stability_performance_curve_pce|10.1021_acsaem.8b00277__Fig9__A__stability_performance_curve_pce__PEDOT_PSS__Series_1,/Users/shunhao/Desktop/ML/lab/data_all/x_time_day/10.1021_acsaem.8b00277/Fig9_A_stability_performance_curve_pce/accepted/10.1021_acsaem.8b00277__Fig9__A__stability_performance_curve_pce__PEDOT_PSS__Series_1.csv,x_time_day/10.1021_acsaem.8b00277/Fig9_A_stability_performance_curve_pce/accepted/10.1021_acsaem.8b00277__Fig9__A__stability_performance_curve_pce__PEDOT_PSS__Series_1.csv,10.1021/acsaem.8b00277,Fig9_A_stability_performance_curve_pce,Series_1,51,51,13,0,823.6879864428405,214.15887647513847,True,1.0009703433466086,1.0,0.903790122759866,384,2,0,2,node_0_2,0.6616590018764698,1.0,0.9936976175612374,0.9600442821899705,0.920790973183085,0.9095252315673849,0.903790122759866,0.0,5,no_initial_change_moderate_loss,class_05,/Users/shunhao/Desktop/ML/lab/NEW/som_200h_reanalysis/02_selected_curve_database/paper_aligned_min4/x_time_day/10.1021_acsaem.8b00277/Fig9_A_stability_performance_curve_pce/accepted/10.1021_acsaem.8b00277__Fig9__A__stability_performance_curve_pce__PEDOT_PSS__Series_1.csv
x_time_day/10.1021_acsami.0c20126/Fig5_F_stability_performance_curve_pce/accepted/10.1021_acsami.0c20126__Fig5__F__stability_performance_curve_pce__Ref__Series_1.csv,10.1021/acsami.0c20126|Fig5_F_stability_performance_curve_pce|10.1021_acsami.0c20126__Fig5__F__stability_performance_curve_pce__Ref__Series_1,/Users/shunhao/Desktop/ML/lab/data_all/x_time_day/10.1021_acsami.0c20126/Fig5_F_stability_performance_curve_pce/accepted/10.1021_acsami.0c20126__Fig5__F__stability_performance_curve_pce__Ref__Series_1.csv,x_time_day/10.1021_acsami.0c20126/Fig5_F_stability_performance_curve_pce/accepted/10.1021_acsami.0c20126__Fig5__F__stability_performance_curve_pce__Ref__Series_1.csv,10.1021/acsami.0c20126,Fig5_F_stability_performance_curve_pce,Series_1,59,59,16,0,725.3844061281212,200.10604306982648,True,1.0029229724823832,1.0,0.8946897367353767,397,2,0,2,node_0_2,0.5140201733279317,1.0,0.9948761742552227,0.9547068892917483,0.9265355729609258,0.902051757846094,0.8946897367353767,0.0,5,no_initial_change_moderate_loss,class_05,/Users/shunhao/Desktop/ML/lab/NEW/som_200h_reanalysis/02_selected_curve_database/paper_aligned_min4/x_time_day/10.1021_acsami.0c20126/Fig5_F_stability_performance_curve_pce/accepted/10.1021_acsami.0c20126__Fig5__F__stability_performance_curve_pce__Ref__Series_1.csv
x_time_day/10.1021_acsami.1c04601/Fig6_A_stability_performance_curve_pce/accepted/10.1021_acsami.1c04601__Fig6__A__stability_performance_curve_pce__W_O4-ABSA__Series_1.csv,10.1021/acsami.1c04601|Fig6_A_stability_performance_curve_pce|10.1021_acsami.1c04601__Fig6__A__stability_performance_curve_pce__W_O4-ABSA__Series_1,/Users/shunhao/Desktop/ML/lab/data_all/x_time_day/10.1021_acsami.1c04601/Fig6_A_stability_performance_curve_pce/accepted/10.1021_acsami.1c04601__Fig6__A__stability_performance_curve_pce__W_O4-ABSA__Series_1.csv,x_time_day/10.1021_acsami.1c04601/Fig6_A_stability_performance_curve_pce/accepted/10.1021_acsami.1c04601__Fig6__A__stability_performance_curve_pce__W_O4-ABSA__Series_1.csv,10.1021/acsami.1c04601,Fig6_A_stability_performance_curve_pce,Series_1,53,53,17,0,644.424060498309,210.67709670137023,True,1.0043564975899335,1.0,0.8784432023075287,402,2,0,2,node_0_2,0.2923743402496273,1.0,0.99413103835221,0.9657224352916282,0.9265287349795109,0.8882248050538453,0.8784432023075287,0.0,5,no_initial_change_moderate_loss,class_05,/Users/shunhao/Desktop/ML/lab/NEW/som_200h_reanalysis/02_selected_curve_database/paper_aligned_min4/x_time_day/10.1021_acsami.1c04601/Fig6_A_stability_performance_curve_pce/accepted/10.1021_acsami.1c04601__Fig6__A__stability_performance_curve_pce__W_O4-ABSA__Series_1.csv
x_time_day/10.1021_acsami.7b01864/Fig6_B_stability_performance_curve_pce/accepted/10.1021_acsami.7b01864__Fig6__B__stability_performance_curve_pce__I-MAPbl3__Series_2.csv,10.1021/acsami.7b01864|Fig6_B_stability_performance_curve_pce|10.1021_acsami.7b01864__Fig6__B__stability_performance_curve_pce__I-MAPbl3__Series_2,/Users/shunhao/Desktop/ML/lab/data_all/x_time_day/10.1021_acsami.7b01864/Fig6_B_stability_performance_curve_pce/accepted/10.1021_acsami.7b01864__Fig6__B__stability_performance_curve_pce__I-MAPbl3__Series_2.csv,x_time_day/10.1021_acsami.7b01864/Fig6_B_stability_performance_curve_pce/accepted/10.1021_acsami.7b01864__Fig6__B__stability_performance_curve_pce__I-MAPbl3__Series_2.csv,10.1021/acsami.7b01864,Fig6_B_stability_performance_curve_pce,Series_2,61,61,26,0,477.4731597831898,206.90503590604888,True,100.37341218153352,1.0,0.8252909947812611,409,2,0,2,node_0_2,0.5926356938836301,1.0,0.9929042371428182,0.9610856492666907,0.9194000555066179,0.8634648682317171,0.8252909947812611,0.0,5,no_initial_change_moderate_loss,class_05,/Users/shunhao/Desktop/ML/lab/NEW/som_200h_reanalysis/02_selected_curve_database/paper_aligned_min4/x_time_day/10.1021_acsami.7b01864/Fig6_B_stability_performance_curve_pce/accepted/10.1021_acsami.7b01864__Fig6__B__stability_performance_curve_pce__I-MAPbl3__Series_2.csv
x_time_day/10.1021_acsami.8b10062/Fig9_C_stability_performance_curve_pce/accepted/10.1021_acsami.8b10062__Fig9__C__stability_performance_curve_pce__TiO2__Series_2.csv,10.1021/acsami.8b10062|Fig9_C_stability_performance_curve_pce|10.1021_acsami.8b10062__Fig9__C__stability_performance_curve_pce__TiO2__Series_2,/Users/shunhao/Desktop/ML/lab/data_all/x_time_day/10.1021_acsami.8b10062/Fig9_C_stability_performance_curve_pce/accepted/10.1021_acsami.8b10062__Fig9__C__stability_performance_curve_pce__TiO2__Series_2.csv,x_time_day/10.1021_acsami.8b10062/Fig9_C_stability_performance_curve_pce/accepted/10.1021_acsami.8b10062__Fig9__C__stability_performance_curve_pce__TiO2__Series_2.csv,10.1021/acsami.8b10062,Fig9_C_stability_performance_curve_pce,Series_2,41,41,6,0,1412.965971839256,211.9448957758884,True,1.0059522812230826,1.0,0.8723982760734379,420,2,0,2,node_0_2,0.39860601450888644,1.0,0.994029470277296,0.9672820452194435,0.933673735388367,0.905903299536402,0.8723982760734379,0.0,5,no_initial_change_moderate_loss,class_05,/Users/shunhao/Desktop/ML/lab/NEW/som_200h_reanalysis/02_selected_curve_database/paper_aligned_min4/x_time_day/10.1021_acsami.8b10062/Fig9_C_stability_performance_curve_pce/accepted/10.1021_acsami.8b10062__Fig9__C__stability_performance_curve_pce__TiO2__Series_2.csv
x_time_day/10.1021_acsami.9b12961/Fig6_A_stability_performance_curve_pce/accepted/10.1021_acsami.9b12961__Fig6__A__stability_performance_curve_pce__Control_device__Series_1.csv,10.1021/acsami.9b12961|Fig6_A_stability_performance_curve_pce|10.1021_acsami.9b12961__Fig6__A__stability_performance_curve_pce__Control_device__Series_1,/Users/shunhao/Desktop/ML/lab/data_all/x_time_day/10.1021_acsami.9b12961/Fig6_A_stability_performance_curve_pce/accepted/10.1021_acsami.9b12961__Fig6__A__stability_performance_curve_pce__Control_device__Series_1.csv,x_time_day/10.1021_acsami.9b12961/Fig6_A_stability_performance_curve_pce/accepted/10.1021_acsami.9b12961__Fig6__A__stability_performance_curve_pce__Control_device__Series_1.csv,10.1021/acsami.9b12961,Fig6_A_stability_performance_curve_pce,Series_1,40,40,12,0,697.5852784444968,214.64162413676823,True,0.9907125738421652,1.0,0.8876548035583594,433,2,0,2,node_0_2,0.4384160331602384,1.0,0.9953359168254882,0.9566016876566473,0.9230596913561991,0.9030913587174078,0.8876548035583594,0.0,5,no_initial_change_moderate_loss,class_05,/Users/shunhao/Desktop/ML/lab/NEW/som_200h_reanalysis/02_selected_curve_database/paper_aligned_min4/x_time_day/10.1021_acsami.9b12961/Fig6_A_stability_performance_curve_pce/accepted/10.1021_acsami.9b12961__Fig6__A__stability_performance_curve_pce__Control_device__Series_1.csv
x_time_day/10.1038_s41598-024-78155-2/Fig8_C_stability_performance_curve_pce/accepted/10.1038_s41598-024-78155-2__Fig8__C__stability_performance_curve_pce__GAI__Series_2.csv,10.1038/s41598-024-78155-2|Fig8_C_stability_performance_curve_pce|10.1038_s41598-024-78155-2__Fig8__C__stability_performance_curve_pce__GAI__Series_2,/Users/shunhao/Desktop/ML/lab/data_all/x_time_day/10.1038_s41598-024-78155-2/Fig8_C_stability_performance_curve_pce/accepted/10.1038_s41598-024-78155-2__Fig8__C__stability_performance_curve_pce__GAI__Series_2.csv,x_time_day/10.1038_s41598-024-78155-2/Fig8_C_stability_performance_curve_pce/accepted/10.1038_s41598-024-78155-2__Fig8__C__stability_performance_curve_pce__GAI__Series_2.csv,10.1038/s41598-024-78155-2,Fig8_C_stability_performance_curve_pce,Series_2,70,70,42,0,331.31757813684146,201.67156930068617,True,1.0067444855117405,1.0,0.8529510821032439,456,2,0,2,node_0_2,0.14210737315131375,1.0,0.9913589230244598,0.9558280026635873,0.9261889312146921,0.8967296866548041,0.8529510821032439,0.0,5,no_initial_change_moderate_loss,class_05,/Users/shunhao/Desktop/ML/lab/NEW/som_200h_reanalysis/02_selected_curve_database/paper_aligned_min4/x_time_day/10.1038_s41598-024-78155-2/Fig8_C_stability_performance_curve_pce/accepted/10.1038_s41598-024-78155-2__Fig8__C__stability_performance_curve_pce__GAI__Series_2.csv
x_time_day/10.1039_C9TA04366G/Fig2_D_stability_performance_curve_eqe/accepted/10.1039_C9TA04366G__Fig2__D__stability_performance_curve_eqe__PCBM__Series_1.csv,10.1039/C9TA04366G|Fig2_D_stability_performance_curve_eqe|10.1039_C9TA04366G__Fig2__D__stability_performance_curve_eqe__PCBM__Series_1,/Users/shunhao/Desktop/ML/lab/data_all/x_time_day/10.1039_C9TA04366G/Fig2_D_stability_performance_curve_eqe/accepted/10.1039_C9TA04366G__Fig2__D__stability_performance_curve_eqe__PCBM__Series_1.csv,x_time_day/10.1039_C9TA04366G/Fig2_D_stability_performance_curve_eqe/accepted/10.1039_C9TA04366G__Fig2__D__stability_performance_curve_eqe__PCBM__Series_1.csv,10.1039/C9TA04366G,Fig2_D_stability_performance_curve_eqe,Series_1,51,51,15,0,710.7490808136957,213.2247242441087,True,0.997797979041075,1.0,0.8474149058141569,459,2,0,2,node_0_2,0.33552349177612184,1.0,0.9899804019560356,0.9535040614169024,0.9118384194072948,0.8808135659607041,0.8474149058141569,0.0,5,no_initial_change_moderate_loss,class_05,/Users/shunhao/Desktop/ML/lab/NEW/som_200h_reanalysis/02_selected_curve_database/paper_aligned_min4/x_time_day/10.1039_C9TA04366G/Fig2_D_stability_performance_curve_eqe/accepted/10.1039_C9TA04366G__Fig2__D__stability_performance_curve_eqe__PCBM__Series_1.csv
x_time_day/10.1039_c6ta09174a/Fig4_B_stability_performance_curve_pce/accepted/10.1039_c6ta09174a__Fig4__B__stability_performance_curve_pce__b__Series_2.csv,10.1039/c6ta09174a|Fig4_B_stability_performance_curve_pce|10.1039_c6ta09174a__Fig4__B__stability_performance_curve_pce__b__Series_2,/Users/shunhao/Desktop/ML/lab/data_all/x_time_day/10.1039_c6ta09174a/Fig4_B_stability_performance_curve_pce/accepted/10.1039_c6ta09174a__Fig4__B__stability_performance_curve_pce__b__Series_2.csv,x_time_day/10.1039_c6ta09174a/Fig4_B_stability_performance_curve_pce/accepted/10.1039_c6ta09174a__Fig4__B__stability_performance_curve_pce__b__Series_2.csv,10.1039/c6ta09174a,Fig4_B_stability_performance_curve_pce,Series_2,68,68,19,0,726.9889256132356,200.1853563282822,True,1.010689468759395,1.0,0.8485555285606841,467,2,0,2,node_0_2,0.6199023830468554,1.0,0.9908503101900192,0.9752614835970855,0.951348199568725,0.9113786870952426,0.8485555285606841,0.0,5,no_initial_change_moderate_loss,class_05,/Users/shunhao/Desktop/ML/lab/NEW/som_200h_reanalysis/02_selected_curve_database/paper_aligned_min4/x_time_day/10.1039_c6ta09174a/Fig4_B_stability_performance_curve_pce/accepted/10.1039_c6ta09174a__Fig4__B__stability_performance_curve_pce__b__Series_2.csv
x_time_day/10.1039_c8ee02542h/Fig2_H_stability_performance_curve/accepted/10.1039_c8ee02542h__Fig2__H__stability_performance_curve__Control_FA__Series_1.csv,10.1039/c8ee02542h|Fig2_H_stability_performance_curve|10.1039_c8ee02542h__Fig2__H__stability_performance_curve__Control_FA__Series_1,/Users/shunhao/Desktop/ML/lab/data_all/x_time_day/10.1039_c8ee02542h/Fig2_H_stability_performance_curve/accepted/10.1039_c8ee02542h__Fig2__H__stability_performance_curve__Control_FA__Series_1.csv,x_time_day/10.1039_c8ee02542h/Fig2_H_stability_performance_curve/accepted/10.1039_c8ee02542h__Fig2__H__stability_performance_curve__Control_FA__Series_1.csv,10.1039/c8ee02542h,Fig2_H_stability_performance_curve,Series_1,44,44,7,0,1428.370258890247,232.52539098213327,True,0.9955428133388902,1.0,0.8756670982179199,481,2,0,2,node_0_2,0.48460267205985136,1.0,0.9960415983088393,0.9760253502673422,0.9402105774936583,0.9022356286934609,0.8756670982179199,0.0,5,no_initial_change_moderate_loss,class_05,/Users/shunhao/Desktop/ML/lab/NEW/som_200h_reanalysis/02_selected_curve_database/paper_aligned_min4/x_time_day/10.1039_c8ee02542h/Fig2_H_stability_performance_curve/accepted/10.1039_c8ee02542h__Fig2__H__stability_performance_curve__Control_FA__Series_1.csv
x_time_day/10.1039_c9se01133a/Fig6_C_stability_performance_curve_pce/accepted/10.1039_c9se01133a__Fig6__C__stability_performance_curve_pce__r-TiO2CL__Series_2.csv,10.1039/c9se01133a|Fig6_C_stability_performance_curve_pce|10.1039_c9se01133a__Fig6__C__stability_performance_curve_pce__r-TiO2CL__Series_2,/Users/shunhao/Desktop/ML/lab/data_all/x_time_day/10.1039_c9se01133a/Fig6_C_stability_performance_curve_pce/accepted/10.1039_c9se01133a__Fig6__C__stability_performance_curve_pce__r-TiO2CL__Series_2.csv,x_time_day/10.1039_c9se01133a/Fig6_C_stability_performance_curve_pce/accepted/10.1039_c9se01133a__Fig6__C__stability_performance_curve_pce__r-TiO2CL__Series_2.csv,10.1039/c9se01133a,Fig6_C_stability_performance_curve_pce,Series_2,19,19,5,0,731.1774622957859,203.10485063771833,True,1.008221742590068,1.0,0.8336005473273921,498,2,0,2,node_0_2,0.4194848446937852,1.0,0.9928670461643475,0.9607455508052802,0.9170541320726389,0.8733627133399977,0.8336005473273921,0.0,5,no_initial_change_moderate_loss,class_05,/Users/shunhao/Desktop/ML/lab/NEW/som_200h_reanalysis/02_selected_curve_database/paper_aligned_min4/x_time_day/10.1039_c9se01133a/Fig6_C_stability_performance_curve_pce/accepted/10.1039_c9se01133a__Fig6__C__stability_performance_curve_pce__r-TiO2CL__Series_2.csv
x_time_day/10.1039_c9tc05410c/Fig5_F_stability_performance_curve_image/accepted/10.1039_c9tc05410c__Fig5__F__stability_performance_curve_image__Z8@MWCNT__Series_2.csv,10.1039/c9tc05410c|Fig5_F_stability_performance_curve_image|10.1039_c9tc05410c__Fig5__F__stability_performance_curve_image__Z8@MWCNT__Series_2,/Users/shunhao/Desktop/ML/lab/data_all/x_time_day/10.1039_c9tc05410c/Fig5_F_stability_performance_curve_image/accepted/10.1039_c9tc05410c__Fig5__F__stability_performance_curve_image__Z8@MWCNT__Series_2.csv,x_time_day/10.1039_c9tc05410c/Fig5_F_stability_performance_curve_image/accepted/10.1039_c9tc05410c__Fig5__F__stability_performance_curve_image__Z8@MWCNT__Series_2.csv,10.1039/c9tc05410c,Fig5_F_stability_performance_curve_image,Series_2,39,39,25,0,315.1342943132987,207.32519362717017,True,15.457632738835818,1.0,0.8658662964159005,516,2,0,2,node_0_2,0.48535414817663314,1.0,0.9910679017053637,0.9459946977996753,0.9110879778325099,0.901675006975554,0.8658662964159005,0.0,5,no_initial_change_moderate_loss,class_05,/Users/shunhao/Desktop/ML/lab/NEW/som_200h_reanalysis/02_selected_curve_database/paper_aligned_min4/x_time_day/10.1039_c9tc05410c/Fig5_F_stability_performance_curve_image/accepted/10.1039_c9tc05410c__Fig5__F__stability_performance_curve_image__Z8@MWCNT__Series_2.csv
x_time_day/10.1039_d0tc03133j/Fig6_D_stability_performance_curve_pce/accepted/10.1039_d0tc03133j__Fig6__D__stability_performance_curve_pce__Without_CB__Series_1.csv,10.1039/d0tc03133j|Fig6_D_stability_performance_curve_pce|10.1039_d0tc03133j__Fig6__D__stability_performance_curve_pce__Without_CB__Series_1,/Users/shunhao/Desktop/ML/lab/data_all/x_time_day/10.1039_d0tc03133j/Fig6_D_stability_performance_curve_pce/accepted/10.1039_d0tc03133j__Fig6__D__stability_performance_curve_pce__Without_CB__Series_1.csv,x_time_day/10.1039_d0tc03133j/Fig6_D_stability_performance_curve_pce/accepted/10.1039_d0tc03133j__Fig6__D__stability_performance_curve_pce__Without_CB__Series_1.csv,10.1039/d0tc03133j,Fig6_D_stability_performance_curve_pce,Series_1,63,63,35,0,356.9088807797916,201.4808197950437,True,1.0020449800829057,1.0,0.8339991502534062,536,2,0,2,node_0_2,0.5677748136791327,1.0,0.9932661327747386,0.9619500871780192,0.9113005941607851,0.866043879324092,0.8339991502534062,0.0,5,no_initial_change_moderate_loss,class_05,/Users/shunhao/Desktop/ML/lab/NEW/som_200h_reanalysis/02_selected_curve_database/paper_aligned_min4/x_time_day/10.1039_d0tc03133j/Fig6_D_stability_performance_curve_pce/accepted/10.1039_d0tc03133j__Fig6__D__stability_performance_curve_pce__Without_CB__Series_1.csv
x_time_day/10.1039_d1se00192b/Fig6_A_stability_performance_curve_pce/accepted/10.1039_d1se00192b__Fig6__A__stability_performance_curve_pce__Control__Series_1.csv,10.1039/d1se00192b|Fig6_A_stability_performance_curve_pce|10.1039_d1se00192b__Fig6__A__stability_performance_curve_pce__Control__Series_1,/Users/shunhao/Desktop/ML/lab/data_all/x_time_day/10.1039_d1se00192b/Fig6_A_stability_performance_curve_pce/accepted/10.1039_d1se00192b__Fig6__A__stability_performance_curve_pce__Control__Series_1.csv,x_time_day/10.1039_d1se00192b/Fig6_A_stability_performance_curve_pce/accepted/10.1039_d1se00192b__Fig6__A__stability_performance_curve_pce__Control__Series_1.csv,10.1039/d1se00192b,Fig6_A_stability_performance_curve_pce,Series_1,73,73,61,0,236.7418536112778,200.5729593095548,True,1.0076295815280498,0.9946865973775916,0.8649711723353728,550,2,0,2,node_0_2,0.36659531887223074,0.9946865973775916,1.0,0.9758341575690159,0.9324855861676865,0.8938814089358628,0.8649711723353728,3.333333333333333,5,no_initial_change_moderate_loss,class_05,/Users/shunhao/Desktop/ML/lab/NEW/som_200h_reanalysis/02_selected_curve_database/paper_aligned_min4/x_time_day/10.1039_d1se00192b/Fig6_A_stability_performance_curve_pce/accepted/10.1039_d1se00192b__Fig6__A__stability_performance_curve_pce__Control__Series_1.csv
x_time_day/10.1063_5.0012646/Fig4_B_stability_performance_curve_pce/accepted/10.1063_5.0012646__Fig4__B__stability_performance_curve_pce__PCBM_Ag__Series_1.csv,10.1063/5.0012646|Fig4_B_stability_performance_curve_pce|10.1063_5.0012646__Fig4__B__stability_performance_curve_pce__PCBM_Ag__Series_1,/Users/shunhao/Desktop/ML/lab/data_all/x_time_day/10.1063_5.0012646/Fig4_B_stability_performance_curve_pce/accepted/10.1063_5.0012646__Fig4__B__stability_performance_curve_pce__PCBM_Ag__Series_1.csv,x_time_day/10.1063_5.0012646/Fig4_B_stability_performance_curve_pce/accepted/10.1063_5.0012646__Fig4__B__stability_performance_curve_pce__PCBM_Ag__Series_1.csv,10.1063/5.0012646,Fig4_B_stability_performance_curve_pce,Series_1,57,57,34,0,333.19655778304656,202.29791008256396,True,9.05164177662655,1.0,0.8416704859968598,564,2,0,2,node_0_2,0.39771064975557757,1.0,0.9898809438434781,0.9723583946684956,0.9292768083741334,0.8836647107734428,0.8416704859968598,0.0,5,no_initial_change_moderate_loss,class_05,/Users/shunhao/Desktop/ML/lab/NEW/som_200h_reanalysis/02_selected_curve_database/paper_aligned_min4/x_time_day/10.1063_5.0012646/Fig4_B_stability_performance_curve_pce/accepted/10.1063_5.0012646__Fig4__B__stability_performance_curve_pce__PCBM_Ag__Series_1.csv
x_time_day/10.1186_s11671-020-03406-w/Fig4_D_jv_curve_stability_performance_pce/accepted/10.1186_s11671-020-03406-w__Fig4__D__jv_curve_stability_performance_pce__x=0__Series_2.csv,10.1186/s11671-020-03406-w|Fig4_D_jv_curve_stability_performance_pce|10.1186_s11671-020-03406-w__Fig4__D__jv_curve_stability_performance_pce__x=0__Series_2,/Users/shunhao/Desktop/ML/lab/data_all/x_time_day/10.1186_s11671-020-03406-w/Fig4_D_jv_curve_stability_performance_pce/accepted/10.1186_s11671-020-03406-w__Fig4__D__jv_curve_stability_performance_pce__x=0__Series_2.csv,x_time_day/10.1186_s11671-020-03406-w/Fig4_D_jv_curve_stability_performance_pce/accepted/10.1186_s11671-020-03406-w__Fig4__D__jv_curve_stability_performance_pce__x=0__Series_2.csv,10.1186/s11671-020-03406-w,Fig4_D_jv_curve_stability_performance_pce,Series_2,50,50,14,0,714.0864272321485,204.0246934948995,True,1.0011611919619996,1.0,0.8652164466033754,574,2,0,2,node_0_2,0.45345844301682037,1.0,0.9967353776946205,0.9742417343347188,0.9397603872713259,0.90409113733444,0.8652164466033754,0.0,5,no_initial_change_moderate_loss,class_05,/Users/shunhao/Desktop/ML/lab/NEW/som_200h_reanalysis/02_selected_curve_database/paper_aligned_min4/x_time_day/10.1186_s11671-020-03406-w/Fig4_D_jv_curve_stability_performance_pce/accepted/10.1186_s11671-020-03406-w__Fig4__D__jv_curve_stability_performance_pce__x=0__Series_2.csv
x_time_day/10.3390_coatings14040409/Fig10_D_stability_performance_curve_pce/accepted/10.3390_coatings14040409__Fig10__D__stability_performance_curve_pce__Reference__Series_2.csv,10.3390/coatings14040409|Fig10_D_stability_performance_curve_pce|10.3390_coatings14040409__Fig10__D__stability_performance_curve_pce__Reference__Series_2,/Users/shunhao/Desktop/ML/lab/data_all/x_time_day/10.3390_coatings14040409/Fig10_D_stability_performance_curve_pce/accepted/10.3390_coatings14040409__Fig10__D__stability_performance_curve_pce__Reference__Series_2.csv,x_time_day/10.3390_coatings14040409/Fig10_D_stability_performance_curve_pce/accepted/10.3390_coatings14040409__Fig10__D__stability_performance_curve_pce__Reference__Series_2.csv,10.3390/coatings14040409,Fig10_D_stability_performance_curve_pce,Series_2,59,59,17,0,708.9484542821872,207.79523659995135,True,1.0038686692174743,0.9931200866736856,0.8731380894230071,575,2,0,2,node_0_2,0.6319688334900002,0.9931200866736855,0.9978557967269901,0.9907838055015014,0.9390582027513595,0.9001440060219653,0.8731380894230071,22.0,5,no_initial_change_moderate_loss,class_05,/Users/shunhao/Desktop/ML/lab/NEW/som_200h_reanalysis/02_selected_curve_database/paper_aligned_min4/x_time_day/10.3390_coatings14040409/Fig10_D_stability_performance_curve_pce/accepted/10.3390_coatings14040409__Fig10__D__stability_performance_curve_pce__Reference__Series_2.csv
x_time_h/10.1002_adem.202000990/Fig5_C_jv_curve_stability_performance_pce/accepted/10.1002_adem.202000990__Fig5__C__jv_curve_stability_performance_pce__Pero@Pbl₂-300°C__Series_1.csv,10.1002/adem.202000990|Fig5_C_jv_curve_stability_performance_pce|10.1002_adem.202000990__Fig5__C__jv_curve_stability_performance_pce__Pero@Pbl₂-300°C__Series_1,/Users/shunhao/Desktop/ML/lab/data_all/x_time_h/10.1002_adem.202000990/Fig5_C_jv_curve_stability_performance_pce/accepted/10.1002_adem.202000990__Fig5__C__jv_curve_stability_performance_pce__Pero@Pbl₂-300°C__Series_1.csv,x_time_h/10.1002_adem.202000990/Fig5_C_jv_curve_stability_performance_pce/accepted/10.1002_adem.202000990__Fig5__C__jv_curve_stability_performance_pce__Pero@Pbl₂-300°C__Series_1.csv,10.1002/adem.202000990,Fig5_C_jv_curve_stability_performance_pce,Series_1,61,61,32,0,380.4279629961784,202.8949135979618,True,1.006959352633995,0.9995433941267102,0.8596480906215215,591,2,0,2,node_0_2,0.34800287873763436,0.9995433941267102,0.998173996017571,0.9839166948839008,0.922330763255288,0.8896559559967954,0.8596480906215215,3.6666666666666665,5,no_initial_change_moderate_loss,class_05,/Users/shunhao/Desktop/ML/lab/NEW/som_200h_reanalysis/02_selected_curve_database/paper_aligned_min4/x_time_h/10.1002_adem.202000990/Fig5_C_jv_curve_stability_performance_pce/accepted/10.1002_adem.202000990__Fig5__C__jv_curve_stability_performance_pce__Pero@Pbl₂-300°C__Series_1.csv
x_time_h/10.1002_adfm.201901026/Fig7_C_stability_performance_curve_pce/accepted/10.1002_adfm.201901026__Fig7__C__stability_performance_curve_pce__0%__Series_3.csv,10.1002/adfm.201901026|Fig7_C_stability_performance_curve_pce|10.1002_adfm.201901026__Fig7__C__stability_performance_curve_pce__0%__Series_3,/Users/shunhao/Desktop/ML/lab/data_all/x_time_h/10.1002_adfm.201901026/Fig7_C_stability_performance_curve_pce/accepted/10.1002_adfm.201901026__Fig7__C__stability_performance_curve_pce__0%__Series_3.csv,x_time_h/10.1002_adfm.201901026/Fig7_C_stability_performance_curve_pce/accepted/10.1002_adfm.201901026__Fig7__C__stability_performance_curve_pce__0%__Series_3.csv,10.1002/adfm.201901026,Fig7_C_stability_performance_curve_pce,Series_3,52,52,11,0,979.4015092362384,211.2434627764436,True,1.0361623674277252,1.0,0.8709274322747325,605,2,0,2,node_0_2,0.2333329280757349,1.0,0.9926732936535335,0.9640573525859707,0.9167287404793473,0.8903732809097562,0.8709274322747325,0.0,5,no_initial_change_moderate_loss,class_05,/Users/shunhao/Desktop/ML/lab/NEW/som_200h_reanalysis/02_selected_curve_database/paper_aligned_min4/x_time_h/10.1002_adfm.201901026/Fig7_C_stability_performance_curve_pce/accepted/10.1002_adfm.201901026__Fig7__C__stability_performance_curve_pce__0%__Series_3.csv
x_time_h/10.1002_adfm.202001788/Fig6_D_stability/accepted/10.1002_adfm.202001788__Fig6__D__stability__Pero-pristine__Series_1.csv,10.1002/adfm.202001788|Fig6_D_stability|10.1002_adfm.202001788__Fig6__D__stability__Pero-pristine__Series_1,/Users/shunhao/Desktop/ML/lab/data_all/x_time_h/10.1002_adfm.202001788/Fig6_D_stability/accepted/10.1002_adfm.202001788__Fig6__D__stability__Pero-pristine__Series_1.csv,x_time_h/10.1002_adfm.202001788/Fig6_D_stability/accepted/10.1002_adfm.202001788__Fig6__D__stability__Pero-pristine__Series_1.csv,10.1002/adfm.202001788,Fig6_D_stability,Series_1,126,126,29,0,862.2374011636434,200.0390770699653,True,1.004219512472054,1.0,0.8686953992872731,615,2,0,2,node_0_2,0.4123841309542065,1.0,0.9894654442524463,0.9578038051224292,0.909355010210919,0.8720237910058857,0.8686953992872731,0.0,5,no_initial_change_moderate_loss,class_05,/Users/shunhao/Desktop/ML/lab/NEW/som_200h_reanalysis/02_selected_curve_database/paper_aligned_min4/x_time_h/10.1002_adfm.202001788/Fig6_D_stability/accepted/10.1002_adfm.202001788__Fig6__D__stability__Pero-pristine__Series_1.csv
x_time_h/10.1002_adfm.202103316/Fig6_B_stability_performance_curve_pce_image/accepted/10.1002_adfm.202103316__Fig6__B__stability_performance_curve_pce_image__w_5CzBn__Series_2.csv,10.1002/adfm.202103316|Fig6_B_stability_performance_curve_pce_image|10.1002_adfm.202103316__Fig6__B__stability_performance_curve_pce_image__w_5CzBn__Series_2,/Users/shunhao/Desktop/ML/lab/data_all/x_time_h/10.1002_adfm.202103316/Fig6_B_stability_performance_curve_pce_image/accepted/10.1002_adfm.202103316__Fig6__B__stability_performance_curve_pce_image__w_5CzBn__Series_2.csv,x_time_h/10.1002_adfm.202103316/Fig6_B_stability_performance_curve_pce_image/accepted/10.1002_adfm.202103316__Fig6__B__stability_performance_curve_pce_image__w_5CzBn__Series_2.csv,10.1002/adfm.202103316,Fig6_B_stability_performance_curve_pce_image,Series_2,132,132,37,0,712.9451787400535,201.36619552199988,True,0.9996764700799184,1.0,0.8739857428518025,624,2,0,2,node_0_2,0.36955409578744497,1.0,1.0,0.967401550077639,0.9252033136494222,0.9010234673458679,0.8739857428518025,0.0,5,no_initial_change_moderate_loss,class_05,/Users/shunhao/Desktop/ML/lab/NEW/som_200h_reanalysis/02_selected_curve_database/paper_aligned_min4/x_time_h/10.1002_adfm.202103316/Fig6_B_stability_performance_curve_pce_image/accepted/10.1002_adfm.202103316__Fig6__B__stability_performance_curve_pce_image__w_5CzBn__Series_2.csv
x_time_h/10.1002_adfm.202103316/Fig6_C_stability_performance_curve_pce_image/accepted/10.1002_adfm.202103316__Fig6__C__stability_performance_curve_pce_image__reference__Series_3.csv,10.1002/adfm.202103316|Fig6_C_stability_performance_curve_pce_image|10.1002_adfm.202103316__Fig6__C__stability_performance_curve_pce_image__reference__Series_3,/Users/shunhao/Desktop/ML/lab/data_all/x_time_h/10.1002_adfm.202103316/Fig6_C_stability_performance_curve_pce_image/accepted/10.1002_adfm.202103316__Fig6__C__stability_performance_curve_pce_image__reference__Series_3.csv,x_time_h/10.1002_adfm.202103316/Fig6_C_stability_performance_curve_pce_image/accepted/10.1002_adfm.202103316__Fig6__C__stability_performance_curve_pce_image__reference__Series_3.csv,10.1002/adfm.202103316,Fig6_C_stability_performance_curve_pce_image,Series_3,132,132,37,0,712.9812730215657,201.37639009006057,True,1.00679452203988,1.0,0.8253508481436707,625,2,0,2,node_0_2,0.47430320829090616,1.0,0.9941487356519069,0.970934462244149,0.9285604439861739,0.8754158638007347,0.8253508481436707,0.0,5,no_initial_change_moderate_loss,class_05,/Users/shunhao/Desktop/ML/lab/NEW/som_200h_reanalysis/02_selected_curve_database/paper_aligned_min4/x_time_h/10.1002_adfm.202103316/Fig6_C_stability_performance_curve_pce_image/accepted/10.1002_adfm.202103316__Fig6__C__stability_performance_curve_pce_image__reference__Series_3.csv
"x_time_h/10.1002_adfm.202106560/Fig4_B_stability_performance_curve/accepted/10.1002_adfm.202106560__Fig4__B__stability_performance_curve__。—FASnl,_based_PSCs_with_HTL__Series_2.csv","10.1002/adfm.202106560|Fig4_B_stability_performance_curve|10.1002_adfm.202106560__Fig4__B__stability_performance_curve__。—FASnl,_based_PSCs_with_HTL__Series_2","/Users/shunhao/Desktop/ML/lab/data_all/x_time_h/10.1002_adfm.202106560/Fig4_B_stability_performance_curve/accepted/10.1002_adfm.202106560__Fig4__B__stability_performance_curve__。—FASnl,_based_PSCs_with_HTL__Series_2.csv","x_time_h/10.1002_adfm.202106560/Fig4_B_stability_performance_curve/accepted/10.1002_adfm.202106560__Fig4__B__stability_performance_curve__。—FASnl,_based_PSCs_with_HTL__Series_2.csv",10.1002/adfm.202106560,Fig4_B_stability_performance_curve,Series_2,58,58,39,0,298.69174401400323,204.3680353780022,True,0.9996607832352996,1.0,0.8333164930928469,629,2,0,2,node_0_2,0.3911757737820089,1.0,0.9936187740739431,0.9609975096950539,0.9288077222264081,0.874477117405533,0.8333164930928469,0.0,5,no_initial_change_moderate_loss,class_05,"/Users/shunhao/Desktop/ML/lab/NEW/som_200h_reanalysis/02_selected_curve_database/paper_aligned_min4/x_time_h/10.1002_adfm.202106560/Fig4_B_stability_performance_curve/accepted/10.1002_adfm.202106560__Fig4__B__stability_performance_curve__。—FASnl,_based_PSCs_with_HTL__Series_2.csv"
x_time_h/10.1002_adfm.202111116/Fig5_B_stability_performance_curve/accepted/10.1002_adfm.202111116__Fig5__B__stability_performance_curve__O-Ref__Series_2.csv,10.1002/adfm.202111116|Fig5_B_stability_performance_curve|10.1002_adfm.202111116__Fig5__B__stability_performance_curve__O-Ref__Series_2,/Users/shunhao/Desktop/ML/lab/data_all/x_time_h/10.1002_adfm.202111116/Fig5_B_stability_performance_curve/accepted/10.1002_adfm.202111116__Fig5__B__stability_performance_curve__O-Ref__Series_2.csv,x_time_h/10.1002_adfm.202111116/Fig5_B_stability_performance_curve/accepted/10.1002_adfm.202111116__Fig5__B__stability_performance_curve__O-Ref__Series_2.csv,10.1002/adfm.202111116,Fig5_B_stability_performance_curve,Series_2,32,32,12,0,529.8100988150983,205.08778018648965,True,100.3083119371711,1.0,0.8523372955068421,631,2,0,2,node_0_2,0.5328692329065353,1.0,0.9938596935508753,0.950945955807201,0.9030417548923886,0.8728764789426604,0.8523372955068421,0.0,5,no_initial_change_moderate_loss,class_05,/Users/shunhao/Desktop/ML/lab/NEW/som_200h_reanalysis/02_selected_curve_database/paper_aligned_min4/x_time_h/10.1002_adfm.202111116/Fig5_B_stability_performance_curve/accepted/10.1002_adfm.202111116__Fig5__B__stability_performance_curve__O-Ref__Series_2.csv
x_time_h/10.1002_adfm.202501623/Fig5_A_mppt_stability_performance_curve_pce_cross_section/accepted/10.1002_adfm.202501623__Fig5__A__mppt_stability_performance_curve_pce_cross_section__Control__Series_1.csv,10.1002/adfm.202501623|Fig5_A_mppt_stability_performance_curve_pce_cross_section|10.1002_adfm.202501623__Fig5__A__mppt_stability_performance_curve_pce_cross_section__Control__Series_1,/Users/shunhao/Desktop/ML/lab/data_all/x_time_h/10.1002_adfm.202501623/Fig5_A_mppt_stability_performance_curve_pce_cross_section/accepted/10.1002_adfm.202501623__Fig5__A__mppt_stability_performance_curve_pce_cross_section__Control__Series_1.csv,x_time_h/10.1002_adfm.202501623/Fig5_A_mppt_stability_performance_curve_pce_cross_section/accepted/10.1002_adfm.202501623__Fig5__A__mppt_stability_performance_curve_pce_cross_section__Control__Series_1.csv,10.1002/adfm.202501623,Fig5_A_mppt_stability_performance_curve_pce_cross_section,Series_1,57,57,13,0,1143.4699701395975,200.87985961911852,True,0.9857480033294748,1.0,0.8626911561752705,638,2,0,2,node_0_2,0.22843654997557553,1.0,0.9906620295391619,0.9644639399263502,0.9349061629399146,0.8952349667377801,0.8626911561752705,0.0,5,no_initial_change_moderate_loss,class_05,/Users/shunhao/Desktop/ML/lab/NEW/som_200h_reanalysis/02_selected_curve_database/paper_aligned_min4/x_time_h/10.1002_adfm.202501623/Fig5_A_mppt_stability_performance_curve_pce_cross_section/accepted/10.1002_adfm.202501623__Fig5__A__mppt_stability_performance_curve_pce_cross_section__Control__Series_1.csv
x_time_h/10.1002_adfm.202501623/Fig5_B_stability_performance_curve/accepted/10.1002_adfm.202501623__Fig5__B__stability_performance_curve__o—Control__Series_1.csv,10.1002/adfm.202501623|Fig5_B_stability_performance_curve|10.1002_adfm.202501623__Fig5__B__stability_performance_curve__o—Control__Series_1,/Users/shunhao/Desktop/ML/lab/data_all/x_time_h/10.1002_adfm.202501623/Fig5_B_stability_performance_curve/accepted/10.1002_adfm.202501623__Fig5__B__stability_performance_curve__o—Control__Series_1.csv,x_time_h/10.1002_adfm.202501623/Fig5_B_stability_performance_curve/accepted/10.1002_adfm.202501623__Fig5__B__stability_performance_curve__o—Control__Series_1.csv,10.1002/adfm.202501623,Fig5_B_stability_performance_curve,Series_1,39,39,20,0,388.6647954306884,204.56041864773073,True,1.0052475331368749,1.0,0.8310688278810555,639,2,0,2,node_0_2,0.4025337819739382,1.0,0.9898431976655067,0.955644496523637,0.9190729446278697,0.8738764787665707,0.8310688278810555,0.0,5,no_initial_change_moderate_loss,class_05,/Users/shunhao/Desktop/ML/lab/NEW/som_200h_reanalysis/02_selected_curve_database/paper_aligned_min4/x_time_h/10.1002_adfm.202501623/Fig5_B_stability_performance_curve/accepted/10.1002_adfm.202501623__Fig5__B__stability_performance_curve__o—Control__Series_1.csv
x_time_h/10.1002_adma.201606608/Fig4_F_stability_performance_curve_pce/accepted/10.1002_adma.201606608__Fig4__F__stability_performance_curve_pce__MAPbI₃_device__Series_2.csv,10.1002/adma.201606608|Fig4_F_stability_performance_curve_pce|10.1002_adma.201606608__Fig4__F__stability_performance_curve_pce__MAPbI₃_device__Series_2,/Users/shunhao/Desktop/ML/lab/data_all/x_time_h/10.1002_adma.201606608/Fig4_F_stability_performance_curve_pce/accepted/10.1002_adma.201606608__Fig4__F__stability_performance_curve_pce__MAPbI₃_device__Series_2.csv,x_time_h/10.1002_adma.201606608/Fig4_F_stability_performance_curve_pce/accepted/10.1002_adma.201606608__Fig4__F__stability_performance_curve_pce__MAPbI₃_device__Series_2.csv,10.1002/adma.201606608,Fig4_F_stability_performance_curve_pce,Series_2,55,55,12,0,970.8006649928132,215.73348110951403,True,0.9862339877371272,1.0,0.8828404386697101,641,2,0,2,node_0_2,0.4873269418518108,1.0,0.9903738091107588,0.9564572981557588,0.9317505725527109,0.9105154328646656,0.8828404386697101,0.0,5,no_initial_change_moderate_loss,class_05,/Users/shunhao/Desktop/ML/lab/NEW/som_200h_reanalysis/02_selected_curve_database/paper_aligned_min4/x_time_h/10.1002_adma.201606608/Fig4_F_stability_performance_curve_pce/accepted/10.1002_adma.201606608__Fig4__F__stability_performance_curve_pce__MAPbI₃_device__Series_2.csv
x_time_h/10.1002_adma.201907769/Fig4_F_jv_curve_stability_performance_jsc/accepted/10.1002_adma.201907769__Fig4__F__jv_curve_stability_performance_jsc__Control__Series_1.csv,10.1002/adma.201907769|Fig4_F_jv_curve_stability_performance_jsc|10.1002_adma.201907769__Fig4__F__jv_curve_stability_performance_jsc__Control__Series_1,/Users/shunhao/Desktop/ML/lab/data_all/x_time_h/10.1002_adma.201907769/Fig4_F_jv_curve_stability_performance_jsc/accepted/10.1002_adma.201907769__Fig4__F__jv_curve_stability_performance_jsc__Control__Series_1.csv,x_time_h/10.1002_adma.201907769/Fig4_F_jv_curve_stability_performance_jsc/accepted/10.1002_adma.201907769__Fig4__F__jv_curve_stability_performance_jsc__Control__Series_1.csv,10.1002/adma.201907769,Fig4_F_jv_curve_stability_performance_jsc,Series_1,128,128,12,0,2197.7967909705776,207.66583851690496,True,0.9993242616229356,1.0,0.8530163776043924,664,2,0,2,node_0_2,0.14647724230583062,1.0,0.9972143494377083,0.9654612939873652,0.9273086292782553,0.8891559645691451,0.8530163776043924,0.0,5,no_initial_change_moderate_loss,class_05,/Users/shunhao/Desktop/ML/lab/NEW/som_200h_reanalysis/02_selected_curve_database/paper_aligned_min4/x_time_h/10.1002_adma.201907769/Fig4_F_jv_curve_stability_performance_jsc/accepted/10.1002_adma.201907769__Fig4__F__jv_curve_stability_performance_jsc__Control__Series_1.csv
x_time_h/10.1002_adma.202303692/Fig6_B_stability_performance_curve/accepted/10.1002_adma.202303692__Fig6__B__stability_performance_curve__SP__Series_2.csv,10.1002/adma.202303692|Fig6_B_stability_performance_curve|10.1002_adma.202303692__Fig6__B__stability_performance_curve__SP__Series_2,/Users/shunhao/Desktop/ML/lab/data_all/x_time_h/10.1002_adma.202303692/Fig6_B_stability_performance_curve/accepted/10.1002_adma.202303692__Fig6__B__stability_performance_curve__SP__Series_2.csv,x_time_h/10.1002_adma.202303692/Fig6_B_stability_performance_curve/accepted/10.1002_adma.202303692__Fig6__B__stability_performance_curve__SP__Series_2.csv,10.1002/adma.202303692,Fig6_B_stability_performance_curve,Series_2,27,27,9,0,638.7183058629155,221.09479818331684,True,0.99634338738143,1.0,0.8477202694889577,688,2,0,2,node_0_2,0.4782317768329254,1.0,0.9959261955346257,0.9762530987989201,0.946675898591643,0.8987480854658452,0.8477202694889577,0.0,5,no_initial_change_moderate_loss,class_05,/Users/shunhao/Desktop/ML/lab/NEW/som_200h_reanalysis/02_selected_curve_database/paper_aligned_min4/x_time_h/10.1002_adma.202303692/Fig6_B_stability_performance_curve/accepted/10.1002_adma.202303692__Fig6__B__stability_performance_curve__SP__Series_2.csv
x_time_h/10.1002_adma.202304150/Fig4_E_stability_performance_curve_pce/accepted/10.1002_adma.202304150__Fig4__E__stability_performance_curve_pce__Ref__Series_1.csv,10.1002/adma.202304150|Fig4_E_stability_performance_curve_pce|10.1002_adma.202304150__Fig4__E__stability_performance_curve_pce__Ref__Series_1,/Users/shunhao/Desktop/ML/lab/data_all/x_time_h/10.1002_adma.202304150/Fig4_E_stability_performance_curve_pce/accepted/10.1002_adma.202304150__Fig4__E__stability_performance_curve_pce__Ref__Series_1.csv,x_time_h/10.1002_adma.202304150/Fig4_E_stability_performance_curve_pce/accepted/10.1002_adma.202304150__Fig4__E__stability_performance_curve_pce__Ref__Series_1.csv,10.1002/adma.202304150,Fig4_E_stability_performance_curve_pce,Series_1,109,109,18,0,1241.1005635950166,206.85009393250277,True,1.1327962109380714,0.9931408512169853,0.8805634289696233,690,2,0,2,node_0_2,0.3383989539925715,0.9931408512169851,0.9994905637362366,0.9564258752811786,0.9215117735640945,0.8963569541351115,0.8805634289696233,8.166666666666666,5,no_initial_change_moderate_loss,class_05,/Users/shunhao/Desktop/ML/lab/NEW/som_200h_reanalysis/02_selected_curve_database/paper_aligned_min4/x_time_h/10.1002_adma.202304150/Fig4_E_stability_performance_curve_pce/accepted/10.1002_adma.202304150__Fig4__E__stability_performance_curve_pce__Ref__Series_1.csv
x_time_h/10.1002_admi.202001144/Fig3_A_stability_performance_curve_pce/accepted/10.1002_admi.202001144__Fig3__A__stability_performance_curve_pce__c-TiO2__Series_1.csv,10.1002/admi.202001144|Fig3_A_stability_performance_curve_pce|10.1002_admi.202001144__Fig3__A__stability_performance_curve_pce__c-TiO2__Series_1,/Users/shunhao/Desktop/ML/lab/data_all/x_time_h/10.1002_admi.202001144/Fig3_A_stability_performance_curve_pce/accepted/10.1002_admi.202001144__Fig3__A__stability_performance_curve_pce__c-TiO2__Series_1.csv,x_time_h/10.1002_admi.202001144/Fig3_A_stability_performance_curve_pce/accepted/10.1002_admi.202001144__Fig3__A__stability_performance_curve_pce__c-TiO2__Series_1.csv,10.1002/admi.202001144,Fig3_A_stability_performance_curve_pce,Series_1,54,54,22,0,493.5215188661272,204.85798896329808,True,1.0034926856896362,1.0,0.8425700693371011,700,2,0,2,node_0_2,0.2202361294702558,1.0,0.9909185210053714,0.9673214190462159,0.932423150025469,0.9004425841597727,0.8425700693371011,0.0,5,no_initial_change_moderate_loss,class_05,/Users/shunhao/Desktop/ML/lab/NEW/som_200h_reanalysis/02_selected_curve_database/paper_aligned_min4/x_time_h/10.1002_admi.202001144/Fig3_A_stability_performance_curve_pce/accepted/10.1002_admi.202001144__Fig3__A__stability_performance_curve_pce__c-TiO2__Series_1.csv
x_time_h/10.1002_admi.202102324/Fig6_F_stability_performance_curve_pce/accepted/10.1002_admi.202102324__Fig6__F__stability_performance_curve_pce__25_°C_BDP-NH₂__Series_2.csv,10.1002/admi.202102324|Fig6_F_stability_performance_curve_pce|10.1002_admi.202102324__Fig6__F__stability_performance_curve_pce__25_°C_BDP-NH₂__Series_2,/Users/shunhao/Desktop/ML/lab/data_all/x_time_h/10.1002_admi.202102324/Fig6_F_stability_performance_curve_pce/accepted/10.1002_admi.202102324__Fig6__F__stability_performance_curve_pce__25_°C_BDP-NH₂__Series_2.csv,x_time_h/10.1002_admi.202102324/Fig6_F_stability_performance_curve_pce/accepted/10.1002_admi.202102324__Fig6__F__stability_performance_curve_pce__25_°C_BDP-NH₂__Series_2.csv,10.1002/admi.202102324,Fig6_F_stability_performance_curve_pce,Series_2,57,57,12,0,989.0493474116456,211.93914587392405,True,0.9894175433916436,1.0,0.9086913184881088,707,2,0,2,node_0_2,0.9316785775265218,1.0,0.9826301056963599,0.9245939505619759,0.9145204735382576,0.9082389346454901,0.9086913184881088,0.0,5,no_initial_change_moderate_loss,class_05,/Users/shunhao/Desktop/ML/lab/NEW/som_200h_reanalysis/02_selected_curve_database/paper_aligned_min4/x_time_h/10.1002_admi.202102324/Fig6_F_stability_performance_curve_pce/accepted/10.1002_admi.202102324__Fig6__F__stability_performance_curve_pce__25_°C_BDP-NH₂__Series_2.csv
x_time_h/10.1002_advs.201903044/Fig6_D_stability_performance_curve_pce/accepted/10.1002_advs.201903044__Fig6__D__stability_performance_curve_pce__NiOx__Series_2.csv,10.1002/advs.201903044|Fig6_D_stability_performance_curve_pce|10.1002_advs.201903044__Fig6__D__stability_performance_curve_pce__NiOx__Series_2,/Users/shunhao/Desktop/ML/lab/data_all/x_time_h/10.1002_advs.201903044/Fig6_D_stability_performance_curve_pce/accepted/10.1002_advs.201903044__Fig6__D__stability_performance_curve_pce__NiOx__Series_2.csv,x_time_h/10.1002_advs.201903044/Fig6_D_stability_performance_curve_pce/accepted/10.1002_advs.201903044__Fig6__D__stability_performance_curve_pce__NiOx__Series_2.csv,10.1002/advs.201903044,Fig6_D_stability_performance_curve_pce,Series_2,59,59,14,0,880.8299898678251,212.6141354853371,True,0.9989988558083284,1.0,0.8717748627147778,716,2,0,2,node_0_2,0.36615813106934086,1.0,0.9933997746461969,0.9631965793949525,0.917769398401138,0.8747588640014545,0.8717748627147778,0.0,5,no_initial_change_moderate_loss,class_05,/Users/shunhao/Desktop/ML/lab/NEW/som_200h_reanalysis/02_selected_curve_database/paper_aligned_min4/x_time_h/10.1002_advs.201903044/Fig6_D_stability_performance_curve_pce/accepted/10.1002_advs.201903044__Fig6__D__stability_performance_curve_pce__NiOx__Series_2.csv
x_time_h/10.1002_aenm.201700169/Fig7_whole_stability/accepted/10.1002_aenm.201700169__Fig7__whole__stability__FF__Series_1.csv,10.1002/aenm.201700169|Fig7_whole_stability|10.1002_aenm.201700169__Fig7__whole__stability__FF__Series_1,/Users/shunhao/Desktop/ML/lab/data_all/x_time_h/10.1002_aenm.201700169/Fig7_whole_stability/accepted/10.1002_aenm.201700169__Fig7__whole__stability__FF__Series_1.csv,x_time_h/10.1002_aenm.201700169/Fig7_whole_stability/accepted/10.1002_aenm.201700169__Fig7__whole__stability__FF__Series_1.csv,10.1002/aenm.201700169,Fig7_whole_stability,Series_1,67,67,14,0,975.5694245311732,203.85032751397657,True,0.9655522780294278,1.0,0.8449368969369128,724,2,0,2,node_0_2,1.223331832880647,1.0,0.9327471379621318,0.9204584823199065,0.9540285205284672,0.9133969052307439,0.8449368969369128,0.0,5,no_initial_change_moderate_loss,class_05,/Users/shunhao/Desktop/ML/lab/NEW/som_200h_reanalysis/02_selected_curve_database/paper_aligned_min4/x_time_h/10.1002_aenm.201700169/Fig7_whole_stability/accepted/10.1002_aenm.201700169__Fig7__whole__stability__FF__Series_1.csv
x_time_h/10.1002_aenm.201903751/Fig4_D_stability_performance_curve_pce/accepted/10.1002_aenm.201903751__Fig4__D__stability_performance_curve_pce__O-without_STCG__Series_1.csv,10.1002/aenm.201903751|Fig4_D_stability_performance_curve_pce|10.1002_aenm.201903751__Fig4__D__stability_performance_curve_pce__O-without_STCG__Series_1,/Users/shunhao/Desktop/ML/lab/data_all/x_time_h/10.1002_aenm.201903751/Fig4_D_stability_performance_curve_pce/accepted/10.1002_aenm.201903751__Fig4__D__stability_performance_curve_pce__O-without_STCG__Series_1.csv,x_time_h/10.1002_aenm.201903751/Fig4_D_stability_performance_curve_pce/accepted/10.1002_aenm.201903751__Fig4__D__stability_performance_curve_pce__O-without_STCG__Series_1.csv,10.1002/aenm.201903751,Fig4_D_stability_performance_curve_pce,Series_1,45,45,32,0,282.84486013687354,205.7053528268171,True,1.021557964237101,0.97990612816052,0.799431155323441,741,2,0,2,node_0_2,0.8890629536451409,0.9799061281605199,0.9946250094645669,0.9712611862648151,0.952749641068065,0.8727448255512696,0.799431155323441,17.5,5,no_initial_change_moderate_loss,class_05,/Users/shunhao/Desktop/ML/lab/NEW/som_200h_reanalysis/02_selected_curve_database/paper_aligned_min4/x_time_h/10.1002_aenm.201903751/Fig4_D_stability_performance_curve_pce/accepted/10.1002_aenm.201903751__Fig4__D__stability_performance_curve_pce__O-without_STCG__Series_1.csv
x_time_h/10.1002_aenm.201903751/Fig4_F_stability/accepted/10.1002_aenm.201903751__Fig4__F__stability__O-CsPbl₂without_STCG__Series_3.csv,10.1002/aenm.201903751|Fig4_F_stability|10.1002_aenm.201903751__Fig4__F__stability__O-CsPbl₂without_STCG__Series_3,/Users/shunhao/Desktop/ML/lab/data_all/x_time_h/10.1002_aenm.201903751/Fig4_F_stability/accepted/10.1002_aenm.201903751__Fig4__F__stability__O-CsPbl₂without_STCG__Series_3.csv,x_time_h/10.1002_aenm.201903751/Fig4_F_stability/accepted/10.1002_aenm.201903751__Fig4__F__stability__O-CsPbl₂without_STCG__Series_3.csv,10.1002/aenm.201903751,Fig4_F_stability,Series_3,49,49,20,0,485.1320511377231,202.13835464071795,True,1.0077041537720586,1.0,0.8524339709983986,743,2,0,2,node_0_2,0.7749544350181644,1.0,0.9935132392232646,0.9870640194720902,0.9622467193779686,0.8994696534426351,0.8524339709983986,0.0,5,no_initial_change_moderate_loss,class_05,/Users/shunhao/Desktop/ML/lab/NEW/som_200h_reanalysis/02_selected_curve_database/paper_aligned_min4/x_time_h/10.1002_aenm.201903751/Fig4_F_stability/accepted/10.1002_aenm.201903751__Fig4__F__stability__O-CsPbl₂without_STCG__Series_3.csv
x_time_h/10.1002_aenm.202302169/Fig5_B_stability/accepted/10.1002_aenm.202302169__Fig5__B__stability__Control_(initial_PCE_20.98%)__Series_1.csv,10.1002/aenm.202302169|Fig5_B_stability|10.1002_aenm.202302169__Fig5__B__stability__Control_(initial_PCE_20.98%)__Series_1,/Users/shunhao/Desktop/ML/lab/data_all/x_time_h/10.1002_aenm.202302169/Fig5_B_stability/accepted/10.1002_aenm.202302169__Fig5__B__stability__Control_(initial_PCE_20.98%)__Series_1.csv,x_time_h/10.1002_aenm.202302169/Fig5_B_stability/accepted/10.1002_aenm.202302169__Fig5__B__stability__Control_(initial_PCE_20.98%)__Series_1.csv,10.1002/aenm.202302169,Fig5_B_stability,Series_1,80,80,33,0,484.86763197969776,202.53964373835475,True,1.0200700162324643,0.9636982687088412,0.8822240945138566,767,2,0,2,node_0_2,0.5631662284759525,0.9636982687088413,0.9955936348886248,0.9626622846757589,0.9138049689557755,0.9070937892928037,0.8822240945138566,15.0,5,no_initial_change_moderate_loss,class_05,/Users/shunhao/Desktop/ML/lab/NEW/som_200h_reanalysis/02_selected_curve_database/paper_aligned_min4/x_time_h/10.1002_aenm.202302169/Fig5_B_stability/accepted/10.1002_aenm.202302169__Fig5__B__stability__Control_(initial_PCE_20.98%)__Series_1.csv
x_time_h/10.1002_anie.202007353/Fig3_F_stability_performance_curve_pce/accepted/10.1002_anie.202007353__Fig3__F__stability_performance_curve_pce__a__Series_1.csv,10.1002/anie.202007353|Fig3_F_stability_performance_curve_pce|10.1002_anie.202007353__Fig3__F__stability_performance_curve_pce__a__Series_1,/Users/shunhao/Desktop/ML/lab/data_all/x_time_h/10.1002_anie.202007353/Fig3_F_stability_performance_curve_pce/accepted/10.1002_anie.202007353__Fig3__F__stability_performance_curve_pce__a__Series_1.csv,x_time_h/10.1002_anie.202007353/Fig3_F_stability_performance_curve_pce/accepted/10.1002_anie.202007353__Fig3__F__stability_performance_curve_pce__a__Series_1.csv,10.1002/anie.202007353,Fig3_F_stability_performance_curve_pce,Series_1,55,55,19,0,594.6873655922948,209.24185085654813,True,1.0062090922329587,1.0,0.8725079646732288,775,2,0,2,node_0_2,0.4445062498835435,1.0,0.9839526638168818,0.9425047999314372,0.9170547186503699,0.8950825059158853,0.8725079646732288,0.0,5,no_initial_change_moderate_loss,class_05,/Users/shunhao/Desktop/ML/lab/NEW/som_200h_reanalysis/02_selected_curve_database/paper_aligned_min4/x_time_h/10.1002_anie.202007353/Fig3_F_stability_performance_curve_pce/accepted/10.1002_anie.202007353__Fig3__F__stability_performance_curve_pce__a__Series_1.csv
x_time_h/10.1002_anie.202505470/Fig6_D_stability_performance_curve/accepted/10.1002_anie.202505470__Fig6__D__stability_performance_curve__Control__Series_1.csv,10.1002/anie.202505470|Fig6_D_stability_performance_curve|10.1002_anie.202505470__Fig6__D__stability_performance_curve__Control__Series_1,/Users/shunhao/Desktop/ML/lab/data_all/x_time_h/10.1002_anie.202505470/Fig6_D_stability_performance_curve/accepted/10.1002_anie.202505470__Fig6__D__stability_performance_curve__Control__Series_1.csv,x_time_h/10.1002_anie.202505470/Fig6_D_stability_performance_curve/accepted/10.1002_anie.202505470__Fig6__D__stability_performance_curve__Control__Series_1.csv,10.1002/anie.202505470,Fig6_D_stability_performance_curve,Series_1,45,45,19,0,476.0062309900299,205.54814520024024,True,0.9979654760149834,1.0,0.8129407631822682,781,2,0,2,node_0_2,0.6260567282952103,1.0,0.9923074110919781,0.9507018151583397,0.915140168939073,0.8672181840511597,0.8129407631822682,0.0,5,no_initial_change_moderate_loss,class_05,/Users/shunhao/Desktop/ML/lab/NEW/som_200h_reanalysis/02_selected_curve_database/paper_aligned_min4/x_time_h/10.1002_anie.202505470/Fig6_D_stability_performance_curve/accepted/10.1002_anie.202505470__Fig6__D__stability_performance_curve__Control__Series_1.csv
x_time_h/10.1002_cssc.201900106/Fig6_A_stability_performance_curve_pce/accepted/10.1002_cssc.201900106__Fig6__A__stability_performance_curve_pce__W_Ot-BAI__Series_2.csv,10.1002/cssc.201900106|Fig6_A_stability_performance_curve_pce|10.1002_cssc.201900106__Fig6__A__stability_performance_curve_pce__W_Ot-BAI__Series_2,/Users/shunhao/Desktop/ML/lab/data_all/x_time_h/10.1002_cssc.201900106/Fig6_A_stability_performance_curve_pce/accepted/10.1002_cssc.201900106__Fig6__A__stability_performance_curve_pce__W_Ot-BAI__Series_2.csv,x_time_h/10.1002_cssc.201900106/Fig6_A_stability_performance_curve_pce/accepted/10.1002_cssc.201900106__Fig6__A__stability_performance_curve_pce__W_Ot-BAI__Series_2.csv,10.1002/cssc.201900106,Fig6_A_stability_performance_curve_pce,Series_2,39,39,11,0,711.321807011446,205.90894413489227,True,1.0034690435163969,1.0,0.855080922431581,789,2,0,2,node_0_2,0.38187913542620183,1.0,0.9881103140469505,0.9459875349013329,0.9117801528079134,0.8820392631126396,0.855080922431581,0.0,5,no_initial_change_moderate_loss,class_05,/Users/shunhao/Desktop/ML/lab/NEW/som_200h_reanalysis/02_selected_curve_database/paper_aligned_min4/x_time_h/10.1002_cssc.201900106/Fig6_A_stability_performance_curve_pce/accepted/10.1002_cssc.201900106__Fig6__A__stability_performance_curve_pce__W_Ot-BAI__Series_2.csv
x_time_h/10.1002_cssc.202002707/Fig7_A_stability_performance_curve_pce/accepted/10.1002_cssc.202002707__Fig7__A__stability_performance_curve_pce__Control__Series_1.csv,10.1002/cssc.202002707|Fig7_A_stability_performance_curve_pce|10.1002_cssc.202002707__Fig7__A__stability_performance_curve_pce__Control__Series_1,/Users/shunhao/Desktop/ML/lab/data_all/x_time_h/10.1002_cssc.202002707/Fig7_A_stability_performance_curve_pce/accepted/10.1002_cssc.202002707__Fig7__A__stability_performance_curve_pce__Control__Series_1.csv,x_time_h/10.1002_cssc.202002707/Fig7_A_stability_performance_curve_pce/accepted/10.1002_cssc.202002707__Fig7__A__stability_performance_curve_pce__Control__Series_1.csv,10.1002/cssc.202002707,Fig7_A_stability_performance_curve_pce,Series_1,72,72,26,0,563.9752650979831,206.52615341616283,True,0.9471979413288604,1.0,0.8738336808429532,800,2,0,2,node_0_2,0.5796988693789775,1.0,0.9811461852366647,0.9368310343575139,0.9045842091587182,0.8907354801968129,0.8738336808429532,0.0,5,no_initial_change_moderate_loss,class_05,/Users/shunhao/Desktop/ML/lab/NEW/som_200h_reanalysis/02_selected_curve_database/paper_aligned_min4/x_time_h/10.1002_cssc.202002707/Fig7_A_stability_performance_curve_pce/accepted/10.1002_cssc.202002707__Fig7__A__stability_performance_curve_pce__Control__Series_1.csv
x_time_h/10.1002_smll.201904399/Fig6_A_stability/accepted/10.1002_smll.201904399__Fig6__A__stability__P3HT_Li+TBP__Series_2.csv,10.1002/smll.201904399|Fig6_A_stability|10.1002_smll.201904399__Fig6__A__stability__P3HT_Li+TBP__Series_2,/Users/shunhao/Desktop/ML/lab/data_all/x_time_h/10.1002_smll.201904399/Fig6_A_stability/accepted/10.1002_smll.201904399__Fig6__A__stability__P3HT_Li+TBP__Series_2.csv,x_time_h/10.1002_smll.201904399/Fig6_A_stability/accepted/10.1002_smll.201904399__Fig6__A__stability__P3HT_Li+TBP__Series_2.csv,10.1002/smll.201904399,Fig6_A_stability,Series_2,50,50,7,0,1516.6233203250015,216.66047433214305,True,1.0002368762404603,1.0,0.871730129378119,811,2,0,2,node_0_2,0.4158241772263905,1.0,0.9953851106027869,0.9706600277900034,0.9366402151014015,0.904682670875216,0.871730129378119,0.0,5,no_initial_change_moderate_loss,class_05,/Users/shunhao/Desktop/ML/lab/NEW/som_200h_reanalysis/02_selected_curve_database/paper_aligned_min4/x_time_h/10.1002_smll.201904399/Fig6_A_stability/accepted/10.1002_smll.201904399__Fig6__A__stability__P3HT_Li+TBP__Series_2.csv
x_time_h/10.1002_smll.201904746/Fig4_C_stability_performance_curve/accepted/10.1002_smll.201904746__Fig4__C__stability_performance_curve__TiO2_Pero_CuSCN_C__Series_1.csv,10.1002/smll.201904746|Fig4_C_stability_performance_curve|10.1002_smll.201904746__Fig4__C__stability_performance_curve__TiO2_Pero_CuSCN_C__Series_1,/Users/shunhao/Desktop/ML/lab/data_all/x_time_h/10.1002_smll.201904746/Fig4_C_stability_performance_curve/accepted/10.1002_smll.201904746__Fig4__C__stability_performance_curve__TiO2_Pero_CuSCN_C__Series_1.csv,x_time_h/10.1002_smll.201904746/Fig4_C_stability_performance_curve/accepted/10.1002_smll.201904746__Fig4__C__stability_performance_curve__TiO2_Pero_CuSCN_C__Series_1.csv,10.1002/smll.201904746,Fig4_C_stability_performance_curve,Series_1,96,96,20,0,983.5281101819456,207.0585495119886,True,0.9972030251062908,1.0,0.8919025623050902,815,2,0,2,node_0_2,0.5251506970399413,1.0,0.9922750132665314,0.9482058143321612,0.9187136346989335,0.900791432127138,0.8919025623050902,0.0,5,no_initial_change_moderate_loss,class_05,/Users/shunhao/Desktop/ML/lab/NEW/som_200h_reanalysis/02_selected_curve_database/paper_aligned_min4/x_time_h/10.1002_smll.201904746/Fig4_C_stability_performance_curve/accepted/10.1002_smll.201904746__Fig4__C__stability_performance_curve__TiO2_Pero_CuSCN_C__Series_1.csv
x_time_h/10.1002_smll.202004877/Fig5_I_stability_performance_curve/accepted/10.1002_smll.202004877__Fig5__I__stability_performance_curve__Pristine__Series_2.csv,10.1002/smll.202004877|Fig5_I_stability_performance_curve|10.1002_smll.202004877__Fig5__I__stability_performance_curve__Pristine__Series_2,/Users/shunhao/Desktop/ML/lab/data_all/x_time_h/10.1002_smll.202004877/Fig5_I_stability_performance_curve/accepted/10.1002_smll.202004877__Fig5__I__stability_performance_curve__Pristine__Series_2.csv,x_time_h/10.1002_smll.202004877/Fig5_I_stability_performance_curve/accepted/10.1002_smll.202004877__Fig5__I__stability_performance_curve__Pristine__Series_2.csv,10.1002/smll.202004877,Fig5_I_stability_performance_curve,Series_2,48,48,13,0,775.0287813052219,214.36966291421027,True,1.004326223533303,1.0,0.854339916016479,817,2,0,2,node_0_2,0.5548716668153588,1.0,0.9993319187464388,0.983329014068165,0.9446140229817478,0.9023241106426915,0.854339916016479,0.0,5,no_initial_change_moderate_loss,class_05,/Users/shunhao/Desktop/ML/lab/NEW/som_200h_reanalysis/02_selected_curve_database/paper_aligned_min4/x_time_h/10.1002_smll.202004877/Fig5_I_stability_performance_curve/accepted/10.1002_smll.202004877__Fig5__I__stability_performance_curve__Pristine__Series_2.csv
x_time_h/10.1002_smll.202201820/Fig5_C_stability_performance_curve_pce_pattern/accepted/10.1002_smll.202201820__Fig5__C__stability_performance_curve_pce_pattern__C-C1_C-C1-P__Series_2.csv,10.1002/smll.202201820|Fig5_C_stability_performance_curve_pce_pattern|10.1002_smll.202201820__Fig5__C__stability_performance_curve_pce_pattern__C-C1_C-C1-P__Series_2,/Users/shunhao/Desktop/ML/lab/data_all/x_time_h/10.1002_smll.202201820/Fig5_C_stability_performance_curve_pce_pattern/accepted/10.1002_smll.202201820__Fig5__C__stability_performance_curve_pce_pattern__C-C1_C-C1-P__Series_2.csv,x_time_h/10.1002_smll.202201820/Fig5_C_stability_performance_curve_pce_pattern/accepted/10.1002_smll.202201820__Fig5__C__stability_performance_curve_pce_pattern__C-C1_C-C1-P__Series_2.csv,10.1002/smll.202201820,Fig5_C_stability_performance_curve_pce_pattern,Series_2,99,99,40,0,490.82646955105093,200.33733451063307,True,1.00396814036866,0.9998386041228974,0.8560891110700303,825,2,0,2,node_0_2,0.357290575054538,0.9998386041228974,0.9998386041228974,0.9737990083779724,0.9127867240896046,0.8887024856924196,0.8560891110700303,13.333333333333332,5,no_initial_change_moderate_loss,class_05,/Users/shunhao/Desktop/ML/lab/NEW/som_200h_reanalysis/02_selected_curve_database/paper_aligned_min4/x_time_h/10.1002_smll.202201820/Fig5_C_stability_performance_curve_pce_pattern/accepted/10.1002_smll.202201820__Fig5__C__stability_performance_curve_pce_pattern__C-C1_C-C1-P__Series_2.csv
x_time_h/10.1002_smtd.201900652/Fig5_E_stability_performance_curve_pce/accepted/10.1002_smtd.201900652__Fig5__E__stability_performance_curve_pce__80°℃__Series_2.csv,10.1002/smtd.201900652|Fig5_E_stability_performance_curve_pce|10.1002_smtd.201900652__Fig5__E__stability_performance_curve_pce__80°℃__Series_2,/Users/shunhao/Desktop/ML/lab/data_all/x_time_h/10.1002_smtd.201900652/Fig5_E_stability_performance_curve_pce/accepted/10.1002_smtd.201900652__Fig5__E__stability_performance_curve_pce__80°℃__Series_2.csv,x_time_h/10.1002_smtd.201900652/Fig5_E_stability_performance_curve_pce/accepted/10.1002_smtd.201900652__Fig5__E__stability_performance_curve_pce__80°℃__Series_2.csv,10.1002/smtd.201900652,Fig5_E_stability_performance_curve_pce,Series_2,130,130,65,0,397.9018082955753,200.49315921870067,True,1.0056179249326085,1.0,0.8620674684359203,827,2,0,2,node_0_2,0.5134806588665772,1.0,0.9886962633183951,0.9460113634349407,0.9093064645481639,0.9144315777185429,0.8620674684359203,0.0,5,no_initial_change_moderate_loss,class_05,/Users/shunhao/Desktop/ML/lab/NEW/som_200h_reanalysis/02_selected_curve_database/paper_aligned_min4/x_time_h/10.1002_smtd.201900652/Fig5_E_stability_performance_curve_pce/accepted/10.1002_smtd.201900652__Fig5__E__stability_performance_curve_pce__80°℃__Series_2.csv
x_time_h/10.1002_smtd.201900831/Fig5_I_stability_performance_curve/accepted/10.1002_smtd.201900831__Fig5__I__stability_performance_curve__2SCN__Series_2.csv,10.1002/smtd.201900831|Fig5_I_stability_performance_curve|10.1002_smtd.201900831__Fig5__I__stability_performance_curve__2SCN__Series_2,/Users/shunhao/Desktop/ML/lab/data_all/x_time_h/10.1002_smtd.201900831/Fig5_I_stability_performance_curve/accepted/10.1002_smtd.201900831__Fig5__I__stability_performance_curve__2SCN__Series_2.csv,x_time_h/10.1002_smtd.201900831/Fig5_I_stability_performance_curve/accepted/10.1002_smtd.201900831__Fig5__I__stability_performance_curve__2SCN__Series_2.csv,10.1002/smtd.201900831,Fig5_I_stability_performance_curve,Series_2,50,50,12,0,845.9698367061565,207.1762865402832,True,1.001494898022139,1.0,0.8442707980659744,829,2,0,2,node_0_2,0.2781563381242467,1.0,0.9916999097719533,0.9558395607951116,0.9168612390987809,0.8804528902146458,0.8442707980659744,0.0,5,no_initial_change_moderate_loss,class_05,/Users/shunhao/Desktop/ML/lab/NEW/som_200h_reanalysis/02_selected_curve_database/paper_aligned_min4/x_time_h/10.1002_smtd.201900831/Fig5_I_stability_performance_curve/accepted/10.1002_smtd.201900831__Fig5__I__stability_performance_curve__2SCN__Series_2.csv
x_time_h/10.1002_solr.201700209/Fig5_A_pce/accepted/10.1002_solr.201700209__Fig5__A__pce__FA_MA__Series_2.csv,10.1002/solr.201700209|Fig5_A_pce|10.1002_solr.201700209__Fig5__A__pce__FA_MA__Series_2,/Users/shunhao/Desktop/ML/lab/data_all/x_time_h/10.1002_solr.201700209/Fig5_A_pce/accepted/10.1002_solr.201700209__Fig5__A__pce__FA_MA__Series_2.csv,x_time_h/10.1002_solr.201700209/Fig5_A_pce/accepted/10.1002_solr.201700209__Fig5__A__pce__FA_MA__Series_2.csv,10.1002/solr.201700209,Fig5_A_pce,Series_2,57,57,22,0,517.5401919866633,203.31936113761776,True,0.994848173203962,1.0,0.8665925461141883,830,2,0,2,node_0_2,0.39511902766526685,1.0,0.992984579725522,0.950927841091289,0.9054156257300139,0.8824016352332356,0.8665925461141883,0.0,5,no_initial_change_moderate_loss,class_05,/Users/shunhao/Desktop/ML/lab/NEW/som_200h_reanalysis/02_selected_curve_database/paper_aligned_min4/x_time_h/10.1002_solr.201700209/Fig5_A_pce/accepted/10.1002_solr.201700209__Fig5__A__pce__FA_MA__Series_2.csv
x_time_h/10.1002_solr.201900091/Fig5_A_xps_spectrum_stability_performance_curve/accepted/10.1002_solr.201900091__Fig5__A__xps_spectrum_stability_performance_curve__wc-Nb2O5__Series_1.csv,10.1002/solr.201900091|Fig5_A_xps_spectrum_stability_performance_curve|10.1002_solr.201900091__Fig5__A__xps_spectrum_stability_performance_curve__wc-Nb2O5__Series_1,/Users/shunhao/Desktop/ML/lab/data_all/x_time_h/10.1002_solr.201900091/Fig5_A_xps_spectrum_stability_performance_curve/accepted/10.1002_solr.201900091__Fig5__A__xps_spectrum_stability_performance_curve__wc-Nb2O5__Series_1.csv,x_time_h/10.1002_solr.201900091/Fig5_A_xps_spectrum_stability_performance_curve/accepted/10.1002_solr.201900091__Fig5__A__xps_spectrum_stability_performance_curve__wc-Nb2O5__Series_1.csv,10.1002/solr.201900091,Fig5_A_xps_spectrum_stability_performance_curve,Series_1,55,55,27,0,405.8445878576554,202.92229392882777,True,0.995665486860248,1.0,0.8768671314445619,838,2,0,2,node_0_2,0.4061763178663269,1.0,0.9850458145581605,0.9446995583940374,0.9212979116357323,0.8983891567156213,0.8768671314445619,0.0,5,no_initial_change_moderate_loss,class_05,/Users/shunhao/Desktop/ML/lab/NEW/som_200h_reanalysis/02_selected_curve_database/paper_aligned_min4/x_time_h/10.1002_solr.201900091/Fig5_A_xps_spectrum_stability_performance_curve/accepted/10.1002_solr.201900091__Fig5__A__xps_spectrum_stability_performance_curve__wc-Nb2O5__Series_1.csv
x_time_h/10.1002_solr.201900167/Fig4_D_stability_performance_curve/accepted/10.1002_solr.201900167__Fig4__D__stability_performance_curve__W-TiO₂__Series_1.csv,10.1002/solr.201900167|Fig4_D_stability_performance_curve|10.1002_solr.201900167__Fig4__D__stability_performance_curve__W-TiO₂__Series_1,/Users/shunhao/Desktop/ML/lab/data_all/x_time_h/10.1002_solr.201900167/Fig4_D_stability_performance_curve/accepted/10.1002_solr.201900167__Fig4__D__stability_performance_curve__W-TiO₂__Series_1.csv,x_time_h/10.1002_solr.201900167/Fig4_D_stability_performance_curve/accepted/10.1002_solr.201900167__Fig4__D__stability_performance_curve__W-TiO₂__Series_1.csv,10.1002/solr.201900167,Fig4_D_stability_performance_curve,Series_1,56,56,23,0,494.4704378843737,206.7785467516472,True,19.26151013489793,1.0,0.8905897707048194,841,2,0,2,node_0_2,0.7843751230792123,1.0,0.9639658929111941,0.933682012726176,0.9216365844414238,0.9086538707295406,0.8905897707048194,0.0,5,no_initial_change_moderate_loss,class_05,/Users/shunhao/Desktop/ML/lab/NEW/som_200h_reanalysis/02_selected_curve_database/paper_aligned_min4/x_time_h/10.1002_solr.201900167/Fig4_D_stability_performance_curve/accepted/10.1002_solr.201900167__Fig4__D__stability_performance_curve__W-TiO₂__Series_1.csv
x_time_h/10.1002_solr.202000650/Fig3_C_mppt_stability_performance_curve_voc/accepted/10.1002_solr.202000650__Fig3__C__mppt_stability_performance_curve_voc__Without_PFOTES__Series_1.csv,10.1002/solr.202000650|Fig3_C_mppt_stability_performance_curve_voc|10.1002_solr.202000650__Fig3__C__mppt_stability_performance_curve_voc__Without_PFOTES__Series_1,/Users/shunhao/Desktop/ML/lab/data_all/x_time_h/10.1002_solr.202000650/Fig3_C_mppt_stability_performance_curve_voc/accepted/10.1002_solr.202000650__Fig3__C__mppt_stability_performance_curve_voc__Without_PFOTES__Series_1.csv,x_time_h/10.1002_solr.202000650/Fig3_C_mppt_stability_performance_curve_voc/accepted/10.1002_solr.202000650__Fig3__C__mppt_stability_performance_curve_voc__Without_PFOTES__Series_1.csv,10.1002/solr.202000650,Fig3_C_mppt_stability_performance_curve_voc,Series_1,159,159,107,0,298.0826784205187,201.8661176645285,True,0.999024485597126,1.0,0.8828276622257273,862,2,0,2,node_0_2,0.9663530185565646,1.0,0.9782667947279496,0.9123774774620478,0.9027614042311872,0.8975749381260648,0.8828276622257273,0.0,5,no_initial_change_moderate_loss,class_05,/Users/shunhao/Desktop/ML/lab/NEW/som_200h_reanalysis/02_selected_curve_database/paper_aligned_min4/x_time_h/10.1002_solr.202000650/Fig3_C_mppt_stability_performance_curve_voc/accepted/10.1002_solr.202000650__Fig3__C__mppt_stability_performance_curve_voc__Without_PFOTES__Series_1.csv
x_time_h/10.1002_solr.202100712/Fig6_B_stability_performance_curve/accepted/10.1002_solr.202100712__Fig6__B__stability_performance_curve__CF₃BZA-I__Series_3.csv,10.1002/solr.202100712|Fig6_B_stability_performance_curve|10.1002_solr.202100712__Fig6__B__stability_performance_curve__CF₃BZA-I__Series_3,/Users/shunhao/Desktop/ML/lab/data_all/x_time_h/10.1002_solr.202100712/Fig6_B_stability_performance_curve/accepted/10.1002_solr.202100712__Fig6__B__stability_performance_curve__CF₃BZA-I__Series_3.csv,x_time_h/10.1002_solr.202100712/Fig6_B_stability_performance_curve/accepted/10.1002_solr.202100712__Fig6__B__stability_performance_curve__CF₃BZA-I__Series_3.csv,10.1002/solr.202100712,Fig6_B_stability_performance_curve,Series_3,71,71,49,0,288.90613238030073,202.2342926662105,True,0.9684802334631748,1.0,0.8811073627580044,881,2,0,2,node_0_2,0.60820083778445,1.0,0.9798906106284281,0.9331561261733433,0.9153670759612816,0.9033939704430043,0.8811073627580044,0.0,5,no_initial_change_moderate_loss,class_05,/Users/shunhao/Desktop/ML/lab/NEW/som_200h_reanalysis/02_selected_curve_database/paper_aligned_min4/x_time_h/10.1002_solr.202100712/Fig6_B_stability_performance_curve/accepted/10.1002_solr.202100712__Fig6__B__stability_performance_curve__CF₃BZA-I__Series_3.csv
x_time_h/10.1007_s40820-021-00675-7/Fig5_C_jv_curve_stability_performance/accepted/10.1007_s40820-021-00675-7__Fig5__C__jv_curve_stability_performance__SnO₂_based_5×5_cm²_module__Series_1.csv,10.1007/s40820-021-00675-7|Fig5_C_jv_curve_stability_performance|10.1007_s40820-021-00675-7__Fig5__C__jv_curve_stability_performance__SnO₂_based_5×5_cm²_module__Series_1,/Users/shunhao/Desktop/ML/lab/data_all/x_time_h/10.1007_s40820-021-00675-7/Fig5_C_jv_curve_stability_performance/accepted/10.1007_s40820-021-00675-7__Fig5__C__jv_curve_stability_performance__SnO₂_based_5×5_cm²_module__Series_1.csv,x_time_h/10.1007_s40820-021-00675-7/Fig5_C_jv_curve_stability_performance/accepted/10.1007_s40820-021-00675-7__Fig5__C__jv_curve_stability_performance__SnO₂_based_5×5_cm²_module__Series_1.csv,10.1007/s40820-021-00675-7,Fig5_C_jv_curve_stability_performance,Series_1,63,63,26,0,494.8370493254823,207.5123110074603,True,0.9215707189183124,0.9854396084104292,0.8911288713214295,907,2,0,2,node_0_2,0.6192626448861216,0.9854396084104292,0.9986108045728286,0.9531007919854784,0.9014124747314785,0.8911288713214295,0.8911288713214295,13.666666666666666,5,no_initial_change_moderate_loss,class_05,/Users/shunhao/Desktop/ML/lab/NEW/som_200h_reanalysis/02_selected_curve_database/paper_aligned_min4/x_time_h/10.1007_s40820-021-00675-7/Fig5_C_jv_curve_stability_performance/accepted/10.1007_s40820-021-00675-7__Fig5__C__jv_curve_stability_performance__SnO₂_based_5×5_cm²_module__Series_1.csv
x_time_h/10.1007_s40820-024-01401-9/Fig5_K_mppt_stability_performance_curve_voc/accepted/10.1007_s40820-024-01401-9__Fig5__K__mppt_stability_performance_curve_voc__3D(initial_PCE_-19.5%)__Series_1.csv,10.1007/s40820-024-01401-9|Fig5_K_mppt_stability_performance_curve_voc|10.1007_s40820-024-01401-9__Fig5__K__mppt_stability_performance_curve_voc__3D(initial_PCE_-19.5%)__Series_1,/Users/shunhao/Desktop/ML/lab/data_all/x_time_h/10.1007_s40820-024-01401-9/Fig5_K_mppt_stability_performance_curve_voc/accepted/10.1007_s40820-024-01401-9__Fig5__K__mppt_stability_performance_curve_voc__3D(initial_PCE_-19.5%)__Series_1.csv,x_time_h/10.1007_s40820-024-01401-9/Fig5_K_mppt_stability_performance_curve_voc/accepted/10.1007_s40820-024-01401-9__Fig5__K__mppt_stability_performance_curve_voc__3D(initial_PCE_-19.5%)__Series_1.csv,10.1007/s40820-024-01401-9,Fig5_K_mppt_stability_performance_curve_voc,Series_1,74,74,30,0,487.5137032192608,200.34809721339485,True,0.9776902441804862,1.0,0.8908475241072448,915,2,0,2,node_0_2,0.647672108776535,1.0,0.977802713325917,0.9467707713099001,0.9305157862117956,0.9123380969197233,0.8908475241072448,0.0,5,no_initial_change_moderate_loss,class_05,/Users/shunhao/Desktop/ML/lab/NEW/som_200h_reanalysis/02_selected_curve_database/paper_aligned_min4/x_time_h/10.1007_s40820-024-01401-9/Fig5_K_mppt_stability_performance_curve_voc/accepted/10.1007_s40820-024-01401-9__Fig5__K__mppt_stability_performance_curve_voc__3D(initial_PCE_-19.5%)__Series_1.csv
"x_time_h/10.1016_j.apsusc.2019.04.069/Fig7_E_stability_performance_curve_pce/accepted/10.1016_j.apsusc.2019.04.069__Fig7__E__stability_performance_curve_pce__MAPbI,_with_TBP__Series_1.csv","10.1016/j.apsusc.2019.04.069|Fig7_E_stability_performance_curve_pce|10.1016_j.apsusc.2019.04.069__Fig7__E__stability_performance_curve_pce__MAPbI,_with_TBP__Series_1","/Users/shunhao/Desktop/ML/lab/data_all/x_time_h/10.1016_j.apsusc.2019.04.069/Fig7_E_stability_performance_curve_pce/accepted/10.1016_j.apsusc.2019.04.069__Fig7__E__stability_performance_curve_pce__MAPbI,_with_TBP__Series_1.csv","x_time_h/10.1016_j.apsusc.2019.04.069/Fig7_E_stability_performance_curve_pce/accepted/10.1016_j.apsusc.2019.04.069__Fig7__E__stability_performance_curve_pce__MAPbI,_with_TBP__Series_1.csv",10.1016/j.apsusc.2019.04.069,Fig7_E_stability_performance_curve_pce,Series_1,60,60,25,0,490.33593258722806,207.76946296068985,True,104.4342395029247,1.0,0.8821713719569834,926,2,0,2,node_0_2,0.750907181534906,1.0,0.9817739812930674,0.9310083573287794,0.9038233496770327,0.9085117594028319,0.8821713719569834,0.0,5,no_initial_change_moderate_loss,class_05,"/Users/shunhao/Desktop/ML/lab/NEW/som_200h_reanalysis/02_selected_curve_database/paper_aligned_min4/x_time_h/10.1016_j.apsusc.2019.04.069/Fig7_E_stability_performance_curve_pce/accepted/10.1016_j.apsusc.2019.04.069__Fig7__E__stability_performance_curve_pce__MAPbI,_with_TBP__Series_1.csv"
x_time_h/10.1016_j.cej.2020.126548/Fig7_A_stability_performance_curve_pce/accepted/10.1016_j.cej.2020.126548__Fig7__A__stability_performance_curve_pce__UV-360__Series_2.csv,10.1016/j.cej.2020.126548|Fig7_A_stability_performance_curve_pce|10.1016_j.cej.2020.126548__Fig7__A__stability_performance_curve_pce__UV-360__Series_2,/Users/shunhao/Desktop/ML/lab/data_all/x_time_h/10.1016_j.cej.2020.126548/Fig7_A_stability_performance_curve_pce/accepted/10.1016_j.cej.2020.126548__Fig7__A__stability_performance_curve_pce__UV-360__Series_2.csv,x_time_h/10.1016_j.cej.2020.126548/Fig7_A_stability_performance_curve_pce/accepted/10.1016_j.cej.2020.126548__Fig7__A__stability_performance_curve_pce__UV-360__Series_2.csv,10.1016/j.cej.2020.126548,Fig7_A_stability_performance_curve_pce,Series_2,48,48,32,0,295.51045902920583,201.1986104028636,True,1.010912868054797,0.989524271153251,0.8576599556818987,936,2,0,2,node_0_2,0.6982650628519469,0.989524271153251,0.9875448829691111,0.9996570502106119,0.9434797780377335,0.9064911102561378,0.8576599556818987,47.166666666666664,5,no_initial_change_moderate_loss,class_05,/Users/shunhao/Desktop/ML/lab/NEW/som_200h_reanalysis/02_selected_curve_database/paper_aligned_min4/x_time_h/10.1016_j.cej.2020.126548/Fig7_A_stability_performance_curve_pce/accepted/10.1016_j.cej.2020.126548__Fig7__A__stability_performance_curve_pce__UV-360__Series_2.csv
x_time_h/10.1016_j.cej.2020.127579/Fig6_B_stability_performance_curve_pce/accepted/10.1016_j.cej.2020.127579__Fig6__B__stability_performance_curve_pce__control__Series_1.csv,10.1016/j.cej.2020.127579|Fig6_B_stability_performance_curve_pce|10.1016_j.cej.2020.127579__Fig6__B__stability_performance_curve_pce__control__Series_1,/Users/shunhao/Desktop/ML/lab/data_all/x_time_h/10.1016_j.cej.2020.127579/Fig6_B_stability_performance_curve_pce/accepted/10.1016_j.cej.2020.127579__Fig6__B__stability_performance_curve_pce__control__Series_1.csv,x_time_h/10.1016_j.cej.2020.127579/Fig6_B_stability_performance_curve_pce/accepted/10.1016_j.cej.2020.127579__Fig6__B__stability_performance_curve_pce__control__Series_1.csv,10.1016/j.cej.2020.127579,Fig6_B_stability_performance_curve_pce,Series_1,88,88,5,0,4130.349935974709,237.37643310199485,True,0.981690180686871,1.0,0.8645445948994819,946,2,0,2,node_0_2,0.4674421194683877,1.0,0.990256061407487,0.9520457419716851,0.9064620197049991,0.8755138379179463,0.8645445948994819,0.0,5,no_initial_change_moderate_loss,class_05,/Users/shunhao/Desktop/ML/lab/NEW/som_200h_reanalysis/02_selected_curve_database/paper_aligned_min4/x_time_h/10.1016_j.cej.2020.127579/Fig6_B_stability_performance_curve_pce/accepted/10.1016_j.cej.2020.127579__Fig6__B__stability_performance_curve_pce__control__Series_1.csv
x_time_h/10.1016_j.cej.2021.130572/Fig5_B_stability_performance_curve_pce/accepted/10.1016_j.cej.2021.130572__Fig5__B__stability_performance_curve_pce__w_o_HEMA__Series_1.csv,10.1016/j.cej.2021.130572|Fig5_B_stability_performance_curve_pce|10.1016_j.cej.2021.130572__Fig5__B__stability_performance_curve_pce__w_o_HEMA__Series_1,/Users/shunhao/Desktop/ML/lab/data_all/x_time_h/10.1016_j.cej.2021.130572/Fig5_B_stability_performance_curve_pce/accepted/10.1016_j.cej.2021.130572__Fig5__B__stability_performance_curve_pce__w_o_HEMA__Series_1.csv,x_time_h/10.1016_j.cej.2021.130572/Fig5_B_stability_performance_curve_pce/accepted/10.1016_j.cej.2021.130572__Fig5__B__stability_performance_curve_pce__w_o_HEMA__Series_1.csv,10.1016/j.cej.2021.130572,Fig5_B_stability_performance_curve_pce,Series_1,44,44,13,0,666.7046508786257,201.56187119586355,True,1.0073126599555682,0.985893976312273,0.8117860367390616,952,2,0,2,node_0_2,1.2608015653369655,0.985893976312273,0.9851536938075565,0.994502990838156,0.9882054496748641,0.8858277906065047,0.8117860367390616,85.16666666666666,5,no_initial_change_moderate_loss,class_05,/Users/shunhao/Desktop/ML/lab/NEW/som_200h_reanalysis/02_selected_curve_database/paper_aligned_min4/x_time_h/10.1016_j.cej.2021.130572/Fig5_B_stability_performance_curve_pce/accepted/10.1016_j.cej.2021.130572__Fig5__B__stability_performance_curve_pce__w_o_HEMA__Series_1.csv
x_time_h/10.1016_j.cej.2021.131185/Fig7_A_stability_performance_curve_plot/accepted/10.1016_j.cej.2021.131185__Fig7__A__stability_performance_curve_plot__3D__Series_1.csv,10.1016/j.cej.2021.131185|Fig7_A_stability_performance_curve_plot|10.1016_j.cej.2021.131185__Fig7__A__stability_performance_curve_plot__3D__Series_1,/Users/shunhao/Desktop/ML/lab/data_all/x_time_h/10.1016_j.cej.2021.131185/Fig7_A_stability_performance_curve_plot/accepted/10.1016_j.cej.2021.131185__Fig7__A__stability_performance_curve_plot__3D__Series_1.csv,x_time_h/10.1016_j.cej.2021.131185/Fig7_A_stability_performance_curve_plot/accepted/10.1016_j.cej.2021.131185__Fig7__A__stability_performance_curve_plot__3D__Series_1.csv,10.1016/j.cej.2021.131185,Fig7_A_stability_performance_curve_plot,Series_1,77,77,15,0,1041.3714002177107,205.5338289903376,True,0.9943698316560532,1.0,0.8880648334364415,954,2,0,2,node_0_2,0.5246459816875519,1.0,0.9914049173321181,0.9679682142698166,0.9348419510750401,0.9067869302179185,0.8880648334364415,0.0,5,no_initial_change_moderate_loss,class_05,/Users/shunhao/Desktop/ML/lab/NEW/som_200h_reanalysis/02_selected_curve_database/paper_aligned_min4/x_time_h/10.1016_j.cej.2021.131185/Fig7_A_stability_performance_curve_plot/accepted/10.1016_j.cej.2021.131185__Fig7__A__stability_performance_curve_plot__3D__Series_1.csv
x_time_h/10.1016_j.cej.2022.139047/Fig5_H_stability_performance_curve/accepted/10.1016_j.cej.2022.139047__Fig5__H__stability_performance_curve__Pristine__Series_2.csv,10.1016/j.cej.2022.139047|Fig5_H_stability_performance_curve|10.1016_j.cej.2022.139047__Fig5__H__stability_performance_curve__Pristine__Series_2,/Users/shunhao/Desktop/ML/lab/data_all/x_time_h/10.1016_j.cej.2022.139047/Fig5_H_stability_performance_curve/accepted/10.1016_j.cej.2022.139047__Fig5__H__stability_performance_curve__Pristine__Series_2.csv,x_time_h/10.1016_j.cej.2022.139047/Fig5_H_stability_performance_curve/accepted/10.1016_j.cej.2022.139047__Fig5__H__stability_performance_curve__Pristine__Series_2.csv,10.1016/j.cej.2022.139047,Fig5_H_stability_performance_curve,Series_2,26,26,8,0,631.8955371741354,202.2065718957233,True,99.50384317849932,0.9992905625419144,0.8310582734365306,960,2,0,2,node_0_2,0.5476988122815561,0.9992905625419143,0.9998529225799132,0.9652965763694578,0.9019627515593756,0.8769366216081989,0.8310582734365306,7.0,5,no_initial_change_moderate_loss,class_05,/Users/shunhao/Desktop/ML/lab/NEW/som_200h_reanalysis/02_selected_curve_database/paper_aligned_min4/x_time_h/10.1016_j.cej.2022.139047/Fig5_H_stability_performance_curve/accepted/10.1016_j.cej.2022.139047__Fig5__H__stability_performance_curve__Pristine__Series_2.csv
x_time_h/10.1016_j.jcis.2021.07.058/Fig4_B_stability_performance_curve_pce/accepted/10.1016_j.jcis.2021.07.058__Fig4__B__stability_performance_curve_pce__(SnS₂_SnS)_PVK+DTA_CuSCN_C__Series_4.csv,10.1016/j.jcis.2021.07.058|Fig4_B_stability_performance_curve_pce|10.1016_j.jcis.2021.07.058__Fig4__B__stability_performance_curve_pce__(SnS₂_SnS)_PVK+DTA_CuSCN_C__Series_4,/Users/shunhao/Desktop/ML/lab/data_all/x_time_h/10.1016_j.jcis.2021.07.058/Fig4_B_stability_performance_curve_pce/accepted/10.1016_j.jcis.2021.07.058__Fig4__B__stability_performance_curve_pce__(SnS₂_SnS)_PVK+DTA_CuSCN_C__Series_4.csv,x_time_h/10.1016_j.jcis.2021.07.058/Fig4_B_stability_performance_curve_pce/accepted/10.1016_j.jcis.2021.07.058__Fig4__B__stability_performance_curve_pce__(SnS₂_SnS)_PVK+DTA_CuSCN_C__Series_4.csv,10.1016/j.jcis.2021.07.058,Fig4_B_stability_performance_curve_pce,Series_4,28,28,19,0,286.51173636413125,201.6193700340183,True,1.053824770301631,0.9500794421317378,0.843860926201312,982,2,0,2,node_0_2,0.7545520338590983,0.9500794421317378,0.9633965351415852,0.9995211749018382,0.938403779955923,0.8780531800913282,0.843860926201312,47.166666666666664,5,no_initial_change_moderate_loss,class_05,/Users/shunhao/Desktop/ML/lab/NEW/som_200h_reanalysis/02_selected_curve_database/paper_aligned_min4/x_time_h/10.1016_j.jcis.2021.07.058/Fig4_B_stability_performance_curve_pce/accepted/10.1016_j.jcis.2021.07.058__Fig4__B__stability_performance_curve_pce__(SnS₂_SnS)_PVK+DTA_CuSCN_C__Series_4.csv
x_time_h/10.1016_j.jechem.2019.08.015/Fig5_D_stability_performance_curve_ff/accepted/10.1016_j.jechem.2019.08.015__Fig5__D__stability_performance_curve_ff__IDT1__Series_2.csv,10.1016/j.jechem.2019.08.015|Fig5_D_stability_performance_curve_ff|10.1016_j.jechem.2019.08.015__Fig5__D__stability_performance_curve_ff__IDT1__Series_2,/Users/shunhao/Desktop/ML/lab/data_all/x_time_h/10.1016_j.jechem.2019.08.015/Fig5_D_stability_performance_curve_ff/accepted/10.1016_j.jechem.2019.08.015__Fig5__D__stability_performance_curve_ff__IDT1__Series_2.csv,x_time_h/10.1016_j.jechem.2019.08.015/Fig5_D_stability_performance_curve_ff/accepted/10.1016_j.jechem.2019.08.015__Fig5__D__stability_performance_curve_ff__IDT1__Series_2.csv,10.1016/j.jechem.2019.08.015,Fig5_D_stability_performance_curve_ff,Series_2,64,64,26,0,498.72024347930414,205.82105286447472,True,19.52468221503364,0.9398984826172015,0.8619775271999396,986,2,0,2,node_0_2,0.6884581390779919,0.9398984826172017,0.9587765996242194,0.9906585598182621,0.941166058369782,0.8899931463199185,0.8619775271999396,31.0,5,no_initial_change_moderate_loss,class_05,/Users/shunhao/Desktop/ML/lab/NEW/som_200h_reanalysis/02_selected_curve_database/paper_aligned_min4/x_time_h/10.1016_j.jechem.2019.08.015/Fig5_D_stability_performance_curve_ff/accepted/10.1016_j.jechem.2019.08.015__Fig5__D__stability_performance_curve_ff__IDT1__Series_2.csv
x_time_h/10.1016_j.jechem.2019.08.015/Fig5_D_stability_performance_curve_ff/accepted/10.1016_j.jechem.2019.08.015__Fig5__D__stability_performance_curve_ff__Spiro-OMeTAD__Series_3.csv,10.1016/j.jechem.2019.08.015|Fig5_D_stability_performance_curve_ff|10.1016_j.jechem.2019.08.015__Fig5__D__stability_performance_curve_ff__Spiro-OMeTAD__Series_3,/Users/shunhao/Desktop/ML/lab/data_all/x_time_h/10.1016_j.jechem.2019.08.015/Fig5_D_stability_performance_curve_ff/accepted/10.1016_j.jechem.2019.08.015__Fig5__D__stability_performance_curve_ff__Spiro-OMeTAD__Series_3.csv,x_time_h/10.1016_j.jechem.2019.08.015/Fig5_D_stability_performance_curve_ff/accepted/10.1016_j.jechem.2019.08.015__Fig5__D__stability_performance_curve_ff__Spiro-OMeTAD__Series_3.csv,10.1016/j.jechem.2019.08.015,Fig5_D_stability_performance_curve_ff,Series_3,64,64,26,0,498.72024347930414,205.8210528644747,True,19.239838476967464,0.9960690697036696,0.8596059897481921,988,2,0,2,node_0_2,0.374093277899399,0.9960690697036695,0.9979562767908808,0.9765671809817393,0.9250937253785112,0.8803184203830987,0.8596059897481921,23.666666666666664,5,no_initial_change_moderate_loss,class_05,/Users/shunhao/Desktop/ML/lab/NEW/som_200h_reanalysis/02_selected_curve_database/paper_aligned_min4/x_time_h/10.1016_j.jechem.2019.08.015/Fig5_D_stability_performance_curve_ff/accepted/10.1016_j.jechem.2019.08.015__Fig5__D__stability_performance_curve_ff__Spiro-OMeTAD__Series_3.csv
x_time_h/10.1016_j.jechem.2021.04.063/Fig6_C_stability_performance_curve_pce/accepted/10.1016_j.jechem.2021.04.063__Fig6__C__stability_performance_curve_pce__Control__Series_1.csv,10.1016/j.jechem.2021.04.063|Fig6_C_stability_performance_curve_pce|10.1016_j.jechem.2021.04.063__Fig6__C__stability_performance_curve_pce__Control__Series_1,/Users/shunhao/Desktop/ML/lab/data_all/x_time_h/10.1016_j.jechem.2021.04.063/Fig6_C_stability_performance_curve_pce/accepted/10.1016_j.jechem.2021.04.063__Fig6__C__stability_performance_curve_pce__Control__Series_1.csv,x_time_h/10.1016_j.jechem.2021.04.063/Fig6_C_stability_performance_curve_pce/accepted/10.1016_j.jechem.2021.04.063__Fig6__C__stability_performance_curve_pce__Control__Series_1.csv,10.1016/j.jechem.2021.04.063,Fig6_C_stability_performance_curve_pce,Series_1,84,80,54,4,293.9031374373602,200.8958154635121,True,0.9979977364631776,1.0,0.8580932775673544,1003,2,0,2,node_0_2,0.3020892269474536,1.0,0.9926115939401692,0.9690746982519435,0.9099440708904641,0.8835509420905365,0.8580932775673544,0.0,5,no_initial_change_moderate_loss,class_05,/Users/shunhao/Desktop/ML/lab/NEW/som_200h_reanalysis/02_selected_curve_database/paper_aligned_min4/x_time_h/10.1016_j.jechem.2021.04.063/Fig6_C_stability_performance_curve_pce/accepted/10.1016_j.jechem.2021.04.063__Fig6__C__stability_performance_curve_pce__Control__Series_1.csv
x_time_h/10.1016_j.jechem.2021.05.042/Fig6_E_stability_performance_curve_pce/accepted/10.1016_j.jechem.2021.05.042__Fig6__E__stability_performance_curve_pce__Control__Series_1.csv,10.1016/j.jechem.2021.05.042|Fig6_E_stability_performance_curve_pce|10.1016_j.jechem.2021.05.042__Fig6__E__stability_performance_curve_pce__Control__Series_1,/Users/shunhao/Desktop/ML/lab/data_all/x_time_h/10.1016_j.jechem.2021.05.042/Fig6_E_stability_performance_curve_pce/accepted/10.1016_j.jechem.2021.05.042__Fig6__E__stability_performance_curve_pce__Control__Series_1.csv,x_time_h/10.1016_j.jechem.2021.05.042/Fig6_E_stability_performance_curve_pce/accepted/10.1016_j.jechem.2021.05.042__Fig6__E__stability_performance_curve_pce__Control__Series_1.csv,10.1016/j.jechem.2021.05.042,Fig6_E_stability_performance_curve_pce,Series_1,60,60,5,0,2394.977058292577,202.9641574824218,True,0.9911511786556876,1.0,0.8344430333407278,1008,2,0,2,node_0_2,0.3397186027408193,1.0,0.9957415480044662,0.9709396901750555,0.9285789945149702,0.8805419861717064,0.8344430333407278,0.0,5,no_initial_change_moderate_loss,class_05,/Users/shunhao/Desktop/ML/lab/NEW/som_200h_reanalysis/02_selected_curve_database/paper_aligned_min4/x_time_h/10.1016_j.jechem.2021.05.042/Fig6_E_stability_performance_curve_pce/accepted/10.1016_j.jechem.2021.05.042__Fig6__E__stability_performance_curve_pce__Control__Series_1.csv
x_time_h/10.1016_j.jmrt.2021.04.070/Fig4_F_sem_image_stability_performance_curve_pce/accepted/10.1016_j.jmrt.2021.04.070__Fig4__F__sem_image_stability_performance_curve_pce__DEP__Series_2.csv,10.1016/j.jmrt.2021.04.070|Fig4_F_sem_image_stability_performance_curve_pce|10.1016_j.jmrt.2021.04.070__Fig4__F__sem_image_stability_performance_curve_pce__DEP__Series_2,/Users/shunhao/Desktop/ML/lab/data_all/x_time_h/10.1016_j.jmrt.2021.04.070/Fig4_F_sem_image_stability_performance_curve_pce/accepted/10.1016_j.jmrt.2021.04.070__Fig4__F__sem_image_stability_performance_curve_pce__DEP__Series_2.csv,x_time_h/10.1016_j.jmrt.2021.04.070/Fig4_F_sem_image_stability_performance_curve_pce/accepted/10.1016_j.jmrt.2021.04.070__Fig4__F__sem_image_stability_performance_curve_pce__DEP__Series_2.csv,10.1016/j.jmrt.2021.04.070,Fig4_F_sem_image_stability_performance_curve_pce,Series_2,38,38,8,0,978.7034562861288,211.61155811591976,True,0.9803559493737242,1.0,0.9029971784341638,1017,2,0,2,node_0_2,0.5584225534127123,1.0,0.9933921406001281,0.9534311109394397,0.9146804558566298,0.9007076496256191,0.9029971784341638,0.0,5,no_initial_change_moderate_loss,class_05,/Users/shunhao/Desktop/ML/lab/NEW/som_200h_reanalysis/02_selected_curve_database/paper_aligned_min4/x_time_h/10.1016_j.jmrt.2021.04.070/Fig4_F_sem_image_stability_performance_curve_pce/accepted/10.1016_j.jmrt.2021.04.070__Fig4__F__sem_image_stability_performance_curve_pce__DEP__Series_2.csv
x_time_h/10.1016_j.joule.2018.10.011/Fig4_E_jv_curve_stability_performance_pce/accepted/10.1016_j.joule.2018.10.011__Fig4__E__jv_curve_stability_performance_pce__GTA-ATS-Tol__Series_2.csv,10.1016/j.joule.2018.10.011|Fig4_E_jv_curve_stability_performance_pce|10.1016_j.joule.2018.10.011__Fig4__E__jv_curve_stability_performance_pce__GTA-ATS-Tol__Series_2,/Users/shunhao/Desktop/ML/lab/data_all/x_time_h/10.1016_j.joule.2018.10.011/Fig4_E_jv_curve_stability_performance_pce/accepted/10.1016_j.joule.2018.10.011__Fig4__E__jv_curve_stability_performance_pce__GTA-ATS-Tol__Series_2.csv,x_time_h/10.1016_j.joule.2018.10.011/Fig4_E_jv_curve_stability_performance_pce/accepted/10.1016_j.joule.2018.10.011__Fig4__E__jv_curve_stability_performance_pce__GTA-ATS-Tol__Series_2.csv,10.1016/j.joule.2018.10.011,Fig4_E_jv_curve_stability_performance_pce,Series_2,115,115,22,0,1040.2152700768283,200.7432977341248,True,0.9988481833859842,0.9959556475052976,0.8529573097896836,1020,2,0,2,node_0_2,0.5065143137326801,0.9959556475052977,0.99978079908046,0.9800084014639817,0.9445824235806799,0.8970239335495536,0.8529573097896836,8.166666666666666,5,no_initial_change_moderate_loss,class_05,/Users/shunhao/Desktop/ML/lab/NEW/som_200h_reanalysis/02_selected_curve_database/paper_aligned_min4/x_time_h/10.1016_j.joule.2018.10.011/Fig4_E_jv_curve_stability_performance_pce/accepted/10.1016_j.joule.2018.10.011__Fig4__E__jv_curve_stability_performance_pce__GTA-ATS-Tol__Series_2.csv
x_time_h/10.1016_j.joule.2018.10.011/Fig4_E_jv_curve_stability_performance_pce/accepted/10.1016_j.joule.2018.10.011__Fig4__E__jv_curve_stability_performance_pce__GTA__Series_1.csv,10.1016/j.joule.2018.10.011|Fig4_E_jv_curve_stability_performance_pce|10.1016_j.joule.2018.10.011__Fig4__E__jv_curve_stability_performance_pce__GTA__Series_1,/Users/shunhao/Desktop/ML/lab/data_all/x_time_h/10.1016_j.joule.2018.10.011/Fig4_E_jv_curve_stability_performance_pce/accepted/10.1016_j.joule.2018.10.011__Fig4__E__jv_curve_stability_performance_pce__GTA__Series_1.csv,x_time_h/10.1016_j.joule.2018.10.011/Fig4_E_jv_curve_stability_performance_pce/accepted/10.1016_j.joule.2018.10.011__Fig4__E__jv_curve_stability_performance_pce__GTA__Series_1.csv,10.1016/j.joule.2018.10.011,Fig4_E_jv_curve_stability_performance_pce,Series_1,116,116,22,0,1049.3399654283796,200.7432977341248,True,1.0027527385805066,1.0,0.8814860671205386,1021,2,0,2,node_0_2,0.4049801893784773,1.0,0.9956752687730234,0.964510356344371,0.9288593721682185,0.90319210941237,0.8814860671205386,0.0,5,no_initial_change_moderate_loss,class_05,/Users/shunhao/Desktop/ML/lab/NEW/som_200h_reanalysis/02_selected_curve_database/paper_aligned_min4/x_time_h/10.1016_j.joule.2018.10.011/Fig4_E_jv_curve_stability_performance_pce/accepted/10.1016_j.joule.2018.10.011__Fig4__E__jv_curve_stability_performance_pce__GTA__Series_1.csv
x_time_h/10.1016_j.jpcs.2020.109792/Fig5_B_stability_performance_curve_pce/accepted/10.1016_j.jpcs.2020.109792__Fig5__B__stability_performance_curve_pce__ACN_0%__Series_2.csv,10.1016/j.jpcs.2020.109792|Fig5_B_stability_performance_curve_pce|10.1016_j.jpcs.2020.109792__Fig5__B__stability_performance_curve_pce__ACN_0%__Series_2,/Users/shunhao/Desktop/ML/lab/data_all/x_time_h/10.1016_j.jpcs.2020.109792/Fig5_B_stability_performance_curve_pce/accepted/10.1016_j.jpcs.2020.109792__Fig5__B__stability_performance_curve_pce__ACN_0%__Series_2.csv,x_time_h/10.1016_j.jpcs.2020.109792/Fig5_B_stability_performance_curve_pce/accepted/10.1016_j.jpcs.2020.109792__Fig5__B__stability_performance_curve_pce__ACN_0%__Series_2.csv,10.1016/j.jpcs.2020.109792,Fig5_B_stability_performance_curve_pce,Series_2,54,54,19,0,584.1196787729908,209.40139427710992,True,1.0010706394362694,1.0,0.8588563831274602,1027,2,0,2,node_0_2,0.23800023482188387,1.0,0.993666944443528,0.9575333529611116,0.9122295540364537,0.8899660222586203,0.8588563831274602,0.0,5,no_initial_change_moderate_loss,class_05,/Users/shunhao/Desktop/ML/lab/NEW/som_200h_reanalysis/02_selected_curve_database/paper_aligned_min4/x_time_h/10.1016_j.jpcs.2020.109792/Fig5_B_stability_performance_curve_pce/accepted/10.1016_j.jpcs.2020.109792__Fig5__B__stability_performance_curve_pce__ACN_0%__Series_2.csv
x_time_h/10.1016_j.jpowsour.2019.227386/Fig8_D_stability_performance_curve_pce/accepted/10.1016_j.jpowsour.2019.227386__Fig8__D__stability_performance_curve_pce__Trad-Mixed-PSC__Series_3.csv,10.1016/j.jpowsour.2019.227386|Fig8_D_stability_performance_curve_pce|10.1016_j.jpowsour.2019.227386__Fig8__D__stability_performance_curve_pce__Trad-Mixed-PSC__Series_3,/Users/shunhao/Desktop/ML/lab/data_all/x_time_h/10.1016_j.jpowsour.2019.227386/Fig8_D_stability_performance_curve_pce/accepted/10.1016_j.jpowsour.2019.227386__Fig8__D__stability_performance_curve_pce__Trad-Mixed-PSC__Series_3.csv,x_time_h/10.1016_j.jpowsour.2019.227386/Fig8_D_stability_performance_curve_pce/accepted/10.1016_j.jpowsour.2019.227386__Fig8__D__stability_performance_curve_pce__Trad-Mixed-PSC__Series_3.csv,10.1016/j.jpowsour.2019.227386,Fig8_D_stability_performance_curve_pce,Series_3,66,66,12,0,1215.9029082903485,202.65048471505807,True,99.87948267933017,1.0,0.886121769238182,1032,2,0,2,node_0_2,0.5076929657157425,1.0,0.9883942587746947,0.945020928158519,0.9232588783228158,0.9034311864620953,0.886121769238182,0.0,5,no_initial_change_moderate_loss,class_05,/Users/shunhao/Desktop/ML/lab/NEW/som_200h_reanalysis/02_selected_curve_database/paper_aligned_min4/x_time_h/10.1016_j.jpowsour.2019.227386/Fig8_D_stability_performance_curve_pce/accepted/10.1016_j.jpowsour.2019.227386__Fig8__D__stability_performance_curve_pce__Trad-Mixed-PSC__Series_3.csv
x_time_h/10.1016_j.jpowsour.2021.229621/Fig4_E_stability_performance_curve_pce/accepted/10.1016_j.jpowsour.2021.229621__Fig4__E__stability_performance_curve_pce__Control__Series_1.csv,10.1016/j.jpowsour.2021.229621|Fig4_E_stability_performance_curve_pce|10.1016_j.jpowsour.2021.229621__Fig4__E__stability_performance_curve_pce__Control__Series_1,/Users/shunhao/Desktop/ML/lab/data_all/x_time_h/10.1016_j.jpowsour.2021.229621/Fig4_E_stability_performance_curve_pce/accepted/10.1016_j.jpowsour.2021.229621__Fig4__E__stability_performance_curve_pce__Control__Series_1.csv,x_time_h/10.1016_j.jpowsour.2021.229621/Fig4_E_stability_performance_curve_pce/accepted/10.1016_j.jpowsour.2021.229621__Fig4__E__stability_performance_curve_pce__Control__Series_1.csv,10.1016/j.jpowsour.2021.229621,Fig4_E_stability_performance_curve_pce,Series_1,53,53,16,0,677.3821715438504,208.425283551954,True,0.973402808276125,0.9633240276858598,0.9157518615349411,1035,2,0,2,node_0_2,1.3847328597773285,0.9633240276858598,0.9502849317428109,0.9974237599909842,0.8708535049883592,0.9118675798553607,0.9157518615349411,46.83333333333333,5,no_initial_change_moderate_loss,class_05,/Users/shunhao/Desktop/ML/lab/NEW/som_200h_reanalysis/02_selected_curve_database/paper_aligned_min4/x_time_h/10.1016_j.jpowsour.2021.229621/Fig4_E_stability_performance_curve_pce/accepted/10.1016_j.jpowsour.2021.229621__Fig4__E__stability_performance_curve_pce__Control__Series_1.csv
x_time_h/10.1016_j.nanoen.2018.09.037/Fig6_B_stability_performance_curve_pce/accepted/10.1016_j.nanoen.2018.09.037__Fig6__B__stability_performance_curve_pce__without_DRCN5T__Series_2.csv,10.1016/j.nanoen.2018.09.037|Fig6_B_stability_performance_curve_pce|10.1016_j.nanoen.2018.09.037__Fig6__B__stability_performance_curve_pce__without_DRCN5T__Series_2,/Users/shunhao/Desktop/ML/lab/data_all/x_time_h/10.1016_j.nanoen.2018.09.037/Fig6_B_stability_performance_curve_pce/accepted/10.1016_j.nanoen.2018.09.037__Fig6__B__stability_performance_curve_pce__without_DRCN5T__Series_2.csv,x_time_h/10.1016_j.nanoen.2018.09.037/Fig6_B_stability_performance_curve_pce/accepted/10.1016_j.nanoen.2018.09.037__Fig6__B__stability_performance_curve_pce__without_DRCN5T__Series_2.csv,10.1016/j.nanoen.2018.09.037,Fig6_B_stability_performance_curve_pce,Series_2,67,67,14,0,1005.4878148401616,213.285294057004,True,1.0174983778465778,1.0,0.8560383588766602,1060,2,0,2,node_0_2,0.27245698167061627,1.0,0.9961953915545843,0.9725720707121996,0.9318004602134082,0.8837117769445684,0.8560383588766602,0.0,5,no_initial_change_moderate_loss,class_05,/Users/shunhao/Desktop/ML/lab/NEW/som_200h_reanalysis/02_selected_curve_database/paper_aligned_min4/x_time_h/10.1016_j.nanoen.2018.09.037/Fig6_B_stability_performance_curve_pce/accepted/10.1016_j.nanoen.2018.09.037__Fig6__B__stability_performance_curve_pce__without_DRCN5T__Series_2.csv
x_time_h/10.1016_j.nanoen.2019.02.009/Fig6_A_stability_performance_curve/accepted/10.1016_j.nanoen.2019.02.009__Fig6__A__stability_performance_curve__MAPbI₃__Series_1.csv,10.1016/j.nanoen.2019.02.009|Fig6_A_stability_performance_curve|10.1016_j.nanoen.2019.02.009__Fig6__A__stability_performance_curve__MAPbI₃__Series_1,/Users/shunhao/Desktop/ML/lab/data_all/x_time_h/10.1016_j.nanoen.2019.02.009/Fig6_A_stability_performance_curve/accepted/10.1016_j.nanoen.2019.02.009__Fig6__A__stability_performance_curve__MAPbI₃__Series_1.csv,x_time_h/10.1016_j.nanoen.2019.02.009/Fig6_A_stability_performance_curve/accepted/10.1016_j.nanoen.2019.02.009__Fig6__A__stability_performance_curve__MAPbI₃__Series_1.csv,10.1016/j.nanoen.2019.02.009,Fig6_A_stability_performance_curve,Series_1,38,38,15,0,503.9028003499948,204.28491906080868,True,1.006699268357615,0.9717344607356768,0.8262170596366841,1064,2,0,2,node_0_2,0.6174457261153327,0.9717344607356767,0.9813546642870697,0.9858667556004644,0.944559095943708,0.8896168535126906,0.8262170596366841,31.833333333333332,5,no_initial_change_moderate_loss,class_05,/Users/shunhao/Desktop/ML/lab/NEW/som_200h_reanalysis/02_selected_curve_database/paper_aligned_min4/x_time_h/10.1016_j.nanoen.2019.02.009/Fig6_A_stability_performance_curve/accepted/10.1016_j.nanoen.2019.02.009__Fig6__A__stability_performance_curve__MAPbI₃__Series_1.csv
x_time_h/10.1016_j.nanoen.2019.02.070/Fig6_A_stability_performance_curve_pce/accepted/10.1016_j.nanoen.2019.02.070__Fig6__A__stability_performance_curve_pce__MAPbI__Series_2.csv,10.1016/j.nanoen.2019.02.070|Fig6_A_stability_performance_curve_pce|10.1016_j.nanoen.2019.02.070__Fig6__A__stability_performance_curve_pce__MAPbI__Series_2,/Users/shunhao/Desktop/ML/lab/data_all/x_time_h/10.1016_j.nanoen.2019.02.070/Fig6_A_stability_performance_curve_pce/accepted/10.1016_j.nanoen.2019.02.070__Fig6__A__stability_performance_curve_pce__MAPbI__Series_2.csv,x_time_h/10.1016_j.nanoen.2019.02.070/Fig6_A_stability_performance_curve_pce/accepted/10.1016_j.nanoen.2019.02.070__Fig6__A__stability_performance_curve_pce__MAPbI__Series_2.csv,10.1016/j.nanoen.2019.02.070,Fig6_A_stability_performance_curve_pce,Series_2,52,52,21,0,485.9942878292306,200.11529498850675,True,1.0040067771091146,1.0,0.866711541290964,1067,2,0,2,node_0_2,0.24199183087510387,1.0,0.9929396487383804,0.963014975408729,0.9300496556521307,0.8989426916660829,0.866711541290964,0.0,5,no_initial_change_moderate_loss,class_05,/Users/shunhao/Desktop/ML/lab/NEW/som_200h_reanalysis/02_selected_curve_database/paper_aligned_min4/x_time_h/10.1016_j.nanoen.2019.02.070/Fig6_A_stability_performance_curve_pce/accepted/10.1016_j.nanoen.2019.02.070__Fig6__A__stability_performance_curve_pce__MAPbI__Series_2.csv
x_time_h/10.1016_j.nanoen.2019.03.091/Fig7_B_mppt_stability_performance_curve_pce/accepted/10.1016_j.nanoen.2019.03.091__Fig7__B__mppt_stability_performance_curve_pce__Control_device__Series_1.csv,10.1016/j.nanoen.2019.03.091|Fig7_B_mppt_stability_performance_curve_pce|10.1016_j.nanoen.2019.03.091__Fig7__B__mppt_stability_performance_curve_pce__Control_device__Series_1,/Users/shunhao/Desktop/ML/lab/data_all/x_time_h/10.1016_j.nanoen.2019.03.091/Fig7_B_mppt_stability_performance_curve_pce/accepted/10.1016_j.nanoen.2019.03.091__Fig7__B__mppt_stability_performance_curve_pce__Control_device__Series_1.csv,x_time_h/10.1016_j.nanoen.2019.03.091/Fig7_B_mppt_stability_performance_curve_pce/accepted/10.1016_j.nanoen.2019.03.091__Fig7__B__mppt_stability_performance_curve_pce__Control_device__Series_1.csv,10.1016/j.nanoen.2019.03.091,Fig7_B_mppt_stability_performance_curve_pce,Series_1,84,84,41,0,410.80572119917474,202.9281273393513,True,0.947268785357094,0.9967399323790852,0.880796229875888,1071,2,0,2,node_0_2,0.37498122098950226,0.9967399323790853,0.9994180850891602,0.9633739006491361,0.9223642014463871,0.8980026386195156,0.880796229875888,7.833333333333333,5,no_initial_change_moderate_loss,class_05,/Users/shunhao/Desktop/ML/lab/NEW/som_200h_reanalysis/02_selected_curve_database/paper_aligned_min4/x_time_h/10.1016_j.nanoen.2019.03.091/Fig7_B_mppt_stability_performance_curve_pce/accepted/10.1016_j.nanoen.2019.03.091__Fig7__B__mppt_stability_performance_curve_pce__Control_device__Series_1.csv
x_time_h/10.1016_j.nanoen.2020.104940/Fig5_B_stability_performance_curve_pce/accepted/10.1016_j.nanoen.2020.104940__Fig5__B__stability_performance_curve_pce__4-ePy__Series_2.csv,10.1016/j.nanoen.2020.104940|Fig5_B_stability_performance_curve_pce|10.1016_j.nanoen.2020.104940__Fig5__B__stability_performance_curve_pce__4-ePy__Series_2,/Users/shunhao/Desktop/ML/lab/data_all/x_time_h/10.1016_j.nanoen.2020.104940/Fig5_B_stability_performance_curve_pce/accepted/10.1016_j.nanoen.2020.104940__Fig5__B__stability_performance_curve_pce__4-ePy__Series_2.csv,x_time_h/10.1016_j.nanoen.2020.104940/Fig5_B_stability_performance_curve_pce/accepted/10.1016_j.nanoen.2020.104940__Fig5__B__stability_performance_curve_pce__4-ePy__Series_2.csv,10.1016/j.nanoen.2020.104940,Fig5_B_stability_performance_curve_pce,Series_2,100,100,41,0,489.45029559197576,202.701637568394,True,99.52893587231672,1.0,0.8347044674870566,1088,2,0,2,node_0_2,0.5101483772117583,1.0,0.9798471182830207,0.9490849545492409,0.9051083757179672,0.8870636863135799,0.8347044674870566,0.0,5,no_initial_change_moderate_loss,class_05,/Users/shunhao/Desktop/ML/lab/NEW/som_200h_reanalysis/02_selected_curve_database/paper_aligned_min4/x_time_h/10.1016_j.nanoen.2020.104940/Fig5_B_stability_performance_curve_pce/accepted/10.1016_j.nanoen.2020.104940__Fig5__B__stability_performance_curve_pce__4-ePy__Series_2.csv
x_time_h/10.1016_j.nanoen.2020.105019/Fig2_C_stability_performance_curve/accepted/10.1016_j.nanoen.2020.105019__Fig2__C__stability_performance_curve__TiO2_Pero_CuSCN_C__Series_1.csv,10.1016/j.nanoen.2020.105019|Fig2_C_stability_performance_curve|10.1016_j.nanoen.2020.105019__Fig2__C__stability_performance_curve__TiO2_Pero_CuSCN_C__Series_1,/Users/shunhao/Desktop/ML/lab/data_all/x_time_h/10.1016_j.nanoen.2020.105019/Fig2_C_stability_performance_curve/accepted/10.1016_j.nanoen.2020.105019__Fig2__C__stability_performance_curve__TiO2_Pero_CuSCN_C__Series_1.csv,x_time_h/10.1016_j.nanoen.2020.105019/Fig2_C_stability_performance_curve/accepted/10.1016_j.nanoen.2020.105019__Fig2__C__stability_performance_curve__TiO2_Pero_CuSCN_C__Series_1.csv,10.1016/j.nanoen.2020.105019,Fig2_C_stability_performance_curve,Series_1,38,38,34,0,219.06973378960492,201.30732294179916,True,1.0036874951376609,1.0,0.8864998356925867,1090,2,0,2,node_0_2,0.45918524960528273,1.0,0.9888332262183885,0.9502232854163996,0.9153252082322916,0.896158454268826,0.8864998356925867,0.0,5,no_initial_change_moderate_loss,class_05,/Users/shunhao/Desktop/ML/lab/NEW/som_200h_reanalysis/02_selected_curve_database/paper_aligned_min4/x_time_h/10.1016_j.nanoen.2020.105019/Fig2_C_stability_performance_curve/accepted/10.1016_j.nanoen.2020.105019__Fig2__C__stability_performance_curve__TiO2_Pero_CuSCN_C__Series_1.csv
x_time_h/10.1016_j.nanoen.2020.105181/Fig6_A_stability_performance_curve_pce/accepted/10.1016_j.nanoen.2020.105181__Fig6__A__stability_performance_curve_pce__S5__Series_1.csv,10.1016/j.nanoen.2020.105181|Fig6_A_stability_performance_curve_pce|10.1016_j.nanoen.2020.105181__Fig6__A__stability_performance_curve_pce__S5__Series_1,/Users/shunhao/Desktop/ML/lab/data_all/x_time_h/10.1016_j.nanoen.2020.105181/Fig6_A_stability_performance_curve_pce/accepted/10.1016_j.nanoen.2020.105181__Fig6__A__stability_performance_curve_pce__S5__Series_1.csv,x_time_h/10.1016_j.nanoen.2020.105181/Fig6_A_stability_performance_curve_pce/accepted/10.1016_j.nanoen.2020.105181__Fig6__A__stability_performance_curve_pce__S5__Series_1.csv,10.1016/j.nanoen.2020.105181,Fig6_A_stability_performance_curve_pce,Series_1,61,61,13,0,940.2065128231366,203.7114111116796,True,0.9743574984624496,1.0,0.8555451277913428,1094,2,0,2,node_0_2,0.1362541618886199,1.0,0.9907100216644813,0.9625344333061046,0.9223317513744264,0.8844675546751165,0.8555451277913428,0.0,5,no_initial_change_moderate_loss,class_05,/Users/shunhao/Desktop/ML/lab/NEW/som_200h_reanalysis/02_selected_curve_database/paper_aligned_min4/x_time_h/10.1016_j.nanoen.2020.105181/Fig6_A_stability_performance_curve_pce/accepted/10.1016_j.nanoen.2020.105181__Fig6__A__stability_performance_curve_pce__S5__Series_1.csv
x_time_h/10.1016_j.nanoen.2020.105564/Fig6_A_stability_performance_curve/accepted/10.1016_j.nanoen.2020.105564__Fig6__A__stability_performance_curve__Control__Series_1.csv,10.1016/j.nanoen.2020.105564|Fig6_A_stability_performance_curve|10.1016_j.nanoen.2020.105564__Fig6__A__stability_performance_curve__Control__Series_1,/Users/shunhao/Desktop/ML/lab/data_all/x_time_h/10.1016_j.nanoen.2020.105564/Fig6_A_stability_performance_curve/accepted/10.1016_j.nanoen.2020.105564__Fig6__A__stability_performance_curve__Control__Series_1.csv,x_time_h/10.1016_j.nanoen.2020.105564/Fig6_A_stability_performance_curve/accepted/10.1016_j.nanoen.2020.105564__Fig6__A__stability_performance_curve__Control__Series_1.csv,10.1016/j.nanoen.2020.105564,Fig6_A_stability_performance_curve,Series_1,50,50,21,0,479.3113575364123,205.419153229891,True,0.9871378439655184,1.0,0.8171756970119382,1097,2,0,2,node_0_2,0.4499774876760725,1.0,0.9908300138163346,0.9690182516491384,0.9322626258406154,0.8843166508806454,0.8171756970119382,0.0,5,no_initial_change_moderate_loss,class_05,/Users/shunhao/Desktop/ML/lab/NEW/som_200h_reanalysis/02_selected_curve_database/paper_aligned_min4/x_time_h/10.1016_j.nanoen.2020.105564/Fig6_A_stability_performance_curve/accepted/10.1016_j.nanoen.2020.105564__Fig6__A__stability_performance_curve__Control__Series_1.csv
x_time_h/10.1016_j.nanoen.2021.105742/Fig5_C_stability/accepted/10.1016_j.nanoen.2021.105742__Fig5__C__stability__CsFAMA__Series_1.csv,10.1016/j.nanoen.2021.105742|Fig5_C_stability|10.1016_j.nanoen.2021.105742__Fig5__C__stability__CsFAMA__Series_1,/Users/shunhao/Desktop/ML/lab/data_all/x_time_h/10.1016_j.nanoen.2021.105742/Fig5_C_stability/accepted/10.1016_j.nanoen.2021.105742__Fig5__C__stability__CsFAMA__Series_1.csv,x_time_h/10.1016_j.nanoen.2021.105742/Fig5_C_stability/accepted/10.1016_j.nanoen.2021.105742__Fig5__C__stability__CsFAMA__Series_1.csv,10.1016/j.nanoen.2021.105742,Fig5_C_stability,Series_1,61,61,11,0,1199.4069622882262,219.89127641950824,True,1.0040701119502888,1.0,0.8766601402283829,1100,2,0,2,node_0_2,0.3007875102774611,1.0,0.9961445843452598,0.9661721247119324,0.926378094867206,0.8942370021663387,0.8766601402283829,0.0,5,no_initial_change_moderate_loss,class_05,/Users/shunhao/Desktop/ML/lab/NEW/som_200h_reanalysis/02_selected_curve_database/paper_aligned_min4/x_time_h/10.1016_j.nanoen.2021.105742/Fig5_C_stability/accepted/10.1016_j.nanoen.2021.105742__Fig5__C__stability__CsFAMA__Series_1.csv
x_time_h/10.1016_j.nanoen.2021.105751/Fig4_A_stability_performance_curve_pce/accepted/10.1016_j.nanoen.2021.105751__Fig4__A__stability_performance_curve_pce__Li-TFSI_t-BP__Series_2.csv,10.1016/j.nanoen.2021.105751|Fig4_A_stability_performance_curve_pce|10.1016_j.nanoen.2021.105751__Fig4__A__stability_performance_curve_pce__Li-TFSI_t-BP__Series_2,/Users/shunhao/Desktop/ML/lab/data_all/x_time_h/10.1016_j.nanoen.2021.105751/Fig4_A_stability_performance_curve_pce/accepted/10.1016_j.nanoen.2021.105751__Fig4__A__stability_performance_curve_pce__Li-TFSI_t-BP__Series_2.csv,x_time_h/10.1016_j.nanoen.2021.105751/Fig4_A_stability_performance_curve_pce/accepted/10.1016_j.nanoen.2021.105751__Fig4__A__stability_performance_curve_pce__Li-TFSI_t-BP__Series_2.csv,10.1016/j.nanoen.2021.105751,Fig4_A_stability_performance_curve_pce,Series_2,66,66,12,0,1174.4295790429444,216.8177684386974,True,1.0029800775043147,0.9997213631691948,0.8265015869658796,1102,2,0,2,node_0_2,0.3833554048222082,0.9997213631691949,0.999777607091544,0.979485536312905,0.931490527833932,0.8931166471620019,0.8265015869658796,6.0,5,no_initial_change_moderate_loss,class_05,/Users/shunhao/Desktop/ML/lab/NEW/som_200h_reanalysis/02_selected_curve_database/paper_aligned_min4/x_time_h/10.1016_j.nanoen.2021.105751/Fig4_A_stability_performance_curve_pce/accepted/10.1016_j.nanoen.2021.105751__Fig4__A__stability_performance_curve_pce__Li-TFSI_t-BP__Series_2.csv
x_time_h/10.1016_j.nanoen.2021.106445/Fig5_D_stability_performance_curve_pce/accepted/10.1016_j.nanoen.2021.106445__Fig5__D__stability_performance_curve_pce__Control__Series_1.csv,10.1016/j.nanoen.2021.106445|Fig5_D_stability_performance_curve_pce|10.1016_j.nanoen.2021.106445__Fig5__D__stability_performance_curve_pce__Control__Series_1,/Users/shunhao/Desktop/ML/lab/data_all/x_time_h/10.1016_j.nanoen.2021.106445/Fig5_D_stability_performance_curve_pce/accepted/10.1016_j.nanoen.2021.106445__Fig5__D__stability_performance_curve_pce__Control__Series_1.csv,x_time_h/10.1016_j.nanoen.2021.106445/Fig5_D_stability_performance_curve_pce/accepted/10.1016_j.nanoen.2021.106445__Fig5__D__stability_performance_curve_pce__Control__Series_1.csv,10.1016/j.nanoen.2021.106445,Fig5_D_stability_performance_curve_pce,Series_1,73,73,29,0,501.4275652689206,201.9638804555375,True,1.0002388098003938,1.0,0.8306888675854184,1105,2,0,2,node_0_2,0.5585682590383761,1.0,0.9928357745917218,0.9463252433244363,0.9069695939232694,0.8762671325096212,0.8306888675854184,0.0,5,no_initial_change_moderate_loss,class_05,/Users/shunhao/Desktop/ML/lab/NEW/som_200h_reanalysis/02_selected_curve_database/paper_aligned_min4/x_time_h/10.1016_j.nanoen.2021.106445/Fig5_D_stability_performance_curve_pce/accepted/10.1016_j.nanoen.2021.106445__Fig5__D__stability_performance_curve_pce__Control__Series_1.csv
x_time_h/10.1016_j.optmat.2020.110794/Fig7_A_stability_performance_curve/accepted/10.1016_j.optmat.2020.110794__Fig7__A__stability_performance_curve__55__Series_2.csv,10.1016/j.optmat.2020.110794|Fig7_A_stability_performance_curve|10.1016_j.optmat.2020.110794__Fig7__A__stability_performance_curve__55__Series_2,/Users/shunhao/Desktop/ML/lab/data_all/x_time_h/10.1016_j.optmat.2020.110794/Fig7_A_stability_performance_curve/accepted/10.1016_j.optmat.2020.110794__Fig7__A__stability_performance_curve__55__Series_2.csv,x_time_h/10.1016_j.optmat.2020.110794/Fig7_A_stability_performance_curve/accepted/10.1016_j.optmat.2020.110794__Fig7__A__stability_performance_curve__55__Series_2.csv,10.1016/j.optmat.2020.110794,Fig7_A_stability_performance_curve,Series_2,59,59,30,0,388.9389738944532,201.1753313247172,True,0.9959455438624886,0.9140924263963878,0.8471612411378666,1113,2,0,2,node_0_2,0.5577826868206094,0.9140924263963878,0.9724023141131297,0.9657731168088883,0.9321362592767489,0.895186171687364,0.8471612411378666,17.5,5,no_initial_change_moderate_loss,class_05,/Users/shunhao/Desktop/ML/lab/NEW/som_200h_reanalysis/02_selected_curve_database/paper_aligned_min4/x_time_h/10.1016_j.optmat.2020.110794/Fig7_A_stability_performance_curve/accepted/10.1016_j.optmat.2020.110794__Fig7__A__stability_performance_curve__55__Series_2.csv
x_time_h/10.1016_j.orgel.2020.106052/Fig4_F_stability_performance_curve/accepted/10.1016_j.orgel.2020.106052__Fig4__F__stability_performance_curve__Control__Series_2.csv,10.1016/j.orgel.2020.106052|Fig4_F_stability_performance_curve|10.1016_j.orgel.2020.106052__Fig4__F__stability_performance_curve__Control__Series_2,/Users/shunhao/Desktop/ML/lab/data_all/x_time_h/10.1016_j.orgel.2020.106052/Fig4_F_stability_performance_curve/accepted/10.1016_j.orgel.2020.106052__Fig4__F__stability_performance_curve__Control__Series_2.csv,x_time_h/10.1016_j.orgel.2020.106052/Fig4_F_stability_performance_curve/accepted/10.1016_j.orgel.2020.106052__Fig4__F__stability_performance_curve__Control__Series_2.csv,10.1016/j.orgel.2020.106052,Fig4_F_stability_performance_curve,Series_2,54,54,14,0,797.9734200378883,210.78543170812145,True,1.002814120632072,1.0,0.8284916540622801,1128,2,0,2,node_0_2,0.4942692778301827,1.0,0.9952918713479528,0.9609855890819166,0.9153713520099321,0.8702081612988644,0.8284916540622801,0.0,5,no_initial_change_moderate_loss,class_05,/Users/shunhao/Desktop/ML/lab/NEW/som_200h_reanalysis/02_selected_curve_database/paper_aligned_min4/x_time_h/10.1016_j.orgel.2020.106052/Fig4_F_stability_performance_curve/accepted/10.1016_j.orgel.2020.106052__Fig4__F__stability_performance_curve__Control__Series_2.csv
x_time_h/10.1016_j.solener.2021.06.001/Fig7_D_stability_performance_curve_pce/accepted/10.1016_j.solener.2021.06.001__Fig7__D__stability_performance_curve_pce__Control__Series_2.csv,10.1016/j.solener.2021.06.001|Fig7_D_stability_performance_curve_pce|10.1016_j.solener.2021.06.001__Fig7__D__stability_performance_curve_pce__Control__Series_2,/Users/shunhao/Desktop/ML/lab/data_all/x_time_h/10.1016_j.solener.2021.06.001/Fig7_D_stability_performance_curve_pce/accepted/10.1016_j.solener.2021.06.001__Fig7__D__stability_performance_curve_pce__Control__Series_2.csv,x_time_h/10.1016_j.solener.2021.06.001/Fig7_D_stability_performance_curve_pce/accepted/10.1016_j.solener.2021.06.001__Fig7__D__stability_performance_curve_pce__Control__Series_2.csv,10.1016/j.solener.2021.06.001,Fig7_D_stability_performance_curve_pce,Series_2,51,51,26,0,395.0256109605006,205.4133176994604,True,1.0004041883030736,0.9974660314901864,0.8175083714912957,1152,2,0,2,node_0_2,0.555272278042581,0.9974660314901864,0.9991752423233071,0.9790519121853258,0.9416634265605451,0.8928221571138808,0.8175083714912957,6.5,5,no_initial_change_moderate_loss,class_05,/Users/shunhao/Desktop/ML/lab/NEW/som_200h_reanalysis/02_selected_curve_database/paper_aligned_min4/x_time_h/10.1016_j.solener.2021.06.001/Fig7_D_stability_performance_curve_pce/accepted/10.1016_j.solener.2021.06.001__Fig7__D__stability_performance_curve_pce__Control__Series_2.csv
x_time_h/10.1016_j.solmat.2020.110862/Fig5_D_stability_performance_curve_pce/accepted/10.1016_j.solmat.2020.110862__Fig5__D__stability_performance_curve_pce__With_IR-P__Series_2.csv,10.1016/j.solmat.2020.110862|Fig5_D_stability_performance_curve_pce|10.1016_j.solmat.2020.110862__Fig5__D__stability_performance_curve_pce__With_IR-P__Series_2,/Users/shunhao/Desktop/ML/lab/data_all/x_time_h/10.1016_j.solmat.2020.110862/Fig5_D_stability_performance_curve_pce/accepted/10.1016_j.solmat.2020.110862__Fig5__D__stability_performance_curve_pce__With_IR-P__Series_2.csv,x_time_h/10.1016_j.solmat.2020.110862/Fig5_D_stability_performance_curve_pce/accepted/10.1016_j.solmat.2020.110862__Fig5__D__stability_performance_curve_pce__With_IR-P__Series_2.csv,10.1016/j.solmat.2020.110862,Fig5_D_stability_performance_curve_pce,Series_2,62,62,21,0,590.6659949407101,203.34403104516252,True,1.0078333925784932,1.0,0.8144002851967638,1163,2,0,2,node_0_2,0.7781480115558106,1.0,0.9954197145388342,0.9793161291441975,0.9627608076874761,0.9018717856663356,0.8144002851967638,0.0,5,no_initial_change_moderate_loss,class_05,/Users/shunhao/Desktop/ML/lab/NEW/som_200h_reanalysis/02_selected_curve_database/paper_aligned_min4/x_time_h/10.1016_j.solmat.2020.110862/Fig5_D_stability_performance_curve_pce/accepted/10.1016_j.solmat.2020.110862__Fig5__D__stability_performance_curve_pce__With_IR-P__Series_2.csv
x_time_h/10.1021_acs.jpclett.8b03194/Fig4_A_stability_performance_curve_pce/accepted/10.1021_acs.jpclett.8b03194__Fig4__A__stability_performance_curve_pce__0%Csl__Series_2.csv,10.1021/acs.jpclett.8b03194|Fig4_A_stability_performance_curve_pce|10.1021_acs.jpclett.8b03194__Fig4__A__stability_performance_curve_pce__0%Csl__Series_2,/Users/shunhao/Desktop/ML/lab/data_all/x_time_h/10.1021_acs.jpclett.8b03194/Fig4_A_stability_performance_curve_pce/accepted/10.1021_acs.jpclett.8b03194__Fig4__A__stability_performance_curve_pce__0%Csl__Series_2.csv,x_time_h/10.1021_acs.jpclett.8b03194/Fig4_A_stability_performance_curve_pce/accepted/10.1021_acs.jpclett.8b03194__Fig4__A__stability_performance_curve_pce__0%Csl__Series_2.csv,10.1021/acs.jpclett.8b03194,Fig4_A_stability_performance_curve_pce,Series_2,47,47,7,0,1424.3261558601616,216.74528458741585,True,0.9641158809362992,1.0,0.8619737678722418,1201,2,0,2,node_0_2,0.13424128556105136,1.0,0.993364107725433,0.9613187846181153,0.9212151028708017,0.8894792226007199,0.8619737678722418,0.0,5,no_initial_change_moderate_loss,class_05,/Users/shunhao/Desktop/ML/lab/NEW/som_200h_reanalysis/02_selected_curve_database/paper_aligned_min4/x_time_h/10.1021_acs.jpclett.8b03194/Fig4_A_stability_performance_curve_pce/accepted/10.1021_acs.jpclett.8b03194__Fig4__A__stability_performance_curve_pce__0%Csl__Series_2.csv
x_time_h/10.1021_acs.jpclett.8b03194/Fig4_A_stability_performance_curve_pce_2/accepted/10.1021_acs.jpclett.8b03194__Fig4__A__stability_performance_curve_pce_2__0%_CsI__Series_2.csv,10.1021/acs.jpclett.8b03194|Fig4_A_stability_performance_curve_pce_2|10.1021_acs.jpclett.8b03194__Fig4__A__stability_performance_curve_pce_2__0%_CsI__Series_2,/Users/shunhao/Desktop/ML/lab/data_all/x_time_h/10.1021_acs.jpclett.8b03194/Fig4_A_stability_performance_curve_pce_2/accepted/10.1021_acs.jpclett.8b03194__Fig4__A__stability_performance_curve_pce_2__0%_CsI__Series_2.csv,x_time_h/10.1021_acs.jpclett.8b03194/Fig4_A_stability_performance_curve_pce_2/accepted/10.1021_acs.jpclett.8b03194__Fig4__A__stability_performance_curve_pce_2__0%_CsI__Series_2.csv,10.1021/acs.jpclett.8b03194,Fig4_A_stability_performance_curve_pce_2,Series_2,43,43,6,0,1409.8462787342985,201.40661124775693,True,0.9693526922364114,1.0,0.8594928722070262,1202,2,0,2,node_0_2,0.21546455312073715,1.0,0.9916598880162691,0.955853407932879,0.9167241887360554,0.8854608885835236,0.8594928722070262,0.0,5,no_initial_change_moderate_loss,class_05,/Users/shunhao/Desktop/ML/lab/NEW/som_200h_reanalysis/02_selected_curve_database/paper_aligned_min4/x_time_h/10.1021_acs.jpclett.8b03194/Fig4_A_stability_performance_curve_pce_2/accepted/10.1021_acs.jpclett.8b03194__Fig4__A__stability_performance_curve_pce_2__0%_CsI__Series_2.csv
x_time_h/10.1021_acsaem.0c01796/Fig9_D_stability_performance_curve_pce/accepted/10.1021_acsaem.0c01796__Fig9__D__stability_performance_curve_pce__spiro-OMeTAD__Series_2.csv,10.1021/acsaem.0c01796|Fig9_D_stability_performance_curve_pce|10.1021_acsaem.0c01796__Fig9__D__stability_performance_curve_pce__spiro-OMeTAD__Series_2,/Users/shunhao/Desktop/ML/lab/data_all/x_time_h/10.1021_acsaem.0c01796/Fig9_D_stability_performance_curve_pce/accepted/10.1021_acsaem.0c01796__Fig9__D__stability_performance_curve_pce__spiro-OMeTAD__Series_2.csv,x_time_h/10.1021_acsaem.0c01796/Fig9_D_stability_performance_curve_pce/accepted/10.1021_acsaem.0c01796__Fig9__D__stability_performance_curve_pce__spiro-OMeTAD__Series_2.csv,10.1021/acsaem.0c01796,Fig9_D_stability_performance_curve_pce,Series_2,62,62,25,0,496.755483829768,203.5883130449869,True,0.9995510097169554,1.0,0.8560729634286326,1216,2,0,2,node_0_2,0.34227637392170507,1.0,0.9909463203816129,0.9513722882204176,0.9116261502125328,0.8818259632236408,0.8560729634286326,0.0,5,no_initial_change_moderate_loss,class_05,/Users/shunhao/Desktop/ML/lab/NEW/som_200h_reanalysis/02_selected_curve_database/paper_aligned_min4/x_time_h/10.1021_acsaem.0c01796/Fig9_D_stability_performance_curve_pce/accepted/10.1021_acsaem.0c01796__Fig9__D__stability_performance_curve_pce__spiro-OMeTAD__Series_2.csv
x_time_h/10.1021_acsaem.9b00486/Fig7_H_stability_performance_curve_pce/accepted/10.1021_acsaem.9b00486__Fig7__H__stability_performance_curve_pce__Without_passivation__Series_2.csv,10.1021/acsaem.9b00486|Fig7_H_stability_performance_curve_pce|10.1021_acsaem.9b00486__Fig7__H__stability_performance_curve_pce__Without_passivation__Series_2,/Users/shunhao/Desktop/ML/lab/data_all/x_time_h/10.1021_acsaem.9b00486/Fig7_H_stability_performance_curve_pce/accepted/10.1021_acsaem.9b00486__Fig7__H__stability_performance_curve_pce__Without_passivation__Series_2.csv,x_time_h/10.1021_acsaem.9b00486/Fig7_H_stability_performance_curve_pce/accepted/10.1021_acsaem.9b00486__Fig7__H__stability_performance_curve_pce__Without_passivation__Series_2.csv,10.1021/acsaem.9b00486,Fig7_H_stability_performance_curve_pce,Series_2,56,56,15,0,734.9499437724195,200.4408937561144,True,1.0073286993436874,1.0,0.8579201398687083,1232,2,0,2,node_0_2,0.17237730971406734,1.0,0.99741246319756,0.964460780912012,0.9255357437366386,0.8912450728989246,0.8579201398687083,0.0,5,no_initial_change_moderate_loss,class_05,/Users/shunhao/Desktop/ML/lab/NEW/som_200h_reanalysis/02_selected_curve_database/paper_aligned_min4/x_time_h/10.1021_acsaem.9b00486/Fig7_H_stability_performance_curve_pce/accepted/10.1021_acsaem.9b00486__Fig7__H__stability_performance_curve_pce__Without_passivation__Series_2.csv
x_time_h/10.1021_acsami.0c10310/Fig6_whole_modeling/accepted/10.1021_acsami.0c10310__Fig6__whole__modeling__WBG__Series_1.csv,10.1021/acsami.0c10310|Fig6_whole_modeling|10.1021_acsami.0c10310__Fig6__whole__modeling__WBG__Series_1,/Users/shunhao/Desktop/ML/lab/data_all/x_time_h/10.1021_acsami.0c10310/Fig6_whole_modeling/accepted/10.1021_acsami.0c10310__Fig6__whole__modeling__WBG__Series_1.csv,x_time_h/10.1021_acsami.0c10310/Fig6_whole_modeling/accepted/10.1021_acsami.0c10310__Fig6__whole__modeling__WBG__Series_1.csv,10.1021/acsami.0c10310,Fig6_whole_modeling,Series_1,48,48,25,0,391.64169156023286,208.3200487022515,True,16.328642971189023,0.9739092331999232,0.8939604376210206,1257,2,0,2,node_0_2,0.501945052769834,0.9739092331999232,0.9950132207050155,0.9650257101392238,0.9142607789184561,0.9079086072449739,0.8939604376210206,20.166666666666664,5,no_initial_change_moderate_loss,class_05,/Users/shunhao/Desktop/ML/lab/NEW/som_200h_reanalysis/02_selected_curve_database/paper_aligned_min4/x_time_h/10.1021_acsami.0c10310/Fig6_whole_modeling/accepted/10.1021_acsami.0c10310__Fig6__whole__modeling__WBG__Series_1.csv
x_time_h/10.1021_acsami.0c14218/Fig4_A_stability_performance_curve_ff/accepted/10.1021_acsami.0c14218__Fig4__A__stability_performance_curve_ff__0.5%__Series_4.csv,10.1021/acsami.0c14218|Fig4_A_stability_performance_curve_ff|10.1021_acsami.0c14218__Fig4__A__stability_performance_curve_ff__0.5%__Series_4,/Users/shunhao/Desktop/ML/lab/data_all/x_time_h/10.1021_acsami.0c14218/Fig4_A_stability_performance_curve_ff/accepted/10.1021_acsami.0c14218__Fig4__A__stability_performance_curve_ff__0.5%__Series_4.csv,x_time_h/10.1021_acsami.0c14218/Fig4_A_stability_performance_curve_ff/accepted/10.1021_acsami.0c14218__Fig4__A__stability_performance_curve_ff__0.5%__Series_4.csv,10.1021/acsami.0c14218,Fig4_A_stability_performance_curve_ff,Series_4,43,43,9,0,951.4762240072226,203.88776228726203,True,1.0452384822989602,0.985199063235492,0.8633341670327059,1266,2,0,2,node_0_2,0.6969702617293589,0.9851990632354921,0.9910980998583816,0.9963720323961265,0.9068528497315241,0.875107864982971,0.8633341670327059,37.666666666666664,5,no_initial_change_moderate_loss,class_05,/Users/shunhao/Desktop/ML/lab/NEW/som_200h_reanalysis/02_selected_curve_database/paper_aligned_min4/x_time_h/10.1021_acsami.0c14218/Fig4_A_stability_performance_curve_ff/accepted/10.1021_acsami.0c14218__Fig4__A__stability_performance_curve_ff__0.5%__Series_4.csv
x_time_h/10.1021_acsami.8b07346/Fig5_A_schematic_diagram_stability_performance_curve_pce/accepted/10.1021_acsami.8b07346__Fig5__A__schematic_diagram_stability_performance_curve_pce__with_TiO₂_and_Al₂O₃__Series_1.csv,10.1021/acsami.8b07346|Fig5_A_schematic_diagram_stability_performance_curve_pce|10.1021_acsami.8b07346__Fig5__A__schematic_diagram_stability_performance_curve_pce__with_TiO₂_and_Al₂O₃__Series_1,/Users/shunhao/Desktop/ML/lab/data_all/x_time_h/10.1021_acsami.8b07346/Fig5_A_schematic_diagram_stability_performance_curve_pce/accepted/10.1021_acsami.8b07346__Fig5__A__schematic_diagram_stability_performance_curve_pce__with_TiO₂_and_Al₂O₃__Series_1.csv,x_time_h/10.1021_acsami.8b07346/Fig5_A_schematic_diagram_stability_performance_curve_pce/accepted/10.1021_acsami.8b07346__Fig5__A__schematic_diagram_stability_performance_curve_pce__with_TiO₂_and_Al₂O₃__Series_1.csv,10.1021/acsami.8b07346,Fig5_A_schematic_diagram_stability_performance_curve_pce,Series_1,58,58,12,0,987.213755559135,207.8344748545547,True,1.0035081714584275,1.0,0.8762576727603815,1307,2,0,2,node_0_2,0.26647771976976364,1.0,0.9897244493208726,0.9526220184766871,0.9290155506357413,0.8932645326963167,0.8762576727603815,0.0,5,no_initial_change_moderate_loss,class_05,/Users/shunhao/Desktop/ML/lab/NEW/som_200h_reanalysis/02_selected_curve_database/paper_aligned_min4/x_time_h/10.1021_acsami.8b07346/Fig5_A_schematic_diagram_stability_performance_curve_pce/accepted/10.1021_acsami.8b07346__Fig5__A__schematic_diagram_stability_performance_curve_pce__with_TiO₂_and_Al₂O₃__Series_1.csv
"x_time_h/10.1021_acsami.9b06513/Fig4_E_jv_curve_stability_performance/accepted/10.1021_acsami.9b06513__Fig4__E__jv_curve_stability_performance__w_o_doping_encapsulated,_under_1_sun_at_MPP__Series_1.csv","10.1021/acsami.9b06513|Fig4_E_jv_curve_stability_performance|10.1021_acsami.9b06513__Fig4__E__jv_curve_stability_performance__w_o_doping_encapsulated,_under_1_sun_at_MPP__Series_1","/Users/shunhao/Desktop/ML/lab/data_all/x_time_h/10.1021_acsami.9b06513/Fig4_E_jv_curve_stability_performance/accepted/10.1021_acsami.9b06513__Fig4__E__jv_curve_stability_performance__w_o_doping_encapsulated,_under_1_sun_at_MPP__Series_1.csv","x_time_h/10.1021_acsami.9b06513/Fig4_E_jv_curve_stability_performance/accepted/10.1021_acsami.9b06513__Fig4__E__jv_curve_stability_performance__w_o_doping_encapsulated,_under_1_sun_at_MPP__Series_1.csv",10.1021/acsami.9b06513,Fig4_E_jv_curve_stability_performance,Series_1,76,76,16,0,995.5390992981446,212.38167451693752,True,0.9999333040684624,1.0,0.8420974695770536,1321,2,0,2,node_0_2,0.5939714446978489,1.0,0.9931370640964953,0.9689934027573042,0.9313706409649533,0.8568316695944167,0.8420974695770536,0.0,5,no_initial_change_moderate_loss,class_05,"/Users/shunhao/Desktop/ML/lab/NEW/som_200h_reanalysis/02_selected_curve_database/paper_aligned_min4/x_time_h/10.1021_acsami.9b06513/Fig4_E_jv_curve_stability_performance/accepted/10.1021_acsami.9b06513__Fig4__E__jv_curve_stability_performance__w_o_doping_encapsulated,_under_1_sun_at_MPP__Series_1.csv"
x_time_h/10.1021_acsami.9b12346/Fig4_D_stability_performance_curve/accepted/10.1021_acsami.9b12346__Fig4__D__stability_performance_curve__PHJ_PSCs_by_CH₃NH₃PbI₂.₅₅Br₀.₄₅__Series_2.csv,10.1021/acsami.9b12346|Fig4_D_stability_performance_curve|10.1021_acsami.9b12346__Fig4__D__stability_performance_curve__PHJ_PSCs_by_CH₃NH₃PbI₂.₅₅Br₀.₄₅__Series_2,/Users/shunhao/Desktop/ML/lab/data_all/x_time_h/10.1021_acsami.9b12346/Fig4_D_stability_performance_curve/accepted/10.1021_acsami.9b12346__Fig4__D__stability_performance_curve__PHJ_PSCs_by_CH₃NH₃PbI₂.₅₅Br₀.₄₅__Series_2.csv,x_time_h/10.1021_acsami.9b12346/Fig4_D_stability_performance_curve/accepted/10.1021_acsami.9b12346__Fig4__D__stability_performance_curve__PHJ_PSCs_by_CH₃NH₃PbI₂.₅₅Br₀.₄₅__Series_2.csv,10.1021/acsami.9b12346,Fig4_D_stability_performance_curve,Series_2,61,61,26,0,478.54628178852,207.370055441692,True,1.0004761382015015,1.0,0.8002733552434994,1323,2,0,2,node_0_2,0.6595258953589063,1.0,0.9920638227917348,0.9636108142206209,0.9266869581905569,0.8685491836610244,0.8002733552434994,0.0,5,no_initial_change_moderate_loss,class_05,/Users/shunhao/Desktop/ML/lab/NEW/som_200h_reanalysis/02_selected_curve_database/paper_aligned_min4/x_time_h/10.1021_acsami.9b12346/Fig4_D_stability_performance_curve/accepted/10.1021_acsami.9b12346__Fig4__D__stability_performance_curve__PHJ_PSCs_by_CH₃NH₃PbI₂.₅₅Br₀.₄₅__Series_2.csv
x_time_h/10.1021_acsami.9b14740/Fig4_A_stability_performance_curve_pce/accepted/10.1021_acsami.9b14740__Fig4__A__stability_performance_curve_pce__Spiro-OMeTAD__Series_1.csv,10.1021/acsami.9b14740|Fig4_A_stability_performance_curve_pce|10.1021_acsami.9b14740__Fig4__A__stability_performance_curve_pce__Spiro-OMeTAD__Series_1,/Users/shunhao/Desktop/ML/lab/data_all/x_time_h/10.1021_acsami.9b14740/Fig4_A_stability_performance_curve_pce/accepted/10.1021_acsami.9b14740__Fig4__A__stability_performance_curve_pce__Spiro-OMeTAD__Series_1.csv,x_time_h/10.1021_acsami.9b14740/Fig4_A_stability_performance_curve_pce/accepted/10.1021_acsami.9b14740__Fig4__A__stability_performance_curve_pce__Spiro-OMeTAD__Series_1.csv,10.1021/acsami.9b14740,Fig4_A_stability_performance_curve_pce,Series_1,95,95,19,0,1015.9495607507306,205.35150696025408,True,1.0061371381765287,1.0,0.8790050427595073,1324,2,0,2,node_0_2,0.44199677109196445,1.0,0.9834157479124479,0.9433230242159846,0.9172100711218166,0.8936441199184694,0.8790050427595073,0.0,5,no_initial_change_moderate_loss,class_05,/Users/shunhao/Desktop/ML/lab/NEW/som_200h_reanalysis/02_selected_curve_database/paper_aligned_min4/x_time_h/10.1021_acsami.9b14740/Fig4_A_stability_performance_curve_pce/accepted/10.1021_acsami.9b14740__Fig4__A__stability_performance_curve_pce__Spiro-OMeTAD__Series_1.csv
x_time_h/10.1021_acsami.9b15320/Fig5_A_xrd_pattern_stability_performance_curve_pce_structure/accepted/10.1021_acsami.9b15320__Fig5__A__xrd_pattern_stability_performance_curve_pce_structure__Ag__Series_1.csv,10.1021/acsami.9b15320|Fig5_A_xrd_pattern_stability_performance_curve_pce_structure|10.1021_acsami.9b15320__Fig5__A__xrd_pattern_stability_performance_curve_pce_structure__Ag__Series_1,/Users/shunhao/Desktop/ML/lab/data_all/x_time_h/10.1021_acsami.9b15320/Fig5_A_xrd_pattern_stability_performance_curve_pce_structure/accepted/10.1021_acsami.9b15320__Fig5__A__xrd_pattern_stability_performance_curve_pce_structure__Ag__Series_1.csv,x_time_h/10.1021_acsami.9b15320/Fig5_A_xrd_pattern_stability_performance_curve_pce_structure/accepted/10.1021_acsami.9b15320__Fig5__A__xrd_pattern_stability_performance_curve_pce_structure__Ag__Series_1.csv,10.1021/acsami.9b15320,Fig5_A_xrd_pattern_stability_performance_curve_pce_structure,Series_1,52,52,16,0,640.3065612976354,200.880489818866,True,1.0024421578162326,1.0,0.8517568159910672,1327,2,0,2,node_0_2,0.522825670308471,1.0,0.9968830180459255,0.9852022554949618,0.9409711023624363,0.8869641018637807,0.8517568159910672,0.0,5,no_initial_change_moderate_loss,class_05,/Users/shunhao/Desktop/ML/lab/NEW/som_200h_reanalysis/02_selected_curve_database/paper_aligned_min4/x_time_h/10.1021_acsami.9b15320/Fig5_A_xrd_pattern_stability_performance_curve_pce_structure/accepted/10.1021_acsami.9b15320__Fig5__A__xrd_pattern_stability_performance_curve_pce_structure__Ag__Series_1.csv
x_time_h/10.1021_acsami.9b23255/Fig4_E_stability_performance_curve_pce/accepted/10.1021_acsami.9b23255__Fig4__E__stability_performance_curve_pce__Reference__Series_2.csv,10.1021/acsami.9b23255|Fig4_E_stability_performance_curve_pce|10.1021_acsami.9b23255__Fig4__E__stability_performance_curve_pce__Reference__Series_2,/Users/shunhao/Desktop/ML/lab/data_all/x_time_h/10.1021_acsami.9b23255/Fig4_E_stability_performance_curve_pce/accepted/10.1021_acsami.9b23255__Fig4__E__stability_performance_curve_pce__Reference__Series_2.csv,x_time_h/10.1021_acsami.9b23255/Fig4_E_stability_performance_curve_pce/accepted/10.1021_acsami.9b23255__Fig4__E__stability_performance_curve_pce__Reference__Series_2.csv,10.1021/acsami.9b23255,Fig4_E_stability_performance_curve_pce,Series_2,47,47,32,0,288.6021844569331,200.76673701351865,True,0.9833142863458446,1.0,0.7833288187691224,1340,2,0,2,node_0_2,0.7315804556530813,1.0,0.9900484280743344,0.9565088755815746,0.9308335740576478,0.8805125405455153,0.7833288187691224,0.0,5,no_initial_change_moderate_loss,class_05,/Users/shunhao/Desktop/ML/lab/NEW/som_200h_reanalysis/02_selected_curve_database/paper_aligned_min4/x_time_h/10.1021_acsami.9b23255/Fig4_E_stability_performance_curve_pce/accepted/10.1021_acsami.9b23255__Fig4__E__stability_performance_curve_pce__Reference__Series_2.csv
x_time_h/10.1021_acsami.9b23532/Fig5_C_stability_performance_curve_pce/accepted/10.1021_acsami.9b23532__Fig5__C__stability_performance_curve_pce__W_O_N749__Series_1.csv,10.1021/acsami.9b23532|Fig5_C_stability_performance_curve_pce|10.1021_acsami.9b23532__Fig5__C__stability_performance_curve_pce__W_O_N749__Series_1,/Users/shunhao/Desktop/ML/lab/data_all/x_time_h/10.1021_acsami.9b23532/Fig5_C_stability_performance_curve_pce/accepted/10.1021_acsami.9b23532__Fig5__C__stability_performance_curve_pce__W_O_N749__Series_1.csv,x_time_h/10.1021_acsami.9b23532/Fig5_C_stability_performance_curve_pce/accepted/10.1021_acsami.9b23532__Fig5__C__stability_performance_curve_pce__W_O_N749__Series_1.csv,10.1021/acsami.9b23532,Fig5_C_stability_performance_curve_pce,Series_1,67,67,14,0,994.5552807473082,207.81752135018385,True,1.0016673476917717,1.0,0.8649358789339104,1341,2,0,2,node_0_2,0.2912679825660611,1.0,0.9932611251567213,0.9685705593469152,0.9366228949101172,0.8999704055405672,0.8649358789339104,0.0,5,no_initial_change_moderate_loss,class_05,/Users/shunhao/Desktop/ML/lab/NEW/som_200h_reanalysis/02_selected_curve_database/paper_aligned_min4/x_time_h/10.1021_acsami.9b23532/Fig5_C_stability_performance_curve_pce/accepted/10.1021_acsami.9b23532__Fig5__C__stability_performance_curve_pce__W_O_N749__Series_1.csv
x_time_h/10.1021_acsenergylett.0c00596/Fig4_A_stability_performance_curve_pce/accepted/10.1021_acsenergylett.0c00596__Fig4__A__stability_performance_curve_pce__o-Control_L-PSC__Series_2.csv,10.1021/acsenergylett.0c00596|Fig4_A_stability_performance_curve_pce|10.1021_acsenergylett.0c00596__Fig4__A__stability_performance_curve_pce__o-Control_L-PSC__Series_2,/Users/shunhao/Desktop/ML/lab/data_all/x_time_h/10.1021_acsenergylett.0c00596/Fig4_A_stability_performance_curve_pce/accepted/10.1021_acsenergylett.0c00596__Fig4__A__stability_performance_curve_pce__o-Control_L-PSC__Series_2.csv,x_time_h/10.1021_acsenergylett.0c00596/Fig4_A_stability_performance_curve_pce/accepted/10.1021_acsenergylett.0c00596__Fig4__A__stability_performance_curve_pce__o-Control_L-PSC__Series_2.csv,10.1021/acsenergylett.0c00596,Fig4_A_stability_performance_curve_pce,Series_2,44,44,6,0,1443.705379582435,201.44726226731655,True,19.01424924839456,1.0,0.8399812406425496,1343,2,0,2,node_0_2,0.27978152082890684,1.0,0.9955467796502933,0.9708716348550961,0.9358669357009467,0.8911644582015761,0.8399812406425496,0.0,5,no_initial_change_moderate_loss,class_05,/Users/shunhao/Desktop/ML/lab/NEW/som_200h_reanalysis/02_selected_curve_database/paper_aligned_min4/x_time_h/10.1021_acsenergylett.0c00596/Fig4_A_stability_performance_curve_pce/accepted/10.1021_acsenergylett.0c00596__Fig4__A__stability_performance_curve_pce__o-Control_L-PSC__Series_2.csv
x_time_h/10.1021_acsenergylett.1c00685/Fig5_D_stability_performance_curve/accepted/10.1021_acsenergylett.1c00685__Fig5__D__stability_performance_curve__Li-FSI__Series_1.csv,10.1021/acsenergylett.1c00685|Fig5_D_stability_performance_curve|10.1021_acsenergylett.1c00685__Fig5__D__stability_performance_curve__Li-FSI__Series_1,/Users/shunhao/Desktop/ML/lab/data_all/x_time_h/10.1021_acsenergylett.1c00685/Fig5_D_stability_performance_curve/accepted/10.1021_acsenergylett.1c00685__Fig5__D__stability_performance_curve__Li-FSI__Series_1.csv,x_time_h/10.1021_acsenergylett.1c00685/Fig5_D_stability_performance_curve/accepted/10.1021_acsenergylett.1c00685__Fig5__D__stability_performance_curve__Li-FSI__Series_1.csv,10.1021/acsenergylett.1c00685,Fig5_D_stability_performance_curve,Series_1,62,62,21,0,589.535098611481,202.95470607936232,True,0.9995895654209618,0.999733149514276,0.8666514956189365,1360,2,0,2,node_0_2,0.3357176596545168,0.9997331495142759,0.9969968320832977,0.955283196993098,0.919960751271798,0.8771958209037434,0.8666514956189365,3.1666666666666665,5,no_initial_change_moderate_loss,class_05,/Users/shunhao/Desktop/ML/lab/NEW/som_200h_reanalysis/02_selected_curve_database/paper_aligned_min4/x_time_h/10.1021_acsenergylett.1c00685/Fig5_D_stability_performance_curve/accepted/10.1021_acsenergylett.1c00685__Fig5__D__stability_performance_curve__Li-FSI__Series_1.csv
x_time_h/10.1021_acsenergylett.1c00794/Fig5_F_stability_performance_curve_pce/accepted/10.1021_acsenergylett.1c00794__Fig5__F__stability_performance_curve_pce__Control__Series_1.csv,10.1021/acsenergylett.1c00794|Fig5_F_stability_performance_curve_pce|10.1021_acsenergylett.1c00794__Fig5__F__stability_performance_curve_pce__Control__Series_1,/Users/shunhao/Desktop/ML/lab/data_all/x_time_h/10.1021_acsenergylett.1c00794/Fig5_F_stability_performance_curve_pce/accepted/10.1021_acsenergylett.1c00794__Fig5__F__stability_performance_curve_pce__Control__Series_1.csv,x_time_h/10.1021_acsenergylett.1c00794/Fig5_F_stability_performance_curve_pce/accepted/10.1021_acsenergylett.1c00794__Fig5__F__stability_performance_curve_pce__Control__Series_1.csv,10.1021/acsenergylett.1c00794,Fig5_F_stability_performance_curve_pce,Series_1,112,112,22,0,1021.0919091692288,202.37857659209936,True,1.0085760934403944,0.9877349304423746,0.8656197396816484,1363,2,0,2,node_0_2,0.6142971756281382,0.9877349304423746,0.9938406899804109,0.9948610723003939,0.9420613562918425,0.8973086125125893,0.8656197396816484,31.5,5,no_initial_change_moderate_loss,class_05,/Users/shunhao/Desktop/ML/lab/NEW/som_200h_reanalysis/02_selected_curve_database/paper_aligned_min4/x_time_h/10.1021_acsenergylett.1c00794/Fig5_F_stability_performance_curve_pce/accepted/10.1021_acsenergylett.1c00794__Fig5__F__stability_performance_curve_pce__Control__Series_1.csv
x_time_h/10.1021_acsenergylett.9b02716/Fig5_B_stability_performance_curve/accepted/10.1021_acsenergylett.9b02716__Fig5__B__stability_performance_curve__Ref__Series_1.csv,10.1021/acsenergylett.9b02716|Fig5_B_stability_performance_curve|10.1021_acsenergylett.9b02716__Fig5__B__stability_performance_curve__Ref__Series_1,/Users/shunhao/Desktop/ML/lab/data_all/x_time_h/10.1021_acsenergylett.9b02716/Fig5_B_stability_performance_curve/accepted/10.1021_acsenergylett.9b02716__Fig5__B__stability_performance_curve__Ref__Series_1.csv,x_time_h/10.1021_acsenergylett.9b02716/Fig5_B_stability_performance_curve/accepted/10.1021_acsenergylett.9b02716__Fig5__B__stability_performance_curve__Ref__Series_1.csv,10.1021/acsenergylett.9b02716,Fig5_B_stability_performance_curve,Series_1,24,24,9,0,530.7423344535355,207.68178304703565,True,0.9982755149832176,1.0,0.8153617570512763,1379,2,0,2,node_0_2,0.5515220614393972,1.0,0.9958288065357004,0.9727194797742624,0.9454389595485249,0.8991307867592743,0.8153617570512763,0.0,5,no_initial_change_moderate_loss,class_05,/Users/shunhao/Desktop/ML/lab/NEW/som_200h_reanalysis/02_selected_curve_database/paper_aligned_min4/x_time_h/10.1021_acsenergylett.9b02716/Fig5_B_stability_performance_curve/accepted/10.1021_acsenergylett.9b02716__Fig5__B__stability_performance_curve__Ref__Series_1.csv
x_time_h/10.1021_acsnano.8b01351/Fig6_B_stability_performance_curve_pce/accepted/10.1021_acsnano.8b01351__Fig6__B__stability_performance_curve_pce__TiO₂__Series_1.csv,10.1021/acsnano.8b01351|Fig6_B_stability_performance_curve_pce|10.1021_acsnano.8b01351__Fig6__B__stability_performance_curve_pce__TiO₂__Series_1,/Users/shunhao/Desktop/ML/lab/data_all/x_time_h/10.1021_acsnano.8b01351/Fig6_B_stability_performance_curve_pce/accepted/10.1021_acsnano.8b01351__Fig6__B__stability_performance_curve_pce__TiO₂__Series_1.csv,x_time_h/10.1021_acsnano.8b01351/Fig6_B_stability_performance_curve_pce/accepted/10.1021_acsnano.8b01351__Fig6__B__stability_performance_curve_pce__TiO₂__Series_1.csv,10.1021/acsnano.8b01351,Fig6_B_stability_performance_curve_pce,Series_1,50,50,23,0,440.21587399636945,206.6319408554387,True,0.9979813667803692,1.0,0.8684694994453549,1381,2,0,2,node_0_2,0.2390278046024863,1.0,0.9915966668294391,0.9670118826002856,0.9362258624530517,0.8917494807627959,0.8684694994453549,0.0,5,no_initial_change_moderate_loss,class_05,/Users/shunhao/Desktop/ML/lab/NEW/som_200h_reanalysis/02_selected_curve_database/paper_aligned_min4/x_time_h/10.1021_acsnano.8b01351/Fig6_B_stability_performance_curve_pce/accepted/10.1021_acsnano.8b01351__Fig6__B__stability_performance_curve_pce__TiO₂__Series_1.csv
x_time_h/10.1021_acssuschemeng.0c09015/Fig5_A_stability_performance_curve_pce/accepted/10.1021_acssuschemeng.0c09015__Fig5__A__stability_performance_curve_pce__0-19_kDa_95%__Series_1.csv,10.1021/acssuschemeng.0c09015|Fig5_A_stability_performance_curve_pce|10.1021_acssuschemeng.0c09015__Fig5__A__stability_performance_curve_pce__0-19_kDa_95%__Series_1,/Users/shunhao/Desktop/ML/lab/data_all/x_time_h/10.1021_acssuschemeng.0c09015/Fig5_A_stability_performance_curve_pce/accepted/10.1021_acssuschemeng.0c09015__Fig5__A__stability_performance_curve_pce__0-19_kDa_95%__Series_1.csv,x_time_h/10.1021_acssuschemeng.0c09015/Fig5_A_stability_performance_curve_pce/accepted/10.1021_acssuschemeng.0c09015__Fig5__A__stability_performance_curve_pce__0-19_kDa_95%__Series_1.csv,10.1021/acssuschemeng.0c09015,Fig5_A_stability_performance_curve_pce,Series_1,56,56,11,0,1001.3853717960992,200.27707435921985,True,1.003866320702734,1.0,0.7886308584222699,1389,2,0,2,node_0_2,1.0311719010264393,1.0,0.9993758554657834,0.9867598634059864,0.9625468850023554,0.880032175034432,0.7886308584222699,0.0,5,no_initial_change_moderate_loss,class_05,/Users/shunhao/Desktop/ML/lab/NEW/som_200h_reanalysis/02_selected_curve_database/paper_aligned_min4/x_time_h/10.1021_acssuschemeng.0c09015/Fig5_A_stability_performance_curve_pce/accepted/10.1021_acssuschemeng.0c09015__Fig5__A__stability_performance_curve_pce__0-19_kDa_95%__Series_1.csv
x_time_h/10.1021_acssuschemeng.8b04603/Fig7_E_schematic_diagram_stability_performance_curve_pce/accepted/10.1021_acssuschemeng.8b04603__Fig7__E__schematic_diagram_stability_performance_curve_pce__→—PEDOT_PSS__Series_1.csv,10.1021/acssuschemeng.8b04603|Fig7_E_schematic_diagram_stability_performance_curve_pce|10.1021_acssuschemeng.8b04603__Fig7__E__schematic_diagram_stability_performance_curve_pce__→—PEDOT_PSS__Series_1,/Users/shunhao/Desktop/ML/lab/data_all/x_time_h/10.1021_acssuschemeng.8b04603/Fig7_E_schematic_diagram_stability_performance_curve_pce/accepted/10.1021_acssuschemeng.8b04603__Fig7__E__schematic_diagram_stability_performance_curve_pce__→—PEDOT_PSS__Series_1.csv,x_time_h/10.1021_acssuschemeng.8b04603/Fig7_E_schematic_diagram_stability_performance_curve_pce/accepted/10.1021_acssuschemeng.8b04603__Fig7__E__schematic_diagram_stability_performance_curve_pce__→—PEDOT_PSS__Series_1.csv,10.1021/acssuschemeng.8b04603,Fig7_E_schematic_diagram_stability_performance_curve_pce,Series_1,37,37,29,0,250.6680550647494,201.9270443577148,True,11.802579072149006,1.0,0.718487248282508,1393,2,0,2,node_0_2,1.318636394706248,1.0,0.9951644368413513,0.9791891875737602,0.9516443684135134,0.9206724117256676,0.718487248282508,0.0,5,no_initial_change_moderate_loss,class_05,/Users/shunhao/Desktop/ML/lab/NEW/som_200h_reanalysis/02_selected_curve_database/paper_aligned_min4/x_time_h/10.1021_acssuschemeng.8b04603/Fig7_E_schematic_diagram_stability_performance_curve_pce/accepted/10.1021_acssuschemeng.8b04603__Fig7__E__schematic_diagram_stability_performance_curve_pce__→—PEDOT_PSS__Series_1.csv
x_time_h/10.1021_jacs.0c13069/Fig4_A_stability_performance_curve_pce/accepted/10.1021_jacs.0c13069__Fig4__A__stability_performance_curve_pce__CsSnl₃__Series_2.csv,10.1021/jacs.0c13069|Fig4_A_stability_performance_curve_pce|10.1021_jacs.0c13069__Fig4__A__stability_performance_curve_pce__CsSnl₃__Series_2,/Users/shunhao/Desktop/ML/lab/data_all/x_time_h/10.1021_jacs.0c13069/Fig4_A_stability_performance_curve_pce/accepted/10.1021_jacs.0c13069__Fig4__A__stability_performance_curve_pce__CsSnl₃__Series_2.csv,x_time_h/10.1021_jacs.0c13069/Fig4_A_stability_performance_curve_pce/accepted/10.1021_jacs.0c13069__Fig4__A__stability_performance_curve_pce__CsSnl₃__Series_2.csv,10.1021/jacs.0c13069,Fig4_A_stability_performance_curve_pce,Series_2,43,43,6,0,1437.6945244329115,205.38493206184444,True,1.0058161493480542,1.0,0.8660578845331921,1400,2,0,2,node_0_2,0.3422821821889231,1.0,0.9932887477898855,0.9697923158627155,0.9360635629379764,0.9002700187346709,0.8660578845331921,0.0,5,no_initial_change_moderate_loss,class_05,/Users/shunhao/Desktop/ML/lab/NEW/som_200h_reanalysis/02_selected_curve_database/paper_aligned_min4/x_time_h/10.1021_jacs.0c13069/Fig4_A_stability_performance_curve_pce/accepted/10.1021_jacs.0c13069__Fig4__A__stability_performance_curve_pce__CsSnl₃__Series_2.csv
x_time_h/10.1038_s41467-018-06709-w/Fig5_B_mppt_stability_performance_curve_pce/accepted/10.1038_s41467-018-06709-w__Fig5__B__mppt_stability_performance_curve_pce__Control__Series_3.csv,10.1038/s41467-018-06709-w|Fig5_B_mppt_stability_performance_curve_pce|10.1038_s41467-018-06709-w__Fig5__B__mppt_stability_performance_curve_pce__Control__Series_3,/Users/shunhao/Desktop/ML/lab/data_all/x_time_h/10.1038_s41467-018-06709-w/Fig5_B_mppt_stability_performance_curve_pce/accepted/10.1038_s41467-018-06709-w__Fig5__B__mppt_stability_performance_curve_pce__Control__Series_3.csv,x_time_h/10.1038_s41467-018-06709-w/Fig5_B_mppt_stability_performance_curve_pce/accepted/10.1038_s41467-018-06709-w__Fig5__B__mppt_stability_performance_curve_pce__Control__Series_3.csv,10.1038/s41467-018-06709-w,Fig5_B_mppt_stability_performance_curve_pce,Series_3,135,135,55,0,494.2403942803113,202.85986332400836,True,18.996828891144297,1.0,0.8668768701743906,1420,2,0,2,node_0_2,0.24264130756034885,1.0,0.9904073640497512,0.9577785587058273,0.9170069001248298,0.8881662206629616,0.8668768701743906,0.0,5,no_initial_change_moderate_loss,class_05,/Users/shunhao/Desktop/ML/lab/NEW/som_200h_reanalysis/02_selected_curve_database/paper_aligned_min4/x_time_h/10.1038_s41467-018-06709-w/Fig5_B_mppt_stability_performance_curve_pce/accepted/10.1038_s41467-018-06709-w__Fig5__B__mppt_stability_performance_curve_pce__Control__Series_3.csv
x_time_h/10.1038_s41467-019-12613-8/Fig5_A_modeling_structure_stability_performance_curve_pce/accepted/10.1038_s41467-019-12613-8__Fig5__A__modeling_structure_stability_performance_curve_pce__Control__Series_1.csv,10.1038/s41467-019-12613-8|Fig5_A_modeling_structure_stability_performance_curve_pce|10.1038_s41467-019-12613-8__Fig5__A__modeling_structure_stability_performance_curve_pce__Control__Series_1,/Users/shunhao/Desktop/ML/lab/data_all/x_time_h/10.1038_s41467-019-12613-8/Fig5_A_modeling_structure_stability_performance_curve_pce/accepted/10.1038_s41467-019-12613-8__Fig5__A__modeling_structure_stability_performance_curve_pce__Control__Series_1.csv,x_time_h/10.1038_s41467-019-12613-8/Fig5_A_modeling_structure_stability_performance_curve_pce/accepted/10.1038_s41467-019-12613-8__Fig5__A__modeling_structure_stability_performance_curve_pce__Control__Series_1.csv,10.1038/s41467-019-12613-8,Fig5_A_modeling_structure_stability_performance_curve_pce,Series_1,68,68,15,0,923.888059795098,206.84061040188757,True,0.9993648931457052,1.0,0.869646719995136,1423,2,0,2,node_0_2,0.5085459017216197,1.0,0.988280736932493,0.9506674449870016,0.9021344559696295,0.878939798849359,0.869646719995136,0.0,5,no_initial_change_moderate_loss,class_05,/Users/shunhao/Desktop/ML/lab/NEW/som_200h_reanalysis/02_selected_curve_database/paper_aligned_min4/x_time_h/10.1038_s41467-019-12613-8/Fig5_A_modeling_structure_stability_performance_curve_pce/accepted/10.1038_s41467-019-12613-8__Fig5__A__modeling_structure_stability_performance_curve_pce__Control__Series_1.csv
x_time_h/10.1038_s41467-021-23566-2/Fig5_C_mppt_stability_performance_curve_pce/accepted/10.1038_s41467-021-23566-2__Fig5__C__mppt_stability_performance_curve_pce__Control__Series_1.csv,10.1038/s41467-021-23566-2|Fig5_C_mppt_stability_performance_curve_pce|10.1038_s41467-021-23566-2__Fig5__C__mppt_stability_performance_curve_pce__Control__Series_1,/Users/shunhao/Desktop/ML/lab/data_all/x_time_h/10.1038_s41467-021-23566-2/Fig5_C_mppt_stability_performance_curve_pce/accepted/10.1038_s41467-021-23566-2__Fig5__C__mppt_stability_performance_curve_pce__Control__Series_1.csv,x_time_h/10.1038_s41467-021-23566-2/Fig5_C_mppt_stability_performance_curve_pce/accepted/10.1038_s41467-021-23566-2__Fig5__C__mppt_stability_performance_curve_pce__Control__Series_1.csv,10.1038/s41467-021-23566-2,Fig5_C_mppt_stability_performance_curve_pce,Series_1,90,90,37,0,490.0533029235143,203.73002481089924,True,0.9895844647923316,1.0,0.8762805907343291,1426,2,0,2,node_0_2,0.3613800522472377,1.0,0.9865324496163896,0.9474440346897807,0.9202995882579987,0.8989384280751056,0.8762805907343291,0.0,5,no_initial_change_moderate_loss,class_05,/Users/shunhao/Desktop/ML/lab/NEW/som_200h_reanalysis/02_selected_curve_database/paper_aligned_min4/x_time_h/10.1038_s41467-021-23566-2/Fig5_C_mppt_stability_performance_curve_pce/accepted/10.1038_s41467-021-23566-2__Fig5__C__mppt_stability_performance_curve_pce__Control__Series_1.csv
x_time_h/10.1038_s41467-025-56409-5/Fig4_A_stability_performance_curve_pce_mapping/accepted/10.1038_s41467-025-56409-5__Fig4__A__stability_performance_curve_pce_mapping__2D-PEA-disordered__Series_3.csv,10.1038/s41467-025-56409-5|Fig4_A_stability_performance_curve_pce_mapping|10.1038_s41467-025-56409-5__Fig4__A__stability_performance_curve_pce_mapping__2D-PEA-disordered__Series_3,/Users/shunhao/Desktop/ML/lab/data_all/x_time_h/10.1038_s41467-025-56409-5/Fig4_A_stability_performance_curve_pce_mapping/accepted/10.1038_s41467-025-56409-5__Fig4__A__stability_performance_curve_pce_mapping__2D-PEA-disordered__Series_3.csv,x_time_h/10.1038_s41467-025-56409-5/Fig4_A_stability_performance_curve_pce_mapping/accepted/10.1038_s41467-025-56409-5__Fig4__A__stability_performance_curve_pce_mapping__2D-PEA-disordered__Series_3.csv,10.1038/s41467-025-56409-5,Fig4_A_stability_performance_curve_pce_mapping,Series_3,173,173,28,0,1258.0831649076952,204.8042361477643,True,22.435989613766797,0.9993008960568076,0.7507532403024031,1446,2,0,2,node_0_2,1.0492599185980083,0.9993008960568076,0.9979667804529383,0.9780958542227078,0.9496235804812311,0.9029295343458053,0.7507532403024031,4.166666666666666,5,no_initial_change_moderate_loss,class_05,/Users/shunhao/Desktop/ML/lab/NEW/som_200h_reanalysis/02_selected_curve_database/paper_aligned_min4/x_time_h/10.1038_s41467-025-56409-5/Fig4_A_stability_performance_curve_pce_mapping/accepted/10.1038_s41467-025-56409-5__Fig4__A__stability_performance_curve_pce_mapping__2D-PEA-disordered__Series_3.csv
x_time_h/10.1039_D5EE03888J/Fig5_F_mppt_stability_performance_curve_pce/accepted/10.1039_D5EE03888J__Fig5__F__mppt_stability_performance_curve_pce__DMF_DMSO__Series_3.csv,10.1039/D5EE03888J|Fig5_F_mppt_stability_performance_curve_pce|10.1039_D5EE03888J__Fig5__F__mppt_stability_performance_curve_pce__DMF_DMSO__Series_3,/Users/shunhao/Desktop/ML/lab/data_all/x_time_h/10.1039_D5EE03888J/Fig5_F_mppt_stability_performance_curve_pce/accepted/10.1039_D5EE03888J__Fig5__F__mppt_stability_performance_curve_pce__DMF_DMSO__Series_3.csv,x_time_h/10.1039_D5EE03888J/Fig5_F_mppt_stability_performance_curve_pce/accepted/10.1039_D5EE03888J__Fig5__F__mppt_stability_performance_curve_pce__DMF_DMSO__Series_3.csv,10.1039/D5EE03888J,Fig5_F_mppt_stability_performance_curve_pce,Series_3,40,40,9,0,963.2088928632334,216.7220008942275,True,0.9423404123220962,1.0,0.8511579110519735,1482,2,0,2,node_0_2,0.16164050976951788,1.0,0.9891358314456541,0.9510592967783145,0.9216134221006398,0.8882866731385362,0.8511579110519735,0.0,5,no_initial_change_moderate_loss,class_05,/Users/shunhao/Desktop/ML/lab/NEW/som_200h_reanalysis/02_selected_curve_database/paper_aligned_min4/x_time_h/10.1039_D5EE03888J/Fig5_F_mppt_stability_performance_curve_pce/accepted/10.1039_D5EE03888J__Fig5__F__mppt_stability_performance_curve_pce__DMF_DMSO__Series_3.csv
x_time_h/10.1039_D5EE05397H/Fig3_A_stability_performance_curve/accepted/10.1039_D5EE05397H__Fig3__A__stability_performance_curve__SPVKs__Series_3.csv,10.1039/D5EE05397H|Fig3_A_stability_performance_curve|10.1039_D5EE05397H__Fig3__A__stability_performance_curve__SPVKs__Series_3,/Users/shunhao/Desktop/ML/lab/data_all/x_time_h/10.1039_D5EE05397H/Fig3_A_stability_performance_curve/accepted/10.1039_D5EE05397H__Fig3__A__stability_performance_curve__SPVKs__Series_3.csv,x_time_h/10.1039_D5EE05397H/Fig3_A_stability_performance_curve/accepted/10.1039_D5EE05397H__Fig3__A__stability_performance_curve__SPVKs__Series_3.csv,10.1039/D5EE05397H,Fig3_A_stability_performance_curve,Series_3,77,77,17,0,889.5901004809465,207.95612738515635,True,0.8819318970042069,1.0,0.8770317516173037,1485,2,0,2,node_0_2,0.5096218240221039,1.0,0.9956363374806462,0.9661343680551036,0.9410619286916493,0.9062344920244526,0.8770317516173037,0.0,5,no_initial_change_moderate_loss,class_05,/Users/shunhao/Desktop/ML/lab/NEW/som_200h_reanalysis/02_selected_curve_database/paper_aligned_min4/x_time_h/10.1039_D5EE05397H/Fig3_A_stability_performance_curve/accepted/10.1039_D5EE05397H__Fig3__A__stability_performance_curve__SPVKs__Series_3.csv
x_time_h/10.1039_c5nr05271h/Fig7_A_stability_performance_curve_pce/accepted/10.1039_c5nr05271h__Fig7__A__stability_performance_curve_pce__GO__Series_3.csv,10.1039/c5nr05271h|Fig7_A_stability_performance_curve_pce|10.1039_c5nr05271h__Fig7__A__stability_performance_curve_pce__GO__Series_3,/Users/shunhao/Desktop/ML/lab/data_all/x_time_h/10.1039_c5nr05271h/Fig7_A_stability_performance_curve_pce/accepted/10.1039_c5nr05271h__Fig7__A__stability_performance_curve_pce__GO__Series_3.csv,x_time_h/10.1039_c5nr05271h/Fig7_A_stability_performance_curve_pce/accepted/10.1039_c5nr05271h__Fig7__A__stability_performance_curve_pce__GO__Series_3.csv,10.1039/c5nr05271h,Fig7_A_stability_performance_curve_pce,Series_3,88,88,34,0,520.3633070984696,203.36037288905703,True,1.0812507674323613,0.9274602634601422,0.8714344263271658,1498,2,0,2,node_0_2,0.811892816050223,0.9274602634601422,0.9628883412014241,0.9710512927710829,0.8977011209074239,0.8938349763713028,0.8714344263271658,23.833333333333332,5,no_initial_change_moderate_loss,class_05,/Users/shunhao/Desktop/ML/lab/NEW/som_200h_reanalysis/02_selected_curve_database/paper_aligned_min4/x_time_h/10.1039_c5nr05271h/Fig7_A_stability_performance_curve_pce/accepted/10.1039_c5nr05271h__Fig7__A__stability_performance_curve_pce__GO__Series_3.csv
x_time_h/10.1039_c7nr01678f/Fig2_A_stability_performance_curve_pce_work_function/accepted/10.1039_c7nr01678f__Fig2__A__stability_performance_curve_pce_work_function__PC70BM_Rh__Series_1.csv,10.1039/c7nr01678f|Fig2_A_stability_performance_curve_pce_work_function|10.1039_c7nr01678f__Fig2__A__stability_performance_curve_pce_work_function__PC70BM_Rh__Series_1,/Users/shunhao/Desktop/ML/lab/data_all/x_time_h/10.1039_c7nr01678f/Fig2_A_stability_performance_curve_pce_work_function/accepted/10.1039_c7nr01678f__Fig2__A__stability_performance_curve_pce_work_function__PC70BM_Rh__Series_1.csv,x_time_h/10.1039_c7nr01678f/Fig2_A_stability_performance_curve_pce_work_function/accepted/10.1039_c7nr01678f__Fig2__A__stability_performance_curve_pce_work_function__PC70BM_Rh__Series_1.csv,10.1039/c7nr01678f,Fig2_A_stability_performance_curve_pce_work_function,Series_1,37,37,8,0,980.3127651365804,217.84728114146225,True,0.9898629166391334,1.0,0.8352838414086224,1516,2,0,2,node_0_2,0.5078666567410574,1.0,0.994081009986135,0.9666441611141435,0.9167935465224935,0.8676844342149616,0.8352838414086224,0.0,5,no_initial_change_moderate_loss,class_05,/Users/shunhao/Desktop/ML/lab/NEW/som_200h_reanalysis/02_selected_curve_database/paper_aligned_min4/x_time_h/10.1039_c7nr01678f/Fig2_A_stability_performance_curve_pce_work_function/accepted/10.1039_c7nr01678f__Fig2__A__stability_performance_curve_pce_work_function__PC70BM_Rh__Series_1.csv
x_time_h/10.1039_c8ta00267c/Fig5_C_stability_performance_curve_pce/accepted/10.1039_c8ta00267c__Fig5__C__stability_performance_curve_pce__Pristine__Series_1.csv,10.1039/c8ta00267c|Fig5_C_stability_performance_curve_pce|10.1039_c8ta00267c__Fig5__C__stability_performance_curve_pce__Pristine__Series_1,/Users/shunhao/Desktop/ML/lab/data_all/x_time_h/10.1039_c8ta00267c/Fig5_C_stability_performance_curve_pce/accepted/10.1039_c8ta00267c__Fig5__C__stability_performance_curve_pce__Pristine__Series_1.csv,x_time_h/10.1039_c8ta00267c/Fig5_C_stability_performance_curve_pce/accepted/10.1039_c8ta00267c__Fig5__C__stability_performance_curve_pce__Pristine__Series_1.csv,10.1039/c8ta00267c,Fig5_C_stability_performance_curve_pce,Series_1,56,56,16,0,732.3716469390689,213.05357001863825,True,0.9799278779116948,0.9987501948172748,0.8294584617450136,1536,2,0,2,node_0_2,0.5461775893447475,0.9987501948172749,0.9992102778163451,0.9601000113068888,0.9099227598072843,0.8688427494529022,0.8294584617450136,6.333333333333333,5,no_initial_change_moderate_loss,class_05,/Users/shunhao/Desktop/ML/lab/NEW/som_200h_reanalysis/02_selected_curve_database/paper_aligned_min4/x_time_h/10.1039_c8ta00267c/Fig5_C_stability_performance_curve_pce/accepted/10.1039_c8ta00267c__Fig5__C__stability_performance_curve_pce__Pristine__Series_1.csv
x_time_h/10.1039_c8ta03953d/Fig6_C_stability_performance_curve_pce/accepted/10.1039_c8ta03953d__Fig6__C__stability_performance_curve_pce__Cl-0_%__Series_2.csv,10.1039/c8ta03953d|Fig6_C_stability_performance_curve_pce|10.1039_c8ta03953d__Fig6__C__stability_performance_curve_pce__Cl-0_%__Series_2,/Users/shunhao/Desktop/ML/lab/data_all/x_time_h/10.1039_c8ta03953d/Fig6_C_stability_performance_curve_pce/accepted/10.1039_c8ta03953d__Fig6__C__stability_performance_curve_pce__Cl-0_%__Series_2.csv,x_time_h/10.1039_c8ta03953d/Fig6_C_stability_performance_curve_pce/accepted/10.1039_c8ta03953d__Fig6__C__stability_performance_curve_pce__Cl-0_%__Series_2.csv,10.1039/c8ta03953d,Fig6_C_stability_performance_curve_pce,Series_2,41,41,9,0,992.7933242025548,223.37849794557485,True,0.8123438327901752,1.0,0.8352611766341648,1541,2,0,2,node_0_2,0.20588475353353278,1.0,0.9909956813458729,0.9549794112258063,0.919757225791923,0.8873502869580322,0.8352611766341648,0.0,5,no_initial_change_moderate_loss,class_05,/Users/shunhao/Desktop/ML/lab/NEW/som_200h_reanalysis/02_selected_curve_database/paper_aligned_min4/x_time_h/10.1039_c8ta03953d/Fig6_C_stability_performance_curve_pce/accepted/10.1039_c8ta03953d__Fig6__C__stability_performance_curve_pce__Cl-0_%__Series_2.csv
x_time_h/10.1039_c8ta04453h/Fig4_A_stability_performance_curve_pce/accepted/10.1039_c8ta04453h__Fig4__A__stability_performance_curve_pce__x_=_0__Series_2.csv,10.1039/c8ta04453h|Fig4_A_stability_performance_curve_pce|10.1039_c8ta04453h__Fig4__A__stability_performance_curve_pce__x_=_0__Series_2,/Users/shunhao/Desktop/ML/lab/data_all/x_time_h/10.1039_c8ta04453h/Fig4_A_stability_performance_curve_pce/accepted/10.1039_c8ta04453h__Fig4__A__stability_performance_curve_pce__x_=_0__Series_2.csv,x_time_h/10.1039_c8ta04453h/Fig4_A_stability_performance_curve_pce/accepted/10.1039_c8ta04453h__Fig4__A__stability_performance_curve_pce__x_=_0__Series_2.csv,10.1039/c8ta04453h,Fig4_A_stability_performance_curve_pce,Series_2,30,30,18,0,326.92121384278806,202.91661548862703,True,20.299018584235675,1.0,0.8002983391790192,1542,2,0,2,node_0_2,0.7577111674441571,1.0,0.9892758108372343,0.9482016949257563,0.9466070187927778,0.9066282643259727,0.8002983391790192,0.0,5,no_initial_change_moderate_loss,class_05,/Users/shunhao/Desktop/ML/lab/NEW/som_200h_reanalysis/02_selected_curve_database/paper_aligned_min4/x_time_h/10.1039_c8ta04453h/Fig4_A_stability_performance_curve_pce/accepted/10.1039_c8ta04453h__Fig4__A__stability_performance_curve_pce__x_=_0__Series_2.csv
x_time_h/10.1039_c8ta04936j/Fig6_A_stability_performance_curve_pce/accepted/10.1039_c8ta04936j__Fig6__A__stability_performance_curve_pce__MDx=0.03__Series_2.csv,10.1039/c8ta04936j|Fig6_A_stability_performance_curve_pce|10.1039_c8ta04936j__Fig6__A__stability_performance_curve_pce__MDx=0.03__Series_2,/Users/shunhao/Desktop/ML/lab/data_all/x_time_h/10.1039_c8ta04936j/Fig6_A_stability_performance_curve_pce/accepted/10.1039_c8ta04936j__Fig6__A__stability_performance_curve_pce__MDx=0.03__Series_2.csv,x_time_h/10.1039_c8ta04936j/Fig6_A_stability_performance_curve_pce/accepted/10.1039_c8ta04936j__Fig6__A__stability_performance_curve_pce__MDx=0.03__Series_2.csv,10.1039/c8ta04936j,Fig6_A_stability_performance_curve_pce,Series_2,88,88,74,0,237.17329530856557,201.7336075038374,True,0.9971747822144764,0.9995459101126728,0.8499538816693859,1549,2,0,2,node_0_2,0.22375275329530986,0.9995459101126727,0.9886852571485415,0.9649061511261007,0.936468393656911,0.8909393804713603,0.8499538816693859,1.5,5,no_initial_change_moderate_loss,class_05,/Users/shunhao/Desktop/ML/lab/NEW/som_200h_reanalysis/02_selected_curve_database/paper_aligned_min4/x_time_h/10.1039_c8ta04936j/Fig6_A_stability_performance_curve_pce/accepted/10.1039_c8ta04936j__Fig6__A__stability_performance_curve_pce__MDx=0.03__Series_2.csv
x_time_h/10.1039_c9ta01070j/Fig4_B_stability_performance_curve_pce/accepted/10.1039_c9ta01070j__Fig4__B__stability_performance_curve_pce__Spiro__Series_1.csv,10.1039/c9ta01070j|Fig4_B_stability_performance_curve_pce|10.1039_c9ta01070j__Fig4__B__stability_performance_curve_pce__Spiro__Series_1,/Users/shunhao/Desktop/ML/lab/data_all/x_time_h/10.1039_c9ta01070j/Fig4_B_stability_performance_curve_pce/accepted/10.1039_c9ta01070j__Fig4__B__stability_performance_curve_pce__Spiro__Series_1.csv,x_time_h/10.1039_c9ta01070j/Fig4_B_stability_performance_curve_pce/accepted/10.1039_c9ta01070j__Fig4__B__stability_performance_curve_pce__Spiro__Series_1.csv,10.1039/c9ta01070j,Fig4_B_stability_performance_curve_pce,Series_1,50,50,18,0,653.8173205549583,202.9088236205043,True,18.87727347135864,0.99159474356843,0.8535140437595125,1561,2,0,2,node_0_2,0.5006198654937883,0.9915947435684301,0.9947833932364956,0.9853651133474554,0.9215603260089293,0.8759746540818988,0.8535140437595125,28.833333333333332,5,no_initial_change_moderate_loss,class_05,/Users/shunhao/Desktop/ML/lab/NEW/som_200h_reanalysis/02_selected_curve_database/paper_aligned_min4/x_time_h/10.1039_c9ta01070j/Fig4_B_stability_performance_curve_pce/accepted/10.1039_c9ta01070j__Fig4__B__stability_performance_curve_pce__Spiro__Series_1.csv
x_time_h/10.1039_c9ta05422g/Fig7_D_jv_curve_stability_performance_pce/accepted/10.1039_c9ta05422g__Fig7__D__jv_curve_stability_performance_pce__c-Ti02__Series_1.csv,10.1039/c9ta05422g|Fig7_D_jv_curve_stability_performance_pce|10.1039_c9ta05422g__Fig7__D__jv_curve_stability_performance_pce__c-Ti02__Series_1,/Users/shunhao/Desktop/ML/lab/data_all/x_time_h/10.1039_c9ta05422g/Fig7_D_jv_curve_stability_performance_pce/accepted/10.1039_c9ta05422g__Fig7__D__jv_curve_stability_performance_pce__c-Ti02__Series_1.csv,x_time_h/10.1039_c9ta05422g/Fig7_D_jv_curve_stability_performance_pce/accepted/10.1039_c9ta05422g__Fig7__D__jv_curve_stability_performance_pce__c-Ti02__Series_1.csv,10.1039/c9ta05422g,Fig7_D_jv_curve_stability_performance_pce,Series_1,48,48,10,0,969.3364833425796,206.2418049665063,True,0.992547098993116,1.0,0.8939401274142252,1567,2,0,2,node_0_2,0.575520003930657,1.0,0.9938397610242338,0.9596752518313668,0.9309316825815727,0.9093512065336662,0.8939401274142252,0.0,5,no_initial_change_moderate_loss,class_05,/Users/shunhao/Desktop/ML/lab/NEW/som_200h_reanalysis/02_selected_curve_database/paper_aligned_min4/x_time_h/10.1039_c9ta05422g/Fig7_D_jv_curve_stability_performance_pce/accepted/10.1039_c9ta05422g__Fig7__D__jv_curve_stability_performance_pce__c-Ti02__Series_1.csv
x_time_h/10.1039_c9ta07238a/Fig5_A_stability_performance_curve_pce/accepted/10.1039_c9ta07238a__Fig5__A__stability_performance_curve_pce__Prisitine__Series_1.csv,10.1039/c9ta07238a|Fig5_A_stability_performance_curve_pce|10.1039_c9ta07238a__Fig5__A__stability_performance_curve_pce__Prisitine__Series_1,/Users/shunhao/Desktop/ML/lab/data_all/x_time_h/10.1039_c9ta07238a/Fig5_A_stability_performance_curve_pce/accepted/10.1039_c9ta07238a__Fig5__A__stability_performance_curve_pce__Prisitine__Series_1.csv,x_time_h/10.1039_c9ta07238a/Fig5_A_stability_performance_curve_pce/accepted/10.1039_c9ta07238a__Fig5__A__stability_performance_curve_pce__Prisitine__Series_1.csv,10.1039/c9ta07238a,Fig5_A_stability_performance_curve_pce,Series_1,100,100,11,0,1977.2808864655624,219.69787627395135,True,0.9993685392136704,1.0,0.8774807493413258,1570,2,0,2,node_0_2,0.5124061849311298,1.0,0.9966298302058249,0.977526557266173,0.9362510020237811,0.9044519683253276,0.8774807493413258,0.0,5,no_initial_change_moderate_loss,class_05,/Users/shunhao/Desktop/ML/lab/NEW/som_200h_reanalysis/02_selected_curve_database/paper_aligned_min4/x_time_h/10.1039_c9ta07238a/Fig5_A_stability_performance_curve_pce/accepted/10.1039_c9ta07238a__Fig5__A__stability_performance_curve_pce__Prisitine__Series_1.csv
x_time_h/10.1039_c9ta12904a/Fig6_E_pce/accepted/10.1039_c9ta12904a__Fig6__E__pce__o-control__Series_2.csv,10.1039/c9ta12904a|Fig6_E_pce|10.1039_c9ta12904a__Fig6__E__pce__o-control__Series_2,/Users/shunhao/Desktop/ML/lab/data_all/x_time_h/10.1039_c9ta12904a/Fig6_E_pce/accepted/10.1039_c9ta12904a__Fig6__E__pce__o-control__Series_2.csv,x_time_h/10.1039_c9ta12904a/Fig6_E_pce/accepted/10.1039_c9ta12904a__Fig6__E__pce__o-control__Series_2.csv,10.1039/c9ta12904a,Fig6_E_pce,Series_2,57,57,31,0,363.3961950452108,201.1657508285988,True,1.0041407013534658,1.0,0.8374322860444001,1576,2,0,2,node_0_2,0.20145449005440214,1.0,0.9930946509759739,0.961768838830331,0.9244115668074496,0.8850762691838457,0.8374322860444001,0.0,5,no_initial_change_moderate_loss,class_05,/Users/shunhao/Desktop/ML/lab/NEW/som_200h_reanalysis/02_selected_curve_database/paper_aligned_min4/x_time_h/10.1039_c9ta12904a/Fig6_E_pce/accepted/10.1039_c9ta12904a__Fig6__E__pce__o-control__Series_2.csv
x_time_h/10.1039_c9ta13922b/Fig4_F_stability_performance_curve_pce/accepted/10.1039_c9ta13922b__Fig4__F__stability_performance_curve_pce__w_o_t-BCA__Series_2.csv,10.1039/c9ta13922b|Fig4_F_stability_performance_curve_pce|10.1039_c9ta13922b__Fig4__F__stability_performance_curve_pce__w_o_t-BCA__Series_2,/Users/shunhao/Desktop/ML/lab/data_all/x_time_h/10.1039_c9ta13922b/Fig4_F_stability_performance_curve_pce/accepted/10.1039_c9ta13922b__Fig4__F__stability_performance_curve_pce__w_o_t-BCA__Series_2.csv,x_time_h/10.1039_c9ta13922b/Fig4_F_stability_performance_curve_pce/accepted/10.1039_c9ta13922b__Fig4__F__stability_performance_curve_pce__w_o_t-BCA__Series_2.csv,10.1039/c9ta13922b,Fig4_F_stability_performance_curve_pce,Series_2,40,40,22,0,356.8853913575995,201.31996435556897,True,1.0002855654435328,1.0,0.8428408354680484,1581,2,0,2,node_0_2,0.28050941611715313,1.0,0.995380334410252,0.9642499359361747,0.9347799845416929,0.8991585540594816,0.8428408354680484,0.0,5,no_initial_change_moderate_loss,class_05,/Users/shunhao/Desktop/ML/lab/NEW/som_200h_reanalysis/02_selected_curve_database/paper_aligned_min4/x_time_h/10.1039_c9ta13922b/Fig4_F_stability_performance_curve_pce/accepted/10.1039_c9ta13922b__Fig4__F__stability_performance_curve_pce__w_o_t-BCA__Series_2.csv
x_time_h/10.1039_c9ta14139a/Fig5_A_stability_performance_curve_pce/accepted/10.1039_c9ta14139a__Fig5__A__stability_performance_curve_pce__HEA__Series_1.csv,10.1039/c9ta14139a|Fig5_A_stability_performance_curve_pce|10.1039_c9ta14139a__Fig5__A__stability_performance_curve_pce__HEA__Series_1,/Users/shunhao/Desktop/ML/lab/data_all/x_time_h/10.1039_c9ta14139a/Fig5_A_stability_performance_curve_pce/accepted/10.1039_c9ta14139a__Fig5__A__stability_performance_curve_pce__HEA__Series_1.csv,x_time_h/10.1039_c9ta14139a/Fig5_A_stability_performance_curve_pce/accepted/10.1039_c9ta14139a__Fig5__A__stability_performance_curve_pce__HEA__Series_1.csv,10.1039/c9ta14139a,Fig5_A_stability_performance_curve_pce,Series_1,91,91,13,0,1410.642629483809,203.75949092543908,True,0.9996765019932394,1.0,0.8759005493129569,1582,2,0,2,node_0_2,0.3767658389941545,1.0,0.9946118708926508,0.9667209156997791,0.9312568760991804,0.9044857896676209,0.8759005493129569,0.0,5,no_initial_change_moderate_loss,class_05,/Users/shunhao/Desktop/ML/lab/NEW/som_200h_reanalysis/02_selected_curve_database/paper_aligned_min4/x_time_h/10.1039_c9ta14139a/Fig5_A_stability_performance_curve_pce/accepted/10.1039_c9ta14139a__Fig5__A__stability_performance_curve_pce__HEA__Series_1.csv
x_time_h/10.1039_d0ee02043e/Fig4_E_stability_performance_curve_pce/accepted/10.1039_d0ee02043e__Fig4__E__stability_performance_curve_pce__control__Series_1.csv,10.1039/d0ee02043e|Fig4_E_stability_performance_curve_pce|10.1039_d0ee02043e__Fig4__E__stability_performance_curve_pce__control__Series_1,/Users/shunhao/Desktop/ML/lab/data_all/x_time_h/10.1039_d0ee02043e/Fig4_E_stability_performance_curve_pce/accepted/10.1039_d0ee02043e__Fig4__E__stability_performance_curve_pce__control__Series_1.csv,x_time_h/10.1039_d0ee02043e/Fig4_E_stability_performance_curve_pce/accepted/10.1039_d0ee02043e__Fig4__E__stability_performance_curve_pce__control__Series_1.csv,10.1039/d0ee02043e,Fig4_E_stability_performance_curve_pce,Series_1,71,71,12,0,1178.2872307349437,201.99209669741887,True,0.9972188104163532,1.0,0.8897839999239311,1593,2,0,2,node_0_2,0.4477110342920995,1.0,0.9951433923382624,0.9615685973635406,0.9211955178256553,0.899302450243396,0.8897839999239311,0.0,5,no_initial_change_moderate_loss,class_05,/Users/shunhao/Desktop/ML/lab/NEW/som_200h_reanalysis/02_selected_curve_database/paper_aligned_min4/x_time_h/10.1039_d0ee02043e/Fig4_E_stability_performance_curve_pce/accepted/10.1039_d0ee02043e__Fig4__E__stability_performance_curve_pce__control__Series_1.csv
x_time_h/10.1039_d0ra03238g/Fig3_D_stability_performance_curve_pce/accepted/10.1039_d0ra03238g__Fig3__D__stability_performance_curve_pce__With_0.2MIMBF₄__Series_1.csv,10.1039/d0ra03238g|Fig3_D_stability_performance_curve_pce|10.1039_d0ra03238g__Fig3__D__stability_performance_curve_pce__With_0.2MIMBF₄__Series_1,/Users/shunhao/Desktop/ML/lab/data_all/x_time_h/10.1039_d0ra03238g/Fig3_D_stability_performance_curve_pce/accepted/10.1039_d0ra03238g__Fig3__D__stability_performance_curve_pce__With_0.2MIMBF₄__Series_1.csv,x_time_h/10.1039_d0ra03238g/Fig3_D_stability_performance_curve_pce/accepted/10.1039_d0ra03238g__Fig3__D__stability_performance_curve_pce__With_0.2MIMBF₄__Series_1.csv,10.1039/d0ra03238g,Fig3_D_stability_performance_curve_pce,Series_1,30,30,15,0,391.5067973334542,202.50351586213145,True,0.99816087855934,1.0,0.8422353297529506,1596,2,0,2,node_0_2,0.28726474800237406,1.0,0.9948503038107245,0.95870031431485,0.915031064446267,0.8802505950745384,0.8422353297529506,0.0,5,no_initial_change_moderate_loss,class_05,/Users/shunhao/Desktop/ML/lab/NEW/som_200h_reanalysis/02_selected_curve_database/paper_aligned_min4/x_time_h/10.1039_d0ra03238g/Fig3_D_stability_performance_curve_pce/accepted/10.1039_d0ra03238g__Fig3__D__stability_performance_curve_pce__With_0.2MIMBF₄__Series_1.csv
x_time_h/10.1039_d0ta04680a/Fig5_E_pattern/accepted/10.1039_d0ta04680a__Fig5__E__pattern__FA__Series_1.csv,10.1039/d0ta04680a|Fig5_E_pattern|10.1039_d0ta04680a__Fig5__E__pattern__FA__Series_1,/Users/shunhao/Desktop/ML/lab/data_all/x_time_h/10.1039_d0ta04680a/Fig5_E_pattern/accepted/10.1039_d0ta04680a__Fig5__E__pattern__FA__Series_1.csv,x_time_h/10.1039_d0ta04680a/Fig5_E_pattern/accepted/10.1039_d0ta04680a__Fig5__E__pattern__FA__Series_1.csv,10.1039/d0ta04680a,Fig5_E_pattern,Series_1,65,65,10,0,1408.3651104471696,220.05704850737027,True,1.0006115473625172,1.0,0.8715957186790856,1615,2,0,2,node_0_2,0.3634678485685005,1.0,0.9948548365530935,0.9540531990895124,0.9087374161905771,0.8877595318067293,0.8715957186790856,0.0,5,no_initial_change_moderate_loss,class_05,/Users/shunhao/Desktop/ML/lab/NEW/som_200h_reanalysis/02_selected_curve_database/paper_aligned_min4/x_time_h/10.1039_d0ta04680a/Fig5_E_pattern/accepted/10.1039_d0ta04680a__Fig5__E__pattern__FA__Series_1.csv
x_time_h/10.1039_d0tc05455k/Fig6_B_stability_performance_curve_pce/accepted/10.1039_d0tc05455k__Fig6__B__stability_performance_curve_pce__CsPbIBr₂__Series_1.csv,10.1039/d0tc05455k|Fig6_B_stability_performance_curve_pce|10.1039_d0tc05455k__Fig6__B__stability_performance_curve_pce__CsPbIBr₂__Series_1,/Users/shunhao/Desktop/ML/lab/data_all/x_time_h/10.1039_d0tc05455k/Fig6_B_stability_performance_curve_pce/accepted/10.1039_d0tc05455k__Fig6__B__stability_performance_curve_pce__CsPbIBr₂__Series_1.csv,x_time_h/10.1039_d0tc05455k/Fig6_B_stability_performance_curve_pce/accepted/10.1039_d0tc05455k__Fig6__B__stability_performance_curve_pce__CsPbIBr₂__Series_1.csv,10.1039/d0tc05455k,Fig6_B_stability_performance_curve_pce,Series_1,67,67,34,0,393.5196024382197,202.7222194378707,True,1.0000975585490413,1.0,0.871687314315947,1631,2,0,2,node_0_2,0.41000761756937454,1.0,0.9879829187717905,0.9593332429312755,0.9164073252733596,0.9110114395898157,0.871687314315947,0.0,5,no_initial_change_moderate_loss,class_05,/Users/shunhao/Desktop/ML/lab/NEW/som_200h_reanalysis/02_selected_curve_database/paper_aligned_min4/x_time_h/10.1039_d0tc05455k/Fig6_B_stability_performance_curve_pce/accepted/10.1039_d0tc05455k__Fig6__B__stability_performance_curve_pce__CsPbIBr₂__Series_1.csv
x_time_h/10.1039_d1ee00116g/Fig1_F_stability_performance_curve_jsc/accepted/10.1039_d1ee00116g__Fig1__F__stability_performance_curve_jsc__Unpolished_CFM_device__Series_1.csv,10.1039/d1ee00116g|Fig1_F_stability_performance_curve_jsc|10.1039_d1ee00116g__Fig1__F__stability_performance_curve_jsc__Unpolished_CFM_device__Series_1,/Users/shunhao/Desktop/ML/lab/data_all/x_time_h/10.1039_d1ee00116g/Fig1_F_stability_performance_curve_jsc/accepted/10.1039_d1ee00116g__Fig1__F__stability_performance_curve_jsc__Unpolished_CFM_device__Series_1.csv,x_time_h/10.1039_d1ee00116g/Fig1_F_stability_performance_curve_jsc/accepted/10.1039_d1ee00116g__Fig1__F__stability_performance_curve_jsc__Unpolished_CFM_device__Series_1.csv,10.1039/d1ee00116g,Fig1_F_stability_performance_curve_jsc,Series_1,125,125,104,0,240.11064189398937,201.38311900786204,True,19.225846723516064,1.0,0.8752375901812547,1633,2,0,2,node_0_2,0.4190529170175179,1.0,0.9832810616855944,0.9435275714320474,0.9132087583869598,0.8929639192055154,0.8752375901812547,0.0,5,no_initial_change_moderate_loss,class_05,/Users/shunhao/Desktop/ML/lab/NEW/som_200h_reanalysis/02_selected_curve_database/paper_aligned_min4/x_time_h/10.1039_d1ee00116g/Fig1_F_stability_performance_curve_jsc/accepted/10.1039_d1ee00116g__Fig1__F__stability_performance_curve_jsc__Unpolished_CFM_device__Series_1.csv
x_time_h/10.1039_d1ma00975c/Fig9_A_stability_performance_curve_voc/accepted/10.1039_d1ma00975c__Fig9__A__stability_performance_curve_voc__GVL_only__Series_1.csv,10.1039/d1ma00975c|Fig9_A_stability_performance_curve_voc|10.1039_d1ma00975c__Fig9__A__stability_performance_curve_voc__GVL_only__Series_1,/Users/shunhao/Desktop/ML/lab/data_all/x_time_h/10.1039_d1ma00975c/Fig9_A_stability_performance_curve_voc/accepted/10.1039_d1ma00975c__Fig9__A__stability_performance_curve_voc__GVL_only__Series_1.csv,x_time_h/10.1039_d1ma00975c/Fig9_A_stability_performance_curve_voc/accepted/10.1039_d1ma00975c__Fig9__A__stability_performance_curve_voc__GVL_only__Series_1.csv,10.1039/d1ma00975c,Fig9_A_stability_performance_curve_voc,Series_1,81,81,38,0,422.33364470421606,200.60848123450265,True,0.992352528638234,1.0,0.8299549463406246,1637,2,0,2,node_0_2,0.5366398734479954,1.0,0.9926957563751039,0.9603647117901174,0.9128203997692066,0.8696800748884055,0.8299549463406246,0.0,5,no_initial_change_moderate_loss,class_05,/Users/shunhao/Desktop/ML/lab/NEW/som_200h_reanalysis/02_selected_curve_database/paper_aligned_min4/x_time_h/10.1039_d1ma00975c/Fig9_A_stability_performance_curve_voc/accepted/10.1039_d1ma00975c__Fig9__A__stability_performance_curve_voc__GVL_only__Series_1.csv
x_time_h/10.1039_d1na00173f/Fig5_D_stability_performance_curve/accepted/10.1039_d1na00173f__Fig5__D__stability_performance_curve__ZIF-8@MAI__Series_3.csv,10.1039/d1na00173f|Fig5_D_stability_performance_curve|10.1039_d1na00173f__Fig5__D__stability_performance_curve__ZIF-8@MAI__Series_3,/Users/shunhao/Desktop/ML/lab/data_all/x_time_h/10.1039_d1na00173f/Fig5_D_stability_performance_curve/accepted/10.1039_d1na00173f__Fig5__D__stability_performance_curve__ZIF-8@MAI__Series_3.csv,x_time_h/10.1039_d1na00173f/Fig5_D_stability_performance_curve/accepted/10.1039_d1na00173f__Fig5__D__stability_performance_curve__ZIF-8@MAI__Series_3.csv,10.1039/d1na00173f,Fig5_D_stability_performance_curve,Series_3,48,48,16,0,595.5348873461719,202.7352807986969,True,1.007951954021961,1.0,0.9004763904888607,1640,2,0,2,node_0_2,0.6995510400921012,1.0,0.989066854059406,0.9471341931331968,0.9104116731784461,0.9071252360742749,0.9004763904888607,0.0,5,no_initial_change_moderate_loss,class_05,/Users/shunhao/Desktop/ML/lab/NEW/som_200h_reanalysis/02_selected_curve_database/paper_aligned_min4/x_time_h/10.1039_d1na00173f/Fig5_D_stability_performance_curve/accepted/10.1039_d1na00173f__Fig5__D__stability_performance_curve__ZIF-8@MAI__Series_3.csv
x_time_h/10.1039_d1na00173f/Fig5_D_stability_performance_curve/accepted/10.1039_d1na00173f__Fig5__D__stability_performance_curve__ZIF-8__Series_2.csv,10.1039/d1na00173f|Fig5_D_stability_performance_curve|10.1039_d1na00173f__Fig5__D__stability_performance_curve__ZIF-8__Series_2,/Users/shunhao/Desktop/ML/lab/data_all/x_time_h/10.1039_d1na00173f/Fig5_D_stability_performance_curve/accepted/10.1039_d1na00173f__Fig5__D__stability_performance_curve__ZIF-8__Series_2.csv,x_time_h/10.1039_d1na00173f/Fig5_D_stability_performance_curve/accepted/10.1039_d1na00173f__Fig5__D__stability_performance_curve__ZIF-8__Series_2.csv,10.1039/d1na00173f,Fig5_D_stability_performance_curve,Series_2,48,48,16,0,595.5348873461719,202.73528079869683,True,1.0107887206819084,1.0,0.9004668998051761,1641,2,0,2,node_0_2,0.7000933876651976,1.0,0.9913738481617783,0.9501088216600254,0.9133490617883417,0.9098667503190784,0.9004668998051761,0.0,5,no_initial_change_moderate_loss,class_05,/Users/shunhao/Desktop/ML/lab/NEW/som_200h_reanalysis/02_selected_curve_database/paper_aligned_min4/x_time_h/10.1039_d1na00173f/Fig5_D_stability_performance_curve/accepted/10.1039_d1na00173f__Fig5__D__stability_performance_curve__ZIF-8__Series_2.csv
x_time_h/10.1039_d1na00173f/Fig5_E_mppt_stability_performance_curve_spectrum/accepted/10.1039_d1na00173f__Fig5__E__mppt_stability_performance_curve_spectrum__Pristine__Series_1.csv,10.1039/d1na00173f|Fig5_E_mppt_stability_performance_curve_spectrum|10.1039_d1na00173f__Fig5__E__mppt_stability_performance_curve_spectrum__Pristine__Series_1,/Users/shunhao/Desktop/ML/lab/data_all/x_time_h/10.1039_d1na00173f/Fig5_E_mppt_stability_performance_curve_spectrum/accepted/10.1039_d1na00173f__Fig5__E__mppt_stability_performance_curve_spectrum__Pristine__Series_1.csv,x_time_h/10.1039_d1na00173f/Fig5_E_mppt_stability_performance_curve_spectrum/accepted/10.1039_d1na00173f__Fig5__E__mppt_stability_performance_curve_spectrum__Pristine__Series_1.csv,10.1039/d1na00173f,Fig5_E_mppt_stability_performance_curve_spectrum,Series_1,47,47,16,0,583.819883250922,203.0677854785816,True,1.0035222018575616,0.9986628492666308,0.8337784228305538,1643,2,0,2,node_0_2,0.37598236684828434,0.9986628492666308,0.9996499173895236,0.9709705280852926,0.9296255042652118,0.8822336839657372,0.8337784228305538,7.0,5,no_initial_change_moderate_loss,class_05,/Users/shunhao/Desktop/ML/lab/NEW/som_200h_reanalysis/02_selected_curve_database/paper_aligned_min4/x_time_h/10.1039_d1na00173f/Fig5_E_mppt_stability_performance_curve_spectrum/accepted/10.1039_d1na00173f__Fig5__E__mppt_stability_performance_curve_spectrum__Pristine__Series_1.csv
x_time_h/10.1039_d1ra01236c/Fig7_B_stability_performance_curve_pce/accepted/10.1039_d1ra01236c__Fig7__B__stability_performance_curve_pce__5%__Series_1.csv,10.1039/d1ra01236c|Fig7_B_stability_performance_curve_pce|10.1039_d1ra01236c__Fig7__B__stability_performance_curve_pce__5%__Series_1,/Users/shunhao/Desktop/ML/lab/data_all/x_time_h/10.1039_d1ra01236c/Fig7_B_stability_performance_curve_pce/accepted/10.1039_d1ra01236c__Fig7__B__stability_performance_curve_pce__5%__Series_1.csv,x_time_h/10.1039_d1ra01236c/Fig7_B_stability_performance_curve_pce/accepted/10.1039_d1ra01236c__Fig7__B__stability_performance_curve_pce__5%__Series_1.csv,10.1039/d1ra01236c,Fig7_B_stability_performance_curve_pce,Series_1,58,58,24,0,476.79624651939633,200.75631432395636,True,0.9704858030842184,0.97844644371022,0.8676900981309352,1652,2,0,2,node_0_2,0.2824440028430474,0.97844644371022,1.0,0.9508454842197681,0.9167163834724416,0.8891428203575488,0.8676900981309352,10.0,5,no_initial_change_moderate_loss,class_05,/Users/shunhao/Desktop/ML/lab/NEW/som_200h_reanalysis/02_selected_curve_database/paper_aligned_min4/x_time_h/10.1039_d1ra01236c/Fig7_B_stability_performance_curve_pce/accepted/10.1039_d1ra01236c__Fig7__B__stability_performance_curve_pce__5%__Series_1.csv
x_time_h/10.1039_d2ta05836g/Fig6_G_stability_performance_curve_pce/accepted/10.1039_d2ta05836g__Fig6__G__stability_performance_curve_pce__oControl__Series_1.csv,10.1039/d2ta05836g|Fig6_G_stability_performance_curve_pce|10.1039_d2ta05836g__Fig6__G__stability_performance_curve_pce__oControl__Series_1,/Users/shunhao/Desktop/ML/lab/data_all/x_time_h/10.1039_d2ta05836g/Fig6_G_stability_performance_curve_pce/accepted/10.1039_d2ta05836g__Fig6__G__stability_performance_curve_pce__oControl__Series_1.csv,x_time_h/10.1039_d2ta05836g/Fig6_G_stability_performance_curve_pce/accepted/10.1039_d2ta05836g__Fig6__G__stability_performance_curve_pce__oControl__Series_1.csv,10.1039/d2ta05836g,Fig6_G_stability_performance_curve_pce,Series_1,106,106,22,0,995.16878275603,208.5115544822158,True,1.0030650959485694,1.0,0.8535916063207388,1659,2,0,2,node_0_2,0.41319853281445323,1.0,0.9914734184252186,0.9531915097352521,0.9062873428592151,0.877638609220704,0.8535916063207388,0.0,5,no_initial_change_moderate_loss,class_05,/Users/shunhao/Desktop/ML/lab/NEW/som_200h_reanalysis/02_selected_curve_database/paper_aligned_min4/x_time_h/10.1039_d2ta05836g/Fig6_G_stability_performance_curve_pce/accepted/10.1039_d2ta05836g__Fig6__G__stability_performance_curve_pce__oControl__Series_1.csv
x_time_h/10.1039_d3ee02344c/Fig5_A_mppt_stability_performance_curve_pce/accepted/10.1039_d3ee02344c__Fig5__A__mppt_stability_performance_curve_pce__Reference__Series_3.csv,10.1039/d3ee02344c|Fig5_A_mppt_stability_performance_curve_pce|10.1039_d3ee02344c__Fig5__A__mppt_stability_performance_curve_pce__Reference__Series_3,/Users/shunhao/Desktop/ML/lab/data_all/x_time_h/10.1039_d3ee02344c/Fig5_A_mppt_stability_performance_curve_pce/accepted/10.1039_d3ee02344c__Fig5__A__mppt_stability_performance_curve_pce__Reference__Series_3.csv,x_time_h/10.1039_d3ee02344c/Fig5_A_mppt_stability_performance_curve_pce/accepted/10.1039_d3ee02344c__Fig5__A__mppt_stability_performance_curve_pce__Reference__Series_3.csv,10.1039/d3ee02344c,Fig5_A_mppt_stability_performance_curve_pce,Series_3,64,64,12,0,1115.2590667321383,212.43029842516916,True,0.9670777594890888,1.0,0.8887591806716876,1661,2,0,2,node_0_2,0.4777087058786052,1.0,0.9890395221112871,0.9512641359556487,0.9203798080439296,0.9020941391344237,0.8887591806716876,0.0,5,no_initial_change_moderate_loss,class_05,/Users/shunhao/Desktop/ML/lab/NEW/som_200h_reanalysis/02_selected_curve_database/paper_aligned_min4/x_time_h/10.1039_d3ee02344c/Fig5_A_mppt_stability_performance_curve_pce/accepted/10.1039_d3ee02344c__Fig5__A__mppt_stability_performance_curve_pce__Reference__Series_3.csv
x_time_h/10.1039_d3ee02344c/Fig5_B_stability_performance_curve_pce/accepted/10.1039_d3ee02344c__Fig5__B__stability_performance_curve_pce__Reference__Series_3.csv,10.1039/d3ee02344c|Fig5_B_stability_performance_curve_pce|10.1039_d3ee02344c__Fig5__B__stability_performance_curve_pce__Reference__Series_3,/Users/shunhao/Desktop/ML/lab/data_all/x_time_h/10.1039_d3ee02344c/Fig5_B_stability_performance_curve_pce/accepted/10.1039_d3ee02344c__Fig5__B__stability_performance_curve_pce__Reference__Series_3.csv,x_time_h/10.1039_d3ee02344c/Fig5_B_stability_performance_curve_pce/accepted/10.1039_d3ee02344c__Fig5__B__stability_performance_curve_pce__Reference__Series_3.csv,10.1039/d3ee02344c,Fig5_B_stability_performance_curve_pce,Series_3,69,69,12,0,1180.600496718785,208.3412641268444,True,0.9784143931034488,1.0,0.8436629693136419,1662,2,0,2,node_0_2,0.40339037407348893,1.0,0.9931489436149227,0.9706264840204614,0.9365467889082975,0.8767764575714262,0.8436629693136419,0.0,5,no_initial_change_moderate_loss,class_05,/Users/shunhao/Desktop/ML/lab/NEW/som_200h_reanalysis/02_selected_curve_database/paper_aligned_min4/x_time_h/10.1039_d3ee02344c/Fig5_B_stability_performance_curve_pce/accepted/10.1039_d3ee02344c__Fig5__B__stability_performance_curve_pce__Reference__Series_3.csv
x_time_h/10.1039_d3ma00285c/Fig7_D_mppt_stability_performance_curve_pce_photovoltaic_parameter/accepted/10.1039_d3ma00285c__Fig7__D__mppt_stability_performance_curve_pce_photovoltaic_parameter__2D_3D_prvk__Series_2.csv,10.1039/d3ma00285c|Fig7_D_mppt_stability_performance_curve_pce_photovoltaic_parameter|10.1039_d3ma00285c__Fig7__D__mppt_stability_performance_curve_pce_photovoltaic_parameter__2D_3D_prvk__Series_2,/Users/shunhao/Desktop/ML/lab/data_all/x_time_h/10.1039_d3ma00285c/Fig7_D_mppt_stability_performance_curve_pce_photovoltaic_parameter/accepted/10.1039_d3ma00285c__Fig7__D__mppt_stability_performance_curve_pce_photovoltaic_parameter__2D_3D_prvk__Series_2.csv,x_time_h/10.1039_d3ma00285c/Fig7_D_mppt_stability_performance_curve_pce_photovoltaic_parameter/accepted/10.1039_d3ma00285c__Fig7__D__mppt_stability_performance_curve_pce_photovoltaic_parameter__2D_3D_prvk__Series_2.csv,10.1039/d3ma00285c,Fig7_D_mppt_stability_performance_curve_pce_photovoltaic_parameter,Series_2,69,69,25,0,548.2251995921076,201.5533822029807,True,0.9962698894700306,1.0,0.8584990891506705,1663,2,0,2,node_0_2,0.6351552113512213,1.0,0.9881074422913206,0.9255198657802801,0.9074308417530447,0.8948462696162233,0.8584990891506705,0.0,5,no_initial_change_moderate_loss,class_05,/Users/shunhao/Desktop/ML/lab/NEW/som_200h_reanalysis/02_selected_curve_database/paper_aligned_min4/x_time_h/10.1039_d3ma00285c/Fig7_D_mppt_stability_performance_curve_pce_photovoltaic_parameter/accepted/10.1039_d3ma00285c__Fig7__D__mppt_stability_performance_curve_pce_photovoltaic_parameter__2D_3D_prvk__Series_2.csv
x_time_h/10.1039_d3ta02892e/Fig5_F_stability_performance_curve_pce/accepted/10.1039_d3ta02892e__Fig5__F__stability_performance_curve_pce__S-CsSnl₃__Series_1.csv,10.1039/d3ta02892e|Fig5_F_stability_performance_curve_pce|10.1039_d3ta02892e__Fig5__F__stability_performance_curve_pce__S-CsSnl₃__Series_1,/Users/shunhao/Desktop/ML/lab/data_all/x_time_h/10.1039_d3ta02892e/Fig5_F_stability_performance_curve_pce/accepted/10.1039_d3ta02892e__Fig5__F__stability_performance_curve_pce__S-CsSnl₃__Series_1.csv,x_time_h/10.1039_d3ta02892e/Fig5_F_stability_performance_curve_pce/accepted/10.1039_d3ta02892e__Fig5__F__stability_performance_curve_pce__S-CsSnl₃__Series_1.csv,10.1039/d3ta02892e,Fig5_F_stability_performance_curve_pce,Series_1,33,33,7,0,971.021463210308,212.4109450772548,True,0.9923329431307848,1.0,0.8507106077946411,1668,2,0,2,node_0_2,0.20139987641817636,1.0,0.9968466174375857,0.9693334424641468,0.9278868256988619,0.886349489108959,0.8507106077946411,0.0,5,no_initial_change_moderate_loss,class_05,/Users/shunhao/Desktop/ML/lab/NEW/som_200h_reanalysis/02_selected_curve_database/paper_aligned_min4/x_time_h/10.1039_d3ta02892e/Fig5_F_stability_performance_curve_pce/accepted/10.1039_d3ta02892e__Fig5__F__stability_performance_curve_pce__S-CsSnl₃__Series_1.csv
x_time_h/10.1039_d3ya00065f/Fig7_F_stability_performance_curve_pce/accepted/10.1039_d3ya00065f__Fig7__F__stability_performance_curve_pce__Control__Series_3.csv,10.1039/d3ya00065f|Fig7_F_stability_performance_curve_pce|10.1039_d3ya00065f__Fig7__F__stability_performance_curve_pce__Control__Series_3,/Users/shunhao/Desktop/ML/lab/data_all/x_time_h/10.1039_d3ya00065f/Fig7_F_stability_performance_curve_pce/accepted/10.1039_d3ya00065f__Fig7__F__stability_performance_curve_pce__Control__Series_3.csv,x_time_h/10.1039_d3ya00065f/Fig7_F_stability_performance_curve_pce/accepted/10.1039_d3ya00065f__Fig7__F__stability_performance_curve_pce__Control__Series_3.csv,10.1039/d3ya00065f,Fig7_F_stability_performance_curve_pce,Series_3,32,32,7,0,974.0761425795766,219.95267735667863,True,0.9955303252049312,1.0,0.8300225161861966,1672,2,0,2,node_0_2,0.4783502847398261,1.0,0.9929504483716645,0.9583936515355173,0.9122805823936726,0.8721964817116615,0.8300225161861966,0.0,5,no_initial_change_moderate_loss,class_05,/Users/shunhao/Desktop/ML/lab/NEW/som_200h_reanalysis/02_selected_curve_database/paper_aligned_min4/x_time_h/10.1039_d3ya00065f/Fig7_F_stability_performance_curve_pce/accepted/10.1039_d3ya00065f__Fig7__F__stability_performance_curve_pce__Control__Series_3.csv
x_time_h/10.1088_1361-6528_aaf2ad/Fig4_B_stability_performance_curve_pce/accepted/10.1088_1361-6528_aaf2ad__Fig4__B__stability_performance_curve_pce__SnO₂__Series_2.csv,10.1088/1361-6528_aaf2ad|Fig4_B_stability_performance_curve_pce|10.1088_1361-6528_aaf2ad__Fig4__B__stability_performance_curve_pce__SnO₂__Series_2,/Users/shunhao/Desktop/ML/lab/data_all/x_time_h/10.1088_1361-6528_aaf2ad/Fig4_B_stability_performance_curve_pce/accepted/10.1088_1361-6528_aaf2ad__Fig4__B__stability_performance_curve_pce__SnO₂__Series_2.csv,x_time_h/10.1088_1361-6528_aaf2ad/Fig4_B_stability_performance_curve_pce/accepted/10.1088_1361-6528_aaf2ad__Fig4__B__stability_performance_curve_pce__SnO₂__Series_2.csv,10.1088/1361-6528_aaf2ad,Fig4_B_stability_performance_curve_pce,Series_2,51,51,35,0,287.66203933488134,201.3634275344169,True,13.12181310847561,0.9601670707871997,0.7137537763472389,1718,2,0,2,node_0_2,2.235732331594015,0.9601670707871995,0.9670857376344603,0.9950540725269652,0.9972131567771291,0.9735002462335491,0.7137537763472389,103.33333333333331,5,no_initial_change_moderate_loss,class_05,/Users/shunhao/Desktop/ML/lab/NEW/som_200h_reanalysis/02_selected_curve_database/paper_aligned_min4/x_time_h/10.1088_1361-6528_aaf2ad/Fig4_B_stability_performance_curve_pce/accepted/10.1088_1361-6528_aaf2ad__Fig4__B__stability_performance_curve_pce__SnO₂__Series_2.csv
x_time_h/10.1126_sciadv.aav2012/Fig5_B_mppt_stability_performance_curve_jsc/accepted/10.1126_sciadv.aav2012__Fig5__B__mppt_stability_performance_curve_jsc__Spiro__Series_2.csv,10.1126/sciadv.aav2012|Fig5_B_mppt_stability_performance_curve_jsc|10.1126_sciadv.aav2012__Fig5__B__mppt_stability_performance_curve_jsc__Spiro__Series_2,/Users/shunhao/Desktop/ML/lab/data_all/x_time_h/10.1126_sciadv.aav2012/Fig5_B_mppt_stability_performance_curve_jsc/accepted/10.1126_sciadv.aav2012__Fig5__B__mppt_stability_performance_curve_jsc__Spiro__Series_2.csv,x_time_h/10.1126_sciadv.aav2012/Fig5_B_mppt_stability_performance_curve_jsc/accepted/10.1126_sciadv.aav2012__Fig5__B__mppt_stability_performance_curve_jsc__Spiro__Series_2.csv,10.1126/sciadv.aav2012,Fig5_B_mppt_stability_performance_curve_jsc,Series_2,37,37,14,0,540.0603785079638,210.02348053087485,True,0.9915707941806264,1.0,0.8827586632023565,1724,2,0,2,node_0_2,0.4743646888396736,1.0,0.9858126372121156,0.9524053629420619,0.9299667654502002,0.9059742297822584,0.8827586632023565,0.0,5,no_initial_change_moderate_loss,class_05,/Users/shunhao/Desktop/ML/lab/NEW/som_200h_reanalysis/02_selected_curve_database/paper_aligned_min4/x_time_h/10.1126_sciadv.aav2012/Fig5_B_mppt_stability_performance_curve_jsc/accepted/10.1126_sciadv.aav2012__Fig5__B__mppt_stability_performance_curve_jsc__Spiro__Series_2.csv
x_time_h/10.3390_ma17123002/Fig3_D_stability_performance_curve_pce/accepted/10.3390_ma17123002__Fig3__D__stability_performance_curve_pce__FACs__Series_2.csv,10.3390/ma17123002|Fig3_D_stability_performance_curve_pce|10.3390_ma17123002__Fig3__D__stability_performance_curve_pce__FACs__Series_2,/Users/shunhao/Desktop/ML/lab/data_all/x_time_h/10.3390_ma17123002/Fig3_D_stability_performance_curve_pce/accepted/10.3390_ma17123002__Fig3__D__stability_performance_curve_pce__FACs__Series_2.csv,x_time_h/10.3390_ma17123002/Fig3_D_stability_performance_curve_pce/accepted/10.3390_ma17123002__Fig3__D__stability_performance_curve_pce__FACs__Series_2.csv,10.3390/ma17123002,Fig3_D_stability_performance_curve_pce,Series_2,50,50,33,0,292.1205486855627,202.2373029361588,True,87.16163989718731,1.0,0.8582514076206952,1752,2,0,2,node_0_2,0.6042269105700903,1.0,0.9634089998645,0.948950246707003,0.9501461904604052,0.8936885557155216,0.8582514076206952,0.0,5,no_initial_change_moderate_loss,class_05,/Users/shunhao/Desktop/ML/lab/NEW/som_200h_reanalysis/02_selected_curve_database/paper_aligned_min4/x_time_h/10.3390_ma17123002/Fig3_D_stability_performance_curve_pce/accepted/10.3390_ma17123002__Fig3__D__stability_performance_curve_pce__FACs__Series_2.csv
x_time_h/10.3390_ma18020415/Fig7_whole_stability/accepted/10.3390_ma18020415__Fig7__whole__stability__without_HTL__Series_1.csv,10.3390/ma18020415|Fig7_whole_stability|10.3390_ma18020415__Fig7__whole__stability__without_HTL__Series_1,/Users/shunhao/Desktop/ML/lab/data_all/x_time_h/10.3390_ma18020415/Fig7_whole_stability/accepted/10.3390_ma18020415__Fig7__whole__stability__without_HTL__Series_1.csv,x_time_h/10.3390_ma18020415/Fig7_whole_stability/accepted/10.3390_ma18020415__Fig7__whole__stability__without_HTL__Series_1.csv,10.3390/ma18020415,Fig7_whole_stability,Series_1,77,77,31,0,502.9464544040128,205.14921166479465,True,1.002584347474791,1.0,0.8296143194533627,1754,2,0,2,node_0_2,0.4338903867264463,1.0,0.9919778223223971,0.9696126837767889,0.9456132952296946,0.8985627695917193,0.8296143194533627,0.0,5,no_initial_change_moderate_loss,class_05,/Users/shunhao/Desktop/ML/lab/NEW/som_200h_reanalysis/02_selected_curve_database/paper_aligned_min4/x_time_h/10.3390_ma18020415/Fig7_whole_stability/accepted/10.3390_ma18020415__Fig7__whole__stability__without_HTL__Series_1.csv
x_time_h/10.3390_molecules29122758/Fig5_C_stability_performance_curve_pce/accepted/10.3390_molecules29122758__Fig5__C__stability_performance_curve_pce__2-cation__Series_1.csv,10.3390/molecules29122758|Fig5_C_stability_performance_curve_pce|10.3390_molecules29122758__Fig5__C__stability_performance_curve_pce__2-cation__Series_1,/Users/shunhao/Desktop/ML/lab/data_all/x_time_h/10.3390_molecules29122758/Fig5_C_stability_performance_curve_pce/accepted/10.3390_molecules29122758__Fig5__C__stability_performance_curve_pce__2-cation__Series_1.csv,x_time_h/10.3390_molecules29122758/Fig5_C_stability_performance_curve_pce/accepted/10.3390_molecules29122758__Fig5__C__stability_performance_curve_pce__2-cation__Series_1.csv,10.3390/molecules29122758,Fig5_C_stability_performance_curve_pce,Series_1,59,59,15,0,790.4131648083219,204.41719779525567,True,0.9983647382148076,1.0,0.8714611244637623,1764,2,0,2,node_0_2,0.5223712953361781,1.0,0.9991043335602205,0.9781492425037631,0.9400141960641156,0.9047292736533501,0.8714611244637623,0.0,5,no_initial_change_moderate_loss,class_05,/Users/shunhao/Desktop/ML/lab/NEW/som_200h_reanalysis/02_selected_curve_database/paper_aligned_min4/x_time_h/10.3390_molecules29122758/Fig5_C_stability_performance_curve_pce/accepted/10.3390_molecules29122758__Fig5__C__stability_performance_curve_pce__2-cation__Series_1.csv
x_time_h/10.3390_polym14132748/Fig7_C_stability/accepted/10.3390_polym14132748__Fig7__C__stability__W_OPEOz__Series_1.csv,10.3390/polym14132748|Fig7_C_stability|10.3390_polym14132748__Fig7__C__stability__W_OPEOz__Series_1,/Users/shunhao/Desktop/ML/lab/data_all/x_time_h/10.3390_polym14132748/Fig7_C_stability/accepted/10.3390_polym14132748__Fig7__C__stability__W_OPEOz__Series_1.csv,x_time_h/10.3390_polym14132748/Fig7_C_stability/accepted/10.3390_polym14132748__Fig7__C__stability__W_OPEOz__Series_1.csv,10.3390/polym14132748,Fig7_C_stability,Series_1,63,63,43,0,291.6770823211601,202.2921699969336,True,1.0069233126059411,1.0,0.8807568815726257,1778,2,0,2,node_0_2,0.37786387369835406,1.0,0.9976525087306678,0.9577811718824518,0.9095589784290468,0.8950150405691074,0.8807568815726257,0.0,5,no_initial_change_moderate_loss,class_05,/Users/shunhao/Desktop/ML/lab/NEW/som_200h_reanalysis/02_selected_curve_database/paper_aligned_min4/x_time_h/10.3390_polym14132748/Fig7_C_stability/accepted/10.3390_polym14132748__Fig7__C__stability__W_OPEOz__Series_1.csv
