curve_id,sample_id,source_absolute_path,source_relative_path,doi,figure_folder,series_id,n_raw_points,n_unique_points_total,n_unique_points_0_200h,n_duplicate_points,duration_h,endpoint_bracket_time_h,endpoint_uses_point_after_200h,max_pce_0_200h,normalized_pce_0h,normalized_pce_200h,array_row,raw_cluster_id,som_node_x,som_node_y,node_label,bmu_distance,pce_norm_0h,pce_norm_10h,pce_norm_50h,pce_norm_100h,pce_norm_150h,pce_norm_200h,peak_time_h,ordered_class_id,suggested_shape_name,class_label,selected_database_absolute_path
x_time_day/10.1002_adfm.201804128/Fig8_C_stability_performance_curve_decay/accepted/10.1002_adfm.201804128__Fig8__C__stability_performance_curve_decay__J_sc__Series_4.csv,10.1002/adfm.201804128|Fig8_C_stability_performance_curve_decay|10.1002_adfm.201804128__Fig8__C__stability_performance_curve_decay__J_sc__Series_4,/Users/shunhao/Desktop/ML/lab/data_all/x_time_day/10.1002_adfm.201804128/Fig8_C_stability_performance_curve_decay/accepted/10.1002_adfm.201804128__Fig8__C__stability_performance_curve_decay__J_sc__Series_4.csv,x_time_day/10.1002_adfm.201804128/Fig8_C_stability_performance_curve_decay/accepted/10.1002_adfm.201804128__Fig8__C__stability_performance_curve_decay__J_sc__Series_4.csv,10.1002/adfm.201804128,Fig8_C_stability_performance_curve_decay,Series_4,43,43,18,0,470.91911368604815,201.82247729402064,True,1.003760520680359,1.0,0.9499084635747448,6,4,1,0,node_1_0,0.07195170281462808,1.0,0.9986295893840909,0.9887614028268226,0.9742740595267156,0.9614110892900734,0.9499084635747447,0.0,2,no_initial_change_stable,class_02,/Users/shunhao/Desktop/ML/lab/NEW/som_200h_reanalysis/02_selected_curve_database/paper_aligned_min4/x_time_day/10.1002_adfm.201804128/Fig8_C_stability_performance_curve_decay/accepted/10.1002_adfm.201804128__Fig8__C__stability_performance_curve_decay__J_sc__Series_4.csv
x_time_day/10.1002_adfm.201807556/Fig6_A_stability_performance_curve_ff/accepted/10.1002_adfm.201807556__Fig6__A__stability_performance_curve_ff__PTAA-controlled__Series_1.csv,10.1002/adfm.201807556|Fig6_A_stability_performance_curve_ff|10.1002_adfm.201807556__Fig6__A__stability_performance_curve_ff__PTAA-controlled__Series_1,/Users/shunhao/Desktop/ML/lab/data_all/x_time_day/10.1002_adfm.201807556/Fig6_A_stability_performance_curve_ff/accepted/10.1002_adfm.201807556__Fig6__A__stability_performance_curve_ff__PTAA-controlled__Series_1.csv,x_time_day/10.1002_adfm.201807556/Fig6_A_stability_performance_curve_ff/accepted/10.1002_adfm.201807556__Fig6__A__stability_performance_curve_ff__PTAA-controlled__Series_1.csv,10.1002/adfm.201807556,Fig6_A_stability_performance_curve_ff,Series_1,56,56,16,0,718.6182697058221,209.0525875507846,True,14.786920046362956,1.0,0.961090091495289,11,4,1,0,node_1_0,0.22221360404278406,1.0,0.997341249341036,0.9867062467051803,0.9768863603160404,0.9670891753743075,0.961090091495289,0.0,2,no_initial_change_stable,class_02,/Users/shunhao/Desktop/ML/lab/NEW/som_200h_reanalysis/02_selected_curve_database/paper_aligned_min4/x_time_day/10.1002_adfm.201807556/Fig6_A_stability_performance_curve_ff/accepted/10.1002_adfm.201807556__Fig6__A__stability_performance_curve_ff__PTAA-controlled__Series_1.csv
x_time_day/10.1002_adfm.201807556/Fig6_A_stability_performance_curve_ff/accepted/10.1002_adfm.201807556__Fig6__A__stability_performance_curve_ff__TFB-controlled__Series_3.csv,10.1002/adfm.201807556|Fig6_A_stability_performance_curve_ff|10.1002_adfm.201807556__Fig6__A__stability_performance_curve_ff__TFB-controlled__Series_3,/Users/shunhao/Desktop/ML/lab/data_all/x_time_day/10.1002_adfm.201807556/Fig6_A_stability_performance_curve_ff/accepted/10.1002_adfm.201807556__Fig6__A__stability_performance_curve_ff__TFB-controlled__Series_3.csv,x_time_day/10.1002_adfm.201807556/Fig6_A_stability_performance_curve_ff/accepted/10.1002_adfm.201807556__Fig6__A__stability_performance_curve_ff__TFB-controlled__Series_3.csv,10.1002/adfm.201807556,Fig6_A_stability_performance_curve_ff,Series_3,56,56,16,0,718.618269705822,209.05258755078455,True,20.293159053532,0.9995128780471454,0.950640948621369,12,4,1,0,node_1_0,0.13738624874745925,0.9995128780471454,0.9999141277849838,0.9923574679644896,0.9778835058346279,0.9628589309778132,0.950640948621369,7.5,2,no_initial_change_stable,class_02,/Users/shunhao/Desktop/ML/lab/NEW/som_200h_reanalysis/02_selected_curve_database/paper_aligned_min4/x_time_day/10.1002_adfm.201807556/Fig6_A_stability_performance_curve_ff/accepted/10.1002_adfm.201807556__Fig6__A__stability_performance_curve_ff__TFB-controlled__Series_3.csv
x_time_day/10.1002_adfm.201807604/Fig5_A_stability/accepted/10.1002_adfm.201807604__Fig5__A__stability__TA-SnO2__Series_2.csv,10.1002/adfm.201807604|Fig5_A_stability|10.1002_adfm.201807604__Fig5__A__stability__TA-SnO2__Series_2,/Users/shunhao/Desktop/ML/lab/data_all/x_time_day/10.1002_adfm.201807604/Fig5_A_stability/accepted/10.1002_adfm.201807604__Fig5__A__stability__TA-SnO2__Series_2.csv,x_time_day/10.1002_adfm.201807604/Fig5_A_stability/accepted/10.1002_adfm.201807604__Fig5__A__stability__TA-SnO2__Series_2.csv,10.1002/adfm.201807604,Fig5_A_stability,Series_2,61,61,17,0,715.8588594181258,202.8266768351357,True,1.0038295639006198,1.0,0.963339241032981,14,4,1,0,node_1_0,0.2897287725196614,1.0,0.9982471979740805,0.9854794643008186,0.9763778777665396,0.9713930065505186,0.963339241032981,0.0,2,no_initial_change_stable,class_02,/Users/shunhao/Desktop/ML/lab/NEW/som_200h_reanalysis/02_selected_curve_database/paper_aligned_min4/x_time_day/10.1002_adfm.201807604/Fig5_A_stability/accepted/10.1002_adfm.201807604__Fig5__A__stability__TA-SnO2__Series_2.csv
x_time_day/10.1002_adfm.202008052/Fig7_G_decay/accepted/10.1002_adfm.202008052__Fig7__G__decay__W_o_MoOx__Series_1.csv,10.1002/adfm.202008052|Fig7_G_decay|10.1002_adfm.202008052__Fig7__G__decay__W_o_MoOx__Series_1,/Users/shunhao/Desktop/ML/lab/data_all/x_time_day/10.1002_adfm.202008052/Fig7_G_decay/accepted/10.1002_adfm.202008052__Fig7__G__decay__W_o_MoOx__Series_1.csv,x_time_day/10.1002_adfm.202008052/Fig7_G_decay/accepted/10.1002_adfm.202008052__Fig7__G__decay__W_o_MoOx__Series_1.csv,10.1002/adfm.202008052,Fig7_G_decay,Series_1,44,44,16,0,559.6494439250783,208.24165355351752,True,0.9994251330081956,1.0,0.9371714496311592,24,4,1,0,node_1_0,0.15251498564928684,1.0,0.9967709733528753,0.9850829719086086,0.9705114745636095,0.9543663413279859,0.9371714496311591,0.0,2,no_initial_change_stable,class_02,/Users/shunhao/Desktop/ML/lab/NEW/som_200h_reanalysis/02_selected_curve_database/paper_aligned_min4/x_time_day/10.1002_adfm.202008052/Fig7_G_decay/accepted/10.1002_adfm.202008052__Fig7__G__decay__W_o_MoOx__Series_1.csv
x_time_day/10.1002_adfm.202101568/Fig6_F_stability_performance_curve_pce/accepted/10.1002_adfm.202101568__Fig6__F__stability_performance_curve_pce__Without_HOCP__Series_2.csv,10.1002/adfm.202101568|Fig6_F_stability_performance_curve_pce|10.1002_adfm.202101568__Fig6__F__stability_performance_curve_pce__Without_HOCP__Series_2,/Users/shunhao/Desktop/ML/lab/data_all/x_time_day/10.1002_adfm.202101568/Fig6_F_stability_performance_curve_pce/accepted/10.1002_adfm.202101568__Fig6__F__stability_performance_curve_pce__Without_HOCP__Series_2.csv,x_time_day/10.1002_adfm.202101568/Fig6_F_stability_performance_curve_pce/accepted/10.1002_adfm.202101568__Fig6__F__stability_performance_curve_pce__Without_HOCP__Series_2.csv,10.1002/adfm.202101568,Fig6_F_stability_performance_curve_pce,Series_2,45,45,13,0,690.2689849015578,203.94310917546028,True,17.13756203656498,1.0,0.9335365038728802,25,4,1,0,node_1_0,0.42471433840140826,1.0,0.9985376641242902,0.9738469951052201,0.957350940288,0.9536784229848826,0.9335365038728802,0.0,2,no_initial_change_stable,class_02,/Users/shunhao/Desktop/ML/lab/NEW/som_200h_reanalysis/02_selected_curve_database/paper_aligned_min4/x_time_day/10.1002_adfm.202101568/Fig6_F_stability_performance_curve_pce/accepted/10.1002_adfm.202101568__Fig6__F__stability_performance_curve_pce__Without_HOCP__Series_2.csv
x_time_day/10.1002_adfm.202106560/Fig4_A_stability_performance_curve_pce/accepted/10.1002_adfm.202106560__Fig4__A__stability_performance_curve_pce__FASnl-based_perovskite_with_HTL__Series_1.csv,10.1002/adfm.202106560|Fig4_A_stability_performance_curve_pce|10.1002_adfm.202106560__Fig4__A__stability_performance_curve_pce__FASnl-based_perovskite_with_HTL__Series_1,/Users/shunhao/Desktop/ML/lab/data_all/x_time_day/10.1002_adfm.202106560/Fig4_A_stability_performance_curve_pce/accepted/10.1002_adfm.202106560__Fig4__A__stability_performance_curve_pce__FASnl-based_perovskite_with_HTL__Series_1.csv,x_time_day/10.1002_adfm.202106560/Fig4_A_stability_performance_curve_pce/accepted/10.1002_adfm.202106560__Fig4__A__stability_performance_curve_pce__FASnl-based_perovskite_with_HTL__Series_1.csv,10.1002/adfm.202106560,Fig4_A_stability_performance_curve_pce,Series_1,54,54,12,0,934.647386528794,211.61827619519863,True,1.0290488616126423,0.984146401331942,0.935028805455906,26,4,1,0,node_1_0,0.26113802768609584,0.984146401331942,0.9882200537560905,0.9991358966484124,0.9769651023292358,0.9540570981223012,0.935028805455906,55.5,2,no_initial_change_stable,class_02,/Users/shunhao/Desktop/ML/lab/NEW/som_200h_reanalysis/02_selected_curve_database/paper_aligned_min4/x_time_day/10.1002_adfm.202106560/Fig4_A_stability_performance_curve_pce/accepted/10.1002_adfm.202106560__Fig4__A__stability_performance_curve_pce__FASnl-based_perovskite_with_HTL__Series_1.csv
x_time_day/10.1002_adfm.202204450/Fig1_E_stability_performance_curve_pce/accepted/10.1002_adfm.202204450__Fig1__E__stability_performance_curve_pce__Control__Series_2.csv,10.1002/adfm.202204450|Fig1_E_stability_performance_curve_pce|10.1002_adfm.202204450__Fig1__E__stability_performance_curve_pce__Control__Series_2,/Users/shunhao/Desktop/ML/lab/data_all/x_time_day/10.1002_adfm.202204450/Fig1_E_stability_performance_curve_pce/accepted/10.1002_adfm.202204450__Fig1__E__stability_performance_curve_pce__Control__Series_2.csv,x_time_day/10.1002_adfm.202204450/Fig1_E_stability_performance_curve_pce/accepted/10.1002_adfm.202204450__Fig1__E__stability_performance_curve_pce__Control__Series_2.csv,10.1002/adfm.202204450,Fig1_E_stability_performance_curve_pce,Series_2,52,52,8,0,1404.4654389690115,220.30830415200185,True,0.988275940752718,1.0,0.9522100016103512,27,4,1,0,node_1_0,0.1279685944236794,1.0,0.9996996158087049,0.9903215682235614,0.971050835305045,0.9612337951871633,0.9522100016103513,0.0,2,no_initial_change_stable,class_02,/Users/shunhao/Desktop/ML/lab/NEW/som_200h_reanalysis/02_selected_curve_database/paper_aligned_min4/x_time_day/10.1002_adfm.202204450/Fig1_E_stability_performance_curve_pce/accepted/10.1002_adfm.202204450__Fig1__E__stability_performance_curve_pce__Control__Series_2.csv
x_time_day/10.1002_adma.201700607/Fig2_F_stability_performance_curve_pce/accepted/10.1002_adma.201700607__Fig2__F__stability_performance_curve_pce__ICBA-mixture__Series_1.csv,10.1002/adma.201700607|Fig2_F_stability_performance_curve_pce|10.1002_adma.201700607__Fig2__F__stability_performance_curve_pce__ICBA-mixture__Series_1,/Users/shunhao/Desktop/ML/lab/data_all/x_time_day/10.1002_adma.201700607/Fig2_F_stability_performance_curve_pce/accepted/10.1002_adma.201700607__Fig2__F__stability_performance_curve_pce__ICBA-mixture__Series_1.csv,x_time_day/10.1002_adma.201700607/Fig2_F_stability_performance_curve_pce/accepted/10.1002_adma.201700607__Fig2__F__stability_performance_curve_pce__ICBA-mixture__Series_1.csv,10.1002/adma.201700607,Fig2_F_stability_performance_curve_pce,Series_1,61,61,17,0,711.4715137701785,201.5835955682172,True,14.344180601969104,0.98992878023934,0.9590096017294828,31,4,1,0,node_1_0,0.28374043830438606,0.98992878023934,0.9957837144978916,0.9987096387722706,0.9800339435436841,0.9647505000052968,0.9590096017294828,42.5,2,no_initial_change_stable,class_02,/Users/shunhao/Desktop/ML/lab/NEW/som_200h_reanalysis/02_selected_curve_database/paper_aligned_min4/x_time_day/10.1002_adma.201700607/Fig2_F_stability_performance_curve_pce/accepted/10.1002_adma.201700607__Fig2__F__stability_performance_curve_pce__ICBA-mixture__Series_1.csv
x_time_day/10.1002_adma.201907623/Fig4_D_stability_performance_curve_pce/accepted/10.1002_adma.201907623__Fig4__D__stability_performance_curve_pce__0.0%PHCI__Series_1.csv,10.1002/adma.201907623|Fig4_D_stability_performance_curve_pce|10.1002_adma.201907623__Fig4__D__stability_performance_curve_pce__0.0%PHCI__Series_1,/Users/shunhao/Desktop/ML/lab/data_all/x_time_day/10.1002_adma.201907623/Fig4_D_stability_performance_curve_pce/accepted/10.1002_adma.201907623__Fig4__D__stability_performance_curve_pce__0.0%PHCI__Series_1.csv,x_time_day/10.1002_adma.201907623/Fig4_D_stability_performance_curve_pce/accepted/10.1002_adma.201907623__Fig4__D__stability_performance_curve_pce__0.0%PHCI__Series_1.csv,10.1002/adma.201907623,Fig4_D_stability_performance_curve_pce,Series_1,12,12,6,0,398.4514722313466,217.33716667164353,True,1.002712680127152,1.0,0.921785039598272,35,4,1,0,node_1_0,0.25869935312353143,1.0,0.9982032229860154,0.9891436338212052,0.9764477414595814,0.953119531430742,0.9217850395982721,0.0,2,no_initial_change_stable,class_02,/Users/shunhao/Desktop/ML/lab/NEW/som_200h_reanalysis/02_selected_curve_database/paper_aligned_min4/x_time_day/10.1002_adma.201907623/Fig4_D_stability_performance_curve_pce/accepted/10.1002_adma.201907623__Fig4__D__stability_performance_curve_pce__0.0%PHCI__Series_1.csv
x_time_day/10.1002_adma.201907864/Fig1_F_stability_performance_curve_pce/accepted/10.1002_adma.201907864__Fig1__F__stability_performance_curve_pce__1%_H₂O__Series_3.csv,10.1002/adma.201907864|Fig1_F_stability_performance_curve_pce|10.1002_adma.201907864__Fig1__F__stability_performance_curve_pce__1%_H₂O__Series_3,/Users/shunhao/Desktop/ML/lab/data_all/x_time_day/10.1002_adma.201907864/Fig1_F_stability_performance_curve_pce/accepted/10.1002_adma.201907864__Fig1__F__stability_performance_curve_pce__1%_H₂O__Series_3.csv,x_time_day/10.1002_adma.201907864/Fig1_F_stability_performance_curve_pce/accepted/10.1002_adma.201907864__Fig1__F__stability_performance_curve_pce__1%_H₂O__Series_3.csv,10.1002/adma.201907864,Fig1_F_stability_performance_curve_pce,Series_3,53,53,12,0,945.318658965478,206.25134377428608,True,1.0005188959643323,1.0,0.9603240633399336,36,4,1,0,node_1_0,0.43912676713580073,1.0,0.9986756434423246,0.993378217211623,0.9867564344232461,0.9784330266291803,0.9603240633399337,0.0,2,no_initial_change_stable,class_02,/Users/shunhao/Desktop/ML/lab/NEW/som_200h_reanalysis/02_selected_curve_database/paper_aligned_min4/x_time_day/10.1002_adma.201907864/Fig1_F_stability_performance_curve_pce/accepted/10.1002_adma.201907864__Fig1__F__stability_performance_curve_pce__1%_H₂O__Series_3.csv
x_time_day/10.1002_adma.201907864/Fig1_F_stability_performance_curve_pce/accepted/10.1002_adma.201907864__Fig1__F__stability_performance_curve_pce__Reference__Series_2.csv,10.1002/adma.201907864|Fig1_F_stability_performance_curve_pce|10.1002_adma.201907864__Fig1__F__stability_performance_curve_pce__Reference__Series_2,/Users/shunhao/Desktop/ML/lab/data_all/x_time_day/10.1002_adma.201907864/Fig1_F_stability_performance_curve_pce/accepted/10.1002_adma.201907864__Fig1__F__stability_performance_curve_pce__Reference__Series_2.csv,x_time_day/10.1002_adma.201907864/Fig1_F_stability_performance_curve_pce/accepted/10.1002_adma.201907864__Fig1__F__stability_performance_curve_pce__Reference__Series_2.csv,10.1002/adma.201907864,Fig1_F_stability_performance_curve_pce,Series_2,56,56,12,0,945.318658965478,206.2513437742861,True,1.005073763568589,1.0,0.9529793957201588,37,4,1,0,node_1_0,0.21767101529491212,1.0,0.9969272499521439,0.9911422893228642,0.9804307161070931,0.9672471687001464,0.9529793957201587,0.0,2,no_initial_change_stable,class_02,/Users/shunhao/Desktop/ML/lab/NEW/som_200h_reanalysis/02_selected_curve_database/paper_aligned_min4/x_time_day/10.1002_adma.201907864/Fig1_F_stability_performance_curve_pce/accepted/10.1002_adma.201907864__Fig1__F__stability_performance_curve_pce__Reference__Series_2.csv
x_time_day/10.1002_aenm.201602556/Fig7_A_stability_performance_curve/accepted/10.1002_aenm.201602556__Fig7__A__stability_performance_curve__doped_Spiro-OMeTAD__Series_1.csv,10.1002/aenm.201602556|Fig7_A_stability_performance_curve|10.1002_aenm.201602556__Fig7__A__stability_performance_curve__doped_Spiro-OMeTAD__Series_1,/Users/shunhao/Desktop/ML/lab/data_all/x_time_day/10.1002_aenm.201602556/Fig7_A_stability_performance_curve/accepted/10.1002_aenm.201602556__Fig7__A__stability_performance_curve__doped_Spiro-OMeTAD__Series_1.csv,x_time_day/10.1002_aenm.201602556/Fig7_A_stability_performance_curve/accepted/10.1002_aenm.201602556__Fig7__A__stability_performance_curve__doped_Spiro-OMeTAD__Series_1.csv,10.1002/aenm.201602556,Fig7_A_stability_performance_curve,Series_1,69,69,20,0,702.4286627106056,206.59666550311937,True,17.796818719076256,1.0,0.940618152418758,45,4,1,0,node_1_0,0.5308943319708896,1.0,0.9925743446344332,0.9582117805522877,0.9672233018590365,0.958577856096942,0.9406181524187579,0.0,2,no_initial_change_stable,class_02,/Users/shunhao/Desktop/ML/lab/NEW/som_200h_reanalysis/02_selected_curve_database/paper_aligned_min4/x_time_day/10.1002_aenm.201602556/Fig7_A_stability_performance_curve/accepted/10.1002_aenm.201602556__Fig7__A__stability_performance_curve__doped_Spiro-OMeTAD__Series_1.csv
x_time_day/10.1002_aenm.201702960/Fig5_F_stability_performance_curve/accepted/10.1002_aenm.201702960__Fig5__F__stability_performance_curve__Pristine__Series_1.csv,10.1002/aenm.201702960|Fig5_F_stability_performance_curve|10.1002_aenm.201702960__Fig5__F__stability_performance_curve__Pristine__Series_1,/Users/shunhao/Desktop/ML/lab/data_all/x_time_day/10.1002_aenm.201702960/Fig5_F_stability_performance_curve/accepted/10.1002_aenm.201702960__Fig5__F__stability_performance_curve__Pristine__Series_1.csv,x_time_day/10.1002_aenm.201702960/Fig5_F_stability_performance_curve/accepted/10.1002_aenm.201702960__Fig5__F__stability_performance_curve__Pristine__Series_1.csv,10.1002/aenm.201702960,Fig5_F_stability_performance_curve,Series_1,53,53,15,0,695.7822713497022,200.7064244277987,True,1.0196942480117726,0.9942748531666252,0.9220242038586852,48,4,1,0,node_1_0,0.4391198190962771,0.9942748531666253,0.9984129318954543,0.9917129910368849,0.9700429776646777,0.940581001452627,0.9220242038586853,20.833333333333332,2,no_initial_change_stable,class_02,/Users/shunhao/Desktop/ML/lab/NEW/som_200h_reanalysis/02_selected_curve_database/paper_aligned_min4/x_time_day/10.1002_aenm.201702960/Fig5_F_stability_performance_curve/accepted/10.1002_aenm.201702960__Fig5__F__stability_performance_curve__Pristine__Series_1.csv
x_time_day/10.1002_aenm.201803766/Fig4_F_stability_performance_curve_pce/accepted/10.1002_aenm.201803766__Fig4__F__stability_performance_curve_pce__Control__Series_1.csv,10.1002/aenm.201803766|Fig4_F_stability_performance_curve_pce|10.1002_aenm.201803766__Fig4__F__stability_performance_curve_pce__Control__Series_1,/Users/shunhao/Desktop/ML/lab/data_all/x_time_day/10.1002_aenm.201803766/Fig4_F_stability_performance_curve_pce/accepted/10.1002_aenm.201803766__Fig4__F__stability_performance_curve_pce__Control__Series_1.csv,x_time_day/10.1002_aenm.201803766/Fig4_F_stability_performance_curve_pce/accepted/10.1002_aenm.201803766__Fig4__F__stability_performance_curve_pce__Control__Series_1.csv,10.1002/aenm.201803766,Fig4_F_stability_performance_curve_pce,Series_1,70,70,20,0,708.9388715173021,205.4895279760296,True,0.9964861350666582,0.9998045095236944,0.957684431651928,53,4,1,0,node_1_0,0.3823107593984927,0.9998045095236943,0.9998248417744456,0.9938439826188342,0.9858713306626752,0.9744703516506698,0.9576844316519281,5.166666666666666,2,no_initial_change_stable,class_02,/Users/shunhao/Desktop/ML/lab/NEW/som_200h_reanalysis/02_selected_curve_database/paper_aligned_min4/x_time_day/10.1002_aenm.201803766/Fig4_F_stability_performance_curve_pce/accepted/10.1002_aenm.201803766__Fig4__F__stability_performance_curve_pce__Control__Series_1.csv
x_time_day/10.1002_anie.202105512/Fig4_D_stability_performance_curve_pce_photovoltaic_parameter/accepted/10.1002_anie.202105512__Fig4__D__stability_performance_curve_pce_photovoltaic_parameter__Control_Device__Series_2.csv,10.1002/anie.202105512|Fig4_D_stability_performance_curve_pce_photovoltaic_parameter|10.1002_anie.202105512__Fig4__D__stability_performance_curve_pce_photovoltaic_parameter__Control_Device__Series_2,/Users/shunhao/Desktop/ML/lab/data_all/x_time_day/10.1002_anie.202105512/Fig4_D_stability_performance_curve_pce_photovoltaic_parameter/accepted/10.1002_anie.202105512__Fig4__D__stability_performance_curve_pce_photovoltaic_parameter__Control_Device__Series_2.csv,x_time_day/10.1002_anie.202105512/Fig4_D_stability_performance_curve_pce_photovoltaic_parameter/accepted/10.1002_anie.202105512__Fig4__D__stability_performance_curve_pce_photovoltaic_parameter__Control_Device__Series_2.csv,10.1002/anie.202105512,Fig4_D_stability_performance_curve_pce_photovoltaic_parameter,Series_2,46,46,11,0,834.9105229054911,204.08923893245336,True,1.0008012337175969,1.0,0.9417044665367156,62,4,1,0,node_1_0,0.15806414211432357,1.0,0.9996417712121434,0.9860786349197205,0.9698693397677749,0.9537532536496415,0.9417044665367157,0.0,2,no_initial_change_stable,class_02,/Users/shunhao/Desktop/ML/lab/NEW/som_200h_reanalysis/02_selected_curve_database/paper_aligned_min4/x_time_day/10.1002_anie.202105512/Fig4_D_stability_performance_curve_pce_photovoltaic_parameter/accepted/10.1002_anie.202105512__Fig4__D__stability_performance_curve_pce_photovoltaic_parameter__Control_Device__Series_2.csv
x_time_day/10.1002_cssc.201702265/Fig3_B_pce/accepted/10.1002_cssc.201702265__Fig3__B__pce__MAPbl+10%F3_0.5mmol3__Series_3.csv,10.1002/cssc.201702265|Fig3_B_pce|10.1002_cssc.201702265__Fig3__B__pce__MAPbl+10%F3_0.5mmol3__Series_3,/Users/shunhao/Desktop/ML/lab/data_all/x_time_day/10.1002_cssc.201702265/Fig3_B_pce/accepted/10.1002_cssc.201702265__Fig3__B__pce__MAPbl+10%F3_0.5mmol3__Series_3.csv,x_time_day/10.1002_cssc.201702265/Fig3_B_pce/accepted/10.1002_cssc.201702265__Fig3__B__pce__MAPbl+10%F3_0.5mmol3__Series_3.csv,10.1002/cssc.201702265,Fig3_B_pce,Series_3,51,51,33,0,307.5651168074246,202.99297709290025,True,1.001016345836044,1.0,0.9554594817796418,79,4,1,0,node_1_0,0.14459106634790583,1.0,0.9977729740889819,0.9861250485070888,0.9733955108313357,0.9638547893969098,0.9554594817796418,0.0,2,no_initial_change_stable,class_02,/Users/shunhao/Desktop/ML/lab/NEW/som_200h_reanalysis/02_selected_curve_database/paper_aligned_min4/x_time_day/10.1002_cssc.201702265/Fig3_B_pce/accepted/10.1002_cssc.201702265__Fig3__B__pce__MAPbl+10%F3_0.5mmol3__Series_3.csv
x_time_day/10.1002_cssc.201702265/Fig3_C_pce/accepted/10.1002_cssc.201702265__Fig3__C__pce__MAPbI₃_+_10%_C₆₀__Series_3.csv,10.1002/cssc.201702265|Fig3_C_pce|10.1002_cssc.201702265__Fig3__C__pce__MAPbI₃_+_10%_C₆₀__Series_3,/Users/shunhao/Desktop/ML/lab/data_all/x_time_day/10.1002_cssc.201702265/Fig3_C_pce/accepted/10.1002_cssc.201702265__Fig3__C__pce__MAPbI₃_+_10%_C₆₀__Series_3.csv,x_time_day/10.1002_cssc.201702265/Fig3_C_pce/accepted/10.1002_cssc.201702265__Fig3__C__pce__MAPbI₃_+_10%_C₆₀__Series_3.csv,10.1002/cssc.201702265,Fig3_C_pce,Series_3,52,52,20,0,521.7181818412259,204.59536542793177,True,1.0002216992211042,1.0,0.9267758022830068,81,4,1,0,node_1_0,0.3775774170993731,1.0,0.9975265428683695,0.9824793961892541,0.9642663737887536,0.9462985752850567,0.9267758022830068,0.0,2,no_initial_change_stable,class_02,/Users/shunhao/Desktop/ML/lab/NEW/som_200h_reanalysis/02_selected_curve_database/paper_aligned_min4/x_time_day/10.1002_cssc.201702265/Fig3_C_pce/accepted/10.1002_cssc.201702265__Fig3__C__pce__MAPbI₃_+_10%_C₆₀__Series_3.csv
x_time_day/10.1002_cssc.201903025/Fig7_A_stability_performance_curve_pce/accepted/10.1002_cssc.201903025__Fig7__A__stability_performance_curve_pce__NiO_NWs__Series_2.csv,10.1002/cssc.201903025|Fig7_A_stability_performance_curve_pce|10.1002_cssc.201903025__Fig7__A__stability_performance_curve_pce__NiO_NWs__Series_2,/Users/shunhao/Desktop/ML/lab/data_all/x_time_day/10.1002_cssc.201903025/Fig7_A_stability_performance_curve_pce/accepted/10.1002_cssc.201903025__Fig7__A__stability_performance_curve_pce__NiO_NWs__Series_2.csv,x_time_day/10.1002_cssc.201903025/Fig7_A_stability_performance_curve_pce/accepted/10.1002_cssc.201903025__Fig7__A__stability_performance_curve_pce__NiO_NWs__Series_2.csv,10.1002/cssc.201903025,Fig7_A_stability_performance_curve_pce,Series_2,63,63,18,0,703.7028593447062,204.300830132334,True,1.0045284409799011,1.0,0.9651942476213676,87,4,1,0,node_1_0,0.3474607255640781,1.0,0.9982199085573267,0.9907092688268527,0.9810189590878967,0.9721278064805583,0.9651942476213676,0.0,2,no_initial_change_stable,class_02,/Users/shunhao/Desktop/ML/lab/NEW/som_200h_reanalysis/02_selected_curve_database/paper_aligned_min4/x_time_day/10.1002_cssc.201903025/Fig7_A_stability_performance_curve_pce/accepted/10.1002_cssc.201903025__Fig7__A__stability_performance_curve_pce__NiO_NWs__Series_2.csv
x_time_day/10.1002_smll.201904387/Fig5_A_stability_performance_curve_pce/accepted/10.1002_smll.201904387__Fig5__A__stability_performance_curve_pce__0-Control__Series_1.csv,10.1002/smll.201904387|Fig5_A_stability_performance_curve_pce|10.1002_smll.201904387__Fig5__A__stability_performance_curve_pce__0-Control__Series_1,/Users/shunhao/Desktop/ML/lab/data_all/x_time_day/10.1002_smll.201904387/Fig5_A_stability_performance_curve_pce/accepted/10.1002_smll.201904387__Fig5__A__stability_performance_curve_pce__0-Control__Series_1.csv,x_time_day/10.1002_smll.201904387/Fig5_A_stability_performance_curve_pce/accepted/10.1002_smll.201904387__Fig5__A__stability_performance_curve_pce__0-Control__Series_1.csv,10.1002/smll.201904387,Fig5_A_stability_performance_curve_pce,Series_1,66,66,19,0,716.6242621738689,209.4747843277463,True,14.313474823371749,0.999696932051906,0.9354892485583332,95,4,1,0,node_1_0,0.4419592200577477,0.9996969320519061,0.9997991589033539,0.9972723760116461,0.9947510293028592,0.9710474842991053,0.9354892485583332,5.5,2,no_initial_change_stable,class_02,/Users/shunhao/Desktop/ML/lab/NEW/som_200h_reanalysis/02_selected_curve_database/paper_aligned_min4/x_time_day/10.1002_smll.201904387/Fig5_A_stability_performance_curve_pce/accepted/10.1002_smll.201904387__Fig5__A__stability_performance_curve_pce__0-Control__Series_1.csv
x_time_day/10.1002_smll.202004778/Fig4_A_stability_performance_curve_pce/accepted/10.1002_smll.202004778__Fig4__A__stability_performance_curve_pce__TiO2_CL+Ti_100-NaPA@TiO2__Series_2.csv,10.1002/smll.202004778|Fig4_A_stability_performance_curve_pce|10.1002_smll.202004778__Fig4__A__stability_performance_curve_pce__TiO2_CL+Ti_100-NaPA@TiO2__Series_2,/Users/shunhao/Desktop/ML/lab/data_all/x_time_day/10.1002_smll.202004778/Fig4_A_stability_performance_curve_pce/accepted/10.1002_smll.202004778__Fig4__A__stability_performance_curve_pce__TiO2_CL+Ti_100-NaPA@TiO2__Series_2.csv,x_time_day/10.1002_smll.202004778/Fig4_A_stability_performance_curve_pce/accepted/10.1002_smll.202004778__Fig4__A__stability_performance_curve_pce__TiO2_CL+Ti_100-NaPA@TiO2__Series_2.csv,10.1002/smll.202004778,Fig4_A_stability_performance_curve_pce,Series_2,79,79,14,0,1180.233709392112,211.83681963448163,True,1.0014065158860754,1.0,0.9614741638463252,97,4,1,0,node_1_0,0.256724279092098,1.0,0.9979384125768191,0.9890007800846898,0.9762646963172982,0.9688970907608637,0.9614741638463253,0.0,2,no_initial_change_stable,class_02,/Users/shunhao/Desktop/ML/lab/NEW/som_200h_reanalysis/02_selected_curve_database/paper_aligned_min4/x_time_day/10.1002_smll.202004778/Fig4_A_stability_performance_curve_pce/accepted/10.1002_smll.202004778__Fig4__A__stability_performance_curve_pce__TiO2_CL+Ti_100-NaPA@TiO2__Series_2.csv
x_time_day/10.1002_smtd.201900449/Fig5_C_stability_performance_curve_pce/accepted/10.1002_smtd.201900449__Fig5__C__stability_performance_curve_pce__Ag__Series_1.csv,10.1002/smtd.201900449|Fig5_C_stability_performance_curve_pce|10.1002_smtd.201900449__Fig5__C__stability_performance_curve_pce__Ag__Series_1,/Users/shunhao/Desktop/ML/lab/data_all/x_time_day/10.1002_smtd.201900449/Fig5_C_stability_performance_curve_pce/accepted/10.1002_smtd.201900449__Fig5__C__stability_performance_curve_pce__Ag__Series_1.csv,x_time_day/10.1002_smtd.201900449/Fig5_C_stability_performance_curve_pce/accepted/10.1002_smtd.201900449__Fig5__C__stability_performance_curve_pce__Ag__Series_1.csv,10.1002/smtd.201900449,Fig5_C_stability_performance_curve_pce,Series_1,112,112,68,0,331.24721374152284,202.92622103084284,True,1.0023995267713497,0.997656084851416,0.956535907192517,98,4,1,0,node_1_0,0.25830590060275826,0.9976560848514159,0.9987444327086316,0.9900832891156512,0.9814286654176345,0.9692423345670332,0.956535907192517,4.5,2,no_initial_change_stable,class_02,/Users/shunhao/Desktop/ML/lab/NEW/som_200h_reanalysis/02_selected_curve_database/paper_aligned_min4/x_time_day/10.1002_smtd.201900449/Fig5_C_stability_performance_curve_pce/accepted/10.1002_smtd.201900449__Fig5__C__stability_performance_curve_pce__Ag__Series_1.csv
x_time_day/10.1002_solr.201700096/Fig7_whole_stability/accepted/10.1002_solr.201700096__Fig7__whole__stability__BTPA-5__Series_2.csv,10.1002/solr.201700096|Fig7_whole_stability|10.1002_solr.201700096__Fig7__whole__stability__BTPA-5__Series_2,/Users/shunhao/Desktop/ML/lab/data_all/x_time_day/10.1002_solr.201700096/Fig7_whole_stability/accepted/10.1002_solr.201700096__Fig7__whole__stability__BTPA-5__Series_2.csv,x_time_day/10.1002_solr.201700096/Fig7_whole_stability/accepted/10.1002_solr.201700096__Fig7__whole__stability__BTPA-5__Series_2.csv,10.1002/solr.201700096,Fig7_whole_stability,Series_2,65,65,60,0,213.5624069272601,200.21475649430636,True,14.137574279248277,0.9630708801046826,0.9012831608097096,102,4,1,0,node_1_0,0.6014426245067791,0.9630708801046826,0.9781602684699078,0.9915805920792371,0.9834042953421718,0.9394476583639205,0.9012831608097095,70.0,2,no_initial_change_stable,class_02,/Users/shunhao/Desktop/ML/lab/NEW/som_200h_reanalysis/02_selected_curve_database/paper_aligned_min4/x_time_day/10.1002_solr.201700096/Fig7_whole_stability/accepted/10.1002_solr.201700096__Fig7__whole__stability__BTPA-5__Series_2.csv
x_time_day/10.1002_solr.201700125/Fig6_A_stability_performance_curve_pce/accepted/10.1002_solr.201700125__Fig6__A__stability_performance_curve_pce__MDMC_PSCs_n=30__Series_2.csv,10.1002/solr.201700125|Fig6_A_stability_performance_curve_pce|10.1002_solr.201700125__Fig6__A__stability_performance_curve_pce__MDMC_PSCs_n=30__Series_2,/Users/shunhao/Desktop/ML/lab/data_all/x_time_day/10.1002_solr.201700125/Fig6_A_stability_performance_curve_pce/accepted/10.1002_solr.201700125__Fig6__A__stability_performance_curve_pce__MDMC_PSCs_n=30__Series_2.csv,x_time_day/10.1002_solr.201700125/Fig6_A_stability_performance_curve_pce/accepted/10.1002_solr.201700125__Fig6__A__stability_performance_curve_pce__MDMC_PSCs_n=30__Series_2.csv,10.1002/solr.201700125,Fig6_A_stability_performance_curve_pce,Series_2,75,74,23,1,658.6109791612499,207.50756877683216,True,18.216097122179004,1.0,0.9701721044732452,106,4,1,0,node_1_0,0.41324237110199674,1.0,0.9958064333727396,0.986474637527308,0.9822336359933239,0.9752354716051613,0.9701721044732451,0.0,2,no_initial_change_stable,class_02,/Users/shunhao/Desktop/ML/lab/NEW/som_200h_reanalysis/02_selected_curve_database/paper_aligned_min4/x_time_day/10.1002_solr.201700125/Fig6_A_stability_performance_curve_pce/accepted/10.1002_solr.201700125__Fig6__A__stability_performance_curve_pce__MDMC_PSCs_n=30__Series_2.csv
x_time_day/10.1002_solr.201800066/Fig5_A_pce/accepted/10.1002_solr.201800066__Fig5__A__pce__W_O_PbAc2__Series_1.csv,10.1002/solr.201800066|Fig5_A_pce|10.1002_solr.201800066__Fig5__A__pce__W_O_PbAc2__Series_1,/Users/shunhao/Desktop/ML/lab/data_all/x_time_day/10.1002_solr.201800066/Fig5_A_pce/accepted/10.1002_solr.201800066__Fig5__A__pce__W_O_PbAc2__Series_1.csv,x_time_day/10.1002_solr.201800066/Fig5_A_pce/accepted/10.1002_solr.201800066__Fig5__A__pce__W_O_PbAc2__Series_1.csv,10.1002/solr.201800066,Fig5_A_pce,Series_1,59,59,25,0,480.0381951250331,206.91301514010044,True,17.25357266996509,1.0,0.9409460838559148,108,4,1,0,node_1_0,0.21090370065628528,1.0,0.9971957827159708,0.982457520552986,0.9660822539474875,0.9528523893631704,0.9409460838559148,0.0,2,no_initial_change_stable,class_02,/Users/shunhao/Desktop/ML/lab/NEW/som_200h_reanalysis/02_selected_curve_database/paper_aligned_min4/x_time_day/10.1002_solr.201800066/Fig5_A_pce/accepted/10.1002_solr.201800066__Fig5__A__pce__W_O_PbAc2__Series_1.csv
x_time_day/10.1002_solr.202000491/Fig7_B_stability_performance_curve/accepted/10.1002_solr.202000491__Fig7__B__stability_performance_curve__C-PSC_without_M_TLC__Series_1.csv,10.1002/solr.202000491|Fig7_B_stability_performance_curve|10.1002_solr.202000491__Fig7__B__stability_performance_curve__C-PSC_without_M_TLC__Series_1,/Users/shunhao/Desktop/ML/lab/data_all/x_time_day/10.1002_solr.202000491/Fig7_B_stability_performance_curve/accepted/10.1002_solr.202000491__Fig7__B__stability_performance_curve__C-PSC_without_M_TLC__Series_1.csv,x_time_day/10.1002_solr.202000491/Fig7_B_stability_performance_curve/accepted/10.1002_solr.202000491__Fig7__B__stability_performance_curve__C-PSC_without_M_TLC__Series_1.csv,10.1002/solr.202000491,Fig7_B_stability_performance_curve,Series_1,67,67,19,0,696.019116735994,200.36913966642257,True,0.9862553420992762,0.9988781832393904,0.950325261923022,128,4,1,0,node_1_0,0.222479217130404,0.9988781832393905,0.9991568984770695,0.9804487101426486,0.9649005094314922,0.960045445526045,0.950325261923022,6.166666666666666,2,no_initial_change_stable,class_02,/Users/shunhao/Desktop/ML/lab/NEW/som_200h_reanalysis/02_selected_curve_database/paper_aligned_min4/x_time_day/10.1002_solr.202000491/Fig7_B_stability_performance_curve/accepted/10.1002_solr.202000491__Fig7__B__stability_performance_curve__C-PSC_without_M_TLC__Series_1.csv
x_time_day/10.1002_solr.202000637/Fig5_B_stability_performance_curve_pce/accepted/10.1002_solr.202000637__Fig5__B__stability_performance_curve_pce__Reference_PSCs__Series_1.csv,10.1002/solr.202000637|Fig5_B_stability_performance_curve_pce|10.1002_solr.202000637__Fig5__B__stability_performance_curve_pce__Reference_PSCs__Series_1,/Users/shunhao/Desktop/ML/lab/data_all/x_time_day/10.1002_solr.202000637/Fig5_B_stability_performance_curve_pce/accepted/10.1002_solr.202000637__Fig5__B__stability_performance_curve_pce__Reference_PSCs__Series_1.csv,x_time_day/10.1002_solr.202000637/Fig5_B_stability_performance_curve_pce/accepted/10.1002_solr.202000637__Fig5__B__stability_performance_curve_pce__Reference_PSCs__Series_1.csv,10.1002/solr.202000637,Fig5_B_stability_performance_curve_pce,Series_1,65,65,16,0,826.2579818109351,206.56449545273375,True,0.9950639062877348,1.0,0.9198749830766028,131,4,1,0,node_1_0,0.33227934410784704,1.0,0.9983947752763607,0.9919738763818032,0.9803298468444689,0.9535129667767194,0.9198749830766028,0.0,2,no_initial_change_stable,class_02,/Users/shunhao/Desktop/ML/lab/NEW/som_200h_reanalysis/02_selected_curve_database/paper_aligned_min4/x_time_day/10.1002_solr.202000637/Fig5_B_stability_performance_curve_pce/accepted/10.1002_solr.202000637__Fig5__B__stability_performance_curve_pce__Reference_PSCs__Series_1.csv
x_time_day/10.1002_solr.202000801/Fig5_A_stability_performance_curve/accepted/10.1002_solr.202000801__Fig5__A__stability_performance_curve__PMMA_Spiro__Series_1.csv,10.1002/solr.202000801|Fig5_A_stability_performance_curve|10.1002_solr.202000801__Fig5__A__stability_performance_curve__PMMA_Spiro__Series_1,/Users/shunhao/Desktop/ML/lab/data_all/x_time_day/10.1002_solr.202000801/Fig5_A_stability_performance_curve/accepted/10.1002_solr.202000801__Fig5__A__stability_performance_curve__PMMA_Spiro__Series_1.csv,x_time_day/10.1002_solr.202000801/Fig5_A_stability_performance_curve/accepted/10.1002_solr.202000801__Fig5__A__stability_performance_curve__PMMA_Spiro__Series_1.csv,10.1002/solr.202000801,Fig5_A_stability_performance_curve,Series_1,71,71,15,0,998.2683762040176,213.91465204371804,True,1.0038245169229774,1.0,0.9651106027262928,132,4,1,0,node_1_0,0.407540965996505,1.0,0.9985649856390335,0.9919156010655363,0.9815577135866014,0.9766427560961473,0.9651106027262928,0.0,2,no_initial_change_stable,class_02,/Users/shunhao/Desktop/ML/lab/NEW/som_200h_reanalysis/02_selected_curve_database/paper_aligned_min4/x_time_day/10.1002_solr.202000801/Fig5_A_stability_performance_curve/accepted/10.1002_solr.202000801__Fig5__A__stability_performance_curve__PMMA_Spiro__Series_1.csv
x_time_day/10.1002_solr.202100344/Fig5_A_pce/accepted/10.1002_solr.202100344__Fig5__A__pce__Pristine__Series_2.csv,10.1002/solr.202100344|Fig5_A_pce|10.1002_solr.202100344__Fig5__A__pce__Pristine__Series_2,/Users/shunhao/Desktop/ML/lab/data_all/x_time_day/10.1002_solr.202100344/Fig5_A_pce/accepted/10.1002_solr.202100344__Fig5__A__pce__Pristine__Series_2.csv,x_time_day/10.1002_solr.202100344/Fig5_A_pce/accepted/10.1002_solr.202100344__Fig5__A__pce__Pristine__Series_2.csv,10.1002/solr.202100344,Fig5_A_pce,Series_2,58,58,13,0,902.2305651510272,205.77188328005883,True,1.0030241961105444,1.0,0.9618549424124192,138,4,1,0,node_1_0,0.32950587067223414,1.0,0.9985043519995054,0.9923615494796313,0.9821111723823089,0.971730116276785,0.9618549424124192,0.0,2,no_initial_change_stable,class_02,/Users/shunhao/Desktop/ML/lab/NEW/som_200h_reanalysis/02_selected_curve_database/paper_aligned_min4/x_time_day/10.1002_solr.202100344/Fig5_A_pce/accepted/10.1002_solr.202100344__Fig5__A__pce__Pristine__Series_2.csv
x_time_day/10.1002_solr.202100404/Fig7_A_pce/accepted/10.1002_solr.202100404__Fig7__A__pce__With_BMIMBF₄__Series_1.csv,10.1002/solr.202100404|Fig7_A_pce|10.1002_solr.202100404__Fig7__A__pce__With_BMIMBF₄__Series_1,/Users/shunhao/Desktop/ML/lab/data_all/x_time_day/10.1002_solr.202100404/Fig7_A_pce/accepted/10.1002_solr.202100404__Fig7__A__pce__With_BMIMBF₄__Series_1.csv,x_time_day/10.1002_solr.202100404/Fig7_A_pce/accepted/10.1002_solr.202100404__Fig7__A__pce__With_BMIMBF₄__Series_1.csv,10.1002/solr.202100404,Fig7_A_pce,Series_1,77,77,10,0,1615.9827583481713,212.62931030896988,True,1.0069129251313724,1.0,0.9654132311155306,140,4,1,0,node_1_0,0.4247080038138019,1.0,0.9981735736098601,0.9919700629170334,0.985619253935257,0.9745453630662299,0.9654132311155306,0.0,2,no_initial_change_stable,class_02,/Users/shunhao/Desktop/ML/lab/NEW/som_200h_reanalysis/02_selected_curve_database/paper_aligned_min4/x_time_day/10.1002_solr.202100404/Fig7_A_pce/accepted/10.1002_solr.202100404__Fig7__A__pce__With_BMIMBF₄__Series_1.csv
x_time_day/10.1007_s10853-021-06200-w/Fig7_A_stability_performance_curve_pce/accepted/10.1007_s10853-021-06200-w__Fig7__A__stability_performance_curve_pce__Two-steps__Series_1.csv,10.1007/s10853-021-06200-w|Fig7_A_stability_performance_curve_pce|10.1007_s10853-021-06200-w__Fig7__A__stability_performance_curve_pce__Two-steps__Series_1,/Users/shunhao/Desktop/ML/lab/data_all/x_time_day/10.1007_s10853-021-06200-w/Fig7_A_stability_performance_curve_pce/accepted/10.1007_s10853-021-06200-w__Fig7__A__stability_performance_curve_pce__Two-steps__Series_1.csv,x_time_day/10.1007_s10853-021-06200-w/Fig7_A_stability_performance_curve_pce/accepted/10.1007_s10853-021-06200-w__Fig7__A__stability_performance_curve_pce__Two-steps__Series_1.csv,10.1007/s10853-021-06200-w,Fig7_A_stability_performance_curve_pce,Series_1,59,59,10,0,1179.68437179135,203.3938572054051,True,0.9709901714107692,1.0,0.9484451188610108,142,4,1,0,node_1_0,0.07029485784125604,1.0,0.9986909724535793,0.9897684034840059,0.9730579839177057,0.958892404301533,0.9484451188610109,0.0,2,no_initial_change_stable,class_02,/Users/shunhao/Desktop/ML/lab/NEW/som_200h_reanalysis/02_selected_curve_database/paper_aligned_min4/x_time_day/10.1007_s10853-021-06200-w/Fig7_A_stability_performance_curve_pce/accepted/10.1007_s10853-021-06200-w__Fig7__A__stability_performance_curve_pce__Two-steps__Series_1.csv
x_time_day/10.1007_s11426-016-0085-y/Fig5_A_stability/accepted/10.1007_s11426-016-0085-y__Fig5__A__stability__FF__Series_2.csv,10.1007/s11426-016-0085-y|Fig5_A_stability|10.1007_s11426-016-0085-y__Fig5__A__stability__FF__Series_2,/Users/shunhao/Desktop/ML/lab/data_all/x_time_day/10.1007_s11426-016-0085-y/Fig5_A_stability/accepted/10.1007_s11426-016-0085-y__Fig5__A__stability__FF__Series_2.csv,x_time_day/10.1007_s11426-016-0085-y/Fig5_A_stability/accepted/10.1007_s11426-016-0085-y__Fig5__A__stability__FF__Series_2.csv,10.1007/s11426-016-0085-y,Fig5_A_stability,Series_2,64,64,8,0,1791.2660016473455,227.46234941553595,True,0.9992974524723468,1.0,0.9629739228099178,144,4,1,0,node_1_0,0.3420025830138257,1.0,0.9999057218661178,0.9929016039830746,0.9814691015139323,0.9723007371621128,0.9629739228099178,0.0,2,no_initial_change_stable,class_02,/Users/shunhao/Desktop/ML/lab/NEW/som_200h_reanalysis/02_selected_curve_database/paper_aligned_min4/x_time_day/10.1007_s11426-016-0085-y/Fig5_A_stability/accepted/10.1007_s11426-016-0085-y__Fig5__A__stability__FF__Series_2.csv
x_time_day/10.1007_s11426-016-0085-y/Fig5_A_stability/accepted/10.1007_s11426-016-0085-y__Fig5__A__stability__PCE__Series_1.csv,10.1007/s11426-016-0085-y|Fig5_A_stability|10.1007_s11426-016-0085-y__Fig5__A__stability__PCE__Series_1,/Users/shunhao/Desktop/ML/lab/data_all/x_time_day/10.1007_s11426-016-0085-y/Fig5_A_stability/accepted/10.1007_s11426-016-0085-y__Fig5__A__stability__PCE__Series_1.csv,x_time_day/10.1007_s11426-016-0085-y/Fig5_A_stability/accepted/10.1007_s11426-016-0085-y__Fig5__A__stability__PCE__Series_1.csv,10.1007/s11426-016-0085-y,Fig5_A_stability,Series_1,64,64,8,0,1791.2660016473455,227.46234941553595,True,1.0014629832405688,1.0,0.9391380686050662,145,4,1,0,node_1_0,0.11807281522428793,1.0,0.9979649634179542,0.9871500227824869,0.9693092691029253,0.9567272647256072,0.9391380686050662,0.0,2,no_initial_change_stable,class_02,/Users/shunhao/Desktop/ML/lab/NEW/som_200h_reanalysis/02_selected_curve_database/paper_aligned_min4/x_time_day/10.1007_s11426-016-0085-y/Fig5_A_stability/accepted/10.1007_s11426-016-0085-y__Fig5__A__stability__PCE__Series_1.csv
x_time_day/10.1007_s11431-021-1861-y/Fig5_D_stability_performance_curve_pce_plot/accepted/10.1007_s11431-021-1861-y__Fig5__D__stability_performance_curve_pce_plot__Control__Series_1.csv,10.1007/s11431-021-1861-y|Fig5_D_stability_performance_curve_pce_plot|10.1007_s11431-021-1861-y__Fig5__D__stability_performance_curve_pce_plot__Control__Series_1,/Users/shunhao/Desktop/ML/lab/data_all/x_time_day/10.1007_s11431-021-1861-y/Fig5_D_stability_performance_curve_pce_plot/accepted/10.1007_s11431-021-1861-y__Fig5__D__stability_performance_curve_pce_plot__Control__Series_1.csv,x_time_day/10.1007_s11431-021-1861-y/Fig5_D_stability_performance_curve_pce_plot/accepted/10.1007_s11431-021-1861-y__Fig5__D__stability_performance_curve_pce_plot__Control__Series_1.csv,10.1007/s11431-021-1861-y,Fig5_D_stability_performance_curve_pce_plot,Series_1,66,66,14,0,962.6287349300288,207.3354198310832,True,1.0025816909786576,0.9996178289691996,0.951565917424306,148,4,1,0,node_1_0,0.2756285968699156,0.9996178289691996,0.9999826101225145,0.9942972501333485,0.9826812071840191,0.9693328465452505,0.951565917424306,8.5,2,no_initial_change_stable,class_02,/Users/shunhao/Desktop/ML/lab/NEW/som_200h_reanalysis/02_selected_curve_database/paper_aligned_min4/x_time_day/10.1007_s11431-021-1861-y/Fig5_D_stability_performance_curve_pce_plot/accepted/10.1007_s11431-021-1861-y__Fig5__D__stability_performance_curve_pce_plot__Control__Series_1.csv
x_time_day/10.1007_s12274-021-3286-2/Fig5_F_stability_performance_curve_pce_decay/accepted/10.1007_s12274-021-3286-2__Fig5__F__stability_performance_curve_pce_decay__Control__Series_1.csv,10.1007/s12274-021-3286-2|Fig5_F_stability_performance_curve_pce_decay|10.1007_s12274-021-3286-2__Fig5__F__stability_performance_curve_pce_decay__Control__Series_1,/Users/shunhao/Desktop/ML/lab/data_all/x_time_day/10.1007_s12274-021-3286-2/Fig5_F_stability_performance_curve_pce_decay/accepted/10.1007_s12274-021-3286-2__Fig5__F__stability_performance_curve_pce_decay__Control__Series_1.csv,x_time_day/10.1007_s12274-021-3286-2/Fig5_F_stability_performance_curve_pce_decay/accepted/10.1007_s12274-021-3286-2__Fig5__F__stability_performance_curve_pce_decay__Control__Series_1.csv,10.1007/s12274-021-3286-2,Fig5_F_stability_performance_curve_pce_decay,Series_1,38,38,11,0,702.1452206429702,208.7458764073695,True,1.000608362979821,1.0,0.936198566854899,151,4,1,0,node_1_0,0.3624652527996268,1.0,0.9936857826218986,0.9776491940164187,0.962428326193577,0.9468517124569247,0.936198566854899,0.0,2,no_initial_change_stable,class_02,/Users/shunhao/Desktop/ML/lab/NEW/som_200h_reanalysis/02_selected_curve_database/paper_aligned_min4/x_time_day/10.1007_s12274-021-3286-2/Fig5_F_stability_performance_curve_pce_decay/accepted/10.1007_s12274-021-3286-2__Fig5__F__stability_performance_curve_pce_decay__Control__Series_1.csv
x_time_day/10.1007_s40843-019-1186-4/Fig8_D_stability_performance_curve_plot/accepted/10.1007_s40843-019-1186-4__Fig8__D__stability_performance_curve_plot__Tra-FAo.gMA0.1__Series_1.csv,10.1007/s40843-019-1186-4|Fig8_D_stability_performance_curve_plot|10.1007_s40843-019-1186-4__Fig8__D__stability_performance_curve_plot__Tra-FAo.gMA0.1__Series_1,/Users/shunhao/Desktop/ML/lab/data_all/x_time_day/10.1007_s40843-019-1186-4/Fig8_D_stability_performance_curve_plot/accepted/10.1007_s40843-019-1186-4__Fig8__D__stability_performance_curve_plot__Tra-FAo.gMA0.1__Series_1.csv,x_time_day/10.1007_s40843-019-1186-4/Fig8_D_stability_performance_curve_plot/accepted/10.1007_s40843-019-1186-4__Fig8__D__stability_performance_curve_plot__Tra-FAo.gMA0.1__Series_1.csv,10.1007/s40843-019-1186-4,Fig8_D_stability_performance_curve_plot,Series_1,50,50,6,0,1906.5972436644388,233.460886979319,True,100.43682118309262,1.0,0.9469415648060298,153,4,1,0,node_1_0,0.09330751277622584,1.0,0.9977675140288078,0.9870428333893199,0.9705990652818511,0.9564841795632171,0.9469415648060298,0.0,2,no_initial_change_stable,class_02,/Users/shunhao/Desktop/ML/lab/NEW/som_200h_reanalysis/02_selected_curve_database/paper_aligned_min4/x_time_day/10.1007_s40843-019-1186-4/Fig8_D_stability_performance_curve_plot/accepted/10.1007_s40843-019-1186-4__Fig8__D__stability_performance_curve_plot__Tra-FAo.gMA0.1__Series_1.csv
x_time_day/10.1016_j.cej.2021.128727/Fig7_F_stability_performance_curve_pce/accepted/10.1016_j.cej.2021.128727__Fig7__F__stability_performance_curve_pce__Pristine__Series_1.csv,10.1016/j.cej.2021.128727|Fig7_F_stability_performance_curve_pce|10.1016_j.cej.2021.128727__Fig7__F__stability_performance_curve_pce__Pristine__Series_1,/Users/shunhao/Desktop/ML/lab/data_all/x_time_day/10.1016_j.cej.2021.128727/Fig7_F_stability_performance_curve_pce/accepted/10.1016_j.cej.2021.128727__Fig7__F__stability_performance_curve_pce__Pristine__Series_1.csv,x_time_day/10.1016_j.cej.2021.128727/Fig7_F_stability_performance_curve_pce/accepted/10.1016_j.cej.2021.128727__Fig7__F__stability_performance_curve_pce__Pristine__Series_1.csv,10.1016/j.cej.2021.128727,Fig7_F_stability_performance_curve_pce,Series_1,53,53,15,0,705.0491803828522,203.37957126428427,True,1.0080956743445368,0.9998450324175936,0.9178712469647896,172,4,1,0,node_1_0,0.5092530745275692,0.9998450324175936,0.9973510297710442,0.9970913887674527,0.9935418776810018,0.9467091070864949,0.9178712469647896,84.33333333333333,2,no_initial_change_stable,class_02,/Users/shunhao/Desktop/ML/lab/NEW/som_200h_reanalysis/02_selected_curve_database/paper_aligned_min4/x_time_day/10.1016_j.cej.2021.128727/Fig7_F_stability_performance_curve_pce/accepted/10.1016_j.cej.2021.128727__Fig7__F__stability_performance_curve_pce__Pristine__Series_1.csv
x_time_day/10.1016_j.cej.2021.128727/Fig7_F_stability_performance_curve_pce/accepted/10.1016_j.cej.2021.128727__Fig7__F__stability_performance_curve_pce__wloHTM__Series_2.csv,10.1016/j.cej.2021.128727|Fig7_F_stability_performance_curve_pce|10.1016_j.cej.2021.128727__Fig7__F__stability_performance_curve_pce__wloHTM__Series_2,/Users/shunhao/Desktop/ML/lab/data_all/x_time_day/10.1016_j.cej.2021.128727/Fig7_F_stability_performance_curve_pce/accepted/10.1016_j.cej.2021.128727__Fig7__F__stability_performance_curve_pce__wloHTM__Series_2.csv,x_time_day/10.1016_j.cej.2021.128727/Fig7_F_stability_performance_curve_pce/accepted/10.1016_j.cej.2021.128727__Fig7__F__stability_performance_curve_pce__wloHTM__Series_2.csv,10.1016/j.cej.2021.128727,Fig7_F_stability_performance_curve_pce,Series_2,53,53,15,0,705.0491803828522,203.37957126428427,True,1.0081450410407304,0.999796072154986,0.957112588120975,174,4,1,0,node_1_0,0.4355159222705221,0.9997960721549859,0.9997960721549859,0.9951490138532667,0.9829926052388549,0.980295206760504,0.957112588120975,22.666666666666664,2,no_initial_change_stable,class_02,/Users/shunhao/Desktop/ML/lab/NEW/som_200h_reanalysis/02_selected_curve_database/paper_aligned_min4/x_time_day/10.1016_j.cej.2021.128727/Fig7_F_stability_performance_curve_pce/accepted/10.1016_j.cej.2021.128727__Fig7__F__stability_performance_curve_pce__wloHTM__Series_2.csv
x_time_day/10.1016_j.cej.2021.129735/Fig3_D_stability_performance_curve_pce_eqe/accepted/10.1016_j.cej.2021.129735__Fig3__D__stability_performance_curve_pce_eqe__。—TB(Na)__Series_1.csv,10.1016/j.cej.2021.129735|Fig3_D_stability_performance_curve_pce_eqe|10.1016_j.cej.2021.129735__Fig3__D__stability_performance_curve_pce_eqe__。—TB(Na)__Series_1,/Users/shunhao/Desktop/ML/lab/data_all/x_time_day/10.1016_j.cej.2021.129735/Fig3_D_stability_performance_curve_pce_eqe/accepted/10.1016_j.cej.2021.129735__Fig3__D__stability_performance_curve_pce_eqe__。—TB(Na)__Series_1.csv,x_time_day/10.1016_j.cej.2021.129735/Fig3_D_stability_performance_curve_pce_eqe/accepted/10.1016_j.cej.2021.129735__Fig3__D__stability_performance_curve_pce_eqe__。—TB(Na)__Series_1.csv,10.1016/j.cej.2021.129735,Fig3_D_stability_performance_curve_pce_eqe,Series_1,52,52,15,0,712.7461704808719,209.6312266120212,True,1.0057229882116805,1.0,0.9585944571513464,178,4,1,0,node_1_0,0.22013249695723686,1.0,0.9981835756943893,0.9867339248634763,0.9767587002074527,0.9676765786793995,0.9585944571513463,0.0,2,no_initial_change_stable,class_02,/Users/shunhao/Desktop/ML/lab/NEW/som_200h_reanalysis/02_selected_curve_database/paper_aligned_min4/x_time_day/10.1016_j.cej.2021.129735/Fig3_D_stability_performance_curve_pce_eqe/accepted/10.1016_j.cej.2021.129735__Fig3__D__stability_performance_curve_pce_eqe__。—TB(Na)__Series_1.csv
x_time_day/10.1016_j.cej.2021.130001/Fig5_I_stability_performance_curve_pce/accepted/10.1016_j.cej.2021.130001__Fig5__I__stability_performance_curve_pce__withPPPDE__Series_1.csv,10.1016/j.cej.2021.130001|Fig5_I_stability_performance_curve_pce|10.1016_j.cej.2021.130001__Fig5__I__stability_performance_curve_pce__withPPPDE__Series_1,/Users/shunhao/Desktop/ML/lab/data_all/x_time_day/10.1016_j.cej.2021.130001/Fig5_I_stability_performance_curve_pce/accepted/10.1016_j.cej.2021.130001__Fig5__I__stability_performance_curve_pce__withPPPDE__Series_1.csv,x_time_day/10.1016_j.cej.2021.130001/Fig5_I_stability_performance_curve_pce/accepted/10.1016_j.cej.2021.130001__Fig5__I__stability_performance_curve_pce__withPPPDE__Series_1.csv,10.1016/j.cej.2021.130001,Fig5_I_stability_performance_curve_pce,Series_1,44,44,10,0,944.2073736919698,219.58311016092316,True,1.038154917795762,0.9657612215639532,0.9415075083252362,179,4,1,0,node_1_0,0.380017928672239,0.9657612215639533,0.9736548011161267,0.9983328301675561,0.9857435684078116,0.9641199068890243,0.9415075083252362,59.33333333333333,2,no_initial_change_stable,class_02,/Users/shunhao/Desktop/ML/lab/NEW/som_200h_reanalysis/02_selected_curve_database/paper_aligned_min4/x_time_day/10.1016_j.cej.2021.130001/Fig5_I_stability_performance_curve_pce/accepted/10.1016_j.cej.2021.130001__Fig5__I__stability_performance_curve_pce__withPPPDE__Series_1.csv
"x_time_day/10.1016_j.cej.2021.131108/Fig11_E_stability/accepted/10.1016_j.cej.2021.131108__Fig11__E__stability__SGT-405(3,6)__Series_2.csv","10.1016/j.cej.2021.131108|Fig11_E_stability|10.1016_j.cej.2021.131108__Fig11__E__stability__SGT-405(3,6)__Series_2","/Users/shunhao/Desktop/ML/lab/data_all/x_time_day/10.1016_j.cej.2021.131108/Fig11_E_stability/accepted/10.1016_j.cej.2021.131108__Fig11__E__stability__SGT-405(3,6)__Series_2.csv","x_time_day/10.1016_j.cej.2021.131108/Fig11_E_stability/accepted/10.1016_j.cej.2021.131108__Fig11__E__stability__SGT-405(3,6)__Series_2.csv",10.1016/j.cej.2021.131108,Fig11_E_stability,Series_2,64,64,34,0,380.4445607456184,205.31928675160356,True,1.0017910390138856,0.9980746991921964,0.9451308240975635,181,4,1,0,node_1_0,0.27451356009065625,0.9980746991921965,0.9993582330640655,0.9989991167306975,0.9828784776015338,0.9664056723077232,0.9451308240975635,24.166666666666664,2,no_initial_change_stable,class_02,"/Users/shunhao/Desktop/ML/lab/NEW/som_200h_reanalysis/02_selected_curve_database/paper_aligned_min4/x_time_day/10.1016_j.cej.2021.131108/Fig11_E_stability/accepted/10.1016_j.cej.2021.131108__Fig11__E__stability__SGT-405(3,6)__Series_2.csv"
x_time_day/10.1016_j.cej.2021.131108/Fig11_E_stability/accepted/10.1016_j.cej.2021.131108__Fig11__E__stability__spiro-OMeTAD__Series_3.csv,10.1016/j.cej.2021.131108|Fig11_E_stability|10.1016_j.cej.2021.131108__Fig11__E__stability__spiro-OMeTAD__Series_3,/Users/shunhao/Desktop/ML/lab/data_all/x_time_day/10.1016_j.cej.2021.131108/Fig11_E_stability/accepted/10.1016_j.cej.2021.131108__Fig11__E__stability__spiro-OMeTAD__Series_3.csv,x_time_day/10.1016_j.cej.2021.131108/Fig11_E_stability/accepted/10.1016_j.cej.2021.131108__Fig11__E__stability__spiro-OMeTAD__Series_3.csv,10.1016/j.cej.2021.131108,Fig11_E_stability,Series_3,64,64,34,0,380.4445607456184,205.31928675160356,True,1.0030768717449947,0.9980771672132084,0.9252258936122028,182,4,1,0,node_1_0,0.358391484631719,0.9980771672132083,0.9986955527691923,0.9988210717583442,0.9779787919522517,0.9472801584537269,0.9252258936122028,30.333333333333332,2,no_initial_change_stable,class_02,/Users/shunhao/Desktop/ML/lab/NEW/som_200h_reanalysis/02_selected_curve_database/paper_aligned_min4/x_time_day/10.1016_j.cej.2021.131108/Fig11_E_stability/accepted/10.1016_j.cej.2021.131108__Fig11__E__stability__spiro-OMeTAD__Series_3.csv
x_time_day/10.1016_j.dyepig.2021.109718/Fig6_A_stability_performance_curve_pce/accepted/10.1016_j.dyepig.2021.109718__Fig6__A__stability_performance_curve_pce__BTPA-C__Series_1.csv,10.1016/j.dyepig.2021.109718|Fig6_A_stability_performance_curve_pce|10.1016_j.dyepig.2021.109718__Fig6__A__stability_performance_curve_pce__BTPA-C__Series_1,/Users/shunhao/Desktop/ML/lab/data_all/x_time_day/10.1016_j.dyepig.2021.109718/Fig6_A_stability_performance_curve_pce/accepted/10.1016_j.dyepig.2021.109718__Fig6__A__stability_performance_curve_pce__BTPA-C__Series_1.csv,x_time_day/10.1016_j.dyepig.2021.109718/Fig6_A_stability_performance_curve_pce/accepted/10.1016_j.dyepig.2021.109718__Fig6__A__stability_performance_curve_pce__BTPA-C__Series_1.csv,10.1016/j.dyepig.2021.109718,Fig6_A_stability_performance_curve_pce,Series_1,66,66,19,0,704.3320447143949,205.88167460882312,True,1.017808833508933,0.9913855782802808,0.9595283400897704,194,4,1,0,node_1_0,0.3017138350473986,0.9913855782802808,0.9913346504729594,0.9996879477307008,0.9825963321363241,0.9585663627435645,0.9595283400897705,55.5,2,no_initial_change_stable,class_02,/Users/shunhao/Desktop/ML/lab/NEW/som_200h_reanalysis/02_selected_curve_database/paper_aligned_min4/x_time_day/10.1016_j.dyepig.2021.109718/Fig6_A_stability_performance_curve_pce/accepted/10.1016_j.dyepig.2021.109718__Fig6__A__stability_performance_curve_pce__BTPA-C__Series_1.csv
x_time_day/10.1016_j.electacta.2019.06.102/Fig6_A_stability_performance_curve_pce/accepted/10.1016_j.electacta.2019.06.102__Fig6__A__stability_performance_curve_pce__Tw_o_PVK__Series_1.csv,10.1016/j.electacta.2019.06.102|Fig6_A_stability_performance_curve_pce|10.1016_j.electacta.2019.06.102__Fig6__A__stability_performance_curve_pce__Tw_o_PVK__Series_1,/Users/shunhao/Desktop/ML/lab/data_all/x_time_day/10.1016_j.electacta.2019.06.102/Fig6_A_stability_performance_curve_pce/accepted/10.1016_j.electacta.2019.06.102__Fig6__A__stability_performance_curve_pce__Tw_o_PVK__Series_1.csv,x_time_day/10.1016_j.electacta.2019.06.102/Fig6_A_stability_performance_curve_pce/accepted/10.1016_j.electacta.2019.06.102__Fig6__A__stability_performance_curve_pce__Tw_o_PVK__Series_1.csv,10.1016/j.electacta.2019.06.102,Fig6_A_stability_performance_curve_pce,Series_1,67,67,12,0,1181.629706968632,214.84176490338768,True,0.9984086694342312,1.0,0.9610063338984084,206,4,1,0,node_1_0,0.3161356466035262,1.0,0.9993305505252594,0.9916218962777451,0.9814167088179662,0.9712115213581872,0.9610063338984083,0.0,2,no_initial_change_stable,class_02,/Users/shunhao/Desktop/ML/lab/NEW/som_200h_reanalysis/02_selected_curve_database/paper_aligned_min4/x_time_day/10.1016_j.electacta.2019.06.102/Fig6_A_stability_performance_curve_pce/accepted/10.1016_j.electacta.2019.06.102__Fig6__A__stability_performance_curve_pce__Tw_o_PVK__Series_1.csv
x_time_day/10.1016_j.jallcom.2021.161061/Fig6_whole_stability/accepted/10.1016_j.jallcom.2021.161061__Fig6__whole__stability__TiO2_Nanorod_based_PSC__Series_2.csv,10.1016/j.jallcom.2021.161061|Fig6_whole_stability|10.1016_j.jallcom.2021.161061__Fig6__whole__stability__TiO2_Nanorod_based_PSC__Series_2,/Users/shunhao/Desktop/ML/lab/data_all/x_time_day/10.1016_j.jallcom.2021.161061/Fig6_whole_stability/accepted/10.1016_j.jallcom.2021.161061__Fig6__whole__stability__TiO2_Nanorod_based_PSC__Series_2.csv,x_time_day/10.1016_j.jallcom.2021.161061/Fig6_whole_stability/accepted/10.1016_j.jallcom.2021.161061__Fig6__whole__stability__TiO2_Nanorod_based_PSC__Series_2.csv,10.1016/j.jallcom.2021.161061,Fig6_whole_stability,Series_2,55,55,11,0,1069.2562354581505,217.81145537110467,True,1.0418092206122045,0.9942519058819697,0.9550044885552512,213,4,1,0,node_1_0,0.21075433696127022,0.9942519058819695,0.9960386767908157,0.9995271434797385,0.9758317492557175,0.9598957026915522,0.9550044885552511,43.666666666666664,2,no_initial_change_stable,class_02,/Users/shunhao/Desktop/ML/lab/NEW/som_200h_reanalysis/02_selected_curve_database/paper_aligned_min4/x_time_day/10.1016_j.jallcom.2021.161061/Fig6_whole_stability/accepted/10.1016_j.jallcom.2021.161061__Fig6__whole__stability__TiO2_Nanorod_based_PSC__Series_2.csv
x_time_day/10.1016_j.jallcom.2021.161352/Fig5_D_stability_performance_curve_pce/accepted/10.1016_j.jallcom.2021.161352__Fig5__D__stability_performance_curve_pce__o—SnO2__Series_1.csv,10.1016/j.jallcom.2021.161352|Fig5_D_stability_performance_curve_pce|10.1016_j.jallcom.2021.161352__Fig5__D__stability_performance_curve_pce__o—SnO2__Series_1,/Users/shunhao/Desktop/ML/lab/data_all/x_time_day/10.1016_j.jallcom.2021.161352/Fig5_D_stability_performance_curve_pce/accepted/10.1016_j.jallcom.2021.161352__Fig5__D__stability_performance_curve_pce__o—SnO2__Series_1.csv,x_time_day/10.1016_j.jallcom.2021.161352/Fig5_D_stability_performance_curve_pce/accepted/10.1016_j.jallcom.2021.161352__Fig5__D__stability_performance_curve_pce__o—SnO2__Series_1.csv,10.1016/j.jallcom.2021.161352,Fig5_D_stability_performance_curve_pce,Series_1,70,70,29,0,476.5742763503241,200.299333538542,True,0.9996280267221376,1.0,0.9294792042113984,215,4,1,0,node_1_0,0.40475998748426983,1.0,0.9953388512740426,0.9785156879153968,0.9688493100865762,0.9413737981223996,0.9294792042113985,0.0,2,no_initial_change_stable,class_02,/Users/shunhao/Desktop/ML/lab/NEW/som_200h_reanalysis/02_selected_curve_database/paper_aligned_min4/x_time_day/10.1016_j.jallcom.2021.161352/Fig5_D_stability_performance_curve_pce/accepted/10.1016_j.jallcom.2021.161352__Fig5__D__stability_performance_curve_pce__o—SnO2__Series_1.csv
x_time_day/10.1016_j.jechem.2020.06.062/Fig5_A_stability_performance_curve_pce/accepted/10.1016_j.jechem.2020.06.062__Fig5__A__stability_performance_curve_pce__Spiro-OMeTAD__Series_2.csv,10.1016/j.jechem.2020.06.062|Fig5_A_stability_performance_curve_pce|10.1016_j.jechem.2020.06.062__Fig5__A__stability_performance_curve_pce__Spiro-OMeTAD__Series_2,/Users/shunhao/Desktop/ML/lab/data_all/x_time_day/10.1016_j.jechem.2020.06.062/Fig5_A_stability_performance_curve_pce/accepted/10.1016_j.jechem.2020.06.062__Fig5__A__stability_performance_curve_pce__Spiro-OMeTAD__Series_2.csv,x_time_day/10.1016_j.jechem.2020.06.062/Fig5_A_stability_performance_curve_pce/accepted/10.1016_j.jechem.2020.06.062__Fig5__A__stability_performance_curve_pce__Spiro-OMeTAD__Series_2.csv,10.1016/j.jechem.2020.06.062,Fig5_A_stability_performance_curve_pce,Series_2,65,65,18,0,716.1012524818261,201.40347726051357,True,19.27418896675476,0.9975921790503904,0.9524544495781248,220,4,1,0,node_1_0,0.3103094215877366,0.9975921790503903,0.9975921790503903,0.996521072495717,0.9840221918676441,0.9691859061513421,0.9524544495781248,32.33333333333333,2,no_initial_change_stable,class_02,/Users/shunhao/Desktop/ML/lab/NEW/som_200h_reanalysis/02_selected_curve_database/paper_aligned_min4/x_time_day/10.1016_j.jechem.2020.06.062/Fig5_A_stability_performance_curve_pce/accepted/10.1016_j.jechem.2020.06.062__Fig5__A__stability_performance_curve_pce__Spiro-OMeTAD__Series_2.csv
x_time_day/10.1016_j.jpowsour.2017.07.112/Fig7_A_stability_performance_curve_pce/accepted/10.1016_j.jpowsour.2017.07.112__Fig7__A__stability_performance_curve_pce__W_O_IPA_treatment__Series_1.csv,10.1016/j.jpowsour.2017.07.112|Fig7_A_stability_performance_curve_pce|10.1016_j.jpowsour.2017.07.112__Fig7__A__stability_performance_curve_pce__W_O_IPA_treatment__Series_1,/Users/shunhao/Desktop/ML/lab/data_all/x_time_day/10.1016_j.jpowsour.2017.07.112/Fig7_A_stability_performance_curve_pce/accepted/10.1016_j.jpowsour.2017.07.112__Fig7__A__stability_performance_curve_pce__W_O_IPA_treatment__Series_1.csv,x_time_day/10.1016_j.jpowsour.2017.07.112/Fig7_A_stability_performance_curve_pce/accepted/10.1016_j.jpowsour.2017.07.112__Fig7__A__stability_performance_curve_pce__W_O_IPA_treatment__Series_1.csv,10.1016/j.jpowsour.2017.07.112,Fig7_A_stability_performance_curve_pce,Series_1,75,75,31,0,477.6370224233426,200.09118506923815,True,1.000551909517051,0.9989183561539976,0.8882921062250445,226,4,1,0,node_1_0,0.6512527598554583,0.9989183561539977,0.9995522858702272,0.9999965402747062,0.9863515678639906,0.954019233757511,0.8882921062250445,49.5,2,no_initial_change_stable,class_02,/Users/shunhao/Desktop/ML/lab/NEW/som_200h_reanalysis/02_selected_curve_database/paper_aligned_min4/x_time_day/10.1016_j.jpowsour.2017.07.112/Fig7_A_stability_performance_curve_pce/accepted/10.1016_j.jpowsour.2017.07.112__Fig7__A__stability_performance_curve_pce__W_O_IPA_treatment__Series_1.csv
x_time_day/10.1016_j.jpowsour.2019.226914/Fig6_E_jv_curve_stability_performance_pce/accepted/10.1016_j.jpowsour.2019.226914__Fig6__E__jv_curve_stability_performance_pce__w_o_PbBr2__Series_1.csv,10.1016/j.jpowsour.2019.226914|Fig6_E_jv_curve_stability_performance_pce|10.1016_j.jpowsour.2019.226914__Fig6__E__jv_curve_stability_performance_pce__w_o_PbBr2__Series_1,/Users/shunhao/Desktop/ML/lab/data_all/x_time_day/10.1016_j.jpowsour.2019.226914/Fig6_E_jv_curve_stability_performance_pce/accepted/10.1016_j.jpowsour.2019.226914__Fig6__E__jv_curve_stability_performance_pce__w_o_PbBr2__Series_1.csv,x_time_day/10.1016_j.jpowsour.2019.226914/Fig6_E_jv_curve_stability_performance_pce/accepted/10.1016_j.jpowsour.2019.226914__Fig6__E__jv_curve_stability_performance_pce__w_o_PbBr2__Series_1.csv,10.1016/j.jpowsour.2019.226914,Fig6_E_jv_curve_stability_performance_pce,Series_1,55,55,8,0,1476.980711651605,218.81195728171923,True,0.9872470022759146,1.0,0.9680631380815669,230,4,1,0,node_1_0,0.4146295724236937,1.0,0.9989619469584201,0.9918743451005919,0.983119053492508,0.9746882941541148,0.9680631380815669,0.0,2,no_initial_change_stable,class_02,/Users/shunhao/Desktop/ML/lab/NEW/som_200h_reanalysis/02_selected_curve_database/paper_aligned_min4/x_time_day/10.1016_j.jpowsour.2019.226914/Fig6_E_jv_curve_stability_performance_pce/accepted/10.1016_j.jpowsour.2019.226914__Fig6__E__jv_curve_stability_performance_pce__w_o_PbBr2__Series_1.csv
x_time_day/10.1016_j.jpowsour.2020.229345/Fig8_E_stability_performance_curve_jsc/accepted/10.1016_j.jpowsour.2020.229345__Fig8__E__stability_performance_curve_jsc__Perovskite_PEG__Series_2.csv,10.1016/j.jpowsour.2020.229345|Fig8_E_stability_performance_curve_jsc|10.1016_j.jpowsour.2020.229345__Fig8__E__stability_performance_curve_jsc__Perovskite_PEG__Series_2,/Users/shunhao/Desktop/ML/lab/data_all/x_time_day/10.1016_j.jpowsour.2020.229345/Fig8_E_stability_performance_curve_jsc/accepted/10.1016_j.jpowsour.2020.229345__Fig8__E__stability_performance_curve_jsc__Perovskite_PEG__Series_2.csv,x_time_day/10.1016_j.jpowsour.2020.229345/Fig8_E_stability_performance_curve_jsc/accepted/10.1016_j.jpowsour.2020.229345__Fig8__E__stability_performance_curve_jsc__Perovskite_PEG__Series_2.csv,10.1016/j.jpowsour.2020.229345,Fig8_E_stability_performance_curve_jsc,Series_2,46,46,19,0,473.71148161964754,200.01151446162896,True,1.002738581893721,0.9857847865239804,0.9343407101566676,241,4,1,0,node_1_0,0.20948103990916905,0.9857847865239804,0.9935451656407175,0.994585424883936,0.9763134030801515,0.9547781876797531,0.9343407101566676,26.333333333333332,2,no_initial_change_stable,class_02,/Users/shunhao/Desktop/ML/lab/NEW/som_200h_reanalysis/02_selected_curve_database/paper_aligned_min4/x_time_day/10.1016_j.jpowsour.2020.229345/Fig8_E_stability_performance_curve_jsc/accepted/10.1016_j.jpowsour.2020.229345__Fig8__E__stability_performance_curve_jsc__Perovskite_PEG__Series_2.csv
x_time_day/10.1016_j.mssp.2021.105847/Fig6_C_stability_performance_curve_pce/accepted/10.1016_j.mssp.2021.105847__Fig6__C__stability_performance_curve_pce__。—W_O_QDs__Series_1.csv,10.1016/j.mssp.2021.105847|Fig6_C_stability_performance_curve_pce|10.1016_j.mssp.2021.105847__Fig6__C__stability_performance_curve_pce__。—W_O_QDs__Series_1,/Users/shunhao/Desktop/ML/lab/data_all/x_time_day/10.1016_j.mssp.2021.105847/Fig6_C_stability_performance_curve_pce/accepted/10.1016_j.mssp.2021.105847__Fig6__C__stability_performance_curve_pce__。—W_O_QDs__Series_1.csv,x_time_day/10.1016_j.mssp.2021.105847/Fig6_C_stability_performance_curve_pce/accepted/10.1016_j.mssp.2021.105847__Fig6__C__stability_performance_curve_pce__。—W_O_QDs__Series_1.csv,10.1016/j.mssp.2021.105847,Fig6_C_stability_performance_curve_pce,Series_1,66,66,40,0,332.1173912126472,204.3799330539368,True,0.9974853292852072,0.9979039943452532,0.93586213002681,251,4,1,0,node_1_0,0.11984744396920514,0.9979039943452533,0.9979865144134928,0.9885974347045816,0.9775507998373919,0.956785004988333,0.9358621300268101,4.166666666666666,2,no_initial_change_stable,class_02,/Users/shunhao/Desktop/ML/lab/NEW/som_200h_reanalysis/02_selected_curve_database/paper_aligned_min4/x_time_day/10.1016_j.mssp.2021.105847/Fig6_C_stability_performance_curve_pce/accepted/10.1016_j.mssp.2021.105847__Fig6__C__stability_performance_curve_pce__。—W_O_QDs__Series_1.csv
x_time_day/10.1016_j.mtener.2021.100853/Fig5_B_stability_performance_curve_pce/accepted/10.1016_j.mtener.2021.100853__Fig5__B__stability_performance_curve_pce__0%GQDs__Series_1.csv,10.1016/j.mtener.2021.100853|Fig5_B_stability_performance_curve_pce|10.1016_j.mtener.2021.100853__Fig5__B__stability_performance_curve_pce__0%GQDs__Series_1,/Users/shunhao/Desktop/ML/lab/data_all/x_time_day/10.1016_j.mtener.2021.100853/Fig5_B_stability_performance_curve_pce/accepted/10.1016_j.mtener.2021.100853__Fig5__B__stability_performance_curve_pce__0%GQDs__Series_1.csv,x_time_day/10.1016_j.mtener.2021.100853/Fig5_B_stability_performance_curve_pce/accepted/10.1016_j.mtener.2021.100853__Fig5__B__stability_performance_curve_pce__0%GQDs__Series_1.csv,10.1016/j.mtener.2021.100853,Fig5_B_stability_performance_curve_pce,Series_1,59,59,17,0,714.8715852730544,209.5313267179641,True,0.9613933336144592,1.0,0.9500782170922448,255,4,1,0,node_1_0,0.11983865308831139,1.0,0.9980988315365424,0.9892561278516798,0.9773928255781853,0.9642534922274281,0.9500782170922447,0.0,2,no_initial_change_stable,class_02,/Users/shunhao/Desktop/ML/lab/NEW/som_200h_reanalysis/02_selected_curve_database/paper_aligned_min4/x_time_day/10.1016_j.mtener.2021.100853/Fig5_B_stability_performance_curve_pce/accepted/10.1016_j.mtener.2021.100853__Fig5__B__stability_performance_curve_pce__0%GQDs__Series_1.csv
x_time_day/10.1016_j.nanoen.2019.03.014/Fig5_C_stability_performance_curve_pce/accepted/10.1016_j.nanoen.2019.03.014__Fig5__C__stability_performance_curve_pce__BAI5min__Series_1.csv,10.1016/j.nanoen.2019.03.014|Fig5_C_stability_performance_curve_pce|10.1016_j.nanoen.2019.03.014__Fig5__C__stability_performance_curve_pce__BAI5min__Series_1,/Users/shunhao/Desktop/ML/lab/data_all/x_time_day/10.1016_j.nanoen.2019.03.014/Fig5_C_stability_performance_curve_pce/accepted/10.1016_j.nanoen.2019.03.014__Fig5__C__stability_performance_curve_pce__BAI5min__Series_1.csv,x_time_day/10.1016_j.nanoen.2019.03.014/Fig5_C_stability_performance_curve_pce/accepted/10.1016_j.nanoen.2019.03.014__Fig5__C__stability_performance_curve_pce__BAI5min__Series_1.csv,10.1016/j.nanoen.2019.03.014,Fig5_C_stability_performance_curve_pce,Series_1,43,43,13,0,694.1627095380594,214.85988628558985,True,1.0074028281736924,0.9970440780687994,0.9579045274002138,268,4,1,0,node_1_0,0.28289199400682896,0.9970440780687994,0.9967774112762205,0.9969735504730572,0.9766825514149389,0.9552749728829937,0.9579045274002138,31.0,2,no_initial_change_stable,class_02,/Users/shunhao/Desktop/ML/lab/NEW/som_200h_reanalysis/02_selected_curve_database/paper_aligned_min4/x_time_day/10.1016_j.nanoen.2019.03.014/Fig5_C_stability_performance_curve_pce/accepted/10.1016_j.nanoen.2019.03.014__Fig5__C__stability_performance_curve_pce__BAI5min__Series_1.csv
x_time_day/10.1016_j.nanoen.2019.03.081/Fig6_C_stability_performance_curve_pce/accepted/10.1016_j.nanoen.2019.03.081__Fig6__C__stability_performance_curve_pce__o—W_o_MoO3__Series_1.csv,10.1016/j.nanoen.2019.03.081|Fig6_C_stability_performance_curve_pce|10.1016_j.nanoen.2019.03.081__Fig6__C__stability_performance_curve_pce__o—W_o_MoO3__Series_1,/Users/shunhao/Desktop/ML/lab/data_all/x_time_day/10.1016_j.nanoen.2019.03.081/Fig6_C_stability_performance_curve_pce/accepted/10.1016_j.nanoen.2019.03.081__Fig6__C__stability_performance_curve_pce__o—W_o_MoO3__Series_1.csv,x_time_day/10.1016_j.nanoen.2019.03.081/Fig6_C_stability_performance_curve_pce/accepted/10.1016_j.nanoen.2019.03.081__Fig6__C__stability_performance_curve_pce__o—W_o_MoO3__Series_1.csv,10.1016/j.nanoen.2019.03.081,Fig6_C_stability_performance_curve_pce,Series_1,72,72,11,0,1396.3320739563896,216.3331382185956,True,0.9961237590414352,1.0,0.9702301685685004,270,4,1,0,node_1_0,0.4001789227367714,1.0,0.998391763575947,0.9846247872507762,0.9788976470881385,0.9749639203719939,0.9702301685685004,0.0,2,no_initial_change_stable,class_02,/Users/shunhao/Desktop/ML/lab/NEW/som_200h_reanalysis/02_selected_curve_database/paper_aligned_min4/x_time_day/10.1016_j.nanoen.2019.03.081/Fig6_C_stability_performance_curve_pce/accepted/10.1016_j.nanoen.2019.03.081__Fig6__C__stability_performance_curve_pce__o—W_o_MoO3__Series_1.csv
x_time_day/10.1016_j.nanoen.2019.104412/Fig3_A_pce/accepted/10.1016_j.nanoen.2019.104412__Fig3__A__pce__Ca-TFSI₂__Series_3.csv,10.1016/j.nanoen.2019.104412|Fig3_A_pce|10.1016_j.nanoen.2019.104412__Fig3__A__pce__Ca-TFSI₂__Series_3,/Users/shunhao/Desktop/ML/lab/data_all/x_time_day/10.1016_j.nanoen.2019.104412/Fig3_A_pce/accepted/10.1016_j.nanoen.2019.104412__Fig3__A__pce__Ca-TFSI₂__Series_3.csv,x_time_day/10.1016_j.nanoen.2019.104412/Fig3_A_pce/accepted/10.1016_j.nanoen.2019.104412__Fig3__A__pce__Ca-TFSI₂__Series_3.csv,10.1016/j.nanoen.2019.104412,Fig3_A_pce,Series_3,73,73,4,0,4578.126528932525,254.3403627184735,True,1.004200026775821,1.0,0.9612156721533291,272,4,1,0,node_1_0,0.2634746705801606,1.0,0.9981368999472897,0.990232252665829,0.9792386830244132,0.968591383820051,0.9612156721533291,0.0,2,no_initial_change_stable,class_02,/Users/shunhao/Desktop/ML/lab/NEW/som_200h_reanalysis/02_selected_curve_database/paper_aligned_min4/x_time_day/10.1016_j.nanoen.2019.104412/Fig3_A_pce/accepted/10.1016_j.nanoen.2019.104412__Fig3__A__pce__Ca-TFSI₂__Series_3.csv
x_time_day/10.1016_j.nanoen.2019.104412/Fig3_A_pce/accepted/10.1016_j.nanoen.2019.104412__Fig3__A__pce__Li-TFSI__Series_1.csv,10.1016/j.nanoen.2019.104412|Fig3_A_pce|10.1016_j.nanoen.2019.104412__Fig3__A__pce__Li-TFSI__Series_1,/Users/shunhao/Desktop/ML/lab/data_all/x_time_day/10.1016_j.nanoen.2019.104412/Fig3_A_pce/accepted/10.1016_j.nanoen.2019.104412__Fig3__A__pce__Li-TFSI__Series_1.csv,x_time_day/10.1016_j.nanoen.2019.104412/Fig3_A_pce/accepted/10.1016_j.nanoen.2019.104412__Fig3__A__pce__Li-TFSI__Series_1.csv,10.1016/j.nanoen.2019.104412,Fig3_A_pce,Series_1,73,73,4,0,4578.126528932525,254.34036271847367,True,0.9717591467482593,1.0,0.9620062373904634,273,4,1,0,node_1_0,0.4608987169595193,1.0,0.9912501127518768,0.9654350709328399,0.9640193711058712,0.9644472417670845,0.9620062373904634,0.0,2,no_initial_change_stable,class_02,/Users/shunhao/Desktop/ML/lab/NEW/som_200h_reanalysis/02_selected_curve_database/paper_aligned_min4/x_time_day/10.1016_j.nanoen.2019.104412/Fig3_A_pce/accepted/10.1016_j.nanoen.2019.104412__Fig3__A__pce__Li-TFSI__Series_1.csv
x_time_day/10.1016_j.nanoen.2021.106495/Fig3_B_stability_performance_curve_pce/accepted/10.1016_j.nanoen.2021.106495__Fig3__B__stability_performance_curve_pce__85%__Series_2.csv,10.1016/j.nanoen.2021.106495|Fig3_B_stability_performance_curve_pce|10.1016_j.nanoen.2021.106495__Fig3__B__stability_performance_curve_pce__85%__Series_2,/Users/shunhao/Desktop/ML/lab/data_all/x_time_day/10.1016_j.nanoen.2021.106495/Fig3_B_stability_performance_curve_pce/accepted/10.1016_j.nanoen.2021.106495__Fig3__B__stability_performance_curve_pce__85%__Series_2.csv,x_time_day/10.1016_j.nanoen.2021.106495/Fig3_B_stability_performance_curve_pce/accepted/10.1016_j.nanoen.2021.106495__Fig3__B__stability_performance_curve_pce__85%__Series_2.csv,10.1016/j.nanoen.2021.106495,Fig3_B_stability_performance_curve_pce,Series_2,50,50,15,0,698.9041389308996,213.95024661149992,True,1.0172704086133646,1.0,0.919624168268912,279,4,1,0,node_1_0,0.44044234351477646,1.0,0.9938892490840185,0.9833990411437783,0.9777831466588195,0.941344170515066,0.9196241682689121,0.0,2,no_initial_change_stable,class_02,/Users/shunhao/Desktop/ML/lab/NEW/som_200h_reanalysis/02_selected_curve_database/paper_aligned_min4/x_time_day/10.1016_j.nanoen.2021.106495/Fig3_B_stability_performance_curve_pce/accepted/10.1016_j.nanoen.2021.106495__Fig3__B__stability_performance_curve_pce__85%__Series_2.csv
x_time_day/10.1016_j.nanoen.2022.107138/Fig4_B_stability/accepted/10.1016_j.nanoen.2022.107138__Fig4__B__stability__SnO₂__Series_1.csv,10.1016/j.nanoen.2022.107138|Fig4_B_stability|10.1016_j.nanoen.2022.107138__Fig4__B__stability__SnO₂__Series_1,/Users/shunhao/Desktop/ML/lab/data_all/x_time_day/10.1016_j.nanoen.2022.107138/Fig4_B_stability/accepted/10.1016_j.nanoen.2022.107138__Fig4__B__stability__SnO₂__Series_1.csv,x_time_day/10.1016_j.nanoen.2022.107138/Fig4_B_stability/accepted/10.1016_j.nanoen.2022.107138__Fig4__B__stability__SnO₂__Series_1.csv,10.1016/j.nanoen.2022.107138,Fig4_B_stability,Series_1,60,60,17,0,702.1923918822852,202.326621389811,True,1.000542807093982,1.0,0.9712842348525212,280,4,1,0,node_1_0,0.4250411800405961,1.0,0.9984003324747601,0.9870695491242967,0.9742729859632062,0.9752254954401959,0.9712842348525211,0.0,2,no_initial_change_stable,class_02,/Users/shunhao/Desktop/ML/lab/NEW/som_200h_reanalysis/02_selected_curve_database/paper_aligned_min4/x_time_day/10.1016_j.nanoen.2022.107138/Fig4_B_stability/accepted/10.1016_j.nanoen.2022.107138__Fig4__B__stability__SnO₂__Series_1.csv
x_time_day/10.1016_j.orgel.2018.12.012/Fig8_whole_figure/accepted/10.1016_j.orgel.2018.12.012__Fig8__whole__figure__without_DOBD__Series_2.csv,10.1016/j.orgel.2018.12.012|Fig8_whole_figure|10.1016_j.orgel.2018.12.012__Fig8__whole__figure__without_DOBD__Series_2,/Users/shunhao/Desktop/ML/lab/data_all/x_time_day/10.1016_j.orgel.2018.12.012/Fig8_whole_figure/accepted/10.1016_j.orgel.2018.12.012__Fig8__whole__figure__without_DOBD__Series_2.csv,x_time_day/10.1016_j.orgel.2018.12.012/Fig8_whole_figure/accepted/10.1016_j.orgel.2018.12.012__Fig8__whole__figure__without_DOBD__Series_2.csv,10.1016/j.orgel.2018.12.012,Fig8_whole_figure,Series_2,66,66,17,0,810.8129020683344,212.05875900248745,True,1.0058553462607167,1.0,0.9451250715943976,293,4,1,0,node_1_0,0.19382481360839546,1.0,0.9973867832296057,0.981702858196806,0.9730245455197271,0.9711412388963268,0.9451250715943977,0.0,2,no_initial_change_stable,class_02,/Users/shunhao/Desktop/ML/lab/NEW/som_200h_reanalysis/02_selected_curve_database/paper_aligned_min4/x_time_day/10.1016_j.orgel.2018.12.012/Fig8_whole_figure/accepted/10.1016_j.orgel.2018.12.012__Fig8__whole__figure__without_DOBD__Series_2.csv
x_time_day/10.1016_j.orgel.2019.03.033/Fig7_D_stability_performance_curve_pce/accepted/10.1016_j.orgel.2019.03.033__Fig7__D__stability_performance_curve_pce__reference__Series_1.csv,10.1016/j.orgel.2019.03.033|Fig7_D_stability_performance_curve_pce|10.1016_j.orgel.2019.03.033__Fig7__D__stability_performance_curve_pce__reference__Series_1,/Users/shunhao/Desktop/ML/lab/data_all/x_time_day/10.1016_j.orgel.2019.03.033/Fig7_D_stability_performance_curve_pce/accepted/10.1016_j.orgel.2019.03.033__Fig7__D__stability_performance_curve_pce__reference__Series_1.csv,x_time_day/10.1016_j.orgel.2019.03.033/Fig7_D_stability_performance_curve_pce/accepted/10.1016_j.orgel.2019.03.033__Fig7__D__stability_performance_curve_pce__reference__Series_1.csv,10.1016/j.orgel.2019.03.033,Fig7_D_stability_performance_curve_pce,Series_1,53,53,15,0,726.1192710436957,209.45748203183535,True,1.001871187902478,1.0,0.940906414407008,294,4,1,0,node_1_0,0.10050037811910013,1.0,0.9992550020085186,0.9907979653835497,0.9758785128063148,0.9570550989877605,0.9409064144070081,0.0,2,no_initial_change_stable,class_02,/Users/shunhao/Desktop/ML/lab/NEW/som_200h_reanalysis/02_selected_curve_database/paper_aligned_min4/x_time_day/10.1016_j.orgel.2019.03.033/Fig7_D_stability_performance_curve_pce/accepted/10.1016_j.orgel.2019.03.033__Fig7__D__stability_performance_curve_pce__reference__Series_1.csv
x_time_day/10.1016_j.orgel.2019.03.035/Fig7_whole_stability/accepted/10.1016_j.orgel.2019.03.035__Fig7__whole__stability__Spiro-OMeTAD__Series_2.csv,10.1016/j.orgel.2019.03.035|Fig7_whole_stability|10.1016_j.orgel.2019.03.035__Fig7__whole__stability__Spiro-OMeTAD__Series_2,/Users/shunhao/Desktop/ML/lab/data_all/x_time_day/10.1016_j.orgel.2019.03.035/Fig7_whole_stability/accepted/10.1016_j.orgel.2019.03.035__Fig7__whole__stability__Spiro-OMeTAD__Series_2.csv,x_time_day/10.1016_j.orgel.2019.03.035/Fig7_whole_stability/accepted/10.1016_j.orgel.2019.03.035__Fig7__whole__stability__Spiro-OMeTAD__Series_2.csv,10.1016/j.orgel.2019.03.035,Fig7_whole_stability,Series_2,93,93,26,0,721.8669121541443,204.00586647834513,True,100.2201683798709,1.0,0.9450819967072424,295,4,1,0,node_1_0,0.24539740714153266,1.0,0.9986021743851554,0.9926201219143661,0.9852402438287322,0.9679856361970592,0.9450819967072424,0.0,2,no_initial_change_stable,class_02,/Users/shunhao/Desktop/ML/lab/NEW/som_200h_reanalysis/02_selected_curve_database/paper_aligned_min4/x_time_day/10.1016_j.orgel.2019.03.035/Fig7_whole_stability/accepted/10.1016_j.orgel.2019.03.035__Fig7__whole__stability__Spiro-OMeTAD__Series_2.csv
x_time_day/10.1016_j.orgel.2020.105681/Fig8_D_stability_performance_curve_pce/accepted/10.1016_j.orgel.2020.105681__Fig8__D__stability_performance_curve_pce__TSA_passivated__Series_2.csv,10.1016/j.orgel.2020.105681|Fig8_D_stability_performance_curve_pce|10.1016_j.orgel.2020.105681__Fig8__D__stability_performance_curve_pce__TSA_passivated__Series_2,/Users/shunhao/Desktop/ML/lab/data_all/x_time_day/10.1016_j.orgel.2020.105681/Fig8_D_stability_performance_curve_pce/accepted/10.1016_j.orgel.2020.105681__Fig8__D__stability_performance_curve_pce__TSA_passivated__Series_2.csv,x_time_day/10.1016_j.orgel.2020.105681/Fig8_D_stability_performance_curve_pce/accepted/10.1016_j.orgel.2020.105681__Fig8__D__stability_performance_curve_pce__TSA_passivated__Series_2.csv,10.1016/j.orgel.2020.105681,Fig8_D_stability_performance_curve_pce,Series_2,75,75,42,0,356.9496697706415,202.59305581576947,True,18.079176106616437,1.0,0.9348763996979652,299,4,1,0,node_1_0,0.2621838411922976,1.0,0.9990051759116964,0.9947353541904308,0.9749367579931008,0.9481335418848319,0.9348763996979651,0.0,2,no_initial_change_stable,class_02,/Users/shunhao/Desktop/ML/lab/NEW/som_200h_reanalysis/02_selected_curve_database/paper_aligned_min4/x_time_day/10.1016_j.orgel.2020.105681/Fig8_D_stability_performance_curve_pce/accepted/10.1016_j.orgel.2020.105681__Fig8__D__stability_performance_curve_pce__TSA_passivated__Series_2.csv
x_time_day/10.1016_j.orgel.2020.105922/Fig8_F_stability_performance_curve/accepted/10.1016_j.orgel.2020.105922__Fig8__F__stability_performance_curve__4-CIBA-TiO2__Series_1.csv,10.1016/j.orgel.2020.105922|Fig8_F_stability_performance_curve|10.1016_j.orgel.2020.105922__Fig8__F__stability_performance_curve__4-CIBA-TiO2__Series_1,/Users/shunhao/Desktop/ML/lab/data_all/x_time_day/10.1016_j.orgel.2020.105922/Fig8_F_stability_performance_curve/accepted/10.1016_j.orgel.2020.105922__Fig8__F__stability_performance_curve__4-CIBA-TiO2__Series_1.csv,x_time_day/10.1016_j.orgel.2020.105922/Fig8_F_stability_performance_curve/accepted/10.1016_j.orgel.2020.105922__Fig8__F__stability_performance_curve__4-CIBA-TiO2__Series_1.csv,10.1016/j.orgel.2020.105922,Fig8_F_stability_performance_curve,Series_1,58,58,25,0,473.14433996148733,207.51944735152952,True,1.0059165355782702,1.0,0.9569798334281482,300,4,1,0,node_1_0,0.3224645911640141,1.0,0.9952903855952923,0.9896782659795359,0.9808261250705247,0.9719915187327227,0.9569798334281482,0.0,2,no_initial_change_stable,class_02,/Users/shunhao/Desktop/ML/lab/NEW/som_200h_reanalysis/02_selected_curve_database/paper_aligned_min4/x_time_day/10.1016_j.orgel.2020.105922/Fig8_F_stability_performance_curve/accepted/10.1016_j.orgel.2020.105922__Fig8__F__stability_performance_curve__4-CIBA-TiO2__Series_1.csv
x_time_day/10.1016_j.orgel.2020.106007/Fig5_A_stability_performance_curve_pce/accepted/10.1016_j.orgel.2020.106007__Fig5__A__stability_performance_curve_pce__without__Series_1.csv,10.1016/j.orgel.2020.106007|Fig5_A_stability_performance_curve_pce|10.1016_j.orgel.2020.106007__Fig5__A__stability_performance_curve_pce__without__Series_1,/Users/shunhao/Desktop/ML/lab/data_all/x_time_day/10.1016_j.orgel.2020.106007/Fig5_A_stability_performance_curve_pce/accepted/10.1016_j.orgel.2020.106007__Fig5__A__stability_performance_curve_pce__without__Series_1.csv,x_time_day/10.1016_j.orgel.2020.106007/Fig5_A_stability_performance_curve_pce/accepted/10.1016_j.orgel.2020.106007__Fig5__A__stability_performance_curve_pce__without__Series_1.csv,10.1016/j.orgel.2020.106007,Fig5_A_stability_performance_curve_pce,Series_1,64,64,6,0,2380.3314896201673,226.69823710668263,True,1.0048064899551157,1.0,0.9536282276433404,303,4,1,0,node_1_0,0.13473481616351807,1.0,0.9976727017352369,0.9883635086761849,0.97672701735237,0.9628980191643535,0.9536282276433405,0.0,2,no_initial_change_stable,class_02,/Users/shunhao/Desktop/ML/lab/NEW/som_200h_reanalysis/02_selected_curve_database/paper_aligned_min4/x_time_day/10.1016_j.orgel.2020.106007/Fig5_A_stability_performance_curve_pce/accepted/10.1016_j.orgel.2020.106007__Fig5__A__stability_performance_curve_pce__without__Series_1.csv
x_time_day/10.1016_j.orgel.2021.106249/Fig8_B_stability_performance_curve_pce/accepted/10.1016_j.orgel.2021.106249__Fig8__B__stability_performance_curve_pce__Spiro__Series_2.csv,10.1016/j.orgel.2021.106249|Fig8_B_stability_performance_curve_pce|10.1016_j.orgel.2021.106249__Fig8__B__stability_performance_curve_pce__Spiro__Series_2,/Users/shunhao/Desktop/ML/lab/data_all/x_time_day/10.1016_j.orgel.2021.106249/Fig8_B_stability_performance_curve_pce/accepted/10.1016_j.orgel.2021.106249__Fig8__B__stability_performance_curve_pce__Spiro__Series_2.csv,x_time_day/10.1016_j.orgel.2021.106249/Fig8_B_stability_performance_curve_pce/accepted/10.1016_j.orgel.2021.106249__Fig8__B__stability_performance_curve_pce__Spiro__Series_2.csv,10.1016/j.orgel.2021.106249,Fig8_B_stability_performance_curve_pce,Series_2,52,52,15,0,716.39588386829,210.70467172596767,True,1.000244316224662,1.0,0.9414870318009344,304,4,1,0,node_1_0,0.25814098858500306,1.0,0.9982074485098797,0.985701693424119,0.9619305398573214,0.9504497892515354,0.9414870318009344,0.0,2,no_initial_change_stable,class_02,/Users/shunhao/Desktop/ML/lab/NEW/som_200h_reanalysis/02_selected_curve_database/paper_aligned_min4/x_time_day/10.1016_j.orgel.2021.106249/Fig8_B_stability_performance_curve_pce/accepted/10.1016_j.orgel.2021.106249__Fig8__B__stability_performance_curve_pce__Spiro__Series_2.csv
x_time_day/10.1016_j.orgel.2021.106428/Fig9_whole_stability/accepted/10.1016_j.orgel.2021.106428__Fig9__whole__stability__TPA-Py-PTZ__Series_1.csv,10.1016/j.orgel.2021.106428|Fig9_whole_stability|10.1016_j.orgel.2021.106428__Fig9__whole__stability__TPA-Py-PTZ__Series_1,/Users/shunhao/Desktop/ML/lab/data_all/x_time_day/10.1016_j.orgel.2021.106428/Fig9_whole_stability/accepted/10.1016_j.orgel.2021.106428__Fig9__whole__stability__TPA-Py-PTZ__Series_1.csv,x_time_day/10.1016_j.orgel.2021.106428/Fig9_whole_stability/accepted/10.1016_j.orgel.2021.106428__Fig9__whole__stability__TPA-Py-PTZ__Series_1.csv,10.1016/j.orgel.2021.106428,Fig9_whole_stability,Series_1,84,84,18,0,929.2393379998535,201.52178414454656,True,1.007642116446357,0.9886195708737688,0.8934942368901029,309,4,1,0,node_1_0,0.5441948157857914,0.9886195708737687,0.988665759348061,0.9926627684309606,0.9836541341578616,0.9544752893287454,0.8934942368901029,75.33333333333333,2,no_initial_change_stable,class_02,/Users/shunhao/Desktop/ML/lab/NEW/som_200h_reanalysis/02_selected_curve_database/paper_aligned_min4/x_time_day/10.1016_j.orgel.2021.106428/Fig9_whole_stability/accepted/10.1016_j.orgel.2021.106428__Fig9__whole__stability__TPA-Py-PTZ__Series_1.csv
x_time_day/10.1016_j.solener.2019.02.020/Fig7_B_stability_performance_curve_pce/accepted/10.1016_j.solener.2019.02.020__Fig7__B__stability_performance_curve_pce__EA__Series_2.csv,10.1016/j.solener.2019.02.020|Fig7_B_stability_performance_curve_pce|10.1016_j.solener.2019.02.020__Fig7__B__stability_performance_curve_pce__EA__Series_2,/Users/shunhao/Desktop/ML/lab/data_all/x_time_day/10.1016_j.solener.2019.02.020/Fig7_B_stability_performance_curve_pce/accepted/10.1016_j.solener.2019.02.020__Fig7__B__stability_performance_curve_pce__EA__Series_2.csv,x_time_day/10.1016_j.solener.2019.02.020/Fig7_B_stability_performance_curve_pce/accepted/10.1016_j.solener.2019.02.020__Fig7__B__stability_performance_curve_pce__EA__Series_2.csv,10.1016/j.solener.2019.02.020,Fig7_B_stability_performance_curve_pce,Series_2,72,72,21,0,702.5692775407551,207.8021806810684,True,0.9994082663243088,0.999871176756546,0.9536482252492916,316,4,1,0,node_1_0,0.30535740026126784,0.9998711767565459,0.9998656685034852,0.9946631644877769,0.9841656388996531,0.9694902862456471,0.9536482252492917,5.0,2,no_initial_change_stable,class_02,/Users/shunhao/Desktop/ML/lab/NEW/som_200h_reanalysis/02_selected_curve_database/paper_aligned_min4/x_time_day/10.1016_j.solener.2019.02.020/Fig7_B_stability_performance_curve_pce/accepted/10.1016_j.solener.2019.02.020__Fig7__B__stability_performance_curve_pce__EA__Series_2.csv
x_time_day/10.1016_j.solener.2019.02.020/Fig7_B_stability_performance_curve_pce/accepted/10.1016_j.solener.2019.02.020__Fig7__B__stability_performance_curve_pce__EI12__Series_1.csv,10.1016/j.solener.2019.02.020|Fig7_B_stability_performance_curve_pce|10.1016_j.solener.2019.02.020__Fig7__B__stability_performance_curve_pce__EI12__Series_1,/Users/shunhao/Desktop/ML/lab/data_all/x_time_day/10.1016_j.solener.2019.02.020/Fig7_B_stability_performance_curve_pce/accepted/10.1016_j.solener.2019.02.020__Fig7__B__stability_performance_curve_pce__EI12__Series_1.csv,x_time_day/10.1016_j.solener.2019.02.020/Fig7_B_stability_performance_curve_pce/accepted/10.1016_j.solener.2019.02.020__Fig7__B__stability_performance_curve_pce__EI12__Series_1.csv,10.1016/j.solener.2019.02.020,Fig7_B_stability_performance_curve_pce,Series_1,73,73,21,0,712.464619477949,207.80218068106845,True,0.9972193366226748,1.0,0.9214352111086488,317,4,1,0,node_1_0,0.3648167018030945,1.0,0.9979085036424383,0.9832785790383993,0.9656177937371394,0.9485653949234493,0.9214352111086489,0.0,2,no_initial_change_stable,class_02,/Users/shunhao/Desktop/ML/lab/NEW/som_200h_reanalysis/02_selected_curve_database/paper_aligned_min4/x_time_day/10.1016_j.solener.2019.02.020/Fig7_B_stability_performance_curve_pce/accepted/10.1016_j.solener.2019.02.020__Fig7__B__stability_performance_curve_pce__EI12__Series_1.csv
x_time_day/10.1016_j.solener.2019.10.067/Fig5_D_stability_performance_curve/accepted/10.1016_j.solener.2019.10.067__Fig5__D__stability_performance_curve__ACN-spiro__Series_1.csv,10.1016/j.solener.2019.10.067|Fig5_D_stability_performance_curve|10.1016_j.solener.2019.10.067__Fig5__D__stability_performance_curve__ACN-spiro__Series_1,/Users/shunhao/Desktop/ML/lab/data_all/x_time_day/10.1016_j.solener.2019.10.067/Fig5_D_stability_performance_curve/accepted/10.1016_j.solener.2019.10.067__Fig5__D__stability_performance_curve__ACN-spiro__Series_1.csv,x_time_day/10.1016_j.solener.2019.10.067/Fig5_D_stability_performance_curve/accepted/10.1016_j.solener.2019.10.067__Fig5__D__stability_performance_curve__ACN-spiro__Series_1.csv,10.1016/j.solener.2019.10.067,Fig5_D_stability_performance_curve,Series_1,58,58,25,0,456.4961780309386,200.21762194339408,True,0.9993804485301364,0.9997980023600054,0.9433684372088296,322,4,1,0,node_1_0,0.3627764712718449,0.9997980023600054,0.9995369920809871,0.9919887849425068,0.9803210567572332,0.977781330442402,0.9433684372088296,4.666666666666666,2,no_initial_change_stable,class_02,/Users/shunhao/Desktop/ML/lab/NEW/som_200h_reanalysis/02_selected_curve_database/paper_aligned_min4/x_time_day/10.1016_j.solener.2019.10.067/Fig5_D_stability_performance_curve/accepted/10.1016_j.solener.2019.10.067__Fig5__D__stability_performance_curve__ACN-spiro__Series_1.csv
x_time_day/10.1016_j.solmat.2017.08.032/Fig8_A_stability_performance_curve_pce/accepted/10.1016_j.solmat.2017.08.032__Fig8__A__stability_performance_curve_pce__CA_Device__Series_2.csv,10.1016/j.solmat.2017.08.032|Fig8_A_stability_performance_curve_pce|10.1016_j.solmat.2017.08.032__Fig8__A__stability_performance_curve_pce__CA_Device__Series_2,/Users/shunhao/Desktop/ML/lab/data_all/x_time_day/10.1016_j.solmat.2017.08.032/Fig8_A_stability_performance_curve_pce/accepted/10.1016_j.solmat.2017.08.032__Fig8__A__stability_performance_curve_pce__CA_Device__Series_2.csv,x_time_day/10.1016_j.solmat.2017.08.032/Fig8_A_stability_performance_curve_pce/accepted/10.1016_j.solmat.2017.08.032__Fig8__A__stability_performance_curve_pce__CA_Device__Series_2.csv,10.1016/j.solmat.2017.08.032,Fig8_A_stability_performance_curve_pce,Series_2,69,69,20,0,712.8173877921089,209.652172880032,True,1.0106003240981916,1.0,0.9652848061459964,332,4,1,0,node_1_0,0.29716001270928977,1.0,0.9944625289043035,0.9867424133665007,0.975921804715299,0.969199068253849,0.9652848061459965,0.0,2,no_initial_change_stable,class_02,/Users/shunhao/Desktop/ML/lab/NEW/som_200h_reanalysis/02_selected_curve_database/paper_aligned_min4/x_time_day/10.1016_j.solmat.2017.08.032/Fig8_A_stability_performance_curve_pce/accepted/10.1016_j.solmat.2017.08.032__Fig8__A__stability_performance_curve_pce__CA_Device__Series_2.csv
"x_time_day/10.1016_j.solmat.2018.07.031/Fig5_whole_stability_performance_curve/accepted/10.1016_j.solmat.2018.07.031__Fig5__whole__stability_performance_curve__with1,6-DD__Series_2.csv","10.1016/j.solmat.2018.07.031|Fig5_whole_stability_performance_curve|10.1016_j.solmat.2018.07.031__Fig5__whole__stability_performance_curve__with1,6-DD__Series_2","/Users/shunhao/Desktop/ML/lab/data_all/x_time_day/10.1016_j.solmat.2018.07.031/Fig5_whole_stability_performance_curve/accepted/10.1016_j.solmat.2018.07.031__Fig5__whole__stability_performance_curve__with1,6-DD__Series_2.csv","x_time_day/10.1016_j.solmat.2018.07.031/Fig5_whole_stability_performance_curve/accepted/10.1016_j.solmat.2018.07.031__Fig5__whole__stability_performance_curve__with1,6-DD__Series_2.csv",10.1016/j.solmat.2018.07.031,Fig5_whole_stability_performance_curve,Series_2,74,74,40,0,372.6753944394264,204.2056955832474,True,1.0014959151007372,0.994316675861164,0.9512442841615502,336,4,1,0,node_1_0,0.23982242614483323,0.994316675861164,0.9970630964710133,0.9985229363436522,0.9791643857852622,0.9601308008509057,0.9512442841615502,21.0,2,no_initial_change_stable,class_02,"/Users/shunhao/Desktop/ML/lab/NEW/som_200h_reanalysis/02_selected_curve_database/paper_aligned_min4/x_time_day/10.1016_j.solmat.2018.07.031/Fig5_whole_stability_performance_curve/accepted/10.1016_j.solmat.2018.07.031__Fig5__whole__stability_performance_curve__with1,6-DD__Series_2.csv"
x_time_day/10.1016_j.solmat.2018.07.031/Fig5_whole_stability_performance_curve/accepted/10.1016_j.solmat.2018.07.031__Fig5__whole__stability_performance_curve__一with_1-HH__Series_3.csv,10.1016/j.solmat.2018.07.031|Fig5_whole_stability_performance_curve|10.1016_j.solmat.2018.07.031__Fig5__whole__stability_performance_curve__一with_1-HH__Series_3,/Users/shunhao/Desktop/ML/lab/data_all/x_time_day/10.1016_j.solmat.2018.07.031/Fig5_whole_stability_performance_curve/accepted/10.1016_j.solmat.2018.07.031__Fig5__whole__stability_performance_curve__一with_1-HH__Series_3.csv,x_time_day/10.1016_j.solmat.2018.07.031/Fig5_whole_stability_performance_curve/accepted/10.1016_j.solmat.2018.07.031__Fig5__whole__stability_performance_curve__一with_1-HH__Series_3.csv,10.1016/j.solmat.2018.07.031,Fig5_whole_stability_performance_curve,Series_3,74,74,40,0,372.6753944394264,204.20569558324735,True,0.990187352270084,1.0,0.9358735224872168,337,4,1,0,node_1_0,0.5235087683466076,1.0,0.9888620043490974,0.963421475024713,0.9616709637734281,0.9512427053630065,0.9358735224872168,0.0,2,no_initial_change_stable,class_02,/Users/shunhao/Desktop/ML/lab/NEW/som_200h_reanalysis/02_selected_curve_database/paper_aligned_min4/x_time_day/10.1016_j.solmat.2018.07.031/Fig5_whole_stability_performance_curve/accepted/10.1016_j.solmat.2018.07.031__Fig5__whole__stability_performance_curve__一with_1-HH__Series_3.csv
x_time_day/10.1016_j.solmat.2019.110197/Fig5_D_stability_performance_curve_pce/accepted/10.1016_j.solmat.2019.110197__Fig5__D__stability_performance_curve_pce__x=0__Series_1.csv,10.1016/j.solmat.2019.110197|Fig5_D_stability_performance_curve_pce|10.1016_j.solmat.2019.110197__Fig5__D__stability_performance_curve_pce__x=0__Series_1,/Users/shunhao/Desktop/ML/lab/data_all/x_time_day/10.1016_j.solmat.2019.110197/Fig5_D_stability_performance_curve_pce/accepted/10.1016_j.solmat.2019.110197__Fig5__D__stability_performance_curve_pce__x=0__Series_1.csv,x_time_day/10.1016_j.solmat.2019.110197/Fig5_D_stability_performance_curve_pce/accepted/10.1016_j.solmat.2019.110197__Fig5__D__stability_performance_curve_pce__x=0__Series_1.csv,10.1016/j.solmat.2019.110197,Fig5_D_stability_performance_curve_pce,Series_1,49,49,14,0,713.7614323448867,208.18041776725855,True,100.2292614500455,0.9996835730966924,0.951183526371439,340,4,1,0,node_1_0,0.29418052095319697,0.9996835730966924,0.9999623613774813,0.9919278302253881,0.9851902755526647,0.9688617236052015,0.951183526371439,7.5,2,no_initial_change_stable,class_02,/Users/shunhao/Desktop/ML/lab/NEW/som_200h_reanalysis/02_selected_curve_database/paper_aligned_min4/x_time_day/10.1016_j.solmat.2019.110197/Fig5_D_stability_performance_curve_pce/accepted/10.1016_j.solmat.2019.110197__Fig5__D__stability_performance_curve_pce__x=0__Series_1.csv
x_time_day/10.1016_j.solmat.2019.110317/Fig4_D_stability_performance_curve_pce/accepted/10.1016_j.solmat.2019.110317__Fig4__D__stability_performance_curve_pce__OSS_device__Series_2.csv,10.1016/j.solmat.2019.110317|Fig4_D_stability_performance_curve_pce|10.1016_j.solmat.2019.110317__Fig4__D__stability_performance_curve_pce__OSS_device__Series_2,/Users/shunhao/Desktop/ML/lab/data_all/x_time_day/10.1016_j.solmat.2019.110317/Fig4_D_stability_performance_curve_pce/accepted/10.1016_j.solmat.2019.110317__Fig4__D__stability_performance_curve_pce__OSS_device__Series_2.csv,x_time_day/10.1016_j.solmat.2019.110317/Fig4_D_stability_performance_curve_pce/accepted/10.1016_j.solmat.2019.110317__Fig4__D__stability_performance_curve_pce__OSS_device__Series_2.csv,10.1016/j.solmat.2019.110317,Fig4_D_stability_performance_curve_pce,Series_2,50,50,10,0,990.9269497584652,202.22998974662548,True,5.991759983835284,0.9996238941646656,0.9663617149823284,346,4,1,0,node_1_0,0.4318369702118217,0.9996238941646656,0.999999965461922,0.9965942837450539,0.9879199445177951,0.9712878463128077,0.9663617149823285,10.166666666666666,2,no_initial_change_stable,class_02,/Users/shunhao/Desktop/ML/lab/NEW/som_200h_reanalysis/02_selected_curve_database/paper_aligned_min4/x_time_day/10.1016_j.solmat.2019.110317/Fig4_D_stability_performance_curve_pce/accepted/10.1016_j.solmat.2019.110317__Fig4__D__stability_performance_curve_pce__OSS_device__Series_2.csv
x_time_day/10.1016_j.xcrp.2020.100180/Fig7_F_stability_performance_curve/accepted/10.1016_j.xcrp.2020.100180__Fig7__F__stability_performance_curve__Reference__Series_1.csv,10.1016/j.xcrp.2020.100180|Fig7_F_stability_performance_curve|10.1016_j.xcrp.2020.100180__Fig7__F__stability_performance_curve__Reference__Series_1,/Users/shunhao/Desktop/ML/lab/data_all/x_time_day/10.1016_j.xcrp.2020.100180/Fig7_F_stability_performance_curve/accepted/10.1016_j.xcrp.2020.100180__Fig7__F__stability_performance_curve__Reference__Series_1.csv,x_time_day/10.1016_j.xcrp.2020.100180/Fig7_F_stability_performance_curve/accepted/10.1016_j.xcrp.2020.100180__Fig7__F__stability_performance_curve__Reference__Series_1.csv,10.1016/j.xcrp.2020.100180,Fig7_F_stability_performance_curve,Series_1,57,57,16,0,720.1957884497173,205.77022527134775,True,15.16125104618432,1.0,0.9541405466720266,352,4,1,0,node_1_0,0.2533427388141259,1.0,0.9934880314120907,0.9779803086593674,0.9640925421034503,0.9589634462106993,0.9541405466720266,0.0,2,no_initial_change_stable,class_02,/Users/shunhao/Desktop/ML/lab/NEW/som_200h_reanalysis/02_selected_curve_database/paper_aligned_min4/x_time_day/10.1016_j.xcrp.2020.100180/Fig7_F_stability_performance_curve/accepted/10.1016_j.xcrp.2020.100180__Fig7__F__stability_performance_curve__Reference__Series_1.csv
x_time_day/10.1021_acsaelm.0c00808/Fig6_E_pattern/accepted/10.1021_acsaelm.0c00808__Fig6__E__pattern__Control__Series_1.csv,10.1021/acsaelm.0c00808|Fig6_E_pattern|10.1021_acsaelm.0c00808__Fig6__E__pattern__Control__Series_1,/Users/shunhao/Desktop/ML/lab/data_all/x_time_day/10.1021_acsaelm.0c00808/Fig6_E_pattern/accepted/10.1021_acsaelm.0c00808__Fig6__E__pattern__Control__Series_1.csv,x_time_day/10.1021_acsaelm.0c00808/Fig6_E_pattern/accepted/10.1021_acsaelm.0c00808__Fig6__E__pattern__Control__Series_1.csv,10.1021/acsaelm.0c00808,Fig6_E_pattern,Series_1,83,83,22,0,778.4295841972735,208.84696161390264,True,1.0205870993093813,0.9865878993320464,0.9285763764342506,368,4,1,0,node_1_0,0.5421435584202788,0.9865878993320465,0.988913910437623,0.9999948389823005,0.9977511027688215,0.9751666130894057,0.9285763764342506,50.666666666666664,2,no_initial_change_stable,class_02,/Users/shunhao/Desktop/ML/lab/NEW/som_200h_reanalysis/02_selected_curve_database/paper_aligned_min4/x_time_day/10.1021_acsaelm.0c00808/Fig6_E_pattern/accepted/10.1021_acsaelm.0c00808__Fig6__E__pattern__Control__Series_1.csv
x_time_day/10.1021_acsaem.1c00032/Fig6_F_stability_performance_curve_voc/accepted/10.1021_acsaem.1c00032__Fig6__F__stability_performance_curve_voc__。without_CsBr__Series_1.csv,10.1021/acsaem.1c00032|Fig6_F_stability_performance_curve_voc|10.1021_acsaem.1c00032__Fig6__F__stability_performance_curve_voc__。without_CsBr__Series_1,/Users/shunhao/Desktop/ML/lab/data_all/x_time_day/10.1021_acsaem.1c00032/Fig6_F_stability_performance_curve_voc/accepted/10.1021_acsaem.1c00032__Fig6__F__stability_performance_curve_voc__。without_CsBr__Series_1.csv,x_time_day/10.1021_acsaem.1c00032/Fig6_F_stability_performance_curve_voc/accepted/10.1021_acsaem.1c00032__Fig6__F__stability_performance_curve_voc__。without_CsBr__Series_1.csv,10.1021/acsaem.1c00032,Fig6_F_stability_performance_curve_voc,Series_1,30,30,6,0,1050.645272279435,217.37488391988308,True,0.999771150478607,1.0,0.9526974137119312,375,4,1,0,node_1_0,0.21786109109305438,1.0,0.9995839436792449,0.9925956179220181,0.9799591315373105,0.96720693348301,0.9526974137119312,0.0,2,no_initial_change_stable,class_02,/Users/shunhao/Desktop/ML/lab/NEW/som_200h_reanalysis/02_selected_curve_database/paper_aligned_min4/x_time_day/10.1021_acsaem.1c00032/Fig6_F_stability_performance_curve_voc/accepted/10.1021_acsaem.1c00032__Fig6__F__stability_performance_curve_voc__。without_CsBr__Series_1.csv
x_time_day/10.1021_acsaem.1c00517/Fig5_D_stability_performance_curve_pce/accepted/10.1021_acsaem.1c00517__Fig5__D__stability_performance_curve_pce__Control__Series_1.csv,10.1021/acsaem.1c00517|Fig5_D_stability_performance_curve_pce|10.1021_acsaem.1c00517__Fig5__D__stability_performance_curve_pce__Control__Series_1,/Users/shunhao/Desktop/ML/lab/data_all/x_time_day/10.1021_acsaem.1c00517/Fig5_D_stability_performance_curve_pce/accepted/10.1021_acsaem.1c00517__Fig5__D__stability_performance_curve_pce__Control__Series_1.csv,x_time_day/10.1021_acsaem.1c00517/Fig5_D_stability_performance_curve_pce/accepted/10.1021_acsaem.1c00517__Fig5__D__stability_performance_curve_pce__Control__Series_1.csv,10.1021/acsaem.1c00517,Fig5_D_stability_performance_curve_pce,Series_1,47,47,11,0,905.7687345266316,216.59687129984675,True,1.004781236078001,1.0,0.969299667943339,379,4,1,0,node_1_0,0.3866207521571417,1.0,0.9984408655092909,0.9922043275464545,0.9813386218872427,0.9735429494336973,0.969299667943339,0.0,2,no_initial_change_stable,class_02,/Users/shunhao/Desktop/ML/lab/NEW/som_200h_reanalysis/02_selected_curve_database/paper_aligned_min4/x_time_day/10.1021_acsaem.1c00517/Fig5_D_stability_performance_curve_pce/accepted/10.1021_acsaem.1c00517__Fig5__D__stability_performance_curve_pce__Control__Series_1.csv
x_time_day/10.1021_acsaem.8b00277/Fig9_A_stability_performance_curve_pce/accepted/10.1021_acsaem.8b00277__Fig9__A__stability_performance_curve_pce__WOx@PEDOT_PEDOT_PSS__Series_3.csv,10.1021/acsaem.8b00277|Fig9_A_stability_performance_curve_pce|10.1021_acsaem.8b00277__Fig9__A__stability_performance_curve_pce__WOx@PEDOT_PEDOT_PSS__Series_3,/Users/shunhao/Desktop/ML/lab/data_all/x_time_day/10.1021_acsaem.8b00277/Fig9_A_stability_performance_curve_pce/accepted/10.1021_acsaem.8b00277__Fig9__A__stability_performance_curve_pce__WOx@PEDOT_PEDOT_PSS__Series_3.csv,x_time_day/10.1021_acsaem.8b00277/Fig9_A_stability_performance_curve_pce/accepted/10.1021_acsaem.8b00277__Fig9__A__stability_performance_curve_pce__WOx@PEDOT_PEDOT_PSS__Series_3.csv,10.1021/acsaem.8b00277,Fig9_A_stability_performance_curve_pce,Series_3,51,51,13,0,823.6879864428405,214.15887647513847,True,1.006611923233195,1.0,0.9377319200895372,385,4,1,0,node_1_0,0.19744925898817497,1.0,0.9982989544276436,0.9914421530688403,0.9713802950434584,0.9517708944339884,0.9377319200895371,0.0,2,no_initial_change_stable,class_02,/Users/shunhao/Desktop/ML/lab/NEW/som_200h_reanalysis/02_selected_curve_database/paper_aligned_min4/x_time_day/10.1021_acsaem.8b00277/Fig9_A_stability_performance_curve_pce/accepted/10.1021_acsaem.8b00277__Fig9__A__stability_performance_curve_pce__WOx@PEDOT_PEDOT_PSS__Series_3.csv
x_time_day/10.1021_acsami.0c03180/Fig8_D_stability_performance_curve_pce/accepted/10.1021_acsami.0c03180__Fig8__D__stability_performance_curve_pce__C1__Series_2.csv,10.1021/acsami.0c03180|Fig8_D_stability_performance_curve_pce|10.1021_acsami.0c03180__Fig8__D__stability_performance_curve_pce__C1__Series_2,/Users/shunhao/Desktop/ML/lab/data_all/x_time_day/10.1021_acsami.0c03180/Fig8_D_stability_performance_curve_pce/accepted/10.1021_acsami.0c03180__Fig8__D__stability_performance_curve_pce__C1__Series_2.csv,x_time_day/10.1021_acsami.0c03180/Fig8_D_stability_performance_curve_pce/accepted/10.1021_acsami.0c03180__Fig8__D__stability_performance_curve_pce__C1__Series_2.csv,10.1021/acsami.0c03180,Fig8_D_stability_performance_curve_pce,Series_2,52,52,4,0,2827.5128404759903,221.76571297850904,True,1.0037616349999778,1.0,0.9590664274419988,387,4,1,0,node_1_0,0.717746237233862,1.0,0.99088750505186,0.962352961328266,0.9435129429543957,0.9480328968711123,0.9590664274419987,0.0,2,no_initial_change_stable,class_02,/Users/shunhao/Desktop/ML/lab/NEW/som_200h_reanalysis/02_selected_curve_database/paper_aligned_min4/x_time_day/10.1021_acsami.0c03180/Fig8_D_stability_performance_curve_pce/accepted/10.1021_acsami.0c03180__Fig8__D__stability_performance_curve_pce__C1__Series_2.csv
x_time_day/10.1021_acsami.0c03180/Fig8_D_stability_performance_curve_pce/accepted/10.1021_acsami.0c03180__Fig8__D__stability_performance_curve_pce__D₁__Series_1.csv,10.1021/acsami.0c03180|Fig8_D_stability_performance_curve_pce|10.1021_acsami.0c03180__Fig8__D__stability_performance_curve_pce__D₁__Series_1,/Users/shunhao/Desktop/ML/lab/data_all/x_time_day/10.1021_acsami.0c03180/Fig8_D_stability_performance_curve_pce/accepted/10.1021_acsami.0c03180__Fig8__D__stability_performance_curve_pce__D₁__Series_1.csv,x_time_day/10.1021_acsami.0c03180/Fig8_D_stability_performance_curve_pce/accepted/10.1021_acsami.0c03180__Fig8__D__stability_performance_curve_pce__D₁__Series_1.csv,10.1021/acsami.0c03180,Fig8_D_stability_performance_curve_pce,Series_1,51,51,4,0,2772.071412231363,221.76571297850904,True,0.990194074952944,1.0,0.9640275384844148,388,4,1,0,node_1_0,0.2607336936066374,1.0,0.997706784601984,0.9876912497537886,0.9722853651065431,0.9678379393995851,0.9640275384844149,0.0,2,no_initial_change_stable,class_02,/Users/shunhao/Desktop/ML/lab/NEW/som_200h_reanalysis/02_selected_curve_database/paper_aligned_min4/x_time_day/10.1021_acsami.0c03180/Fig8_D_stability_performance_curve_pce/accepted/10.1021_acsami.0c03180__Fig8__D__stability_performance_curve_pce__D₁__Series_1.csv
x_time_day/10.1021_acsami.0c09046/Fig6_A_stability_performance_curve_pce/accepted/10.1021_acsami.0c09046__Fig6__A__stability_performance_curve_pce__Control_Device__Series_1.csv,10.1021/acsami.0c09046|Fig6_A_stability_performance_curve_pce|10.1021_acsami.0c09046__Fig6__A__stability_performance_curve_pce__Control_Device__Series_1,/Users/shunhao/Desktop/ML/lab/data_all/x_time_day/10.1021_acsami.0c09046/Fig6_A_stability_performance_curve_pce/accepted/10.1021_acsami.0c09046__Fig6__A__stability_performance_curve_pce__Control_Device__Series_1.csv,x_time_day/10.1021_acsami.0c09046/Fig6_A_stability_performance_curve_pce/accepted/10.1021_acsami.0c09046__Fig6__A__stability_performance_curve_pce__Control_Device__Series_1.csv,10.1021/acsami.0c09046,Fig6_A_stability_performance_curve_pce,Series_1,48,48,17,0,564.8538181990906,204.30882785924555,True,0.9977278013383916,0.9980534734620976,0.9356728955963572,390,4,1,0,node_1_0,0.3794670253267886,0.9980534734620977,0.9999876974756278,0.9978547213497828,0.9893859720910412,0.9703996319538736,0.9356728955963571,10.833333333333332,2,no_initial_change_stable,class_02,/Users/shunhao/Desktop/ML/lab/NEW/som_200h_reanalysis/02_selected_curve_database/paper_aligned_min4/x_time_day/10.1021_acsami.0c09046/Fig6_A_stability_performance_curve_pce/accepted/10.1021_acsami.0c09046__Fig6__A__stability_performance_curve_pce__Control_Device__Series_1.csv
x_time_day/10.1021_acsami.0c19968/Fig6_F_stability_performance_curve_pce/accepted/10.1021_acsami.0c19968__Fig6__F__stability_performance_curve_pce__HTM_Zn-CBOB-0.6__Series_2.csv,10.1021/acsami.0c19968|Fig6_F_stability_performance_curve_pce|10.1021_acsami.0c19968__Fig6__F__stability_performance_curve_pce__HTM_Zn-CBOB-0.6__Series_2,/Users/shunhao/Desktop/ML/lab/data_all/x_time_day/10.1021_acsami.0c19968/Fig6_F_stability_performance_curve_pce/accepted/10.1021_acsami.0c19968__Fig6__F__stability_performance_curve_pce__HTM_Zn-CBOB-0.6__Series_2.csv,x_time_day/10.1021_acsami.0c19968/Fig6_F_stability_performance_curve_pce/accepted/10.1021_acsami.0c19968__Fig6__F__stability_performance_curve_pce__HTM_Zn-CBOB-0.6__Series_2.csv,10.1021/acsami.0c19968,Fig6_F_stability_performance_curve_pce,Series_2,72,72,20,0,711.6914036319131,200.47645172729943,True,1.0047618621580932,0.99570038154153,0.9599566912464556,395,4,1,0,node_1_0,0.2609142130656261,0.9957003815415301,0.999703558306962,0.9957482309118152,0.9757352362686881,0.9637510482290196,0.9599566912464556,36.83333333333333,2,no_initial_change_stable,class_02,/Users/shunhao/Desktop/ML/lab/NEW/som_200h_reanalysis/02_selected_curve_database/paper_aligned_min4/x_time_day/10.1021_acsami.0c19968/Fig6_F_stability_performance_curve_pce/accepted/10.1021_acsami.0c19968__Fig6__F__stability_performance_curve_pce__HTM_Zn-CBOB-0.6__Series_2.csv
x_time_day/10.1021_acsami.1c05055/Fig10_D_stability_performance_curve_pce/accepted/10.1021_acsami.1c05055__Fig10__D__stability_performance_curve_pce__Reference__Series_2.csv,10.1021/acsami.1c05055|Fig10_D_stability_performance_curve_pce|10.1021_acsami.1c05055__Fig10__D__stability_performance_curve_pce__Reference__Series_2,/Users/shunhao/Desktop/ML/lab/data_all/x_time_day/10.1021_acsami.1c05055/Fig10_D_stability_performance_curve_pce/accepted/10.1021_acsami.1c05055__Fig10__D__stability_performance_curve_pce__Reference__Series_2.csv,x_time_day/10.1021_acsami.1c05055/Fig10_D_stability_performance_curve_pce/accepted/10.1021_acsami.1c05055__Fig10__D__stability_performance_curve_pce__Reference__Series_2.csv,10.1021/acsami.1c05055,Fig10_D_stability_performance_curve_pce,Series_2,61,61,18,0,705.0548809428659,211.51646428285977,True,0.9996148421188664,1.0,0.9298495433456188,403,4,1,0,node_1_0,0.21932144802526693,1.0,0.9971615591202535,0.9858077956012672,0.9719549854642361,0.9519691207215367,0.9298495433456188,0.0,2,no_initial_change_stable,class_02,/Users/shunhao/Desktop/ML/lab/NEW/som_200h_reanalysis/02_selected_curve_database/paper_aligned_min4/x_time_day/10.1021_acsami.1c05055/Fig10_D_stability_performance_curve_pce/accepted/10.1021_acsami.1c05055__Fig10__D__stability_performance_curve_pce__Reference__Series_2.csv
x_time_day/10.1021_acsami.7b01864/Fig6_B_stability_performance_curve_pce/accepted/10.1021_acsami.7b01864__Fig6__B__stability_performance_curve_pce__N-MAPbl3__Series_1.csv,10.1021/acsami.7b01864|Fig6_B_stability_performance_curve_pce|10.1021_acsami.7b01864__Fig6__B__stability_performance_curve_pce__N-MAPbl3__Series_1,/Users/shunhao/Desktop/ML/lab/data_all/x_time_day/10.1021_acsami.7b01864/Fig6_B_stability_performance_curve_pce/accepted/10.1021_acsami.7b01864__Fig6__B__stability_performance_curve_pce__N-MAPbl3__Series_1.csv,x_time_day/10.1021_acsami.7b01864/Fig6_B_stability_performance_curve_pce/accepted/10.1021_acsami.7b01864__Fig6__B__stability_performance_curve_pce__N-MAPbl3__Series_1.csv,10.1021/acsami.7b01864,Fig6_B_stability_performance_curve_pce,Series_1,60,60,26,0,469.5152737868033,206.90503590604888,True,100.1555957894374,1.0,0.9670091206440083,410,4,1,0,node_1_0,0.37494897937171967,1.0,0.99590070769595,0.9841941847048826,0.9798113521555342,0.9728533761188303,0.9670091206440085,0.0,2,no_initial_change_stable,class_02,/Users/shunhao/Desktop/ML/lab/NEW/som_200h_reanalysis/02_selected_curve_database/paper_aligned_min4/x_time_day/10.1021_acsami.7b01864/Fig6_B_stability_performance_curve_pce/accepted/10.1021_acsami.7b01864__Fig6__B__stability_performance_curve_pce__N-MAPbl3__Series_1.csv
x_time_day/10.1021_acsami.7b16912/Fig5_C_stability_performance_curve_pce/accepted/10.1021_acsami.7b16912__Fig5__C__stability_performance_curve_pce__CH3NH3Pbl3__Series_2.csv,10.1021/acsami.7b16912|Fig5_C_stability_performance_curve_pce|10.1021_acsami.7b16912__Fig5__C__stability_performance_curve_pce__CH3NH3Pbl3__Series_2,/Users/shunhao/Desktop/ML/lab/data_all/x_time_day/10.1021_acsami.7b16912/Fig5_C_stability_performance_curve_pce/accepted/10.1021_acsami.7b16912__Fig5__C__stability_performance_curve_pce__CH3NH3Pbl3__Series_2.csv,x_time_day/10.1021_acsami.7b16912/Fig5_C_stability_performance_curve_pce/accepted/10.1021_acsami.7b16912__Fig5__C__stability_performance_curve_pce__CH3NH3Pbl3__Series_2.csv,10.1021/acsami.7b16912,Fig5_C_stability_performance_curve_pce,Series_2,55,55,16,0,703.7262345716431,208.51147691011647,True,17.42071862914308,1.0,0.950295230197938,416,4,1,0,node_1_0,0.1273243608443262,1.0,0.9972106029160391,0.9860530145801959,0.9684708959999829,0.9582793588554648,0.950295230197938,0.0,2,no_initial_change_stable,class_02,/Users/shunhao/Desktop/ML/lab/NEW/som_200h_reanalysis/02_selected_curve_database/paper_aligned_min4/x_time_day/10.1021_acsami.7b16912/Fig5_C_stability_performance_curve_pce/accepted/10.1021_acsami.7b16912__Fig5__C__stability_performance_curve_pce__CH3NH3Pbl3__Series_2.csv
x_time_day/10.1021_acsami.8b08658/Fig7_D_stability_performance_curve_pce/accepted/10.1021_acsami.8b08658__Fig7__D__stability_performance_curve_pce__MAPbI₃₋ₓClₓ__Series_2.csv,10.1021/acsami.8b08658|Fig7_D_stability_performance_curve_pce|10.1021_acsami.8b08658__Fig7__D__stability_performance_curve_pce__MAPbI₃₋ₓClₓ__Series_2,/Users/shunhao/Desktop/ML/lab/data_all/x_time_day/10.1021_acsami.8b08658/Fig7_D_stability_performance_curve_pce/accepted/10.1021_acsami.8b08658__Fig7__D__stability_performance_curve_pce__MAPbI₃₋ₓClₓ__Series_2.csv,x_time_day/10.1021_acsami.8b08658/Fig7_D_stability_performance_curve_pce/accepted/10.1021_acsami.8b08658__Fig7__D__stability_performance_curve_pce__MAPbI₃₋ₓClₓ__Series_2.csv,10.1021/acsami.8b08658,Fig7_D_stability_performance_curve_pce,Series_2,71,71,12,0,1180.7776661615922,202.4190284848444,True,1.0135033433797394,0.981345069969002,0.9611692605880257,418,4,1,0,node_1_0,0.3060510062343944,0.9813450699690021,0.981334159580329,0.9999568968383262,0.9737942787541397,0.9661659189386742,0.9611692605880255,49.33333333333333,2,no_initial_change_stable,class_02,/Users/shunhao/Desktop/ML/lab/NEW/som_200h_reanalysis/02_selected_curve_database/paper_aligned_min4/x_time_day/10.1021_acsami.8b08658/Fig7_D_stability_performance_curve_pce/accepted/10.1021_acsami.8b08658__Fig7__D__stability_performance_curve_pce__MAPbI₃₋ₓClₓ__Series_2.csv
x_time_day/10.1021_acsami.8b09461/Fig8_A_stability_performance_curve_pce/accepted/10.1021_acsami.8b09461__Fig8__A__stability_performance_curve_pce__3D__Series_1.csv,10.1021/acsami.8b09461|Fig8_A_stability_performance_curve_pce|10.1021_acsami.8b09461__Fig8__A__stability_performance_curve_pce__3D__Series_1,/Users/shunhao/Desktop/ML/lab/data_all/x_time_day/10.1021_acsami.8b09461/Fig8_A_stability_performance_curve_pce/accepted/10.1021_acsami.8b09461__Fig8__A__stability_performance_curve_pce__3D__Series_1.csv,x_time_day/10.1021_acsami.8b09461/Fig8_A_stability_performance_curve_pce/accepted/10.1021_acsami.8b09461__Fig8__A__stability_performance_curve_pce__3D__Series_1.csv,10.1021/acsami.8b09461,Fig8_A_stability_performance_curve_pce,Series_1,63,63,7,0,1852.699892690838,209.1757943360624,True,1.0024031941047704,1.0,0.9643154717052704,419,4,1,0,node_1_0,0.30079812897525937,1.0,0.9974036080490563,0.989288652230611,0.9782380827147041,0.971264810552773,0.9643154717052705,0.0,2,no_initial_change_stable,class_02,/Users/shunhao/Desktop/ML/lab/NEW/som_200h_reanalysis/02_selected_curve_database/paper_aligned_min4/x_time_day/10.1021_acsami.8b09461/Fig8_A_stability_performance_curve_pce/accepted/10.1021_acsami.8b09461__Fig8__A__stability_performance_curve_pce__3D__Series_1.csv
x_time_day/10.1021_acsami.8b18200/Fig7_C_eqe/accepted/10.1021_acsami.8b18200__Fig7__C__eqe__NiO_(No_PVP)__Series_2.csv,10.1021/acsami.8b18200|Fig7_C_eqe|10.1021_acsami.8b18200__Fig7__C__eqe__NiO_(No_PVP)__Series_2,/Users/shunhao/Desktop/ML/lab/data_all/x_time_day/10.1021_acsami.8b18200/Fig7_C_eqe/accepted/10.1021_acsami.8b18200__Fig7__C__eqe__NiO_(No_PVP)__Series_2.csv,x_time_day/10.1021_acsami.8b18200/Fig7_C_eqe/accepted/10.1021_acsami.8b18200__Fig7__C__eqe__NiO_(No_PVP)__Series_2.csv,10.1021/acsami.8b18200,Fig7_C_eqe,Series_2,42,42,4,0,2376.904052651327,231.89307830744647,True,0.9970866469219896,1.0,0.94807294914045,421,4,1,0,node_1_0,0.1135781992780506,1.0,0.9973214117249307,0.9857995743420348,0.9683261934451781,0.957602016802802,0.9480729491404499,0.0,2,no_initial_change_stable,class_02,/Users/shunhao/Desktop/ML/lab/NEW/som_200h_reanalysis/02_selected_curve_database/paper_aligned_min4/x_time_day/10.1021_acsami.8b18200/Fig7_C_eqe/accepted/10.1021_acsami.8b18200__Fig7__C__eqe__NiO_(No_PVP)__Series_2.csv
x_time_day/10.1021_acsami.9b07149/Fig4_D_stability_performance_curve_pce/accepted/10.1021_acsami.9b07149__Fig4__D__stability_performance_curve_pce__PVK_PCBM__Series_3.csv,10.1021/acsami.9b07149|Fig4_D_stability_performance_curve_pce|10.1021_acsami.9b07149__Fig4__D__stability_performance_curve_pce__PVK_PCBM__Series_3,/Users/shunhao/Desktop/ML/lab/data_all/x_time_day/10.1021_acsami.9b07149/Fig4_D_stability_performance_curve_pce/accepted/10.1021_acsami.9b07149__Fig4__D__stability_performance_curve_pce__PVK_PCBM__Series_3.csv,x_time_day/10.1021_acsami.9b07149/Fig4_D_stability_performance_curve_pce/accepted/10.1021_acsami.9b07149__Fig4__D__stability_performance_curve_pce__PVK_PCBM__Series_3.csv,10.1021/acsami.9b07149,Fig4_D_stability_performance_curve_pce,Series_3,59,59,13,0,942.4249918080473,211.233187819045,True,1.0056921525570506,1.0,0.9297406977439252,427,4,1,0,node_1_0,0.28354957479845344,1.0,0.9968686391220748,0.9818376174220281,0.9708377844587823,0.9498966061068657,0.9297406977439251,0.0,2,no_initial_change_stable,class_02,/Users/shunhao/Desktop/ML/lab/NEW/som_200h_reanalysis/02_selected_curve_database/paper_aligned_min4/x_time_day/10.1021_acsami.9b07149/Fig4_D_stability_performance_curve_pce/accepted/10.1021_acsami.9b07149__Fig4__D__stability_performance_curve_pce__PVK_PCBM__Series_3.csv
x_time_day/10.1021_acsami.9b09171/Fig6_H_stability_performance_curve_pce/accepted/10.1021_acsami.9b09171__Fig6__H__stability_performance_curve_pce__GAI-DEE__Series_2.csv,10.1021/acsami.9b09171|Fig6_H_stability_performance_curve_pce|10.1021_acsami.9b09171__Fig6__H__stability_performance_curve_pce__GAI-DEE__Series_2,/Users/shunhao/Desktop/ML/lab/data_all/x_time_day/10.1021_acsami.9b09171/Fig6_H_stability_performance_curve_pce/accepted/10.1021_acsami.9b09171__Fig6__H__stability_performance_curve_pce__GAI-DEE__Series_2.csv,x_time_day/10.1021_acsami.9b09171/Fig6_H_stability_performance_curve_pce/accepted/10.1021_acsami.9b09171__Fig6__H__stability_performance_curve_pce__GAI-DEE__Series_2.csv,10.1021/acsami.9b09171,Fig6_H_stability_performance_curve_pce,Series_2,41,41,15,0,557.0743254723782,208.90287205214176,True,1.029833671760406,0.9857999917726934,0.9516685032003084,431,4,1,0,node_1_0,0.38820056562341965,0.9857999917726934,0.9890403706507841,0.9993266001387016,0.9857999917726934,0.9653697577596703,0.9516685032003085,55.0,2,no_initial_change_stable,class_02,/Users/shunhao/Desktop/ML/lab/NEW/som_200h_reanalysis/02_selected_curve_database/paper_aligned_min4/x_time_day/10.1021_acsami.9b09171/Fig6_H_stability_performance_curve_pce/accepted/10.1021_acsami.9b09171__Fig6__H__stability_performance_curve_pce__GAI-DEE__Series_2.csv
x_time_day/10.1021_acsami.9b12961/Fig6_A_stability_performance_curve_pce/accepted/10.1021_acsami.9b12961__Fig6__A__stability_performance_curve_pce__TFTPA_device__Series_2.csv,10.1021/acsami.9b12961|Fig6_A_stability_performance_curve_pce|10.1021_acsami.9b12961__Fig6__A__stability_performance_curve_pce__TFTPA_device__Series_2,/Users/shunhao/Desktop/ML/lab/data_all/x_time_day/10.1021_acsami.9b12961/Fig6_A_stability_performance_curve_pce/accepted/10.1021_acsami.9b12961__Fig6__A__stability_performance_curve_pce__TFTPA_device__Series_2.csv,x_time_day/10.1021_acsami.9b12961/Fig6_A_stability_performance_curve_pce/accepted/10.1021_acsami.9b12961__Fig6__A__stability_performance_curve_pce__TFTPA_device__Series_2.csv,10.1021/acsami.9b12961,Fig6_A_stability_performance_curve_pce,Series_2,40,40,12,0,697.5852784444968,214.64162413676823,True,1.000723153483045,1.0,0.9566521686913814,434,4,1,0,node_1_0,0.13344386148228127,1.0,0.9958606217389621,0.9845322004615108,0.9713547050142602,0.9597048263254581,0.9566521686913814,0.0,2,no_initial_change_stable,class_02,/Users/shunhao/Desktop/ML/lab/NEW/som_200h_reanalysis/02_selected_curve_database/paper_aligned_min4/x_time_day/10.1021_acsami.9b12961/Fig6_A_stability_performance_curve_pce/accepted/10.1021_acsami.9b12961__Fig6__A__stability_performance_curve_pce__TFTPA_device__Series_2.csv
x_time_day/10.1021_acsami.9b17851/Fig5_A_stability_performance_curve/accepted/10.1021_acsami.9b17851__Fig5__A__stability_performance_curve__Pristine__Series_1.csv,10.1021/acsami.9b17851|Fig5_A_stability_performance_curve|10.1021_acsami.9b17851__Fig5__A__stability_performance_curve__Pristine__Series_1,/Users/shunhao/Desktop/ML/lab/data_all/x_time_day/10.1021_acsami.9b17851/Fig5_A_stability_performance_curve/accepted/10.1021_acsami.9b17851__Fig5__A__stability_performance_curve__Pristine__Series_1.csv,x_time_day/10.1021_acsami.9b17851/Fig5_A_stability_performance_curve/accepted/10.1021_acsami.9b17851__Fig5__A__stability_performance_curve__Pristine__Series_1.csv,10.1021/acsami.9b17851,Fig5_A_stability_performance_curve,Series_1,69,69,20,0,695.2980328599718,204.49942142940347,True,0.9987684026359672,0.96534045607458,0.950046931403602,435,4,1,0,node_1_0,0.43004958706510876,0.9653404560745799,0.9728731161117713,0.9978937601062804,0.9894230103074096,0.9666114290242706,0.950046931403602,61.33333333333333,2,no_initial_change_stable,class_02,/Users/shunhao/Desktop/ML/lab/NEW/som_200h_reanalysis/02_selected_curve_database/paper_aligned_min4/x_time_day/10.1021_acsami.9b17851/Fig5_A_stability_performance_curve/accepted/10.1021_acsami.9b17851__Fig5__A__stability_performance_curve__Pristine__Series_1.csv
x_time_day/10.1021_acsami.9b17930/Fig8_B_stability_performance_curve_pce/accepted/10.1021_acsami.9b17930__Fig8__B__stability_performance_curve_pce__3D__Series_1.csv,10.1021/acsami.9b17930|Fig8_B_stability_performance_curve_pce|10.1021_acsami.9b17930__Fig8__B__stability_performance_curve_pce__3D__Series_1,/Users/shunhao/Desktop/ML/lab/data_all/x_time_day/10.1021_acsami.9b17930/Fig8_B_stability_performance_curve_pce/accepted/10.1021_acsami.9b17930__Fig8__B__stability_performance_curve_pce__3D__Series_1.csv,x_time_day/10.1021_acsami.9b17930/Fig8_B_stability_performance_curve_pce/accepted/10.1021_acsami.9b17930__Fig8__B__stability_performance_curve_pce__3D__Series_1.csv,10.1021/acsami.9b17930,Fig8_B_stability_performance_curve_pce,Series_1,44,44,9,0,1061.14495423961,222.10010670131368,True,1.0006063349096557,1.0,0.9349768424288032,437,4,1,0,node_1_0,0.3997619653226719,1.0,0.9967206651700401,0.9835662891893319,0.9616706512719665,0.9428236160877482,0.9349768424288032,0.0,2,no_initial_change_stable,class_02,/Users/shunhao/Desktop/ML/lab/NEW/som_200h_reanalysis/02_selected_curve_database/paper_aligned_min4/x_time_day/10.1021_acsami.9b17930/Fig8_B_stability_performance_curve_pce/accepted/10.1021_acsami.9b17930__Fig8__B__stability_performance_curve_pce__3D__Series_1.csv
x_time_day/10.1021_acsami.9b18572/Fig4_K_stability_performance_curve_pce_2/accepted/10.1021_acsami.9b18572__Fig4__K__stability_performance_curve_pce_2__Control__Series_1.csv,10.1021/acsami.9b18572|Fig4_K_stability_performance_curve_pce_2|10.1021_acsami.9b18572__Fig4__K__stability_performance_curve_pce_2__Control__Series_1,/Users/shunhao/Desktop/ML/lab/data_all/x_time_day/10.1021_acsami.9b18572/Fig4_K_stability_performance_curve_pce_2/accepted/10.1021_acsami.9b18572__Fig4__K__stability_performance_curve_pce_2__Control__Series_1.csv,x_time_day/10.1021_acsami.9b18572/Fig4_K_stability_performance_curve_pce_2/accepted/10.1021_acsami.9b18572__Fig4__K__stability_performance_curve_pce_2__Control__Series_1.csv,10.1021/acsami.9b18572,Fig4_K_stability_performance_curve_pce_2,Series_1,34,34,9,0,805.7998849340017,219.7636049820005,True,1.0121163066137575,0.9981466998917436,0.9571134132965952,438,4,1,0,node_1_0,0.1647954047648466,0.9981466998917435,0.9997879383269296,0.988057391644461,0.9705149361619878,0.9629771796604226,0.9571134132965953,14.166666666666666,2,no_initial_change_stable,class_02,/Users/shunhao/Desktop/ML/lab/NEW/som_200h_reanalysis/02_selected_curve_database/paper_aligned_min4/x_time_day/10.1021_acsami.9b18572/Fig4_K_stability_performance_curve_pce_2/accepted/10.1021_acsami.9b18572__Fig4__K__stability_performance_curve_pce_2__Control__Series_1.csv
x_time_day/10.1021_acsenergylett.1c00342/Fig5_D_stability/accepted/10.1021_acsenergylett.1c00342__Fig5__D__stability__CsSnl₃__Series_1.csv,10.1021/acsenergylett.1c00342|Fig5_D_stability|10.1021_acsenergylett.1c00342__Fig5__D__stability__CsSnl₃__Series_1,/Users/shunhao/Desktop/ML/lab/data_all/x_time_day/10.1021_acsenergylett.1c00342/Fig5_D_stability/accepted/10.1021_acsenergylett.1c00342__Fig5__D__stability__CsSnl₃__Series_1.csv,x_time_day/10.1021_acsenergylett.1c00342/Fig5_D_stability/accepted/10.1021_acsenergylett.1c00342__Fig5__D__stability__CsSnl₃__Series_1.csv,10.1021/acsenergylett.1c00342,Fig5_D_stability,Series_1,54,54,8,0,1427.2576017075437,215.4351096917047,True,1.001869197742947,1.0,0.9693246420913104,441,4,1,0,node_1_0,0.4574741365798295,1.0,0.9990031326641713,0.9951568267866578,0.9854316588794847,0.9752754363901103,0.9693246420913105,0.0,2,no_initial_change_stable,class_02,/Users/shunhao/Desktop/ML/lab/NEW/som_200h_reanalysis/02_selected_curve_database/paper_aligned_min4/x_time_day/10.1021_acsenergylett.1c00342/Fig5_D_stability/accepted/10.1021_acsenergylett.1c00342__Fig5__D__stability__CsSnl₃__Series_1.csv
x_time_day/10.1021_acssuschemeng.0c02983/Fig5_A_stability_performance_curve_pce/accepted/10.1021_acssuschemeng.0c02983__Fig5__A__stability_performance_curve_pce__w_o_PTABr__Series_2.csv,10.1021/acssuschemeng.0c02983|Fig5_A_stability_performance_curve_pce|10.1021_acssuschemeng.0c02983__Fig5__A__stability_performance_curve_pce__w_o_PTABr__Series_2,/Users/shunhao/Desktop/ML/lab/data_all/x_time_day/10.1021_acssuschemeng.0c02983/Fig5_A_stability_performance_curve_pce/accepted/10.1021_acssuschemeng.0c02983__Fig5__A__stability_performance_curve_pce__w_o_PTABr__Series_2.csv,x_time_day/10.1021_acssuschemeng.0c02983/Fig5_A_stability_performance_curve_pce/accepted/10.1021_acssuschemeng.0c02983__Fig5__A__stability_performance_curve_pce__w_o_PTABr__Series_2.csv,10.1021/acssuschemeng.0c02983,Fig5_A_stability_performance_curve_pce,Series_2,146,146,21,0,1419.284632741015,205.55156750042292,True,1.0021320685765855,1.0,0.9644005375853716,446,4,1,0,node_1_0,0.4005745972876943,1.0,0.9978023821370077,0.9918768581870989,0.9830218555060964,0.974951295005136,0.9644005375853717,0.0,2,no_initial_change_stable,class_02,/Users/shunhao/Desktop/ML/lab/NEW/som_200h_reanalysis/02_selected_curve_database/paper_aligned_min4/x_time_day/10.1021_acssuschemeng.0c02983/Fig5_A_stability_performance_curve_pce/accepted/10.1021_acssuschemeng.0c02983__Fig5__A__stability_performance_curve_pce__w_o_PTABr__Series_2.csv
x_time_day/10.1039_c6ee02687g/Fig6_D_stability_performance_curve_pce/accepted/10.1039_c6ee02687g__Fig6__D__stability_performance_curve_pce__Without_ALD_AI203__Series_2.csv,10.1039/c6ee02687g|Fig6_D_stability_performance_curve_pce|10.1039_c6ee02687g__Fig6__D__stability_performance_curve_pce__Without_ALD_AI203__Series_2,/Users/shunhao/Desktop/ML/lab/data_all/x_time_day/10.1039_c6ee02687g/Fig6_D_stability_performance_curve_pce/accepted/10.1039_c6ee02687g__Fig6__D__stability_performance_curve_pce__Without_ALD_AI203__Series_2.csv,x_time_day/10.1039_c6ee02687g/Fig6_D_stability_performance_curve_pce/accepted/10.1039_c6ee02687g__Fig6__D__stability_performance_curve_pce__Without_ALD_AI203__Series_2.csv,10.1039/c6ee02687g,Fig6_D_stability_performance_curve_pce,Series_2,79,79,10,0,1689.1366983298087,216.5559869653601,True,0.8088294352676835,1.0,0.9559227483621006,462,4,1,0,node_1_0,0.13247654695005967,1.0,0.9985926403335559,0.9887573300488849,0.9734967272430016,0.9624229997396698,0.9559227483621006,0.0,2,no_initial_change_stable,class_02,/Users/shunhao/Desktop/ML/lab/NEW/som_200h_reanalysis/02_selected_curve_database/paper_aligned_min4/x_time_day/10.1039_c6ee02687g/Fig6_D_stability_performance_curve_pce/accepted/10.1039_c6ee02687g__Fig6__D__stability_performance_curve_pce__Without_ALD_AI203__Series_2.csv
x_time_day/10.1039_c6nr06670d/Fig7_whole_stability_performance_curve_pce/accepted/10.1039_c6nr06670d__Fig7__whole__stability_performance_curve_pce__ITO_PEDOT_PSS_MAPb(I1.BrJ₃_PCBM_Al__Series_2.csv,10.1039/c6nr06670d|Fig7_whole_stability_performance_curve_pce|10.1039_c6nr06670d__Fig7__whole__stability_performance_curve_pce__ITO_PEDOT_PSS_MAPb(I1.BrJ₃_PCBM_Al__Series_2,/Users/shunhao/Desktop/ML/lab/data_all/x_time_day/10.1039_c6nr06670d/Fig7_whole_stability_performance_curve_pce/accepted/10.1039_c6nr06670d__Fig7__whole__stability_performance_curve_pce__ITO_PEDOT_PSS_MAPb(I1.BrJ₃_PCBM_Al__Series_2.csv,x_time_day/10.1039_c6nr06670d/Fig7_whole_stability_performance_curve_pce/accepted/10.1039_c6nr06670d__Fig7__whole__stability_performance_curve_pce__ITO_PEDOT_PSS_MAPb(I1.BrJ₃_PCBM_Al__Series_2.csv,10.1039/c6nr06670d,Fig7_whole_stability_performance_curve_pce,Series_2,71,71,8,0,1774.5029161454934,202.80033327377072,True,0.9676740873492792,1.0,0.944804959715134,463,4,1,0,node_1_0,0.5100833854452876,1.0,0.9929790517989475,0.970118198354199,0.9532661665662379,0.9481150029737817,0.944804959715134,0.0,2,no_initial_change_stable,class_02,/Users/shunhao/Desktop/ML/lab/NEW/som_200h_reanalysis/02_selected_curve_database/paper_aligned_min4/x_time_day/10.1039_c6nr06670d/Fig7_whole_stability_performance_curve_pce/accepted/10.1039_c6nr06670d__Fig7__whole__stability_performance_curve_pce__ITO_PEDOT_PSS_MAPb(I1.BrJ₃_PCBM_Al__Series_2.csv
x_time_day/10.1039_c6nr07689k/Fig10_D_stability_performance_curve/accepted/10.1039_c6nr07689k__Fig10__D__stability_performance_curve__PSC-0__Series_1.csv,10.1039/c6nr07689k|Fig10_D_stability_performance_curve|10.1039_c6nr07689k__Fig10__D__stability_performance_curve__PSC-0__Series_1,/Users/shunhao/Desktop/ML/lab/data_all/x_time_day/10.1039_c6nr07689k/Fig10_D_stability_performance_curve/accepted/10.1039_c6nr07689k__Fig10__D__stability_performance_curve__PSC-0__Series_1.csv,x_time_day/10.1039_c6nr07689k/Fig10_D_stability_performance_curve/accepted/10.1039_c6nr07689k__Fig10__D__stability_performance_curve__PSC-0__Series_1.csv,10.1039/c6nr07689k,Fig10_D_stability_performance_curve,Series_1,50,50,7,0,1432.6707632471548,204.66725189245068,True,1.0031926727757512,1.0,0.9203276122262972,464,4,1,0,node_1_0,0.3113197894983945,1.0,0.9985639412742339,0.9928197063711688,0.9848980940139419,0.959644894558142,0.9203276122262973,0.0,2,no_initial_change_stable,class_02,/Users/shunhao/Desktop/ML/lab/NEW/som_200h_reanalysis/02_selected_curve_database/paper_aligned_min4/x_time_day/10.1039_c6nr07689k/Fig10_D_stability_performance_curve/accepted/10.1039_c6nr07689k__Fig10__D__stability_performance_curve__PSC-0__Series_1.csv
x_time_day/10.1039_c6ta03164a/Fig7_A_stability_performance_curve_pce/accepted/10.1039_c6ta03164a__Fig7__A__stability_performance_curve_pce__LP-P3HT__Series_1.csv,10.1039/c6ta03164a|Fig7_A_stability_performance_curve_pce|10.1039_c6ta03164a__Fig7__A__stability_performance_curve_pce__LP-P3HT__Series_1,/Users/shunhao/Desktop/ML/lab/data_all/x_time_day/10.1039_c6ta03164a/Fig7_A_stability_performance_curve_pce/accepted/10.1039_c6ta03164a__Fig7__A__stability_performance_curve_pce__LP-P3HT__Series_1.csv,x_time_day/10.1039_c6ta03164a/Fig7_A_stability_performance_curve_pce/accepted/10.1039_c6ta03164a__Fig7__A__stability_performance_curve_pce__LP-P3HT__Series_1.csv,10.1039/c6ta03164a,Fig7_A_stability_performance_curve_pce,Series_1,47,47,13,0,713.1001393451326,201.52830024971135,True,10.923539059809482,1.0,0.941862475769586,466,4,1,0,node_1_0,0.17558463609108552,1.0,0.9977810842729073,0.9846227870207473,0.9696147820948814,0.9529570544050489,0.941862475769586,0.0,2,no_initial_change_stable,class_02,/Users/shunhao/Desktop/ML/lab/NEW/som_200h_reanalysis/02_selected_curve_database/paper_aligned_min4/x_time_day/10.1039_c6ta03164a/Fig7_A_stability_performance_curve_pce/accepted/10.1039_c6ta03164a__Fig7__A__stability_performance_curve_pce__LP-P3HT__Series_1.csv
x_time_day/10.1039_c7nr06812c/Fig8_A_stability_performance_curve_pce/accepted/10.1039_c7nr06812c__Fig8__A__stability_performance_curve_pce__ZnO_Device__Series_1.csv,10.1039/c7nr06812c|Fig8_A_stability_performance_curve_pce|10.1039_c7nr06812c__Fig8__A__stability_performance_curve_pce__ZnO_Device__Series_1,/Users/shunhao/Desktop/ML/lab/data_all/x_time_day/10.1039_c7nr06812c/Fig8_A_stability_performance_curve_pce/accepted/10.1039_c7nr06812c__Fig8__A__stability_performance_curve_pce__ZnO_Device__Series_1.csv,x_time_day/10.1039_c7nr06812c/Fig8_A_stability_performance_curve_pce/accepted/10.1039_c7nr06812c__Fig8__A__stability_performance_curve_pce__ZnO_Device__Series_1.csv,10.1039/c7nr06812c,Fig8_A_stability_performance_curve_pce,Series_1,60,60,17,0,703.4223850009428,202.6810261867123,True,1.0022268534617746,1.0,0.961224124759544,471,4,1,0,node_1_0,0.3011789691908674,1.0,0.9978087754621983,0.9908882740384504,0.9814480683231603,0.9704405304281103,0.9612241247595439,0.0,2,no_initial_change_stable,class_02,/Users/shunhao/Desktop/ML/lab/NEW/som_200h_reanalysis/02_selected_curve_database/paper_aligned_min4/x_time_day/10.1039_c7nr06812c/Fig8_A_stability_performance_curve_pce/accepted/10.1039_c7nr06812c__Fig8__A__stability_performance_curve_pce__ZnO_Device__Series_1.csv
x_time_day/10.1039_c7se00036g/Fig5_C_stability_performance_curve_pce/accepted/10.1039_c7se00036g__Fig5__C__stability_performance_curve_pce__Conventional_dripping__Series_2.csv,10.1039/c7se00036g|Fig5_C_stability_performance_curve_pce|10.1039_c7se00036g__Fig5__C__stability_performance_curve_pce__Conventional_dripping__Series_2,/Users/shunhao/Desktop/ML/lab/data_all/x_time_day/10.1039_c7se00036g/Fig5_C_stability_performance_curve_pce/accepted/10.1039_c7se00036g__Fig5__C__stability_performance_curve_pce__Conventional_dripping__Series_2.csv,x_time_day/10.1039_c7se00036g/Fig5_C_stability_performance_curve_pce/accepted/10.1039_c7se00036g__Fig5__C__stability_performance_curve_pce__Conventional_dripping__Series_2.csv,10.1039/c7se00036g,Fig5_C_stability_performance_curve_pce,Series_2,132,132,19,0,1419.9500471273511,205.94695340015016,True,18.922668717120352,0.9999563808470056,0.9417506691877796,473,4,1,0,node_1_0,0.2486065459126095,0.9999563808470056,0.9986851893428298,0.9803395178516973,0.9812219460248056,0.9690323401922275,0.9417506691877795,2.0,2,no_initial_change_stable,class_02,/Users/shunhao/Desktop/ML/lab/NEW/som_200h_reanalysis/02_selected_curve_database/paper_aligned_min4/x_time_day/10.1039_c7se00036g/Fig5_C_stability_performance_curve_pce/accepted/10.1039_c7se00036g__Fig5__C__stability_performance_curve_pce__Conventional_dripping__Series_2.csv
x_time_day/10.1039_c7se00080d/Fig8_D_stability_performance_curve/accepted/10.1039_c7se00080d__Fig8__D__stability_performance_curve__PSC_based_on_C-Pbl2__Series_2.csv,10.1039/c7se00080d|Fig8_D_stability_performance_curve|10.1039_c7se00080d__Fig8__D__stability_performance_curve__PSC_based_on_C-Pbl2__Series_2,/Users/shunhao/Desktop/ML/lab/data_all/x_time_day/10.1039_c7se00080d/Fig8_D_stability_performance_curve/accepted/10.1039_c7se00080d__Fig8__D__stability_performance_curve__PSC_based_on_C-Pbl2__Series_2.csv,x_time_day/10.1039_c7se00080d/Fig8_D_stability_performance_curve/accepted/10.1039_c7se00080d__Fig8__D__stability_performance_curve__PSC_based_on_C-Pbl2__Series_2.csv,10.1039/c7se00080d,Fig8_D_stability_performance_curve,Series_2,52,52,8,0,1444.4554894367393,226.5812532449787,True,1.0047588241895642,1.0,0.930183922642434,474,4,1,0,node_1_0,0.3201153707301212,1.0,0.996380336242645,0.9819016812132253,0.965202881448073,0.948268005984885,0.9301839226424341,0.0,2,no_initial_change_stable,class_02,/Users/shunhao/Desktop/ML/lab/NEW/som_200h_reanalysis/02_selected_curve_database/paper_aligned_min4/x_time_day/10.1039_c7se00080d/Fig8_D_stability_performance_curve/accepted/10.1039_c7se00080d__Fig8__D__stability_performance_curve__PSC_based_on_C-Pbl2__Series_2.csv
x_time_day/10.1039_c8ee02542h/Fig2_H_stability_performance_curve/accepted/10.1039_c8ee02542h__Fig2__H__stability_performance_curve__IDTBR-FABABr__Series_2.csv,10.1039/c8ee02542h|Fig2_H_stability_performance_curve|10.1039_c8ee02542h__Fig2__H__stability_performance_curve__IDTBR-FABABr__Series_2,/Users/shunhao/Desktop/ML/lab/data_all/x_time_day/10.1039_c8ee02542h/Fig2_H_stability_performance_curve/accepted/10.1039_c8ee02542h__Fig2__H__stability_performance_curve__IDTBR-FABABr__Series_2.csv,x_time_day/10.1039_c8ee02542h/Fig2_H_stability_performance_curve/accepted/10.1039_c8ee02542h__Fig2__H__stability_performance_curve__IDTBR-FABABr__Series_2.csv,10.1039/c8ee02542h,Fig2_H_stability_performance_curve,Series_2,44,44,7,0,1428.370258890247,232.52539098213327,True,1.0054204003130176,1.0,0.9556379471552704,482,4,1,0,node_1_0,0.2145789061258617,1.0,0.9991936067392964,0.9901244607926619,0.9753628870095563,0.967994104685535,0.9556379471552703,0.0,2,no_initial_change_stable,class_02,/Users/shunhao/Desktop/ML/lab/NEW/som_200h_reanalysis/02_selected_curve_database/paper_aligned_min4/x_time_day/10.1039_c8ee02542h/Fig2_H_stability_performance_curve/accepted/10.1039_c8ee02542h__Fig2__H__stability_performance_curve__IDTBR-FABABr__Series_2.csv
x_time_day/10.1039_c8ta00583d/Fig5_whole_stability_performance_curve/accepted/10.1039_c8ta00583d__Fig5__whole__stability_performance_curve__MAPbI₃__Series_2.csv,10.1039/c8ta00583d|Fig5_whole_stability_performance_curve|10.1039_c8ta00583d__Fig5__whole__stability_performance_curve__MAPbI₃__Series_2,/Users/shunhao/Desktop/ML/lab/data_all/x_time_day/10.1039_c8ta00583d/Fig5_whole_stability_performance_curve/accepted/10.1039_c8ta00583d__Fig5__whole__stability_performance_curve__MAPbI₃__Series_2.csv,x_time_day/10.1039_c8ta00583d/Fig5_whole_stability_performance_curve/accepted/10.1039_c8ta00583d__Fig5__whole__stability_performance_curve__MAPbI₃__Series_2.csv,10.1039/c8ta00583d,Fig5_whole_stability_performance_curve,Series_2,72,72,18,0,794.6212439018223,201.45327310187037,True,16.902972345659524,0.9979465897681472,0.9261792713667378,490,4,1,0,node_1_0,0.41583389828634004,0.9979465897681473,1.0,0.9979465897681473,0.9920204166719113,0.9664277268013705,0.9261792713667378,10.0,2,no_initial_change_stable,class_02,/Users/shunhao/Desktop/ML/lab/NEW/som_200h_reanalysis/02_selected_curve_database/paper_aligned_min4/x_time_day/10.1039_c8ta00583d/Fig5_whole_stability_performance_curve/accepted/10.1039_c8ta00583d__Fig5__whole__stability_performance_curve__MAPbI₃__Series_2.csv
x_time_day/10.1039_c8ta11925b/Fig6_E_stability_performance_curve_pce/accepted/10.1039_c8ta11925b__Fig6__E__stability_performance_curve_pce__ABS-0__Series_1.csv,10.1039/c8ta11925b|Fig6_E_stability_performance_curve_pce|10.1039_c8ta11925b__Fig6__E__stability_performance_curve_pce__ABS-0__Series_1,/Users/shunhao/Desktop/ML/lab/data_all/x_time_day/10.1039_c8ta11925b/Fig6_E_stability_performance_curve_pce/accepted/10.1039_c8ta11925b__Fig6__E__stability_performance_curve_pce__ABS-0__Series_1.csv,x_time_day/10.1039_c8ta11925b/Fig6_E_stability_performance_curve_pce/accepted/10.1039_c8ta11925b__Fig6__E__stability_performance_curve_pce__ABS-0__Series_1.csv,10.1039/c8ta11925b,Fig6_E_stability_performance_curve_pce,Series_1,66,66,10,0,1401.6712143883394,215.6417252905138,True,1.008055241389431,0.988590466116164,0.926622348898321,492,4,1,0,node_1_0,0.43321299146547554,0.9885904661161641,0.9969524061532152,0.9866761536254126,0.9589931035086197,0.9444993721942689,0.926622348898321,19.0,2,no_initial_change_stable,class_02,/Users/shunhao/Desktop/ML/lab/NEW/som_200h_reanalysis/02_selected_curve_database/paper_aligned_min4/x_time_day/10.1039_c8ta11925b/Fig6_E_stability_performance_curve_pce/accepted/10.1039_c8ta11925b__Fig6__E__stability_performance_curve_pce__ABS-0__Series_1.csv
x_time_day/10.1039_c9ta00551j/Fig5_A_stability_performance_curve_pce/accepted/10.1039_c9ta00551j__Fig5__A__stability_performance_curve_pce__Control_device__Series_2.csv,10.1039/c9ta00551j|Fig5_A_stability_performance_curve_pce|10.1039_c9ta00551j__Fig5__A__stability_performance_curve_pce__Control_device__Series_2,/Users/shunhao/Desktop/ML/lab/data_all/x_time_day/10.1039_c9ta00551j/Fig5_A_stability_performance_curve_pce/accepted/10.1039_c9ta00551j__Fig5__A__stability_performance_curve_pce__Control_device__Series_2.csv,x_time_day/10.1039_c9ta00551j/Fig5_A_stability_performance_curve_pce/accepted/10.1039_c9ta00551j__Fig5__A__stability_performance_curve_pce__Control_device__Series_2.csv,10.1039/c9ta00551j,Fig5_A_stability_performance_curve_pce,Series_2,41,41,5,0,1773.891286356692,221.73641079458656,True,16.672992497894107,0.9996656477336032,0.9458726846533028,500,4,1,0,node_1_0,0.4192717030884379,0.9996656477336031,0.9999424474043588,0.9995869091335476,0.9925067923788415,0.9692015081390097,0.9458726846533028,18.0,2,no_initial_change_stable,class_02,/Users/shunhao/Desktop/ML/lab/NEW/som_200h_reanalysis/02_selected_curve_database/paper_aligned_min4/x_time_day/10.1039_c9ta00551j/Fig5_A_stability_performance_curve_pce/accepted/10.1039_c9ta00551j__Fig5__A__stability_performance_curve_pce__Control_device__Series_2.csv
x_time_day/10.1039_c9ta02772f/Fig3_I_stability_performance_curve_pce/accepted/10.1039_c9ta02772f__Fig3__I__stability_performance_curve_pce__MAPbI₃__Series_2.csv,10.1039/c9ta02772f|Fig3_I_stability_performance_curve_pce|10.1039_c9ta02772f__Fig3__I__stability_performance_curve_pce__MAPbI₃__Series_2,/Users/shunhao/Desktop/ML/lab/data_all/x_time_day/10.1039_c9ta02772f/Fig3_I_stability_performance_curve_pce/accepted/10.1039_c9ta02772f__Fig3__I__stability_performance_curve_pce__MAPbI₃__Series_2.csv,x_time_day/10.1039_c9ta02772f/Fig3_I_stability_performance_curve_pce/accepted/10.1039_c9ta02772f__Fig3__I__stability_performance_curve_pce__MAPbI₃__Series_2.csv,10.1039/c9ta02772f,Fig3_I_stability_performance_curve_pce,Series_2,47,47,8,0,1306.6949586818248,227.25129716205643,True,1.0166024780676484,0.9841686947407254,0.9497089781416798,503,4,1,0,node_1_0,0.6276763637636059,0.9841686947407254,0.9943296268127955,0.9820626738841307,0.9400168986836527,0.9487556412214602,0.9497089781416798,22.5,2,no_initial_change_stable,class_02,/Users/shunhao/Desktop/ML/lab/NEW/som_200h_reanalysis/02_selected_curve_database/paper_aligned_min4/x_time_day/10.1039_c9ta02772f/Fig3_I_stability_performance_curve_pce/accepted/10.1039_c9ta02772f__Fig3__I__stability_performance_curve_pce__MAPbI₃__Series_2.csv
x_time_day/10.1039_c9ta13922b/Fig4_E_stability/accepted/10.1039_c9ta13922b__Fig4__E__stability__w_o_t-BCA__Series_1.csv,10.1039/c9ta13922b|Fig4_E_stability|10.1039_c9ta13922b__Fig4__E__stability__w_o_t-BCA__Series_1,/Users/shunhao/Desktop/ML/lab/data_all/x_time_day/10.1039_c9ta13922b/Fig4_E_stability/accepted/10.1039_c9ta13922b__Fig4__E__stability__w_o_t-BCA__Series_1.csv,x_time_day/10.1039_c9ta13922b/Fig4_E_stability/accepted/10.1039_c9ta13922b__Fig4__E__stability__w_o_t-BCA__Series_1.csv,10.1039/c9ta13922b,Fig4_E_stability,Series_1,36,36,5,0,1424.9812901263483,203.5687557323355,True,0.9995495008833272,1.0,0.9561855003567064,510,4,1,0,node_1_0,0.18038874058152488,1.0,0.9989580125234829,0.9903616463685498,0.9764085689119352,0.9655879618629887,0.9561855003567065,0.0,2,no_initial_change_stable,class_02,/Users/shunhao/Desktop/ML/lab/NEW/som_200h_reanalysis/02_selected_curve_database/paper_aligned_min4/x_time_day/10.1039_c9ta13922b/Fig4_E_stability/accepted/10.1039_c9ta13922b__Fig4__E__stability__w_o_t-BCA__Series_1.csv
x_time_day/10.1039_d0dt03201h/Fig6_E_stability_performance_curve_pce/accepted/10.1039_d0dt03201h__Fig6__E__stability_performance_curve_pce__HTMwithout_BiWg-Zn__Series_2.csv,10.1039/d0dt03201h|Fig6_E_stability_performance_curve_pce|10.1039_d0dt03201h__Fig6__E__stability_performance_curve_pce__HTMwithout_BiWg-Zn__Series_2,/Users/shunhao/Desktop/ML/lab/data_all/x_time_day/10.1039_d0dt03201h/Fig6_E_stability_performance_curve_pce/accepted/10.1039_d0dt03201h__Fig6__E__stability_performance_curve_pce__HTMwithout_BiWg-Zn__Series_2.csv,x_time_day/10.1039_d0dt03201h/Fig6_E_stability_performance_curve_pce/accepted/10.1039_d0dt03201h__Fig6__E__stability_performance_curve_pce__HTMwithout_BiWg-Zn__Series_2.csv,10.1039/d0dt03201h,Fig6_E_stability_performance_curve_pce,Series_2,43,43,13,0,692.0742342539024,214.21345345954123,True,17.59610936972641,0.9994574329378624,0.9450186334511412,518,4,1,0,node_1_0,0.10441369596000616,0.9994574329378625,0.9999883425666709,0.9900758185521401,0.9768652502635347,0.9618673852711447,0.9450186334511413,8.833333333333332,2,no_initial_change_stable,class_02,/Users/shunhao/Desktop/ML/lab/NEW/som_200h_reanalysis/02_selected_curve_database/paper_aligned_min4/x_time_day/10.1039_d0dt03201h/Fig6_E_stability_performance_curve_pce/accepted/10.1039_d0dt03201h__Fig6__E__stability_performance_curve_pce__HTMwithout_BiWg-Zn__Series_2.csv
x_time_day/10.1039_d0ma00967a/Fig6_C_stability_performance_curve/accepted/10.1039_d0ma00967a__Fig6__C__stability_performance_curve__MO__Series_1.csv,10.1039/d0ma00967a|Fig6_C_stability_performance_curve|10.1039_d0ma00967a__Fig6__C__stability_performance_curve__MO__Series_1,/Users/shunhao/Desktop/ML/lab/data_all/x_time_day/10.1039_d0ma00967a/Fig6_C_stability_performance_curve/accepted/10.1039_d0ma00967a__Fig6__C__stability_performance_curve__MO__Series_1.csv,x_time_day/10.1039_d0ma00967a/Fig6_C_stability_performance_curve/accepted/10.1039_d0ma00967a__Fig6__C__stability_performance_curve__MO__Series_1.csv,10.1039/d0ma00967a,Fig6_C_stability_performance_curve,Series_1,49,47,6,2,1421.7064112719363,211.7435080617778,True,1.004502729457568,1.0,0.9243744739931744,519,4,1,0,node_1_0,0.27811717383920886,1.0,0.9994438896915695,0.9955236373492855,0.9754234853413621,0.9547516274624727,0.9243744739931745,0.0,2,no_initial_change_stable,class_02,/Users/shunhao/Desktop/ML/lab/NEW/som_200h_reanalysis/02_selected_curve_database/paper_aligned_min4/x_time_day/10.1039_d0ma00967a/Fig6_C_stability_performance_curve/accepted/10.1039_d0ma00967a__Fig6__C__stability_performance_curve__MO__Series_1.csv
x_time_day/10.1039_d0ma00967a/Fig6_C_stability_performance_curve/accepted/10.1039_d0ma00967a__Fig6__C__stability_performance_curve__Rb5__Series_2.csv,10.1039/d0ma00967a|Fig6_C_stability_performance_curve|10.1039_d0ma00967a__Fig6__C__stability_performance_curve__Rb5__Series_2,/Users/shunhao/Desktop/ML/lab/data_all/x_time_day/10.1039_d0ma00967a/Fig6_C_stability_performance_curve/accepted/10.1039_d0ma00967a__Fig6__C__stability_performance_curve__Rb5__Series_2.csv,x_time_day/10.1039_d0ma00967a/Fig6_C_stability_performance_curve/accepted/10.1039_d0ma00967a__Fig6__C__stability_performance_curve__Rb5__Series_2.csv,10.1039/d0ma00967a,Fig6_C_stability_performance_curve,Series_2,48,48,7,0,1421.7064112719363,211.7435080617778,True,1.0021933227818505,1.0,0.943391633466696,520,4,1,0,node_1_0,0.12358351102390437,1.0,0.9984764144548255,0.9923820722741273,0.9780792004293303,0.9612472285442584,0.943391633466696,0.0,2,no_initial_change_stable,class_02,/Users/shunhao/Desktop/ML/lab/NEW/som_200h_reanalysis/02_selected_curve_database/paper_aligned_min4/x_time_day/10.1039_d0ma00967a/Fig6_C_stability_performance_curve/accepted/10.1039_d0ma00967a__Fig6__C__stability_performance_curve__Rb5__Series_2.csv
x_time_day/10.1039_d0ta01279c/Fig3_F_stability_performance_curve_pce_eqe/accepted/10.1039_d0ta01279c__Fig3__F__stability_performance_curve_pce_eqe__TB(K)__Series_1.csv,10.1039/d0ta01279c|Fig3_F_stability_performance_curve_pce_eqe|10.1039_d0ta01279c__Fig3__F__stability_performance_curve_pce_eqe__TB(K)__Series_1,/Users/shunhao/Desktop/ML/lab/data_all/x_time_day/10.1039_d0ta01279c/Fig3_F_stability_performance_curve_pce_eqe/accepted/10.1039_d0ta01279c__Fig3__F__stability_performance_curve_pce_eqe__TB(K)__Series_1.csv,x_time_day/10.1039_d0ta01279c/Fig3_F_stability_performance_curve_pce_eqe/accepted/10.1039_d0ta01279c__Fig3__F__stability_performance_curve_pce_eqe__TB(K)__Series_1.csv,10.1039/d0ta01279c,Fig3_F_stability_performance_curve_pce_eqe,Series_1,25,25,7,0,712.8505958629573,207.9147571266959,True,1.0011558679072872,1.0,0.9634944913912517,523,4,1,0,node_1_0,0.34738804560801584,1.0,0.9981747245695626,0.990873622847813,0.9817472456956258,0.9726208685434387,0.9634944913912515,0.0,2,no_initial_change_stable,class_02,/Users/shunhao/Desktop/ML/lab/NEW/som_200h_reanalysis/02_selected_curve_database/paper_aligned_min4/x_time_day/10.1039_d0ta01279c/Fig3_F_stability_performance_curve_pce_eqe/accepted/10.1039_d0ta01279c__Fig3__F__stability_performance_curve_pce_eqe__TB(K)__Series_1.csv
x_time_day/10.1039_d0ta02437f/Fig6_A_stability_performance_curve_pce/accepted/10.1039_d0ta02437f__Fig6__A__stability_performance_curve_pce__3D__Series_1.csv,10.1039/d0ta02437f|Fig6_A_stability_performance_curve_pce|10.1039_d0ta02437f__Fig6__A__stability_performance_curve_pce__3D__Series_1,/Users/shunhao/Desktop/ML/lab/data_all/x_time_day/10.1039_d0ta02437f/Fig6_A_stability_performance_curve_pce/accepted/10.1039_d0ta02437f__Fig6__A__stability_performance_curve_pce__3D__Series_1.csv,x_time_day/10.1039_d0ta02437f/Fig6_A_stability_performance_curve_pce/accepted/10.1039_d0ta02437f__Fig6__A__stability_performance_curve_pce__3D__Series_1.csv,10.1039/d0ta02437f,Fig6_A_stability_performance_curve_pce,Series_1,31,31,4,0,1509.799906984343,201.30665426457904,True,1.0020808812918358,1.0,0.9599549789982642,525,4,1,0,node_1_0,0.1894012977615062,1.0,0.9978323598950231,0.9891617994751153,0.9783235989502307,0.9638701642711162,0.9599549789982642,0.0,2,no_initial_change_stable,class_02,/Users/shunhao/Desktop/ML/lab/NEW/som_200h_reanalysis/02_selected_curve_database/paper_aligned_min4/x_time_day/10.1039_d0ta02437f/Fig6_A_stability_performance_curve_pce/accepted/10.1039_d0ta02437f__Fig6__A__stability_performance_curve_pce__3D__Series_1.csv
x_time_day/10.1039_d0ta12509a/Fig6_E_stability_performance_curve_pce/accepted/10.1039_d0ta12509a__Fig6__E__stability_performance_curve_pce__Reference__Series_1.csv,10.1039/d0ta12509a|Fig6_E_stability_performance_curve_pce|10.1039_d0ta12509a__Fig6__E__stability_performance_curve_pce__Reference__Series_1,/Users/shunhao/Desktop/ML/lab/data_all/x_time_day/10.1039_d0ta12509a/Fig6_E_stability_performance_curve_pce/accepted/10.1039_d0ta12509a__Fig6__E__stability_performance_curve_pce__Reference__Series_1.csv,x_time_day/10.1039_d0ta12509a/Fig6_E_stability_performance_curve_pce/accepted/10.1039_d0ta12509a__Fig6__E__stability_performance_curve_pce__Reference__Series_1.csv,10.1039/d0ta12509a,Fig6_E_stability_performance_curve_pce,Series_1,48,48,7,0,1441.44821721802,214.68377703247103,True,1.0064016672820986,1.0,0.9331206923899006,532,4,1,0,node_1_0,0.2987465622196935,1.0,0.9975324910170776,0.9836349528787658,0.9647304560677231,0.9476999043889074,0.9331206923899006,0.0,2,no_initial_change_stable,class_02,/Users/shunhao/Desktop/ML/lab/NEW/som_200h_reanalysis/02_selected_curve_database/paper_aligned_min4/x_time_day/10.1039_d0ta12509a/Fig6_E_stability_performance_curve_pce/accepted/10.1039_d0ta12509a__Fig6__E__stability_performance_curve_pce__Reference__Series_1.csv
x_time_day/10.1039_d0tc05455k/Fig6_A_stability_performance_curve_pce/accepted/10.1039_d0tc05455k__Fig6__A__stability_performance_curve_pce__CsPbIBr₂__Series_2.csv,10.1039/d0tc05455k|Fig6_A_stability_performance_curve_pce|10.1039_d0tc05455k__Fig6__A__stability_performance_curve_pce__CsPbIBr₂__Series_2,/Users/shunhao/Desktop/ML/lab/data_all/x_time_day/10.1039_d0tc05455k/Fig6_A_stability_performance_curve_pce/accepted/10.1039_d0tc05455k__Fig6__A__stability_performance_curve_pce__CsPbIBr₂__Series_2.csv,x_time_day/10.1039_d0tc05455k/Fig6_A_stability_performance_curve_pce/accepted/10.1039_d0tc05455k__Fig6__A__stability_performance_curve_pce__CsPbIBr₂__Series_2.csv,10.1039/d0tc05455k,Fig6_A_stability_performance_curve_pce,Series_2,67,67,19,0,708.4192751749536,203.93888224733513,True,1.019076025135777,0.974008170433837,0.9368679716710312,540,4,1,0,node_1_0,0.33667251850040886,0.974008170433837,0.9828714482992414,0.9996665978193966,0.9692363383945783,0.9481271270235019,0.9368679716710313,52.666666666666664,2,no_initial_change_stable,class_02,/Users/shunhao/Desktop/ML/lab/NEW/som_200h_reanalysis/02_selected_curve_database/paper_aligned_min4/x_time_day/10.1039_d0tc05455k/Fig6_A_stability_performance_curve_pce/accepted/10.1039_d0tc05455k__Fig6__A__stability_performance_curve_pce__CsPbIBr₂__Series_2.csv
x_time_day/10.1039_d0tc05877g/Fig9_whole_stability/accepted/10.1039_d0tc05877g__Fig9__whole__stability__o—ITO_SnO2_Perovskite__Series_2.csv,10.1039/d0tc05877g|Fig9_whole_stability|10.1039_d0tc05877g__Fig9__whole__stability__o—ITO_SnO2_Perovskite__Series_2,/Users/shunhao/Desktop/ML/lab/data_all/x_time_day/10.1039_d0tc05877g/Fig9_whole_stability/accepted/10.1039_d0tc05877g__Fig9__whole__stability__o—ITO_SnO2_Perovskite__Series_2.csv,x_time_day/10.1039_d0tc05877g/Fig9_whole_stability/accepted/10.1039_d0tc05877g__Fig9__whole__stability__o—ITO_SnO2_Perovskite__Series_2.csv,10.1039/d0tc05877g,Fig9_whole_stability,Series_2,65,65,28,0,472.2916888945674,206.62761389137327,True,18.61586874614535,1.0,0.9249513685975148,541,4,1,0,node_1_0,0.20341250722499774,1.0,0.9991033670369153,0.9921206048552358,0.9795034811642943,0.9613688186025657,0.9249513685975147,0.0,2,no_initial_change_stable,class_02,/Users/shunhao/Desktop/ML/lab/NEW/som_200h_reanalysis/02_selected_curve_database/paper_aligned_min4/x_time_day/10.1039_d0tc05877g/Fig9_whole_stability/accepted/10.1039_d0tc05877g__Fig9__whole__stability__o—ITO_SnO2_Perovskite__Series_2.csv
x_time_day/10.1039_d1qm00149c/Fig5_A_stability_performance_curve_pce/accepted/10.1039_d1qm00149c__Fig5__A__stability_performance_curve_pce__MAPbI3__Series_1.csv,10.1039/d1qm00149c|Fig5_A_stability_performance_curve_pce|10.1039_d1qm00149c__Fig5__A__stability_performance_curve_pce__MAPbI3__Series_1,/Users/shunhao/Desktop/ML/lab/data_all/x_time_day/10.1039_d1qm00149c/Fig5_A_stability_performance_curve_pce/accepted/10.1039_d1qm00149c__Fig5__A__stability_performance_curve_pce__MAPbI3__Series_1.csv,x_time_day/10.1039_d1qm00149c/Fig5_A_stability_performance_curve_pce/accepted/10.1039_d1qm00149c__Fig5__A__stability_performance_curve_pce__MAPbI3__Series_1.csv,10.1039/d1qm00149c,Fig5_A_stability_performance_curve_pce,Series_1,65,65,6,0,2146.9214236317816,201.2738834654795,True,0.9957662153313503,1.0,0.94755887048936,546,4,1,0,node_1_0,0.13157358739458297,1.0,0.9981097113301355,0.9905485566506772,0.9790629196272058,0.9633112760715647,0.94755887048936,0.0,2,no_initial_change_stable,class_02,/Users/shunhao/Desktop/ML/lab/NEW/som_200h_reanalysis/02_selected_curve_database/paper_aligned_min4/x_time_day/10.1039_d1qm00149c/Fig5_A_stability_performance_curve_pce/accepted/10.1039_d1qm00149c__Fig5__A__stability_performance_curve_pce__MAPbI3__Series_1.csv
x_time_day/10.1088_1402-4896_ab90be/Fig9_A_pce/accepted/10.1088_1402-4896_ab90be__Fig9__A__pce__ImEu1__Series_3.csv,10.1088/1402-4896_ab90be|Fig9_A_pce|10.1088_1402-4896_ab90be__Fig9__A__pce__ImEu1__Series_3,/Users/shunhao/Desktop/ML/lab/data_all/x_time_day/10.1088_1402-4896_ab90be/Fig9_A_pce/accepted/10.1088_1402-4896_ab90be__Fig9__A__pce__ImEu1__Series_3.csv,x_time_day/10.1088_1402-4896_ab90be/Fig9_A_pce/accepted/10.1088_1402-4896_ab90be__Fig9__A__pce__ImEu1__Series_3.csv,10.1088/1402-4896_ab90be,Fig9_A_pce,Series_3,44,44,6,0,1442.8705047749588,201.3307681081338,True,0.9986861224177912,1.0,0.9417029398297504,565,4,1,0,node_1_0,0.11332434055822872,1.0,0.9972024856803957,0.9860124284019787,0.9696808147693119,0.9556905114277716,0.9417029398297503,0.0,2,no_initial_change_stable,class_02,/Users/shunhao/Desktop/ML/lab/NEW/som_200h_reanalysis/02_selected_curve_database/paper_aligned_min4/x_time_day/10.1088_1402-4896_ab90be/Fig9_A_pce/accepted/10.1088_1402-4896_ab90be__Fig9__A__pce__ImEu1__Series_3.csv
x_time_day/10.1088_1402-4896_ab90be/Fig9_B_stability_performance_curve_pce/accepted/10.1088_1402-4896_ab90be__Fig9__B__stability_performance_curve_pce__ImSb3__Series_3.csv,10.1088/1402-4896_ab90be|Fig9_B_stability_performance_curve_pce|10.1088_1402-4896_ab90be__Fig9__B__stability_performance_curve_pce__ImSb3__Series_3,/Users/shunhao/Desktop/ML/lab/data_all/x_time_day/10.1088_1402-4896_ab90be/Fig9_B_stability_performance_curve_pce/accepted/10.1088_1402-4896_ab90be__Fig9__B__stability_performance_curve_pce__ImSb3__Series_3.csv,x_time_day/10.1088_1402-4896_ab90be/Fig9_B_stability_performance_curve_pce/accepted/10.1088_1402-4896_ab90be__Fig9__B__stability_performance_curve_pce__ImSb3__Series_3.csv,10.1088/1402-4896_ab90be,Fig9_B_stability_performance_curve_pce,Series_3,43,43,4,0,2326.5622083206754,221.57735317339765,True,0.9997537205645513,1.0,0.9611250608147304,568,4,1,0,node_1_0,0.3932262091433501,1.0,0.9988986819997209,0.9937541738784677,0.986123095014038,0.973760081482854,0.9611250608147303,0.0,2,no_initial_change_stable,class_02,/Users/shunhao/Desktop/ML/lab/NEW/som_200h_reanalysis/02_selected_curve_database/paper_aligned_min4/x_time_day/10.1088_1402-4896_ab90be/Fig9_B_stability_performance_curve_pce/accepted/10.1088_1402-4896_ab90be__Fig9__B__stability_performance_curve_pce__ImSb3__Series_3.csv
x_time_day/10.1134_s1063785020030153/Fig3_A_stability_performance_curve_pce_ff/accepted/10.1134_s1063785020030153__Fig3__A__stability_performance_curve_pce_ff__PSC(CH3NH3PbI3)__Series_1.csv,10.1134/s1063785020030153|Fig3_A_stability_performance_curve_pce_ff|10.1134_s1063785020030153__Fig3__A__stability_performance_curve_pce_ff__PSC(CH3NH3PbI3)__Series_1,/Users/shunhao/Desktop/ML/lab/data_all/x_time_day/10.1134_s1063785020030153/Fig3_A_stability_performance_curve_pce_ff/accepted/10.1134_s1063785020030153__Fig3__A__stability_performance_curve_pce_ff__PSC(CH3NH3PbI3)__Series_1.csv,x_time_day/10.1134_s1063785020030153/Fig3_A_stability_performance_curve_pce_ff/accepted/10.1134_s1063785020030153__Fig3__A__stability_performance_curve_pce_ff__PSC(CH3NH3PbI3)__Series_1.csv,10.1134/s1063785020030153,Fig3_A_stability_performance_curve_pce_ff,Series_1,67,67,14,0,1010.8779812519645,214.42866268981064,True,10.429166068689767,0.998481860112788,0.9283278049762254,571,4,1,0,node_1_0,0.2720744547286051,0.998481860112788,0.9996915608740016,0.9912828805814292,0.9704172517166104,0.9501602999750764,0.9283278049762254,20.5,2,no_initial_change_stable,class_02,/Users/shunhao/Desktop/ML/lab/NEW/som_200h_reanalysis/02_selected_curve_database/paper_aligned_min4/x_time_day/10.1134_s1063785020030153/Fig3_A_stability_performance_curve_pce_ff/accepted/10.1134_s1063785020030153__Fig3__A__stability_performance_curve_pce_ff__PSC(CH3NH3PbI3)__Series_1.csv
x_time_day/10.1186_s11671-019-2936-8/Fig4_A_stability_performance_curve_pce/accepted/10.1186_s11671-019-2936-8__Fig4__A__stability_performance_curve_pce__Series_1__Series_1.csv,10.1186/s11671-019-2936-8|Fig4_A_stability_performance_curve_pce|10.1186_s11671-019-2936-8__Fig4__A__stability_performance_curve_pce__Series_1__Series_1,/Users/shunhao/Desktop/ML/lab/data_all/x_time_day/10.1186_s11671-019-2936-8/Fig4_A_stability_performance_curve_pce/accepted/10.1186_s11671-019-2936-8__Fig4__A__stability_performance_curve_pce__Series_1__Series_1.csv,x_time_day/10.1186_s11671-019-2936-8/Fig4_A_stability_performance_curve_pce/accepted/10.1186_s11671-019-2936-8__Fig4__A__stability_performance_curve_pce__Series_1__Series_1.csv,10.1186/s11671-019-2936-8,Fig4_A_stability_performance_curve_pce,Series_1,53,53,16,0,687.9723886166506,211.6838118820463,True,1.0036564571243458,0.9844076701077876,0.9401149401999194,573,4,1,0,node_1_0,0.2653524271619662,0.9844076701077875,0.9905189270271129,0.9985221102563028,0.9656948853155803,0.9498667214964039,0.9401149401999194,41.33333333333333,2,no_initial_change_stable,class_02,/Users/shunhao/Desktop/ML/lab/NEW/som_200h_reanalysis/02_selected_curve_database/paper_aligned_min4/x_time_day/10.1186_s11671-019-2936-8/Fig4_A_stability_performance_curve_pce/accepted/10.1186_s11671-019-2936-8__Fig4__A__stability_performance_curve_pce__Series_1__Series_1.csv
x_time_day/10.3390_cryst11121588/Fig4_A_stability_performance_curve_pce/accepted/10.3390_cryst11121588__Fig4__A__stability_performance_curve_pce__OABr__Series_2.csv,10.3390/cryst11121588|Fig4_A_stability_performance_curve_pce|10.3390_cryst11121588__Fig4__A__stability_performance_curve_pce__OABr__Series_2,/Users/shunhao/Desktop/ML/lab/data_all/x_time_day/10.3390_cryst11121588/Fig4_A_stability_performance_curve_pce/accepted/10.3390_cryst11121588__Fig4__A__stability_performance_curve_pce__OABr__Series_2.csv,x_time_day/10.3390_cryst11121588/Fig4_A_stability_performance_curve_pce/accepted/10.3390_cryst11121588__Fig4__A__stability_performance_curve_pce__OABr__Series_2.csv,10.3390/cryst11121588,Fig4_A_stability_performance_curve_pce,Series_2,55,55,16,0,699.6726280761563,207.3104083188611,True,1.0050138390942442,0.9995628302100896,0.9517190428373008,577,4,1,0,node_1_0,0.17545943152765184,0.9995628302100896,0.9999172785736511,0.9911365820446505,0.9774874298580285,0.9664497296819979,0.9517190428373007,7.5,2,no_initial_change_stable,class_02,/Users/shunhao/Desktop/ML/lab/NEW/som_200h_reanalysis/02_selected_curve_database/paper_aligned_min4/x_time_day/10.3390_cryst11121588/Fig4_A_stability_performance_curve_pce/accepted/10.3390_cryst11121588__Fig4__A__stability_performance_curve_pce__OABr__Series_2.csv
x_time_day/10.3390_cryst12020290/Fig10_whole_stability_performance_curve/accepted/10.3390_cryst12020290__Fig10__whole__stability_performance_curve__PSC_0.0wt%__Series_1.csv,10.3390/cryst12020290|Fig10_whole_stability_performance_curve|10.3390_cryst12020290__Fig10__whole__stability_performance_curve__PSC_0.0wt%__Series_1,/Users/shunhao/Desktop/ML/lab/data_all/x_time_day/10.3390_cryst12020290/Fig10_whole_stability_performance_curve/accepted/10.3390_cryst12020290__Fig10__whole__stability_performance_curve__PSC_0.0wt%__Series_1.csv,x_time_day/10.3390_cryst12020290/Fig10_whole_stability_performance_curve/accepted/10.3390_cryst12020290__Fig10__whole__stability_performance_curve__PSC_0.0wt%__Series_1.csv,10.3390/cryst12020290,Fig10_whole_stability_performance_curve,Series_1,97,97,28,0,710.5039247284066,207.2303113791186,True,10.069903234391475,1.0,0.9266940675032896,578,4,1,0,node_1_0,0.3169529738668705,1.0,0.9956023950343429,0.9794489900213754,0.967406031118858,0.9503094442000655,0.9266940675032896,0.0,2,no_initial_change_stable,class_02,/Users/shunhao/Desktop/ML/lab/NEW/som_200h_reanalysis/02_selected_curve_database/paper_aligned_min4/x_time_day/10.3390_cryst12020290/Fig10_whole_stability_performance_curve/accepted/10.3390_cryst12020290__Fig10__whole__stability_performance_curve__PSC_0.0wt%__Series_1.csv
x_time_day/10.3390_molecules29112556/Fig6_whole_stability_performance_curve_pce/accepted/10.3390_molecules29112556__Fig6__whole__stability_performance_curve_pce__PSC_device_30%_UCNPs__Series_1.csv,10.3390/molecules29112556|Fig6_whole_stability_performance_curve_pce|10.3390_molecules29112556__Fig6__whole__stability_performance_curve_pce__PSC_device_30%_UCNPs__Series_1,/Users/shunhao/Desktop/ML/lab/data_all/x_time_day/10.3390_molecules29112556/Fig6_whole_stability_performance_curve_pce/accepted/10.3390_molecules29112556__Fig6__whole__stability_performance_curve_pce__PSC_device_30%_UCNPs__Series_1.csv,x_time_day/10.3390_molecules29112556/Fig6_whole_stability_performance_curve_pce/accepted/10.3390_molecules29112556__Fig6__whole__stability_performance_curve_pce__PSC_device_30%_UCNPs__Series_1.csv,10.3390/molecules29112556,Fig6_whole_stability_performance_curve_pce,Series_1,122,122,72,0,337.1948372868929,200.64486185666357,True,16.519221905580814,1.0,0.9328928285506002,586,4,1,0,node_1_0,0.30898315930145354,1.0,0.9923510703883128,0.9871638371454539,0.972536431357616,0.9495953490819137,0.9328928285506002,0.0,2,no_initial_change_stable,class_02,/Users/shunhao/Desktop/ML/lab/NEW/som_200h_reanalysis/02_selected_curve_database/paper_aligned_min4/x_time_day/10.3390_molecules29112556/Fig6_whole_stability_performance_curve_pce/accepted/10.3390_molecules29112556__Fig6__whole__stability_performance_curve_pce__PSC_device_30%_UCNPs__Series_1.csv
x_time_day/10.7498_aps.72.20230636/Fig14_whole_stability/accepted/10.7498_aps.72.20230636__Fig14__whole__stability__o—Control__Series_1.csv,10.7498/aps.72.20230636|Fig14_whole_stability|10.7498_aps.72.20230636__Fig14__whole__stability__o—Control__Series_1,/Users/shunhao/Desktop/ML/lab/data_all/x_time_day/10.7498_aps.72.20230636/Fig14_whole_stability/accepted/10.7498_aps.72.20230636__Fig14__whole__stability__o—Control__Series_1.csv,x_time_day/10.7498_aps.72.20230636/Fig14_whole_stability/accepted/10.7498_aps.72.20230636__Fig14__whole__stability__o—Control__Series_1.csv,10.7498/aps.72.20230636,Fig14_whole_stability,Series_1,60,60,9,0,1419.2488050639372,212.88732075959052,True,1.0204612949533676,0.9737946475029025,0.9824571074416616,590,4,1,0,node_1_0,0.77589688965053,0.9737946475029023,0.9668928886859101,0.9595210560457214,0.9932006009079087,0.9480792000051174,0.9824571074416617,90.16666666666666,2,no_initial_change_stable,class_02,/Users/shunhao/Desktop/ML/lab/NEW/som_200h_reanalysis/02_selected_curve_database/paper_aligned_min4/x_time_day/10.7498_aps.72.20230636/Fig14_whole_stability/accepted/10.7498_aps.72.20230636__Fig14__whole__stability__o—Control__Series_1.csv
x_time_h/10.1002_adfm.201808119/Fig7_B_stability_performance_curve/accepted/10.1002_adfm.201808119__Fig7__B__stability_performance_curve__Control__Series_2.csv,10.1002/adfm.201808119|Fig7_B_stability_performance_curve|10.1002_adfm.201808119__Fig7__B__stability_performance_curve__Control__Series_2,/Users/shunhao/Desktop/ML/lab/data_all/x_time_h/10.1002_adfm.201808119/Fig7_B_stability_performance_curve/accepted/10.1002_adfm.201808119__Fig7__B__stability_performance_curve__Control__Series_2.csv,x_time_h/10.1002_adfm.201808119/Fig7_B_stability_performance_curve/accepted/10.1002_adfm.201808119__Fig7__B__stability_performance_curve__Control__Series_2.csv,10.1002/adfm.201808119,Fig7_B_stability_performance_curve,Series_2,46,46,10,0,983.9967353370316,218.66594118600705,True,0.99919645709451,1.0,0.9390638507119756,604,4,1,0,node_1_0,0.30427887653681973,1.0,0.9972589833884901,0.9850142958790259,0.9581996322453944,0.9525378779764406,0.9390638507119756,0.0,2,no_initial_change_stable,class_02,/Users/shunhao/Desktop/ML/lab/NEW/som_200h_reanalysis/02_selected_curve_database/paper_aligned_min4/x_time_h/10.1002_adfm.201808119/Fig7_B_stability_performance_curve/accepted/10.1002_adfm.201808119__Fig7__B__stability_performance_curve__Control__Series_2.csv
x_time_h/10.1002_adfm.201905951/Fig7_A_mppt_stability/accepted/10.1002_adfm.201905951__Fig7__A__mppt_stability__NDI-ID(RS)__Series_2.csv,10.1002/adfm.201905951|Fig7_A_mppt_stability|10.1002_adfm.201905951__Fig7__A__mppt_stability__NDI-ID(RS)__Series_2,/Users/shunhao/Desktop/ML/lab/data_all/x_time_h/10.1002_adfm.201905951/Fig7_A_mppt_stability/accepted/10.1002_adfm.201905951__Fig7__A__mppt_stability__NDI-ID(RS)__Series_2.csv,x_time_h/10.1002_adfm.201905951/Fig7_A_mppt_stability/accepted/10.1002_adfm.201905951__Fig7__A__mppt_stability__NDI-ID(RS)__Series_2.csv,10.1002/adfm.201905951,Fig7_A_mppt_stability,Series_2,157,157,32,0,985.986027086832,202.2535440178117,True,19.963897624181747,0.9982342335629562,0.9505502635145804,607,4,1,0,node_1_0,0.24008121011979122,0.9982342335629562,0.9890355355664017,0.9790187328740212,0.9676423947409684,0.9611094869043756,0.9505502635145804,3.1666666666666665,2,no_initial_change_stable,class_02,/Users/shunhao/Desktop/ML/lab/NEW/som_200h_reanalysis/02_selected_curve_database/paper_aligned_min4/x_time_h/10.1002_adfm.201905951/Fig7_A_mppt_stability/accepted/10.1002_adfm.201905951__Fig7__A__mppt_stability__NDI-ID(RS)__Series_2.csv
x_time_h/10.1002_adfm.202001788/Fig6_D_stability/accepted/10.1002_adfm.202001788__Fig6__D__stability__Pero-I-0.1__Series_2.csv,10.1002/adfm.202001788|Fig6_D_stability|10.1002_adfm.202001788__Fig6__D__stability__Pero-I-0.1__Series_2,/Users/shunhao/Desktop/ML/lab/data_all/x_time_h/10.1002_adfm.202001788/Fig6_D_stability/accepted/10.1002_adfm.202001788__Fig6__D__stability__Pero-I-0.1__Series_2.csv,x_time_h/10.1002_adfm.202001788/Fig6_D_stability/accepted/10.1002_adfm.202001788__Fig6__D__stability__Pero-I-0.1__Series_2.csv,10.1002/adfm.202001788,Fig6_D_stability,Series_2,125,125,29,0,855.3395019543343,200.0390770699653,True,1.004452066991766,0.9997684762395794,0.9560104093803096,613,4,1,0,node_1_0,0.13004049252824124,0.9997684762395794,0.9999424022410714,0.9864892040222346,0.9714396282765949,0.9629859341002701,0.9560104093803097,11.5,2,no_initial_change_stable,class_02,/Users/shunhao/Desktop/ML/lab/NEW/som_200h_reanalysis/02_selected_curve_database/paper_aligned_min4/x_time_h/10.1002_adfm.202001788/Fig6_D_stability/accepted/10.1002_adfm.202001788__Fig6__D__stability__Pero-I-0.1__Series_2.csv
x_time_h/10.1002_adfm.202001788/Fig6_D_stability/accepted/10.1002_adfm.202001788__Fig6__D__stability__Pero-Th-0.05__Series_3.csv,10.1002/adfm.202001788|Fig6_D_stability|10.1002_adfm.202001788__Fig6__D__stability__Pero-Th-0.05__Series_3,/Users/shunhao/Desktop/ML/lab/data_all/x_time_h/10.1002_adfm.202001788/Fig6_D_stability/accepted/10.1002_adfm.202001788__Fig6__D__stability__Pero-Th-0.05__Series_3.csv,x_time_h/10.1002_adfm.202001788/Fig6_D_stability/accepted/10.1002_adfm.202001788__Fig6__D__stability__Pero-Th-0.05__Series_3.csv,10.1002/adfm.202001788,Fig6_D_stability,Series_3,124,124,29,0,848.4416027450252,200.0390770699653,True,1.0073590039509366,1.0,0.9439019789387414,614,4,1,0,node_1_0,0.4548164490581291,1.0,0.9939456650938507,0.974292820890247,0.9548187552317452,0.9470185356643668,0.9439019789387414,0.0,2,no_initial_change_stable,class_02,/Users/shunhao/Desktop/ML/lab/NEW/som_200h_reanalysis/02_selected_curve_database/paper_aligned_min4/x_time_h/10.1002_adfm.202001788/Fig6_D_stability/accepted/10.1002_adfm.202001788__Fig6__D__stability__Pero-Th-0.05__Series_3.csv
x_time_h/10.1002_adfm.202005846/Fig4_A_stability/accepted/10.1002_adfm.202005846__Fig4__A__stability__Reference__Series_2.csv,10.1002/adfm.202005846|Fig4_A_stability|10.1002_adfm.202005846__Fig4__A__stability__Reference__Series_2,/Users/shunhao/Desktop/ML/lab/data_all/x_time_h/10.1002_adfm.202005846/Fig4_A_stability/accepted/10.1002_adfm.202005846__Fig4__A__stability__Reference__Series_2.csv,x_time_h/10.1002_adfm.202005846/Fig4_A_stability/accepted/10.1002_adfm.202005846__Fig4__A__stability__Reference__Series_2.csv,10.1002/adfm.202005846,Fig4_A_stability,Series_2,53,53,11,0,972.201640067316,205.65803924500912,True,1.000254274550481,1.0,0.9371810777719704,616,4,1,0,node_1_0,0.45222812992132116,1.0,0.9964427456013546,0.9761719998789657,0.9558161336661486,0.9462470752141964,0.9371810777719705,0.0,2,no_initial_change_stable,class_02,/Users/shunhao/Desktop/ML/lab/NEW/som_200h_reanalysis/02_selected_curve_database/paper_aligned_min4/x_time_h/10.1002_adfm.202005846/Fig4_A_stability/accepted/10.1002_adfm.202005846__Fig4__A__stability__Reference__Series_2.csv
x_time_h/10.1002_adfm.202010368/Fig7_B_stability_performance_curve/accepted/10.1002_adfm.202010368__Fig7__B__stability_performance_curve__Control__Series_1.csv,10.1002/adfm.202010368|Fig7_B_stability_performance_curve|10.1002_adfm.202010368__Fig7__B__stability_performance_curve__Control__Series_1,/Users/shunhao/Desktop/ML/lab/data_all/x_time_h/10.1002_adfm.202010368/Fig7_B_stability_performance_curve/accepted/10.1002_adfm.202010368__Fig7__B__stability_performance_curve__Control__Series_1.csv,x_time_h/10.1002_adfm.202010368/Fig7_B_stability_performance_curve/accepted/10.1002_adfm.202010368__Fig7__B__stability_performance_curve__Control__Series_1.csv,10.1002/adfm.202010368,Fig7_B_stability_performance_curve,Series_1,77,77,15,0,1078.0563675447493,212.77428306804265,True,1.000014168645368,0.9905193499743752,0.9272310704204956,619,4,1,0,node_1_0,0.4515045163413513,0.9905193499743753,0.9962983637814674,0.9937200688912707,0.960468289635394,0.9415504521267026,0.9272310704204955,25.166666666666664,2,no_initial_change_stable,class_02,/Users/shunhao/Desktop/ML/lab/NEW/som_200h_reanalysis/02_selected_curve_database/paper_aligned_min4/x_time_h/10.1002_adfm.202010368/Fig7_B_stability_performance_curve/accepted/10.1002_adfm.202010368__Fig7__B__stability_performance_curve__Control__Series_1.csv
x_time_h/10.1002_adfm.202010368/Fig7_E_stability_performance_curve/accepted/10.1002_adfm.202010368__Fig7__E__stability_performance_curve__Control__Series_1.csv,10.1002/adfm.202010368|Fig7_E_stability_performance_curve|10.1002_adfm.202010368__Fig7__E__stability_performance_curve__Control__Series_1,/Users/shunhao/Desktop/ML/lab/data_all/x_time_h/10.1002_adfm.202010368/Fig7_E_stability_performance_curve/accepted/10.1002_adfm.202010368__Fig7__E__stability_performance_curve__Control__Series_1.csv,x_time_h/10.1002_adfm.202010368/Fig7_E_stability_performance_curve/accepted/10.1002_adfm.202010368__Fig7__E__stability_performance_curve__Control__Series_1.csv,10.1002/adfm.202010368,Fig7_E_stability_performance_curve,Series_1,77,77,21,0,745.7684713675326,206.06760393050237,True,0.991110523205972,1.0,0.953248526441123,620,4,1,0,node_1_0,0.5803448991910186,1.0,0.9908068281542304,0.960083113965593,0.9568447936379597,0.953248526441123,0.953248526441123,0.0,2,no_initial_change_stable,class_02,/Users/shunhao/Desktop/ML/lab/NEW/som_200h_reanalysis/02_selected_curve_database/paper_aligned_min4/x_time_h/10.1002_adfm.202010368/Fig7_E_stability_performance_curve/accepted/10.1002_adfm.202010368__Fig7__E__stability_performance_curve__Control__Series_1.csv
x_time_h/10.1002_adfm.202200473/Fig4_A_stability_performance_curve/accepted/10.1002_adfm.202200473__Fig4__A__stability_performance_curve__FA0.92CS0.08Pbl3__Series_1.csv,10.1002/adfm.202200473|Fig4_A_stability_performance_curve|10.1002_adfm.202200473__Fig4__A__stability_performance_curve__FA0.92CS0.08Pbl3__Series_1,/Users/shunhao/Desktop/ML/lab/data_all/x_time_h/10.1002_adfm.202200473/Fig4_A_stability_performance_curve/accepted/10.1002_adfm.202200473__Fig4__A__stability_performance_curve__FA0.92CS0.08Pbl3__Series_1.csv,x_time_h/10.1002_adfm.202200473/Fig4_A_stability_performance_curve/accepted/10.1002_adfm.202200473__Fig4__A__stability_performance_curve__FA0.92CS0.08Pbl3__Series_1.csv,10.1002/adfm.202200473,Fig4_A_stability_performance_curve,Series_1,79,79,16,0,995.3338094879192,204.17103784367572,True,1.0053770382450011,0.996164263431666,0.9463185441882588,633,4,1,0,node_1_0,0.0918240384578446,0.9961642634316661,0.9999911645738051,0.9894048678247567,0.9758103577347463,0.9617914013283608,0.9463185441882587,10.5,2,no_initial_change_stable,class_02,/Users/shunhao/Desktop/ML/lab/NEW/som_200h_reanalysis/02_selected_curve_database/paper_aligned_min4/x_time_h/10.1002_adfm.202200473/Fig4_A_stability_performance_curve/accepted/10.1002_adfm.202200473__Fig4__A__stability_performance_curve__FA0.92CS0.08Pbl3__Series_1.csv
x_time_h/10.1002_adfm.202215041/Fig3_E_stability_performance_curve_pce/accepted/10.1002_adfm.202215041__Fig3__E__stability_performance_curve_pce__Control__Series_1.csv,10.1002/adfm.202215041|Fig3_E_stability_performance_curve_pce|10.1002_adfm.202215041__Fig3__E__stability_performance_curve_pce__Control__Series_1,/Users/shunhao/Desktop/ML/lab/data_all/x_time_h/10.1002_adfm.202215041/Fig3_E_stability_performance_curve_pce/accepted/10.1002_adfm.202215041__Fig3__E__stability_performance_curve_pce__Control__Series_1.csv,x_time_h/10.1002_adfm.202215041/Fig3_E_stability_performance_curve_pce/accepted/10.1002_adfm.202215041__Fig3__E__stability_performance_curve_pce__Control__Series_1.csv,10.1002/adfm.202215041,Fig3_E_stability_performance_curve_pce,Series_1,122,122,13,0,1974.343361226661,212.11953467724464,True,1.0065365272475966,0.9989564463683008,0.9632029520175672,636,4,1,0,node_1_0,0.2512902337447345,0.9989564463683007,0.9999650883429579,0.9885330844130936,0.9759097838618728,0.9681734427740251,0.9632029520175672,8.5,2,no_initial_change_stable,class_02,/Users/shunhao/Desktop/ML/lab/NEW/som_200h_reanalysis/02_selected_curve_database/paper_aligned_min4/x_time_h/10.1002_adfm.202215041/Fig3_E_stability_performance_curve_pce/accepted/10.1002_adfm.202215041__Fig3__E__stability_performance_curve_pce__Control__Series_1.csv
x_time_h/10.1002_adma.201706126/Fig5_C_stability_performance_curve/accepted/10.1002_adma.201706126__Fig5__C__stability_performance_curve__CB_with_0.0_mg_ml_PBDB-T__Series_2.csv,10.1002/adma.201706126|Fig5_C_stability_performance_curve|10.1002_adma.201706126__Fig5__C__stability_performance_curve__CB_with_0.0_mg_ml_PBDB-T__Series_2,/Users/shunhao/Desktop/ML/lab/data_all/x_time_h/10.1002_adma.201706126/Fig5_C_stability_performance_curve/accepted/10.1002_adma.201706126__Fig5__C__stability_performance_curve__CB_with_0.0_mg_ml_PBDB-T__Series_2.csv,x_time_h/10.1002_adma.201706126/Fig5_C_stability_performance_curve/accepted/10.1002_adma.201706126__Fig5__C__stability_performance_curve__CB_with_0.0_mg_ml_PBDB-T__Series_2.csv,10.1002/adma.201706126,Fig5_C_stability_performance_curve,Series_2,68,68,4,0,3590.783910161037,214.3751588155843,True,0.9953316814809448,1.0,0.9566661297774656,643,4,1,0,node_1_0,0.25582675781423625,1.0,0.9985853828795768,0.9915996958504523,0.9796511704665326,0.9693449403679885,0.9566661297774656,0.0,2,no_initial_change_stable,class_02,/Users/shunhao/Desktop/ML/lab/NEW/som_200h_reanalysis/02_selected_curve_database/paper_aligned_min4/x_time_h/10.1002_adma.201706126/Fig5_C_stability_performance_curve/accepted/10.1002_adma.201706126__Fig5__C__stability_performance_curve__CB_with_0.0_mg_ml_PBDB-T__Series_2.csv
x_time_h/10.1002_adma.201707143/Fig4_C_mppt_stability_performance_curve/accepted/10.1002_adma.201707143__Fig4__C__mppt_stability_performance_curve__Series_1__Series_1.csv,10.1002/adma.201707143|Fig4_C_mppt_stability_performance_curve|10.1002_adma.201707143__Fig4__C__mppt_stability_performance_curve__Series_1__Series_1,/Users/shunhao/Desktop/ML/lab/data_all/x_time_h/10.1002_adma.201707143/Fig4_C_mppt_stability_performance_curve/accepted/10.1002_adma.201707143__Fig4__C__mppt_stability_performance_curve__Series_1__Series_1.csv,x_time_h/10.1002_adma.201707143/Fig4_C_mppt_stability_performance_curve/accepted/10.1002_adma.201707143__Fig4__C__mppt_stability_performance_curve__Series_1__Series_1.csv,10.1002/adma.201707143,Fig4_C_mppt_stability_performance_curve,Series_1,57,57,12,0,933.7988102402109,200.09974505147375,True,0.971543692234942,0.9986153091820766,0.9156662322997678,644,4,1,0,node_1_0,0.3377704783477569,0.9986153091820766,0.9999449435155157,0.9875460297212456,0.9709380516115065,0.9488161798468615,0.9156662322997678,8.333333333333332,2,no_initial_change_stable,class_02,/Users/shunhao/Desktop/ML/lab/NEW/som_200h_reanalysis/02_selected_curve_database/paper_aligned_min4/x_time_h/10.1002_adma.201707143/Fig4_C_mppt_stability_performance_curve/accepted/10.1002_adma.201707143__Fig4__C__mppt_stability_performance_curve__Series_1__Series_1.csv
x_time_h/10.1002_adma.201800544/Fig3_A_stability_performance_curve/accepted/10.1002_adma.201800544__Fig3__A__stability_performance_curve__Reference__Series_1.csv,10.1002/adma.201800544|Fig3_A_stability_performance_curve|10.1002_adma.201800544__Fig3__A__stability_performance_curve__Reference__Series_1,/Users/shunhao/Desktop/ML/lab/data_all/x_time_h/10.1002_adma.201800544/Fig3_A_stability_performance_curve/accepted/10.1002_adma.201800544__Fig3__A__stability_performance_curve__Reference__Series_1.csv,x_time_h/10.1002_adma.201800544/Fig3_A_stability_performance_curve/accepted/10.1002_adma.201800544__Fig3__A__stability_performance_curve__Reference__Series_1.csv,10.1002/adma.201800544,Fig3_A_stability_performance_curve,Series_1,82,82,12,0,1397.0172607664183,206.9655201135435,True,1.006634637392951,1.0,0.9412399281623124,646,4,1,0,node_1_0,0.32281925406372863,1.0,0.9933332900951776,0.9760334507528107,0.9623162162617851,0.9543986902792556,0.9412399281623125,0.0,2,no_initial_change_stable,class_02,/Users/shunhao/Desktop/ML/lab/NEW/som_200h_reanalysis/02_selected_curve_database/paper_aligned_min4/x_time_h/10.1002_adma.201800544/Fig3_A_stability_performance_curve/accepted/10.1002_adma.201800544__Fig3__A__stability_performance_curve__Reference__Series_1.csv
x_time_h/10.1002_adma.201806823/Fig3_C_pce/accepted/10.1002_adma.201806823__Fig3__C__pce__X=0.17__Series_1.csv,10.1002/adma.201806823|Fig3_C_pce|10.1002_adma.201806823__Fig3__C__pce__X=0.17__Series_1,/Users/shunhao/Desktop/ML/lab/data_all/x_time_h/10.1002_adma.201806823/Fig3_C_pce/accepted/10.1002_adma.201806823__Fig3__C__pce__X=0.17__Series_1.csv,x_time_h/10.1002_adma.201806823/Fig3_C_pce/accepted/10.1002_adma.201806823__Fig3__C__pce__X=0.17__Series_1.csv,10.1002/adma.201806823,Fig3_C_pce,Series_1,53,53,11,0,993.4145939466946,210.14539487333917,True,1.001307720606372,1.0,0.9574086323150014,653,4,1,0,node_1_0,0.2508460640915171,1.0,0.9997100892418196,0.9917937577541069,0.9800117040936819,0.9679475096737857,0.9574086323150014,0.0,2,no_initial_change_stable,class_02,/Users/shunhao/Desktop/ML/lab/NEW/som_200h_reanalysis/02_selected_curve_database/paper_aligned_min4/x_time_h/10.1002_adma.201806823/Fig3_C_pce/accepted/10.1002_adma.201806823__Fig3__C__pce__X=0.17__Series_1.csv
x_time_h/10.1002_adma.201901242/Fig5_C_stability_performance_curve_pce/accepted/10.1002_adma.201901242__Fig5__C__stability_performance_curve_pce__Control__Series_1.csv,10.1002/adma.201901242|Fig5_C_stability_performance_curve_pce|10.1002_adma.201901242__Fig5__C__stability_performance_curve_pce__Control__Series_1,/Users/shunhao/Desktop/ML/lab/data_all/x_time_h/10.1002_adma.201901242/Fig5_C_stability_performance_curve_pce/accepted/10.1002_adma.201901242__Fig5__C__stability_performance_curve_pce__Control__Series_1.csv,x_time_h/10.1002_adma.201901242/Fig5_C_stability_performance_curve_pce/accepted/10.1002_adma.201901242__Fig5__C__stability_performance_curve_pce__Control__Series_1.csv,10.1002/adma.201901242,Fig5_C_stability_performance_curve_pce,Series_1,53,53,7,0,1670.0133927610427,224.80949517937108,True,1.0030634683336894,1.0,0.9527223582808249,654,4,1,0,node_1_0,0.14980300046041242,1.0,0.9978033567681477,0.9890167838407384,0.9743351851474976,0.9660657756355706,0.9527223582808249,0.0,2,no_initial_change_stable,class_02,/Users/shunhao/Desktop/ML/lab/NEW/som_200h_reanalysis/02_selected_curve_database/paper_aligned_min4/x_time_h/10.1002_adma.201901242/Fig5_C_stability_performance_curve_pce/accepted/10.1002_adma.201901242__Fig5__C__stability_performance_curve_pce__Control__Series_1.csv
x_time_h/10.1002_adma.201901673/Fig7_C_stability_performance_curve_pce/accepted/10.1002_adma.201901673__Fig7__C__stability_performance_curve_pce__(PEA)₂MA₄Pb₅I₁₆__Series_2.csv,10.1002/adma.201901673|Fig7_C_stability_performance_curve_pce|10.1002_adma.201901673__Fig7__C__stability_performance_curve_pce__(PEA)₂MA₄Pb₅I₁₆__Series_2,/Users/shunhao/Desktop/ML/lab/data_all/x_time_h/10.1002_adma.201901673/Fig7_C_stability_performance_curve_pce/accepted/10.1002_adma.201901673__Fig7__C__stability_performance_curve_pce__(PEA)₂MA₄Pb₅I₁₆__Series_2.csv,x_time_h/10.1002_adma.201901673/Fig7_C_stability_performance_curve_pce/accepted/10.1002_adma.201901673__Fig7__C__stability_performance_curve_pce__(PEA)₂MA₄Pb₅I₁₆__Series_2.csv,10.1002/adma.201901673,Fig7_C_stability_performance_curve_pce,Series_2,48,48,21,0,450.0468203571537,201.08474952128145,True,1.0326945826000593,0.9730579637231972,0.9001589528651924,655,4,1,0,node_1_0,0.6397734854381396,0.9730579637231972,0.9768263375223614,0.996194677128775,0.9970084179130847,0.9660084599688911,0.9001589528651924,81.33333333333333,2,no_initial_change_stable,class_02,/Users/shunhao/Desktop/ML/lab/NEW/som_200h_reanalysis/02_selected_curve_database/paper_aligned_min4/x_time_h/10.1002_adma.201901673/Fig7_C_stability_performance_curve_pce/accepted/10.1002_adma.201901673__Fig7__C__stability_performance_curve_pce__(PEA)₂MA₄Pb₅I₁₆__Series_2.csv
x_time_h/10.1002_adma.201901966/Fig4_E_stability_performance_curve/accepted/10.1002_adma.201901966__Fig4__E__stability_performance_curve__LDRP__Series_1.csv,10.1002/adma.201901966|Fig4_E_stability_performance_curve|10.1002_adma.201901966__Fig4__E__stability_performance_curve__LDRP__Series_1,/Users/shunhao/Desktop/ML/lab/data_all/x_time_h/10.1002_adma.201901966/Fig4_E_stability_performance_curve/accepted/10.1002_adma.201901966__Fig4__E__stability_performance_curve__LDRP__Series_1.csv,x_time_h/10.1002_adma.201901966/Fig4_E_stability_performance_curve/accepted/10.1002_adma.201901966__Fig4__E__stability_performance_curve__LDRP__Series_1.csv,10.1002/adma.201901966,Fig4_E_stability_performance_curve,Series_1,85,85,35,0,480.7184675835405,200.29936149314187,True,0.9660478225133836,1.0,0.9528898793020352,656,4,1,0,node_1_0,0.19022521445521462,1.0,0.9943868157031224,0.9783728178832308,0.9700867162972945,0.961958717777431,0.9528898793020352,0.0,2,no_initial_change_stable,class_02,/Users/shunhao/Desktop/ML/lab/NEW/som_200h_reanalysis/02_selected_curve_database/paper_aligned_min4/x_time_h/10.1002_adma.201901966/Fig4_E_stability_performance_curve/accepted/10.1002_adma.201901966__Fig4__E__stability_performance_curve__LDRP__Series_1.csv
x_time_h/10.1002_adma.201906995/Fig5_D_stability/accepted/10.1002_adma.201906995__Fig5__D__stability__AceMA__Series_1.csv,10.1002/adma.201906995|Fig5_D_stability|10.1002_adma.201906995__Fig5__D__stability__AceMA__Series_1,/Users/shunhao/Desktop/ML/lab/data_all/x_time_h/10.1002_adma.201906995/Fig5_D_stability/accepted/10.1002_adma.201906995__Fig5__D__stability__AceMA__Series_1.csv,x_time_h/10.1002_adma.201906995/Fig5_D_stability/accepted/10.1002_adma.201906995__Fig5__D__stability__AceMA__Series_1.csv,10.1002/adma.201906995,Fig5_D_stability,Series_1,102,102,45,0,457.45871073902,203.8182374579792,True,1.1455925639668587,0.8777056557529843,0.9148064859416076,662,4,1,0,node_1_0,0.809811213151907,0.8777056557529843,0.936461525717649,0.9932544774881177,0.9775871878088508,0.9638973156546642,0.9148064859416075,27.0,2,no_initial_change_stable,class_02,/Users/shunhao/Desktop/ML/lab/NEW/som_200h_reanalysis/02_selected_curve_database/paper_aligned_min4/x_time_h/10.1002_adma.201906995/Fig5_D_stability/accepted/10.1002_adma.201906995__Fig5__D__stability__AceMA__Series_1.csv
x_time_h/10.1002_adma.202003296/Fig5_A_stability_performance_curve_pce/accepted/10.1002_adma.202003296__Fig5__A__stability_performance_curve_pce__Control__Series_1.csv,10.1002/adma.202003296|Fig5_A_stability_performance_curve_pce|10.1002_adma.202003296__Fig5__A__stability_performance_curve_pce__Control__Series_1,/Users/shunhao/Desktop/ML/lab/data_all/x_time_h/10.1002_adma.202003296/Fig5_A_stability_performance_curve_pce/accepted/10.1002_adma.202003296__Fig5__A__stability_performance_curve_pce__Control__Series_1.csv,x_time_h/10.1002_adma.202003296/Fig5_A_stability_performance_curve_pce/accepted/10.1002_adma.202003296__Fig5__A__stability_performance_curve_pce__Control__Series_1.csv,10.1002/adma.202003296,Fig5_A_stability_performance_curve_pce,Series_1,51,51,10,0,1065.7747270492353,213.15494540984713,True,1.004062822765328,0.997085244819862,0.9458402323174586,671,4,1,0,node_1_0,0.5020853198591256,0.9970852448198619,0.9978627081558397,0.9987711577680493,0.9967275414608996,0.9731088599403305,0.9458402323174586,75.16666666666666,2,no_initial_change_stable,class_02,/Users/shunhao/Desktop/ML/lab/NEW/som_200h_reanalysis/02_selected_curve_database/paper_aligned_min4/x_time_h/10.1002_adma.202003296/Fig5_A_stability_performance_curve_pce/accepted/10.1002_adma.202003296__Fig5__A__stability_performance_curve_pce__Control__Series_1.csv
x_time_h/10.1002_adma.202006753/Fig6_B_stability_performance_curve_pce/accepted/10.1002_adma.202006753__Fig6__B__stability_performance_curve_pce__PTAA__Series_1.csv,10.1002/adma.202006753|Fig6_B_stability_performance_curve_pce|10.1002_adma.202006753__Fig6__B__stability_performance_curve_pce__PTAA__Series_1,/Users/shunhao/Desktop/ML/lab/data_all/x_time_h/10.1002_adma.202006753/Fig6_B_stability_performance_curve_pce/accepted/10.1002_adma.202006753__Fig6__B__stability_performance_curve_pce__PTAA__Series_1.csv,x_time_h/10.1002_adma.202006753/Fig6_B_stability_performance_curve_pce/accepted/10.1002_adma.202006753__Fig6__B__stability_performance_curve_pce__PTAA__Series_1.csv,10.1002/adma.202006753,Fig6_B_stability_performance_curve_pce,Series_1,62,62,13,0,997.3491856057464,212.54982644056892,True,1.004458532792144,1.0,0.9480507063588772,677,4,1,0,node_1_0,0.08772471923311856,1.0,0.9975725568212435,0.9878241404074517,0.9717567018559821,0.9553649958550268,0.9480507063588773,0.0,2,no_initial_change_stable,class_02,/Users/shunhao/Desktop/ML/lab/NEW/som_200h_reanalysis/02_selected_curve_database/paper_aligned_min4/x_time_h/10.1002_adma.202006753/Fig6_B_stability_performance_curve_pce/accepted/10.1002_adma.202006753__Fig6__B__stability_performance_curve_pce__PTAA__Series_1.csv
x_time_h/10.1002_adma.202101823/Fig6_D_stability_performance_curve_pce/accepted/10.1002_adma.202101823__Fig6__D__stability_performance_curve_pce__BZA__Series_2.csv,10.1002/adma.202101823|Fig6_D_stability_performance_curve_pce|10.1002_adma.202101823__Fig6__D__stability_performance_curve_pce__BZA__Series_2,/Users/shunhao/Desktop/ML/lab/data_all/x_time_h/10.1002_adma.202101823/Fig6_D_stability_performance_curve_pce/accepted/10.1002_adma.202101823__Fig6__D__stability_performance_curve_pce__BZA__Series_2.csv,x_time_h/10.1002_adma.202101823/Fig6_D_stability_performance_curve_pce/accepted/10.1002_adma.202101823__Fig6__D__stability_performance_curve_pce__BZA__Series_2.csv,10.1002/adma.202101823,Fig6_D_stability_performance_curve_pce,Series_2,46,46,11,0,860.9500164943861,210.45444847640556,True,0.962368468624015,1.0,0.942604630699721,680,4,1,0,node_1_0,0.149492969617936,1.0,0.9985266069892008,0.992633034946004,0.9790789598445434,0.964705525861709,0.942604630699721,0.0,2,no_initial_change_stable,class_02,/Users/shunhao/Desktop/ML/lab/NEW/som_200h_reanalysis/02_selected_curve_database/paper_aligned_min4/x_time_h/10.1002_adma.202101823/Fig6_D_stability_performance_curve_pce/accepted/10.1002_adma.202101823__Fig6__D__stability_performance_curve_pce__BZA__Series_2.csv
x_time_h/10.1002_adma.202109348/Fig4_D_stability_performance_curve_pce/accepted/10.1002_adma.202109348__Fig4__D__stability_performance_curve_pce__2D_3D_mixed_perovskite_composites__Series_2.csv,10.1002/adma.202109348|Fig4_D_stability_performance_curve_pce|10.1002_adma.202109348__Fig4__D__stability_performance_curve_pce__2D_3D_mixed_perovskite_composites__Series_2,/Users/shunhao/Desktop/ML/lab/data_all/x_time_h/10.1002_adma.202109348/Fig4_D_stability_performance_curve_pce/accepted/10.1002_adma.202109348__Fig4__D__stability_performance_curve_pce__2D_3D_mixed_perovskite_composites__Series_2.csv,x_time_h/10.1002_adma.202109348/Fig4_D_stability_performance_curve_pce/accepted/10.1002_adma.202109348__Fig4__D__stability_performance_curve_pce__2D_3D_mixed_perovskite_composites__Series_2.csv,10.1002/adma.202109348,Fig4_D_stability_performance_curve_pce,Series_2,51,51,6,0,1779.3368120932869,213.52041745119448,True,1.0019619719619712,1.0,0.9551168037766,683,4,1,0,node_1_0,0.19691139516249692,1.0,0.9974402823308898,0.9891572542918735,0.9786031551267783,0.9668599794516893,0.9551168037766001,0.0,2,no_initial_change_stable,class_02,/Users/shunhao/Desktop/ML/lab/NEW/som_200h_reanalysis/02_selected_curve_database/paper_aligned_min4/x_time_h/10.1002_adma.202109348/Fig4_D_stability_performance_curve_pce/accepted/10.1002_adma.202109348__Fig4__D__stability_performance_curve_pce__2D_3D_mixed_perovskite_composites__Series_2.csv
x_time_h/10.1002_adma.202302839/Fig2_H_stability_performance_curve/accepted/10.1002_adma.202302839__Fig2__H__stability_performance_curve__Control__Series_1.csv,10.1002/adma.202302839|Fig2_H_stability_performance_curve|10.1002_adma.202302839__Fig2__H__stability_performance_curve__Control__Series_1,/Users/shunhao/Desktop/ML/lab/data_all/x_time_h/10.1002_adma.202302839/Fig2_H_stability_performance_curve/accepted/10.1002_adma.202302839__Fig2__H__stability_performance_curve__Control__Series_1.csv,x_time_h/10.1002_adma.202302839/Fig2_H_stability_performance_curve/accepted/10.1002_adma.202302839__Fig2__H__stability_performance_curve__Control__Series_1.csv,10.1002/adma.202302839,Fig2_H_stability_performance_curve,Series_1,80,80,6,0,1946.438844246072,213.63353168554457,True,1.0030894233165513,0.9873082743349232,0.9280422178243408,687,4,1,0,node_1_0,0.45852134092655594,0.9873082743349233,0.992274093634839,0.9995533314559523,0.9662631598012154,0.9418911560680261,0.9280422178243407,42.666666666666664,2,no_initial_change_stable,class_02,/Users/shunhao/Desktop/ML/lab/NEW/som_200h_reanalysis/02_selected_curve_database/paper_aligned_min4/x_time_h/10.1002_adma.202302839/Fig2_H_stability_performance_curve/accepted/10.1002_adma.202302839__Fig2__H__stability_performance_curve__Control__Series_1.csv
x_time_h/10.1002_adma.202303869/Fig4_E_mppt_stability_performance_curve_pce_voc/accepted/10.1002_adma.202303869__Fig4__E__mppt_stability_performance_curve_pce_voc__CsFAMA__Series_1.csv,10.1002/adma.202303869|Fig4_E_mppt_stability_performance_curve_pce_voc|10.1002_adma.202303869__Fig4__E__mppt_stability_performance_curve_pce_voc__CsFAMA__Series_1,/Users/shunhao/Desktop/ML/lab/data_all/x_time_h/10.1002_adma.202303869/Fig4_E_mppt_stability_performance_curve_pce_voc/accepted/10.1002_adma.202303869__Fig4__E__mppt_stability_performance_curve_pce_voc__CsFAMA__Series_1.csv,x_time_h/10.1002_adma.202303869/Fig4_E_mppt_stability_performance_curve_pce_voc/accepted/10.1002_adma.202303869__Fig4__E__mppt_stability_performance_curve_pce_voc__CsFAMA__Series_1.csv,10.1002/adma.202303869,Fig4_E_mppt_stability_performance_curve_pce_voc,Series_1,61,61,9,0,1446.501669905512,216.97525048582685,True,0.9700028946239436,1.0,0.9282365455705814,689,4,1,0,node_1_0,0.38210767800321366,1.0,0.997351208015346,0.9845360392131663,0.9626506144816871,0.9458419203474476,0.9282365455705814,0.0,2,no_initial_change_stable,class_02,/Users/shunhao/Desktop/ML/lab/NEW/som_200h_reanalysis/02_selected_curve_database/paper_aligned_min4/x_time_h/10.1002_adma.202303869/Fig4_E_mppt_stability_performance_curve_pce_voc/accepted/10.1002_adma.202303869__Fig4__E__mppt_stability_performance_curve_pce_voc__CsFAMA__Series_1.csv
x_time_h/10.1002_adma.202307422/Fig6_H_mppt_stability_performance_curve_pce/accepted/10.1002_adma.202307422__Fig6__H__mppt_stability_performance_curve_pce__Control__Series_1.csv,10.1002/adma.202307422|Fig6_H_mppt_stability_performance_curve_pce|10.1002_adma.202307422__Fig6__H__mppt_stability_performance_curve_pce__Control__Series_1,/Users/shunhao/Desktop/ML/lab/data_all/x_time_h/10.1002_adma.202307422/Fig6_H_mppt_stability_performance_curve_pce/accepted/10.1002_adma.202307422__Fig6__H__mppt_stability_performance_curve_pce__Control__Series_1.csv,x_time_h/10.1002_adma.202307422/Fig6_H_mppt_stability_performance_curve_pce/accepted/10.1002_adma.202307422__Fig6__H__mppt_stability_performance_curve_pce__Control__Series_1.csv,10.1002/adma.202307422,Fig6_H_mppt_stability_performance_curve_pce,Series_1,160,160,26,0,1253.2493059909618,204.93384877839625,True,0.9959952213277176,0.9972819955281248,0.9613713118780508,691,4,1,0,node_1_0,0.3425515202941698,0.9972819955281247,0.9979137750405948,0.9938820519887979,0.9823016783508945,0.9719334795694904,0.9613713118780507,28.833333333333332,2,no_initial_change_stable,class_02,/Users/shunhao/Desktop/ML/lab/NEW/som_200h_reanalysis/02_selected_curve_database/paper_aligned_min4/x_time_h/10.1002_adma.202307422/Fig6_H_mppt_stability_performance_curve_pce/accepted/10.1002_adma.202307422__Fig6__H__mppt_stability_performance_curve_pce__Control__Series_1.csv
x_time_h/10.1002_admi.202000105/Fig5_E_stability_performance_curve_pce_pattern/accepted/10.1002_admi.202000105__Fig5__E__stability_performance_curve_pce_pattern__reference__Series_1.csv,10.1002/admi.202000105|Fig5_E_stability_performance_curve_pce_pattern|10.1002_admi.202000105__Fig5__E__stability_performance_curve_pce_pattern__reference__Series_1,/Users/shunhao/Desktop/ML/lab/data_all/x_time_h/10.1002_admi.202000105/Fig5_E_stability_performance_curve_pce_pattern/accepted/10.1002_admi.202000105__Fig5__E__stability_performance_curve_pce_pattern__reference__Series_1.csv,x_time_h/10.1002_admi.202000105/Fig5_E_stability_performance_curve_pce_pattern/accepted/10.1002_admi.202000105__Fig5__E__stability_performance_curve_pce_pattern__reference__Series_1.csv,10.1002/admi.202000105,Fig5_E_stability_performance_curve_pce_pattern,Series_1,76,76,52,0,293.66929536148484,203.6107114506295,True,1.003690816140982,0.9984026125351504,0.9263112183168882,697,4,1,0,node_1_0,0.3084512130086602,0.9984026125351503,0.9984026125351503,0.989464273624739,0.9681391549302721,0.9483322263678963,0.9263112183168882,19.5,2,no_initial_change_stable,class_02,/Users/shunhao/Desktop/ML/lab/NEW/som_200h_reanalysis/02_selected_curve_database/paper_aligned_min4/x_time_h/10.1002_admi.202000105/Fig5_E_stability_performance_curve_pce_pattern/accepted/10.1002_admi.202000105__Fig5__E__stability_performance_curve_pce_pattern__reference__Series_1.csv
x_time_h/10.1002_admi.202001144/Fig3_A_stability_performance_curve_pce/accepted/10.1002_admi.202001144__Fig3__A__stability_performance_curve_pce__C6-BTC@AuNPs__Series_3.csv,10.1002/admi.202001144|Fig3_A_stability_performance_curve_pce|10.1002_admi.202001144__Fig3__A__stability_performance_curve_pce__C6-BTC@AuNPs__Series_3,/Users/shunhao/Desktop/ML/lab/data_all/x_time_h/10.1002_admi.202001144/Fig3_A_stability_performance_curve_pce/accepted/10.1002_admi.202001144__Fig3__A__stability_performance_curve_pce__C6-BTC@AuNPs__Series_3.csv,x_time_h/10.1002_admi.202001144/Fig3_A_stability_performance_curve_pce/accepted/10.1002_admi.202001144__Fig3__A__stability_performance_curve_pce__C6-BTC@AuNPs__Series_3.csv,10.1002/admi.202001144,Fig3_A_stability_performance_curve_pce,Series_3,54,54,22,0,493.5215188661272,204.85798896329808,True,1.0055975355579698,1.0,0.922247539241131,699,4,1,0,node_1_0,0.33837275783431287,1.0,0.9933395341668737,0.9803882323150727,0.9696949992831722,0.9493096652266192,0.922247539241131,0.0,2,no_initial_change_stable,class_02,/Users/shunhao/Desktop/ML/lab/NEW/som_200h_reanalysis/02_selected_curve_database/paper_aligned_min4/x_time_h/10.1002_admi.202001144/Fig3_A_stability_performance_curve_pce/accepted/10.1002_admi.202001144__Fig3__A__stability_performance_curve_pce__C6-BTC@AuNPs__Series_3.csv
x_time_h/10.1002_aenm.201700763/Fig5_A_stability_performance_curve_pce/accepted/10.1002_aenm.201700763__Fig5__A__stability_performance_curve_pce__r-GO_PTAA__Series_2.csv,10.1002/aenm.201700763|Fig5_A_stability_performance_curve_pce|10.1002_aenm.201700763__Fig5__A__stability_performance_curve_pce__r-GO_PTAA__Series_2,/Users/shunhao/Desktop/ML/lab/data_all/x_time_h/10.1002_aenm.201700763/Fig5_A_stability_performance_curve_pce/accepted/10.1002_aenm.201700763__Fig5__A__stability_performance_curve_pce__r-GO_PTAA__Series_2.csv,x_time_h/10.1002_aenm.201700763/Fig5_A_stability_performance_curve_pce/accepted/10.1002_aenm.201700763__Fig5__A__stability_performance_curve_pce__r-GO_PTAA__Series_2.csv,10.1002/aenm.201700763,Fig5_A_stability_performance_curve_pce,Series_2,50,50,20,0,494.296035694408,201.7534839569012,True,16.87848778799523,1.0,0.9312810828620768,726,4,1,0,node_1_0,0.39277328791679084,1.0,0.9974606270039037,0.9822911802744645,0.9620207238037868,0.9439779478425582,0.9312810828620767,0.0,2,no_initial_change_stable,class_02,/Users/shunhao/Desktop/ML/lab/NEW/som_200h_reanalysis/02_selected_curve_database/paper_aligned_min4/x_time_h/10.1002_aenm.201700763/Fig5_A_stability_performance_curve_pce/accepted/10.1002_aenm.201700763__Fig5__A__stability_performance_curve_pce__r-GO_PTAA__Series_2.csv
"x_time_h/10.1002_aenm.201901980/Fig3_A_stability_performance_curve_pce/accepted/10.1002_aenm.201901980__Fig3__A__stability_performance_curve_pce__MAPbI,Br__Series_3.csv","10.1002/aenm.201901980|Fig3_A_stability_performance_curve_pce|10.1002_aenm.201901980__Fig3__A__stability_performance_curve_pce__MAPbI,Br__Series_3","/Users/shunhao/Desktop/ML/lab/data_all/x_time_h/10.1002_aenm.201901980/Fig3_A_stability_performance_curve_pce/accepted/10.1002_aenm.201901980__Fig3__A__stability_performance_curve_pce__MAPbI,Br__Series_3.csv","x_time_h/10.1002_aenm.201901980/Fig3_A_stability_performance_curve_pce/accepted/10.1002_aenm.201901980__Fig3__A__stability_performance_curve_pce__MAPbI,Br__Series_3.csv",10.1002/aenm.201901980,Fig3_A_stability_performance_curve_pce,Series_3,37,37,6,0,1411.8026458096483,235.30044096827476,True,100.30466566086476,1.0,0.8951777307194022,735,4,1,0,node_1_0,0.6149461337118954,1.0,0.9978090981077207,0.9905887679631266,0.9793324728618079,0.9439277643455426,0.8951777307194022,0.0,2,no_initial_change_stable,class_02,"/Users/shunhao/Desktop/ML/lab/NEW/som_200h_reanalysis/02_selected_curve_database/paper_aligned_min4/x_time_h/10.1002_aenm.201901980/Fig3_A_stability_performance_curve_pce/accepted/10.1002_aenm.201901980__Fig3__A__stability_performance_curve_pce__MAPbI,Br__Series_3.csv"
x_time_h/10.1002_aenm.201902472/Fig5_D_stability_performance_curve/accepted/10.1002_aenm.201902472__Fig5__D__stability_performance_curve__UVCA_without_Paraffin__Series_1.csv,10.1002/aenm.201902472|Fig5_D_stability_performance_curve|10.1002_aenm.201902472__Fig5__D__stability_performance_curve__UVCA_without_Paraffin__Series_1,/Users/shunhao/Desktop/ML/lab/data_all/x_time_h/10.1002_aenm.201902472/Fig5_D_stability_performance_curve/accepted/10.1002_aenm.201902472__Fig5__D__stability_performance_curve__UVCA_without_Paraffin__Series_1.csv,x_time_h/10.1002_aenm.201902472/Fig5_D_stability_performance_curve/accepted/10.1002_aenm.201902472__Fig5__D__stability_performance_curve__UVCA_without_Paraffin__Series_1.csv,10.1002/aenm.201902472,Fig5_D_stability_performance_curve,Series_1,99,99,10,0,2113.160133228393,215.62858502330545,True,1.0049461789566976,1.0,0.9611195969308202,738,4,1,0,node_1_0,0.27727084210809927,1.0,0.996775475675401,0.990354870099714,0.9810162275513306,0.9682271511919972,0.9611195969308202,0.0,2,no_initial_change_stable,class_02,/Users/shunhao/Desktop/ML/lab/NEW/som_200h_reanalysis/02_selected_curve_database/paper_aligned_min4/x_time_h/10.1002_aenm.201902472/Fig5_D_stability_performance_curve/accepted/10.1002_aenm.201902472__Fig5__D__stability_performance_curve__UVCA_without_Paraffin__Series_1.csv
x_time_h/10.1002_aenm.201903146/Fig7_whole_figure/accepted/10.1002_aenm.201903146__Fig7__whole__figure__spiro-OMeTAD__Series_1.csv,10.1002/aenm.201903146|Fig7_whole_figure|10.1002_aenm.201903146__Fig7__whole__figure__spiro-OMeTAD__Series_1,/Users/shunhao/Desktop/ML/lab/data_all/x_time_h/10.1002_aenm.201903146/Fig7_whole_figure/accepted/10.1002_aenm.201903146__Fig7__whole__figure__spiro-OMeTAD__Series_1.csv,x_time_h/10.1002_aenm.201903146/Fig7_whole_figure/accepted/10.1002_aenm.201903146__Fig7__whole__figure__spiro-OMeTAD__Series_1.csv,10.1002/aenm.201903146,Fig7_whole_figure,Series_1,66,66,24,0,668.583663733492,200.57509912004764,True,0.9903318504199456,0.9998956165172054,0.9226645171581443,740,4,1,0,node_1_0,0.295561182148152,0.9998956165172054,0.9998103748125227,0.9924094093371444,0.98158988981617,0.9559587835579768,0.9226645171581445,4.166666666666666,2,no_initial_change_stable,class_02,/Users/shunhao/Desktop/ML/lab/NEW/som_200h_reanalysis/02_selected_curve_database/paper_aligned_min4/x_time_h/10.1002_aenm.201903146/Fig7_whole_figure/accepted/10.1002_aenm.201903146__Fig7__whole__figure__spiro-OMeTAD__Series_1.csv
x_time_h/10.1002_aenm.202002966/Fig5_F_stability_performance_curve_pce/accepted/10.1002_aenm.202002966__Fig5__F__stability_performance_curve_pce__2D__Series_2.csv,10.1002/aenm.202002966|Fig5_F_stability_performance_curve_pce|10.1002_aenm.202002966__Fig5__F__stability_performance_curve_pce__2D__Series_2,/Users/shunhao/Desktop/ML/lab/data_all/x_time_h/10.1002_aenm.202002966/Fig5_F_stability_performance_curve_pce/accepted/10.1002_aenm.202002966__Fig5__F__stability_performance_curve_pce__2D__Series_2.csv,x_time_h/10.1002_aenm.202002966/Fig5_F_stability_performance_curve_pce/accepted/10.1002_aenm.202002966__Fig5__F__stability_performance_curve_pce__2D__Series_2.csv,10.1002/aenm.202002966,Fig5_F_stability_performance_curve_pce,Series_2,47,47,9,0,1145.2733221029391,224.07521519405333,True,1.0035092660366092,1.0,0.9512765228044852,753,4,1,0,node_1_0,0.1532509953401429,1.0,0.9974820002780276,0.9829147337929194,0.9683392736784805,0.9585820872928535,0.9512765228044853,0.0,2,no_initial_change_stable,class_02,/Users/shunhao/Desktop/ML/lab/NEW/som_200h_reanalysis/02_selected_curve_database/paper_aligned_min4/x_time_h/10.1002_aenm.202002966/Fig5_F_stability_performance_curve_pce/accepted/10.1002_aenm.202002966__Fig5__F__stability_performance_curve_pce__2D__Series_2.csv
x_time_h/10.1002_aenm.202003785/Fig6_F_mppt_stability_performance_curve/accepted/10.1002_aenm.202003785__Fig6__F__mppt_stability_performance_curve__o-Control__Series_2.csv,10.1002/aenm.202003785|Fig6_F_mppt_stability_performance_curve|10.1002_aenm.202003785__Fig6__F__mppt_stability_performance_curve__o-Control__Series_2,/Users/shunhao/Desktop/ML/lab/data_all/x_time_h/10.1002_aenm.202003785/Fig6_F_mppt_stability_performance_curve/accepted/10.1002_aenm.202003785__Fig6__F__mppt_stability_performance_curve__o-Control__Series_2.csv,x_time_h/10.1002_aenm.202003785/Fig6_F_mppt_stability_performance_curve/accepted/10.1002_aenm.202003785__Fig6__F__mppt_stability_performance_curve__o-Control__Series_2.csv,10.1002/aenm.202003785,Fig6_F_mppt_stability_performance_curve,Series_2,178,178,91,0,392.18598702173495,201.63234361004453,True,0.996641331355671,1.0,0.9587308661379994,756,4,1,0,node_1_0,0.26480294962707007,1.0,0.9979365433069,0.9938096299206999,0.9823247929164014,0.9672968192953019,0.9587308661379994,0.0,2,no_initial_change_stable,class_02,/Users/shunhao/Desktop/ML/lab/NEW/som_200h_reanalysis/02_selected_curve_database/paper_aligned_min4/x_time_h/10.1002_aenm.202003785/Fig6_F_mppt_stability_performance_curve/accepted/10.1002_aenm.202003785__Fig6__F__mppt_stability_performance_curve__o-Control__Series_2.csv
x_time_h/10.1002_aenm.202200480/Fig6_A_stability_performance_curve_pce/accepted/10.1002_aenm.202200480__Fig6__A__stability_performance_curve_pce__85.2%__Series_1.csv,10.1002/aenm.202200480|Fig6_A_stability_performance_curve_pce|10.1002_aenm.202200480__Fig6__A__stability_performance_curve_pce__85.2%__Series_1,/Users/shunhao/Desktop/ML/lab/data_all/x_time_h/10.1002_aenm.202200480/Fig6_A_stability_performance_curve_pce/accepted/10.1002_aenm.202200480__Fig6__A__stability_performance_curve_pce__85.2%__Series_1.csv,x_time_h/10.1002_aenm.202200480/Fig6_A_stability_performance_curve_pce/accepted/10.1002_aenm.202200480__Fig6__A__stability_performance_curve_pce__85.2%__Series_1.csv,10.1002/aenm.202200480,Fig6_A_stability_performance_curve_pce,Series_1,51,51,28,0,357.5986721224085,200.2552563885488,True,1.000997559994104,1.0,0.9236050374208208,761,4,1,0,node_1_0,0.36955338237276064,1.0,0.99666401925934,0.9818063159317977,0.9672747597831225,0.9466972737757289,0.9236050374208208,0.0,2,no_initial_change_stable,class_02,/Users/shunhao/Desktop/ML/lab/NEW/som_200h_reanalysis/02_selected_curve_database/paper_aligned_min4/x_time_h/10.1002_aenm.202200480/Fig6_A_stability_performance_curve_pce/accepted/10.1002_aenm.202200480__Fig6__A__stability_performance_curve_pce__85.2%__Series_1.csv
x_time_h/10.1002_aenm.202200480/Fig6_B_stability/accepted/10.1002_aenm.202200480__Fig6__B__stability__TTDA-TAPB-COF__Series_1.csv,10.1002/aenm.202200480|Fig6_B_stability|10.1002_aenm.202200480__Fig6__B__stability__TTDA-TAPB-COF__Series_1,/Users/shunhao/Desktop/ML/lab/data_all/x_time_h/10.1002_aenm.202200480/Fig6_B_stability/accepted/10.1002_aenm.202200480__Fig6__B__stability__TTDA-TAPB-COF__Series_1.csv,x_time_h/10.1002_aenm.202200480/Fig6_B_stability/accepted/10.1002_aenm.202200480__Fig6__B__stability__TTDA-TAPB-COF__Series_1.csv,10.1002/aenm.202200480,Fig6_B_stability,Series_1,51,51,28,0,358.2037478253563,200.59409878219952,True,1.0033181472011086,1.0,0.9529801365611852,762,4,1,0,node_1_0,0.6637669100984162,1.0,0.9833513890523562,0.9575456227926393,0.9757340637163779,0.9698809455842213,0.9529801365611853,0.0,2,no_initial_change_stable,class_02,/Users/shunhao/Desktop/ML/lab/NEW/som_200h_reanalysis/02_selected_curve_database/paper_aligned_min4/x_time_h/10.1002_aenm.202200480/Fig6_B_stability/accepted/10.1002_aenm.202200480__Fig6__B__stability__TTDA-TAPB-COF__Series_1.csv
x_time_h/10.1002_anie.201905690/Fig1_F_stability_performance_curve_pce/accepted/10.1002_anie.201905690__Fig1__F__stability_performance_curve_pce__BA₂MA₄Pb₅I₁₆__Series_1.csv,10.1002/anie.201905690|Fig1_F_stability_performance_curve_pce|10.1002_anie.201905690__Fig1__F__stability_performance_curve_pce__BA₂MA₄Pb₅I₁₆__Series_1,/Users/shunhao/Desktop/ML/lab/data_all/x_time_h/10.1002_anie.201905690/Fig1_F_stability_performance_curve_pce/accepted/10.1002_anie.201905690__Fig1__F__stability_performance_curve_pce__BA₂MA₄Pb₅I₁₆__Series_1.csv,x_time_h/10.1002_anie.201905690/Fig1_F_stability_performance_curve_pce/accepted/10.1002_anie.201905690__Fig1__F__stability_performance_curve_pce__BA₂MA₄Pb₅I₁₆__Series_1.csv,10.1002/anie.201905690,Fig1_F_stability_performance_curve_pce,Series_1,40,40,14,0,588.4418343743321,211.23553028822175,True,1.011008098427495,1.0,0.9438544778417464,772,4,1,0,node_1_0,0.16555717870213624,1.0,0.9942140508716649,0.9889955012332362,0.9839372339494565,0.9640959561062147,0.9438544778417463,0.0,2,no_initial_change_stable,class_02,/Users/shunhao/Desktop/ML/lab/NEW/som_200h_reanalysis/02_selected_curve_database/paper_aligned_min4/x_time_h/10.1002_anie.201905690/Fig1_F_stability_performance_curve_pce/accepted/10.1002_anie.201905690__Fig1__F__stability_performance_curve_pce__BA₂MA₄Pb₅I₁₆__Series_1.csv
x_time_h/10.1002_anie.202004256/Fig4_F_stability_performance_curve_voc/accepted/10.1002_anie.202004256__Fig4__F__stability_performance_curve_voc__DMF_DMSO__Series_1.csv,10.1002/anie.202004256|Fig4_F_stability_performance_curve_voc|10.1002_anie.202004256__Fig4__F__stability_performance_curve_voc__DMF_DMSO__Series_1,/Users/shunhao/Desktop/ML/lab/data_all/x_time_h/10.1002_anie.202004256/Fig4_F_stability_performance_curve_voc/accepted/10.1002_anie.202004256__Fig4__F__stability_performance_curve_voc__DMF_DMSO__Series_1.csv,x_time_h/10.1002_anie.202004256/Fig4_F_stability_performance_curve_voc/accepted/10.1002_anie.202004256__Fig4__F__stability_performance_curve_voc__DMF_DMSO__Series_1.csv,10.1002/anie.202004256,Fig4_F_stability_performance_curve_voc,Series_1,41,41,6,0,1490.031402692634,223.5047104038951,True,1.0032117174393909,1.0,0.9710244913709984,773,4,1,0,node_1_0,0.37121228638651177,1.0,0.9974779514949221,0.9873897574746106,0.9764782946771144,0.9717769158046495,0.9710244913709983,0.0,2,no_initial_change_stable,class_02,/Users/shunhao/Desktop/ML/lab/NEW/som_200h_reanalysis/02_selected_curve_database/paper_aligned_min4/x_time_h/10.1002_anie.202004256/Fig4_F_stability_performance_curve_voc/accepted/10.1002_anie.202004256__Fig4__F__stability_performance_curve_voc__DMF_DMSO__Series_1.csv
x_time_h/10.1002_anie.202007353/Fig3_F_stability_performance_curve_pce/accepted/10.1002_anie.202007353__Fig3__F__stability_performance_curve_pce__c__Series_2.csv,10.1002/anie.202007353|Fig3_F_stability_performance_curve_pce|10.1002_anie.202007353__Fig3__F__stability_performance_curve_pce__c__Series_2,/Users/shunhao/Desktop/ML/lab/data_all/x_time_h/10.1002_anie.202007353/Fig3_F_stability_performance_curve_pce/accepted/10.1002_anie.202007353__Fig3__F__stability_performance_curve_pce__c__Series_2.csv,x_time_h/10.1002_anie.202007353/Fig3_F_stability_performance_curve_pce/accepted/10.1002_anie.202007353__Fig3__F__stability_performance_curve_pce__c__Series_2.csv,10.1002/anie.202007353,Fig3_F_stability_performance_curve_pce,Series_2,55,55,19,0,594.6873655922948,209.24185085654815,True,1.0062090922329587,1.0,0.9347272150939115,776,4,1,0,node_1_0,0.33955386730798925,1.0,0.9892346335068773,0.974845555551707,0.9644634959558706,0.9510454113204337,0.9347272150939117,0.0,2,no_initial_change_stable,class_02,/Users/shunhao/Desktop/ML/lab/NEW/som_200h_reanalysis/02_selected_curve_database/paper_aligned_min4/x_time_h/10.1002_anie.202007353/Fig3_F_stability_performance_curve_pce/accepted/10.1002_anie.202007353__Fig3__F__stability_performance_curve_pce__c__Series_2.csv
x_time_h/10.1002_anie.202012095/Fig5_E_stability_performance_curve_pce/accepted/10.1002_anie.202012095__Fig5__E__stability_performance_curve_pce__Pristine__Series_1.csv,10.1002/anie.202012095|Fig5_E_stability_performance_curve_pce|10.1002_anie.202012095__Fig5__E__stability_performance_curve_pce__Pristine__Series_1,/Users/shunhao/Desktop/ML/lab/data_all/x_time_h/10.1002_anie.202012095/Fig5_E_stability_performance_curve_pce/accepted/10.1002_anie.202012095__Fig5__E__stability_performance_curve_pce__Pristine__Series_1.csv,x_time_h/10.1002_anie.202012095/Fig5_E_stability_performance_curve_pce/accepted/10.1002_anie.202012095__Fig5__E__stability_performance_curve_pce__Pristine__Series_1.csv,10.1002/anie.202012095,Fig5_E_stability_performance_curve_pce,Series_1,51,51,10,0,1004.2539395799602,200.85078791599204,True,18.891632619891915,0.9760797123017276,0.9537535143861792,777,4,1,0,node_1_0,0.4307192652994075,0.9760797123017275,0.9781668186559995,0.9962415077705472,0.9902505214513446,0.9680838330942896,0.9537535143861791,72.16666666666666,2,no_initial_change_stable,class_02,/Users/shunhao/Desktop/ML/lab/NEW/som_200h_reanalysis/02_selected_curve_database/paper_aligned_min4/x_time_h/10.1002_anie.202012095/Fig5_E_stability_performance_curve_pce/accepted/10.1002_anie.202012095__Fig5__E__stability_performance_curve_pce__Pristine__Series_1.csv
x_time_h/10.1002_cjoc.201800469/Fig5_A_stability_performance_curve_pce/accepted/10.1002_cjoc.201800469__Fig5__A__stability_performance_curve_pce__Perovskite__Series_1.csv,10.1002/cjoc.201800469|Fig5_A_stability_performance_curve_pce|10.1002_cjoc.201800469__Fig5__A__stability_performance_curve_pce__Perovskite__Series_1,/Users/shunhao/Desktop/ML/lab/data_all/x_time_h/10.1002_cjoc.201800469/Fig5_A_stability_performance_curve_pce/accepted/10.1002_cjoc.201800469__Fig5__A__stability_performance_curve_pce__Perovskite__Series_1.csv,x_time_h/10.1002_cjoc.201800469/Fig5_A_stability_performance_curve_pce/accepted/10.1002_cjoc.201800469__Fig5__A__stability_performance_curve_pce__Perovskite__Series_1.csv,10.1002/cjoc.201800469,Fig5_A_stability_performance_curve_pce,Series_1,36,36,8,0,992.5248032492358,226.8628121712539,True,1.004039467896643,1.0,0.9330520624840926,783,4,1,0,node_1_0,0.1816533744946302,1.0,0.9993433242502934,0.9916315078105115,0.9790328090717387,0.9564139866228945,0.9330520624840926,0.0,2,no_initial_change_stable,class_02,/Users/shunhao/Desktop/ML/lab/NEW/som_200h_reanalysis/02_selected_curve_database/paper_aligned_min4/x_time_h/10.1002_cjoc.201800469/Fig5_A_stability_performance_curve_pce/accepted/10.1002_cjoc.201800469__Fig5__A__stability_performance_curve_pce__Perovskite__Series_1.csv
x_time_h/10.1002_cssc.201600860/Fig11_A_stability_performance_curve_pce/accepted/10.1002_cssc.201600860__Fig11__A__stability_performance_curve_pce__ZnO__Series_2.csv,10.1002/cssc.201600860|Fig11_A_stability_performance_curve_pce|10.1002_cssc.201600860__Fig11__A__stability_performance_curve_pce__ZnO__Series_2,/Users/shunhao/Desktop/ML/lab/data_all/x_time_h/10.1002_cssc.201600860/Fig11_A_stability_performance_curve_pce/accepted/10.1002_cssc.201600860__Fig11__A__stability_performance_curve_pce__ZnO__Series_2.csv,x_time_h/10.1002_cssc.201600860/Fig11_A_stability_performance_curve_pce/accepted/10.1002_cssc.201600860__Fig11__A__stability_performance_curve_pce__ZnO__Series_2.csv,10.1002/cssc.201600860,Fig11_A_stability_performance_curve_pce,Series_2,57,57,19,0,615.505371274898,208.83217953969756,True,1.0245253581030882,0.9809905387209298,0.9236463789063428,786,4,1,0,node_1_0,0.4646815026531416,0.9809905387209298,0.9867788433145352,0.9986467596342177,0.9675046917997412,0.9413453340372296,0.9236463789063428,41.666666666666664,2,no_initial_change_stable,class_02,/Users/shunhao/Desktop/ML/lab/NEW/som_200h_reanalysis/02_selected_curve_database/paper_aligned_min4/x_time_h/10.1002_cssc.201600860/Fig11_A_stability_performance_curve_pce/accepted/10.1002_cssc.201600860__Fig11__A__stability_performance_curve_pce__ZnO__Series_2.csv
x_time_h/10.1002_cssc.201802421/Fig5_whole_figure/accepted/10.1002_cssc.201802421__Fig5__whole__figure__TiO2__Series_2.csv,10.1002/cssc.201802421|Fig5_whole_figure|10.1002_cssc.201802421__Fig5__whole__figure__TiO2__Series_2,/Users/shunhao/Desktop/ML/lab/data_all/x_time_h/10.1002_cssc.201802421/Fig5_whole_figure/accepted/10.1002_cssc.201802421__Fig5__whole__figure__TiO2__Series_2.csv,x_time_h/10.1002_cssc.201802421/Fig5_whole_figure/accepted/10.1002_cssc.201802421__Fig5__whole__figure__TiO2__Series_2.csv,10.1002/cssc.201802421,Fig5_whole_figure,Series_2,71,71,20,0,710.9955575693403,203.14158787695436,True,12.147801255475365,0.9734872758051794,0.9003847678602473,788,4,1,0,node_1_0,0.661612236369017,0.9734872758051794,0.9791194890798958,0.9884419906246434,0.9977339532919297,0.963339296763307,0.9003847678602473,112.66666666666666,2,no_initial_change_stable,class_02,/Users/shunhao/Desktop/ML/lab/NEW/som_200h_reanalysis/02_selected_curve_database/paper_aligned_min4/x_time_h/10.1002_cssc.201802421/Fig5_whole_figure/accepted/10.1002_cssc.201802421__Fig5__whole__figure__TiO2__Series_2.csv
x_time_h/10.1002_cssc.201900509/Fig7_C_stability/accepted/10.1002_cssc.201900509__Fig7__C__stability__HTL__Series_1.csv,10.1002/cssc.201900509|Fig7_C_stability|10.1002_cssc.201900509__Fig7__C__stability__HTL__Series_1,/Users/shunhao/Desktop/ML/lab/data_all/x_time_h/10.1002_cssc.201900509/Fig7_C_stability/accepted/10.1002_cssc.201900509__Fig7__C__stability__HTL__Series_1.csv,x_time_h/10.1002_cssc.201900509/Fig7_C_stability/accepted/10.1002_cssc.201900509__Fig7__C__stability__HTL__Series_1.csv,10.1002/cssc.201900509,Fig7_C_stability,Series_1,52,52,15,0,706.6967729584794,207.8519920466116,True,1.0049662151544587,0.999488057851748,0.921546153431454,791,4,1,0,node_1_0,0.32339249234623185,0.999488057851748,0.99994802118877,0.9946906995238957,0.9770542622944955,0.9505243431551474,0.9215461534314541,8.0,2,no_initial_change_stable,class_02,/Users/shunhao/Desktop/ML/lab/NEW/som_200h_reanalysis/02_selected_curve_database/paper_aligned_min4/x_time_h/10.1002_cssc.201900509/Fig7_C_stability/accepted/10.1002_cssc.201900509__Fig7__C__stability__HTL__Series_1.csv
x_time_h/10.1002_cssc.201903216/Fig5_C_stability_performance_curve_pce/accepted/10.1002_cssc.201903216__Fig5__C__stability_performance_curve_pce__BA_Method__Series_2.csv,10.1002/cssc.201903216|Fig5_C_stability_performance_curve_pce|10.1002_cssc.201903216__Fig5__C__stability_performance_curve_pce__BA_Method__Series_2,/Users/shunhao/Desktop/ML/lab/data_all/x_time_h/10.1002_cssc.201903216/Fig5_C_stability_performance_curve_pce/accepted/10.1002_cssc.201903216__Fig5__C__stability_performance_curve_pce__BA_Method__Series_2.csv,x_time_h/10.1002_cssc.201903216/Fig5_C_stability_performance_curve_pce/accepted/10.1002_cssc.201903216__Fig5__C__stability_performance_curve_pce__BA_Method__Series_2.csv,10.1002/cssc.201903216,Fig5_C_stability_performance_curve_pce,Series_2,147,147,74,0,396.20428039829585,200.81586814708152,True,0.999016193153747,0.9977985780362992,0.9229700435692698,794,4,1,0,node_1_0,0.30594896808814814,0.9977985780362993,0.9947335883698166,0.9844204729876781,0.9744422230473674,0.9538392748047342,0.9229700435692698,4.166666666666666,2,no_initial_change_stable,class_02,/Users/shunhao/Desktop/ML/lab/NEW/som_200h_reanalysis/02_selected_curve_database/paper_aligned_min4/x_time_h/10.1002_cssc.201903216/Fig5_C_stability_performance_curve_pce/accepted/10.1002_cssc.201903216__Fig5__C__stability_performance_curve_pce__BA_Method__Series_2.csv
x_time_h/10.1002_cssc.202001629/Fig4_F_eis_plot_stability_performance_curve_pce/accepted/10.1002_cssc.202001629__Fig4__F__eis_plot_stability_performance_curve_pce__Pristine__Series_2.csv,10.1002/cssc.202001629|Fig4_F_eis_plot_stability_performance_curve_pce|10.1002_cssc.202001629__Fig4__F__eis_plot_stability_performance_curve_pce__Pristine__Series_2,/Users/shunhao/Desktop/ML/lab/data_all/x_time_h/10.1002_cssc.202001629/Fig4_F_eis_plot_stability_performance_curve_pce/accepted/10.1002_cssc.202001629__Fig4__F__eis_plot_stability_performance_curve_pce__Pristine__Series_2.csv,x_time_h/10.1002_cssc.202001629/Fig4_F_eis_plot_stability_performance_curve_pce/accepted/10.1002_cssc.202001629__Fig4__F__eis_plot_stability_performance_curve_pce__Pristine__Series_2.csv,10.1002/cssc.202001629,Fig4_F_eis_plot_stability_performance_curve_pce,Series_2,23,23,6,0,798.7385877490573,217.83779665883384,True,1.0114893918326169,0.9955900957621472,0.9320746509168442,799,4,1,0,node_1_0,0.37171738781540115,0.9955900957621472,0.9977292317819932,0.9989058120100436,0.9895510109437677,0.9663950046142917,0.9320746509168442,32.5,2,no_initial_change_stable,class_02,/Users/shunhao/Desktop/ML/lab/NEW/som_200h_reanalysis/02_selected_curve_database/paper_aligned_min4/x_time_h/10.1002_cssc.202001629/Fig4_F_eis_plot_stability_performance_curve_pce/accepted/10.1002_cssc.202001629__Fig4__F__eis_plot_stability_performance_curve_pce__Pristine__Series_2.csv
"x_time_h/10.1002_smll.202102272/Fig6_B_stability_performance_curve_pce/accepted/10.1002_smll.202102272__Fig6__B__stability_performance_curve_pce__o—CsPbI,Br__Series_1.csv","10.1002/smll.202102272|Fig6_B_stability_performance_curve_pce|10.1002_smll.202102272__Fig6__B__stability_performance_curve_pce__o—CsPbI,Br__Series_1","/Users/shunhao/Desktop/ML/lab/data_all/x_time_h/10.1002_smll.202102272/Fig6_B_stability_performance_curve_pce/accepted/10.1002_smll.202102272__Fig6__B__stability_performance_curve_pce__o—CsPbI,Br__Series_1.csv","x_time_h/10.1002_smll.202102272/Fig6_B_stability_performance_curve_pce/accepted/10.1002_smll.202102272__Fig6__B__stability_performance_curve_pce__o—CsPbI,Br__Series_1.csv",10.1002/smll.202102272,Fig6_B_stability_performance_curve_pce,Series_1,59,59,12,0,1004.0702836360722,207.7386793729804,True,1.0035991001648166,1.0,0.9643790837405098,823,4,1,0,node_1_0,0.33216956950416215,1.0,0.9976436302634337,0.991706689005859,0.9799092105371462,0.9714485585931875,0.9643790837405098,0.0,2,no_initial_change_stable,class_02,"/Users/shunhao/Desktop/ML/lab/NEW/som_200h_reanalysis/02_selected_curve_database/paper_aligned_min4/x_time_h/10.1002_smll.202102272/Fig6_B_stability_performance_curve_pce/accepted/10.1002_smll.202102272__Fig6__B__stability_performance_curve_pce__o—CsPbI,Br__Series_1.csv"
x_time_h/10.1002_smtd.201900831/Fig5_I_stability_performance_curve/accepted/10.1002_smtd.201900831__Fig5__I__stability_performance_curve__0SCN__Series_1.csv,10.1002/smtd.201900831|Fig5_I_stability_performance_curve|10.1002_smtd.201900831__Fig5__I__stability_performance_curve__0SCN__Series_1,/Users/shunhao/Desktop/ML/lab/data_all/x_time_h/10.1002_smtd.201900831/Fig5_I_stability_performance_curve/accepted/10.1002_smtd.201900831__Fig5__I__stability_performance_curve__0SCN__Series_1.csv,x_time_h/10.1002_smtd.201900831/Fig5_I_stability_performance_curve/accepted/10.1002_smtd.201900831__Fig5__I__stability_performance_curve__0SCN__Series_1.csv,10.1002/smtd.201900831,Fig5_I_stability_performance_curve,Series_1,51,51,12,0,863.23452725118,207.1762865402832,True,1.0109177104325435,0.9906789520915874,0.9255891932646232,828,4,1,0,node_1_0,0.45658402462925246,0.9906789520915874,0.9890344071537098,0.9872527958750683,0.9980721707212907,0.9583674528894117,0.9255891932646232,91.33333333333331,2,no_initial_change_stable,class_02,/Users/shunhao/Desktop/ML/lab/NEW/som_200h_reanalysis/02_selected_curve_database/paper_aligned_min4/x_time_h/10.1002_smtd.201900831/Fig5_I_stability_performance_curve/accepted/10.1002_smtd.201900831__Fig5__I__stability_performance_curve__0SCN__Series_1.csv
x_time_h/10.1002_solr.201800004/Fig6_D_pce/accepted/10.1002_solr.201800004__Fig6__D__pce__W-NiOx__Series_2.csv,10.1002/solr.201800004|Fig6_D_pce|10.1002_solr.201800004__Fig6__D__pce__W-NiOx__Series_2,/Users/shunhao/Desktop/ML/lab/data_all/x_time_h/10.1002_solr.201800004/Fig6_D_pce/accepted/10.1002_solr.201800004__Fig6__D__pce__W-NiOx__Series_2.csv,x_time_h/10.1002_solr.201800004/Fig6_D_pce/accepted/10.1002_solr.201800004__Fig6__D__pce__W-NiOx__Series_2.csv,10.1002/solr.201800004,Fig6_D_pce,Series_2,54,54,22,0,484.99189148015074,201.31738891628896,True,1.013189916638114,1.0,0.9506369304008347,831,4,1,0,node_1_0,0.11267512013958043,1.0,0.992393300484689,0.9867472964272086,0.9779290434110072,0.9648961256392258,0.9506369304008347,0.0,2,no_initial_change_stable,class_02,/Users/shunhao/Desktop/ML/lab/NEW/som_200h_reanalysis/02_selected_curve_database/paper_aligned_min4/x_time_h/10.1002_solr.201800004/Fig6_D_pce/accepted/10.1002_solr.201800004__Fig6__D__pce__W-NiOx__Series_2.csv
x_time_h/10.1002_solr.201900011/Fig8_D_stability_performance_curve_pce/accepted/10.1002_solr.201900011__Fig8__D__stability_performance_curve_pce__spiro-OMeTAD__Series_1.csv,10.1002/solr.201900011|Fig8_D_stability_performance_curve_pce|10.1002_solr.201900011__Fig8__D__stability_performance_curve_pce__spiro-OMeTAD__Series_1,/Users/shunhao/Desktop/ML/lab/data_all/x_time_h/10.1002_solr.201900011/Fig8_D_stability_performance_curve_pce/accepted/10.1002_solr.201900011__Fig8__D__stability_performance_curve_pce__spiro-OMeTAD__Series_1.csv,x_time_h/10.1002_solr.201900011/Fig8_D_stability_performance_curve_pce/accepted/10.1002_solr.201900011__Fig8__D__stability_performance_curve_pce__spiro-OMeTAD__Series_1.csv,10.1002/solr.201900011,Fig8_D_stability_performance_curve_pce,Series_1,48,48,15,0,662.744966277925,211.5143509397633,True,1.0005280251481286,0.9135435316982295,0.8468031758530165,833,4,1,0,node_1_0,1.2928058046455841,0.9135435316982295,0.9315767604693318,0.9975942870629338,0.9989018463369921,0.957896312374253,0.8468031758530165,94.0,2,no_initial_change_stable,class_02,/Users/shunhao/Desktop/ML/lab/NEW/som_200h_reanalysis/02_selected_curve_database/paper_aligned_min4/x_time_h/10.1002_solr.201900011/Fig8_D_stability_performance_curve_pce/accepted/10.1002_solr.201900011__Fig8__D__stability_performance_curve_pce__spiro-OMeTAD__Series_1.csv
x_time_h/10.1002_solr.201900030/Fig6_C_stability_performance_curve_pce/accepted/10.1002_solr.201900030__Fig6__C__stability_performance_curve_pce__Cs_0.15FA_0.85PbI_2.85Br_0.15__Series_1.csv,10.1002/solr.201900030|Fig6_C_stability_performance_curve_pce|10.1002_solr.201900030__Fig6__C__stability_performance_curve_pce__Cs_0.15FA_0.85PbI_2.85Br_0.15__Series_1,/Users/shunhao/Desktop/ML/lab/data_all/x_time_h/10.1002_solr.201900030/Fig6_C_stability_performance_curve_pce/accepted/10.1002_solr.201900030__Fig6__C__stability_performance_curve_pce__Cs_0.15FA_0.85PbI_2.85Br_0.15__Series_1.csv,x_time_h/10.1002_solr.201900030/Fig6_C_stability_performance_curve_pce/accepted/10.1002_solr.201900030__Fig6__C__stability_performance_curve_pce__Cs_0.15FA_0.85PbI_2.85Br_0.15__Series_1.csv,10.1002/solr.201900030,Fig6_C_stability_performance_curve_pce,Series_1,26,26,4,0,1451.271736143197,232.20347778291148,True,0.9998737572047828,1.0,0.9567653008799148,835,4,1,0,node_1_0,0.17764747171430895,1.0,0.9979540426452468,0.9890142361102067,0.9752964443220917,0.9656416717380463,0.9567653008799147,0.0,2,no_initial_change_stable,class_02,/Users/shunhao/Desktop/ML/lab/NEW/som_200h_reanalysis/02_selected_curve_database/paper_aligned_min4/x_time_h/10.1002_solr.201900030/Fig6_C_stability_performance_curve_pce/accepted/10.1002_solr.201900030__Fig6__C__stability_performance_curve_pce__Cs_0.15FA_0.85PbI_2.85Br_0.15__Series_1.csv
x_time_h/10.1002_solr.201900119/Fig5_D_stability_performance_curve/accepted/10.1002_solr.201900119__Fig5__D__stability_performance_curve__ZnBu₄Pc__Series_2.csv,10.1002/solr.201900119|Fig5_D_stability_performance_curve|10.1002_solr.201900119__Fig5__D__stability_performance_curve__ZnBu₄Pc__Series_2,/Users/shunhao/Desktop/ML/lab/data_all/x_time_h/10.1002_solr.201900119/Fig5_D_stability_performance_curve/accepted/10.1002_solr.201900119__Fig5__D__stability_performance_curve__ZnBu₄Pc__Series_2.csv,x_time_h/10.1002_solr.201900119/Fig5_D_stability_performance_curve/accepted/10.1002_solr.201900119__Fig5__D__stability_performance_curve__ZnBu₄Pc__Series_2.csv,10.1002/solr.201900119,Fig5_D_stability_performance_curve,Series_2,72,72,20,0,731.4585661480363,206.0446665205736,True,100.13555440365292,1.0,0.9189672696995822,840,4,1,0,node_1_0,0.3785837746835322,1.0,0.998147860650423,0.9828921994363883,0.969281706584812,0.9475763441469891,0.9189672696995822,0.0,2,no_initial_change_stable,class_02,/Users/shunhao/Desktop/ML/lab/NEW/som_200h_reanalysis/02_selected_curve_database/paper_aligned_min4/x_time_h/10.1002_solr.201900119/Fig5_D_stability_performance_curve/accepted/10.1002_solr.201900119__Fig5__D__stability_performance_curve__ZnBu₄Pc__Series_2.csv
x_time_h/10.1002_solr.201900380/Fig4_B_stability_performance_curve_pce/accepted/10.1002_solr.201900380__Fig4__B__stability_performance_curve_pce__pristine_PSC__Series_1.csv,10.1002/solr.201900380|Fig4_B_stability_performance_curve_pce|10.1002_solr.201900380__Fig4__B__stability_performance_curve_pce__pristine_PSC__Series_1,/Users/shunhao/Desktop/ML/lab/data_all/x_time_h/10.1002_solr.201900380/Fig4_B_stability_performance_curve_pce/accepted/10.1002_solr.201900380__Fig4__B__stability_performance_curve_pce__pristine_PSC__Series_1.csv,x_time_h/10.1002_solr.201900380/Fig4_B_stability_performance_curve_pce/accepted/10.1002_solr.201900380__Fig4__B__stability_performance_curve_pce__pristine_PSC__Series_1.csv,10.1002/solr.201900380,Fig4_B_stability_performance_curve_pce,Series_1,73,73,21,0,707.81581888532,206.4462805082184,True,0.992114239635608,1.0,0.926635081124401,851,4,1,0,node_1_0,0.28294252037355677,1.0,0.9980319858234014,0.982820252339672,0.9710989000029352,0.9497757583576211,0.926635081124401,0.0,2,no_initial_change_stable,class_02,/Users/shunhao/Desktop/ML/lab/NEW/som_200h_reanalysis/02_selected_curve_database/paper_aligned_min4/x_time_h/10.1002_solr.201900380/Fig4_B_stability_performance_curve_pce/accepted/10.1002_solr.201900380__Fig4__B__stability_performance_curve_pce__pristine_PSC__Series_1.csv
x_time_h/10.1002_solr.202000113/Fig6_A_stability_performance_curve_pce/accepted/10.1002_solr.202000113__Fig6__A__stability_performance_curve_pce__w_o__Series_2.csv,10.1002/solr.202000113|Fig6_A_stability_performance_curve_pce|10.1002_solr.202000113__Fig6__A__stability_performance_curve_pce__w_o__Series_2,/Users/shunhao/Desktop/ML/lab/data_all/x_time_h/10.1002_solr.202000113/Fig6_A_stability_performance_curve_pce/accepted/10.1002_solr.202000113__Fig6__A__stability_performance_curve_pce__w_o__Series_2.csv,x_time_h/10.1002_solr.202000113/Fig6_A_stability_performance_curve_pce/accepted/10.1002_solr.202000113__Fig6__A__stability_performance_curve_pce__w_o__Series_2.csv,10.1002/solr.202000113,Fig6_A_stability_performance_curve_pce,Series_2,58,58,13,0,945.9345711921306,215.7394636052228,True,1.0123658213919389,0.9865337630723238,0.9446200350473924,854,4,1,0,node_1_0,0.49473935911832423,0.9865337630723238,0.9880016165648384,0.9938730305348966,0.9985250835115128,0.9739771048976842,0.9446200350473924,93.0,2,no_initial_change_stable,class_02,/Users/shunhao/Desktop/ML/lab/NEW/som_200h_reanalysis/02_selected_curve_database/paper_aligned_min4/x_time_h/10.1002_solr.202000113/Fig6_A_stability_performance_curve_pce/accepted/10.1002_solr.202000113__Fig6__A__stability_performance_curve_pce__w_o__Series_2.csv
x_time_h/10.1002_solr.202000292/Fig6_A_stability_performance_curve_pce_image/accepted/10.1002_solr.202000292__Fig6__A__stability_performance_curve_pce_image__PEDOT_PSS__Series_1.csv,10.1002/solr.202000292|Fig6_A_stability_performance_curve_pce_image|10.1002_solr.202000292__Fig6__A__stability_performance_curve_pce_image__PEDOT_PSS__Series_1,/Users/shunhao/Desktop/ML/lab/data_all/x_time_h/10.1002_solr.202000292/Fig6_A_stability_performance_curve_pce_image/accepted/10.1002_solr.202000292__Fig6__A__stability_performance_curve_pce_image__PEDOT_PSS__Series_1.csv,x_time_h/10.1002_solr.202000292/Fig6_A_stability_performance_curve_pce_image/accepted/10.1002_solr.202000292__Fig6__A__stability_performance_curve_pce_image__PEDOT_PSS__Series_1.csv,10.1002/solr.202000292,Fig6_A_stability_performance_curve_pce_image,Series_1,72,72,15,0,991.373668256344,209.44514118091777,True,0.9945421079186074,0.999309606718738,0.928722568858984,856,4,1,0,node_1_0,0.23623312380825126,0.9993096067187381,0.9999026285266583,0.9834292496033334,0.9704189764979174,0.9540237385052358,0.9287225688589841,7.5,2,no_initial_change_stable,class_02,/Users/shunhao/Desktop/ML/lab/NEW/som_200h_reanalysis/02_selected_curve_database/paper_aligned_min4/x_time_h/10.1002_solr.202000292/Fig6_A_stability_performance_curve_pce_image/accepted/10.1002_solr.202000292__Fig6__A__stability_performance_curve_pce_image__PEDOT_PSS__Series_1.csv
x_time_h/10.1002_solr.202000819/Fig7_B_pce/accepted/10.1002_solr.202000819__Fig7__B__pce__Pristine__Series_1.csv,10.1002/solr.202000819|Fig7_B_pce|10.1002_solr.202000819__Fig7__B__pce__Pristine__Series_1,/Users/shunhao/Desktop/ML/lab/data_all/x_time_h/10.1002_solr.202000819/Fig7_B_pce/accepted/10.1002_solr.202000819__Fig7__B__pce__Pristine__Series_1.csv,x_time_h/10.1002_solr.202000819/Fig7_B_pce/accepted/10.1002_solr.202000819__Fig7__B__pce__Pristine__Series_1.csv,10.1002/solr.202000819,Fig7_B_pce,Series_1,60,60,17,0,713.4550064533571,205.5717815204588,True,1.0073401828133666,1.0,0.9577538163354976,865,4,1,0,node_1_0,0.3084383292452191,1.0,0.9977517568930117,0.9914774629403216,0.983523475119831,0.9704817889595609,0.9577538163354975,0.0,2,no_initial_change_stable,class_02,/Users/shunhao/Desktop/ML/lab/NEW/som_200h_reanalysis/02_selected_curve_database/paper_aligned_min4/x_time_h/10.1002_solr.202000819/Fig7_B_pce/accepted/10.1002_solr.202000819__Fig7__B__pce__Pristine__Series_1.csv
x_time_h/10.1002_solr.202100040/Fig6_C_stability_performance_curve_pce/accepted/10.1002_solr.202100040__Fig6__C__stability_performance_curve_pce__Reference__Series_1.csv,10.1002/solr.202100040|Fig6_C_stability_performance_curve_pce|10.1002_solr.202100040__Fig6__C__stability_performance_curve_pce__Reference__Series_1,/Users/shunhao/Desktop/ML/lab/data_all/x_time_h/10.1002_solr.202100040/Fig6_C_stability_performance_curve_pce/accepted/10.1002_solr.202100040__Fig6__C__stability_performance_curve_pce__Reference__Series_1.csv,x_time_h/10.1002_solr.202100040/Fig6_C_stability_performance_curve_pce/accepted/10.1002_solr.202100040__Fig6__C__stability_performance_curve_pce__Reference__Series_1.csv,10.1002/solr.202100040,Fig6_C_stability_performance_curve_pce,Series_1,55,55,6,0,2043.9198046387069,227.10220051541188,True,1.0037901008799115,1.0,0.9443034790249908,866,4,1,0,node_1_0,0.10174978439496553,1.0,0.9977235735853432,0.9886178679267162,0.9749833910983147,0.9553124754211746,0.9443034790249909,0.0,2,no_initial_change_stable,class_02,/Users/shunhao/Desktop/ML/lab/NEW/som_200h_reanalysis/02_selected_curve_database/paper_aligned_min4/x_time_h/10.1002_solr.202100040/Fig6_C_stability_performance_curve_pce/accepted/10.1002_solr.202100040__Fig6__C__stability_performance_curve_pce__Reference__Series_1.csv
x_time_h/10.1002_solr.202100040/Fig6_D_pce/accepted/10.1002_solr.202100040__Fig6__D__pce__WithTFPA__Series_1.csv,10.1002/solr.202100040|Fig6_D_pce|10.1002_solr.202100040__Fig6__D__pce__WithTFPA__Series_1,/Users/shunhao/Desktop/ML/lab/data_all/x_time_h/10.1002_solr.202100040/Fig6_D_pce/accepted/10.1002_solr.202100040__Fig6__D__pce__WithTFPA__Series_1.csv,x_time_h/10.1002_solr.202100040/Fig6_D_pce/accepted/10.1002_solr.202100040__Fig6__D__pce__WithTFPA__Series_1.csv,10.1002/solr.202100040,Fig6_D_pce,Series_1,55,55,8,0,1525.5139798836055,226.0020710938675,True,1.012492737168922,0.9939961036010508,0.9170617846994814,868,4,1,0,node_1_0,0.4917064277745945,0.9939961036010508,0.996448405025847,0.9998153711720542,0.991034001936953,0.9545116171188452,0.9170617846994814,43.33333333333333,2,no_initial_change_stable,class_02,/Users/shunhao/Desktop/ML/lab/NEW/som_200h_reanalysis/02_selected_curve_database/paper_aligned_min4/x_time_h/10.1002_solr.202100040/Fig6_D_pce/accepted/10.1002_solr.202100040__Fig6__D__pce__WithTFPA__Series_1.csv
x_time_h/10.1002_solr.202100236/Fig6_B_mppt_stability_performance_curve_pce_profile/accepted/10.1002_solr.202100236__Fig6__B__mppt_stability_performance_curve_pce_profile__PCBM__Series_1.csv,10.1002/solr.202100236|Fig6_B_mppt_stability_performance_curve_pce_profile|10.1002_solr.202100236__Fig6__B__mppt_stability_performance_curve_pce_profile__PCBM__Series_1,/Users/shunhao/Desktop/ML/lab/data_all/x_time_h/10.1002_solr.202100236/Fig6_B_mppt_stability_performance_curve_pce_profile/accepted/10.1002_solr.202100236__Fig6__B__mppt_stability_performance_curve_pce_profile__PCBM__Series_1.csv,x_time_h/10.1002_solr.202100236/Fig6_B_mppt_stability_performance_curve_pce_profile/accepted/10.1002_solr.202100236__Fig6__B__mppt_stability_performance_curve_pce_profile__PCBM__Series_1.csv,10.1002/solr.202100236,Fig6_B_mppt_stability_performance_curve_pce_profile,Series_1,53,53,13,0,842.7252098963847,210.68130247409613,True,0.9979845423287752,1.0,0.947597985667579,871,4,1,0,node_1_0,0.3583950933481334,1.0,0.9952311230821258,0.9761470562392777,0.9581907749281693,0.9530897074466468,0.947597985667579,0.0,2,no_initial_change_stable,class_02,/Users/shunhao/Desktop/ML/lab/NEW/som_200h_reanalysis/02_selected_curve_database/paper_aligned_min4/x_time_h/10.1002_solr.202100236/Fig6_B_mppt_stability_performance_curve_pce_profile/accepted/10.1002_solr.202100236__Fig6__B__mppt_stability_performance_curve_pce_profile__PCBM__Series_1.csv
x_time_h/10.1002_solr.202100285/Fig5_F_stability_performance_curve/accepted/10.1002_solr.202100285__Fig5__F__stability_performance_curve__Control__Series_3.csv,10.1002/solr.202100285|Fig5_F_stability_performance_curve|10.1002_solr.202100285__Fig5__F__stability_performance_curve__Control__Series_3,/Users/shunhao/Desktop/ML/lab/data_all/x_time_h/10.1002_solr.202100285/Fig5_F_stability_performance_curve/accepted/10.1002_solr.202100285__Fig5__F__stability_performance_curve__Control__Series_3.csv,x_time_h/10.1002_solr.202100285/Fig5_F_stability_performance_curve/accepted/10.1002_solr.202100285__Fig5__F__stability_performance_curve__Control__Series_3.csv,10.1002/solr.202100285,Fig5_F_stability_performance_curve,Series_3,57,57,8,0,1477.2214858660273,211.0316408380039,True,0.9988861777443688,1.0,0.9445691246641312,874,4,1,0,node_1_0,0.08982837579459799,1.0,0.998088581917793,0.9838185058170155,0.9716585825798042,0.9574878738697062,0.9445691246641313,0.0,2,no_initial_change_stable,class_02,/Users/shunhao/Desktop/ML/lab/NEW/som_200h_reanalysis/02_selected_curve_database/paper_aligned_min4/x_time_h/10.1002_solr.202100285/Fig5_F_stability_performance_curve/accepted/10.1002_solr.202100285__Fig5__F__stability_performance_curve__Control__Series_3.csv
x_time_h/10.1002_solr.202100347/Fig8_B_stability_performance_curve_pce_diagram/accepted/10.1002_solr.202100347__Fig8__B__stability_performance_curve_pce_diagram__Ag__Series_1.csv,10.1002/solr.202100347|Fig8_B_stability_performance_curve_pce_diagram|10.1002_solr.202100347__Fig8__B__stability_performance_curve_pce_diagram__Ag__Series_1,/Users/shunhao/Desktop/ML/lab/data_all/x_time_h/10.1002_solr.202100347/Fig8_B_stability_performance_curve_pce_diagram/accepted/10.1002_solr.202100347__Fig8__B__stability_performance_curve_pce_diagram__Ag__Series_1.csv,x_time_h/10.1002_solr.202100347/Fig8_B_stability_performance_curve_pce_diagram/accepted/10.1002_solr.202100347__Fig8__B__stability_performance_curve_pce_diagram__Ag__Series_1.csv,10.1002/solr.202100347,Fig8_B_stability_performance_curve_pce_diagram,Series_1,136,136,50,0,546.8421408675598,202.53412624724436,True,1.0020923940045627,1.0,0.9254211250565952,876,4,1,0,node_1_0,0.23527389350773933,1.0,0.9972014826586475,0.9872196871961084,0.9753971604426364,0.9530094907396589,0.9254211250565951,0.0,2,no_initial_change_stable,class_02,/Users/shunhao/Desktop/ML/lab/NEW/som_200h_reanalysis/02_selected_curve_database/paper_aligned_min4/x_time_h/10.1002_solr.202100347/Fig8_B_stability_performance_curve_pce_diagram/accepted/10.1002_solr.202100347__Fig8__B__stability_performance_curve_pce_diagram__Ag__Series_1.csv
x_time_h/10.1002_solr.202100352/Fig6_F_stability_performance_curve_pce/accepted/10.1002_solr.202100352__Fig6__F__stability_performance_curve_pce__TControl__Series_1.csv,10.1002/solr.202100352|Fig6_F_stability_performance_curve_pce|10.1002_solr.202100352__Fig6__F__stability_performance_curve_pce__TControl__Series_1,/Users/shunhao/Desktop/ML/lab/data_all/x_time_h/10.1002_solr.202100352/Fig6_F_stability_performance_curve_pce/accepted/10.1002_solr.202100352__Fig6__F__stability_performance_curve_pce__TControl__Series_1.csv,x_time_h/10.1002_solr.202100352/Fig6_F_stability_performance_curve_pce/accepted/10.1002_solr.202100352__Fig6__F__stability_performance_curve_pce__TControl__Series_1.csv,10.1002/solr.202100352,Fig6_F_stability_performance_curve_pce,Series_1,55,55,6,0,1934.811393714606,214.97904374606745,True,0.9967408646064604,1.0,0.924938040931043,877,4,1,0,node_1_0,0.37848179536879895,1.0,0.996885945563071,0.9844297278153552,0.9669319197622913,0.9444008811618493,0.924938040931043,0.0,2,no_initial_change_stable,class_02,/Users/shunhao/Desktop/ML/lab/NEW/som_200h_reanalysis/02_selected_curve_database/paper_aligned_min4/x_time_h/10.1002_solr.202100352/Fig6_F_stability_performance_curve_pce/accepted/10.1002_solr.202100352__Fig6__F__stability_performance_curve_pce__TControl__Series_1.csv
x_time_h/10.1002_solr.202101103/Fig7_A_pce/accepted/10.1002_solr.202101103__Fig7__A__pce__MAGA_without_NH₄Br__Series_1.csv,10.1002/solr.202101103|Fig7_A_pce|10.1002_solr.202101103__Fig7__A__pce__MAGA_without_NH₄Br__Series_1,/Users/shunhao/Desktop/ML/lab/data_all/x_time_h/10.1002_solr.202101103/Fig7_A_pce/accepted/10.1002_solr.202101103__Fig7__A__pce__MAGA_without_NH₄Br__Series_1.csv,x_time_h/10.1002_solr.202101103/Fig7_A_pce/accepted/10.1002_solr.202101103__Fig7__A__pce__MAGA_without_NH₄Br__Series_1.csv,10.1002/solr.202101103,Fig7_A_pce,Series_1,141,141,12,0,2401.193890757085,205.81661920775016,True,0.9918391808142388,1.0,0.9714179764543496,885,4,1,0,node_1_0,0.42068241134416134,1.0,0.9948852452062835,0.9782559956440954,0.9766066324506812,0.9740543437692172,0.9714179764543496,0.0,2,no_initial_change_stable,class_02,/Users/shunhao/Desktop/ML/lab/NEW/som_200h_reanalysis/02_selected_curve_database/paper_aligned_min4/x_time_h/10.1002_solr.202101103/Fig7_A_pce/accepted/10.1002_solr.202101103__Fig7__A__pce__MAGA_without_NH₄Br__Series_1.csv
x_time_h/10.1002_solr.202101103/Fig7_C_pce/accepted/10.1002_solr.202101103__Fig7__C__pce__MAGA_without_NH₄Br__Series_1.csv,10.1002/solr.202101103|Fig7_C_pce|10.1002_solr.202101103__Fig7__C__pce__MAGA_without_NH₄Br__Series_1,/Users/shunhao/Desktop/ML/lab/data_all/x_time_h/10.1002_solr.202101103/Fig7_C_pce/accepted/10.1002_solr.202101103__Fig7__C__pce__MAGA_without_NH₄Br__Series_1.csv,x_time_h/10.1002_solr.202101103/Fig7_C_pce/accepted/10.1002_solr.202101103__Fig7__C__pce__MAGA_without_NH₄Br__Series_1.csv,10.1002/solr.202101103,Fig7_C_pce,Series_1,61,61,15,0,814.7825400164838,203.69563500412096,True,1.0005473728534882,0.9994120459615304,0.9715860964766562,887,4,1,0,node_1_0,0.4535072150770479,0.9994120459615304,0.9999269313232723,0.9912183713264192,0.982053064229731,0.9764987782198102,0.9715860964766562,7.833333333333333,2,no_initial_change_stable,class_02,/Users/shunhao/Desktop/ML/lab/NEW/som_200h_reanalysis/02_selected_curve_database/paper_aligned_min4/x_time_h/10.1002_solr.202101103/Fig7_C_pce/accepted/10.1002_solr.202101103__Fig7__C__pce__MAGA_without_NH₄Br__Series_1.csv
x_time_h/10.1007_s10854-019-01515-6/Fig6_D_stability_performance_curve_pce/accepted/10.1007_s10854-019-01515-6__Fig6__D__stability_performance_curve_pce__Spiro-OMeTAD__Series_1.csv,10.1007/s10854-019-01515-6|Fig6_D_stability_performance_curve_pce|10.1007_s10854-019-01515-6__Fig6__D__stability_performance_curve_pce__Spiro-OMeTAD__Series_1,/Users/shunhao/Desktop/ML/lab/data_all/x_time_h/10.1007_s10854-019-01515-6/Fig6_D_stability_performance_curve_pce/accepted/10.1007_s10854-019-01515-6__Fig6__D__stability_performance_curve_pce__Spiro-OMeTAD__Series_1.csv,x_time_h/10.1007_s10854-019-01515-6/Fig6_D_stability_performance_curve_pce/accepted/10.1007_s10854-019-01515-6__Fig6__D__stability_performance_curve_pce__Spiro-OMeTAD__Series_1.csv,10.1007/s10854-019-01515-6,Fig6_D_stability_performance_curve_pce,Series_1,70,70,45,0,311.832631343313,203.36910739781283,True,0.99627516673829,0.8848924148320424,0.9207278569488204,889,4,1,0,node_1_0,0.8778198504001331,0.8848924148320424,0.9307629950176998,0.9998215978361181,0.9891257300389572,0.9609863479619645,0.9207278569488204,37.666666666666664,2,no_initial_change_stable,class_02,/Users/shunhao/Desktop/ML/lab/NEW/som_200h_reanalysis/02_selected_curve_database/paper_aligned_min4/x_time_h/10.1007_s10854-019-01515-6/Fig6_D_stability_performance_curve_pce/accepted/10.1007_s10854-019-01515-6__Fig6__D__stability_performance_curve_pce__Spiro-OMeTAD__Series_1.csv
x_time_h/10.1007_s40820-020-00509-y/Fig5_C_mppt_stability_performance_curve/accepted/10.1007_s40820-020-00509-y__Fig5__C__mppt_stability_performance_curve__Ref__Series_1.csv,10.1007/s40820-020-00509-y|Fig5_C_mppt_stability_performance_curve|10.1007_s40820-020-00509-y__Fig5__C__mppt_stability_performance_curve__Ref__Series_1,/Users/shunhao/Desktop/ML/lab/data_all/x_time_h/10.1007_s40820-020-00509-y/Fig5_C_mppt_stability_performance_curve/accepted/10.1007_s40820-020-00509-y__Fig5__C__mppt_stability_performance_curve__Ref__Series_1.csv,x_time_h/10.1007_s40820-020-00509-y/Fig5_C_mppt_stability_performance_curve/accepted/10.1007_s40820-020-00509-y__Fig5__C__mppt_stability_performance_curve__Ref__Series_1.csv,10.1007/s40820-020-00509-y,Fig5_C_mppt_stability_performance_curve,Series_1,60,60,24,0,494.9263054977378,201.3259547787408,True,1.018848307040629,0.9867600974844516,0.9607462471315592,903,4,1,0,node_1_0,0.2972136115911174,0.9867600974844517,0.9983155936103307,0.9912906634000247,0.9694638470298604,0.9711757705215982,0.9607462471315593,21.833333333333332,2,no_initial_change_stable,class_02,/Users/shunhao/Desktop/ML/lab/NEW/som_200h_reanalysis/02_selected_curve_database/paper_aligned_min4/x_time_h/10.1007_s40820-020-00509-y/Fig5_C_mppt_stability_performance_curve/accepted/10.1007_s40820-020-00509-y__Fig5__C__mppt_stability_performance_curve__Ref__Series_1.csv
x_time_h/10.1007_s40820-021-00675-7/Fig5_C_jv_curve_stability_performance/accepted/10.1007_s40820-021-00675-7__Fig5__C__jv_curve_stability_performance__SnO₂_K_based_5×5_cm²_module__Series_2.csv,10.1007/s40820-021-00675-7|Fig5_C_jv_curve_stability_performance|10.1007_s40820-021-00675-7__Fig5__C__jv_curve_stability_performance__SnO₂_K_based_5×5_cm²_module__Series_2,/Users/shunhao/Desktop/ML/lab/data_all/x_time_h/10.1007_s40820-021-00675-7/Fig5_C_jv_curve_stability_performance/accepted/10.1007_s40820-021-00675-7__Fig5__C__jv_curve_stability_performance__SnO₂_K_based_5×5_cm²_module__Series_2.csv,x_time_h/10.1007_s40820-021-00675-7/Fig5_C_jv_curve_stability_performance/accepted/10.1007_s40820-021-00675-7__Fig5__C__jv_curve_stability_performance__SnO₂_K_based_5×5_cm²_module__Series_2.csv,10.1007/s40820-021-00675-7,Fig5_C_jv_curve_stability_performance,Series_2,137,137,26,0,1085.4490114236387,207.5123110074603,True,0.9888030412907436,0.9677447280110684,0.9591801769210117,906,4,1,0,node_1_0,0.29563642153675984,0.9677447280110683,0.9976945590115173,0.9950474361443927,0.977350257796957,0.969991678866718,0.9591801769210117,15.0,2,no_initial_change_stable,class_02,/Users/shunhao/Desktop/ML/lab/NEW/som_200h_reanalysis/02_selected_curve_database/paper_aligned_min4/x_time_h/10.1007_s40820-021-00675-7/Fig5_C_jv_curve_stability_performance/accepted/10.1007_s40820-021-00675-7__Fig5__C__jv_curve_stability_performance__SnO₂_K_based_5×5_cm²_module__Series_2.csv
x_time_h/10.1007_s40820-022-00916-3/Fig5_F_eis_plot_stability_performance_curve_pce/accepted/10.1007_s40820-022-00916-3__Fig5__F__eis_plot_stability_performance_curve_pce__o—with_TBP__Series_2.csv,10.1007/s40820-022-00916-3|Fig5_F_eis_plot_stability_performance_curve_pce|10.1007_s40820-022-00916-3__Fig5__F__eis_plot_stability_performance_curve_pce__o—with_TBP__Series_2,/Users/shunhao/Desktop/ML/lab/data_all/x_time_h/10.1007_s40820-022-00916-3/Fig5_F_eis_plot_stability_performance_curve_pce/accepted/10.1007_s40820-022-00916-3__Fig5__F__eis_plot_stability_performance_curve_pce__o—with_TBP__Series_2.csv,x_time_h/10.1007_s40820-022-00916-3/Fig5_F_eis_plot_stability_performance_curve_pce/accepted/10.1007_s40820-022-00916-3__Fig5__F__eis_plot_stability_performance_curve_pce__o—with_TBP__Series_2.csv,10.1007/s40820-022-00916-3,Fig5_F_eis_plot_stability_performance_curve_pce,Series_2,50,50,11,0,979.6942656672732,219.93136576204097,True,0.9989489202507108,1.0,0.9461393992645272,910,4,1,0,node_1_0,0.0984465502709174,1.0,0.9971867308012643,0.9859336540063213,0.9742804369441739,0.9648899145219486,0.9461393992645271,0.0,2,no_initial_change_stable,class_02,/Users/shunhao/Desktop/ML/lab/NEW/som_200h_reanalysis/02_selected_curve_database/paper_aligned_min4/x_time_h/10.1007_s40820-022-00916-3/Fig5_F_eis_plot_stability_performance_curve_pce/accepted/10.1007_s40820-022-00916-3__Fig5__F__eis_plot_stability_performance_curve_pce__o—with_TBP__Series_2.csv
x_time_h/10.1007_s40820-023-01130-5/Fig5_B_mppt_stability_performance_curve_pce_mapping/accepted/10.1007_s40820-023-01130-5__Fig5__B__mppt_stability_performance_curve_pce_mapping__Control__Series_1.csv,10.1007/s40820-023-01130-5|Fig5_B_mppt_stability_performance_curve_pce_mapping|10.1007_s40820-023-01130-5__Fig5__B__mppt_stability_performance_curve_pce_mapping__Control__Series_1,/Users/shunhao/Desktop/ML/lab/data_all/x_time_h/10.1007_s40820-023-01130-5/Fig5_B_mppt_stability_performance_curve_pce_mapping/accepted/10.1007_s40820-023-01130-5__Fig5__B__mppt_stability_performance_curve_pce_mapping__Control__Series_1.csv,x_time_h/10.1007_s40820-023-01130-5/Fig5_B_mppt_stability_performance_curve_pce_mapping/accepted/10.1007_s40820-023-01130-5__Fig5__B__mppt_stability_performance_curve_pce_mapping__Control__Series_1.csv,10.1007/s40820-023-01130-5,Fig5_B_mppt_stability_performance_curve_pce_mapping,Series_1,55,55,6,0,1965.999339669177,218.44437107435303,True,0.9693630229952248,1.0,0.9660452082933966,912,4,1,0,node_1_0,0.33869115649224923,1.0,0.9976047418772294,0.9897063418380126,0.9799442061135308,0.9715355633349694,0.9660452082933966,0.0,2,no_initial_change_stable,class_02,/Users/shunhao/Desktop/ML/lab/NEW/som_200h_reanalysis/02_selected_curve_database/paper_aligned_min4/x_time_h/10.1007_s40820-023-01130-5/Fig5_B_mppt_stability_performance_curve_pce_mapping/accepted/10.1007_s40820-023-01130-5__Fig5__B__mppt_stability_performance_curve_pce_mapping__Control__Series_1.csv
x_time_h/10.1007_s42114-024-01208-7/Fig5_A_statistics_stability_performance_curve_pce/accepted/10.1007_s42114-024-01208-7__Fig5__A__statistics_stability_performance_curve_pce__101Guanine__Series_2.csv,10.1007/s42114-024-01208-7|Fig5_A_statistics_stability_performance_curve_pce|10.1007_s42114-024-01208-7__Fig5__A__statistics_stability_performance_curve_pce__101Guanine__Series_2,/Users/shunhao/Desktop/ML/lab/data_all/x_time_h/10.1007_s42114-024-01208-7/Fig5_A_statistics_stability_performance_curve_pce/accepted/10.1007_s42114-024-01208-7__Fig5__A__statistics_stability_performance_curve_pce__101Guanine__Series_2.csv,x_time_h/10.1007_s42114-024-01208-7/Fig5_A_statistics_stability_performance_curve_pce/accepted/10.1007_s42114-024-01208-7__Fig5__A__statistics_stability_performance_curve_pce__101Guanine__Series_2.csv,10.1007/s42114-024-01208-7,Fig5_A_statistics_stability_performance_curve_pce,Series_2,65,65,12,0,1162.499880998553,217.9687276872287,True,1.0003613739602342,1.0,0.9435867506432462,924,4,1,0,node_1_0,0.04527680607239797,1.0,0.9969985885937865,0.9863189437328589,0.9746560381928537,0.960159930415787,0.9435867506432462,0.0,2,no_initial_change_stable,class_02,/Users/shunhao/Desktop/ML/lab/NEW/som_200h_reanalysis/02_selected_curve_database/paper_aligned_min4/x_time_h/10.1007_s42114-024-01208-7/Fig5_A_statistics_stability_performance_curve_pce/accepted/10.1007_s42114-024-01208-7__Fig5__A__statistics_stability_performance_curve_pce__101Guanine__Series_2.csv
x_time_h/10.1007_s42114-024-01208-7/Fig5_A_statistics_stability_performance_curve_pce/accepted/10.1007_s42114-024-01208-7__Fig5__A__statistics_stability_performance_curve_pce__o-Control__Series_1.csv,10.1007/s42114-024-01208-7|Fig5_A_statistics_stability_performance_curve_pce|10.1007_s42114-024-01208-7__Fig5__A__statistics_stability_performance_curve_pce__o-Control__Series_1,/Users/shunhao/Desktop/ML/lab/data_all/x_time_h/10.1007_s42114-024-01208-7/Fig5_A_statistics_stability_performance_curve_pce/accepted/10.1007_s42114-024-01208-7__Fig5__A__statistics_stability_performance_curve_pce__o-Control__Series_1.csv,x_time_h/10.1007_s42114-024-01208-7/Fig5_A_statistics_stability_performance_curve_pce/accepted/10.1007_s42114-024-01208-7__Fig5__A__statistics_stability_performance_curve_pce__o-Control__Series_1.csv,10.1007/s42114-024-01208-7,Fig5_A_statistics_stability_performance_curve_pce,Series_1,64,64,12,0,1144.3358203579503,217.96872768722875,True,1.0076330433082257,1.0,0.9675056549121468,925,4,1,0,node_1_0,0.38595960243451805,1.0,0.9967970342046957,0.989621308923907,0.9819391364364981,0.9737662052786228,0.9675056549121469,0.0,2,no_initial_change_stable,class_02,/Users/shunhao/Desktop/ML/lab/NEW/som_200h_reanalysis/02_selected_curve_database/paper_aligned_min4/x_time_h/10.1007_s42114-024-01208-7/Fig5_A_statistics_stability_performance_curve_pce/accepted/10.1007_s42114-024-01208-7__Fig5__A__statistics_stability_performance_curve_pce__o-Control__Series_1.csv
x_time_h/10.1016_j.apsusc.2023.157901/Fig5_A_stability_performance_curve_pce/accepted/10.1016_j.apsusc.2023.157901__Fig5__A__stability_performance_curve_pce__Pristine__Series_1.csv,10.1016/j.apsusc.2023.157901|Fig5_A_stability_performance_curve_pce|10.1016_j.apsusc.2023.157901__Fig5__A__stability_performance_curve_pce__Pristine__Series_1,/Users/shunhao/Desktop/ML/lab/data_all/x_time_h/10.1016_j.apsusc.2023.157901/Fig5_A_stability_performance_curve_pce/accepted/10.1016_j.apsusc.2023.157901__Fig5__A__stability_performance_curve_pce__Pristine__Series_1.csv,x_time_h/10.1016_j.apsusc.2023.157901/Fig5_A_stability_performance_curve_pce/accepted/10.1016_j.apsusc.2023.157901__Fig5__A__stability_performance_curve_pce__Pristine__Series_1.csv,10.1016/j.apsusc.2023.157901,Fig5_A_stability_performance_curve_pce,Series_1,60,60,9,0,1430.5841866177946,218.2247064332229,True,1.0011330152928812,1.0,0.9440102402982288,929,4,1,0,node_1_0,0.04865946532224852,1.0,0.9974247855083508,0.9871239275417539,0.9721664646152013,0.9591300049498144,0.9440102402982289,0.0,2,no_initial_change_stable,class_02,/Users/shunhao/Desktop/ML/lab/NEW/som_200h_reanalysis/02_selected_curve_database/paper_aligned_min4/x_time_h/10.1016_j.apsusc.2023.157901/Fig5_A_stability_performance_curve_pce/accepted/10.1016_j.apsusc.2023.157901__Fig5__A__stability_performance_curve_pce__Pristine__Series_1.csv
x_time_h/10.1016_j.cej.2019.04.099/Fig5_B_pce/accepted/10.1016_j.cej.2019.04.099__Fig5__B__pce__W_O_ILPF₆__Series_1.csv,10.1016/j.cej.2019.04.099|Fig5_B_pce|10.1016_j.cej.2019.04.099__Fig5__B__pce__W_O_ILPF₆__Series_1,/Users/shunhao/Desktop/ML/lab/data_all/x_time_h/10.1016_j.cej.2019.04.099/Fig5_B_pce/accepted/10.1016_j.cej.2019.04.099__Fig5__B__pce__W_O_ILPF₆__Series_1.csv,x_time_h/10.1016_j.cej.2019.04.099/Fig5_B_pce/accepted/10.1016_j.cej.2019.04.099__Fig5__B__pce__W_O_ILPF₆__Series_1.csv,10.1016/j.cej.2019.04.099,Fig5_B_pce,Series_1,57,57,14,0,830.1004006401221,207.52510016003052,True,10.10737945639206,1.0,0.9630675291902518,932,4,1,0,node_1_0,0.43780875920992024,1.0,0.9984413033090386,0.9922065165451923,0.9844130330903845,0.9765416208039717,0.9630675291902518,0.0,2,no_initial_change_stable,class_02,/Users/shunhao/Desktop/ML/lab/NEW/som_200h_reanalysis/02_selected_curve_database/paper_aligned_min4/x_time_h/10.1016_j.cej.2019.04.099/Fig5_B_pce/accepted/10.1016_j.cej.2019.04.099__Fig5__B__pce__W_O_ILPF₆__Series_1.csv
x_time_h/10.1016_j.cej.2020.126548/Fig7_A_stability_performance_curve_pce/accepted/10.1016_j.cej.2020.126548__Fig7__A__stability_performance_curve_pce__Pristine__Series_1.csv,10.1016/j.cej.2020.126548|Fig7_A_stability_performance_curve_pce|10.1016_j.cej.2020.126548__Fig7__A__stability_performance_curve_pce__Pristine__Series_1,/Users/shunhao/Desktop/ML/lab/data_all/x_time_h/10.1016_j.cej.2020.126548/Fig7_A_stability_performance_curve_pce/accepted/10.1016_j.cej.2020.126548__Fig7__A__stability_performance_curve_pce__Pristine__Series_1.csv,x_time_h/10.1016_j.cej.2020.126548/Fig7_A_stability_performance_curve_pce/accepted/10.1016_j.cej.2020.126548__Fig7__A__stability_performance_curve_pce__Pristine__Series_1.csv,10.1016/j.cej.2020.126548,Fig7_A_stability_performance_curve_pce,Series_1,48,48,32,0,295.51045902920583,201.19861040286355,True,1.0138780153295233,0.993315209837522,0.9164624536289568,935,4,1,0,node_1_0,0.35724153691293836,0.9933152098375219,0.9966576408217501,0.9934094989570976,0.970236785410609,0.9433446680026081,0.9164624536289568,25.166666666666664,2,no_initial_change_stable,class_02,/Users/shunhao/Desktop/ML/lab/NEW/som_200h_reanalysis/02_selected_curve_database/paper_aligned_min4/x_time_h/10.1016_j.cej.2020.126548/Fig7_A_stability_performance_curve_pce/accepted/10.1016_j.cej.2020.126548__Fig7__A__stability_performance_curve_pce__Pristine__Series_1.csv
x_time_h/10.1016_j.cej.2020.126548/Fig7_E_stability_performance_curve_retention_pce/accepted/10.1016_j.cej.2020.126548__Fig7__E__stability_performance_curve_retention_pce__Pristine__Series_1.csv,10.1016/j.cej.2020.126548|Fig7_E_stability_performance_curve_retention_pce|10.1016_j.cej.2020.126548__Fig7__E__stability_performance_curve_retention_pce__Pristine__Series_1,/Users/shunhao/Desktop/ML/lab/data_all/x_time_h/10.1016_j.cej.2020.126548/Fig7_E_stability_performance_curve_retention_pce/accepted/10.1016_j.cej.2020.126548__Fig7__E__stability_performance_curve_retention_pce__Pristine__Series_1.csv,x_time_h/10.1016_j.cej.2020.126548/Fig7_E_stability_performance_curve_retention_pce/accepted/10.1016_j.cej.2020.126548__Fig7__E__stability_performance_curve_retention_pce__Pristine__Series_1.csv,10.1016/j.cej.2020.126548,Fig7_E_stability_performance_curve_retention_pce,Series_1,48,48,8,0,1182.6111005378225,201.29550647452297,True,1.0036660210356618,1.0,0.979233958001146,937,4,1,0,node_1_0,0.44967835892882935,1.0,0.9976833121810206,0.9829534686781769,0.9725508991769775,0.9724862803203098,0.9792339580011459,0.0,2,no_initial_change_stable,class_02,/Users/shunhao/Desktop/ML/lab/NEW/som_200h_reanalysis/02_selected_curve_database/paper_aligned_min4/x_time_h/10.1016_j.cej.2020.126548/Fig7_E_stability_performance_curve_retention_pce/accepted/10.1016_j.cej.2020.126548__Fig7__E__stability_performance_curve_retention_pce__Pristine__Series_1.csv
x_time_h/10.1016_j.cej.2020.127204/Fig6_A_stability_performance_curve_pce/accepted/10.1016_j.cej.2020.127204__Fig6__A__stability_performance_curve_pce__Pristine__Series_1.csv,10.1016/j.cej.2020.127204|Fig6_A_stability_performance_curve_pce|10.1016_j.cej.2020.127204__Fig6__A__stability_performance_curve_pce__Pristine__Series_1,/Users/shunhao/Desktop/ML/lab/data_all/x_time_h/10.1016_j.cej.2020.127204/Fig6_A_stability_performance_curve_pce/accepted/10.1016_j.cej.2020.127204__Fig6__A__stability_performance_curve_pce__Pristine__Series_1.csv,x_time_h/10.1016_j.cej.2020.127204/Fig6_A_stability_performance_curve_pce/accepted/10.1016_j.cej.2020.127204__Fig6__A__stability_performance_curve_pce__Pristine__Series_1.csv,10.1016/j.cej.2020.127204,Fig6_A_stability_performance_curve_pce,Series_1,115,115,11,0,2107.3392966651572,203.3397566957608,True,1.0060628316356608,1.0,0.9470867245133904,943,4,1,0,node_1_0,0.2786212172935606,1.0,1.0,0.9984053442055122,0.9862809326266665,0.9609418073316616,0.9470867245133904,0.0,2,no_initial_change_stable,class_02,/Users/shunhao/Desktop/ML/lab/NEW/som_200h_reanalysis/02_selected_curve_database/paper_aligned_min4/x_time_h/10.1016_j.cej.2020.127204/Fig6_A_stability_performance_curve_pce/accepted/10.1016_j.cej.2020.127204__Fig6__A__stability_performance_curve_pce__Pristine__Series_1.csv
x_time_h/10.1016_j.cej.2020.127579/Fig6_A_stability_performance_curve_pce/accepted/10.1016_j.cej.2020.127579__Fig6__A__stability_performance_curve_pce__control__Series_2.csv,10.1016/j.cej.2020.127579|Fig6_A_stability_performance_curve_pce|10.1016_j.cej.2020.127579__Fig6__A__stability_performance_curve_pce__control__Series_2,/Users/shunhao/Desktop/ML/lab/data_all/x_time_h/10.1016_j.cej.2020.127579/Fig6_A_stability_performance_curve_pce/accepted/10.1016_j.cej.2020.127579__Fig6__A__stability_performance_curve_pce__control__Series_2.csv,x_time_h/10.1016_j.cej.2020.127579/Fig6_A_stability_performance_curve_pce/accepted/10.1016_j.cej.2020.127579__Fig6__A__stability_performance_curve_pce__control__Series_2.csv,10.1016/j.cej.2020.127579,Fig6_A_stability_performance_curve_pce,Series_2,86,86,28,0,624.642200981152,205.76448973496764,True,1.000852504764114,0.9977492865023272,0.8850118458525277,945,4,1,0,node_1_0,0.6834921058121968,0.9977492865023271,0.999785795486425,0.9994955273018548,0.995060402519576,0.9504308867243173,0.8850118458525277,55.5,2,no_initial_change_stable,class_02,/Users/shunhao/Desktop/ML/lab/NEW/som_200h_reanalysis/02_selected_curve_database/paper_aligned_min4/x_time_h/10.1016_j.cej.2020.127579/Fig6_A_stability_performance_curve_pce/accepted/10.1016_j.cej.2020.127579__Fig6__A__stability_performance_curve_pce__control__Series_2.csv
x_time_h/10.1016_j.cej.2022.137851/Fig5_E_stability_performance_curve/accepted/10.1016_j.cej.2022.137851__Fig5__E__stability_performance_curve__Pristine__Series_2.csv,10.1016/j.cej.2022.137851|Fig5_E_stability_performance_curve|10.1016_j.cej.2022.137851__Fig5__E__stability_performance_curve__Pristine__Series_2,/Users/shunhao/Desktop/ML/lab/data_all/x_time_h/10.1016_j.cej.2022.137851/Fig5_E_stability_performance_curve/accepted/10.1016_j.cej.2022.137851__Fig5__E__stability_performance_curve__Pristine__Series_2.csv,x_time_h/10.1016_j.cej.2022.137851/Fig5_E_stability_performance_curve/accepted/10.1016_j.cej.2022.137851__Fig5__E__stability_performance_curve__Pristine__Series_2.csv,10.1016/j.cej.2022.137851,Fig5_E_stability_performance_curve,Series_2,48,48,10,0,997.229949002534,212.17658489415612,True,1.002127148434372,1.0,0.9537906200032142,959,4,1,0,node_1_0,0.23072330205282937,1.0,0.9989412991365916,0.9926903989335708,0.9820721872544874,0.9659900746590205,0.9537906200032142,0.0,2,no_initial_change_stable,class_02,/Users/shunhao/Desktop/ML/lab/NEW/som_200h_reanalysis/02_selected_curve_database/paper_aligned_min4/x_time_h/10.1016_j.cej.2022.137851/Fig5_E_stability_performance_curve/accepted/10.1016_j.cej.2022.137851__Fig5__E__stability_performance_curve__Pristine__Series_2.csv
x_time_h/10.1016_j.electacta.2019.134924/Fig6_A_stability_performance_curve/accepted/10.1016_j.electacta.2019.134924__Fig6__A__stability_performance_curve__TiO_SnO-PSCs__Series_2.csv,10.1016/j.electacta.2019.134924|Fig6_A_stability_performance_curve|10.1016_j.electacta.2019.134924__Fig6__A__stability_performance_curve__TiO_SnO-PSCs__Series_2,/Users/shunhao/Desktop/ML/lab/data_all/x_time_h/10.1016_j.electacta.2019.134924/Fig6_A_stability_performance_curve/accepted/10.1016_j.electacta.2019.134924__Fig6__A__stability_performance_curve__TiO_SnO-PSCs__Series_2.csv,x_time_h/10.1016_j.electacta.2019.134924/Fig6_A_stability_performance_curve/accepted/10.1016_j.electacta.2019.134924__Fig6__A__stability_performance_curve__TiO_SnO-PSCs__Series_2.csv,10.1016/j.electacta.2019.134924,Fig6_A_stability_performance_curve,Series_2,52,52,8,0,1386.9068467090876,217.554015170053,True,1.003574510020184,1.0,0.9408301353563082,971,4,1,0,node_1_0,0.37896811142867987,1.0,0.9987069645968423,0.9798242214877446,0.9590927406485146,0.9462991490390907,0.9408301353563082,0.0,2,no_initial_change_stable,class_02,/Users/shunhao/Desktop/ML/lab/NEW/som_200h_reanalysis/02_selected_curve_database/paper_aligned_min4/x_time_h/10.1016_j.electacta.2019.134924/Fig6_A_stability_performance_curve/accepted/10.1016_j.electacta.2019.134924__Fig6__A__stability_performance_curve__TiO_SnO-PSCs__Series_2.csv
x_time_h/10.1016_j.electacta.2019.135173/Fig9_C_stability_performance_curve/accepted/10.1016_j.electacta.2019.135173__Fig9__C__stability_performance_curve__Pulse-constant_Potential__Series_2.csv,10.1016/j.electacta.2019.135173|Fig9_C_stability_performance_curve|10.1016_j.electacta.2019.135173__Fig9__C__stability_performance_curve__Pulse-constant_Potential__Series_2,/Users/shunhao/Desktop/ML/lab/data_all/x_time_h/10.1016_j.electacta.2019.135173/Fig9_C_stability_performance_curve/accepted/10.1016_j.electacta.2019.135173__Fig9__C__stability_performance_curve__Pulse-constant_Potential__Series_2.csv,x_time_h/10.1016_j.electacta.2019.135173/Fig9_C_stability_performance_curve/accepted/10.1016_j.electacta.2019.135173__Fig9__C__stability_performance_curve__Pulse-constant_Potential__Series_2.csv,10.1016/j.electacta.2019.135173,Fig9_C_stability_performance_curve,Series_2,84,84,51,0,331.3970684168392,203.6295239669735,True,0.0403098290601464,1.0,0.9427101891437364,972,4,1,0,node_1_0,0.5932725131634861,1.0,0.9918186397142297,0.9595729495643709,0.95007501407495,0.9597387142023119,0.9427101891437365,0.0,2,no_initial_change_stable,class_02,/Users/shunhao/Desktop/ML/lab/NEW/som_200h_reanalysis/02_selected_curve_database/paper_aligned_min4/x_time_h/10.1016_j.electacta.2019.135173/Fig9_C_stability_performance_curve/accepted/10.1016_j.electacta.2019.135173__Fig9__C__stability_performance_curve__Pulse-constant_Potential__Series_2.csv
x_time_h/10.1016_j.electacta.2021.137812/Fig7_A_stability_performance_curve_pce/accepted/10.1016_j.electacta.2021.137812__Fig7__A__stability_performance_curve_pce__SnO2-PSCs__Series_1.csv,10.1016/j.electacta.2021.137812|Fig7_A_stability_performance_curve_pce|10.1016_j.electacta.2021.137812__Fig7__A__stability_performance_curve_pce__SnO2-PSCs__Series_1,/Users/shunhao/Desktop/ML/lab/data_all/x_time_h/10.1016_j.electacta.2021.137812/Fig7_A_stability_performance_curve_pce/accepted/10.1016_j.electacta.2021.137812__Fig7__A__stability_performance_curve_pce__SnO2-PSCs__Series_1.csv,x_time_h/10.1016_j.electacta.2021.137812/Fig7_A_stability_performance_curve_pce/accepted/10.1016_j.electacta.2021.137812__Fig7__A__stability_performance_curve_pce__SnO2-PSCs__Series_1.csv,10.1016/j.electacta.2021.137812,Fig7_A_stability_performance_curve_pce,Series_1,58,58,9,0,1304.7987178867634,206.02085019264683,True,1.0023132816848412,1.0,0.9488243704981248,973,4,1,0,node_1_0,0.11825362554693558,1.0,0.9970660608226743,0.9851613173468585,0.9691783264949799,0.9572283272550515,0.9488243704981247,0.0,2,no_initial_change_stable,class_02,/Users/shunhao/Desktop/ML/lab/NEW/som_200h_reanalysis/02_selected_curve_database/paper_aligned_min4/x_time_h/10.1016_j.electacta.2021.137812/Fig7_A_stability_performance_curve_pce/accepted/10.1016_j.electacta.2021.137812__Fig7__A__stability_performance_curve_pce__SnO2-PSCs__Series_1.csv
x_time_h/10.1016_j.electacta.2022.140172/Fig6_D_stability_performance_curve_pce/accepted/10.1016_j.electacta.2022.140172__Fig6__D__stability_performance_curve_pce__Control__Series_2.csv,10.1016/j.electacta.2022.140172|Fig6_D_stability_performance_curve_pce|10.1016_j.electacta.2022.140172__Fig6__D__stability_performance_curve_pce__Control__Series_2,/Users/shunhao/Desktop/ML/lab/data_all/x_time_h/10.1016_j.electacta.2022.140172/Fig6_D_stability_performance_curve_pce/accepted/10.1016_j.electacta.2022.140172__Fig6__D__stability_performance_curve_pce__Control__Series_2.csv,x_time_h/10.1016_j.electacta.2022.140172/Fig6_D_stability_performance_curve_pce/accepted/10.1016_j.electacta.2022.140172__Fig6__D__stability_performance_curve_pce__Control__Series_2.csv,10.1016/j.electacta.2022.140172,Fig6_D_stability_performance_curve_pce,Series_2,60,60,14,0,856.9424881565598,203.34228532528536,True,0.9993257333370223,1.0,0.9668982802556804,974,4,1,0,node_1_0,0.3944977799078789,1.0,0.9976131413687311,0.9911318575438307,0.9822637150876614,0.97425045976553,0.9668982802556805,0.0,2,no_initial_change_stable,class_02,/Users/shunhao/Desktop/ML/lab/NEW/som_200h_reanalysis/02_selected_curve_database/paper_aligned_min4/x_time_h/10.1016_j.electacta.2022.140172/Fig6_D_stability_performance_curve_pce/accepted/10.1016_j.electacta.2022.140172__Fig6__D__stability_performance_curve_pce__Control__Series_2.csv
x_time_h/10.1016_j.jallcom.2019.05.148/Fig9_A_stability_performance_curve_pce/accepted/10.1016_j.jallcom.2019.05.148__Fig9__A__stability_performance_curve_pce__TBAO__Series_2.csv,10.1016/j.jallcom.2019.05.148|Fig9_A_stability_performance_curve_pce|10.1016_j.jallcom.2019.05.148__Fig9__A__stability_performance_curve_pce__TBAO__Series_2,/Users/shunhao/Desktop/ML/lab/data_all/x_time_h/10.1016_j.jallcom.2019.05.148/Fig9_A_stability_performance_curve_pce/accepted/10.1016_j.jallcom.2019.05.148__Fig9__A__stability_performance_curve_pce__TBAO__Series_2.csv,x_time_h/10.1016_j.jallcom.2019.05.148/Fig9_A_stability_performance_curve_pce/accepted/10.1016_j.jallcom.2019.05.148__Fig9__A__stability_performance_curve_pce__TBAO__Series_2.csv,10.1016/j.jallcom.2019.05.148,Fig9_A_stability_performance_curve_pce,Series_2,55,55,23,0,480.1682150944632,204.5160916143084,True,1.0056279428083077,1.0,0.936051194396657,976,4,1,0,node_1_0,0.16944802183629853,1.0,0.9960063211187684,0.986000500415861,0.9707167537435796,0.9541328955208287,0.936051194396657,0.0,2,no_initial_change_stable,class_02,/Users/shunhao/Desktop/ML/lab/NEW/som_200h_reanalysis/02_selected_curve_database/paper_aligned_min4/x_time_h/10.1016_j.jallcom.2019.05.148/Fig9_A_stability_performance_curve_pce/accepted/10.1016_j.jallcom.2019.05.148__Fig9__A__stability_performance_curve_pce__TBAO__Series_2.csv
x_time_h/10.1016_j.jechem.2019.08.015/Fig5_D_stability_performance_curve_ff/accepted/10.1016_j.jechem.2019.08.015__Fig5__D__stability_performance_curve_ff__IDT2__Series_1.csv,10.1016/j.jechem.2019.08.015|Fig5_D_stability_performance_curve_ff|10.1016_j.jechem.2019.08.015__Fig5__D__stability_performance_curve_ff__IDT2__Series_1,/Users/shunhao/Desktop/ML/lab/data_all/x_time_h/10.1016_j.jechem.2019.08.015/Fig5_D_stability_performance_curve_ff/accepted/10.1016_j.jechem.2019.08.015__Fig5__D__stability_performance_curve_ff__IDT2__Series_1.csv,x_time_h/10.1016_j.jechem.2019.08.015/Fig5_D_stability_performance_curve_ff/accepted/10.1016_j.jechem.2019.08.015__Fig5__D__stability_performance_curve_ff__IDT2__Series_1.csv,10.1016/j.jechem.2019.08.015,Fig5_D_stability_performance_curve_ff,Series_1,64,64,26,0,498.72024347930414,205.8210528644747,True,15.913653048281128,0.9868431074704253,0.9284877256938574,987,4,1,0,node_1_0,0.6011901774285248,0.9868431074704251,0.9895320130517478,0.9955353093548647,0.9999120040314007,0.980020555780328,0.9284877256938574,81.83333333333333,2,no_initial_change_stable,class_02,/Users/shunhao/Desktop/ML/lab/NEW/som_200h_reanalysis/02_selected_curve_database/paper_aligned_min4/x_time_h/10.1016_j.jechem.2019.08.015/Fig5_D_stability_performance_curve_ff/accepted/10.1016_j.jechem.2019.08.015__Fig5__D__stability_performance_curve_ff__IDT2__Series_1.csv
x_time_h/10.1016_j.jechem.2020.06.019/Fig6_A_jv_curve_stability_performance_pce/accepted/10.1016_j.jechem.2020.06.019__Fig6__A__jv_curve_stability_performance_pce__SIP-KCI__Series_2.csv,10.1016/j.jechem.2020.06.019|Fig6_A_jv_curve_stability_performance_pce|10.1016_j.jechem.2020.06.019__Fig6__A__jv_curve_stability_performance_pce__SIP-KCI__Series_2,/Users/shunhao/Desktop/ML/lab/data_all/x_time_h/10.1016_j.jechem.2020.06.019/Fig6_A_jv_curve_stability_performance_pce/accepted/10.1016_j.jechem.2020.06.019__Fig6__A__jv_curve_stability_performance_pce__SIP-KCI__Series_2.csv,x_time_h/10.1016_j.jechem.2020.06.019/Fig6_A_jv_curve_stability_performance_pce/accepted/10.1016_j.jechem.2020.06.019__Fig6__A__jv_curve_stability_performance_pce__SIP-KCI__Series_2.csv,10.1016/j.jechem.2020.06.019,Fig6_A_jv_curve_stability_performance_pce,Series_2,66,66,28,0,478.1975172484294,205.99277666086192,True,0.9996559225573302,0.9997130804980744,0.966195707932055,994,4,1,0,node_1_0,0.41119682109233446,0.9997130804980744,0.9990248749387814,0.9920798843237474,0.9854958049177103,0.9745260584120579,0.966195707932055,4.0,2,no_initial_change_stable,class_02,/Users/shunhao/Desktop/ML/lab/NEW/som_200h_reanalysis/02_selected_curve_database/paper_aligned_min4/x_time_h/10.1016_j.jechem.2020.06.019/Fig6_A_jv_curve_stability_performance_pce/accepted/10.1016_j.jechem.2020.06.019__Fig6__A__jv_curve_stability_performance_pce__SIP-KCI__Series_2.csv
x_time_h/10.1016_j.jechem.2020.06.019/Fig6_B_mppt_stability_performance_curve/accepted/10.1016_j.jechem.2020.06.019__Fig6__B__mppt_stability_performance_curve__SIP-KCI__Series_2.csv,10.1016/j.jechem.2020.06.019|Fig6_B_mppt_stability_performance_curve|10.1016_j.jechem.2020.06.019__Fig6__B__mppt_stability_performance_curve__SIP-KCI__Series_2,/Users/shunhao/Desktop/ML/lab/data_all/x_time_h/10.1016_j.jechem.2020.06.019/Fig6_B_mppt_stability_performance_curve/accepted/10.1016_j.jechem.2020.06.019__Fig6__B__mppt_stability_performance_curve__SIP-KCI__Series_2.csv,x_time_h/10.1016_j.jechem.2020.06.019/Fig6_B_mppt_stability_performance_curve/accepted/10.1016_j.jechem.2020.06.019__Fig6__B__mppt_stability_performance_curve__SIP-KCI__Series_2.csv,10.1016/j.jechem.2020.06.019,Fig6_B_mppt_stability_performance_curve,Series_2,68,68,14,0,985.6524199873472,205.9572220869084,True,1.001007927595844,1.0,0.9544392907168872,997,4,1,0,node_1_0,0.13040349313105878,1.0,0.9967831121650044,0.9826315746428291,0.9722376925193608,0.9602350117839457,0.9544392907168872,0.0,2,no_initial_change_stable,class_02,/Users/shunhao/Desktop/ML/lab/NEW/som_200h_reanalysis/02_selected_curve_database/paper_aligned_min4/x_time_h/10.1016_j.jechem.2020.06.019/Fig6_B_mppt_stability_performance_curve/accepted/10.1016_j.jechem.2020.06.019__Fig6__B__mppt_stability_performance_curve__SIP-KCI__Series_2.csv
x_time_h/10.1016_j.jechem.2021.02.017/Fig4_F_stability_performance_curve_voc/accepted/10.1016_j.jechem.2021.02.017__Fig4__F__stability_performance_curve_voc__Control__Series_1.csv,10.1016/j.jechem.2021.02.017|Fig4_F_stability_performance_curve_voc|10.1016_j.jechem.2021.02.017__Fig4__F__stability_performance_curve_voc__Control__Series_1,/Users/shunhao/Desktop/ML/lab/data_all/x_time_h/10.1016_j.jechem.2021.02.017/Fig4_F_stability_performance_curve_voc/accepted/10.1016_j.jechem.2021.02.017__Fig4__F__stability_performance_curve_voc__Control__Series_1.csv,x_time_h/10.1016_j.jechem.2021.02.017/Fig4_F_stability_performance_curve_voc/accepted/10.1016_j.jechem.2021.02.017__Fig4__F__stability_performance_curve_voc__Control__Series_1.csv,10.1016/j.jechem.2021.02.017,Fig4_F_stability_performance_curve_voc,Series_1,46,46,10,0,996.196518368969,221.3770040819931,True,100.44543836557366,1.0,0.9644179716150668,1001,4,1,0,node_1_0,0.4398813259464903,1.0,0.9984329513433644,0.996901744003566,0.9862930143884506,0.9739941501414529,0.9644179716150669,0.0,2,no_initial_change_stable,class_02,/Users/shunhao/Desktop/ML/lab/NEW/som_200h_reanalysis/02_selected_curve_database/paper_aligned_min4/x_time_h/10.1016_j.jechem.2021.02.017/Fig4_F_stability_performance_curve_voc/accepted/10.1016_j.jechem.2021.02.017__Fig4__F__stability_performance_curve_voc__Control__Series_1.csv
x_time_h/10.1016_j.jechem.2021.04.063/Fig6_C_stability_performance_curve_pce/accepted/10.1016_j.jechem.2021.04.063__Fig6__C__stability_performance_curve_pce__F₂-T__Series_3.csv,10.1016/j.jechem.2021.04.063|Fig6_C_stability_performance_curve_pce|10.1016_j.jechem.2021.04.063__Fig6__C__stability_performance_curve_pce__F₂-T__Series_3,/Users/shunhao/Desktop/ML/lab/data_all/x_time_h/10.1016_j.jechem.2021.04.063/Fig6_C_stability_performance_curve_pce/accepted/10.1016_j.jechem.2021.04.063__Fig6__C__stability_performance_curve_pce__F₂-T__Series_3.csv,x_time_h/10.1016_j.jechem.2021.04.063/Fig6_C_stability_performance_curve_pce/accepted/10.1016_j.jechem.2021.04.063__Fig6__C__stability_performance_curve_pce__F₂-T__Series_3.csv,10.1016/j.jechem.2021.04.063,Fig6_C_stability_performance_curve_pce,Series_3,81,81,54,0,297.62343031631417,200.89581546351204,True,1.0004194279529608,1.0,0.9435997672723012,1005,4,1,0,node_1_0,0.27587425052353587,1.0,0.9967466591081877,0.9810464647400863,0.9614149006055678,0.9519983504538012,0.9435997672723011,0.0,2,no_initial_change_stable,class_02,/Users/shunhao/Desktop/ML/lab/NEW/som_200h_reanalysis/02_selected_curve_database/paper_aligned_min4/x_time_h/10.1016_j.jechem.2021.04.063/Fig6_C_stability_performance_curve_pce/accepted/10.1016_j.jechem.2021.04.063__Fig6__C__stability_performance_curve_pce__F₂-T__Series_3.csv
x_time_h/10.1016_j.jechem.2021.04.063/Fig6_C_stability_performance_curve_pce/accepted/10.1016_j.jechem.2021.04.063__Fig6__C__stability_performance_curve_pce__F₃-T__Series_4.csv,10.1016/j.jechem.2021.04.063|Fig6_C_stability_performance_curve_pce|10.1016_j.jechem.2021.04.063__Fig6__C__stability_performance_curve_pce__F₃-T__Series_4,/Users/shunhao/Desktop/ML/lab/data_all/x_time_h/10.1016_j.jechem.2021.04.063/Fig6_C_stability_performance_curve_pce/accepted/10.1016_j.jechem.2021.04.063__Fig6__C__stability_performance_curve_pce__F₃-T__Series_4.csv,x_time_h/10.1016_j.jechem.2021.04.063/Fig6_C_stability_performance_curve_pce/accepted/10.1016_j.jechem.2021.04.063__Fig6__C__stability_performance_curve_pce__F₃-T__Series_4.csv,10.1016/j.jechem.2021.04.063,Fig6_C_stability_performance_curve_pce,Series_4,80,80,54,0,293.9031374373602,200.8958154635121,True,1.0010248508254065,1.0,0.9600144055313798,1006,4,1,0,node_1_0,0.20519599167883495,1.0,0.9949645559618604,0.9861574034577183,0.9716432172832423,0.9659378519070346,0.9600144055313798,0.0,2,no_initial_change_stable,class_02,/Users/shunhao/Desktop/ML/lab/NEW/som_200h_reanalysis/02_selected_curve_database/paper_aligned_min4/x_time_h/10.1016_j.jechem.2021.04.063/Fig6_C_stability_performance_curve_pce/accepted/10.1016_j.jechem.2021.04.063__Fig6__C__stability_performance_curve_pce__F₃-T__Series_4.csv
x_time_h/10.1016_j.jechem.2021.04.063/Fig6_C_stability_performance_curve_pce/accepted/10.1016_j.jechem.2021.04.063__Fig6__C__stability_performance_curve_pce__F₅-T__Series_5.csv,10.1016/j.jechem.2021.04.063|Fig6_C_stability_performance_curve_pce|10.1016_j.jechem.2021.04.063__Fig6__C__stability_performance_curve_pce__F₅-T__Series_5,/Users/shunhao/Desktop/ML/lab/data_all/x_time_h/10.1016_j.jechem.2021.04.063/Fig6_C_stability_performance_curve_pce/accepted/10.1016_j.jechem.2021.04.063__Fig6__C__stability_performance_curve_pce__F₅-T__Series_5.csv,x_time_h/10.1016_j.jechem.2021.04.063/Fig6_C_stability_performance_curve_pce/accepted/10.1016_j.jechem.2021.04.063__Fig6__C__stability_performance_curve_pce__F₅-T__Series_5.csv,10.1016/j.jechem.2021.04.063,Fig6_C_stability_performance_curve_pce,Series_5,81,81,54,0,297.62343031631417,200.89581546351204,True,1.0004194279529608,1.0,0.9541528720339963,1007,4,1,0,node_1_0,0.16653901389634584,1.0,0.9961414900605567,0.9831281264933077,0.9668614220342462,0.9610758861682652,0.9541528720339965,0.0,2,no_initial_change_stable,class_02,/Users/shunhao/Desktop/ML/lab/NEW/som_200h_reanalysis/02_selected_curve_database/paper_aligned_min4/x_time_h/10.1016_j.jechem.2021.04.063/Fig6_C_stability_performance_curve_pce/accepted/10.1016_j.jechem.2021.04.063__Fig6__C__stability_performance_curve_pce__F₅-T__Series_5.csv
x_time_h/10.1016_j.jechem.2021.05.042/Fig6_E_stability_performance_curve_pce/accepted/10.1016_j.jechem.2021.05.042__Fig6__E__stability_performance_curve_pce__PEAI__Series_3.csv,10.1016/j.jechem.2021.05.042|Fig6_E_stability_performance_curve_pce|10.1016_j.jechem.2021.05.042__Fig6__E__stability_performance_curve_pce__PEAI__Series_3,/Users/shunhao/Desktop/ML/lab/data_all/x_time_h/10.1016_j.jechem.2021.05.042/Fig6_E_stability_performance_curve_pce/accepted/10.1016_j.jechem.2021.05.042__Fig6__E__stability_performance_curve_pce__PEAI__Series_3.csv,x_time_h/10.1016_j.jechem.2021.05.042/Fig6_E_stability_performance_curve_pce/accepted/10.1016_j.jechem.2021.05.042__Fig6__E__stability_performance_curve_pce__PEAI__Series_3.csv,10.1016/j.jechem.2021.05.042,Fig6_E_stability_performance_curve_pce,Series_3,59,59,5,0,2354.384226796093,202.9641574824218,True,1.0092614261857924,1.0,0.9641251033309892,1009,4,1,0,node_1_0,0.3239771322375163,1.0,0.99662668297094,0.9881733410874726,0.9826154741883194,0.9707839948148415,0.9641251033309891,0.0,2,no_initial_change_stable,class_02,/Users/shunhao/Desktop/ML/lab/NEW/som_200h_reanalysis/02_selected_curve_database/paper_aligned_min4/x_time_h/10.1016_j.jechem.2021.05.042/Fig6_E_stability_performance_curve_pce/accepted/10.1016_j.jechem.2021.05.042__Fig6__E__stability_performance_curve_pce__PEAI__Series_3.csv
x_time_h/10.1016_j.jmat.2021.02.004/Fig6_B_stability_performance_curve/accepted/10.1016_j.jmat.2021.02.004__Fig6__B__stability_performance_curve__o-Control__Series_1.csv,10.1016/j.jmat.2021.02.004|Fig6_B_stability_performance_curve|10.1016_j.jmat.2021.02.004__Fig6__B__stability_performance_curve__o-Control__Series_1,/Users/shunhao/Desktop/ML/lab/data_all/x_time_h/10.1016_j.jmat.2021.02.004/Fig6_B_stability_performance_curve/accepted/10.1016_j.jmat.2021.02.004__Fig6__B__stability_performance_curve__o-Control__Series_1.csv,x_time_h/10.1016_j.jmat.2021.02.004/Fig6_B_stability_performance_curve/accepted/10.1016_j.jmat.2021.02.004__Fig6__B__stability_performance_curve__o-Control__Series_1.csv,10.1016/j.jmat.2021.02.004,Fig6_B_stability_performance_curve,Series_1,52,52,11,0,959.8021765682053,207.0161557303972,True,1.0031536013392834,1.0,0.960667264159936,1015,4,1,0,node_1_0,0.3837079025710031,1.0,0.9986742609829423,0.9933713049147112,0.9842317144230925,0.9727028019797715,0.960667264159936,0.0,2,no_initial_change_stable,class_02,/Users/shunhao/Desktop/ML/lab/NEW/som_200h_reanalysis/02_selected_curve_database/paper_aligned_min4/x_time_h/10.1016_j.jmat.2021.02.004/Fig6_B_stability_performance_curve/accepted/10.1016_j.jmat.2021.02.004__Fig6__B__stability_performance_curve__o-Control__Series_1.csv
x_time_h/10.1016_j.joule.2021.06.001/Fig4_E_stability_performance_curve_pce/accepted/10.1016_j.joule.2021.06.001__Fig4__E__stability_performance_curve_pce__Control__Series_1.csv,10.1016/j.joule.2021.06.001|Fig4_E_stability_performance_curve_pce|10.1016_j.joule.2021.06.001__Fig4__E__stability_performance_curve_pce__Control__Series_1,/Users/shunhao/Desktop/ML/lab/data_all/x_time_h/10.1016_j.joule.2021.06.001/Fig4_E_stability_performance_curve_pce/accepted/10.1016_j.joule.2021.06.001__Fig4__E__stability_performance_curve_pce__Control__Series_1.csv,x_time_h/10.1016_j.joule.2021.06.001/Fig4_E_stability_performance_curve_pce/accepted/10.1016_j.joule.2021.06.001__Fig4__E__stability_performance_curve_pce__Control__Series_1.csv,10.1016/j.joule.2021.06.001,Fig4_E_stability_performance_curve_pce,Series_1,54,54,6,0,1955.1605351313792,221.33892850543913,True,0.9766482002301524,1.0,0.9554742257438796,1025,4,1,0,node_1_0,0.14800306603028868,1.0,0.996907919593507,0.9845395979675355,0.9705198557457259,0.9625511102007657,0.9554742257438795,0.0,2,no_initial_change_stable,class_02,/Users/shunhao/Desktop/ML/lab/NEW/som_200h_reanalysis/02_selected_curve_database/paper_aligned_min4/x_time_h/10.1016_j.joule.2021.06.001/Fig4_E_stability_performance_curve_pce/accepted/10.1016_j.joule.2021.06.001__Fig4__E__stability_performance_curve_pce__Control__Series_1.csv
x_time_h/10.1016_j.jpowsour.2019.227504/Fig7_whole_stability/accepted/10.1016_j.jpowsour.2019.227504__Fig7__whole__stability__TiO2__Series_2.csv,10.1016/j.jpowsour.2019.227504|Fig7_whole_stability|10.1016_j.jpowsour.2019.227504__Fig7__whole__stability__TiO2__Series_2,/Users/shunhao/Desktop/ML/lab/data_all/x_time_h/10.1016_j.jpowsour.2019.227504/Fig7_whole_stability/accepted/10.1016_j.jpowsour.2019.227504__Fig7__whole__stability__TiO2__Series_2.csv,x_time_h/10.1016_j.jpowsour.2019.227504/Fig7_whole_stability/accepted/10.1016_j.jpowsour.2019.227504__Fig7__whole__stability__TiO2__Series_2.csv,10.1016/j.jpowsour.2019.227504,Fig7_whole_stability,Series_2,71,71,15,0,988.631710394523,211.84965222739777,True,1.006311405576227,1.0,0.9485786507313684,1033,4,1,0,node_1_0,0.17876422398136368,1.0,0.9939970620007709,0.9819764666577845,0.9677171143300844,0.9571932734838514,0.9485786507313684,0.0,2,no_initial_change_stable,class_02,/Users/shunhao/Desktop/ML/lab/NEW/som_200h_reanalysis/02_selected_curve_database/paper_aligned_min4/x_time_h/10.1016_j.jpowsour.2019.227504/Fig7_whole_stability/accepted/10.1016_j.jpowsour.2019.227504__Fig7__whole__stability__TiO2__Series_2.csv
x_time_h/10.1016_j.jpowsour.2021.229970/Fig6_C_stability_performance_curve_pce/accepted/10.1016_j.jpowsour.2021.229970__Fig6__C__stability_performance_curve_pce__LPT-CuSCN__Series_1.csv,10.1016/j.jpowsour.2021.229970|Fig6_C_stability_performance_curve_pce|10.1016_j.jpowsour.2021.229970__Fig6__C__stability_performance_curve_pce__LPT-CuSCN__Series_1,/Users/shunhao/Desktop/ML/lab/data_all/x_time_h/10.1016_j.jpowsour.2021.229970/Fig6_C_stability_performance_curve_pce/accepted/10.1016_j.jpowsour.2021.229970__Fig6__C__stability_performance_curve_pce__LPT-CuSCN__Series_1.csv,x_time_h/10.1016_j.jpowsour.2021.229970/Fig6_C_stability_performance_curve_pce/accepted/10.1016_j.jpowsour.2021.229970__Fig6__C__stability_performance_curve_pce__LPT-CuSCN__Series_1.csv,10.1016/j.jpowsour.2021.229970,Fig6_C_stability_performance_curve_pce,Series_1,143,143,72,0,398.9791934267676,202.2993093431498,True,1.0576314213254698,0.9485296325231884,0.9479916630192384,1037,4,1,0,node_1_0,0.5960618315065969,0.9485296325231884,0.9605874585051771,0.9896000240530236,0.9999743144252845,0.9601761338885506,0.9479916630192385,100.5,2,no_initial_change_stable,class_02,/Users/shunhao/Desktop/ML/lab/NEW/som_200h_reanalysis/02_selected_curve_database/paper_aligned_min4/x_time_h/10.1016_j.jpowsour.2021.229970/Fig6_C_stability_performance_curve_pce/accepted/10.1016_j.jpowsour.2021.229970__Fig6__C__stability_performance_curve_pce__LPT-CuSCN__Series_1.csv
x_time_h/10.1016_j.jpowsour.2021.229970/Fig6_C_stability_performance_curve_pce/accepted/10.1016_j.jpowsour.2021.229970__Fig6__C__stability_performance_curve_pce__Without-CuSCN__Series_2.csv,10.1016/j.jpowsour.2021.229970|Fig6_C_stability_performance_curve_pce|10.1016_j.jpowsour.2021.229970__Fig6__C__stability_performance_curve_pce__Without-CuSCN__Series_2,/Users/shunhao/Desktop/ML/lab/data_all/x_time_h/10.1016_j.jpowsour.2021.229970/Fig6_C_stability_performance_curve_pce/accepted/10.1016_j.jpowsour.2021.229970__Fig6__C__stability_performance_curve_pce__Without-CuSCN__Series_2.csv,x_time_h/10.1016_j.jpowsour.2021.229970/Fig6_C_stability_performance_curve_pce/accepted/10.1016_j.jpowsour.2021.229970__Fig6__C__stability_performance_curve_pce__Without-CuSCN__Series_2.csv,10.1016/j.jpowsour.2021.229970,Fig6_C_stability_performance_curve_pce,Series_2,144,144,72,0,401.7889060565336,202.29930934314976,True,1.009203749905496,0.9908133986816188,0.935056788400022,1038,4,1,0,node_1_0,0.44454964656407525,0.9908133986816187,0.9943312979966521,0.9978169230141127,0.994486662743479,0.9771185726230701,0.935056788400022,75.5,2,no_initial_change_stable,class_02,/Users/shunhao/Desktop/ML/lab/NEW/som_200h_reanalysis/02_selected_curve_database/paper_aligned_min4/x_time_h/10.1016_j.jpowsour.2021.229970/Fig6_C_stability_performance_curve_pce/accepted/10.1016_j.jpowsour.2021.229970__Fig6__C__stability_performance_curve_pce__Without-CuSCN__Series_2.csv
x_time_h/10.1016_j.jpowsour.2021.230213/Fig5_A_stability_performance_curve_pce/accepted/10.1016_j.jpowsour.2021.230213__Fig5__A__stability_performance_curve_pce__Control__Series_1.csv,10.1016/j.jpowsour.2021.230213|Fig5_A_stability_performance_curve_pce|10.1016_j.jpowsour.2021.230213__Fig5__A__stability_performance_curve_pce__Control__Series_1,/Users/shunhao/Desktop/ML/lab/data_all/x_time_h/10.1016_j.jpowsour.2021.230213/Fig5_A_stability_performance_curve_pce/accepted/10.1016_j.jpowsour.2021.230213__Fig5__A__stability_performance_curve_pce__Control__Series_1.csv,x_time_h/10.1016_j.jpowsour.2021.230213/Fig5_A_stability_performance_curve_pce/accepted/10.1016_j.jpowsour.2021.230213__Fig5__A__stability_performance_curve_pce__Control__Series_1.csv,10.1016/j.jpowsour.2021.230213,Fig5_A_stability_performance_curve_pce,Series_1,87,87,11,0,1594.8242165597612,203.98914397857413,True,0.9961344007616438,1.0,0.9563602766969944,1040,4,1,0,node_1_0,0.599047584595482,1.0,0.9936313178592896,0.9681565892964483,0.9484203943762732,0.9476757101414804,0.9563602766969945,0.0,2,no_initial_change_stable,class_02,/Users/shunhao/Desktop/ML/lab/NEW/som_200h_reanalysis/02_selected_curve_database/paper_aligned_min4/x_time_h/10.1016_j.jpowsour.2021.230213/Fig5_A_stability_performance_curve_pce/accepted/10.1016_j.jpowsour.2021.230213__Fig5__A__stability_performance_curve_pce__Control__Series_1.csv
x_time_h/10.1016_j.mtener.2020.100590/Fig9_G_schematic_diagram_stability_performance_curve_pce/accepted/10.1016_j.mtener.2020.100590__Fig9__G__schematic_diagram_stability_performance_curve_pce__Au__Series_1.csv,10.1016/j.mtener.2020.100590|Fig9_G_schematic_diagram_stability_performance_curve_pce|10.1016_j.mtener.2020.100590__Fig9__G__schematic_diagram_stability_performance_curve_pce__Au__Series_1,/Users/shunhao/Desktop/ML/lab/data_all/x_time_h/10.1016_j.mtener.2020.100590/Fig9_G_schematic_diagram_stability_performance_curve_pce/accepted/10.1016_j.mtener.2020.100590__Fig9__G__schematic_diagram_stability_performance_curve_pce__Au__Series_1.csv,x_time_h/10.1016_j.mtener.2020.100590/Fig9_G_schematic_diagram_stability_performance_curve_pce/accepted/10.1016_j.mtener.2020.100590__Fig9__G__schematic_diagram_stability_performance_curve_pce__Au__Series_1.csv,10.1016/j.mtener.2020.100590,Fig9_G_schematic_diagram_stability_performance_curve_pce,Series_1,44,44,9,0,961.4679239357016,201.23747245165845,True,0.9993548142457552,1.0,0.9569272254621812,1048,4,1,0,node_1_0,0.17890348541356896,1.0,0.9995297397584041,0.9871100695064335,0.9753919388993617,0.9645561078509836,0.9569272254621813,0.0,2,no_initial_change_stable,class_02,/Users/shunhao/Desktop/ML/lab/NEW/som_200h_reanalysis/02_selected_curve_database/paper_aligned_min4/x_time_h/10.1016_j.mtener.2020.100590/Fig9_G_schematic_diagram_stability_performance_curve_pce/accepted/10.1016_j.mtener.2020.100590__Fig9__G__schematic_diagram_stability_performance_curve_pce__Au__Series_1.csv
x_time_h/10.1016_j.mtener.2021.100837/Fig5_C_stability_performance_curve_pce/accepted/10.1016_j.mtener.2021.100837__Fig5__C__stability_performance_curve_pce__w_o_CsPbI₂Br__Series_1.csv,10.1016/j.mtener.2021.100837|Fig5_C_stability_performance_curve_pce|10.1016_j.mtener.2021.100837__Fig5__C__stability_performance_curve_pce__w_o_CsPbI₂Br__Series_1,/Users/shunhao/Desktop/ML/lab/data_all/x_time_h/10.1016_j.mtener.2021.100837/Fig5_C_stability_performance_curve_pce/accepted/10.1016_j.mtener.2021.100837__Fig5__C__stability_performance_curve_pce__w_o_CsPbI₂Br__Series_1.csv,x_time_h/10.1016_j.mtener.2021.100837/Fig5_C_stability_performance_curve_pce/accepted/10.1016_j.mtener.2021.100837__Fig5__C__stability_performance_curve_pce__w_o_CsPbI₂Br__Series_1.csv,10.1016/j.mtener.2021.100837,Fig5_C_stability_performance_curve_pce,Series_1,117,117,23,0,1035.476247687482,205.3099456621732,True,1.0061609604145447,0.9973063906600592,0.9483115817118012,1051,4,1,0,node_1_0,0.1930670505605214,0.9973063906600591,0.997487287728619,0.9936892628831594,0.9787776981863744,0.9661250208735664,0.9483115817118012,23.0,2,no_initial_change_stable,class_02,/Users/shunhao/Desktop/ML/lab/NEW/som_200h_reanalysis/02_selected_curve_database/paper_aligned_min4/x_time_h/10.1016_j.mtener.2021.100837/Fig5_C_stability_performance_curve_pce/accepted/10.1016_j.mtener.2021.100837__Fig5__C__stability_performance_curve_pce__w_o_CsPbI₂Br__Series_1.csv
x_time_h/10.1016_j.nanoen.2015.10.006/Fig3_D_jv_curve/accepted/10.1016_j.nanoen.2015.10.006__Fig3__D__jv_curve__'Partial'_Encapsulation__Series_1.csv,10.1016/j.nanoen.2015.10.006|Fig3_D_jv_curve|10.1016_j.nanoen.2015.10.006__Fig3__D__jv_curve__'Partial'_Encapsulation__Series_1,/Users/shunhao/Desktop/ML/lab/data_all/x_time_h/10.1016_j.nanoen.2015.10.006/Fig3_D_jv_curve/accepted/10.1016_j.nanoen.2015.10.006__Fig3__D__jv_curve__'Partial'_Encapsulation__Series_1.csv,x_time_h/10.1016_j.nanoen.2015.10.006/Fig3_D_jv_curve/accepted/10.1016_j.nanoen.2015.10.006__Fig3__D__jv_curve__'Partial'_Encapsulation__Series_1.csv,10.1016/j.nanoen.2015.10.006,Fig3_D_jv_curve,Series_1,67,67,24,0,555.2201891467596,201.8982505988217,True,1.0082030319249342,1.0,0.9297730807088438,1053,4,1,0,node_1_0,0.16116018932982648,1.0,0.9967371153112866,0.9877178733244245,0.9754357466488489,0.9570695442999484,0.9297730807088438,0.0,2,no_initial_change_stable,class_02,/Users/shunhao/Desktop/ML/lab/NEW/som_200h_reanalysis/02_selected_curve_database/paper_aligned_min4/x_time_h/10.1016_j.nanoen.2015.10.006/Fig3_D_jv_curve/accepted/10.1016_j.nanoen.2015.10.006__Fig3__D__jv_curve__'Partial'_Encapsulation__Series_1.csv
x_time_h/10.1016_j.nanoen.2016.11.039/Fig5_A_stability_performance_curve_pce/accepted/10.1016_j.nanoen.2016.11.039__Fig5__A__stability_performance_curve_pce__CuPc__Series_1.csv,10.1016/j.nanoen.2016.11.039|Fig5_A_stability_performance_curve_pce|10.1016_j.nanoen.2016.11.039__Fig5__A__stability_performance_curve_pce__CuPc__Series_1,/Users/shunhao/Desktop/ML/lab/data_all/x_time_h/10.1016_j.nanoen.2016.11.039/Fig5_A_stability_performance_curve_pce/accepted/10.1016_j.nanoen.2016.11.039__Fig5__A__stability_performance_curve_pce__CuPc__Series_1.csv,x_time_h/10.1016_j.nanoen.2016.11.039/Fig5_A_stability_performance_curve_pce/accepted/10.1016_j.nanoen.2016.11.039__Fig5__A__stability_performance_curve_pce__CuPc__Series_1.csv,10.1016/j.nanoen.2016.11.039,Fig5_A_stability_performance_curve_pce,Series_1,68,68,7,0,2001.3601102562743,209.09732495214803,True,10.773219447178212,1.0,0.9630472292072024,1056,4,1,0,node_1_0,0.3681967794316926,1.0,0.9994448669789895,0.9929984965443447,0.9830147407652974,0.97303098498625,0.9630472292072023,0.0,2,no_initial_change_stable,class_02,/Users/shunhao/Desktop/ML/lab/NEW/som_200h_reanalysis/02_selected_curve_database/paper_aligned_min4/x_time_h/10.1016_j.nanoen.2016.11.039/Fig5_A_stability_performance_curve_pce/accepted/10.1016_j.nanoen.2016.11.039__Fig5__A__stability_performance_curve_pce__CuPc__Series_1.csv
x_time_h/10.1016_j.nanoen.2019.02.064/Fig5_C_stability_performance_curve_pce/accepted/10.1016_j.nanoen.2019.02.064__Fig5__C__stability_performance_curve_pce__PABA·HI__Series_1.csv,10.1016/j.nanoen.2019.02.064|Fig5_C_stability_performance_curve_pce|10.1016_j.nanoen.2019.02.064__Fig5__C__stability_performance_curve_pce__PABA·HI__Series_1,/Users/shunhao/Desktop/ML/lab/data_all/x_time_h/10.1016_j.nanoen.2019.02.064/Fig5_C_stability_performance_curve_pce/accepted/10.1016_j.nanoen.2019.02.064__Fig5__C__stability_performance_curve_pce__PABA·HI__Series_1.csv,x_time_h/10.1016_j.nanoen.2019.02.064/Fig5_C_stability_performance_curve_pce/accepted/10.1016_j.nanoen.2019.02.064__Fig5__C__stability_performance_curve_pce__PABA·HI__Series_1.csv,10.1016/j.nanoen.2019.02.064,Fig5_C_stability_performance_curve_pce,Series_1,81,81,52,0,312.46921170957245,203.1049876112221,True,1.0010774705155183,1.0,0.954081864652594,1065,4,1,0,node_1_0,0.6479364509080087,1.0,0.9796836541476869,0.9599292839033244,0.9630471853077499,0.9605118719764754,0.9540818646525939,0.0,2,no_initial_change_stable,class_02,/Users/shunhao/Desktop/ML/lab/NEW/som_200h_reanalysis/02_selected_curve_database/paper_aligned_min4/x_time_h/10.1016_j.nanoen.2019.02.064/Fig5_C_stability_performance_curve_pce/accepted/10.1016_j.nanoen.2019.02.064__Fig5__C__stability_performance_curve_pce__PABA·HI__Series_1.csv
x_time_h/10.1016_j.nanoen.2019.05.072/Fig7_B_stability_performance_curve_pce/accepted/10.1016_j.nanoen.2019.05.072__Fig7__B__stability_performance_curve_pce__GO__Series_2.csv,10.1016/j.nanoen.2019.05.072|Fig7_B_stability_performance_curve_pce|10.1016_j.nanoen.2019.05.072__Fig7__B__stability_performance_curve_pce__GO__Series_2,/Users/shunhao/Desktop/ML/lab/data_all/x_time_h/10.1016_j.nanoen.2019.05.072/Fig7_B_stability_performance_curve_pce/accepted/10.1016_j.nanoen.2019.05.072__Fig7__B__stability_performance_curve_pce__GO__Series_2.csv,x_time_h/10.1016_j.nanoen.2019.05.072/Fig7_B_stability_performance_curve_pce/accepted/10.1016_j.nanoen.2019.05.072__Fig7__B__stability_performance_curve_pce__GO__Series_2.csv,10.1016/j.nanoen.2019.05.072,Fig7_B_stability_performance_curve_pce,Series_2,73,73,30,0,478.3601207130972,200.6026312667827,True,0.997520048169205,0.9998383817865992,0.9306729512255124,1073,4,1,0,node_1_0,0.3305171039470532,0.9998383817865993,0.9998927735100146,0.9935396472195667,0.9867721542717699,0.9514740192778943,0.9306729512255124,8.5,2,no_initial_change_stable,class_02,/Users/shunhao/Desktop/ML/lab/NEW/som_200h_reanalysis/02_selected_curve_database/paper_aligned_min4/x_time_h/10.1016_j.nanoen.2019.05.072/Fig7_B_stability_performance_curve_pce/accepted/10.1016_j.nanoen.2019.05.072__Fig7__B__stability_performance_curve_pce__GO__Series_2.csv
x_time_h/10.1016_j.nanoen.2019.103962/Fig6_A_stability_performance_curve_structure/accepted/10.1016_j.nanoen.2019.103962__Fig6__A__stability_performance_curve_structure__FAMA_PCBMhalfPSCs__Series_2.csv,10.1016/j.nanoen.2019.103962|Fig6_A_stability_performance_curve_structure|10.1016_j.nanoen.2019.103962__Fig6__A__stability_performance_curve_structure__FAMA_PCBMhalfPSCs__Series_2,/Users/shunhao/Desktop/ML/lab/data_all/x_time_h/10.1016_j.nanoen.2019.103962/Fig6_A_stability_performance_curve_structure/accepted/10.1016_j.nanoen.2019.103962__Fig6__A__stability_performance_curve_structure__FAMA_PCBMhalfPSCs__Series_2.csv,x_time_h/10.1016_j.nanoen.2019.103962/Fig6_A_stability_performance_curve_structure/accepted/10.1016_j.nanoen.2019.103962__Fig6__A__stability_performance_curve_structure__FAMA_PCBMhalfPSCs__Series_2.csv,10.1016/j.nanoen.2019.103962,Fig6_A_stability_performance_curve_structure,Series_2,77,77,15,0,968.5249875036108,201.25194545529573,True,0.972136859421481,1.0,0.950361293172992,1077,4,1,0,node_1_0,0.2340766422147315,1.0,0.9931602651820008,0.9900168742417057,0.9825304812396599,0.9689937598146249,0.950361293172992,0.0,2,no_initial_change_stable,class_02,/Users/shunhao/Desktop/ML/lab/NEW/som_200h_reanalysis/02_selected_curve_database/paper_aligned_min4/x_time_h/10.1016_j.nanoen.2019.103962/Fig6_A_stability_performance_curve_structure/accepted/10.1016_j.nanoen.2019.103962__Fig6__A__stability_performance_curve_structure__FAMA_PCBMhalfPSCs__Series_2.csv
x_time_h/10.1016_j.nanoen.2019.104244/Fig5_A_stability_performance_curve_pce/accepted/10.1016_j.nanoen.2019.104244__Fig5__A__stability_performance_curve_pce__PHJ__Series_1.csv,10.1016/j.nanoen.2019.104244|Fig5_A_stability_performance_curve_pce|10.1016_j.nanoen.2019.104244__Fig5__A__stability_performance_curve_pce__PHJ__Series_1,/Users/shunhao/Desktop/ML/lab/data_all/x_time_h/10.1016_j.nanoen.2019.104244/Fig5_A_stability_performance_curve_pce/accepted/10.1016_j.nanoen.2019.104244__Fig5__A__stability_performance_curve_pce__PHJ__Series_1.csv,x_time_h/10.1016_j.nanoen.2019.104244/Fig5_A_stability_performance_curve_pce/accepted/10.1016_j.nanoen.2019.104244__Fig5__A__stability_performance_curve_pce__PHJ__Series_1.csv,10.1016/j.nanoen.2019.104244,Fig5_A_stability_performance_curve_pce,Series_1,71,71,19,0,741.3954185300643,201.2358993153032,True,1.0072306816319934,1.0,0.9292289395903746,1081,4,1,0,node_1_0,0.29552205138501186,1.0,0.998131788983436,0.9886802547907112,0.9738346250487006,0.9459323596295467,0.9292289395903746,0.0,2,no_initial_change_stable,class_02,/Users/shunhao/Desktop/ML/lab/NEW/som_200h_reanalysis/02_selected_curve_database/paper_aligned_min4/x_time_h/10.1016_j.nanoen.2019.104244/Fig5_A_stability_performance_curve_pce/accepted/10.1016_j.nanoen.2019.104244__Fig5__A__stability_performance_curve_pce__PHJ__Series_1.csv
x_time_h/10.1016_j.nanoen.2020.105181/Fig6_A_stability_performance_curve_pce/accepted/10.1016_j.nanoen.2020.105181__Fig6__A__stability_performance_curve_pce__S3__Series_2.csv,10.1016/j.nanoen.2020.105181|Fig6_A_stability_performance_curve_pce|10.1016_j.nanoen.2020.105181__Fig6__A__stability_performance_curve_pce__S3__Series_2,/Users/shunhao/Desktop/ML/lab/data_all/x_time_h/10.1016_j.nanoen.2020.105181/Fig6_A_stability_performance_curve_pce/accepted/10.1016_j.nanoen.2020.105181__Fig6__A__stability_performance_curve_pce__S3__Series_2.csv,x_time_h/10.1016_j.nanoen.2020.105181/Fig6_A_stability_performance_curve_pce/accepted/10.1016_j.nanoen.2020.105181__Fig6__A__stability_performance_curve_pce__S3__Series_2.csv,10.1016/j.nanoen.2020.105181,Fig6_A_stability_performance_curve_pce,Series_2,63,63,13,0,971.5467299172412,203.7114111116796,True,1.023933869769596,1.0,0.9646179428241736,1093,4,1,0,node_1_0,0.2608701260317396,1.0,0.9947249772402317,0.9823583227887899,0.975080646693311,0.967276503878891,0.9646179428241736,0.0,2,no_initial_change_stable,class_02,/Users/shunhao/Desktop/ML/lab/NEW/som_200h_reanalysis/02_selected_curve_database/paper_aligned_min4/x_time_h/10.1016_j.nanoen.2020.105181/Fig6_A_stability_performance_curve_pce/accepted/10.1016_j.nanoen.2020.105181__Fig6__A__stability_performance_curve_pce__S3__Series_2.csv
x_time_h/10.1016_j.nanoen.2020.105737/Fig4_G_stability_performance_curve/accepted/10.1016_j.nanoen.2020.105737__Fig4__G__stability_performance_curve__w_o_PPFC__Series_1.csv,10.1016/j.nanoen.2020.105737|Fig4_G_stability_performance_curve|10.1016_j.nanoen.2020.105737__Fig4__G__stability_performance_curve__w_o_PPFC__Series_1,/Users/shunhao/Desktop/ML/lab/data_all/x_time_h/10.1016_j.nanoen.2020.105737/Fig4_G_stability_performance_curve/accepted/10.1016_j.nanoen.2020.105737__Fig4__G__stability_performance_curve__w_o_PPFC__Series_1.csv,x_time_h/10.1016_j.nanoen.2020.105737/Fig4_G_stability_performance_curve/accepted/10.1016_j.nanoen.2020.105737__Fig4__G__stability_performance_curve__w_o_PPFC__Series_1.csv,10.1016/j.nanoen.2020.105737,Fig4_G_stability_performance_curve,Series_1,56,56,9,0,930.708098944794,282.03275725599826,True,1.005078910391804,1.0,0.9418234122807768,1099,4,1,0,node_1_0,0.37698826016093917,1.0,0.9952188399256062,0.9845831968318658,0.98924347689954,0.9762473464917253,0.9418234122807767,0.0,2,no_initial_change_stable,class_02,/Users/shunhao/Desktop/ML/lab/NEW/som_200h_reanalysis/02_selected_curve_database/paper_aligned_min4/x_time_h/10.1016_j.nanoen.2020.105737/Fig4_G_stability_performance_curve/accepted/10.1016_j.nanoen.2020.105737__Fig4__G__stability_performance_curve__w_o_PPFC__Series_1.csv
x_time_h/10.1016_j.nanoen.2021.105742/Fig5_D_stability_performance_curve_pce_spectrum/accepted/10.1016_j.nanoen.2021.105742__Fig5__D__stability_performance_curve_pce_spectrum__CsFAMA__Series_1.csv,10.1016/j.nanoen.2021.105742|Fig5_D_stability_performance_curve_pce_spectrum|10.1016_j.nanoen.2021.105742__Fig5__D__stability_performance_curve_pce_spectrum__CsFAMA__Series_1,/Users/shunhao/Desktop/ML/lab/data_all/x_time_h/10.1016_j.nanoen.2021.105742/Fig5_D_stability_performance_curve_pce_spectrum/accepted/10.1016_j.nanoen.2021.105742__Fig5__D__stability_performance_curve_pce_spectrum__CsFAMA__Series_1.csv,x_time_h/10.1016_j.nanoen.2021.105742/Fig5_D_stability_performance_curve_pce_spectrum/accepted/10.1016_j.nanoen.2021.105742__Fig5__D__stability_performance_curve_pce_spectrum__CsFAMA__Series_1.csv,10.1016/j.nanoen.2021.105742,Fig5_D_stability_performance_curve_pce_spectrum,Series_1,64,64,15,0,854.1258582740409,203.36329958905736,True,1.003727013731886,1.0,0.9664527057129,1101,4,1,0,node_1_0,0.38362994916949866,1.0,0.9939287861318752,0.9836539013654004,0.9793267473737914,0.9720503347216626,0.9664527057129001,0.0,2,no_initial_change_stable,class_02,/Users/shunhao/Desktop/ML/lab/NEW/som_200h_reanalysis/02_selected_curve_database/paper_aligned_min4/x_time_h/10.1016_j.nanoen.2021.105742/Fig5_D_stability_performance_curve_pce_spectrum/accepted/10.1016_j.nanoen.2021.105742__Fig5__D__stability_performance_curve_pce_spectrum__CsFAMA__Series_1.csv
x_time_h/10.1016_j.orgel.2018.05.030/Fig6_C_density_of_states/accepted/10.1016_j.orgel.2018.05.030__Fig6__C__density_of_states__Reference__Series_2.csv,10.1016/j.orgel.2018.05.030|Fig6_C_density_of_states|10.1016_j.orgel.2018.05.030__Fig6__C__density_of_states__Reference__Series_2,/Users/shunhao/Desktop/ML/lab/data_all/x_time_h/10.1016_j.orgel.2018.05.030/Fig6_C_density_of_states/accepted/10.1016_j.orgel.2018.05.030__Fig6__C__density_of_states__Reference__Series_2.csv,x_time_h/10.1016_j.orgel.2018.05.030/Fig6_C_density_of_states/accepted/10.1016_j.orgel.2018.05.030__Fig6__C__density_of_states__Reference__Series_2.csv,10.1016/j.orgel.2018.05.030,Fig6_C_density_of_states,Series_2,50,50,19,0,526.2765067295572,204.06640056860385,True,1.003495159104653,0.998781002284114,0.9570830597890578,1116,4,1,0,node_1_0,0.26273527285428416,0.998781002284114,0.99996261532579,0.9939916686953645,0.9797013388217126,0.9694845684460178,0.9570830597890578,8.666666666666666,2,no_initial_change_stable,class_02,/Users/shunhao/Desktop/ML/lab/NEW/som_200h_reanalysis/02_selected_curve_database/paper_aligned_min4/x_time_h/10.1016_j.orgel.2018.05.030/Fig6_C_density_of_states/accepted/10.1016_j.orgel.2018.05.030__Fig6__C__density_of_states__Reference__Series_2.csv
x_time_h/10.1016_j.orgel.2019.07.004/Fig4_E_stability/accepted/10.1016_j.orgel.2019.07.004__Fig4__E__stability__CdS_PCBM__Series_1.csv,10.1016/j.orgel.2019.07.004|Fig4_E_stability|10.1016_j.orgel.2019.07.004__Fig4__E__stability__CdS_PCBM__Series_1,/Users/shunhao/Desktop/ML/lab/data_all/x_time_h/10.1016_j.orgel.2019.07.004/Fig4_E_stability/accepted/10.1016_j.orgel.2019.07.004__Fig4__E__stability__CdS_PCBM__Series_1.csv,x_time_h/10.1016_j.orgel.2019.07.004/Fig4_E_stability/accepted/10.1016_j.orgel.2019.07.004__Fig4__E__stability__CdS_PCBM__Series_1.csv,10.1016/j.orgel.2019.07.004,Fig4_E_stability,Series_1,45,45,18,0,504.3831531333868,201.7532612533547,True,14.24765093475275,0.9991209618325544,0.9518086948371977,1119,4,1,0,node_1_0,0.1988035488528244,0.9991209618325543,0.9994952103532541,0.9797466874457836,0.9663698100408578,0.9590734371099066,0.9518086948371975,6.0,2,no_initial_change_stable,class_02,/Users/shunhao/Desktop/ML/lab/NEW/som_200h_reanalysis/02_selected_curve_database/paper_aligned_min4/x_time_h/10.1016_j.orgel.2019.07.004/Fig4_E_stability/accepted/10.1016_j.orgel.2019.07.004__Fig4__E__stability__CdS_PCBM__Series_1.csv
x_time_h/10.1016_j.orgel.2019.07.004/Fig4_E_stability/accepted/10.1016_j.orgel.2019.07.004__Fig4__E__stability__Cds__Series_2.csv,10.1016/j.orgel.2019.07.004|Fig4_E_stability|10.1016_j.orgel.2019.07.004__Fig4__E__stability__Cds__Series_2,/Users/shunhao/Desktop/ML/lab/data_all/x_time_h/10.1016_j.orgel.2019.07.004/Fig4_E_stability/accepted/10.1016_j.orgel.2019.07.004__Fig4__E__stability__Cds__Series_2.csv,x_time_h/10.1016_j.orgel.2019.07.004/Fig4_E_stability/accepted/10.1016_j.orgel.2019.07.004__Fig4__E__stability__Cds__Series_2.csv,10.1016/j.orgel.2019.07.004,Fig4_E_stability,Series_2,44,44,18,0,481.9661241052362,201.7532612533547,True,11.97073300985139,1.0,0.946191607135022,1120,4,1,0,node_1_0,0.10527016450823645,1.0,0.9968157492159332,0.9876478181926329,0.9681574921593322,0.956973304396751,0.946191607135022,0.0,2,no_initial_change_stable,class_02,/Users/shunhao/Desktop/ML/lab/NEW/som_200h_reanalysis/02_selected_curve_database/paper_aligned_min4/x_time_h/10.1016_j.orgel.2019.07.004/Fig4_E_stability/accepted/10.1016_j.orgel.2019.07.004__Fig4__E__stability__Cds__Series_2.csv
x_time_h/10.1016_j.orgel.2019.105573/Fig6_A_stability_performance_curve_pce/accepted/10.1016_j.orgel.2019.105573__Fig6__A__stability_performance_curve_pce__PC61BM__Series_1.csv,10.1016/j.orgel.2019.105573|Fig6_A_stability_performance_curve_pce|10.1016_j.orgel.2019.105573__Fig6__A__stability_performance_curve_pce__PC61BM__Series_1,/Users/shunhao/Desktop/ML/lab/data_all/x_time_h/10.1016_j.orgel.2019.105573/Fig6_A_stability_performance_curve_pce/accepted/10.1016_j.orgel.2019.105573__Fig6__A__stability_performance_curve_pce__PC61BM__Series_1.csv,x_time_h/10.1016_j.orgel.2019.105573/Fig6_A_stability_performance_curve_pce/accepted/10.1016_j.orgel.2019.105573__Fig6__A__stability_performance_curve_pce__PC61BM__Series_1.csv,10.1016/j.orgel.2019.105573,Fig6_A_stability_performance_curve_pce,Series_1,56,56,26,0,431.2538468072032,203.8654548543143,True,0.99958322507575,1.0,0.9509945556556396,1124,4,1,0,node_1_0,0.14756863481459595,1.0,0.9973876357930379,0.9823162480136028,0.9697231082027211,0.9618593374562536,0.9509945556556395,0.0,2,no_initial_change_stable,class_02,/Users/shunhao/Desktop/ML/lab/NEW/som_200h_reanalysis/02_selected_curve_database/paper_aligned_min4/x_time_h/10.1016_j.orgel.2019.105573/Fig6_A_stability_performance_curve_pce/accepted/10.1016_j.orgel.2019.105573__Fig6__A__stability_performance_curve_pce__PC61BM__Series_1.csv
x_time_h/10.1016_j.orgel.2020.105937/Fig3_E_stability_performance_curve_pce/accepted/10.1016_j.orgel.2020.105937__Fig3__E__stability_performance_curve_pce__KF__Series_2.csv,10.1016/j.orgel.2020.105937|Fig3_E_stability_performance_curve_pce|10.1016_j.orgel.2020.105937__Fig3__E__stability_performance_curve_pce__KF__Series_2,/Users/shunhao/Desktop/ML/lab/data_all/x_time_h/10.1016_j.orgel.2020.105937/Fig3_E_stability_performance_curve_pce/accepted/10.1016_j.orgel.2020.105937__Fig3__E__stability_performance_curve_pce__KF__Series_2.csv,x_time_h/10.1016_j.orgel.2020.105937/Fig3_E_stability_performance_curve_pce/accepted/10.1016_j.orgel.2020.105937__Fig3__E__stability_performance_curve_pce__KF__Series_2.csv,10.1016/j.orgel.2020.105937,Fig3_E_stability_performance_curve_pce,Series_2,46,43,19,3,444.5822091453826,201.12052318481597,True,1.0053664831813225,1.0,0.9651144680893196,1126,4,1,0,node_1_0,0.30326894934662124,1.0,0.9988656122880772,0.9913359688085159,0.9797138104996086,0.9547515913578688,0.9651144680893196,0.0,2,no_initial_change_stable,class_02,/Users/shunhao/Desktop/ML/lab/NEW/som_200h_reanalysis/02_selected_curve_database/paper_aligned_min4/x_time_h/10.1016_j.orgel.2020.105937/Fig3_E_stability_performance_curve_pce/accepted/10.1016_j.orgel.2020.105937__Fig3__E__stability_performance_curve_pce__KF__Series_2.csv
x_time_h/10.1016_j.orgel.2020.105937/Fig3_E_stability_performance_curve_pce/accepted/10.1016_j.orgel.2020.105937__Fig3__E__stability_performance_curve_pce__Pristine__Series_1.csv,10.1016/j.orgel.2020.105937|Fig3_E_stability_performance_curve_pce|10.1016_j.orgel.2020.105937__Fig3__E__stability_performance_curve_pce__Pristine__Series_1,/Users/shunhao/Desktop/ML/lab/data_all/x_time_h/10.1016_j.orgel.2020.105937/Fig3_E_stability_performance_curve_pce/accepted/10.1016_j.orgel.2020.105937__Fig3__E__stability_performance_curve_pce__Pristine__Series_1.csv,x_time_h/10.1016_j.orgel.2020.105937/Fig3_E_stability_performance_curve_pce/accepted/10.1016_j.orgel.2020.105937__Fig3__E__stability_performance_curve_pce__Pristine__Series_1.csv,10.1016/j.orgel.2020.105937,Fig3_E_stability_performance_curve_pce,Series_1,47,47,19,0,486.92337192113337,201.12052318481597,True,0.9957086724019516,1.0,0.94793650587053,1127,4,1,0,node_1_0,0.31275731663477996,1.0,0.998854609369075,0.9932873850476762,0.9887629452060587,0.9612822994970667,0.9479365058705301,0.0,2,no_initial_change_stable,class_02,/Users/shunhao/Desktop/ML/lab/NEW/som_200h_reanalysis/02_selected_curve_database/paper_aligned_min4/x_time_h/10.1016_j.orgel.2020.105937/Fig3_E_stability_performance_curve_pce/accepted/10.1016_j.orgel.2020.105937__Fig3__E__stability_performance_curve_pce__Pristine__Series_1.csv
x_time_h/10.1016_j.rser.2021.111608/Fig25_C_stability_performance_curve_pce/accepted/10.1016_j.rser.2021.111608__Fig25__C__stability_performance_curve_pce__Partial'_Encapsulation__Series_1.csv,10.1016/j.rser.2021.111608|Fig25_C_stability_performance_curve_pce|10.1016_j.rser.2021.111608__Fig25__C__stability_performance_curve_pce__Partial'_Encapsulation__Series_1,/Users/shunhao/Desktop/ML/lab/data_all/x_time_h/10.1016_j.rser.2021.111608/Fig25_C_stability_performance_curve_pce/accepted/10.1016_j.rser.2021.111608__Fig25__C__stability_performance_curve_pce__Partial'_Encapsulation__Series_1.csv,x_time_h/10.1016_j.rser.2021.111608/Fig25_C_stability_performance_curve_pce/accepted/10.1016_j.rser.2021.111608__Fig25__C__stability_performance_curve_pce__Partial'_Encapsulation__Series_1.csv,10.1016/j.rser.2021.111608,Fig25_C_stability_performance_curve_pce,Series_1,76,76,28,0,552.4089718683733,206.23268283085935,True,1.0105554669568309,1.0,0.92668941527037,1133,4,1,0,node_1_0,0.17997325571296877,1.0,0.9956313403649499,0.9871299819616481,0.9741993643861695,0.956832812197605,0.92668941527037,0.0,2,no_initial_change_stable,class_02,/Users/shunhao/Desktop/ML/lab/NEW/som_200h_reanalysis/02_selected_curve_database/paper_aligned_min4/x_time_h/10.1016_j.rser.2021.111608/Fig25_C_stability_performance_curve_pce/accepted/10.1016_j.rser.2021.111608__Fig25__C__stability_performance_curve_pce__Partial'_Encapsulation__Series_1.csv
x_time_h/10.1016_j.solener.2020.05.042/Fig4_E_stability_performance_curve/accepted/10.1016_j.solener.2020.05.042__Fig4__E__stability_performance_curve__without_PEABr__Series_1.csv,10.1016/j.solener.2020.05.042|Fig4_E_stability_performance_curve|10.1016_j.solener.2020.05.042__Fig4__E__stability_performance_curve__without_PEABr__Series_1,/Users/shunhao/Desktop/ML/lab/data_all/x_time_h/10.1016_j.solener.2020.05.042/Fig4_E_stability_performance_curve/accepted/10.1016_j.solener.2020.05.042__Fig4__E__stability_performance_curve__without_PEABr__Series_1.csv,x_time_h/10.1016_j.solener.2020.05.042/Fig4_E_stability_performance_curve/accepted/10.1016_j.solener.2020.05.042__Fig4__E__stability_performance_curve__without_PEABr__Series_1.csv,10.1016/j.solener.2020.05.042,Fig4_E_stability_performance_curve,Series_1,62,62,10,0,1297.0673314316132,212.6339887592809,True,0.9995407413608102,1.0,0.9524651090380432,1145,4,1,0,node_1_0,0.14229473901963177,1.0,0.9978516604552109,0.9892583022760552,0.9786842383222194,0.9631512782179079,0.9524651090380433,0.0,2,no_initial_change_stable,class_02,/Users/shunhao/Desktop/ML/lab/NEW/som_200h_reanalysis/02_selected_curve_database/paper_aligned_min4/x_time_h/10.1016_j.solener.2020.05.042/Fig4_E_stability_performance_curve/accepted/10.1016_j.solener.2020.05.042__Fig4__E__stability_performance_curve__without_PEABr__Series_1.csv
x_time_h/10.1016_j.solmat.2020.110407/Fig12_whole_sem_image_stability_performance_curve_pce/accepted/10.1016_j.solmat.2020.110407__Fig12__whole__sem_image_stability_performance_curve_pce__Modified_PSCs_with_GQDs__Series_1.csv,10.1016/j.solmat.2020.110407|Fig12_whole_sem_image_stability_performance_curve_pce|10.1016_j.solmat.2020.110407__Fig12__whole__sem_image_stability_performance_curve_pce__Modified_PSCs_with_GQDs__Series_1,/Users/shunhao/Desktop/ML/lab/data_all/x_time_h/10.1016_j.solmat.2020.110407/Fig12_whole_sem_image_stability_performance_curve_pce/accepted/10.1016_j.solmat.2020.110407__Fig12__whole__sem_image_stability_performance_curve_pce__Modified_PSCs_with_GQDs__Series_1.csv,x_time_h/10.1016_j.solmat.2020.110407/Fig12_whole_sem_image_stability_performance_curve_pce/accepted/10.1016_j.solmat.2020.110407__Fig12__whole__sem_image_stability_performance_curve_pce__Modified_PSCs_with_GQDs__Series_1.csv,10.1016/j.solmat.2020.110407,Fig12_whole_sem_image_stability_performance_curve_pce,Series_1,73,73,27,0,548.1721777304615,205.5645666489231,True,1.009822199297005,1.0,0.9348766394405922,1158,4,1,0,node_1_0,0.39477464808819845,1.0,0.9926017843706914,0.9781394342986302,0.960469665320272,0.945612767141063,0.9348766394405922,0.0,2,no_initial_change_stable,class_02,/Users/shunhao/Desktop/ML/lab/NEW/som_200h_reanalysis/02_selected_curve_database/paper_aligned_min4/x_time_h/10.1016_j.solmat.2020.110407/Fig12_whole_sem_image_stability_performance_curve_pce/accepted/10.1016_j.solmat.2020.110407__Fig12__whole__sem_image_stability_performance_curve_pce__Modified_PSCs_with_GQDs__Series_1.csv
x_time_h/10.1016_j.solmat.2020.110527/Fig8_whole_stability/accepted/10.1016_j.solmat.2020.110527__Fig8__whole__stability__Control__Series_1.csv,10.1016/j.solmat.2020.110527|Fig8_whole_stability|10.1016_j.solmat.2020.110527__Fig8__whole__stability__Control__Series_1,/Users/shunhao/Desktop/ML/lab/data_all/x_time_h/10.1016_j.solmat.2020.110527/Fig8_whole_stability/accepted/10.1016_j.solmat.2020.110527__Fig8__whole__stability__Control__Series_1.csv,x_time_h/10.1016_j.solmat.2020.110527/Fig8_whole_stability/accepted/10.1016_j.solmat.2020.110527__Fig8__whole__stability__Control__Series_1.csv,10.1016/j.solmat.2020.110527,Fig8_whole_stability,Series_1,78,78,8,0,2096.0757008364735,217.77409878820504,True,1.0025052579210434,1.0,0.9587236975444298,1161,4,1,0,node_1_0,0.24387763144846622,1.0,0.9993127643207302,0.9911862416743988,0.9790758105757383,0.9677056642881504,0.9587236975444298,0.0,2,no_initial_change_stable,class_02,/Users/shunhao/Desktop/ML/lab/NEW/som_200h_reanalysis/02_selected_curve_database/paper_aligned_min4/x_time_h/10.1016_j.solmat.2020.110527/Fig8_whole_stability/accepted/10.1016_j.solmat.2020.110527__Fig8__whole__stability__Control__Series_1.csv
x_time_h/10.1016_j.surfin.2021.101213/Fig5_A_stability_performance_curve_pce/accepted/10.1016_j.surfin.2021.101213__Fig5__A__stability_performance_curve_pce__Control__Series_1.csv,10.1016/j.surfin.2021.101213|Fig5_A_stability_performance_curve_pce|10.1016_j.surfin.2021.101213__Fig5__A__stability_performance_curve_pce__Control__Series_1,/Users/shunhao/Desktop/ML/lab/data_all/x_time_h/10.1016_j.surfin.2021.101213/Fig5_A_stability_performance_curve_pce/accepted/10.1016_j.surfin.2021.101213__Fig5__A__stability_performance_curve_pce__Control__Series_1.csv,x_time_h/10.1016_j.surfin.2021.101213/Fig5_A_stability_performance_curve_pce/accepted/10.1016_j.surfin.2021.101213__Fig5__A__stability_performance_curve_pce__Control__Series_1.csv,10.1016/j.surfin.2021.101213,Fig5_A_stability_performance_curve_pce,Series_1,61,61,17,0,710.9140606415456,201.42565051510456,True,0.9989927890813046,1.0,0.9386571149710764,1165,4,1,0,node_1_0,0.40121243370984816,1.0,0.996258256397657,0.975151373077693,0.9593071406568194,0.9482940219286841,0.9386571149710764,0.0,2,no_initial_change_stable,class_02,/Users/shunhao/Desktop/ML/lab/NEW/som_200h_reanalysis/02_selected_curve_database/paper_aligned_min4/x_time_h/10.1016_j.surfin.2021.101213/Fig5_A_stability_performance_curve_pce/accepted/10.1016_j.surfin.2021.101213__Fig5__A__stability_performance_curve_pce__Control__Series_1.csv
x_time_h/10.1016_j.synthmet.2020.116428/Fig6_A_stability_performance_curve_pce/accepted/10.1016_j.synthmet.2020.116428__Fig6__A__stability_performance_curve_pce__WithoutPMMA__Series_1.csv,10.1016/j.synthmet.2020.116428|Fig6_A_stability_performance_curve_pce|10.1016_j.synthmet.2020.116428__Fig6__A__stability_performance_curve_pce__WithoutPMMA__Series_1,/Users/shunhao/Desktop/ML/lab/data_all/x_time_h/10.1016_j.synthmet.2020.116428/Fig6_A_stability_performance_curve_pce/accepted/10.1016_j.synthmet.2020.116428__Fig6__A__stability_performance_curve_pce__WithoutPMMA__Series_1.csv,x_time_h/10.1016_j.synthmet.2020.116428/Fig6_A_stability_performance_curve_pce/accepted/10.1016_j.synthmet.2020.116428__Fig6__A__stability_performance_curve_pce__WithoutPMMA__Series_1.csv,10.1016/j.synthmet.2020.116428,Fig6_A_stability_performance_curve_pce,Series_1,121,121,35,0,692.3197024023262,201.9265798673452,True,10.989530489296202,1.0,0.935638561015038,1167,4,1,0,node_1_0,0.3160240488510163,1.0,1.0,0.9968212147373243,0.9863441116465148,0.9650347958633622,0.9356385610150381,0.0,2,no_initial_change_stable,class_02,/Users/shunhao/Desktop/ML/lab/NEW/som_200h_reanalysis/02_selected_curve_database/paper_aligned_min4/x_time_h/10.1016_j.synthmet.2020.116428/Fig6_A_stability_performance_curve_pce/accepted/10.1016_j.synthmet.2020.116428__Fig6__A__stability_performance_curve_pce__WithoutPMMA__Series_1.csv
x_time_h/10.1021_acs.chemmater.1c00662/Fig4_A_stability_performance_curve_pce/accepted/10.1021_acs.chemmater.1c00662__Fig4__A__stability_performance_curve_pce__PCBM_ZnO__Series_3.csv,10.1021/acs.chemmater.1c00662|Fig4_A_stability_performance_curve_pce|10.1021_acs.chemmater.1c00662__Fig4__A__stability_performance_curve_pce__PCBM_ZnO__Series_3,/Users/shunhao/Desktop/ML/lab/data_all/x_time_h/10.1021_acs.chemmater.1c00662/Fig4_A_stability_performance_curve_pce/accepted/10.1021_acs.chemmater.1c00662__Fig4__A__stability_performance_curve_pce__PCBM_ZnO__Series_3.csv,x_time_h/10.1021_acs.chemmater.1c00662/Fig4_A_stability_performance_curve_pce/accepted/10.1021_acs.chemmater.1c00662__Fig4__A__stability_performance_curve_pce__PCBM_ZnO__Series_3.csv,10.1021/acs.chemmater.1c00662,Fig4_A_stability_performance_curve_pce,Series_3,38,38,7,0,1096.6327806777124,207.47106661470235,True,1.0046440459818309,0.9993976075743696,0.9544426747488146,1177,4,1,0,node_1_0,0.4418559315705076,0.9993976075743697,0.9998655500729969,0.9972472357852408,0.9918029891567733,0.9735931461048227,0.9544426747488146,17.166666666666664,2,no_initial_change_stable,class_02,/Users/shunhao/Desktop/ML/lab/NEW/som_200h_reanalysis/02_selected_curve_database/paper_aligned_min4/x_time_h/10.1021_acs.chemmater.1c00662/Fig4_A_stability_performance_curve_pce/accepted/10.1021_acs.chemmater.1c00662__Fig4__A__stability_performance_curve_pce__PCBM_ZnO__Series_3.csv
x_time_h/10.1021_acs.energyfuels.0c01280/Fig4_whole_stability/accepted/10.1021_acs.energyfuels.0c01280__Fig4__whole__stability__Control_device_Without_encapsulation__Series_3.csv,10.1021/acs.energyfuels.0c01280|Fig4_whole_stability|10.1021_acs.energyfuels.0c01280__Fig4__whole__stability__Control_device_Without_encapsulation__Series_3,/Users/shunhao/Desktop/ML/lab/data_all/x_time_h/10.1021_acs.energyfuels.0c01280/Fig4_whole_stability/accepted/10.1021_acs.energyfuels.0c01280__Fig4__whole__stability__Control_device_Without_encapsulation__Series_3.csv,x_time_h/10.1021_acs.energyfuels.0c01280/Fig4_whole_stability/accepted/10.1021_acs.energyfuels.0c01280__Fig4__whole__stability__Control_device_Without_encapsulation__Series_3.csv,10.1021/acs.energyfuels.0c01280,Fig4_whole_stability,Series_3,54,54,11,0,996.6169625040568,206.84502995367217,True,1.0015970311934823,1.0,0.9506377542282248,1185,4,1,0,node_1_0,0.2027836456036586,1.0,0.9959418517973423,0.9869064072188262,0.9754798193616571,0.9693803195349358,0.9506377542282249,0.0,2,no_initial_change_stable,class_02,/Users/shunhao/Desktop/ML/lab/NEW/som_200h_reanalysis/02_selected_curve_database/paper_aligned_min4/x_time_h/10.1021_acs.energyfuels.0c01280/Fig4_whole_stability/accepted/10.1021_acs.energyfuels.0c01280__Fig4__whole__stability__Control_device_Without_encapsulation__Series_3.csv
x_time_h/10.1021_acs.jpcc.0c02628/Fig6_A_stability_performance_curve_pce_optimized_structure/accepted/10.1021_acs.jpcc.0c02628__Fig6__A__stability_performance_curve_pce_optimized_structure__SnO₂__Series_1.csv,10.1021/acs.jpcc.0c02628|Fig6_A_stability_performance_curve_pce_optimized_structure|10.1021_acs.jpcc.0c02628__Fig6__A__stability_performance_curve_pce_optimized_structure__SnO₂__Series_1,/Users/shunhao/Desktop/ML/lab/data_all/x_time_h/10.1021_acs.jpcc.0c02628/Fig6_A_stability_performance_curve_pce_optimized_structure/accepted/10.1021_acs.jpcc.0c02628__Fig6__A__stability_performance_curve_pce_optimized_structure__SnO₂__Series_1.csv,x_time_h/10.1021_acs.jpcc.0c02628/Fig6_A_stability_performance_curve_pce_optimized_structure/accepted/10.1021_acs.jpcc.0c02628__Fig6__A__stability_performance_curve_pce_optimized_structure__SnO₂__Series_1.csv,10.1021/acs.jpcc.0c02628,Fig6_A_stability_performance_curve_pce_optimized_structure,Series_1,44,44,9,0,1033.509447746238,216.31593092363124,True,1.0126386226381563,1.0,0.9088772195296052,1190,4,1,0,node_1_0,0.4340657897763084,1.0,0.9980705385914863,0.9903526929574316,0.9782102147411024,0.9548464815000848,0.9088772195296053,0.0,2,no_initial_change_stable,class_02,/Users/shunhao/Desktop/ML/lab/NEW/som_200h_reanalysis/02_selected_curve_database/paper_aligned_min4/x_time_h/10.1021_acs.jpcc.0c02628/Fig6_A_stability_performance_curve_pce_optimized_structure/accepted/10.1021_acs.jpcc.0c02628__Fig6__A__stability_performance_curve_pce_optimized_structure__SnO₂__Series_1.csv
x_time_h/10.1021_acs.jpcc.0c10805/Fig5_F_stability_performance_curve_pce/accepted/10.1021_acs.jpcc.0c10805__Fig5__F__stability_performance_curve_pce__Control__Series_1.csv,10.1021/acs.jpcc.0c10805|Fig5_F_stability_performance_curve_pce|10.1021_acs.jpcc.0c10805__Fig5__F__stability_performance_curve_pce__Control__Series_1,/Users/shunhao/Desktop/ML/lab/data_all/x_time_h/10.1021_acs.jpcc.0c10805/Fig5_F_stability_performance_curve_pce/accepted/10.1021_acs.jpcc.0c10805__Fig5__F__stability_performance_curve_pce__Control__Series_1.csv,x_time_h/10.1021_acs.jpcc.0c10805/Fig5_F_stability_performance_curve_pce/accepted/10.1021_acs.jpcc.0c10805__Fig5__F__stability_performance_curve_pce__Control__Series_1.csv,10.1021/acs.jpcc.0c10805,Fig5_F_stability_performance_curve_pce,Series_1,18,18,6,0,666.7822610650148,235.3349156700052,True,1.0051133332827056,1.0,0.9446624410788408,1193,4,1,0,node_1_0,0.23733896800744325,1.0,0.9972613406701656,0.9836589496194044,0.963656569747778,0.9522991654692713,0.9446624410788409,0.0,2,no_initial_change_stable,class_02,/Users/shunhao/Desktop/ML/lab/NEW/som_200h_reanalysis/02_selected_curve_database/paper_aligned_min4/x_time_h/10.1021_acs.jpcc.0c10805/Fig5_F_stability_performance_curve_pce/accepted/10.1021_acs.jpcc.0c10805__Fig5__F__stability_performance_curve_pce__Control__Series_1.csv
x_time_h/10.1021_acs.jpclett.9b03414/Fig5_H_stability/accepted/10.1021_acs.jpclett.9b03414__Fig5__H__stability__n=5__Series_1.csv,10.1021/acs.jpclett.9b03414|Fig5_H_stability|10.1021_acs.jpclett.9b03414__Fig5__H__stability__n=5__Series_1,/Users/shunhao/Desktop/ML/lab/data_all/x_time_h/10.1021_acs.jpclett.9b03414/Fig5_H_stability/accepted/10.1021_acs.jpclett.9b03414__Fig5__H__stability__n=5__Series_1.csv,x_time_h/10.1021_acs.jpclett.9b03414/Fig5_H_stability/accepted/10.1021_acs.jpclett.9b03414__Fig5__H__stability__n=5__Series_1.csv,10.1021/acs.jpclett.9b03414,Fig5_H_stability,Series_1,39,39,8,0,1003.28241683828,211.21735091332204,True,0.98927643262259,1.0,0.9564981472346368,1203,4,1,0,node_1_0,0.14399286980100615,1.0,0.9957123149455465,0.9841910809748612,0.9716842393856734,0.9613130503157276,0.9564981472346367,0.0,2,no_initial_change_stable,class_02,/Users/shunhao/Desktop/ML/lab/NEW/som_200h_reanalysis/02_selected_curve_database/paper_aligned_min4/x_time_h/10.1021_acs.jpclett.9b03414/Fig5_H_stability/accepted/10.1021_acs.jpclett.9b03414__Fig5__H__stability__n=5__Series_1.csv
x_time_h/10.1021_acs.jpclett.9b03414/Fig5_H_stability/accepted/10.1021_acs.jpclett.9b03414__Fig5__H__stability__n=∞__Series_4.csv,10.1021/acs.jpclett.9b03414|Fig5_H_stability|10.1021_acs.jpclett.9b03414__Fig5__H__stability__n=∞__Series_4,/Users/shunhao/Desktop/ML/lab/data_all/x_time_h/10.1021_acs.jpclett.9b03414/Fig5_H_stability/accepted/10.1021_acs.jpclett.9b03414__Fig5__H__stability__n=∞__Series_4.csv,x_time_h/10.1021_acs.jpclett.9b03414/Fig5_H_stability/accepted/10.1021_acs.jpclett.9b03414__Fig5__H__stability__n=∞__Series_4.csv,10.1021/acs.jpclett.9b03414,Fig5_H_stability,Series_4,40,40,8,0,1029.6845857024452,211.2173509133221,True,1.0056097695529955,1.0,0.9381320904231288,1204,4,1,0,node_1_0,0.33323079425026214,1.0,0.9978731880294031,0.9849984828687299,0.9592969670223166,0.9474657968450898,0.9381320904231287,0.0,2,no_initial_change_stable,class_02,/Users/shunhao/Desktop/ML/lab/NEW/som_200h_reanalysis/02_selected_curve_database/paper_aligned_min4/x_time_h/10.1021_acs.jpclett.9b03414/Fig5_H_stability/accepted/10.1021_acs.jpclett.9b03414__Fig5__H__stability__n=∞__Series_4.csv
x_time_h/10.1021_acsaelm.1c00084/Fig2_F_stability_performance_curve_pce/accepted/10.1021_acsaelm.1c00084__Fig2__F__stability_performance_curve_pce__一with_α-terpineol__Series_1.csv,10.1021/acsaelm.1c00084|Fig2_F_stability_performance_curve_pce|10.1021_acsaelm.1c00084__Fig2__F__stability_performance_curve_pce__一with_α-terpineol__Series_1,/Users/shunhao/Desktop/ML/lab/data_all/x_time_h/10.1021_acsaelm.1c00084/Fig2_F_stability_performance_curve_pce/accepted/10.1021_acsaelm.1c00084__Fig2__F__stability_performance_curve_pce__一with_α-terpineol__Series_1.csv,x_time_h/10.1021_acsaelm.1c00084/Fig2_F_stability_performance_curve_pce/accepted/10.1021_acsaelm.1c00084__Fig2__F__stability_performance_curve_pce__一with_α-terpineol__Series_1.csv,10.1021/acsaelm.1c00084,Fig2_F_stability_performance_curve_pce,Series_1,41,41,16,0,505.5565911301279,202.2226364520512,True,100.56859866527854,1.0,0.929485043654504,1209,4,1,0,node_1_0,0.2537896674949132,1.0,0.9963847040049875,0.9834466339575751,0.9667872294183779,0.9518630158053629,0.9294850436545041,0.0,2,no_initial_change_stable,class_02,/Users/shunhao/Desktop/ML/lab/NEW/som_200h_reanalysis/02_selected_curve_database/paper_aligned_min4/x_time_h/10.1021_acsaelm.1c00084/Fig2_F_stability_performance_curve_pce/accepted/10.1021_acsaelm.1c00084__Fig2__F__stability_performance_curve_pce__一with_α-terpineol__Series_1.csv
x_time_h/10.1021_acsaem.0c01329/Fig5_F_stability_performance_curve_pce/accepted/10.1021_acsaem.0c01329__Fig5__F__stability_performance_curve_pce__0_mg_mL__Series_1.csv,10.1021/acsaem.0c01329|Fig5_F_stability_performance_curve_pce|10.1021_acsaem.0c01329__Fig5__F__stability_performance_curve_pce__0_mg_mL__Series_1,/Users/shunhao/Desktop/ML/lab/data_all/x_time_h/10.1021_acsaem.0c01329/Fig5_F_stability_performance_curve_pce/accepted/10.1021_acsaem.0c01329__Fig5__F__stability_performance_curve_pce__0_mg_mL__Series_1.csv,x_time_h/10.1021_acsaem.0c01329/Fig5_F_stability_performance_curve_pce/accepted/10.1021_acsaem.0c01329__Fig5__F__stability_performance_curve_pce__0_mg_mL__Series_1.csv,10.1021/acsaem.0c01329,Fig5_F_stability_performance_curve_pce,Series_1,57,57,9,0,1382.1634023933586,222.1334039560755,True,1.007696541771675,1.0,0.9529873898154532,1215,4,1,0,node_1_0,0.21013857874787864,1.0,0.9967854457747624,0.988273710759716,0.9811750236128333,0.9692486676196197,0.9529873898154531,0.0,2,no_initial_change_stable,class_02,/Users/shunhao/Desktop/ML/lab/NEW/som_200h_reanalysis/02_selected_curve_database/paper_aligned_min4/x_time_h/10.1021_acsaem.0c01329/Fig5_F_stability_performance_curve_pce/accepted/10.1021_acsaem.0c01329__Fig5__F__stability_performance_curve_pce__0_mg_mL__Series_1.csv
x_time_h/10.1021_acsaem.0c02895/Fig6_C_stability_performance_curve_pce/accepted/10.1021_acsaem.0c02895__Fig6__C__stability_performance_curve_pce__Control__Series_2.csv,10.1021/acsaem.0c02895|Fig6_C_stability_performance_curve_pce|10.1021_acsaem.0c02895__Fig6__C__stability_performance_curve_pce__Control__Series_2,/Users/shunhao/Desktop/ML/lab/data_all/x_time_h/10.1021_acsaem.0c02895/Fig6_C_stability_performance_curve_pce/accepted/10.1021_acsaem.0c02895__Fig6__C__stability_performance_curve_pce__Control__Series_2.csv,x_time_h/10.1021_acsaem.0c02895/Fig6_C_stability_performance_curve_pce/accepted/10.1021_acsaem.0c02895__Fig6__C__stability_performance_curve_pce__Control__Series_2.csv,10.1021/acsaem.0c02895,Fig6_C_stability_performance_curve_pce,Series_2,51,51,10,0,1033.3882786895892,206.6776557379178,True,1.0033877752881033,0.9998220059894594,0.9591648400130832,1220,4,1,0,node_1_0,0.5336264685803455,0.9998220059894594,0.9998220059894594,0.9999446459683717,0.9954041596899326,0.9757179527649861,0.9591648400130831,55.166666666666664,2,no_initial_change_stable,class_02,/Users/shunhao/Desktop/ML/lab/NEW/som_200h_reanalysis/02_selected_curve_database/paper_aligned_min4/x_time_h/10.1021_acsaem.0c02895/Fig6_C_stability_performance_curve_pce/accepted/10.1021_acsaem.0c02895__Fig6__C__stability_performance_curve_pce__Control__Series_2.csv
x_time_h/10.1021_acsaem.0c02941/Fig4_A_stability_performance_curve_pce/accepted/10.1021_acsaem.0c02941__Fig4__A__stability_performance_curve_pce__Control__Series_1.csv,10.1021/acsaem.0c02941|Fig4_A_stability_performance_curve_pce|10.1021_acsaem.0c02941__Fig4__A__stability_performance_curve_pce__Control__Series_1,/Users/shunhao/Desktop/ML/lab/data_all/x_time_h/10.1021_acsaem.0c02941/Fig4_A_stability_performance_curve_pce/accepted/10.1021_acsaem.0c02941__Fig4__A__stability_performance_curve_pce__Control__Series_1.csv,x_time_h/10.1021_acsaem.0c02941/Fig4_A_stability_performance_curve_pce/accepted/10.1021_acsaem.0c02941__Fig4__A__stability_performance_curve_pce__Control__Series_1.csv,10.1021/acsaem.0c02941,Fig4_A_stability_performance_curve_pce,Series_1,55,55,15,0,720.8169736778029,200.226937132723,True,1.0056972366000023,1.0,0.959916876387582,1221,4,1,0,node_1_0,0.2811052666322107,1.0,0.99608329480719,0.9880462986478815,0.9795295754616543,0.970130761312387,0.9599168763875819,0.0,2,no_initial_change_stable,class_02,/Users/shunhao/Desktop/ML/lab/NEW/som_200h_reanalysis/02_selected_curve_database/paper_aligned_min4/x_time_h/10.1021_acsaem.0c02941/Fig4_A_stability_performance_curve_pce/accepted/10.1021_acsaem.0c02941__Fig4__A__stability_performance_curve_pce__Control__Series_1.csv
x_time_h/10.1021_acsaem.1c00009/Fig5_E_stability_performance_curve_pce/accepted/10.1021_acsaem.1c00009__Fig5__E__stability_performance_curve_pce__Pristine__Series_1.csv,10.1021/acsaem.1c00009|Fig5_E_stability_performance_curve_pce|10.1021_acsaem.1c00009__Fig5__E__stability_performance_curve_pce__Pristine__Series_1,/Users/shunhao/Desktop/ML/lab/data_all/x_time_h/10.1021_acsaem.1c00009/Fig5_E_stability_performance_curve_pce/accepted/10.1021_acsaem.1c00009__Fig5__E__stability_performance_curve_pce__Pristine__Series_1.csv,x_time_h/10.1021_acsaem.1c00009/Fig5_E_stability_performance_curve_pce/accepted/10.1021_acsaem.1c00009__Fig5__E__stability_performance_curve_pce__Pristine__Series_1.csv,10.1021/acsaem.1c00009,Fig5_E_stability_performance_curve_pce,Series_1,69,69,20,0,709.4231925967979,208.65388017552883,True,1.0030088729181237,1.0,0.9629687829011868,1224,4,1,0,node_1_0,0.35390688731013775,1.0,0.9975526921539984,0.9884459892484473,0.9810533504651507,0.9738381555841833,0.9629687829011868,0.0,2,no_initial_change_stable,class_02,/Users/shunhao/Desktop/ML/lab/NEW/som_200h_reanalysis/02_selected_curve_database/paper_aligned_min4/x_time_h/10.1021_acsaem.1c00009/Fig5_E_stability_performance_curve_pce/accepted/10.1021_acsaem.1c00009__Fig5__E__stability_performance_curve_pce__Pristine__Series_1.csv
x_time_h/10.1021_acsaem.9b02037/Fig3_D_stability_performance_curve_pce/accepted/10.1021_acsaem.9b02037__Fig3__D__stability_performance_curve_pce__without_rGO__Series_2.csv,10.1021/acsaem.9b02037|Fig3_D_stability_performance_curve_pce|10.1021_acsaem.9b02037__Fig3__D__stability_performance_curve_pce__without_rGO__Series_2,/Users/shunhao/Desktop/ML/lab/data_all/x_time_h/10.1021_acsaem.9b02037/Fig3_D_stability_performance_curve_pce/accepted/10.1021_acsaem.9b02037__Fig3__D__stability_performance_curve_pce__without_rGO__Series_2.csv,x_time_h/10.1021_acsaem.9b02037/Fig3_D_stability_performance_curve_pce/accepted/10.1021_acsaem.9b02037__Fig3__D__stability_performance_curve_pce__without_rGO__Series_2.csv,10.1021/acsaem.9b02037,Fig3_D_stability_performance_curve_pce,Series_2,32,32,11,0,596.2690816506969,211.57935155347303,True,1.0026202117319138,1.0,0.9362903265007536,1236,4,1,0,node_1_0,0.32215107030203577,1.0,0.9987276743800482,0.9880220052835186,0.9837440808718928,0.9768550870579995,0.9362903265007537,0.0,2,no_initial_change_stable,class_02,/Users/shunhao/Desktop/ML/lab/NEW/som_200h_reanalysis/02_selected_curve_database/paper_aligned_min4/x_time_h/10.1021_acsaem.9b02037/Fig3_D_stability_performance_curve_pce/accepted/10.1021_acsaem.9b02037__Fig3__D__stability_performance_curve_pce__without_rGO__Series_2.csv
x_time_h/10.1021_acsami.0c00607/Fig6_A_stability_performance_curve_pce/accepted/10.1021_acsami.0c00607__Fig6__A__stability_performance_curve_pce__Control_device__Series_1.csv,10.1021/acsami.0c00607|Fig6_A_stability_performance_curve_pce|10.1021_acsami.0c00607__Fig6__A__stability_performance_curve_pce__Control_device__Series_1,/Users/shunhao/Desktop/ML/lab/data_all/x_time_h/10.1021_acsami.0c00607/Fig6_A_stability_performance_curve_pce/accepted/10.1021_acsami.0c00607__Fig6__A__stability_performance_curve_pce__Control_device__Series_1.csv,x_time_h/10.1021_acsami.0c00607/Fig6_A_stability_performance_curve_pce/accepted/10.1021_acsami.0c00607__Fig6__A__stability_performance_curve_pce__Control_device__Series_1.csv,10.1021/acsami.0c00607,Fig6_A_stability_performance_curve_pce,Series_1,45,45,5,0,1995.6665458636817,226.78028930269105,True,0.9992521558614672,1.0,0.9556720163467396,1238,4,1,0,node_1_0,0.2786574824343559,1.0,0.9987857534033566,0.9930383231841292,0.9828267985449204,0.9690227032925604,0.9556720163467395,0.0,2,no_initial_change_stable,class_02,/Users/shunhao/Desktop/ML/lab/NEW/som_200h_reanalysis/02_selected_curve_database/paper_aligned_min4/x_time_h/10.1021_acsami.0c00607/Fig6_A_stability_performance_curve_pce/accepted/10.1021_acsami.0c00607__Fig6__A__stability_performance_curve_pce__Control_device__Series_1.csv
x_time_h/10.1021_acsami.0c02837/Fig5_D_stability_performance_curve_pce/accepted/10.1021_acsami.0c02837__Fig5__D__stability_performance_curve_pce__c-PSCs__Series_2.csv,10.1021/acsami.0c02837|Fig5_D_stability_performance_curve_pce|10.1021_acsami.0c02837__Fig5__D__stability_performance_curve_pce__c-PSCs__Series_2,/Users/shunhao/Desktop/ML/lab/data_all/x_time_h/10.1021_acsami.0c02837/Fig5_D_stability_performance_curve_pce/accepted/10.1021_acsami.0c02837__Fig5__D__stability_performance_curve_pce__c-PSCs__Series_2.csv,x_time_h/10.1021_acsami.0c02837/Fig5_D_stability_performance_curve_pce/accepted/10.1021_acsami.0c02837__Fig5__D__stability_performance_curve_pce__c-PSCs__Series_2.csv,10.1021/acsami.0c02837,Fig5_D_stability_performance_curve_pce,Series_2,59,59,24,0,502.6770804114328,208.0043091357653,True,0.9963615514931752,1.0,0.940959509715084,1240,4,1,0,node_1_0,0.3854957289061515,1.0,0.9924271832231394,0.9708402218049613,0.9614618180591467,0.9516474033855756,0.940959509715084,0.0,2,no_initial_change_stable,class_02,/Users/shunhao/Desktop/ML/lab/NEW/som_200h_reanalysis/02_selected_curve_database/paper_aligned_min4/x_time_h/10.1021_acsami.0c02837/Fig5_D_stability_performance_curve_pce/accepted/10.1021_acsami.0c02837__Fig5__D__stability_performance_curve_pce__c-PSCs__Series_2.csv
x_time_h/10.1021_acsami.0c03660/Fig5_A_stability_performance_curve_voc/accepted/10.1021_acsami.0c03660__Fig5__A__stability_performance_curve_voc__o—Li-doped_cell__Series_1.csv,10.1021/acsami.0c03660|Fig5_A_stability_performance_curve_voc|10.1021_acsami.0c03660__Fig5__A__stability_performance_curve_voc__o—Li-doped_cell__Series_1,/Users/shunhao/Desktop/ML/lab/data_all/x_time_h/10.1021_acsami.0c03660/Fig5_A_stability_performance_curve_voc/accepted/10.1021_acsami.0c03660__Fig5__A__stability_performance_curve_voc__o—Li-doped_cell__Series_1.csv,x_time_h/10.1021_acsami.0c03660/Fig5_A_stability_performance_curve_voc/accepted/10.1021_acsami.0c03660__Fig5__A__stability_performance_curve_voc__o—Li-doped_cell__Series_1.csv,10.1021/acsami.0c03660,Fig5_A_stability_performance_curve_voc,Series_1,56,56,10,0,1101.303435900363,200.2369883455205,True,1.0354576178068906,0.9997923798201992,0.9400861473713572,1241,4,1,0,node_1_0,0.33180897050564595,0.9997923798201992,1.0,0.9980682720808538,0.9882246075976804,0.963339638704916,0.9400861473713573,10.0,2,no_initial_change_stable,class_02,/Users/shunhao/Desktop/ML/lab/NEW/som_200h_reanalysis/02_selected_curve_database/paper_aligned_min4/x_time_h/10.1021_acsami.0c03660/Fig5_A_stability_performance_curve_voc/accepted/10.1021_acsami.0c03660__Fig5__A__stability_performance_curve_voc__o—Li-doped_cell__Series_1.csv
x_time_h/10.1021_acsami.0c04975/Fig6_A_stability_performance_curve_pce/accepted/10.1021_acsami.0c04975__Fig6__A__stability_performance_curve_pce__4-F__Series_2.csv,10.1021/acsami.0c04975|Fig6_A_stability_performance_curve_pce|10.1021_acsami.0c04975__Fig6__A__stability_performance_curve_pce__4-F__Series_2,/Users/shunhao/Desktop/ML/lab/data_all/x_time_h/10.1021_acsami.0c04975/Fig6_A_stability_performance_curve_pce/accepted/10.1021_acsami.0c04975__Fig6__A__stability_performance_curve_pce__4-F__Series_2.csv,x_time_h/10.1021_acsami.0c04975/Fig6_A_stability_performance_curve_pce/accepted/10.1021_acsami.0c04975__Fig6__A__stability_performance_curve_pce__4-F__Series_2.csv,10.1021/acsami.0c04975,Fig6_A_stability_performance_curve_pce,Series_2,59,59,20,0,587.8777129073142,202.71645272666,True,1.0135602211643049,0.9995615012998652,0.9523228108783494,1245,4,1,0,node_1_0,0.13549095542035577,0.9995615012998652,0.9995914233459514,0.9883214638258007,0.9770814263517359,0.963562848352414,0.9523228108783494,5.833333333333333,2,no_initial_change_stable,class_02,/Users/shunhao/Desktop/ML/lab/NEW/som_200h_reanalysis/02_selected_curve_database/paper_aligned_min4/x_time_h/10.1021_acsami.0c04975/Fig6_A_stability_performance_curve_pce/accepted/10.1021_acsami.0c04975__Fig6__A__stability_performance_curve_pce__4-F__Series_2.csv
x_time_h/10.1021_acsami.0c08827/Fig5_C_stability_performance_curve_pce/accepted/10.1021_acsami.0c08827__Fig5__C__stability_performance_curve_pce__。Pristine__Series_1.csv,10.1021/acsami.0c08827|Fig5_C_stability_performance_curve_pce|10.1021_acsami.0c08827__Fig5__C__stability_performance_curve_pce__。Pristine__Series_1,/Users/shunhao/Desktop/ML/lab/data_all/x_time_h/10.1021_acsami.0c08827/Fig5_C_stability_performance_curve_pce/accepted/10.1021_acsami.0c08827__Fig5__C__stability_performance_curve_pce__。Pristine__Series_1.csv,x_time_h/10.1021_acsami.0c08827/Fig5_C_stability_performance_curve_pce/accepted/10.1021_acsami.0c08827__Fig5__C__stability_performance_curve_pce__。Pristine__Series_1.csv,10.1021/acsami.0c08827,Fig5_C_stability_performance_curve_pce,Series_1,46,46,19,0,484.75086485149706,204.6725873817432,True,1.0325463740875014,1.0,0.9511664206085828,1256,4,1,0,node_1_0,0.4987997422926152,1.0,0.9969428037219705,0.9682234808250011,0.9556928492701346,0.9524517280816145,0.9511664206085827,0.0,2,no_initial_change_stable,class_02,/Users/shunhao/Desktop/ML/lab/NEW/som_200h_reanalysis/02_selected_curve_database/paper_aligned_min4/x_time_h/10.1021_acsami.0c08827/Fig5_C_stability_performance_curve_pce/accepted/10.1021_acsami.0c08827__Fig5__C__stability_performance_curve_pce__。Pristine__Series_1.csv
x_time_h/10.1021_acsami.0c11164/Fig4_D_stability_performance_curve_pce/accepted/10.1021_acsami.0c11164__Fig4__D__stability_performance_curve_pce__Control__Series_2.csv,10.1021/acsami.0c11164|Fig4_D_stability_performance_curve_pce|10.1021_acsami.0c11164__Fig4__D__stability_performance_curve_pce__Control__Series_2,/Users/shunhao/Desktop/ML/lab/data_all/x_time_h/10.1021_acsami.0c11164/Fig4_D_stability_performance_curve_pce/accepted/10.1021_acsami.0c11164__Fig4__D__stability_performance_curve_pce__Control__Series_2.csv,x_time_h/10.1021_acsami.0c11164/Fig4_D_stability_performance_curve_pce/accepted/10.1021_acsami.0c11164__Fig4__D__stability_performance_curve_pce__Control__Series_2.csv,10.1021/acsami.0c11164,Fig4_D_stability_performance_curve_pce,Series_2,46,46,9,0,1062.1163456658824,212.4232691331765,True,1.0000632952291073,1.0,0.9685093155807192,1258,4,1,0,node_1_0,0.34535464711221886,1.0,0.994830777031908,0.984009363010017,0.9766375932920327,0.971686085838623,0.9685093155807193,0.0,2,no_initial_change_stable,class_02,/Users/shunhao/Desktop/ML/lab/NEW/som_200h_reanalysis/02_selected_curve_database/paper_aligned_min4/x_time_h/10.1021_acsami.0c11164/Fig4_D_stability_performance_curve_pce/accepted/10.1021_acsami.0c11164__Fig4__D__stability_performance_curve_pce__Control__Series_2.csv
x_time_h/10.1021_acsami.0c12044/Fig2_C_stability_performance_curve_pce/accepted/10.1021_acsami.0c12044__Fig2__C__stability_performance_curve_pce__Control__Series_1.csv,10.1021/acsami.0c12044|Fig2_C_stability_performance_curve_pce|10.1021_acsami.0c12044__Fig2__C__stability_performance_curve_pce__Control__Series_1,/Users/shunhao/Desktop/ML/lab/data_all/x_time_h/10.1021_acsami.0c12044/Fig2_C_stability_performance_curve_pce/accepted/10.1021_acsami.0c12044__Fig2__C__stability_performance_curve_pce__Control__Series_1.csv,x_time_h/10.1021_acsami.0c12044/Fig2_C_stability_performance_curve_pce/accepted/10.1021_acsami.0c12044__Fig2__C__stability_performance_curve_pce__Control__Series_1.csv,10.1021/acsami.0c12044,Fig2_C_stability_performance_curve_pce,Series_1,35,35,8,0,951.4558232880416,223.87195842071569,True,1.0033393351239348,1.0,0.9626937965816706,1259,4,1,0,node_1_0,0.40517508534806185,1.0,0.9992667340418045,0.9920736453429227,0.9844382076751851,0.9745280824394247,0.9626937965816706,0.0,2,no_initial_change_stable,class_02,/Users/shunhao/Desktop/ML/lab/NEW/som_200h_reanalysis/02_selected_curve_database/paper_aligned_min4/x_time_h/10.1021_acsami.0c12044/Fig2_C_stability_performance_curve_pce/accepted/10.1021_acsami.0c12044__Fig2__C__stability_performance_curve_pce__Control__Series_1.csv
x_time_h/10.1021_acsami.0c12044/Fig2_D_stability_performance_curve/accepted/10.1021_acsami.0c12044__Fig2__D__stability_performance_curve__Control__Series_1.csv,10.1021/acsami.0c12044|Fig2_D_stability_performance_curve|10.1021_acsami.0c12044__Fig2__D__stability_performance_curve__Control__Series_1,/Users/shunhao/Desktop/ML/lab/data_all/x_time_h/10.1021_acsami.0c12044/Fig2_D_stability_performance_curve/accepted/10.1021_acsami.0c12044__Fig2__D__stability_performance_curve__Control__Series_1.csv,x_time_h/10.1021_acsami.0c12044/Fig2_D_stability_performance_curve/accepted/10.1021_acsami.0c12044__Fig2__D__stability_performance_curve__Control__Series_1.csv,10.1021/acsami.0c12044,Fig2_D_stability_performance_curve,Series_1,35,35,8,0,961.6261531587744,226.26497721382924,True,1.0044113717651726,1.0,0.9259541978031894,1260,4,1,0,node_1_0,0.38830940496054944,1.0,0.9987853028997504,0.9845131560818278,0.9627152963431708,0.9453049784435684,0.9259541978031894,0.0,2,no_initial_change_stable,class_02,/Users/shunhao/Desktop/ML/lab/NEW/som_200h_reanalysis/02_selected_curve_database/paper_aligned_min4/x_time_h/10.1021_acsami.0c12044/Fig2_D_stability_performance_curve/accepted/10.1021_acsami.0c12044__Fig2__D__stability_performance_curve__Control__Series_1.csv
x_time_h/10.1021_acsami.0c17773/Fig4_F_eis_plot_stability_performance_curve_pce_voc/accepted/10.1021_acsami.0c17773__Fig4__F__eis_plot_stability_performance_curve_pce_voc__W_O_F-PEAI__Series_1.csv,10.1021/acsami.0c17773|Fig4_F_eis_plot_stability_performance_curve_pce_voc|10.1021_acsami.0c17773__Fig4__F__eis_plot_stability_performance_curve_pce_voc__W_O_F-PEAI__Series_1,/Users/shunhao/Desktop/ML/lab/data_all/x_time_h/10.1021_acsami.0c17773/Fig4_F_eis_plot_stability_performance_curve_pce_voc/accepted/10.1021_acsami.0c17773__Fig4__F__eis_plot_stability_performance_curve_pce_voc__W_O_F-PEAI__Series_1.csv,x_time_h/10.1021_acsami.0c17773/Fig4_F_eis_plot_stability_performance_curve_pce_voc/accepted/10.1021_acsami.0c17773__Fig4__F__eis_plot_stability_performance_curve_pce_voc__W_O_F-PEAI__Series_1.csv,10.1021/acsami.0c17773,Fig4_F_eis_plot_stability_performance_curve_pce_voc,Series_1,55,55,15,0,724.7264589877533,201.3129052743759,True,1.0023123526950088,1.0,0.9612618300113348,1272,4,1,0,node_1_0,0.3526095540816916,1.0,0.9993415385408171,0.9923488981484805,0.9835117788578602,0.9721758387288131,0.9612618300113349,0.0,2,no_initial_change_stable,class_02,/Users/shunhao/Desktop/ML/lab/NEW/som_200h_reanalysis/02_selected_curve_database/paper_aligned_min4/x_time_h/10.1021_acsami.0c17773/Fig4_F_eis_plot_stability_performance_curve_pce_voc/accepted/10.1021_acsami.0c17773__Fig4__F__eis_plot_stability_performance_curve_pce_voc__W_O_F-PEAI__Series_1.csv
x_time_h/10.1021_acsami.1c07610/Fig5_A_stability_performance_curve/accepted/10.1021_acsami.1c07610__Fig5__A__stability_performance_curve__control__Series_2.csv,10.1021/acsami.1c07610|Fig5_A_stability_performance_curve|10.1021_acsami.1c07610__Fig5__A__stability_performance_curve__control__Series_2,/Users/shunhao/Desktop/ML/lab/data_all/x_time_h/10.1021_acsami.1c07610/Fig5_A_stability_performance_curve/accepted/10.1021_acsami.1c07610__Fig5__A__stability_performance_curve__control__Series_2.csv,x_time_h/10.1021_acsami.1c07610/Fig5_A_stability_performance_curve/accepted/10.1021_acsami.1c07610__Fig5__A__stability_performance_curve__control__Series_2.csv,10.1021/acsami.1c07610,Fig5_A_stability_performance_curve,Series_2,50,50,8,0,1391.8266931542014,227.2370111272166,True,100.08240118844172,1.0,0.9537684760253968,1283,4,1,0,node_1_0,0.32567298304132336,1.0,0.9945912638525576,0.9760234652962073,0.9604237867613697,0.9555889723086034,0.9537684760253969,0.0,2,no_initial_change_stable,class_02,/Users/shunhao/Desktop/ML/lab/NEW/som_200h_reanalysis/02_selected_curve_database/paper_aligned_min4/x_time_h/10.1021_acsami.1c07610/Fig5_A_stability_performance_curve/accepted/10.1021_acsami.1c07610__Fig5__A__stability_performance_curve__control__Series_2.csv
x_time_h/10.1021_acsami.1c09742/Fig4_D_stability_performance_curve_pce/accepted/10.1021_acsami.1c09742__Fig4__D__stability_performance_curve_pce__Control_device__Series_2.csv,10.1021/acsami.1c09742|Fig4_D_stability_performance_curve_pce|10.1021_acsami.1c09742__Fig4__D__stability_performance_curve_pce__Control_device__Series_2,/Users/shunhao/Desktop/ML/lab/data_all/x_time_h/10.1021_acsami.1c09742/Fig4_D_stability_performance_curve_pce/accepted/10.1021_acsami.1c09742__Fig4__D__stability_performance_curve_pce__Control_device__Series_2.csv,x_time_h/10.1021_acsami.1c09742/Fig4_D_stability_performance_curve_pce/accepted/10.1021_acsami.1c09742__Fig4__D__stability_performance_curve_pce__Control_device__Series_2.csv,10.1021/acsami.1c09742,Fig4_D_stability_performance_curve_pce,Series_2,39,39,8,0,964.3643442027708,203.02407246374125,True,1.0032592279294783,0.9993577206502386,0.9190506997113828,1284,4,1,0,node_1_0,0.3793741399369783,0.9993577206502386,0.9993577206502386,0.9994792943819955,0.9825325504690878,0.9532176568448704,0.9190506997113828,42.33333333333333,2,no_initial_change_stable,class_02,/Users/shunhao/Desktop/ML/lab/NEW/som_200h_reanalysis/02_selected_curve_database/paper_aligned_min4/x_time_h/10.1021_acsami.1c09742/Fig4_D_stability_performance_curve_pce/accepted/10.1021_acsami.1c09742__Fig4__D__stability_performance_curve_pce__Control_device__Series_2.csv
x_time_h/10.1021_acsami.1c12826/Fig4_B_stability_performance_curve_pce/accepted/10.1021_acsami.1c12826__Fig4__B__stability_performance_curve_pce__Pristine__Series_1.csv,10.1021/acsami.1c12826|Fig4_B_stability_performance_curve_pce|10.1021_acsami.1c12826__Fig4__B__stability_performance_curve_pce__Pristine__Series_1,/Users/shunhao/Desktop/ML/lab/data_all/x_time_h/10.1021_acsami.1c12826/Fig4_B_stability_performance_curve_pce/accepted/10.1021_acsami.1c12826__Fig4__B__stability_performance_curve_pce__Pristine__Series_1.csv,x_time_h/10.1021_acsami.1c12826/Fig4_B_stability_performance_curve_pce/accepted/10.1021_acsami.1c12826__Fig4__B__stability_performance_curve_pce__Pristine__Series_1.csv,10.1021/acsami.1c12826,Fig4_B_stability_performance_curve_pce,Series_1,46,46,16,0,575.4607766612709,204.60827614622968,True,1.003965574159697,1.0,0.9604147863308484,1285,4,1,0,node_1_0,0.2662803365447371,1.0,0.9924143166054886,0.9810679292288456,0.9732476282838346,0.9626782780267857,0.9604147863308484,0.0,2,no_initial_change_stable,class_02,/Users/shunhao/Desktop/ML/lab/NEW/som_200h_reanalysis/02_selected_curve_database/paper_aligned_min4/x_time_h/10.1021_acsami.1c12826/Fig4_B_stability_performance_curve_pce/accepted/10.1021_acsami.1c12826__Fig4__B__stability_performance_curve_pce__Pristine__Series_1.csv
x_time_h/10.1021_acsami.8b02035/Fig5_A_stability_performance_curve_pce/accepted/10.1021_acsami.8b02035__Fig5__A__stability_performance_curve_pce__NiO(m)&BSO_PCBM__Series_4.csv,10.1021/acsami.8b02035|Fig5_A_stability_performance_curve_pce|10.1021_acsami.8b02035__Fig5__A__stability_performance_curve_pce__NiO(m)&BSO_PCBM__Series_4,/Users/shunhao/Desktop/ML/lab/data_all/x_time_h/10.1021_acsami.8b02035/Fig5_A_stability_performance_curve_pce/accepted/10.1021_acsami.8b02035__Fig5__A__stability_performance_curve_pce__NiO(m)&BSO_PCBM__Series_4.csv,x_time_h/10.1021_acsami.8b02035/Fig5_A_stability_performance_curve_pce/accepted/10.1021_acsami.8b02035__Fig5__A__stability_performance_curve_pce__NiO(m)&BSO_PCBM__Series_4.csv,10.1021/acsami.8b02035,Fig5_A_stability_performance_curve_pce,Series_4,79,79,24,0,638.3979114290298,207.47932121443472,True,1.022006621476811,0.9844052363884952,0.9523392657184176,1298,4,1,0,node_1_0,0.33344644893280306,0.9844052363884953,0.9935564729579066,0.9693765347646349,0.9703465227651826,0.9622350563904304,0.9523392657184176,21.833333333333332,2,no_initial_change_stable,class_02,/Users/shunhao/Desktop/ML/lab/NEW/som_200h_reanalysis/02_selected_curve_database/paper_aligned_min4/x_time_h/10.1021_acsami.8b02035/Fig5_A_stability_performance_curve_pce/accepted/10.1021_acsami.8b02035__Fig5__A__stability_performance_curve_pce__NiO(m)&BSO_PCBM__Series_4.csv
"x_time_h/10.1021_acsami.8b02035/Fig5_A_stability_performance_curve_pce/accepted/10.1021_acsami.8b02035__Fig5__A__stability_performance_curve_pce__NiO,&BSO_PCBM__Series_3.csv","10.1021/acsami.8b02035|Fig5_A_stability_performance_curve_pce|10.1021_acsami.8b02035__Fig5__A__stability_performance_curve_pce__NiO,&BSO_PCBM__Series_3","/Users/shunhao/Desktop/ML/lab/data_all/x_time_h/10.1021_acsami.8b02035/Fig5_A_stability_performance_curve_pce/accepted/10.1021_acsami.8b02035__Fig5__A__stability_performance_curve_pce__NiO,&BSO_PCBM__Series_3.csv","x_time_h/10.1021_acsami.8b02035/Fig5_A_stability_performance_curve_pce/accepted/10.1021_acsami.8b02035__Fig5__A__stability_performance_curve_pce__NiO,&BSO_PCBM__Series_3.csv",10.1021/acsami.8b02035,Fig5_A_stability_performance_curve_pce,Series_3,81,81,26,0,638.3979114290298,207.47932121443472,True,1.0200821683049457,0.9843795392186342,0.933306512666145,1300,4,1,0,node_1_0,0.22629748081309548,0.9843795392186342,0.9910917063610583,0.9979807968340119,0.9672131654157963,0.9550182755765912,0.933306512666145,45.166666666666664,2,no_initial_change_stable,class_02,"/Users/shunhao/Desktop/ML/lab/NEW/som_200h_reanalysis/02_selected_curve_database/paper_aligned_min4/x_time_h/10.1021_acsami.8b02035/Fig5_A_stability_performance_curve_pce/accepted/10.1021_acsami.8b02035__Fig5__A__stability_performance_curve_pce__NiO,&BSO_PCBM__Series_3.csv"
x_time_h/10.1021_acsami.8b06619/Fig4_F_stability_performance_curve_ff/accepted/10.1021_acsami.8b06619__Fig4__F__stability_performance_curve_ff__0.0%__Series_1.csv,10.1021/acsami.8b06619|Fig4_F_stability_performance_curve_ff|10.1021_acsami.8b06619__Fig4__F__stability_performance_curve_ff__0.0%__Series_1,/Users/shunhao/Desktop/ML/lab/data_all/x_time_h/10.1021_acsami.8b06619/Fig4_F_stability_performance_curve_ff/accepted/10.1021_acsami.8b06619__Fig4__F__stability_performance_curve_ff__0.0%__Series_1.csv,x_time_h/10.1021_acsami.8b06619/Fig4_F_stability_performance_curve_ff/accepted/10.1021_acsami.8b06619__Fig4__F__stability_performance_curve_ff__0.0%__Series_1.csv,10.1021/acsami.8b06619,Fig4_F_stability_performance_curve_ff,Series_1,35,35,12,0,594.714855805013,209.89936087235753,True,1.019283686443705,0.9848287336415016,0.9299684061300328,1305,4,1,0,node_1_0,0.5703812189939945,0.9848287336415016,0.9841008619494586,0.9918588804583043,0.9996707673830473,0.9773368419597455,0.9299684061300327,106.83333333333331,2,no_initial_change_stable,class_02,/Users/shunhao/Desktop/ML/lab/NEW/som_200h_reanalysis/02_selected_curve_database/paper_aligned_min4/x_time_h/10.1021_acsami.8b06619/Fig4_F_stability_performance_curve_ff/accepted/10.1021_acsami.8b06619__Fig4__F__stability_performance_curve_ff__0.0%__Series_1.csv
x_time_h/10.1021_acsami.8b08888/Fig3_B_stability_performance_curve_pce/accepted/10.1021_acsami.8b08888__Fig3__B__stability_performance_curve_pce__Li-TFSI_doped_Spiro-OMeTAD__Series_2.csv,10.1021/acsami.8b08888|Fig3_B_stability_performance_curve_pce|10.1021_acsami.8b08888__Fig3__B__stability_performance_curve_pce__Li-TFSI_doped_Spiro-OMeTAD__Series_2,/Users/shunhao/Desktop/ML/lab/data_all/x_time_h/10.1021_acsami.8b08888/Fig3_B_stability_performance_curve_pce/accepted/10.1021_acsami.8b08888__Fig3__B__stability_performance_curve_pce__Li-TFSI_doped_Spiro-OMeTAD__Series_2.csv,x_time_h/10.1021_acsami.8b08888/Fig3_B_stability_performance_curve_pce/accepted/10.1021_acsami.8b08888__Fig3__B__stability_performance_curve_pce__Li-TFSI_doped_Spiro-OMeTAD__Series_2.csv,10.1021/acsami.8b08888,Fig3_B_stability_performance_curve_pce,Series_2,47,47,8,0,1182.027485144469,205.56999741642937,True,1.008884000055588,1.0,0.971572623011018,1309,4,1,0,node_1_0,0.42617465354658046,1.0,0.9993432755377977,0.9915242138178519,0.9799909947190086,0.9740961166456064,0.9715726230110181,0.0,2,no_initial_change_stable,class_02,/Users/shunhao/Desktop/ML/lab/NEW/som_200h_reanalysis/02_selected_curve_database/paper_aligned_min4/x_time_h/10.1021_acsami.8b08888/Fig3_B_stability_performance_curve_pce/accepted/10.1021_acsami.8b08888__Fig3__B__stability_performance_curve_pce__Li-TFSI_doped_Spiro-OMeTAD__Series_2.csv
x_time_h/10.1021_acsami.8b12678/Fig7_D_stability_performance_curve_pce/accepted/10.1021_acsami.8b12678__Fig7__D__stability_performance_curve_pce__Spiro-OMeTAD__Series_3.csv,10.1021/acsami.8b12678|Fig7_D_stability_performance_curve_pce|10.1021_acsami.8b12678__Fig7__D__stability_performance_curve_pce__Spiro-OMeTAD__Series_3,/Users/shunhao/Desktop/ML/lab/data_all/x_time_h/10.1021_acsami.8b12678/Fig7_D_stability_performance_curve_pce/accepted/10.1021_acsami.8b12678__Fig7__D__stability_performance_curve_pce__Spiro-OMeTAD__Series_3.csv,x_time_h/10.1021_acsami.8b12678/Fig7_D_stability_performance_curve_pce/accepted/10.1021_acsami.8b12678__Fig7__D__stability_performance_curve_pce__Spiro-OMeTAD__Series_3.csv,10.1021/acsami.8b12678,Fig7_D_stability_performance_curve_pce,Series_3,56,56,23,0,485.2079507394621,202.90514303650235,True,19.41598829666586,0.9964721041540728,0.9519134123571544,1312,4,1,0,node_1_0,0.15736640489848708,0.9964721041540728,0.9975352955324966,0.9880403411765196,0.9758356904822166,0.9650815772164146,0.9519134123571544,25.166666666666664,2,no_initial_change_stable,class_02,/Users/shunhao/Desktop/ML/lab/NEW/som_200h_reanalysis/02_selected_curve_database/paper_aligned_min4/x_time_h/10.1021_acsami.8b12678/Fig7_D_stability_performance_curve_pce/accepted/10.1021_acsami.8b12678__Fig7__D__stability_performance_curve_pce__Spiro-OMeTAD__Series_3.csv
x_time_h/10.1021_acsami.9b06305/Fig8_D_stability_performance_curve_pce/accepted/10.1021_acsami.9b06305__Fig8__D__stability_performance_curve_pce__0%PA__Series_1.csv,10.1021/acsami.9b06305|Fig8_D_stability_performance_curve_pce|10.1021_acsami.9b06305__Fig8__D__stability_performance_curve_pce__0%PA__Series_1,/Users/shunhao/Desktop/ML/lab/data_all/x_time_h/10.1021_acsami.9b06305/Fig8_D_stability_performance_curve_pce/accepted/10.1021_acsami.9b06305__Fig8__D__stability_performance_curve_pce__0%PA__Series_1.csv,x_time_h/10.1021_acsami.9b06305/Fig8_D_stability_performance_curve_pce/accepted/10.1021_acsami.9b06305__Fig8__D__stability_performance_curve_pce__0%PA__Series_1.csv,10.1021/acsami.9b06305,Fig8_D_stability_performance_curve_pce,Series_1,51,51,5,0,2056.0826646740848,205.6082664674085,True,1.0045391252052014,1.0,0.9387673719986582,1320,4,1,0,node_1_0,0.12535853606590153,1.0,0.9970354901259022,0.9851774506295107,0.9703549012590211,0.9555323518885319,0.9387673719986582,0.0,2,no_initial_change_stable,class_02,/Users/shunhao/Desktop/ML/lab/NEW/som_200h_reanalysis/02_selected_curve_database/paper_aligned_min4/x_time_h/10.1021_acsami.9b06305/Fig8_D_stability_performance_curve_pce/accepted/10.1021_acsami.9b06305__Fig8__D__stability_performance_curve_pce__0%PA__Series_1.csv
x_time_h/10.1021_acsami.9b06933/Fig4_F_stability_performance_curve_pce/accepted/10.1021_acsami.9b06933__Fig4__F__stability_performance_curve_pce__o-spiro-OMeTAD__Series_2.csv,10.1021/acsami.9b06933|Fig4_F_stability_performance_curve_pce|10.1021_acsami.9b06933__Fig4__F__stability_performance_curve_pce__o-spiro-OMeTAD__Series_2,/Users/shunhao/Desktop/ML/lab/data_all/x_time_h/10.1021_acsami.9b06933/Fig4_F_stability_performance_curve_pce/accepted/10.1021_acsami.9b06933__Fig4__F__stability_performance_curve_pce__o-spiro-OMeTAD__Series_2.csv,x_time_h/10.1021_acsami.9b06933/Fig4_F_stability_performance_curve_pce/accepted/10.1021_acsami.9b06933__Fig4__F__stability_performance_curve_pce__o-spiro-OMeTAD__Series_2.csv,10.1021/acsami.9b06933,Fig4_F_stability_performance_curve_pce,Series_2,40,40,8,0,995.5741964366192,204.22034798699883,True,0.9746994996414546,1.0,0.9420874028632148,1322,4,1,0,node_1_0,0.09155088337442696,1.0,0.9995670844482555,0.9861538710874463,0.9722763355904082,0.9551378722058307,0.9420874028632149,0.0,2,no_initial_change_stable,class_02,/Users/shunhao/Desktop/ML/lab/NEW/som_200h_reanalysis/02_selected_curve_database/paper_aligned_min4/x_time_h/10.1021_acsami.9b06933/Fig4_F_stability_performance_curve_pce/accepted/10.1021_acsami.9b06933__Fig4__F__stability_performance_curve_pce__o-spiro-OMeTAD__Series_2.csv
x_time_h/10.1021_acsenergylett.0c01023/Fig3_D_stability_performance_curve_pce/accepted/10.1021_acsenergylett.0c01023__Fig3__D__stability_performance_curve_pce__3EtCz_MoOx_IZO__Series_2.csv,10.1021/acsenergylett.0c01023|Fig3_D_stability_performance_curve_pce|10.1021_acsenergylett.0c01023__Fig3__D__stability_performance_curve_pce__3EtCz_MoOx_IZO__Series_2,/Users/shunhao/Desktop/ML/lab/data_all/x_time_h/10.1021_acsenergylett.0c01023/Fig3_D_stability_performance_curve_pce/accepted/10.1021_acsenergylett.0c01023__Fig3__D__stability_performance_curve_pce__3EtCz_MoOx_IZO__Series_2.csv,x_time_h/10.1021_acsenergylett.0c01023/Fig3_D_stability_performance_curve_pce/accepted/10.1021_acsenergylett.0c01023__Fig3__D__stability_performance_curve_pce__3EtCz_MoOx_IZO__Series_2.csv,10.1021/acsenergylett.0c01023,Fig3_D_stability_performance_curve_pce,Series_2,73,73,42,0,330.364952652829,203.30150932481783,True,0.9805922155810364,0.8311594652147494,0.92969715137621,1345,4,1,0,node_1_0,0.9689348989330441,0.8311594652147494,0.9428229761725836,0.9905530013965234,0.9835955984960701,0.9636196038147954,0.9296971513762101,55.666666666666664,2,no_initial_change_stable,class_02,/Users/shunhao/Desktop/ML/lab/NEW/som_200h_reanalysis/02_selected_curve_database/paper_aligned_min4/x_time_h/10.1021_acsenergylett.0c01023/Fig3_D_stability_performance_curve_pce/accepted/10.1021_acsenergylett.0c01023__Fig3__D__stability_performance_curve_pce__3EtCz_MoOx_IZO__Series_2.csv
x_time_h/10.1021_acsenergylett.0c01023/Fig3_D_stability_performance_curve_pce/accepted/10.1021_acsenergylett.0c01023__Fig3__D__stability_performance_curve_pce__3EtCz_VOx_IZO__Series_1.csv,10.1021/acsenergylett.0c01023|Fig3_D_stability_performance_curve_pce|10.1021_acsenergylett.0c01023__Fig3__D__stability_performance_curve_pce__3EtCz_VOx_IZO__Series_1,/Users/shunhao/Desktop/ML/lab/data_all/x_time_h/10.1021_acsenergylett.0c01023/Fig3_D_stability_performance_curve_pce/accepted/10.1021_acsenergylett.0c01023__Fig3__D__stability_performance_curve_pce__3EtCz_VOx_IZO__Series_1.csv,x_time_h/10.1021_acsenergylett.0c01023/Fig3_D_stability_performance_curve_pce/accepted/10.1021_acsenergylett.0c01023__Fig3__D__stability_performance_curve_pce__3EtCz_VOx_IZO__Series_1.csv,10.1021/acsenergylett.0c01023,Fig3_D_stability_performance_curve_pce,Series_1,78,78,47,0,330.36495265282895,203.30150932481783,True,0.975871904534512,0.8332299116739895,0.9161391305077616,1346,4,1,0,node_1_0,0.6925823251204375,0.8332299116739895,0.9872312392140271,0.9826113051175427,0.9860811200268256,0.9669622242805143,0.9161391305077616,65.16666666666666,2,no_initial_change_stable,class_02,/Users/shunhao/Desktop/ML/lab/NEW/som_200h_reanalysis/02_selected_curve_database/paper_aligned_min4/x_time_h/10.1021_acsenergylett.0c01023/Fig3_D_stability_performance_curve_pce/accepted/10.1021_acsenergylett.0c01023__Fig3__D__stability_performance_curve_pce__3EtCz_VOx_IZO__Series_1.csv
x_time_h/10.1021_acsenergylett.0c01848/Fig4_A_stability_performance_curve_pce/accepted/10.1021_acsenergylett.0c01848__Fig4__A__stability_performance_curve_pce__Control__Series_2.csv,10.1021/acsenergylett.0c01848|Fig4_A_stability_performance_curve_pce|10.1021_acsenergylett.0c01848__Fig4__A__stability_performance_curve_pce__Control__Series_2,/Users/shunhao/Desktop/ML/lab/data_all/x_time_h/10.1021_acsenergylett.0c01848/Fig4_A_stability_performance_curve_pce/accepted/10.1021_acsenergylett.0c01848__Fig4__A__stability_performance_curve_pce__Control__Series_2.csv,x_time_h/10.1021_acsenergylett.0c01848/Fig4_A_stability_performance_curve_pce/accepted/10.1021_acsenergylett.0c01848__Fig4__A__stability_performance_curve_pce__Control__Series_2.csv,10.1021/acsenergylett.0c01848,Fig4_A_stability_performance_curve_pce,Series_2,85,85,24,0,717.3067419566063,204.9447834161732,True,1.0019224001105698,0.9997251088983836,0.9667650891073448,1351,4,1,0,node_1_0,0.24355287816644208,0.9997251088983836,0.9997701280829032,0.9854125550187164,0.9711000011390494,0.966312628583237,0.9667650891073447,14.166666666666666,2,no_initial_change_stable,class_02,/Users/shunhao/Desktop/ML/lab/NEW/som_200h_reanalysis/02_selected_curve_database/paper_aligned_min4/x_time_h/10.1021_acsenergylett.0c01848/Fig4_A_stability_performance_curve_pce/accepted/10.1021_acsenergylett.0c01848__Fig4__A__stability_performance_curve_pce__Control__Series_2.csv
x_time_h/10.1021_acsenergylett.1c00452/Fig4_A_stability_performance_curve_pce/accepted/10.1021_acsenergylett.1c00452__Fig4__A__stability_performance_curve_pce__ANCI__Series_2.csv,10.1021/acsenergylett.1c00452|Fig4_A_stability_performance_curve_pce|10.1021_acsenergylett.1c00452__Fig4__A__stability_performance_curve_pce__ANCI__Series_2,/Users/shunhao/Desktop/ML/lab/data_all/x_time_h/10.1021_acsenergylett.1c00452/Fig4_A_stability_performance_curve_pce/accepted/10.1021_acsenergylett.1c00452__Fig4__A__stability_performance_curve_pce__ANCI__Series_2.csv,x_time_h/10.1021_acsenergylett.1c00452/Fig4_A_stability_performance_curve_pce/accepted/10.1021_acsenergylett.1c00452__Fig4__A__stability_performance_curve_pce__ANCI__Series_2.csv,10.1021/acsenergylett.1c00452,Fig4_A_stability_performance_curve_pce,Series_2,144,144,22,0,1302.0511154787937,200.31555622750676,True,0.9997405083799904,0.99935763627006,0.9458796535156764,1353,4,1,0,node_1_0,0.2240539778962872,0.99935763627006,0.9990295336531686,0.9810227072900024,0.9659957539211607,0.9523726988848616,0.9458796535156764,5.333333333333333,2,no_initial_change_stable,class_02,/Users/shunhao/Desktop/ML/lab/NEW/som_200h_reanalysis/02_selected_curve_database/paper_aligned_min4/x_time_h/10.1021_acsenergylett.1c00452/Fig4_A_stability_performance_curve_pce/accepted/10.1021_acsenergylett.1c00452__Fig4__A__stability_performance_curve_pce__ANCI__Series_2.csv
x_time_h/10.1021_acsenergylett.1c01126/Fig5_A_stability_performance_curve_pce_pattern/accepted/10.1021_acsenergylett.1c01126__Fig5__A__stability_performance_curve_pce_pattern__PVK_CZ-As__Series_3.csv,10.1021/acsenergylett.1c01126|Fig5_A_stability_performance_curve_pce_pattern|10.1021_acsenergylett.1c01126__Fig5__A__stability_performance_curve_pce_pattern__PVK_CZ-As__Series_3,/Users/shunhao/Desktop/ML/lab/data_all/x_time_h/10.1021_acsenergylett.1c01126/Fig5_A_stability_performance_curve_pce_pattern/accepted/10.1021_acsenergylett.1c01126__Fig5__A__stability_performance_curve_pce_pattern__PVK_CZ-As__Series_3.csv,x_time_h/10.1021_acsenergylett.1c01126/Fig5_A_stability_performance_curve_pce_pattern/accepted/10.1021_acsenergylett.1c01126__Fig5__A__stability_performance_curve_pce_pattern__PVK_CZ-As__Series_3.csv,10.1021/acsenergylett.1c01126,Fig5_A_stability_performance_curve_pce_pattern,Series_3,50,50,10,0,1036.608504077319,211.55275593414663,True,1.0123056236722483,0.9966484348430056,0.9388126075141362,1364,4,1,0,node_1_0,0.21228068051014556,0.9966484348430057,0.9981253388495622,0.9968784050691006,0.976721976556777,0.9543302078711888,0.9388126075141362,33.33333333333333,2,no_initial_change_stable,class_02,/Users/shunhao/Desktop/ML/lab/NEW/som_200h_reanalysis/02_selected_curve_database/paper_aligned_min4/x_time_h/10.1021_acsenergylett.1c01126/Fig5_A_stability_performance_curve_pce_pattern/accepted/10.1021_acsenergylett.1c01126__Fig5__A__stability_performance_curve_pce_pattern__PVK_CZ-As__Series_3.csv
x_time_h/10.1021_acsenergylett.4c00306/Fig6_B_stability_performance_curve_retention/accepted/10.1021_acsenergylett.4c00306__Fig6__B__stability_performance_curve_retention__ITO_PANDI(Spiro)__Series_3.csv,10.1021/acsenergylett.4c00306|Fig6_B_stability_performance_curve_retention|10.1021_acsenergylett.4c00306__Fig6__B__stability_performance_curve_retention__ITO_PANDI(Spiro)__Series_3,/Users/shunhao/Desktop/ML/lab/data_all/x_time_h/10.1021_acsenergylett.4c00306/Fig6_B_stability_performance_curve_retention/accepted/10.1021_acsenergylett.4c00306__Fig6__B__stability_performance_curve_retention__ITO_PANDI(Spiro)__Series_3.csv,x_time_h/10.1021_acsenergylett.4c00306/Fig6_B_stability_performance_curve_retention/accepted/10.1021_acsenergylett.4c00306__Fig6__B__stability_performance_curve_retention__ITO_PANDI(Spiro)__Series_3.csv,10.1021/acsenergylett.4c00306,Fig6_B_stability_performance_curve_retention,Series_3,75,75,15,0,998.8040106071286,202.46027242036388,True,1.005971118741562,1.0,0.9520115749998054,1367,4,1,0,node_1_0,0.09593916183106872,1.0,0.9986283622308159,0.9863916763215422,0.9727269647519633,0.9566999336979458,0.9520115749998054,0.0,2,no_initial_change_stable,class_02,/Users/shunhao/Desktop/ML/lab/NEW/som_200h_reanalysis/02_selected_curve_database/paper_aligned_min4/x_time_h/10.1021_acsenergylett.4c00306/Fig6_B_stability_performance_curve_retention/accepted/10.1021_acsenergylett.4c00306__Fig6__B__stability_performance_curve_retention__ITO_PANDI(Spiro)__Series_3.csv
"x_time_h/10.1021_acsenergylett.9b02112/Fig5_D_stability_performance_curve/accepted/10.1021_acsenergylett.9b02112__Fig5__D__stability_performance_curve__o-ITO_SnO,_PVK_Spiro_Au__Series_1.csv","10.1021/acsenergylett.9b02112|Fig5_D_stability_performance_curve|10.1021_acsenergylett.9b02112__Fig5__D__stability_performance_curve__o-ITO_SnO,_PVK_Spiro_Au__Series_1","/Users/shunhao/Desktop/ML/lab/data_all/x_time_h/10.1021_acsenergylett.9b02112/Fig5_D_stability_performance_curve/accepted/10.1021_acsenergylett.9b02112__Fig5__D__stability_performance_curve__o-ITO_SnO,_PVK_Spiro_Au__Series_1.csv","x_time_h/10.1021_acsenergylett.9b02112/Fig5_D_stability_performance_curve/accepted/10.1021_acsenergylett.9b02112__Fig5__D__stability_performance_curve__o-ITO_SnO,_PVK_Spiro_Au__Series_1.csv",10.1021/acsenergylett.9b02112,Fig5_D_stability_performance_curve,Series_1,59,59,11,0,1054.5916392206727,200.00875916254145,True,0.9912392297983694,1.0,0.9600670515807324,1376,4,1,0,node_1_0,0.32394174384445423,1.0,0.9989987427053428,0.9913011427985312,0.9810614824287556,0.9731517947616154,0.9600670515807324,0.0,2,no_initial_change_stable,class_02,"/Users/shunhao/Desktop/ML/lab/NEW/som_200h_reanalysis/02_selected_curve_database/paper_aligned_min4/x_time_h/10.1021_acsenergylett.9b02112/Fig5_D_stability_performance_curve/accepted/10.1021_acsenergylett.9b02112__Fig5__D__stability_performance_curve__o-ITO_SnO,_PVK_Spiro_Au__Series_1.csv"
x_time_h/10.1021_acssuschemeng.9b05631/Fig5_D_stability_performance_curve_pce/accepted/10.1021_acssuschemeng.9b05631__Fig5__D__stability_performance_curve_pce__Pristine__Series_2.csv,10.1021/acssuschemeng.9b05631|Fig5_D_stability_performance_curve_pce|10.1021_acssuschemeng.9b05631__Fig5__D__stability_performance_curve_pce__Pristine__Series_2,/Users/shunhao/Desktop/ML/lab/data_all/x_time_h/10.1021_acssuschemeng.9b05631/Fig5_D_stability_performance_curve_pce/accepted/10.1021_acssuschemeng.9b05631__Fig5__D__stability_performance_curve_pce__Pristine__Series_2.csv,x_time_h/10.1021_acssuschemeng.9b05631/Fig5_D_stability_performance_curve_pce/accepted/10.1021_acssuschemeng.9b05631__Fig5__D__stability_performance_curve_pce__Pristine__Series_2.csv,10.1021/acssuschemeng.9b05631,Fig5_D_stability_performance_curve_pce,Series_2,66,66,28,0,488.4042578194674,204.10924207380725,True,0.9630327189610016,1.0,0.9485042396566294,1394,4,1,0,node_1_0,0.6442333828547406,1.0,0.979337981868603,0.9651954405309077,0.9528956632996289,0.9573808024894389,0.9485042396566294,0.0,2,no_initial_change_stable,class_02,/Users/shunhao/Desktop/ML/lab/NEW/som_200h_reanalysis/02_selected_curve_database/paper_aligned_min4/x_time_h/10.1021_acssuschemeng.9b05631/Fig5_D_stability_performance_curve_pce/accepted/10.1021_acssuschemeng.9b05631__Fig5__D__stability_performance_curve_pce__Pristine__Series_2.csv
x_time_h/10.1021_jacs.0c12802/Fig5_D_stability_performance_curve_pce/accepted/10.1021_jacs.0c12802__Fig5__D__stability_performance_curve_pce__Control__Series_1.csv,10.1021/jacs.0c12802|Fig5_D_stability_performance_curve_pce|10.1021_jacs.0c12802__Fig5__D__stability_performance_curve_pce__Control__Series_1,/Users/shunhao/Desktop/ML/lab/data_all/x_time_h/10.1021_jacs.0c12802/Fig5_D_stability_performance_curve_pce/accepted/10.1021_jacs.0c12802__Fig5__D__stability_performance_curve_pce__Control__Series_1.csv,x_time_h/10.1021_jacs.0c12802/Fig5_D_stability_performance_curve_pce/accepted/10.1021_jacs.0c12802__Fig5__D__stability_performance_curve_pce__Control__Series_1.csv,10.1021/jacs.0c12802,Fig5_D_stability_performance_curve_pce,Series_1,37,37,8,0,999.5381581901132,222.11959070891405,True,0.96544778626352,1.0,0.9384850928371672,1399,4,1,0,node_1_0,0.22503208250834392,1.0,0.9984182804583117,0.9822685690856628,0.9672649220747717,0.9517452329490581,0.9384850928371673,0.0,2,no_initial_change_stable,class_02,/Users/shunhao/Desktop/ML/lab/NEW/som_200h_reanalysis/02_selected_curve_database/paper_aligned_min4/x_time_h/10.1021_jacs.0c12802/Fig5_D_stability_performance_curve_pce/accepted/10.1021_jacs.0c12802__Fig5__D__stability_performance_curve_pce__Control__Series_1.csv
x_time_h/10.1021_jacs.1c12732/Fig6_A_stability_performance_curve/accepted/10.1021_jacs.1c12732__Fig6__A__stability_performance_curve__FP-C8_C60__Series_2.csv,10.1021/jacs.1c12732|Fig6_A_stability_performance_curve|10.1021_jacs.1c12732__Fig6__A__stability_performance_curve__FP-C8_C60__Series_2,/Users/shunhao/Desktop/ML/lab/data_all/x_time_h/10.1021_jacs.1c12732/Fig6_A_stability_performance_curve/accepted/10.1021_jacs.1c12732__Fig6__A__stability_performance_curve__FP-C8_C60__Series_2.csv,x_time_h/10.1021_jacs.1c12732/Fig6_A_stability_performance_curve/accepted/10.1021_jacs.1c12732__Fig6__A__stability_performance_curve__FP-C8_C60__Series_2.csv,10.1021/jacs.1c12732,Fig6_A_stability_performance_curve,Series_2,80,80,10,0,1481.7781717352093,203.74449861359128,True,0.9883231566611256,1.0,0.9583350374205044,1403,4,1,0,node_1_0,1.4184791514781856,1.0,0.963387667661418,0.9158940082973294,0.9509979999382456,0.9652890799607183,0.9583350374205043,0.0,2,no_initial_change_stable,class_02,/Users/shunhao/Desktop/ML/lab/NEW/som_200h_reanalysis/02_selected_curve_database/paper_aligned_min4/x_time_h/10.1021_jacs.1c12732/Fig6_A_stability_performance_curve/accepted/10.1021_jacs.1c12732__Fig6__A__stability_performance_curve__FP-C8_C60__Series_2.csv
x_time_h/10.1038_s41467-018-05454-4/Fig5_A_mppt_stability_performance_curve_pce/accepted/10.1038_s41467-018-05454-4__Fig5__A__mppt_stability_performance_curve_pce__Control__Series_1.csv,10.1038/s41467-018-05454-4|Fig5_A_mppt_stability_performance_curve_pce|10.1038_s41467-018-05454-4__Fig5__A__mppt_stability_performance_curve_pce__Control__Series_1,/Users/shunhao/Desktop/ML/lab/data_all/x_time_h/10.1038_s41467-018-05454-4/Fig5_A_mppt_stability_performance_curve_pce/accepted/10.1038_s41467-018-05454-4__Fig5__A__mppt_stability_performance_curve_pce__Control__Series_1.csv,x_time_h/10.1038_s41467-018-05454-4/Fig5_A_mppt_stability_performance_curve_pce/accepted/10.1038_s41467-018-05454-4__Fig5__A__mppt_stability_performance_curve_pce__Control__Series_1.csv,10.1038/s41467-018-05454-4,Fig5_A_mppt_stability_performance_curve_pce,Series_1,56,56,8,0,1382.1309416804854,201.0372278807979,True,16.472058022925502,1.0,0.9565328075948424,1414,4,1,0,node_1_0,0.33073259936958954,1.0,0.997932573071917,0.9896628653595855,0.9793000207663302,0.974103553577681,0.9565328075948424,0.0,2,no_initial_change_stable,class_02,/Users/shunhao/Desktop/ML/lab/NEW/som_200h_reanalysis/02_selected_curve_database/paper_aligned_min4/x_time_h/10.1038_s41467-018-05454-4/Fig5_A_mppt_stability_performance_curve_pce/accepted/10.1038_s41467-018-05454-4__Fig5__A__mppt_stability_performance_curve_pce__Control__Series_1.csv
x_time_h/10.1038_s41467-018-05760-x/Fig6_A_jv_curve_stability_performance_pce/accepted/10.1038_s41467-018-05760-x__Fig6__A__jv_curve_stability_performance_pce__SnO₂__Series_1.csv,10.1038/s41467-018-05760-x|Fig6_A_jv_curve_stability_performance_pce|10.1038_s41467-018-05760-x__Fig6__A__jv_curve_stability_performance_pce__SnO₂__Series_1,/Users/shunhao/Desktop/ML/lab/data_all/x_time_h/10.1038_s41467-018-05760-x/Fig6_A_jv_curve_stability_performance_pce/accepted/10.1038_s41467-018-05760-x__Fig6__A__jv_curve_stability_performance_pce__SnO₂__Series_1.csv,x_time_h/10.1038_s41467-018-05760-x/Fig6_A_jv_curve_stability_performance_pce/accepted/10.1038_s41467-018-05760-x__Fig6__A__jv_curve_stability_performance_pce__SnO₂__Series_1.csv,10.1038/s41467-018-05760-x,Fig6_A_jv_curve_stability_performance_pce,Series_1,69,69,5,0,2853.94921551743,209.8492070233404,True,0.9928872321147646,1.0,0.9574495841472624,1416,4,1,0,node_1_0,0.19944346775035424,1.0,0.9992482799528423,0.991744201906864,0.9775174648222609,0.9649746949927432,0.9574495841472623,0.0,2,no_initial_change_stable,class_02,/Users/shunhao/Desktop/ML/lab/NEW/som_200h_reanalysis/02_selected_curve_database/paper_aligned_min4/x_time_h/10.1038_s41467-018-05760-x/Fig6_A_jv_curve_stability_performance_pce/accepted/10.1038_s41467-018-05760-x__Fig6__A__jv_curve_stability_performance_pce__SnO₂__Series_1.csv
x_time_h/10.1038_s41467-018-06317-8/Fig6_A_stability_performance_curve/accepted/10.1038_s41467-018-06317-8__Fig6__A__stability_performance_curve__⚫MAPblg(CI)__Series_2.csv,10.1038/s41467-018-06317-8|Fig6_A_stability_performance_curve|10.1038_s41467-018-06317-8__Fig6__A__stability_performance_curve__⚫MAPblg(CI)__Series_2,/Users/shunhao/Desktop/ML/lab/data_all/x_time_h/10.1038_s41467-018-06317-8/Fig6_A_stability_performance_curve/accepted/10.1038_s41467-018-06317-8__Fig6__A__stability_performance_curve__⚫MAPblg(CI)__Series_2.csv,x_time_h/10.1038_s41467-018-06317-8/Fig6_A_stability_performance_curve/accepted/10.1038_s41467-018-06317-8__Fig6__A__stability_performance_curve__⚫MAPblg(CI)__Series_2.csv,10.1038/s41467-018-06317-8,Fig6_A_stability_performance_curve,Series_2,118,117,31,1,785.4695563691978,204.61811972642968,True,1.1774236819164017,0.8731472242673652,0.926088389146031,1419,4,1,0,node_1_0,0.7155296018322492,0.8731472242673652,0.9755056571479123,0.9870552810453503,0.9661435899412768,0.9407106134071799,0.926088389146031,17.666666666666664,2,no_initial_change_stable,class_02,/Users/shunhao/Desktop/ML/lab/NEW/som_200h_reanalysis/02_selected_curve_database/paper_aligned_min4/x_time_h/10.1038_s41467-018-06317-8/Fig6_A_stability_performance_curve/accepted/10.1038_s41467-018-06317-8__Fig6__A__stability_performance_curve__⚫MAPblg(CI)__Series_2.csv
x_time_h/10.1038_s41467-019-09167-0/Fig6_A_jv_curve_stability_performance_jsc/accepted/10.1038_s41467-019-09167-0__Fig6__A__jv_curve_stability_performance_jsc__MA_(w_o_Bi)__Series_2.csv,10.1038/s41467-019-09167-0|Fig6_A_jv_curve_stability_performance_jsc|10.1038_s41467-019-09167-0__Fig6__A__jv_curve_stability_performance_jsc__MA_(w_o_Bi)__Series_2,/Users/shunhao/Desktop/ML/lab/data_all/x_time_h/10.1038_s41467-019-09167-0/Fig6_A_jv_curve_stability_performance_jsc/accepted/10.1038_s41467-019-09167-0__Fig6__A__jv_curve_stability_performance_jsc__MA_(w_o_Bi)__Series_2.csv,x_time_h/10.1038_s41467-019-09167-0/Fig6_A_jv_curve_stability_performance_jsc/accepted/10.1038_s41467-019-09167-0__Fig6__A__jv_curve_stability_performance_jsc__MA_(w_o_Bi)__Series_2.csv,10.1038/s41467-019-09167-0,Fig6_A_jv_curve_stability_performance_jsc,Series_2,19,19,4,0,940.0126877187828,208.89170838195184,True,1.0179677453632727,1.0,0.9437939178336056,1421,4,1,0,node_1_0,0.12504597519329497,1.0,0.9958516353297528,0.9818794879466494,0.9699479341945024,0.958033051534323,0.9437939178336057,0.0,2,no_initial_change_stable,class_02,/Users/shunhao/Desktop/ML/lab/NEW/som_200h_reanalysis/02_selected_curve_database/paper_aligned_min4/x_time_h/10.1038_s41467-019-09167-0/Fig6_A_jv_curve_stability_performance_jsc/accepted/10.1038_s41467-019-09167-0__Fig6__A__jv_curve_stability_performance_jsc__MA_(w_o_Bi)__Series_2.csv
x_time_h/10.1038_s41467-021-26754-2/Fig5_E_mppt_stability_performance_curve_pattern/accepted/10.1038_s41467-021-26754-2__Fig5__E__mppt_stability_performance_curve_pattern__0—0-PDEAl2__Series_2.csv,10.1038/s41467-021-26754-2|Fig5_E_mppt_stability_performance_curve_pattern|10.1038_s41467-021-26754-2__Fig5__E__mppt_stability_performance_curve_pattern__0—0-PDEAl2__Series_2,/Users/shunhao/Desktop/ML/lab/data_all/x_time_h/10.1038_s41467-021-26754-2/Fig5_E_mppt_stability_performance_curve_pattern/accepted/10.1038_s41467-021-26754-2__Fig5__E__mppt_stability_performance_curve_pattern__0—0-PDEAl2__Series_2.csv,x_time_h/10.1038_s41467-021-26754-2/Fig5_E_mppt_stability_performance_curve_pattern/accepted/10.1038_s41467-021-26754-2__Fig5__E__mppt_stability_performance_curve_pattern__0—0-PDEAl2__Series_2.csv,10.1038/s41467-021-26754-2,Fig5_E_mppt_stability_performance_curve_pattern,Series_2,52,52,10,0,986.2118159217832,208.6217302911465,True,0.9706316431573287,0.999980523542376,0.9428065899804682,1427,4,1,0,node_1_0,0.3285614555058602,0.999980523542376,0.9896394279007432,0.9951210679922399,0.9709125412269964,0.9498025387178458,0.9428065899804682,56.5,2,no_initial_change_stable,class_02,/Users/shunhao/Desktop/ML/lab/NEW/som_200h_reanalysis/02_selected_curve_database/paper_aligned_min4/x_time_h/10.1038_s41467-021-26754-2/Fig5_E_mppt_stability_performance_curve_pattern/accepted/10.1038_s41467-021-26754-2__Fig5__E__mppt_stability_performance_curve_pattern__0—0-PDEAl2__Series_2.csv
x_time_h/10.1038_s41467-022-34203-x/Fig3_C_mppt_stability_performance_curve_pce/accepted/10.1038_s41467-022-34203-x__Fig3__C__mppt_stability_performance_curve_pce__Control__Series_1.csv,10.1038/s41467-022-34203-x|Fig3_C_mppt_stability_performance_curve_pce|10.1038_s41467-022-34203-x__Fig3__C__mppt_stability_performance_curve_pce__Control__Series_1,/Users/shunhao/Desktop/ML/lab/data_all/x_time_h/10.1038_s41467-022-34203-x/Fig3_C_mppt_stability_performance_curve_pce/accepted/10.1038_s41467-022-34203-x__Fig3__C__mppt_stability_performance_curve_pce__Control__Series_1.csv,x_time_h/10.1038_s41467-022-34203-x/Fig3_C_mppt_stability_performance_curve_pce/accepted/10.1038_s41467-022-34203-x__Fig3__C__mppt_stability_performance_curve_pce__Control__Series_1.csv,10.1038/s41467-022-34203-x,Fig3_C_mppt_stability_performance_curve_pce,Series_1,58,58,28,0,407.29711319657537,200.0757749035809,True,1.008492295268934,0.999777137010363,0.9485914736653988,1430,4,1,0,node_1_0,0.19456151381365358,0.999777137010363,0.9999214057180817,0.9817195910763579,0.966657001904798,0.9576242377850984,0.9485914736653988,11.833333333333332,2,no_initial_change_stable,class_02,/Users/shunhao/Desktop/ML/lab/NEW/som_200h_reanalysis/02_selected_curve_database/paper_aligned_min4/x_time_h/10.1038_s41467-022-34203-x/Fig3_C_mppt_stability_performance_curve_pce/accepted/10.1038_s41467-022-34203-x__Fig3__C__mppt_stability_performance_curve_pce__Control__Series_1.csv
x_time_h/10.1038_s41467-023-36918-x/Fig5_B_jv_curve_stability_performance_pce/accepted/10.1038_s41467-023-36918-x__Fig5__B__jv_curve_stability_performance_pce__UV_resin_encap__Series_1.csv,10.1038/s41467-023-36918-x|Fig5_B_jv_curve_stability_performance_pce|10.1038_s41467-023-36918-x__Fig5__B__jv_curve_stability_performance_pce__UV_resin_encap__Series_1,/Users/shunhao/Desktop/ML/lab/data_all/x_time_h/10.1038_s41467-023-36918-x/Fig5_B_jv_curve_stability_performance_pce/accepted/10.1038_s41467-023-36918-x__Fig5__B__jv_curve_stability_performance_pce__UV_resin_encap__Series_1.csv,x_time_h/10.1038_s41467-023-36918-x/Fig5_B_jv_curve_stability_performance_pce/accepted/10.1038_s41467-023-36918-x__Fig5__B__jv_curve_stability_performance_pce__UV_resin_encap__Series_1.csv,10.1038/s41467-023-36918-x,Fig5_B_jv_curve_stability_performance_pce,Series_1,90,90,18,0,1002.2844953670044,202.7092237820908,True,1.001152002632413,0.9995736868045932,0.95117009398468,1432,4,1,0,node_1_0,0.15732070289310232,0.9995736868045932,0.9997817062384065,0.9897057406778506,0.9776882559717515,0.9641306687681841,0.9511700939846799,6.5,2,no_initial_change_stable,class_02,/Users/shunhao/Desktop/ML/lab/NEW/som_200h_reanalysis/02_selected_curve_database/paper_aligned_min4/x_time_h/10.1038_s41467-023-36918-x/Fig5_B_jv_curve_stability_performance_pce/accepted/10.1038_s41467-023-36918-x__Fig5__B__jv_curve_stability_performance_pce__UV_resin_encap__Series_1.csv
x_time_h/10.1038_s41467-023-43016-5/Fig4_F_mppt_stability_performance_curve_pce/accepted/10.1038_s41467-023-43016-5__Fig4__F__mppt_stability_performance_curve_pce__VAQ-2D_DMA₀.₁Cs₀.₄FA₀.₅Pb(I₀.₇₂Br₀.₂₄Cl₀.₀₄)₃__Series_1.csv,10.1038/s41467-023-43016-5|Fig4_F_mppt_stability_performance_curve_pce|10.1038_s41467-023-43016-5__Fig4__F__mppt_stability_performance_curve_pce__VAQ-2D_DMA₀.₁Cs₀.₄FA₀.₅Pb(I₀.₇₂Br₀.₂₄Cl₀.₀₄)₃__Series_1,/Users/shunhao/Desktop/ML/lab/data_all/x_time_h/10.1038_s41467-023-43016-5/Fig4_F_mppt_stability_performance_curve_pce/accepted/10.1038_s41467-023-43016-5__Fig4__F__mppt_stability_performance_curve_pce__VAQ-2D_DMA₀.₁Cs₀.₄FA₀.₅Pb(I₀.₇₂Br₀.₂₄Cl₀.₀₄)₃__Series_1.csv,x_time_h/10.1038_s41467-023-43016-5/Fig4_F_mppt_stability_performance_curve_pce/accepted/10.1038_s41467-023-43016-5__Fig4__F__mppt_stability_performance_curve_pce__VAQ-2D_DMA₀.₁Cs₀.₄FA₀.₅Pb(I₀.₇₂Br₀.₂₄Cl₀.₀₄)₃__Series_1.csv,10.1038/s41467-023-43016-5,Fig4_F_mppt_stability_performance_curve_pce,Series_1,76,76,31,0,498.0819864521097,205.8738877335387,True,19.15517080183798,1.0,0.9556177323746436,1437,4,1,0,node_1_0,0.5353505850853122,1.0,0.9966507914499911,0.9602683046937786,0.9556177323746435,0.9556177323746435,0.9556177323746435,0.0,2,no_initial_change_stable,class_02,/Users/shunhao/Desktop/ML/lab/NEW/som_200h_reanalysis/02_selected_curve_database/paper_aligned_min4/x_time_h/10.1038_s41467-023-43016-5/Fig4_F_mppt_stability_performance_curve_pce/accepted/10.1038_s41467-023-43016-5__Fig4__F__mppt_stability_performance_curve_pce__VAQ-2D_DMA₀.₁Cs₀.₄FA₀.₅Pb(I₀.₇₂Br₀.₂₄Cl₀.₀₄)₃__Series_1.csv
x_time_h/10.1038_s41467-023-43016-5/Fig5_E_mppt_stability_performance_curve_pce/accepted/10.1038_s41467-023-43016-5__Fig5__E__mppt_stability_performance_curve_pce__Series_1__Series_1.csv,10.1038/s41467-023-43016-5|Fig5_E_mppt_stability_performance_curve_pce|10.1038_s41467-023-43016-5__Fig5__E__mppt_stability_performance_curve_pce__Series_1__Series_1,/Users/shunhao/Desktop/ML/lab/data_all/x_time_h/10.1038_s41467-023-43016-5/Fig5_E_mppt_stability_performance_curve_pce/accepted/10.1038_s41467-023-43016-5__Fig5__E__mppt_stability_performance_curve_pce__Series_1__Series_1.csv,x_time_h/10.1038_s41467-023-43016-5/Fig5_E_mppt_stability_performance_curve_pce/accepted/10.1038_s41467-023-43016-5__Fig5__E__mppt_stability_performance_curve_pce__Series_1__Series_1.csv,10.1038/s41467-023-43016-5,Fig5_E_mppt_stability_performance_curve_pce,Series_1,91,91,20,0,918.1521582628995,204.03381294731105,True,1.0007275401598257,1.0,0.9572447689446169,1439,4,1,0,node_1_0,0.1545738929999947,1.0,0.994137592170844,0.985486035012231,0.9737914154708671,0.9573363043349601,0.9572447689446167,0.0,2,no_initial_change_stable,class_02,/Users/shunhao/Desktop/ML/lab/NEW/som_200h_reanalysis/02_selected_curve_database/paper_aligned_min4/x_time_h/10.1038_s41467-023-43016-5/Fig5_E_mppt_stability_performance_curve_pce/accepted/10.1038_s41467-023-43016-5__Fig5__E__mppt_stability_performance_curve_pce__Series_1__Series_1.csv
x_time_h/10.1038_s41467-024-51760-5/Fig4_E_jv_curve_stability_performance_eqe/accepted/10.1038_s41467-024-51760-5__Fig4__E__jv_curve_stability_performance_eqe__2PACz__Series_2.csv,10.1038/s41467-024-51760-5|Fig4_E_jv_curve_stability_performance_eqe|10.1038_s41467-024-51760-5__Fig4__E__jv_curve_stability_performance_eqe__2PACz__Series_2,/Users/shunhao/Desktop/ML/lab/data_all/x_time_h/10.1038_s41467-024-51760-5/Fig4_E_jv_curve_stability_performance_eqe/accepted/10.1038_s41467-024-51760-5__Fig4__E__jv_curve_stability_performance_eqe__2PACz__Series_2.csv,x_time_h/10.1038_s41467-024-51760-5/Fig4_E_jv_curve_stability_performance_eqe/accepted/10.1038_s41467-024-51760-5__Fig4__E__jv_curve_stability_performance_eqe__2PACz__Series_2.csv,10.1038/s41467-024-51760-5,Fig4_E_jv_curve_stability_performance_eqe,Series_2,46,46,14,0,646.0434611041067,200.99129901016653,True,1.0009387302765227,1.0,0.9572576685846604,1445,4,1,0,node_1_0,0.17901184056228608,1.0,0.9956188126651747,0.98370429235562,0.9764296585961844,0.9655297568654879,0.9572576685846603,0.0,2,no_initial_change_stable,class_02,/Users/shunhao/Desktop/ML/lab/NEW/som_200h_reanalysis/02_selected_curve_database/paper_aligned_min4/x_time_h/10.1038_s41467-024-51760-5/Fig4_E_jv_curve_stability_performance_eqe/accepted/10.1038_s41467-024-51760-5__Fig4__E__jv_curve_stability_performance_eqe__2PACz__Series_2.csv
x_time_h/10.1038_s41560-019-0382-6/Fig5_A_mppt_stability_performance_curve/accepted/10.1038_s41560-019-0382-6__Fig5__A__mppt_stability_performance_curve__CsFAMA__Series_1.csv,10.1038/s41560-019-0382-6|Fig5_A_mppt_stability_performance_curve|10.1038_s41560-019-0382-6__Fig5__A__mppt_stability_performance_curve__CsFAMA__Series_1,/Users/shunhao/Desktop/ML/lab/data_all/x_time_h/10.1038_s41560-019-0382-6/Fig5_A_mppt_stability_performance_curve/accepted/10.1038_s41560-019-0382-6__Fig5__A__mppt_stability_performance_curve__CsFAMA__Series_1.csv,x_time_h/10.1038_s41560-019-0382-6/Fig5_A_mppt_stability_performance_curve/accepted/10.1038_s41560-019-0382-6__Fig5__A__mppt_stability_performance_curve__CsFAMA__Series_1.csv,10.1038/s41560-019-0382-6,Fig5_A_mppt_stability_performance_curve,Series_1,60,60,13,0,966.2702900332948,212.9070130581836,True,1.0078085054882873,0.993990263985761,0.9592011349412928,1449,4,1,0,node_1_0,0.30600794487990707,0.993990263985761,0.9978138288138113,0.9938514272283634,0.9829519230783901,0.9696621524661032,0.9592011349412929,25.166666666666664,2,no_initial_change_stable,class_02,/Users/shunhao/Desktop/ML/lab/NEW/som_200h_reanalysis/02_selected_curve_database/paper_aligned_min4/x_time_h/10.1038_s41560-019-0382-6/Fig5_A_mppt_stability_performance_curve/accepted/10.1038_s41560-019-0382-6__Fig5__A__mppt_stability_performance_curve__CsFAMA__Series_1.csv
x_time_h/10.1038_s41560-019-0382-6/Fig5_B_mppt_stability_performance_curve/accepted/10.1038_s41560-019-0382-6__Fig5__B__mppt_stability_performance_curve__CsFAMA__Series_2.csv,10.1038/s41560-019-0382-6|Fig5_B_mppt_stability_performance_curve|10.1038_s41560-019-0382-6__Fig5__B__mppt_stability_performance_curve__CsFAMA__Series_2,/Users/shunhao/Desktop/ML/lab/data_all/x_time_h/10.1038_s41560-019-0382-6/Fig5_B_mppt_stability_performance_curve/accepted/10.1038_s41560-019-0382-6__Fig5__B__mppt_stability_performance_curve__CsFAMA__Series_2.csv,x_time_h/10.1038_s41560-019-0382-6/Fig5_B_mppt_stability_performance_curve/accepted/10.1038_s41560-019-0382-6__Fig5__B__mppt_stability_performance_curve__CsFAMA__Series_2.csv,10.1038/s41560-019-0382-6,Fig5_B_mppt_stability_performance_curve,Series_2,60,60,13,0,969.144843595231,213.54038926674576,True,1.0047982929890122,0.9964396402609564,0.9401009007093638,1451,4,1,0,node_1_0,0.1429372787833114,0.9964396402609565,0.9982926791531077,0.9935750574613954,0.9747572233982071,0.9562466193009687,0.9401009007093638,26.333333333333332,2,no_initial_change_stable,class_02,/Users/shunhao/Desktop/ML/lab/NEW/som_200h_reanalysis/02_selected_curve_database/paper_aligned_min4/x_time_h/10.1038_s41560-019-0382-6/Fig5_B_mppt_stability_performance_curve/accepted/10.1038_s41560-019-0382-6__Fig5__B__mppt_stability_performance_curve__CsFAMA__Series_2.csv
x_time_h/10.1038_s41560-019-0382-6/Fig5_D_mppt_stability_performance_curve/accepted/10.1038_s41560-019-0382-6__Fig5__D__mppt_stability_performance_curve__CsFAMA-F__Series_2.csv,10.1038/s41560-019-0382-6|Fig5_D_mppt_stability_performance_curve|10.1038_s41560-019-0382-6__Fig5__D__mppt_stability_performance_curve__CsFAMA-F__Series_2,/Users/shunhao/Desktop/ML/lab/data_all/x_time_h/10.1038_s41560-019-0382-6/Fig5_D_mppt_stability_performance_curve/accepted/10.1038_s41560-019-0382-6__Fig5__D__mppt_stability_performance_curve__CsFAMA-F__Series_2.csv,x_time_h/10.1038_s41560-019-0382-6/Fig5_D_mppt_stability_performance_curve/accepted/10.1038_s41560-019-0382-6__Fig5__D__mppt_stability_performance_curve__CsFAMA-F__Series_2.csv,10.1038/s41560-019-0382-6,Fig5_D_mppt_stability_performance_curve,Series_2,60,60,13,0,973.6289746843916,214.52841815079813,True,1.001025837428885,1.0,0.9507686669056844,1452,4,1,0,node_1_0,0.3629443284017885,1.0,0.9875556066386801,0.97690699665457,0.9604729458243942,0.9507143790544222,0.9507686669056843,0.0,2,no_initial_change_stable,class_02,/Users/shunhao/Desktop/ML/lab/NEW/som_200h_reanalysis/02_selected_curve_database/paper_aligned_min4/x_time_h/10.1038_s41560-019-0382-6/Fig5_D_mppt_stability_performance_curve/accepted/10.1038_s41560-019-0382-6__Fig5__D__mppt_stability_performance_curve__CsFAMA-F__Series_2.csv
x_time_h/10.1038_s41560-020-00692-7/Fig4_G_stability_performance_curve_jsc/accepted/10.1038_s41560-020-00692-7__Fig4__G__stability_performance_curve_jsc__2-T_tandem__Series_2.csv,10.1038/s41560-020-00692-7|Fig4_G_stability_performance_curve_jsc|10.1038_s41560-020-00692-7__Fig4__G__stability_performance_curve_jsc__2-T_tandem__Series_2,/Users/shunhao/Desktop/ML/lab/data_all/x_time_h/10.1038_s41560-020-00692-7/Fig4_G_stability_performance_curve_jsc/accepted/10.1038_s41560-020-00692-7__Fig4__G__stability_performance_curve_jsc__2-T_tandem__Series_2.csv,x_time_h/10.1038_s41560-020-00692-7/Fig4_G_stability_performance_curve_jsc/accepted/10.1038_s41560-020-00692-7__Fig4__G__stability_performance_curve_jsc__2-T_tandem__Series_2.csv,10.1038/s41560-020-00692-7,Fig4_G_stability_performance_curve_jsc,Series_2,187,187,84,0,444.3074795770605,200.65499077673704,True,1.0051984602160724,1.0,0.9475064487245316,1456,4,1,0,node_1_0,0.1227092714596258,1.0,0.9967191530452832,0.9803149182716995,0.973753224362266,0.957348989588682,0.9475064487245316,0.0,2,no_initial_change_stable,class_02,/Users/shunhao/Desktop/ML/lab/NEW/som_200h_reanalysis/02_selected_curve_database/paper_aligned_min4/x_time_h/10.1038_s41560-020-00692-7/Fig4_G_stability_performance_curve_jsc/accepted/10.1038_s41560-020-00692-7__Fig4__G__stability_performance_curve_jsc__2-T_tandem__Series_2.csv
x_time_h/10.1038_s41560-020-00721-5/Fig4_G_stability_performance_curve_pce_spectrum/accepted/10.1038_s41560-020-00721-5__Fig4__G__stability_performance_curve_pce_spectrum__MQWs__Series_1.csv,10.1038/s41560-020-00721-5|Fig4_G_stability_performance_curve_pce_spectrum|10.1038_s41560-020-00721-5__Fig4__G__stability_performance_curve_pce_spectrum__MQWs__Series_1,/Users/shunhao/Desktop/ML/lab/data_all/x_time_h/10.1038_s41560-020-00721-5/Fig4_G_stability_performance_curve_pce_spectrum/accepted/10.1038_s41560-020-00721-5__Fig4__G__stability_performance_curve_pce_spectrum__MQWs__Series_1.csv,x_time_h/10.1038_s41560-020-00721-5/Fig4_G_stability_performance_curve_pce_spectrum/accepted/10.1038_s41560-020-00721-5__Fig4__G__stability_performance_curve_pce_spectrum__MQWs__Series_1.csv,10.1038/s41560-020-00721-5,Fig4_G_stability_performance_curve_pce_spectrum,Series_1,49,49,9,0,1103.6129450250153,206.92742719219032,True,1.0071162460974763,1.0,0.9674514907523204,1458,4,1,0,node_1_0,0.3823109503828931,1.0,0.9970892290845834,0.9912023455078406,0.9812521861534347,0.973501943646381,0.9674514907523204,0.0,2,no_initial_change_stable,class_02,/Users/shunhao/Desktop/ML/lab/NEW/som_200h_reanalysis/02_selected_curve_database/paper_aligned_min4/x_time_h/10.1038_s41560-020-00721-5/Fig4_G_stability_performance_curve_pce_spectrum/accepted/10.1038_s41560-020-00721-5__Fig4__G__stability_performance_curve_pce_spectrum__MQWs__Series_1.csv
x_time_h/10.1038_s41560-023-01295-8/Fig3_E_mppt_stability_performance_curve_pce/accepted/10.1038_s41560-023-01295-8__Fig3__E__mppt_stability_performance_curve_pce__Control__Series_3.csv,10.1038/s41560-023-01295-8|Fig3_E_mppt_stability_performance_curve_pce|10.1038_s41560-023-01295-8__Fig3__E__mppt_stability_performance_curve_pce__Control__Series_3,/Users/shunhao/Desktop/ML/lab/data_all/x_time_h/10.1038_s41560-023-01295-8/Fig3_E_mppt_stability_performance_curve_pce/accepted/10.1038_s41560-023-01295-8__Fig3__E__mppt_stability_performance_curve_pce__Control__Series_3.csv,x_time_h/10.1038_s41560-023-01295-8/Fig3_E_mppt_stability_performance_curve_pce/accepted/10.1038_s41560-023-01295-8__Fig3__E__mppt_stability_performance_curve_pce__Control__Series_3.csv,10.1038/s41560-023-01295-8,Fig3_E_mppt_stability_performance_curve_pce,Series_3,147,147,21,0,1468.8018704273595,208.41107620928744,True,22.45401410531379,0.9908147387630796,0.9243856178352774,1463,4,1,0,node_1_0,0.438829694651076,0.9908147387630796,0.9966020211290791,0.993582289881958,0.9731126331451461,0.9412437322614218,0.9243856178352774,25.5,2,no_initial_change_stable,class_02,/Users/shunhao/Desktop/ML/lab/NEW/som_200h_reanalysis/02_selected_curve_database/paper_aligned_min4/x_time_h/10.1038_s41560-023-01295-8/Fig3_E_mppt_stability_performance_curve_pce/accepted/10.1038_s41560-023-01295-8__Fig3__E__mppt_stability_performance_curve_pce__Control__Series_3.csv
x_time_h/10.1038_s41560-023-01421-6/Fig4_D_mppt_stability_performance_curve_pce/accepted/10.1038_s41560-023-01421-6__Fig4__D__mppt_stability_performance_curve_pce__Control__Series_1.csv,10.1038/s41560-023-01421-6|Fig4_D_mppt_stability_performance_curve_pce|10.1038_s41560-023-01421-6__Fig4__D__mppt_stability_performance_curve_pce__Control__Series_1,/Users/shunhao/Desktop/ML/lab/data_all/x_time_h/10.1038_s41560-023-01421-6/Fig4_D_mppt_stability_performance_curve_pce/accepted/10.1038_s41560-023-01421-6__Fig4__D__mppt_stability_performance_curve_pce__Control__Series_1.csv,x_time_h/10.1038_s41560-023-01421-6/Fig4_D_mppt_stability_performance_curve_pce/accepted/10.1038_s41560-023-01421-6__Fig4__D__mppt_stability_performance_curve_pce__Control__Series_1.csv,10.1038/s41560-023-01421-6,Fig4_D_mppt_stability_performance_curve_pce,Series_1,54,54,11,0,1016.2603244289004,210.92195412675295,True,0.9811025295895378,1.0,0.91880425681959,1468,4,1,0,node_1_0,0.4175794689305236,1.0,0.9988215008791279,0.9879630078656282,0.9669166103724324,0.9435406556542164,0.9188042568195899,0.0,2,no_initial_change_stable,class_02,/Users/shunhao/Desktop/ML/lab/NEW/som_200h_reanalysis/02_selected_curve_database/paper_aligned_min4/x_time_h/10.1038_s41560-023-01421-6/Fig4_D_mppt_stability_performance_curve_pce/accepted/10.1038_s41560-023-01421-6__Fig4__D__mppt_stability_performance_curve_pce__Control__Series_1.csv
x_time_h/10.1038_s41598-024-55379-w/Fig17_whole_stability_performance_curve_pce/accepted/10.1038_s41598-024-55379-w__Fig17__whole__stability_performance_curve_pce__ZnO_H2O-Ag-doped_ZnO_1wt.%_ETL__Series_1.csv,10.1038/s41598-024-55379-w|Fig17_whole_stability_performance_curve_pce|10.1038_s41598-024-55379-w__Fig17__whole__stability_performance_curve_pce__ZnO_H2O-Ag-doped_ZnO_1wt.%_ETL__Series_1,/Users/shunhao/Desktop/ML/lab/data_all/x_time_h/10.1038_s41598-024-55379-w/Fig17_whole_stability_performance_curve_pce/accepted/10.1038_s41598-024-55379-w__Fig17__whole__stability_performance_curve_pce__ZnO_H2O-Ag-doped_ZnO_1wt.%_ETL__Series_1.csv,x_time_h/10.1038_s41598-024-55379-w/Fig17_whole_stability_performance_curve_pce/accepted/10.1038_s41598-024-55379-w__Fig17__whole__stability_performance_curve_pce__ZnO_H2O-Ag-doped_ZnO_1wt.%_ETL__Series_1.csv,10.1038/s41598-024-55379-w,Fig17_whole_stability_performance_curve_pce,Series_1,85,85,57,0,296.349138700807,201.094058404119,True,9.170974854896906,0.9969530732924712,0.907142797544939,1478,4,1,0,node_1_0,0.3258128326621859,0.9969530732924713,1.0,0.9846461395855112,0.971740141715214,0.9588134201772517,0.907142797544939,3.6666666666666665,2,no_initial_change_stable,class_02,/Users/shunhao/Desktop/ML/lab/NEW/som_200h_reanalysis/02_selected_curve_database/paper_aligned_min4/x_time_h/10.1038_s41598-024-55379-w/Fig17_whole_stability_performance_curve_pce/accepted/10.1038_s41598-024-55379-w__Fig17__whole__stability_performance_curve_pce__ZnO_H2O-Ag-doped_ZnO_1wt.%_ETL__Series_1.csv
x_time_h/10.1039_D5EE03984C/Fig5_L_mppt_stability_performance_curve_pce/accepted/10.1039_D5EE03984C__Fig5__L__mppt_stability_performance_curve_pce__Control__Series_1.csv,10.1039/D5EE03984C|Fig5_L_mppt_stability_performance_curve_pce|10.1039_D5EE03984C__Fig5__L__mppt_stability_performance_curve_pce__Control__Series_1,/Users/shunhao/Desktop/ML/lab/data_all/x_time_h/10.1039_D5EE03984C/Fig5_L_mppt_stability_performance_curve_pce/accepted/10.1039_D5EE03984C__Fig5__L__mppt_stability_performance_curve_pce__Control__Series_1.csv,x_time_h/10.1039_D5EE03984C/Fig5_L_mppt_stability_performance_curve_pce/accepted/10.1039_D5EE03984C__Fig5__L__mppt_stability_performance_curve_pce__Control__Series_1.csv,10.1039/D5EE03984C,Fig5_L_mppt_stability_performance_curve_pce,Series_1,39,39,12,0,679.5622794849959,214.59861457420925,True,0.996429230614378,1.0,0.9167954007294156,1484,4,1,0,node_1_0,0.4015844304807777,1.0,0.9983220107836885,0.9916100539184427,0.9788723687099238,0.9473332018334324,0.9167954007294155,0.0,2,no_initial_change_stable,class_02,/Users/shunhao/Desktop/ML/lab/NEW/som_200h_reanalysis/02_selected_curve_database/paper_aligned_min4/x_time_h/10.1039_D5EE03984C/Fig5_L_mppt_stability_performance_curve_pce/accepted/10.1039_D5EE03984C__Fig5__L__mppt_stability_performance_curve_pce__Control__Series_1.csv
x_time_h/10.1039_D5SC08439C/Fig4_F_stability_performance_curve_pce/accepted/10.1039_D5SC08439C__Fig4__F__stability_performance_curve_pce__ITO__Series_3.csv,10.1039/D5SC08439C|Fig4_F_stability_performance_curve_pce|10.1039_D5SC08439C__Fig4__F__stability_performance_curve_pce__ITO__Series_3,/Users/shunhao/Desktop/ML/lab/data_all/x_time_h/10.1039_D5SC08439C/Fig4_F_stability_performance_curve_pce/accepted/10.1039_D5SC08439C__Fig4__F__stability_performance_curve_pce__ITO__Series_3.csv,x_time_h/10.1039_D5SC08439C/Fig4_F_stability_performance_curve_pce/accepted/10.1039_D5SC08439C__Fig4__F__stability_performance_curve_pce__ITO__Series_3.csv,10.1039/D5SC08439C,Fig4_F_stability_performance_curve_pce,Series_3,23,23,5,0,1038.756557006552,236.08103568330728,True,0.9928166149581392,1.0,0.9419729132066323,1492,4,1,0,node_1_0,0.05130904342749039,1.0,0.9972958819317709,0.9864794096588541,0.9729783936936215,0.9590649115738575,0.9419729132066323,0.0,2,no_initial_change_stable,class_02,/Users/shunhao/Desktop/ML/lab/NEW/som_200h_reanalysis/02_selected_curve_database/paper_aligned_min4/x_time_h/10.1039_D5SC08439C/Fig4_F_stability_performance_curve_pce/accepted/10.1039_D5SC08439C__Fig4__F__stability_performance_curve_pce__ITO__Series_3.csv
x_time_h/10.1039_D5SC08439C/Fig4_F_stability_performance_curve_pce/accepted/10.1039_D5SC08439C__Fig4__F__stability_performance_curve_pce__Py__Series_1.csv,10.1039/D5SC08439C|Fig4_F_stability_performance_curve_pce|10.1039_D5SC08439C__Fig4__F__stability_performance_curve_pce__Py__Series_1,/Users/shunhao/Desktop/ML/lab/data_all/x_time_h/10.1039_D5SC08439C/Fig4_F_stability_performance_curve_pce/accepted/10.1039_D5SC08439C__Fig4__F__stability_performance_curve_pce__Py__Series_1.csv,x_time_h/10.1039_D5SC08439C/Fig4_F_stability_performance_curve_pce/accepted/10.1039_D5SC08439C__Fig4__F__stability_performance_curve_pce__Py__Series_1.csv,10.1039/D5SC08439C,Fig4_F_stability_performance_curve_pce,Series_1,39,39,5,0,1794.2158711931354,236.0810356833073,True,0.9991546668165312,1.0,0.970706640970845,1493,4,1,0,node_1_0,0.4027140011766399,1.0,0.997984776454455,0.989923882272275,0.979891865165266,0.9740653468800867,0.970706640970845,0.0,2,no_initial_change_stable,class_02,/Users/shunhao/Desktop/ML/lab/NEW/som_200h_reanalysis/02_selected_curve_database/paper_aligned_min4/x_time_h/10.1039_D5SC08439C/Fig4_F_stability_performance_curve_pce/accepted/10.1039_D5SC08439C__Fig4__F__stability_performance_curve_pce__Py__Series_1.csv
x_time_h/10.1039_c6ra21775c/Fig5_B_stability_performance_curve_jsc_pce/accepted/10.1039_c6ra21775c__Fig5__B__stability_performance_curve_jsc_pce__LiTFSI+TBP__Series_2.csv,10.1039/c6ra21775c|Fig5_B_stability_performance_curve_jsc_pce|10.1039_c6ra21775c__Fig5__B__stability_performance_curve_jsc_pce__LiTFSI+TBP__Series_2,/Users/shunhao/Desktop/ML/lab/data_all/x_time_h/10.1039_c6ra21775c/Fig5_B_stability_performance_curve_jsc_pce/accepted/10.1039_c6ra21775c__Fig5__B__stability_performance_curve_jsc_pce__LiTFSI+TBP__Series_2.csv,x_time_h/10.1039_c6ra21775c/Fig5_B_stability_performance_curve_jsc_pce/accepted/10.1039_c6ra21775c__Fig5__B__stability_performance_curve_jsc_pce__LiTFSI+TBP__Series_2.csv,10.1039/c6ra21775c,Fig5_B_stability_performance_curve_jsc_pce,Series_2,60,60,13,0,957.2511800964824,210.91975154668256,True,1.0037325174252818,1.0,0.9123448520364612,1509,4,1,0,node_1_0,0.3999147380406963,1.0,0.9989825280815238,0.9876381351372521,0.9780108345224744,0.9492128476210486,0.9123448520364612,0.0,2,no_initial_change_stable,class_02,/Users/shunhao/Desktop/ML/lab/NEW/som_200h_reanalysis/02_selected_curve_database/paper_aligned_min4/x_time_h/10.1039_c6ra21775c/Fig5_B_stability_performance_curve_jsc_pce/accepted/10.1039_c6ra21775c__Fig5__B__stability_performance_curve_jsc_pce__LiTFSI+TBP__Series_2.csv
x_time_h/10.1039_c7ee02634j/Fig4_D_mppt_stability_performance_curve_jsc/accepted/10.1039_c7ee02634j__Fig4__D__mppt_stability_performance_curve_jsc__CsFAMA__Series_2.csv,10.1039/c7ee02634j|Fig4_D_mppt_stability_performance_curve_jsc|10.1039_c7ee02634j__Fig4__D__mppt_stability_performance_curve_jsc__CsFAMA__Series_2,/Users/shunhao/Desktop/ML/lab/data_all/x_time_h/10.1039_c7ee02634j/Fig4_D_mppt_stability_performance_curve_jsc/accepted/10.1039_c7ee02634j__Fig4__D__mppt_stability_performance_curve_jsc__CsFAMA__Series_2.csv,x_time_h/10.1039_c7ee02634j/Fig4_D_mppt_stability_performance_curve_jsc/accepted/10.1039_c7ee02634j__Fig4__D__mppt_stability_performance_curve_jsc__CsFAMA__Series_2.csv,10.1039/c7ee02634j,Fig4_D_mppt_stability_performance_curve_jsc,Series_2,45,45,10,0,966.8781245984978,219.74502831784045,True,19.398635743825743,0.9996685689562568,0.9613931334229792,1512,4,1,0,node_1_0,0.33789585396159066,0.9996685689562569,1.0,0.994291170977332,0.9801302042378133,0.9718574663565147,0.9613931334229793,10.0,2,no_initial_change_stable,class_02,/Users/shunhao/Desktop/ML/lab/NEW/som_200h_reanalysis/02_selected_curve_database/paper_aligned_min4/x_time_h/10.1039_c7ee02634j/Fig4_D_mppt_stability_performance_curve_jsc/accepted/10.1039_c7ee02634j__Fig4__D__mppt_stability_performance_curve_jsc__CsFAMA__Series_2.csv
x_time_h/10.1039_c8ee02404a/Fig6_E_mppt_stability_performance_curve_pce/accepted/10.1039_c8ee02404a__Fig6__E__mppt_stability_performance_curve_pce__Reference__Series_1.csv,10.1039/c8ee02404a|Fig6_E_mppt_stability_performance_curve_pce|10.1039_c8ee02404a__Fig6__E__mppt_stability_performance_curve_pce__Reference__Series_1,/Users/shunhao/Desktop/ML/lab/data_all/x_time_h/10.1039_c8ee02404a/Fig6_E_mppt_stability_performance_curve_pce/accepted/10.1039_c8ee02404a__Fig6__E__mppt_stability_performance_curve_pce__Reference__Series_1.csv,x_time_h/10.1039_c8ee02404a/Fig6_E_mppt_stability_performance_curve_pce/accepted/10.1039_c8ee02404a__Fig6__E__mppt_stability_performance_curve_pce__Reference__Series_1.csv,10.1039/c8ee02404a,Fig6_E_mppt_stability_performance_curve_pce,Series_1,87,87,35,0,493.6708473638324,200.91255415969928,True,0.9793220078146444,0.9816687163268096,0.9468377942238756,1525,4,1,0,node_1_0,0.3326395358755179,0.9816687163268096,0.9990841773782766,0.9990841773782766,0.9870520472688983,0.9725531965962039,0.9468377942238757,72.0,2,no_initial_change_stable,class_02,/Users/shunhao/Desktop/ML/lab/NEW/som_200h_reanalysis/02_selected_curve_database/paper_aligned_min4/x_time_h/10.1039_c8ee02404a/Fig6_E_mppt_stability_performance_curve_pce/accepted/10.1039_c8ee02404a__Fig6__E__mppt_stability_performance_curve_pce__Reference__Series_1.csv
x_time_h/10.1039_c8nr07638c/Fig4_D_stability_performance_curve_pce/accepted/10.1039_c8nr07638c__Fig4__D__stability_performance_curve_pce__PSCwith_β-CD__Series_1.csv,10.1039/c8nr07638c|Fig4_D_stability_performance_curve_pce|10.1039_c8nr07638c__Fig4__D__stability_performance_curve_pce__PSCwith_β-CD__Series_1,/Users/shunhao/Desktop/ML/lab/data_all/x_time_h/10.1039_c8nr07638c/Fig4_D_stability_performance_curve_pce/accepted/10.1039_c8nr07638c__Fig4__D__stability_performance_curve_pce__PSCwith_β-CD__Series_1.csv,x_time_h/10.1039_c8nr07638c/Fig4_D_stability_performance_curve_pce/accepted/10.1039_c8nr07638c__Fig4__D__stability_performance_curve_pce__PSCwith_β-CD__Series_1.csv,10.1039/c8nr07638c,Fig4_D_stability_performance_curve_pce,Series_1,57,57,24,0,481.1098325353373,206.18992822943028,True,20.397767013293063,0.997638216369715,0.9551870248406265,1528,4,1,0,node_1_0,0.3921358938309146,0.997638216369715,0.9997223851951361,0.995315878565425,0.9891854785287654,0.9722800028468661,0.9551870248406263,7.666666666666666,2,no_initial_change_stable,class_02,/Users/shunhao/Desktop/ML/lab/NEW/som_200h_reanalysis/02_selected_curve_database/paper_aligned_min4/x_time_h/10.1039_c8nr07638c/Fig4_D_stability_performance_curve_pce/accepted/10.1039_c8nr07638c__Fig4__D__stability_performance_curve_pce__PSCwith_β-CD__Series_1.csv
x_time_h/10.1039_c8ta04936j/Fig5_A_stability_performance_curve_pce/accepted/10.1039_c8ta04936j__Fig5__A__stability_performance_curve_pce__MA__Series_2.csv,10.1039/c8ta04936j|Fig5_A_stability_performance_curve_pce|10.1039_c8ta04936j__Fig5__A__stability_performance_curve_pce__MA__Series_2,/Users/shunhao/Desktop/ML/lab/data_all/x_time_h/10.1039_c8ta04936j/Fig5_A_stability_performance_curve_pce/accepted/10.1039_c8ta04936j__Fig5__A__stability_performance_curve_pce__MA__Series_2.csv,x_time_h/10.1039_c8ta04936j/Fig5_A_stability_performance_curve_pce/accepted/10.1039_c8ta04936j__Fig5__A__stability_performance_curve_pce__MA__Series_2.csv,10.1039/c8ta04936j,Fig5_A_stability_performance_curve_pce,Series_2,86,86,12,0,1520.2390922906754,214.6219894998601,True,0.989287490164669,1.0,0.9608578746957356,1543,4,1,0,node_1_0,0.36021773571981236,1.0,0.9979521599556246,0.992560924288577,0.9815546357204863,0.9739814455718623,0.9608578746957355,0.0,2,no_initial_change_stable,class_02,/Users/shunhao/Desktop/ML/lab/NEW/som_200h_reanalysis/02_selected_curve_database/paper_aligned_min4/x_time_h/10.1039_c8ta04936j/Fig5_A_stability_performance_curve_pce/accepted/10.1039_c8ta04936j__Fig5__A__stability_performance_curve_pce__MA__Series_2.csv
x_time_h/10.1039_c8ta04936j/Fig5_A_stability_performance_curve_pce/accepted/10.1039_c8ta04936j__Fig5__A__stability_performance_curve_pce__MDx=0.10__Series_1.csv,10.1039/c8ta04936j|Fig5_A_stability_performance_curve_pce|10.1039_c8ta04936j__Fig5__A__stability_performance_curve_pce__MDx=0.10__Series_1,/Users/shunhao/Desktop/ML/lab/data_all/x_time_h/10.1039_c8ta04936j/Fig5_A_stability_performance_curve_pce/accepted/10.1039_c8ta04936j__Fig5__A__stability_performance_curve_pce__MDx=0.10__Series_1.csv,x_time_h/10.1039_c8ta04936j/Fig5_A_stability_performance_curve_pce/accepted/10.1039_c8ta04936j__Fig5__A__stability_performance_curve_pce__MDx=0.10__Series_1.csv,10.1039/c8ta04936j,Fig5_A_stability_performance_curve_pce,Series_1,89,89,12,0,1573.8945896656403,214.6219894998601,True,0.9974465991244418,1.0,0.9617750382908428,1546,4,1,0,node_1_0,0.33139848652398757,1.0,0.9981705518722234,0.9908527593611172,0.9817055187222344,0.9725582780833515,0.9617750382908429,0.0,2,no_initial_change_stable,class_02,/Users/shunhao/Desktop/ML/lab/NEW/som_200h_reanalysis/02_selected_curve_database/paper_aligned_min4/x_time_h/10.1039_c8ta04936j/Fig5_A_stability_performance_curve_pce/accepted/10.1039_c8ta04936j__Fig5__A__stability_performance_curve_pce__MDx=0.10__Series_1.csv
x_time_h/10.1039_c8ta05541f/Fig5_B_modeling_curve_stability_performance_pce/accepted/10.1039_c8ta05541f__Fig5__B__modeling_curve_stability_performance_pce__FA__Series_1.csv,10.1039/c8ta05541f|Fig5_B_modeling_curve_stability_performance_pce|10.1039_c8ta05541f__Fig5__B__modeling_curve_stability_performance_pce__FA__Series_1,/Users/shunhao/Desktop/ML/lab/data_all/x_time_h/10.1039_c8ta05541f/Fig5_B_modeling_curve_stability_performance_pce/accepted/10.1039_c8ta05541f__Fig5__B__modeling_curve_stability_performance_pce__FA__Series_1.csv,x_time_h/10.1039_c8ta05541f/Fig5_B_modeling_curve_stability_performance_pce/accepted/10.1039_c8ta05541f__Fig5__B__modeling_curve_stability_performance_pce__FA__Series_1.csv,10.1039/c8ta05541f,Fig5_B_modeling_curve_stability_performance_pce,Series_1,49,49,7,0,1589.836414754069,231.8511438183017,True,1.036836047328048,0.9845039386645672,0.8859252069608481,1551,4,1,0,node_1_0,0.7189363431687381,0.9845039386645671,0.9888226882234249,0.9989473623056238,0.9959755303570339,0.9632689381729327,0.8859252069608481,68.33333333333333,2,no_initial_change_stable,class_02,/Users/shunhao/Desktop/ML/lab/NEW/som_200h_reanalysis/02_selected_curve_database/paper_aligned_min4/x_time_h/10.1039_c8ta05541f/Fig5_B_modeling_curve_stability_performance_pce/accepted/10.1039_c8ta05541f__Fig5__B__modeling_curve_stability_performance_pce__FA__Series_1.csv
x_time_h/10.1039_c8ta12284a/Fig6_D_stability_performance_curve_pce/accepted/10.1039_c8ta12284a__Fig6__D__stability_performance_curve_pce__W_O_tBAI__Series_2.csv,10.1039/c8ta12284a|Fig6_D_stability_performance_curve_pce|10.1039_c8ta12284a__Fig6__D__stability_performance_curve_pce__W_O_tBAI__Series_2,/Users/shunhao/Desktop/ML/lab/data_all/x_time_h/10.1039_c8ta12284a/Fig6_D_stability_performance_curve_pce/accepted/10.1039_c8ta12284a__Fig6__D__stability_performance_curve_pce__W_O_tBAI__Series_2.csv,x_time_h/10.1039_c8ta12284a/Fig6_D_stability_performance_curve_pce/accepted/10.1039_c8ta12284a__Fig6__D__stability_performance_curve_pce__W_O_tBAI__Series_2.csv,10.1039/c8ta12284a,Fig6_D_stability_performance_curve_pce,Series_2,42,42,9,0,942.3666756620064,206.8609775843429,True,0.9980750389592036,1.0,0.927586774172134,1557,4,1,0,node_1_0,0.41086999393125634,1.0,0.9997451771814782,0.9859953334833828,0.9649273455297693,0.9423121327273659,0.9275867741721339,0.0,2,no_initial_change_stable,class_02,/Users/shunhao/Desktop/ML/lab/NEW/som_200h_reanalysis/02_selected_curve_database/paper_aligned_min4/x_time_h/10.1039_c8ta12284a/Fig6_D_stability_performance_curve_pce/accepted/10.1039_c8ta12284a__Fig6__D__stability_performance_curve_pce__W_O_tBAI__Series_2.csv
x_time_h/10.1039_c9ta08177a/Fig6_A_stability_performance_curve/accepted/10.1039_c9ta08177a__Fig6__A__stability_performance_curve__withoutPEI_CNT__Series_1.csv,10.1039/c9ta08177a|Fig6_A_stability_performance_curve|10.1039_c9ta08177a__Fig6__A__stability_performance_curve__withoutPEI_CNT__Series_1,/Users/shunhao/Desktop/ML/lab/data_all/x_time_h/10.1039_c9ta08177a/Fig6_A_stability_performance_curve/accepted/10.1039_c9ta08177a__Fig6__A__stability_performance_curve__withoutPEI_CNT__Series_1.csv,x_time_h/10.1039_c9ta08177a/Fig6_A_stability_performance_curve/accepted/10.1039_c9ta08177a__Fig6__A__stability_performance_curve__withoutPEI_CNT__Series_1.csv,10.1039/c9ta08177a,Fig6_A_stability_performance_curve,Series_1,44,44,15,0,583.9100373709591,203.68954792010203,True,0.9961773313646428,1.0,0.9465956032726226,1572,4,1,0,node_1_0,0.15837747991859086,1.0,0.9974347152889711,0.9810564931027984,0.9673801971153657,0.9615207293345654,0.9465956032726226,0.0,2,no_initial_change_stable,class_02,/Users/shunhao/Desktop/ML/lab/NEW/som_200h_reanalysis/02_selected_curve_database/paper_aligned_min4/x_time_h/10.1039_c9ta08177a/Fig6_A_stability_performance_curve/accepted/10.1039_c9ta08177a__Fig6__A__stability_performance_curve__withoutPEI_CNT__Series_1.csv
x_time_h/10.1039_c9tc00064j/Fig7_A_stability_performance_curve/accepted/10.1039_c9tc00064j__Fig7__A__stability_performance_curve__Reference__Series_1.csv,10.1039/c9tc00064j|Fig7_A_stability_performance_curve|10.1039_c9tc00064j__Fig7__A__stability_performance_curve__Reference__Series_1,/Users/shunhao/Desktop/ML/lab/data_all/x_time_h/10.1039_c9tc00064j/Fig7_A_stability_performance_curve/accepted/10.1039_c9tc00064j__Fig7__A__stability_performance_curve__Reference__Series_1.csv,x_time_h/10.1039_c9tc00064j/Fig7_A_stability_performance_curve/accepted/10.1039_c9tc00064j__Fig7__A__stability_performance_curve__Reference__Series_1.csv,10.1039/c9tc00064j,Fig7_A_stability_performance_curve,Series_1,45,45,13,0,700.0944896550634,206.84609921626873,True,1.0050913817812492,0.999873562563508,0.9601671029976884,1583,4,1,0,node_1_0,0.3777196726498682,0.9998735625635081,0.9998735625635081,0.9979235193624647,0.9818318617159062,0.9716834766017881,0.9601671029976883,26.5,2,no_initial_change_stable,class_02,/Users/shunhao/Desktop/ML/lab/NEW/som_200h_reanalysis/02_selected_curve_database/paper_aligned_min4/x_time_h/10.1039_c9tc00064j/Fig7_A_stability_performance_curve/accepted/10.1039_c9tc00064j__Fig7__A__stability_performance_curve__Reference__Series_1.csv
x_time_h/10.1039_d0se01323d/Fig7_A_stability_performance_curve/accepted/10.1039_d0se01323d__Fig7__A__stability_performance_curve__Forward_bias__Series_1.csv,10.1039/d0se01323d|Fig7_A_stability_performance_curve|10.1039_d0se01323d__Fig7__A__stability_performance_curve__Forward_bias__Series_1,/Users/shunhao/Desktop/ML/lab/data_all/x_time_h/10.1039_d0se01323d/Fig7_A_stability_performance_curve/accepted/10.1039_d0se01323d__Fig7__A__stability_performance_curve__Forward_bias__Series_1.csv,x_time_h/10.1039_d0se01323d/Fig7_A_stability_performance_curve/accepted/10.1039_d0se01323d__Fig7__A__stability_performance_curve__Forward_bias__Series_1.csv,10.1039/d0se01323d,Fig7_A_stability_performance_curve,Series_1,58,58,24,0,483.86290928754937,203.73175127896815,True,15.614449550692324,0.9977814666570454,0.9413629051050776,1602,4,1,0,node_1_0,0.250198139088645,0.9977814666570454,0.9994567910300193,0.9938716655842946,0.9819242119077398,0.9699959782551848,0.9413629051050775,7.0,2,no_initial_change_stable,class_02,/Users/shunhao/Desktop/ML/lab/NEW/som_200h_reanalysis/02_selected_curve_database/paper_aligned_min4/x_time_h/10.1039_d0se01323d/Fig7_A_stability_performance_curve/accepted/10.1039_d0se01323d__Fig7__A__stability_performance_curve__Forward_bias__Series_1.csv
x_time_h/10.1039_d0se01323d/Fig7_A_stability_performance_curve/accepted/10.1039_d0se01323d__Fig7__A__stability_performance_curve__Reverse_bias__Series_2.csv,10.1039/d0se01323d|Fig7_A_stability_performance_curve|10.1039_d0se01323d__Fig7__A__stability_performance_curve__Reverse_bias__Series_2,/Users/shunhao/Desktop/ML/lab/data_all/x_time_h/10.1039_d0se01323d/Fig7_A_stability_performance_curve/accepted/10.1039_d0se01323d__Fig7__A__stability_performance_curve__Reverse_bias__Series_2.csv,x_time_h/10.1039_d0se01323d/Fig7_A_stability_performance_curve/accepted/10.1039_d0se01323d__Fig7__A__stability_performance_curve__Reverse_bias__Series_2.csv,10.1039/d0se01323d,Fig7_A_stability_performance_curve,Series_2,57,57,24,0,475.37408631759234,203.73175127896815,True,15.802581178936473,1.0,0.9312844361146092,1603,4,1,0,node_1_0,0.16764409302802147,1.0,0.9973639682907688,0.9841101972433817,0.9702342861477137,0.9575820720361401,0.9312844361146091,0.0,2,no_initial_change_stable,class_02,/Users/shunhao/Desktop/ML/lab/NEW/som_200h_reanalysis/02_selected_curve_database/paper_aligned_min4/x_time_h/10.1039_d0se01323d/Fig7_A_stability_performance_curve/accepted/10.1039_d0se01323d__Fig7__A__stability_performance_curve__Reverse_bias__Series_2.csv
x_time_h/10.1039_d0se01493a/Fig6_C_stability_performance_curve_pce_pattern/accepted/10.1039_d0se01493a__Fig6__C__stability_performance_curve_pce_pattern__Ref__Series_1.csv,10.1039/d0se01493a|Fig6_C_stability_performance_curve_pce_pattern|10.1039_d0se01493a__Fig6__C__stability_performance_curve_pce_pattern__Ref__Series_1,/Users/shunhao/Desktop/ML/lab/data_all/x_time_h/10.1039_d0se01493a/Fig6_C_stability_performance_curve_pce_pattern/accepted/10.1039_d0se01493a__Fig6__C__stability_performance_curve_pce_pattern__Ref__Series_1.csv,x_time_h/10.1039_d0se01493a/Fig6_C_stability_performance_curve_pce_pattern/accepted/10.1039_d0se01493a__Fig6__C__stability_performance_curve_pce_pattern__Ref__Series_1.csv,10.1039/d0se01493a,Fig6_C_stability_performance_curve_pce_pattern,Series_1,55,55,4,0,2966.8245711460368,219.76478304785465,True,0.984706757213886,1.0,0.950772874954881,1604,4,1,0,node_1_0,0.13676371819955177,1.0,0.9992015664994173,0.9929354917882842,0.977578821677429,0.962122208450576,0.950772874954881,0.0,2,no_initial_change_stable,class_02,/Users/shunhao/Desktop/ML/lab/NEW/som_200h_reanalysis/02_selected_curve_database/paper_aligned_min4/x_time_h/10.1039_d0se01493a/Fig6_C_stability_performance_curve_pce_pattern/accepted/10.1039_d0se01493a__Fig6__C__stability_performance_curve_pce_pattern__Ref__Series_1.csv
x_time_h/10.1039_d0ta04275g/Fig6_B_stability_performance_curve/accepted/10.1039_d0ta04275g__Fig6__B__stability_performance_curve__NP-SnO₂__Series_1.csv,10.1039/d0ta04275g|Fig6_B_stability_performance_curve|10.1039_d0ta04275g__Fig6__B__stability_performance_curve__NP-SnO₂__Series_1,/Users/shunhao/Desktop/ML/lab/data_all/x_time_h/10.1039_d0ta04275g/Fig6_B_stability_performance_curve/accepted/10.1039_d0ta04275g__Fig6__B__stability_performance_curve__NP-SnO₂__Series_1.csv,x_time_h/10.1039_d0ta04275g/Fig6_B_stability_performance_curve/accepted/10.1039_d0ta04275g__Fig6__B__stability_performance_curve__NP-SnO₂__Series_1.csv,10.1039/d0ta04275g,Fig6_B_stability_performance_curve,Series_1,137,137,28,0,993.1555841780836,204.47320850725248,True,1.0005289830135846,1.0,0.971435868606721,1613,4,1,0,node_1_0,0.4322049177013566,1.0,0.9978727373700635,0.9878102289386008,0.9759683587426686,0.9751446734125321,0.971435868606721,0.0,2,no_initial_change_stable,class_02,/Users/shunhao/Desktop/ML/lab/NEW/som_200h_reanalysis/02_selected_curve_database/paper_aligned_min4/x_time_h/10.1039_d0ta04275g/Fig6_B_stability_performance_curve/accepted/10.1039_d0ta04275g__Fig6__B__stability_performance_curve__NP-SnO₂__Series_1.csv
x_time_h/10.1039_d0ta10535j/Fig6_B_jv_curve_stability_performance/accepted/10.1039_d0ta10535j__Fig6__B__jv_curve_stability_performance__Pristine__Series_1.csv,10.1039/d0ta10535j|Fig6_B_jv_curve_stability_performance|10.1039_d0ta10535j__Fig6__B__jv_curve_stability_performance__Pristine__Series_1,/Users/shunhao/Desktop/ML/lab/data_all/x_time_h/10.1039_d0ta10535j/Fig6_B_jv_curve_stability_performance/accepted/10.1039_d0ta10535j__Fig6__B__jv_curve_stability_performance__Pristine__Series_1.csv,x_time_h/10.1039_d0ta10535j/Fig6_B_jv_curve_stability_performance/accepted/10.1039_d0ta10535j__Fig6__B__jv_curve_stability_performance__Pristine__Series_1.csv,10.1039/d0ta10535j,Fig6_B_jv_curve_stability_performance,Series_1,180,180,71,0,508.0465607651563,201.51567494036928,True,1.0711137860119997,0.9910684434028116,0.93307409157758,1619,4,1,0,node_1_0,0.24511004969964836,0.9910684434028117,0.999487861058393,0.9881808790228483,0.9675154373567296,0.9484658351936067,0.93307409157758,11.5,2,no_initial_change_stable,class_02,/Users/shunhao/Desktop/ML/lab/NEW/som_200h_reanalysis/02_selected_curve_database/paper_aligned_min4/x_time_h/10.1039_d0ta10535j/Fig6_B_jv_curve_stability_performance/accepted/10.1039_d0ta10535j__Fig6__B__jv_curve_stability_performance__Pristine__Series_1.csv
x_time_h/10.1039_d0tc04056h/Fig6_D_stability_performance_curve_pce/accepted/10.1039_d0tc04056h__Fig6__D__stability_performance_curve_pce__0_%__Series_1.csv,10.1039/d0tc04056h|Fig6_D_stability_performance_curve_pce|10.1039_d0tc04056h__Fig6__D__stability_performance_curve_pce__0_%__Series_1,/Users/shunhao/Desktop/ML/lab/data_all/x_time_h/10.1039_d0tc04056h/Fig6_D_stability_performance_curve_pce/accepted/10.1039_d0tc04056h__Fig6__D__stability_performance_curve_pce__0_%__Series_1.csv,x_time_h/10.1039_d0tc04056h/Fig6_D_stability_performance_curve_pce/accepted/10.1039_d0tc04056h__Fig6__D__stability_performance_curve_pce__0_%__Series_1.csv,10.1039/d0tc04056h,Fig6_D_stability_performance_curve_pce,Series_1,62,62,25,0,491.6830993366864,201.50946694126492,True,1.001771255854411,1.0,0.9360372813145128,1628,4,1,0,node_1_0,0.3338698333807666,1.0,0.9961777567994146,0.9783656018547864,0.9623799252613877,0.9500971282652533,0.9360372813145127,0.0,2,no_initial_change_stable,class_02,/Users/shunhao/Desktop/ML/lab/NEW/som_200h_reanalysis/02_selected_curve_database/paper_aligned_min4/x_time_h/10.1039_d0tc04056h/Fig6_D_stability_performance_curve_pce/accepted/10.1039_d0tc04056h__Fig6__D__stability_performance_curve_pce__0_%__Series_1.csv
x_time_h/10.1039_d0tc04624h/Fig6_F_stability_performance_curve/accepted/10.1039_d0tc04624h__Fig6__F__stability_performance_curve__without_CoBr₂__Series_2.csv,10.1039/d0tc04624h|Fig6_F_stability_performance_curve|10.1039_d0tc04624h__Fig6__F__stability_performance_curve__without_CoBr₂__Series_2,/Users/shunhao/Desktop/ML/lab/data_all/x_time_h/10.1039_d0tc04624h/Fig6_F_stability_performance_curve/accepted/10.1039_d0tc04624h__Fig6__F__stability_performance_curve__without_CoBr₂__Series_2.csv,x_time_h/10.1039_d0tc04624h/Fig6_F_stability_performance_curve/accepted/10.1039_d0tc04624h__Fig6__F__stability_performance_curve__without_CoBr₂__Series_2.csv,10.1039/d0tc04624h,Fig6_F_stability_performance_curve,Series_2,64,64,22,0,591.2034226402188,206.45198885848913,True,1.0186831231366391,0.9768766482309752,0.952147340433514,1629,4,1,0,node_1_0,0.2799703049612004,0.9768766482309753,0.9930816230450821,0.9940187179445484,0.9740507509684111,0.9717782694172024,0.952147340433514,18.833333333333332,2,no_initial_change_stable,class_02,/Users/shunhao/Desktop/ML/lab/NEW/som_200h_reanalysis/02_selected_curve_database/paper_aligned_min4/x_time_h/10.1039_d0tc04624h/Fig6_F_stability_performance_curve/accepted/10.1039_d0tc04624h__Fig6__F__stability_performance_curve__without_CoBr₂__Series_2.csv
x_time_h/10.1039_d1na00173f/Fig5_E_mppt_stability_performance_curve_spectrum/accepted/10.1039_d1na00173f__Fig5__E__mppt_stability_performance_curve_spectrum__ZIF-8@MAI__Series_3.csv,10.1039/d1na00173f|Fig5_E_mppt_stability_performance_curve_spectrum|10.1039_d1na00173f__Fig5__E__mppt_stability_performance_curve_spectrum__ZIF-8@MAI__Series_3,/Users/shunhao/Desktop/ML/lab/data_all/x_time_h/10.1039_d1na00173f/Fig5_E_mppt_stability_performance_curve_spectrum/accepted/10.1039_d1na00173f__Fig5__E__mppt_stability_performance_curve_spectrum__ZIF-8@MAI__Series_3.csv,x_time_h/10.1039_d1na00173f/Fig5_E_mppt_stability_performance_curve_spectrum/accepted/10.1039_d1na00173f__Fig5__E__mppt_stability_performance_curve_spectrum__ZIF-8@MAI__Series_3.csv,10.1039/d1na00173f,Fig5_E_mppt_stability_performance_curve_spectrum,Series_3,48,48,16,0,596.5116198433334,203.0677854785816,True,1.0025347067990595,0.9996465305517496,0.9244047109066698,1645,4,1,0,node_1_0,0.2874326337804731,0.9996465305517497,0.999882798073655,0.9885769168858642,0.9720705345154007,0.949772002607402,0.9244047109066698,6.333333333333333,2,no_initial_change_stable,class_02,/Users/shunhao/Desktop/ML/lab/NEW/som_200h_reanalysis/02_selected_curve_database/paper_aligned_min4/x_time_h/10.1039_d1na00173f/Fig5_E_mppt_stability_performance_curve_spectrum/accepted/10.1039_d1na00173f__Fig5__E__mppt_stability_performance_curve_spectrum__ZIF-8@MAI__Series_3.csv
x_time_h/10.1039_d1qm00435b/Fig7_A_stability/accepted/10.1039_d1qm00435b__Fig7__A__stability__Spiro-OMeTAD-based_PSC__Series_2.csv,10.1039/d1qm00435b|Fig7_A_stability|10.1039_d1qm00435b__Fig7__A__stability__Spiro-OMeTAD-based_PSC__Series_2,/Users/shunhao/Desktop/ML/lab/data_all/x_time_h/10.1039_d1qm00435b/Fig7_A_stability/accepted/10.1039_d1qm00435b__Fig7__A__stability__Spiro-OMeTAD-based_PSC__Series_2.csv,x_time_h/10.1039_d1qm00435b/Fig7_A_stability/accepted/10.1039_d1qm00435b__Fig7__A__stability__Spiro-OMeTAD-based_PSC__Series_2.csv,10.1039/d1qm00435b,Fig7_A_stability,Series_2,65,65,50,0,259.8711428861752,203.02433037982436,True,1.006896405301183,1.0,0.9621070140395036,1647,4,1,0,node_1_0,0.3528088710150877,1.0,0.9990638648106531,0.995700979277745,0.9818193822573327,0.970498291662294,0.9621070140395035,0.0,2,no_initial_change_stable,class_02,/Users/shunhao/Desktop/ML/lab/NEW/som_200h_reanalysis/02_selected_curve_database/paper_aligned_min4/x_time_h/10.1039_d1qm00435b/Fig7_A_stability/accepted/10.1039_d1qm00435b__Fig7__A__stability__Spiro-OMeTAD-based_PSC__Series_2.csv
x_time_h/10.1039_d1tc01720a/Fig4_C_stability_performance_curve_pce/accepted/10.1039_d1tc01720a__Fig4__C__stability_performance_curve_pce__Control__Series_1.csv,10.1039/d1tc01720a|Fig4_C_stability_performance_curve_pce|10.1039_d1tc01720a__Fig4__C__stability_performance_curve_pce__Control__Series_1,/Users/shunhao/Desktop/ML/lab/data_all/x_time_h/10.1039_d1tc01720a/Fig4_C_stability_performance_curve_pce/accepted/10.1039_d1tc01720a__Fig4__C__stability_performance_curve_pce__Control__Series_1.csv,x_time_h/10.1039_d1tc01720a/Fig4_C_stability_performance_curve_pce/accepted/10.1039_d1tc01720a__Fig4__C__stability_performance_curve_pce__Control__Series_1.csv,10.1039/d1tc01720a,Fig4_C_stability_performance_curve_pce,Series_1,63,63,12,0,1069.1617450829408,206.9345313063756,True,99.9331015829988,1.0,0.9590197561922774,1655,4,1,0,node_1_0,0.26144108365578594,1.0,0.9971364786407959,0.9878919620431019,0.9832709522792689,0.9670982710834763,0.9590197561922774,0.0,2,no_initial_change_stable,class_02,/Users/shunhao/Desktop/ML/lab/NEW/som_200h_reanalysis/02_selected_curve_database/paper_aligned_min4/x_time_h/10.1039_d1tc01720a/Fig4_C_stability_performance_curve_pce/accepted/10.1039_d1tc01720a__Fig4__C__stability_performance_curve_pce__Control__Series_1.csv
x_time_h/10.1039_d2ma00391k/Fig5_H_stability_performance_curve/accepted/10.1039_d2ma00391k__Fig5__H__stability_performance_curve__control__Series_3.csv,10.1039/d2ma00391k|Fig5_H_stability_performance_curve|10.1039_d2ma00391k__Fig5__H__stability_performance_curve__control__Series_3,/Users/shunhao/Desktop/ML/lab/data_all/x_time_h/10.1039_d2ma00391k/Fig5_H_stability_performance_curve/accepted/10.1039_d2ma00391k__Fig5__H__stability_performance_curve__control__Series_3.csv,x_time_h/10.1039_d2ma00391k/Fig5_H_stability_performance_curve/accepted/10.1039_d2ma00391k__Fig5__H__stability_performance_curve__control__Series_3.csv,10.1039/d2ma00391k,Fig5_H_stability_performance_curve,Series_3,44,44,9,0,998.0846809734392,208.9014448549059,True,0.9928590620663316,0.9792855448911312,0.9449023369858104,1656,4,1,0,node_1_0,0.16701523380498898,0.9792855448911313,0.9917387573383867,0.9955110088590939,0.9765759742323499,0.9576409396056057,0.9449023369858103,28.5,2,no_initial_change_stable,class_02,/Users/shunhao/Desktop/ML/lab/NEW/som_200h_reanalysis/02_selected_curve_database/paper_aligned_min4/x_time_h/10.1039_d2ma00391k/Fig5_H_stability_performance_curve/accepted/10.1039_d2ma00391k__Fig5__H__stability_performance_curve__control__Series_3.csv
x_time_h/10.1039_d4ee02427c/Fig3_E_mppt_stability_performance_curve_density_of_states/accepted/10.1039_d4ee02427c__Fig3__E__mppt_stability_performance_curve_density_of_states__Control__Series_2.csv,10.1039/d4ee02427c|Fig3_E_mppt_stability_performance_curve_density_of_states|10.1039_d4ee02427c__Fig3__E__mppt_stability_performance_curve_density_of_states__Control__Series_2,/Users/shunhao/Desktop/ML/lab/data_all/x_time_h/10.1039_d4ee02427c/Fig3_E_mppt_stability_performance_curve_density_of_states/accepted/10.1039_d4ee02427c__Fig3__E__mppt_stability_performance_curve_density_of_states__Control__Series_2.csv,x_time_h/10.1039_d4ee02427c/Fig3_E_mppt_stability_performance_curve_density_of_states/accepted/10.1039_d4ee02427c__Fig3__E__mppt_stability_performance_curve_density_of_states__Control__Series_2.csv,10.1039/d4ee02427c,Fig3_E_mppt_stability_performance_curve_density_of_states,Series_2,27,27,5,0,1170.4770543391635,225.09174121906997,True,1.006256493000811,1.0,0.9630106522172148,1676,4,1,0,node_1_0,0.3179658127720483,1.0,0.9988862403093165,0.9928899154844577,0.9817248882662998,0.9699238377197178,0.9630106522172147,0.0,2,no_initial_change_stable,class_02,/Users/shunhao/Desktop/ML/lab/NEW/som_200h_reanalysis/02_selected_curve_database/paper_aligned_min4/x_time_h/10.1039_d4ee02427c/Fig3_E_mppt_stability_performance_curve_density_of_states/accepted/10.1039_d4ee02427c__Fig3__E__mppt_stability_performance_curve_density_of_states__Control__Series_2.csv
x_time_h/10.1039_d4ee03001j/Fig2_F_stability_performance_curve/accepted/10.1039_d4ee03001j__Fig2__F__stability_performance_curve__PEDOT_PSS_MAPI__Series_2.csv,10.1039/d4ee03001j|Fig2_F_stability_performance_curve|10.1039_d4ee03001j__Fig2__F__stability_performance_curve__PEDOT_PSS_MAPI__Series_2,/Users/shunhao/Desktop/ML/lab/data_all/x_time_h/10.1039_d4ee03001j/Fig2_F_stability_performance_curve/accepted/10.1039_d4ee03001j__Fig2__F__stability_performance_curve__PEDOT_PSS_MAPI__Series_2.csv,x_time_h/10.1039_d4ee03001j/Fig2_F_stability_performance_curve/accepted/10.1039_d4ee03001j__Fig2__F__stability_performance_curve__PEDOT_PSS_MAPI__Series_2.csv,10.1039/d4ee03001j,Fig2_F_stability_performance_curve,Series_2,57,57,32,0,356.30252302221066,203.60144172697755,True,11.176495702952366,0.9969419258270068,0.9113158489831928,1679,4,1,0,node_1_0,0.5779656322363496,0.9969419258270067,1.0,1.0,0.9886331962701503,0.9495823306693116,0.9113158489831928,6.5,2,no_initial_change_stable,class_02,/Users/shunhao/Desktop/ML/lab/NEW/som_200h_reanalysis/02_selected_curve_database/paper_aligned_min4/x_time_h/10.1039_d4ee03001j/Fig2_F_stability_performance_curve/accepted/10.1039_d4ee03001j__Fig2__F__stability_performance_curve__PEDOT_PSS_MAPI__Series_2.csv
x_time_h/10.1039_d4ee06038e/Fig4_F_stability_performance_curve_pce/accepted/10.1039_d4ee06038e__Fig4__F__stability_performance_curve_pce__Control__Series_1.csv,10.1039/d4ee06038e|Fig4_F_stability_performance_curve_pce|10.1039_d4ee06038e__Fig4__F__stability_performance_curve_pce__Control__Series_1,/Users/shunhao/Desktop/ML/lab/data_all/x_time_h/10.1039_d4ee06038e/Fig4_F_stability_performance_curve_pce/accepted/10.1039_d4ee06038e__Fig4__F__stability_performance_curve_pce__Control__Series_1.csv,x_time_h/10.1039_d4ee06038e/Fig4_F_stability_performance_curve_pce/accepted/10.1039_d4ee06038e__Fig4__F__stability_performance_curve_pce__Control__Series_1.csv,10.1039/d4ee06038e,Fig4_F_stability_performance_curve_pce,Series_1,42,42,9,0,990.1224516592202,235.74344087124285,True,0.9578885514099676,0.9931902819666436,0.9458348742586644,1683,4,1,0,node_1_0,0.35754140213535385,0.9931902819666435,0.9967329166028609,0.999234370941463,0.9885267781920949,0.9676668036520045,0.9458348742586643,35.33333333333333,2,no_initial_change_stable,class_02,/Users/shunhao/Desktop/ML/lab/NEW/som_200h_reanalysis/02_selected_curve_database/paper_aligned_min4/x_time_h/10.1039_d4ee06038e/Fig4_F_stability_performance_curve_pce/accepted/10.1039_d4ee06038e__Fig4__F__stability_performance_curve_pce__Control__Series_1.csv
x_time_h/10.1039_d4sc08810g/Fig5_E_stability_performance_curve_pce/accepted/10.1039_d4sc08810g__Fig5__E__stability_performance_curve_pce__MPA-CPA__Series_1.csv,10.1039/d4sc08810g|Fig5_E_stability_performance_curve_pce|10.1039_d4sc08810g__Fig5__E__stability_performance_curve_pce__MPA-CPA__Series_1,/Users/shunhao/Desktop/ML/lab/data_all/x_time_h/10.1039_d4sc08810g/Fig5_E_stability_performance_curve_pce/accepted/10.1039_d4sc08810g__Fig5__E__stability_performance_curve_pce__MPA-CPA__Series_1.csv,x_time_h/10.1039_d4sc08810g/Fig5_E_stability_performance_curve_pce/accepted/10.1039_d4sc08810g__Fig5__E__stability_performance_curve_pce__MPA-CPA__Series_1.csv,10.1039/d4sc08810g,Fig5_E_stability_performance_curve_pce,Series_1,42,42,25,0,328.1103877880769,200.06730962687612,True,0.9625506207379052,1.0,0.920552264426483,1691,4,1,0,node_1_0,0.39507620708106106,1.0,0.9963880430368839,0.9960826066735394,0.9743216576930404,0.9702697094022426,0.920552264426483,0.0,2,no_initial_change_stable,class_02,/Users/shunhao/Desktop/ML/lab/NEW/som_200h_reanalysis/02_selected_curve_database/paper_aligned_min4/x_time_h/10.1039_d4sc08810g/Fig5_E_stability_performance_curve_pce/accepted/10.1039_d4sc08810g__Fig5__E__stability_performance_curve_pce__MPA-CPA__Series_1.csv
x_time_h/10.1039_d4ta05155f/Fig6_B_stability_performance_curve_pce/accepted/10.1039_d4ta05155f__Fig6__B__stability_performance_curve_pce__Control__Series_1.csv,10.1039/d4ta05155f|Fig6_B_stability_performance_curve_pce|10.1039_d4ta05155f__Fig6__B__stability_performance_curve_pce__Control__Series_1,/Users/shunhao/Desktop/ML/lab/data_all/x_time_h/10.1039_d4ta05155f/Fig6_B_stability_performance_curve_pce/accepted/10.1039_d4ta05155f__Fig6__B__stability_performance_curve_pce__Control__Series_1.csv,x_time_h/10.1039_d4ta05155f/Fig6_B_stability_performance_curve_pce/accepted/10.1039_d4ta05155f__Fig6__B__stability_performance_curve_pce__Control__Series_1.csv,10.1039/d4ta05155f,Fig6_B_stability_performance_curve_pce,Series_1,65,65,11,0,1186.7529687250174,203.97316649961232,True,0.9994169868392878,0.9988962131351866,0.9370340008738722,1698,4,1,0,node_1_0,0.19804074695007393,0.9988962131351866,0.9999929836676049,0.9891662197614997,0.9719196444719734,0.949696295989092,0.9370340008738722,10.666666666666666,2,no_initial_change_stable,class_02,/Users/shunhao/Desktop/ML/lab/NEW/som_200h_reanalysis/02_selected_curve_database/paper_aligned_min4/x_time_h/10.1039_d4ta05155f/Fig6_B_stability_performance_curve_pce/accepted/10.1039_d4ta05155f__Fig6__B__stability_performance_curve_pce__Control__Series_1.csv
x_time_h/10.1039_d5ee00524h/Fig6_I_mppt_stability_performance_curve_pce/accepted/10.1039_d5ee00524h__Fig6__I__mppt_stability_performance_curve_pce__Control__Series_2.csv,10.1039/d5ee00524h|Fig6_I_mppt_stability_performance_curve_pce|10.1039_d5ee00524h__Fig6__I__mppt_stability_performance_curve_pce__Control__Series_2,/Users/shunhao/Desktop/ML/lab/data_all/x_time_h/10.1039_d5ee00524h/Fig6_I_mppt_stability_performance_curve_pce/accepted/10.1039_d5ee00524h__Fig6__I__mppt_stability_performance_curve_pce__Control__Series_2.csv,x_time_h/10.1039_d5ee00524h/Fig6_I_mppt_stability_performance_curve_pce/accepted/10.1039_d5ee00524h__Fig6__I__mppt_stability_performance_curve_pce__Control__Series_2.csv,10.1039/d5ee00524h,Fig6_I_mppt_stability_performance_curve_pce,Series_2,87,87,11,0,1712.609519956197,216.53683585653064,True,0.9952791409814512,1.0,0.9381693888690678,1705,4,1,0,node_1_0,0.286427988063452,1.0,0.9987297004100482,0.9847299082356143,0.9626009269535071,0.9493452006322767,0.9381693888690678,0.0,2,no_initial_change_stable,class_02,/Users/shunhao/Desktop/ML/lab/NEW/som_200h_reanalysis/02_selected_curve_database/paper_aligned_min4/x_time_h/10.1039_d5ee00524h/Fig6_I_mppt_stability_performance_curve_pce/accepted/10.1039_d5ee00524h__Fig6__I__mppt_stability_performance_curve_pce__Control__Series_2.csv
x_time_h/10.1039_d5ee03162a/Fig4_B_jv_curve_stability_performance_pce/accepted/10.1039_d5ee03162a__Fig4__B__jv_curve_stability_performance_pce__Control__Series_1.csv,10.1039/d5ee03162a|Fig4_B_jv_curve_stability_performance_pce|10.1039_d5ee03162a__Fig4__B__jv_curve_stability_performance_pce__Control__Series_1,/Users/shunhao/Desktop/ML/lab/data_all/x_time_h/10.1039_d5ee03162a/Fig4_B_jv_curve_stability_performance_pce/accepted/10.1039_d5ee03162a__Fig4__B__jv_curve_stability_performance_pce__Control__Series_1.csv,x_time_h/10.1039_d5ee03162a/Fig4_B_jv_curve_stability_performance_pce/accepted/10.1039_d5ee03162a__Fig4__B__jv_curve_stability_performance_pce__Control__Series_1.csv,10.1039/d5ee03162a,Fig4_B_jv_curve_stability_performance_pce,Series_1,77,77,14,0,1166.3276874709927,214.8498371657092,True,1.016833942005539,0.9976694638175512,0.9471414407241436,1707,4,1,0,node_1_0,0.1361968733091767,0.9976694638175511,0.9997959438349782,0.9913119002619698,0.9689130110151444,0.959271907551238,0.9471414407241436,13.833333333333332,2,no_initial_change_stable,class_02,/Users/shunhao/Desktop/ML/lab/NEW/som_200h_reanalysis/02_selected_curve_database/paper_aligned_min4/x_time_h/10.1039_d5ee03162a/Fig4_B_jv_curve_stability_performance_pce/accepted/10.1039_d5ee03162a__Fig4__B__jv_curve_stability_performance_pce__Control__Series_1.csv
x_time_h/10.1126_sciadv.1700106/Fig2_F_stability_performance_curve_eqe/accepted/10.1126_sciadv.1700106__Fig2__F__stability_performance_curve_eqe__PVP__Series_2.csv,10.1126/sciadv.1700106|Fig2_F_stability_performance_curve_eqe|10.1126_sciadv.1700106__Fig2__F__stability_performance_curve_eqe__PVP__Series_2,/Users/shunhao/Desktop/ML/lab/data_all/x_time_h/10.1126_sciadv.1700106/Fig2_F_stability_performance_curve_eqe/accepted/10.1126_sciadv.1700106__Fig2__F__stability_performance_curve_eqe__PVP__Series_2.csv,x_time_h/10.1126_sciadv.1700106/Fig2_F_stability_performance_curve_eqe/accepted/10.1126_sciadv.1700106__Fig2__F__stability_performance_curve_eqe__PVP__Series_2.csv,10.1126/sciadv.1700106,Fig2_F_stability_performance_curve_eqe,Series_2,46,46,4,0,2412.278127795782,214.42472247073613,True,1.0078511481240944,1.0,0.9575848897749742,1722,4,1,0,node_1_0,0.4924480657376795,1.0,0.9937884299119109,0.9722007183197071,0.9512143425496551,0.9547246399676547,0.9575848897749742,0.0,2,no_initial_change_stable,class_02,/Users/shunhao/Desktop/ML/lab/NEW/som_200h_reanalysis/02_selected_curve_database/paper_aligned_min4/x_time_h/10.1126_sciadv.1700106/Fig2_F_stability_performance_curve_eqe/accepted/10.1126_sciadv.1700106__Fig2__F__stability_performance_curve_eqe__PVP__Series_2.csv
x_time_h/10.1126_science.aai9081/Fig4_B_mppt_stability_performance_curve_pce/accepted/10.1126_science.aai9081__Fig4__B__mppt_stability_performance_curve_pce__MPP_tracking_Under_AM1.5_illumination__Series_1.csv,10.1126/science.aai9081|Fig4_B_mppt_stability_performance_curve_pce|10.1126_science.aai9081__Fig4__B__mppt_stability_performance_curve_pce__MPP_tracking_Under_AM1.5_illumination__Series_1,/Users/shunhao/Desktop/ML/lab/data_all/x_time_h/10.1126_science.aai9081/Fig4_B_mppt_stability_performance_curve_pce/accepted/10.1126_science.aai9081__Fig4__B__mppt_stability_performance_curve_pce__MPP_tracking_Under_AM1.5_illumination__Series_1.csv,x_time_h/10.1126_science.aai9081/Fig4_B_mppt_stability_performance_curve_pce/accepted/10.1126_science.aai9081__Fig4__B__mppt_stability_performance_curve_pce__MPP_tracking_Under_AM1.5_illumination__Series_1.csv,10.1126/science.aai9081,Fig4_B_mppt_stability_performance_curve_pce,Series_1,111,111,45,0,495.3648062210695,202.6492389086193,True,20.76918540363219,1.0,0.9324914162926656,1729,4,1,0,node_1_0,0.4274897141898465,1.0,0.9929441299494832,0.9774172536473551,0.9609164827138903,0.9442516094325627,0.9324914162926656,0.0,2,no_initial_change_stable,class_02,/Users/shunhao/Desktop/ML/lab/NEW/som_200h_reanalysis/02_selected_curve_database/paper_aligned_min4/x_time_h/10.1126_science.aai9081/Fig4_B_mppt_stability_performance_curve_pce/accepted/10.1126_science.aai9081__Fig4__B__mppt_stability_performance_curve_pce__MPP_tracking_Under_AM1.5_illumination__Series_1.csv
x_time_h/10.1126_science.aai9081/Fig4_B_mppt_stability_performance_curve_pce/accepted/10.1126_science.aai9081__Fig4__B__mppt_stability_performance_curve_pce__Reverse_J-V_scan__Series_2.csv,10.1126/science.aai9081|Fig4_B_mppt_stability_performance_curve_pce|10.1126_science.aai9081__Fig4__B__mppt_stability_performance_curve_pce__Reverse_J-V_scan__Series_2,/Users/shunhao/Desktop/ML/lab/data_all/x_time_h/10.1126_science.aai9081/Fig4_B_mppt_stability_performance_curve_pce/accepted/10.1126_science.aai9081__Fig4__B__mppt_stability_performance_curve_pce__Reverse_J-V_scan__Series_2.csv,x_time_h/10.1126_science.aai9081/Fig4_B_mppt_stability_performance_curve_pce/accepted/10.1126_science.aai9081__Fig4__B__mppt_stability_performance_curve_pce__Reverse_J-V_scan__Series_2.csv,10.1126/science.aai9081,Fig4_B_mppt_stability_performance_curve_pce,Series_2,111,111,45,0,495.36480622106944,202.64923890861928,True,20.640597807270257,0.9932909528037204,0.9609437378993798,1730,4,1,0,node_1_0,0.33164283908368064,0.9932909528037204,0.9999771267590144,0.9897232864448822,0.9732167341243074,0.9738826238611159,0.9609437378993798,10.5,2,no_initial_change_stable,class_02,/Users/shunhao/Desktop/ML/lab/NEW/som_200h_reanalysis/02_selected_curve_database/paper_aligned_min4/x_time_h/10.1126_science.aai9081/Fig4_B_mppt_stability_performance_curve_pce/accepted/10.1126_science.aai9081__Fig4__B__mppt_stability_performance_curve_pce__Reverse_J-V_scan__Series_2.csv
x_time_h/10.1126_science.aaz5074/Fig4_H_mppt_stability_performance_curve_pce/accepted/10.1126_science.aaz5074__Fig4__H__mppt_stability_performance_curve_pce__Opaque_in_air_(0.06_cm²)__Series_1.csv,10.1126/science.aaz5074|Fig4_H_mppt_stability_performance_curve_pce|10.1126_science.aaz5074__Fig4__H__mppt_stability_performance_curve_pce__Opaque_in_air_(0.06_cm²)__Series_1,/Users/shunhao/Desktop/ML/lab/data_all/x_time_h/10.1126_science.aaz5074/Fig4_H_mppt_stability_performance_curve_pce/accepted/10.1126_science.aaz5074__Fig4__H__mppt_stability_performance_curve_pce__Opaque_in_air_(0.06_cm²)__Series_1.csv,x_time_h/10.1126_science.aaz5074/Fig4_H_mppt_stability_performance_curve_pce/accepted/10.1126_science.aaz5074__Fig4__H__mppt_stability_performance_curve_pce__Opaque_in_air_(0.06_cm²)__Series_1.csv,10.1126/science.aaz5074,Fig4_H_mppt_stability_performance_curve_pce,Series_1,27,26,20,1,255.29694457123665,204.23755565698937,True,0.9961907735202962,0.8993458290760102,0.9360694160784544,1733,4,1,0,node_1_0,0.7558162955274614,0.8993458290760102,0.9288275403669125,0.9996186018858534,0.9799278500185896,0.958422509850613,0.9360694160784543,45.666666666666664,2,no_initial_change_stable,class_02,/Users/shunhao/Desktop/ML/lab/NEW/som_200h_reanalysis/02_selected_curve_database/paper_aligned_min4/x_time_h/10.1126_science.aaz5074/Fig4_H_mppt_stability_performance_curve_pce/accepted/10.1126_science.aaz5074__Fig4__H__mppt_stability_performance_curve_pce__Opaque_in_air_(0.06_cm²)__Series_1.csv
x_time_h/10.1360_tb-2020-1409/Fig2_C_curve/accepted/10.1360_tb-2020-1409__Fig2__C__curve__SnF₂+N₂H₅Cl__Series_2.csv,10.1360/tb-2020-1409|Fig2_C_curve|10.1360_tb-2020-1409__Fig2__C__curve__SnF₂+N₂H₅Cl__Series_2,/Users/shunhao/Desktop/ML/lab/data_all/x_time_h/10.1360_tb-2020-1409/Fig2_C_curve/accepted/10.1360_tb-2020-1409__Fig2__C__curve__SnF₂+N₂H₅Cl__Series_2.csv,x_time_h/10.1360_tb-2020-1409/Fig2_C_curve/accepted/10.1360_tb-2020-1409__Fig2__C__curve__SnF₂+N₂H₅Cl__Series_2.csv,10.1360/tb-2020-1409,Fig2_C_curve,Series_2,43,43,9,0,990.8209998374016,212.3187856794432,True,101.80110629432195,1.0,0.9308076692431464,1740,4,1,0,node_1_0,0.4180303177619516,1.0,0.9951673483253738,0.9814209049507058,0.9593745021439877,0.945505271114292,0.9308076692431465,0.0,2,no_initial_change_stable,class_02,/Users/shunhao/Desktop/ML/lab/NEW/som_200h_reanalysis/02_selected_curve_database/paper_aligned_min4/x_time_h/10.1360_tb-2020-1409/Fig2_C_curve/accepted/10.1360_tb-2020-1409__Fig2__C__curve__SnF₂+N₂H₅Cl__Series_2.csv
"x_time_h/10.3390_coatings13111885/Fig5_whole_pce/accepted/10.3390_coatings13111885__Fig5__whole__pce__。—MAPCl,-induced__Series_1.csv","10.3390/coatings13111885|Fig5_whole_pce|10.3390_coatings13111885__Fig5__whole__pce__。—MAPCl,-induced__Series_1","/Users/shunhao/Desktop/ML/lab/data_all/x_time_h/10.3390_coatings13111885/Fig5_whole_pce/accepted/10.3390_coatings13111885__Fig5__whole__pce__。—MAPCl,-induced__Series_1.csv","x_time_h/10.3390_coatings13111885/Fig5_whole_pce/accepted/10.3390_coatings13111885__Fig5__whole__pce__。—MAPCl,-induced__Series_1.csv",10.3390/coatings13111885,Fig5_whole_pce,Series_1,84,84,34,0,494.235077215762,202.45774247392657,True,1.0055017284208094,1.0,0.9481339832338496,1745,4,1,0,node_1_0,0.07453568195373003,1.0,0.9960844182025435,0.9887801514516672,0.9702364610909456,0.9599067841959446,0.9481339832338495,0.0,2,no_initial_change_stable,class_02,"/Users/shunhao/Desktop/ML/lab/NEW/som_200h_reanalysis/02_selected_curve_database/paper_aligned_min4/x_time_h/10.3390_coatings13111885/Fig5_whole_pce/accepted/10.3390_coatings13111885__Fig5__whole__pce__。—MAPCl,-induced__Series_1.csv"
x_time_h/10.3390_ma13153289/Fig4_A_stability_performance_curve_pce/accepted/10.3390_ma13153289__Fig4__A__stability_performance_curve_pce__ref__Series_2.csv,10.3390/ma13153289|Fig4_A_stability_performance_curve_pce|10.3390_ma13153289__Fig4__A__stability_performance_curve_pce__ref__Series_2,/Users/shunhao/Desktop/ML/lab/data_all/x_time_h/10.3390_ma13153289/Fig4_A_stability_performance_curve_pce/accepted/10.3390_ma13153289__Fig4__A__stability_performance_curve_pce__ref__Series_2.csv,x_time_h/10.3390_ma13153289/Fig4_A_stability_performance_curve_pce/accepted/10.3390_ma13153289__Fig4__A__stability_performance_curve_pce__ref__Series_2.csv,10.3390/ma13153289,Fig4_A_stability_performance_curve_pce,Series_2,68,68,9,0,1496.3259881595045,200.99901333485883,True,1.002166823001033,1.0,0.9556433238293542,1751,4,1,0,node_1_0,0.2385310439735659,1.0,0.9984227193899197,0.9918267348262513,0.9801437838892195,0.9685914687631096,0.9556433238293542,0.0,2,no_initial_change_stable,class_02,/Users/shunhao/Desktop/ML/lab/NEW/som_200h_reanalysis/02_selected_curve_database/paper_aligned_min4/x_time_h/10.3390_ma13153289/Fig4_A_stability_performance_curve_pce/accepted/10.3390_ma13153289__Fig4__A__stability_performance_curve_pce__ref__Series_2.csv
x_time_h/10.3390_nano14181476/Fig8_whole_stability/accepted/10.3390_nano14181476__Fig8__whole__stability__Pure_PEDOT_PSS__Series_1.csv,10.3390/nano14181476|Fig8_whole_stability|10.3390_nano14181476__Fig8__whole__stability__Pure_PEDOT_PSS__Series_1,/Users/shunhao/Desktop/ML/lab/data_all/x_time_h/10.3390_nano14181476/Fig8_whole_stability/accepted/10.3390_nano14181476__Fig8__whole__stability__Pure_PEDOT_PSS__Series_1.csv,x_time_h/10.3390_nano14181476/Fig8_whole_stability/accepted/10.3390_nano14181476__Fig8__whole__stability__Pure_PEDOT_PSS__Series_1.csv,10.3390/nano14181476,Fig8_whole_stability,Series_1,105,105,21,0,993.6635796118752,200.64360742162867,True,1.0017849023456902,1.0,0.9383818907057362,1770,4,1,0,node_1_0,0.18618852030290206,1.0,0.9958703260890104,0.984986899595952,0.9705500212927833,0.9518580679791838,0.9383818907057362,0.0,2,no_initial_change_stable,class_02,/Users/shunhao/Desktop/ML/lab/NEW/som_200h_reanalysis/02_selected_curve_database/paper_aligned_min4/x_time_h/10.3390_nano14181476/Fig8_whole_stability/accepted/10.3390_nano14181476__Fig8__whole__stability__Pure_PEDOT_PSS__Series_1.csv
x_time_h/10.3390_nano15090699/Fig12_A_stability_performance_curve_retention/accepted/10.3390_nano15090699__Fig12__A__stability_performance_curve_retention__Control__Series_3.csv,10.3390/nano15090699|Fig12_A_stability_performance_curve_retention|10.3390_nano15090699__Fig12__A__stability_performance_curve_retention__Control__Series_3,/Users/shunhao/Desktop/ML/lab/data_all/x_time_h/10.3390_nano15090699/Fig12_A_stability_performance_curve_retention/accepted/10.3390_nano15090699__Fig12__A__stability_performance_curve_retention__Control__Series_3.csv,x_time_h/10.3390_nano15090699/Fig12_A_stability_performance_curve_retention/accepted/10.3390_nano15090699__Fig12__A__stability_performance_curve_retention__Control__Series_3.csv,10.3390/nano15090699,Fig12_A_stability_performance_curve_retention,Series_3,144,144,18,0,1333.5143921032447,205.84450347902435,True,1.0037212428437108,0.999499891573409,0.949493776191375,1771,4,1,0,node_1_0,0.13801480473606426,0.999499891573409,0.9992358593793519,0.9812841054855207,0.9694233421223738,0.9589131322295233,0.949493776191375,4.666666666666666,2,no_initial_change_stable,class_02,/Users/shunhao/Desktop/ML/lab/NEW/som_200h_reanalysis/02_selected_curve_database/paper_aligned_min4/x_time_h/10.3390_nano15090699/Fig12_A_stability_performance_curve_retention/accepted/10.3390_nano15090699__Fig12__A__stability_performance_curve_retention__Control__Series_3.csv
x_time_h/10.3390_nano15090699/Fig12_A_stability_performance_curve_retention/accepted/10.3390_nano15090699__Fig12__A__stability_performance_curve_retention__PEACI_IPA__Series_2.csv,10.3390/nano15090699|Fig12_A_stability_performance_curve_retention|10.3390_nano15090699__Fig12__A__stability_performance_curve_retention__PEACI_IPA__Series_2,/Users/shunhao/Desktop/ML/lab/data_all/x_time_h/10.3390_nano15090699/Fig12_A_stability_performance_curve_retention/accepted/10.3390_nano15090699__Fig12__A__stability_performance_curve_retention__PEACI_IPA__Series_2.csv,x_time_h/10.3390_nano15090699/Fig12_A_stability_performance_curve_retention/accepted/10.3390_nano15090699__Fig12__A__stability_performance_curve_retention__PEACI_IPA__Series_2.csv,10.3390/nano15090699,Fig12_A_stability_performance_curve_retention,Series_2,150,150,23,0,1333.5143921032447,205.84450347902435,True,1.0032192733922165,1.0,0.9607983251658586,1772,4,1,0,node_1_0,0.2352417520941299,1.0,0.9944709859847373,0.9812027313858257,0.9724087225076444,0.9653985110738271,0.9607983251658586,0.0,2,no_initial_change_stable,class_02,/Users/shunhao/Desktop/ML/lab/NEW/som_200h_reanalysis/02_selected_curve_database/paper_aligned_min4/x_time_h/10.3390_nano15090699/Fig12_A_stability_performance_curve_retention/accepted/10.3390_nano15090699__Fig12__A__stability_performance_curve_retention__PEACI_IPA__Series_2.csv
x_time_h/10.3390_nano15110798/Fig6_G_stability_performance_curve_pce/accepted/10.3390_nano15110798__Fig6__G__stability_performance_curve_pce__Control__Series_1.csv,10.3390/nano15110798|Fig6_G_stability_performance_curve_pce|10.3390_nano15110798__Fig6__G__stability_performance_curve_pce__Control__Series_1,/Users/shunhao/Desktop/ML/lab/data_all/x_time_h/10.3390_nano15110798/Fig6_G_stability_performance_curve_pce/accepted/10.3390_nano15110798__Fig6__G__stability_performance_curve_pce__Control__Series_1.csv,x_time_h/10.3390_nano15110798/Fig6_G_stability_performance_curve_pce/accepted/10.3390_nano15110798__Fig6__G__stability_performance_curve_pce__Control__Series_1.csv,10.3390/nano15110798,Fig6_G_stability_performance_curve_pce,Series_1,43,43,6,0,1440.083567742166,205.72622396316655,True,1.0020696428901252,1.0,0.9640931123283818,1773,4,1,0,node_1_0,0.38991842239772184,1.0,0.9988031037442794,0.994248954472427,0.9842829526087006,0.9729195252906138,0.9640931123283818,0.0,2,no_initial_change_stable,class_02,/Users/shunhao/Desktop/ML/lab/NEW/som_200h_reanalysis/02_selected_curve_database/paper_aligned_min4/x_time_h/10.3390_nano15110798/Fig6_G_stability_performance_curve_pce/accepted/10.3390_nano15110798__Fig6__G__stability_performance_curve_pce__Control__Series_1.csv
x_time_h/10.3390_polym14132748/Fig7_C_stability/accepted/10.3390_polym14132748__Fig7__C__stability__WIPEOz__Series_2.csv,10.3390/polym14132748|Fig7_C_stability|10.3390_polym14132748__Fig7__C__stability__WIPEOz__Series_2,/Users/shunhao/Desktop/ML/lab/data_all/x_time_h/10.3390_polym14132748/Fig7_C_stability/accepted/10.3390_polym14132748__Fig7__C__stability__WIPEOz__Series_2.csv,x_time_h/10.3390_polym14132748/Fig7_C_stability/accepted/10.3390_polym14132748__Fig7__C__stability__WIPEOz__Series_2.csv,10.3390/polym14132748,Fig7_C_stability,Series_2,65,65,43,0,301.0860204605524,202.29216999693364,True,1.0095558093469403,0.9952056789959236,0.9380772278877466,1777,4,1,0,node_1_0,0.21199301354567707,0.9952056789959236,0.9975772299683937,0.9872717601636679,0.9662173905741541,0.9538293131545806,0.9380772278877466,16.833333333333332,2,no_initial_change_stable,class_02,/Users/shunhao/Desktop/ML/lab/NEW/som_200h_reanalysis/02_selected_curve_database/paper_aligned_min4/x_time_h/10.3390_polym14132748/Fig7_C_stability/accepted/10.3390_polym14132748__Fig7__C__stability__WIPEOz__Series_2.csv
x_time_h/10.7498_aps.73.20231678/Fig5_B_pce/accepted/10.7498_aps.73.20231678__Fig5__B__pce__Control__Series_1.csv,10.7498/aps.73.20231678|Fig5_B_pce|10.7498_aps.73.20231678__Fig5__B__pce__Control__Series_1,/Users/shunhao/Desktop/ML/lab/data_all/x_time_h/10.7498_aps.73.20231678/Fig5_B_pce/accepted/10.7498_aps.73.20231678__Fig5__B__pce__Control__Series_1.csv,x_time_h/10.7498_aps.73.20231678/Fig5_B_pce/accepted/10.7498_aps.73.20231678__Fig5__B__pce__Control__Series_1.csv,10.7498/aps.73.20231678,Fig5_B_pce,Series_1,34,34,7,0,960.380872229862,203.7171547154253,True,1.00420525881682,1.0,0.9113688267532568,1779,4,1,0,node_1_0,0.36690103571946797,1.0,0.9953155949876931,0.9834184333602418,0.970845029616382,0.9514795410440209,0.9113688267532569,0.0,2,no_initial_change_stable,class_02,/Users/shunhao/Desktop/ML/lab/NEW/som_200h_reanalysis/02_selected_curve_database/paper_aligned_min4/x_time_h/10.7498_aps.73.20231678/Fig5_B_pce/accepted/10.7498_aps.73.20231678__Fig5__B__pce__Control__Series_1.csv
