curve_id,sample_id,source_absolute_path,source_relative_path,doi,figure_folder,series_id,n_raw_points,n_unique_points_total,n_unique_points_0_200h,n_duplicate_points,duration_h,endpoint_bracket_time_h,endpoint_uses_point_after_200h,max_pce_0_200h,normalized_pce_0h,normalized_pce_200h,array_row,raw_cluster_id,som_node_x,som_node_y,node_label,bmu_distance,pce_norm_0h,pce_norm_10h,pce_norm_50h,pce_norm_100h,pce_norm_150h,pce_norm_200h,peak_time_h,ordered_class_id,suggested_shape_name,class_label,selected_database_absolute_path
x_time_day/10.1002_adfm.201705545/Fig11_B_stability_performance_curve/accepted/10.1002_adfm.201705545__Fig11__B__stability_performance_curve__PSC-0__Series_2.csv,10.1002/adfm.201705545|Fig11_B_stability_performance_curve|10.1002_adfm.201705545__Fig11__B__stability_performance_curve__PSC-0__Series_2,/Users/shunhao/Desktop/ML/lab/data_all/x_time_day/10.1002_adfm.201705545/Fig11_B_stability_performance_curve/accepted/10.1002_adfm.201705545__Fig11__B__stability_performance_curve__PSC-0__Series_2.csv,x_time_day/10.1002_adfm.201705545/Fig11_B_stability_performance_curve/accepted/10.1002_adfm.201705545__Fig11__B__stability_performance_curve__PSC-0__Series_2.csv,10.1002/adfm.201705545,Fig11_B_stability_performance_curve,Series_2,43,42,11,1,762.9054931204807,204.68196156890943,True,0.9929423501461554,0.9452394410451272,0.8772957309389467,3,14,3,2,node_3_2,0.7253776434007656,0.9452394410451271,0.9542203760638389,0.9993713567265676,0.9710690230602914,0.9184240305222398,0.8772957309389467,53.83333333333333,3,no_initial_change_stable,class_03,/Users/shunhao/Desktop/ML/lab/NEW/som_200h_reanalysis/02_selected_curve_database/main_high_quality_min10/x_time_day/10.1002_adfm.201705545/Fig11_B_stability_performance_curve/accepted/10.1002_adfm.201705545__Fig11__B__stability_performance_curve__PSC-0__Series_2.csv
x_time_day/10.1002_adfm.201900221/Fig5_D_stability_performance_curve_pce/accepted/10.1002_adfm.201900221__Fig5__D__stability_performance_curve_pce__PEAI__Series_1.csv,10.1002/adfm.201900221|Fig5_D_stability_performance_curve_pce|10.1002_adfm.201900221__Fig5__D__stability_performance_curve_pce__PEAI__Series_1,/Users/shunhao/Desktop/ML/lab/data_all/x_time_day/10.1002_adfm.201900221/Fig5_D_stability_performance_curve_pce/accepted/10.1002_adfm.201900221__Fig5__D__stability_performance_curve_pce__PEAI__Series_1.csv,x_time_day/10.1002_adfm.201900221/Fig5_D_stability_performance_curve_pce/accepted/10.1002_adfm.201900221__Fig5__D__stability_performance_curve_pce__PEAI__Series_1.csv,10.1002/adfm.201900221,Fig5_D_stability_performance_curve_pce,Series_1,59,59,13,0,939.2564445821134,210.5229961994393,True,1.0032418745498537,1.0,0.8946938104122639,15,14,3,2,node_3_2,0.3194878995167098,1.0,0.9977402946536188,0.9811708918967379,0.9471880005042757,0.9129021690805272,0.8946938104122639,0.0,3,no_initial_change_stable,class_03,/Users/shunhao/Desktop/ML/lab/NEW/som_200h_reanalysis/02_selected_curve_database/main_high_quality_min10/x_time_day/10.1002_adfm.201900221/Fig5_D_stability_performance_curve_pce/accepted/10.1002_adfm.201900221__Fig5__D__stability_performance_curve_pce__PEAI__Series_1.csv
x_time_day/10.1002_adfm.202001418/Fig6_A_stability_performance_curve_pce/accepted/10.1002_adfm.202001418__Fig6__A__stability_performance_curve_pce__T—ITO_PCgBM__Series_1.csv,10.1002/adfm.202001418|Fig6_A_stability_performance_curve_pce|10.1002_adfm.202001418__Fig6__A__stability_performance_curve_pce__T—ITO_PCgBM__Series_1,/Users/shunhao/Desktop/ML/lab/data_all/x_time_day/10.1002_adfm.202001418/Fig6_A_stability_performance_curve_pce/accepted/10.1002_adfm.202001418__Fig6__A__stability_performance_curve_pce__T—ITO_PCgBM__Series_1.csv,x_time_day/10.1002_adfm.202001418/Fig6_A_stability_performance_curve_pce/accepted/10.1002_adfm.202001418__Fig6__A__stability_performance_curve_pce__T—ITO_PCgBM__Series_1.csv,10.1002/adfm.202001418,Fig6_A_stability_performance_curve_pce,Series_1,81,81,12,0,1413.882577245813,212.082386586872,True,1.001511536120638,1.0,0.9177028964389168,17,14,3,2,node_3_2,0.3687573993674925,1.0,0.9976779934278809,0.9814910204222012,0.9584604213826099,0.9357456132847739,0.9177028964389167,0.0,3,no_initial_change_stable,class_03,/Users/shunhao/Desktop/ML/lab/NEW/som_200h_reanalysis/02_selected_curve_database/main_high_quality_min10/x_time_day/10.1002_adfm.202001418/Fig6_A_stability_performance_curve_pce/accepted/10.1002_adfm.202001418__Fig6__A__stability_performance_curve_pce__T—ITO_PCgBM__Series_1.csv
x_time_day/10.1002_adma.201606806/Fig5_A_stability_performance_curve_pce/accepted/10.1002_adma.201606806__Fig5__A__stability_performance_curve_pce__PCBM__Series_2.csv,10.1002/adma.201606806|Fig5_A_stability_performance_curve_pce|10.1002_adma.201606806__Fig5__A__stability_performance_curve_pce__PCBM__Series_2,/Users/shunhao/Desktop/ML/lab/data_all/x_time_day/10.1002_adma.201606806/Fig5_A_stability_performance_curve_pce/accepted/10.1002_adma.201606806__Fig5__A__stability_performance_curve_pce__PCBM__Series_2.csv,x_time_day/10.1002_adma.201606806/Fig5_A_stability_performance_curve_pce/accepted/10.1002_adma.201606806__Fig5__A__stability_performance_curve_pce__PCBM__Series_2.csv,10.1002/adma.201606806,Fig5_A_stability_performance_curve_pce,Series_2,54,54,11,0,1036.671573133999,215.158251027811,True,1.004216217698754,1.0,0.905260327837212,25,14,3,2,node_3_2,0.14120257133463915,1.0,0.9978387080354658,0.9736585374690603,0.9503603155280824,0.92199192788308,0.9052603278372119,0.0,3,no_initial_change_stable,class_03,/Users/shunhao/Desktop/ML/lab/NEW/som_200h_reanalysis/02_selected_curve_database/main_high_quality_min10/x_time_day/10.1002_adma.201606806/Fig5_A_stability_performance_curve_pce/accepted/10.1002_adma.201606806__Fig5__A__stability_performance_curve_pce__PCBM__Series_2.csv
x_time_day/10.1002_admi.202101463/Fig7_B_stability_performance_curve_pce/accepted/10.1002_admi.202101463__Fig7__B__stability_performance_curve_pce__Pristine__Series_1.csv,10.1002/admi.202101463|Fig7_B_stability_performance_curve_pce|10.1002_admi.202101463__Fig7__B__stability_performance_curve_pce__Pristine__Series_1,/Users/shunhao/Desktop/ML/lab/data_all/x_time_day/10.1002_admi.202101463/Fig7_B_stability_performance_curve_pce/accepted/10.1002_admi.202101463__Fig7__B__stability_performance_curve_pce__Pristine__Series_1.csv,x_time_day/10.1002_admi.202101463/Fig7_B_stability_performance_curve_pce/accepted/10.1002_admi.202101463__Fig7__B__stability_performance_curve_pce__Pristine__Series_1.csv,10.1002/admi.202101463,Fig7_B_stability_performance_curve_pce,Series_1,25,25,17,0,288.83774955647584,204.59340593583704,True,1.0024705108445546,1.0,0.8604732455974654,33,14,3,2,node_3_2,0.37633035022273137,1.0,0.9946825432145336,0.9679123788402215,0.9488357574117642,0.9348676518950714,0.8604732455974654,0.0,3,no_initial_change_stable,class_03,/Users/shunhao/Desktop/ML/lab/NEW/som_200h_reanalysis/02_selected_curve_database/main_high_quality_min10/x_time_day/10.1002_admi.202101463/Fig7_B_stability_performance_curve_pce/accepted/10.1002_admi.202101463__Fig7__B__stability_performance_curve_pce__Pristine__Series_1.csv
x_time_day/10.1002_advs.202101418/Fig5_A_stability_performance_curve_pce/accepted/10.1002_advs.202101418__Fig5__A__stability_performance_curve_pce__W_o_Ti₃C2C1x__Series_1.csv,10.1002/advs.202101418|Fig5_A_stability_performance_curve_pce|10.1002_advs.202101418__Fig5__A__stability_performance_curve_pce__W_o_Ti₃C2C1x__Series_1,/Users/shunhao/Desktop/ML/lab/data_all/x_time_day/10.1002_advs.202101418/Fig5_A_stability_performance_curve_pce/accepted/10.1002_advs.202101418__Fig5__A__stability_performance_curve_pce__W_o_Ti₃C2C1x__Series_1.csv,x_time_day/10.1002_advs.202101418/Fig5_A_stability_performance_curve_pce/accepted/10.1002_advs.202101418__Fig5__A__stability_performance_curve_pce__W_o_Ti₃C2C1x__Series_1.csv,10.1002/advs.202101418,Fig5_A_stability_performance_curve_pce,Series_1,22,22,13,0,330.70193147790997,204.72024329584903,True,0.9995074662377988,1.0,0.8908297696361397,35,14,3,2,node_3_2,0.7150285499511733,1.0,0.980882506295659,0.9433472134596009,0.9279403387463583,0.910122476639332,0.8908297696361397,0.0,3,no_initial_change_stable,class_03,/Users/shunhao/Desktop/ML/lab/NEW/som_200h_reanalysis/02_selected_curve_database/main_high_quality_min10/x_time_day/10.1002_advs.202101418/Fig5_A_stability_performance_curve_pce/accepted/10.1002_advs.202101418__Fig5__A__stability_performance_curve_pce__W_o_Ti₃C2C1x__Series_1.csv
x_time_day/10.1002_aenm.201501354/Fig9_C_stability_performance_curve/accepted/10.1002_aenm.201501354__Fig9__C__stability_performance_curve__Device_based_on_C-PbI₂__Series_1.csv,10.1002/aenm.201501354|Fig9_C_stability_performance_curve|10.1002_aenm.201501354__Fig9__C__stability_performance_curve__Device_based_on_C-PbI₂__Series_1,/Users/shunhao/Desktop/ML/lab/data_all/x_time_day/10.1002_aenm.201501354/Fig9_C_stability_performance_curve/accepted/10.1002_aenm.201501354__Fig9__C__stability_performance_curve__Device_based_on_C-PbI₂__Series_1.csv,x_time_day/10.1002_aenm.201501354/Fig9_C_stability_performance_curve/accepted/10.1002_aenm.201501354__Fig9__C__stability_performance_curve__Device_based_on_C-PbI₂__Series_1.csv,10.1002/aenm.201501354,Fig9_C_stability_performance_curve,Series_1,50,50,12,0,855.7058570678157,209.5606180574243,True,0.992028174722042,1.0,0.8813055331448418,36,14,3,2,node_3_2,0.29504652830113426,1.0,0.9958609051434546,0.9773866706217369,0.9472214887914392,0.9157979902827199,0.8813055331448418,0.0,3,no_initial_change_stable,class_03,/Users/shunhao/Desktop/ML/lab/NEW/som_200h_reanalysis/02_selected_curve_database/main_high_quality_min10/x_time_day/10.1002_aenm.201501354/Fig9_C_stability_performance_curve/accepted/10.1002_aenm.201501354__Fig9__C__stability_performance_curve__Device_based_on_C-PbI₂__Series_1.csv
x_time_day/10.1002_aenm.201502206/Fig7_A_pce/accepted/10.1002_aenm.201502206__Fig7__A__pce__S1__Series_1.csv,10.1002/aenm.201502206|Fig7_A_pce|10.1002_aenm.201502206__Fig7__A__pce__S1__Series_1,/Users/shunhao/Desktop/ML/lab/data_all/x_time_day/10.1002_aenm.201502206/Fig7_A_pce/accepted/10.1002_aenm.201502206__Fig7__A__pce__S1__Series_1.csv,x_time_day/10.1002_aenm.201502206/Fig7_A_pce/accepted/10.1002_aenm.201502206__Fig7__A__pce__S1__Series_1.csv,10.1002/aenm.201502206,Fig7_A_pce,Series_1,79,79,65,0,239.72348019567465,200.2753125685383,True,16.412487364496435,0.98079758574412,0.9318918693528848,37,14,3,2,node_3_2,0.9829335250169671,0.9807975857441201,0.9876529213558575,0.9373697340092595,0.9324811990510895,0.9406848201274055,0.9318918693528847,2.833333333333333,3,no_initial_change_stable,class_03,/Users/shunhao/Desktop/ML/lab/NEW/som_200h_reanalysis/02_selected_curve_database/main_high_quality_min10/x_time_day/10.1002_aenm.201502206/Fig7_A_pce/accepted/10.1002_aenm.201502206__Fig7__A__pce__S1__Series_1.csv
x_time_day/10.1002_aenm.201700683/Fig5_A_stability_performance_curve_pce/accepted/10.1002_aenm.201700683__Fig5__A__stability_performance_curve_pce__Spiro-OMeTAD__Series_1.csv,10.1002/aenm.201700683|Fig5_A_stability_performance_curve_pce|10.1002_aenm.201700683__Fig5__A__stability_performance_curve_pce__Spiro-OMeTAD__Series_1,/Users/shunhao/Desktop/ML/lab/data_all/x_time_day/10.1002_aenm.201700683/Fig5_A_stability_performance_curve_pce/accepted/10.1002_aenm.201700683__Fig5__A__stability_performance_curve_pce__Spiro-OMeTAD__Series_1.csv,x_time_day/10.1002_aenm.201700683/Fig5_A_stability_performance_curve_pce/accepted/10.1002_aenm.201700683__Fig5__A__stability_performance_curve_pce__Spiro-OMeTAD__Series_1.csv,10.1002/aenm.201700683,Fig5_A_stability_performance_curve_pce,Series_1,68,68,13,0,1081.6152653993706,209.86564851032563,True,1.0294159515486223,1.0,0.8951850110045474,40,14,3,2,node_3_2,0.15887114960467194,1.0,0.9815179226726201,0.9822065894273008,0.950281557932671,0.927716673548611,0.8951850110045474,0.0,3,no_initial_change_stable,class_03,/Users/shunhao/Desktop/ML/lab/NEW/som_200h_reanalysis/02_selected_curve_database/main_high_quality_min10/x_time_day/10.1002_aenm.201700683/Fig5_A_stability_performance_curve_pce/accepted/10.1002_aenm.201700683__Fig5__A__stability_performance_curve_pce__Spiro-OMeTAD__Series_1.csv
x_time_day/10.1002_cssc.201702265/Fig3_A_pce/accepted/10.1002_cssc.201702265__Fig3__A__pce__Reference__Series_2.csv,10.1002/cssc.201702265|Fig3_A_pce|10.1002_cssc.201702265__Fig3__A__pce__Reference__Series_2,/Users/shunhao/Desktop/ML/lab/data_all/x_time_day/10.1002_cssc.201702265/Fig3_A_pce/accepted/10.1002_cssc.201702265__Fig3__A__pce__Reference__Series_2.csv,x_time_day/10.1002_cssc.201702265/Fig3_A_pce/accepted/10.1002_cssc.201702265__Fig3__A__pce__Reference__Series_2.csv,10.1002/cssc.201702265,Fig3_A_pce,Series_2,51,51,33,0,307.5439551971657,202.97901043012936,True,0.9990826800909628,1.0,0.9187288187937508,63,14,3,2,node_3_2,0.365135829198647,1.0,0.9959894225091847,0.9787090020790441,0.9573866956059517,0.9377012093942299,0.9187288187937509,0.0,3,no_initial_change_stable,class_03,/Users/shunhao/Desktop/ML/lab/NEW/som_200h_reanalysis/02_selected_curve_database/main_high_quality_min10/x_time_day/10.1002_cssc.201702265/Fig3_A_pce/accepted/10.1002_cssc.201702265__Fig3__A__pce__Reference__Series_2.csv
x_time_day/10.1002_cssc.201702265/Fig3_C_pce/accepted/10.1002_cssc.201702265__Fig3__C__pce__MAPbI₃_+_5%_C₆₀__Series_1.csv,10.1002/cssc.201702265|Fig3_C_pce|10.1002_cssc.201702265__Fig3__C__pce__MAPbI₃_+_5%_C₆₀__Series_1,/Users/shunhao/Desktop/ML/lab/data_all/x_time_day/10.1002_cssc.201702265/Fig3_C_pce/accepted/10.1002_cssc.201702265__Fig3__C__pce__MAPbI₃_+_5%_C₆₀__Series_1.csv,x_time_day/10.1002_cssc.201702265/Fig3_C_pce/accepted/10.1002_cssc.201702265__Fig3__C__pce__MAPbI₃_+_5%_C₆₀__Series_1.csv,10.1002/cssc.201702265,Fig3_C_pce,Series_1,52,52,20,0,521.7181818412259,204.5953654279318,True,0.998299457395049,1.0,0.9109565649172984,68,14,3,2,node_3_2,0.2367635525100473,1.0,0.9962493987015747,0.9786820488146717,0.9542990656811345,0.9315532751975805,0.9109565649172984,0.0,3,no_initial_change_stable,class_03,/Users/shunhao/Desktop/ML/lab/NEW/som_200h_reanalysis/02_selected_curve_database/main_high_quality_min10/x_time_day/10.1002_cssc.201702265/Fig3_C_pce/accepted/10.1002_cssc.201702265__Fig3__C__pce__MAPbI₃_+_5%_C₆₀__Series_1.csv
x_time_day/10.1002_cssc.201903025/Fig7_A_stability_performance_curve_pce/accepted/10.1002_cssc.201903025__Fig7__A__stability_performance_curve_pce__NiO_NCs__Series_1.csv,10.1002/cssc.201903025|Fig7_A_stability_performance_curve_pce|10.1002_cssc.201903025__Fig7__A__stability_performance_curve_pce__NiO_NCs__Series_1,/Users/shunhao/Desktop/ML/lab/data_all/x_time_day/10.1002_cssc.201903025/Fig7_A_stability_performance_curve_pce/accepted/10.1002_cssc.201903025__Fig7__A__stability_performance_curve_pce__NiO_NCs__Series_1.csv,x_time_day/10.1002_cssc.201903025/Fig7_A_stability_performance_curve_pce/accepted/10.1002_cssc.201903025__Fig7__A__stability_performance_curve_pce__NiO_NCs__Series_1.csv,10.1002/cssc.201903025,Fig7_A_stability_performance_curve_pce,Series_1,64,64,18,0,715.0529054631692,204.30083013233403,True,1.0024098859315,1.0,0.9149497565357894,71,14,3,2,node_3_2,0.24929609564586047,1.0,0.996497340045372,0.9764955573897559,0.9504781848652496,0.9335704900938038,0.9149497565357894,0.0,3,no_initial_change_stable,class_03,/Users/shunhao/Desktop/ML/lab/NEW/som_200h_reanalysis/02_selected_curve_database/main_high_quality_min10/x_time_day/10.1002_cssc.201903025/Fig7_A_stability_performance_curve_pce/accepted/10.1002_cssc.201903025__Fig7__A__stability_performance_curve_pce__NiO_NCs__Series_1.csv
x_time_day/10.1002_pc.25527/Fig9_D_stability_performance_curve/accepted/10.1002_pc.25527__Fig9__D__stability_performance_curve__based_on_Ag_CuO_Nfs_PEDOT_PSS__Series_2.csv,10.1002/pc.25527|Fig9_D_stability_performance_curve|10.1002_pc.25527__Fig9__D__stability_performance_curve__based_on_Ag_CuO_Nfs_PEDOT_PSS__Series_2,/Users/shunhao/Desktop/ML/lab/data_all/x_time_day/10.1002_pc.25527/Fig9_D_stability_performance_curve/accepted/10.1002_pc.25527__Fig9__D__stability_performance_curve__based_on_Ag_CuO_Nfs_PEDOT_PSS__Series_2.csv,x_time_day/10.1002_pc.25527/Fig9_D_stability_performance_curve/accepted/10.1002_pc.25527__Fig9__D__stability_performance_curve__based_on_Ag_CuO_Nfs_PEDOT_PSS__Series_2.csv,10.1002/pc.25527,Fig9_D_stability_performance_curve,Series_2,56,56,16,0,711.1762711383743,206.88764251298167,True,1.0113623067787372,1.0,0.8901989376513115,79,14,3,2,node_3_2,0.268689086070261,1.0,0.9917575140635058,0.9782773510344965,0.9615291648168368,0.9318448905550268,0.8901989376513115,0.0,3,no_initial_change_stable,class_03,/Users/shunhao/Desktop/ML/lab/NEW/som_200h_reanalysis/02_selected_curve_database/main_high_quality_min10/x_time_day/10.1002_pc.25527/Fig9_D_stability_performance_curve/accepted/10.1002_pc.25527__Fig9__D__stability_performance_curve__based_on_Ag_CuO_Nfs_PEDOT_PSS__Series_2.csv
x_time_day/10.1002_smll.202004778/Fig4_A_stability_performance_curve_pce/accepted/10.1002_smll.202004778__Fig4__A__stability_performance_curve_pce__TiO2CL__Series_1.csv,10.1002/smll.202004778|Fig4_A_stability_performance_curve_pce|10.1002_smll.202004778__Fig4__A__stability_performance_curve_pce__TiO2CL__Series_1,/Users/shunhao/Desktop/ML/lab/data_all/x_time_day/10.1002_smll.202004778/Fig4_A_stability_performance_curve_pce/accepted/10.1002_smll.202004778__Fig4__A__stability_performance_curve_pce__TiO2CL__Series_1.csv,x_time_day/10.1002_smll.202004778/Fig4_A_stability_performance_curve_pce/accepted/10.1002_smll.202004778__Fig4__A__stability_performance_curve_pce__TiO2CL__Series_1.csv,10.1002/smll.202004778,Fig4_A_stability_performance_curve_pce,Series_1,79,79,14,0,1180.2337093921117,211.83681963448163,True,0.9920350649521608,1.0,0.9237408726735103,82,14,3,2,node_3_2,0.32483961576550274,1.0,0.9937568121785847,0.9722325204067209,0.9446820205835015,0.9309972879652278,0.9237408726735105,0.0,3,no_initial_change_stable,class_03,/Users/shunhao/Desktop/ML/lab/NEW/som_200h_reanalysis/02_selected_curve_database/main_high_quality_min10/x_time_day/10.1002_smll.202004778/Fig4_A_stability_performance_curve_pce/accepted/10.1002_smll.202004778__Fig4__A__stability_performance_curve_pce__TiO2CL__Series_1.csv
x_time_day/10.1002_solr.201800205/Fig3_A_stability_performance_curve_pce/accepted/10.1002_solr.201800205__Fig3__A__stability_performance_curve_pce__FTO_PTCA__Series_1.csv,10.1002/solr.201800205|Fig3_A_stability_performance_curve_pce|10.1002_solr.201800205__Fig3__A__stability_performance_curve_pce__FTO_PTCA__Series_1,/Users/shunhao/Desktop/ML/lab/data_all/x_time_day/10.1002_solr.201800205/Fig3_A_stability_performance_curve_pce/accepted/10.1002_solr.201800205__Fig3__A__stability_performance_curve_pce__FTO_PTCA__Series_1.csv,x_time_day/10.1002_solr.201800205/Fig3_A_stability_performance_curve_pce/accepted/10.1002_solr.201800205__Fig3__A__stability_performance_curve_pce__FTO_PTCA__Series_1.csv,10.1002/solr.201800205,Fig3_A_stability_performance_curve_pce,Series_1,52,52,15,0,720.8738751752867,212.02172799273137,True,0.9958290976769892,1.0,0.9241579665041708,95,14,3,2,node_3_2,0.5727163139231748,1.0,0.9860852389664598,0.9499163233997592,0.9367512062819182,0.9372897849517485,0.9241579665041707,0.0,3,no_initial_change_stable,class_03,/Users/shunhao/Desktop/ML/lab/NEW/som_200h_reanalysis/02_selected_curve_database/main_high_quality_min10/x_time_day/10.1002_solr.201800205/Fig3_A_stability_performance_curve_pce/accepted/10.1002_solr.201800205__Fig3__A__stability_performance_curve_pce__FTO_PTCA__Series_1.csv
x_time_day/10.1002_solr.201800216/Fig4_C_image/accepted/10.1002_solr.201800216__Fig4__C__image__Pristine__Series_2.csv,10.1002/solr.201800216|Fig4_C_image|10.1002_solr.201800216__Fig4__C__image__Pristine__Series_2,/Users/shunhao/Desktop/ML/lab/data_all/x_time_day/10.1002_solr.201800216/Fig4_C_image/accepted/10.1002_solr.201800216__Fig4__C__image__Pristine__Series_2.csv,x_time_day/10.1002_solr.201800216/Fig4_C_image/accepted/10.1002_solr.201800216__Fig4__C__image__Pristine__Series_2.csv,10.1002/solr.201800216,Fig4_C_image,Series_2,46,46,27,0,336.216097678369,201.72965860702143,True,0.9960723148339616,1.0,0.9205381573259654,98,14,3,2,node_3_2,0.40909299593386655,1.0,0.9960136608677332,0.9830466851988292,0.9601366086773327,0.9372265321558361,0.9205381573259654,0.0,3,no_initial_change_stable,class_03,/Users/shunhao/Desktop/ML/lab/NEW/som_200h_reanalysis/02_selected_curve_database/main_high_quality_min10/x_time_day/10.1002_solr.201800216/Fig4_C_image/accepted/10.1002_solr.201800216__Fig4__C__image__Pristine__Series_2.csv
x_time_day/10.1002_solr.201800232/Fig4_D_stability_performance_curve_pce/accepted/10.1002_solr.201800232__Fig4__D__stability_performance_curve_pce__Spiro-OMeTAD_Devices__Series_1.csv,10.1002/solr.201800232|Fig4_D_stability_performance_curve_pce|10.1002_solr.201800232__Fig4__D__stability_performance_curve_pce__Spiro-OMeTAD_Devices__Series_1,/Users/shunhao/Desktop/ML/lab/data_all/x_time_day/10.1002_solr.201800232/Fig4_D_stability_performance_curve_pce/accepted/10.1002_solr.201800232__Fig4__D__stability_performance_curve_pce__Spiro-OMeTAD_Devices__Series_1.csv,x_time_day/10.1002_solr.201800232/Fig4_D_stability_performance_curve_pce/accepted/10.1002_solr.201800232__Fig4__D__stability_performance_curve_pce__Spiro-OMeTAD_Devices__Series_1.csv,10.1002/solr.201800232,Fig4_D_stability_performance_curve_pce,Series_1,59,59,10,0,1200.8490963309823,207.0429476432728,True,1.0016500272812938,1.0,0.905752346780864,99,14,3,2,node_3_2,0.42601949710369535,1.0,0.9984104244352954,0.9901067779906948,0.9648454551440427,0.9252538411394471,0.9057523467808641,0.0,3,no_initial_change_stable,class_03,/Users/shunhao/Desktop/ML/lab/NEW/som_200h_reanalysis/02_selected_curve_database/main_high_quality_min10/x_time_day/10.1002_solr.201800232/Fig4_D_stability_performance_curve_pce/accepted/10.1002_solr.201800232__Fig4__D__stability_performance_curve_pce__Spiro-OMeTAD_Devices__Series_1.csv
x_time_day/10.1002_solr.201800240/Fig6_E_stability_performance_curve/accepted/10.1002_solr.201800240__Fig6__E__stability_performance_curve__ZnO_based_PSCs__Series_1.csv,10.1002/solr.201800240|Fig6_E_stability_performance_curve|10.1002_solr.201800240__Fig6__E__stability_performance_curve__ZnO_based_PSCs__Series_1,/Users/shunhao/Desktop/ML/lab/data_all/x_time_day/10.1002_solr.201800240/Fig6_E_stability_performance_curve/accepted/10.1002_solr.201800240__Fig6__E__stability_performance_curve__ZnO_based_PSCs__Series_1.csv,x_time_day/10.1002_solr.201800240/Fig6_E_stability_performance_curve/accepted/10.1002_solr.201800240__Fig6__E__stability_performance_curve__ZnO_based_PSCs__Series_1.csv,10.1002/solr.201800240,Fig6_E_stability_performance_curve,Series_1,67,67,19,0,711.8604614759222,204.92952678852305,True,1.0006392339739103,1.0,0.9120160395544196,100,14,3,2,node_3_2,0.23806781179849978,1.0,0.996049682529054,0.968399276775812,0.9395126298583933,0.9239427602994987,0.9120160395544197,0.0,3,no_initial_change_stable,class_03,/Users/shunhao/Desktop/ML/lab/NEW/som_200h_reanalysis/02_selected_curve_database/main_high_quality_min10/x_time_day/10.1002_solr.201800240/Fig6_E_stability_performance_curve/accepted/10.1002_solr.201800240__Fig6__E__stability_performance_curve__ZnO_based_PSCs__Series_1.csv
x_time_day/10.1002_solr.201900249/Fig6_E_stability_performance_curve_pce/accepted/10.1002_solr.201900249__Fig6__E__stability_performance_curve_pce__pero-pristine__Series_1.csv,10.1002/solr.201900249|Fig6_E_stability_performance_curve_pce|10.1002_solr.201900249__Fig6__E__stability_performance_curve_pce__pero-pristine__Series_1,/Users/shunhao/Desktop/ML/lab/data_all/x_time_day/10.1002_solr.201900249/Fig6_E_stability_performance_curve_pce/accepted/10.1002_solr.201900249__Fig6__E__stability_performance_curve_pce__pero-pristine__Series_1.csv,x_time_day/10.1002_solr.201900249/Fig6_E_stability_performance_curve_pce/accepted/10.1002_solr.201900249__Fig6__E__stability_performance_curve_pce__pero-pristine__Series_1.csv,10.1002/solr.201900249,Fig6_E_stability_performance_curve_pce,Series_1,134,134,21,0,1288.0013745369852,203.36863808478716,True,1.0520891490293487,0.95627073803034,0.8986277703442431,104,14,3,2,node_3_2,0.595878157313592,0.9562707380303399,0.9628385509673129,0.993216773241006,0.9587472742784023,0.9358642521688325,0.8986277703442431,35.166666666666664,3,no_initial_change_stable,class_03,/Users/shunhao/Desktop/ML/lab/NEW/som_200h_reanalysis/02_selected_curve_database/main_high_quality_min10/x_time_day/10.1002_solr.201900249/Fig6_E_stability_performance_curve_pce/accepted/10.1002_solr.201900249__Fig6__E__stability_performance_curve_pce__pero-pristine__Series_1.csv
x_time_day/10.1002_solr.202000206/Fig7_A_stability_performance_curve_pce/accepted/10.1002_solr.202000206__Fig7__A__stability_performance_curve_pce__PEDOT_PSS__Series_2.csv,10.1002/solr.202000206|Fig7_A_stability_performance_curve_pce|10.1002_solr.202000206__Fig7__A__stability_performance_curve_pce__PEDOT_PSS__Series_2,/Users/shunhao/Desktop/ML/lab/data_all/x_time_day/10.1002_solr.202000206/Fig7_A_stability_performance_curve_pce/accepted/10.1002_solr.202000206__Fig7__A__stability_performance_curve_pce__PEDOT_PSS__Series_2.csv,x_time_day/10.1002_solr.202000206/Fig7_A_stability_performance_curve_pce/accepted/10.1002_solr.202000206__Fig7__A__stability_performance_curve_pce__PEDOT_PSS__Series_2.csv,10.1002/solr.202000206,Fig7_A_stability_performance_curve_pce,Series_2,73,73,11,0,1327.8829287634514,202.87100300552729,True,13.858585119494617,1.0,0.9248966677334348,105,14,3,2,node_3_2,0.42213159431821007,1.0,0.9913030761367252,0.9582510103790269,0.944563229405796,0.9361114234948029,0.9248966677334349,0.0,3,no_initial_change_stable,class_03,/Users/shunhao/Desktop/ML/lab/NEW/som_200h_reanalysis/02_selected_curve_database/main_high_quality_min10/x_time_day/10.1002_solr.202000206/Fig7_A_stability_performance_curve_pce/accepted/10.1002_solr.202000206__Fig7__A__stability_performance_curve_pce__PEDOT_PSS__Series_2.csv
x_time_day/10.1002_solr.202000573/Fig4_F_sem_curve_pce/accepted/10.1002_solr.202000573__Fig4__F__sem_curve_pce__Control__Series_1.csv,10.1002/solr.202000573|Fig4_F_sem_curve_pce|10.1002_solr.202000573__Fig4__F__sem_curve_pce__Control__Series_1,/Users/shunhao/Desktop/ML/lab/data_all/x_time_day/10.1002_solr.202000573/Fig4_F_sem_curve_pce/accepted/10.1002_solr.202000573__Fig4__F__sem_curve_pce__Control__Series_1.csv,x_time_day/10.1002_solr.202000573/Fig4_F_sem_curve_pce/accepted/10.1002_solr.202000573__Fig4__F__sem_curve_pce__Control__Series_1.csv,10.1002/solr.202000573,Fig4_F_sem_curve_pce,Series_1,63,63,24,0,520.0128873391063,201.2953112280411,True,1.0038177169861764,0.99972737096644,0.8698705548574875,110,14,3,2,node_3_2,0.4594091451978224,0.9997273709664399,0.9995099274002118,0.9802656908653314,0.9521512287405874,0.9110592492195932,0.8698705548574875,4.166666666666666,3,no_initial_change_stable,class_03,/Users/shunhao/Desktop/ML/lab/NEW/som_200h_reanalysis/02_selected_curve_database/main_high_quality_min10/x_time_day/10.1002_solr.202000573/Fig4_F_sem_curve_pce/accepted/10.1002_solr.202000573__Fig4__F__sem_curve_pce__Control__Series_1.csv
x_time_day/10.1016_j.apsusc.2016.06.187/Fig9_whole_figure/accepted/10.1016_j.apsusc.2016.06.187__Fig9__whole__figure__cl-SnO2(SnO__Series_2.csv,10.1016/j.apsusc.2016.06.187|Fig9_whole_figure|10.1016_j.apsusc.2016.06.187__Fig9__whole__figure__cl-SnO2(SnO__Series_2,/Users/shunhao/Desktop/ML/lab/data_all/x_time_day/10.1016_j.apsusc.2016.06.187/Fig9_whole_figure/accepted/10.1016_j.apsusc.2016.06.187__Fig9__whole__figure__cl-SnO2(SnO__Series_2.csv,x_time_day/10.1016_j.apsusc.2016.06.187/Fig9_whole_figure/accepted/10.1016_j.apsusc.2016.06.187__Fig9__whole__figure__cl-SnO2(SnO__Series_2.csv,10.1016/j.apsusc.2016.06.187,Fig9_whole_figure,Series_2,210,210,137,0,305.4025644201487,200.192111605552,True,0.972828137682146,1.0,0.9189184523364196,128,14,3,2,node_3_2,0.8192123503030367,1.0,0.9811160483774105,0.9374572694037349,0.9232506448645309,0.9211270438268699,0.9189184523364196,0.0,3,no_initial_change_stable,class_03,/Users/shunhao/Desktop/ML/lab/NEW/som_200h_reanalysis/02_selected_curve_database/main_high_quality_min10/x_time_day/10.1016_j.apsusc.2016.06.187/Fig9_whole_figure/accepted/10.1016_j.apsusc.2016.06.187__Fig9__whole__figure__cl-SnO2(SnO__Series_2.csv
x_time_day/10.1016_j.apsusc.2017.04.153/Fig5_D_pce/accepted/10.1016_j.apsusc.2017.04.153__Fig5__D__pce__spiro-OMeTAD__Series_2.csv,10.1016/j.apsusc.2017.04.153|Fig5_D_pce|10.1016_j.apsusc.2017.04.153__Fig5__D__pce__spiro-OMeTAD__Series_2,/Users/shunhao/Desktop/ML/lab/data_all/x_time_day/10.1016_j.apsusc.2017.04.153/Fig5_D_pce/accepted/10.1016_j.apsusc.2017.04.153__Fig5__D__pce__spiro-OMeTAD__Series_2.csv,x_time_day/10.1016_j.apsusc.2017.04.153/Fig5_D_pce/accepted/10.1016_j.apsusc.2017.04.153__Fig5__D__pce__spiro-OMeTAD__Series_2.csv,10.1016/j.apsusc.2017.04.153,Fig5_D_pce,Series_2,57,57,20,0,571.1520887638779,203.9828888442421,True,13.682571266821792,1.0,0.8792242239546227,131,14,3,2,node_3_2,0.45287378042615084,1.0,0.9920505814476243,0.9682655170971861,0.9376417293693707,0.9091944744705706,0.8792242239546227,0.0,3,no_initial_change_stable,class_03,/Users/shunhao/Desktop/ML/lab/NEW/som_200h_reanalysis/02_selected_curve_database/main_high_quality_min10/x_time_day/10.1016_j.apsusc.2017.04.153/Fig5_D_pce/accepted/10.1016_j.apsusc.2017.04.153__Fig5__D__pce__spiro-OMeTAD__Series_2.csv
x_time_day/10.1016_j.apsusc.2020.145790/Fig7_F_stability_performance_curve_pce/accepted/10.1016_j.apsusc.2020.145790__Fig7__F__stability_performance_curve_pce__Reference__Series_3.csv,10.1016/j.apsusc.2020.145790|Fig7_F_stability_performance_curve_pce|10.1016_j.apsusc.2020.145790__Fig7__F__stability_performance_curve_pce__Reference__Series_3,/Users/shunhao/Desktop/ML/lab/data_all/x_time_day/10.1016_j.apsusc.2020.145790/Fig7_F_stability_performance_curve_pce/accepted/10.1016_j.apsusc.2020.145790__Fig7__F__stability_performance_curve_pce__Reference__Series_3.csv,x_time_day/10.1016_j.apsusc.2020.145790/Fig7_F_stability_performance_curve_pce/accepted/10.1016_j.apsusc.2020.145790__Fig7__F__stability_performance_curve_pce__Reference__Series_3.csv,10.1016/j.apsusc.2020.145790,Fig7_F_stability_performance_curve_pce,Series_3,43,43,12,0,712.1942806040432,203.4840801725838,True,1.0057796122409848,0.9992503832337044,0.8816797165768322,133,14,3,2,node_3_2,0.3851912371023165,0.9992503832337045,0.9999907781053637,0.9868574601131742,0.9545307683584404,0.91923759610167,0.8816797165768322,9.0,3,no_initial_change_stable,class_03,/Users/shunhao/Desktop/ML/lab/NEW/som_200h_reanalysis/02_selected_curve_database/main_high_quality_min10/x_time_day/10.1016_j.apsusc.2020.145790/Fig7_F_stability_performance_curve_pce/accepted/10.1016_j.apsusc.2020.145790__Fig7__F__stability_performance_curve_pce__Reference__Series_3.csv
x_time_day/10.1016_j.cej.2021.128436/Fig8_A_stability_performance_curve_pce/accepted/10.1016_j.cej.2021.128436__Fig8__A__stability_performance_curve_pce__SnO2_2D_Bi2O2Se_(20_nm)__Series_2.csv,10.1016/j.cej.2021.128436|Fig8_A_stability_performance_curve_pce|10.1016_j.cej.2021.128436__Fig8__A__stability_performance_curve_pce__SnO2_2D_Bi2O2Se_(20_nm)__Series_2,/Users/shunhao/Desktop/ML/lab/data_all/x_time_day/10.1016_j.cej.2021.128436/Fig8_A_stability_performance_curve_pce/accepted/10.1016_j.cej.2021.128436__Fig8__A__stability_performance_curve_pce__SnO2_2D_Bi2O2Se_(20_nm)__Series_2.csv,x_time_day/10.1016_j.cej.2021.128436/Fig8_A_stability_performance_curve_pce/accepted/10.1016_j.cej.2021.128436__Fig8__A__stability_performance_curve_pce__SnO2_2D_Bi2O2Se_(20_nm)__Series_2.csv,10.1016/j.cej.2021.128436,Fig8_A_stability_performance_curve_pce,Series_2,64,64,23,0,571.2153178603471,208.5389255680633,True,1.0037891526799725,1.0,0.8946052330431975,141,14,3,2,node_3_2,0.22866200313267154,1.0,0.9977285432029743,0.9762256949995278,0.938154753601072,0.9236182585252981,0.8946052330431975,0.0,3,no_initial_change_stable,class_03,/Users/shunhao/Desktop/ML/lab/NEW/som_200h_reanalysis/02_selected_curve_database/main_high_quality_min10/x_time_day/10.1016_j.cej.2021.128436/Fig8_A_stability_performance_curve_pce/accepted/10.1016_j.cej.2021.128436__Fig8__A__stability_performance_curve_pce__SnO2_2D_Bi2O2Se_(20_nm)__Series_2.csv
x_time_day/10.1016_j.cej.2021.131357/Fig5_E_stability_performance_curve_pce/accepted/10.1016_j.cej.2021.131357__Fig5__E__stability_performance_curve_pce__NiOx__Series_1.csv,10.1016/j.cej.2021.131357|Fig5_E_stability_performance_curve_pce|10.1016_j.cej.2021.131357__Fig5__E__stability_performance_curve_pce__NiOx__Series_1,/Users/shunhao/Desktop/ML/lab/data_all/x_time_day/10.1016_j.cej.2021.131357/Fig5_E_stability_performance_curve_pce/accepted/10.1016_j.cej.2021.131357__Fig5__E__stability_performance_curve_pce__NiOx__Series_1.csv,x_time_day/10.1016_j.cej.2021.131357/Fig5_E_stability_performance_curve_pce/accepted/10.1016_j.cej.2021.131357__Fig5__E__stability_performance_curve_pce__NiOx__Series_1.csv,10.1016/j.cej.2021.131357,Fig5_E_stability_performance_curve_pce,Series_1,51,51,15,0,709.362979964735,212.80889398942048,True,1.0029956686555088,0.9996585116003098,0.886191377263211,152,14,3,2,node_3_2,0.44602062878069243,0.9996585116003098,0.9999427055608892,0.9885970007250908,0.9663982593292377,0.9305572495110239,0.886191377263211,7.166666666666666,3,no_initial_change_stable,class_03,/Users/shunhao/Desktop/ML/lab/NEW/som_200h_reanalysis/02_selected_curve_database/main_high_quality_min10/x_time_day/10.1016_j.cej.2021.131357/Fig5_E_stability_performance_curve_pce/accepted/10.1016_j.cej.2021.131357__Fig5__E__stability_performance_curve_pce__NiOx__Series_1.csv
x_time_day/10.1016_j.cej.2021.131357/Fig5_F_stability_performance_curve_pce/accepted/10.1016_j.cej.2021.131357__Fig5__F__stability_performance_curve_pce__→NiOx__Series_1.csv,10.1016/j.cej.2021.131357|Fig5_F_stability_performance_curve_pce|10.1016_j.cej.2021.131357__Fig5__F__stability_performance_curve_pce__→NiOx__Series_1,/Users/shunhao/Desktop/ML/lab/data_all/x_time_day/10.1016_j.cej.2021.131357/Fig5_F_stability_performance_curve_pce/accepted/10.1016_j.cej.2021.131357__Fig5__F__stability_performance_curve_pce__→NiOx__Series_1.csv,x_time_day/10.1016_j.cej.2021.131357/Fig5_F_stability_performance_curve_pce/accepted/10.1016_j.cej.2021.131357__Fig5__F__stability_performance_curve_pce__→NiOx__Series_1.csv,10.1016/j.cej.2021.131357,Fig5_F_stability_performance_curve_pce,Series_1,50,50,15,0,697.5632079035058,213.53975752148145,True,1.0053637007175724,1.0,0.8987732156432611,153,14,3,2,node_3_2,0.35893622743807196,1.0,0.9980857991587877,0.986308098034276,0.9616297979985285,0.9273292559836938,0.8987732156432611,0.0,3,no_initial_change_stable,class_03,/Users/shunhao/Desktop/ML/lab/NEW/som_200h_reanalysis/02_selected_curve_database/main_high_quality_min10/x_time_day/10.1016_j.cej.2021.131357/Fig5_F_stability_performance_curve_pce/accepted/10.1016_j.cej.2021.131357__Fig5__F__stability_performance_curve_pce__→NiOx__Series_1.csv
x_time_day/10.1016_j.cej.2021.131358/Fig5_A_stability_performance_curve/accepted/10.1016_j.cej.2021.131358__Fig5__A__stability_performance_curve__Control__Series_1.csv,10.1016/j.cej.2021.131358|Fig5_A_stability_performance_curve|10.1016_j.cej.2021.131358__Fig5__A__stability_performance_curve__Control__Series_1,/Users/shunhao/Desktop/ML/lab/data_all/x_time_day/10.1016_j.cej.2021.131358/Fig5_A_stability_performance_curve/accepted/10.1016_j.cej.2021.131358__Fig5__A__stability_performance_curve__Control__Series_1.csv,x_time_day/10.1016_j.cej.2021.131358/Fig5_A_stability_performance_curve/accepted/10.1016_j.cej.2021.131358__Fig5__A__stability_performance_curve__Control__Series_1.csv,10.1016/j.cej.2021.131358,Fig5_A_stability_performance_curve,Series_1,51,51,15,0,713.8546935647101,214.15640806941303,True,1.000186097322309,1.0,0.9197437497734712,154,14,3,2,node_3_2,0.30772027906051796,1.0,0.9925101788224588,0.9705821590530512,0.9545309281099725,0.9358063751661199,0.9197437497734713,0.0,3,no_initial_change_stable,class_03,/Users/shunhao/Desktop/ML/lab/NEW/som_200h_reanalysis/02_selected_curve_database/main_high_quality_min10/x_time_day/10.1016_j.cej.2021.131358/Fig5_A_stability_performance_curve/accepted/10.1016_j.cej.2021.131358__Fig5__A__stability_performance_curve__Control__Series_1.csv
x_time_day/10.1016_j.dyepig.2018.07.053/Fig8_B_curve/accepted/10.1016_j.dyepig.2018.07.053__Fig8__B__curve__PEDOT_PSS__Series_1.csv,10.1016/j.dyepig.2018.07.053|Fig8_B_curve|10.1016_j.dyepig.2018.07.053__Fig8__B__curve__PEDOT_PSS__Series_1,/Users/shunhao/Desktop/ML/lab/data_all/x_time_day/10.1016_j.dyepig.2018.07.053/Fig8_B_curve/accepted/10.1016_j.dyepig.2018.07.053__Fig8__B__curve__PEDOT_PSS__Series_1.csv,x_time_day/10.1016_j.dyepig.2018.07.053/Fig8_B_curve/accepted/10.1016_j.dyepig.2018.07.053__Fig8__B__curve__PEDOT_PSS__Series_1.csv,10.1016/j.dyepig.2018.07.053,Fig8_B_curve,Series_1,61,61,34,0,355.9942498826456,201.7300749334992,True,11.28000687949738,0.997226568722222,0.8789332396253237,158,14,3,2,node_3_2,0.412087949151208,0.997226568722222,0.9998087332975147,0.9806307325655539,0.9664918466453879,0.9312931187985428,0.8789332396253237,15.833333333333332,3,no_initial_change_stable,class_03,/Users/shunhao/Desktop/ML/lab/NEW/som_200h_reanalysis/02_selected_curve_database/main_high_quality_min10/x_time_day/10.1016_j.dyepig.2018.07.053/Fig8_B_curve/accepted/10.1016_j.dyepig.2018.07.053__Fig8__B__curve__PEDOT_PSS__Series_1.csv
x_time_day/10.1016_j.dyepig.2021.109718/Fig6_A_stability_performance_curve_pce/accepted/10.1016_j.dyepig.2021.109718__Fig6__A__stability_performance_curve_pce__Spiro-OMeTAD__Series_3.csv,10.1016/j.dyepig.2021.109718|Fig6_A_stability_performance_curve_pce|10.1016_j.dyepig.2021.109718__Fig6__A__stability_performance_curve_pce__Spiro-OMeTAD__Series_3,/Users/shunhao/Desktop/ML/lab/data_all/x_time_day/10.1016_j.dyepig.2021.109718/Fig6_A_stability_performance_curve_pce/accepted/10.1016_j.dyepig.2021.109718__Fig6__A__stability_performance_curve_pce__Spiro-OMeTAD__Series_3.csv,x_time_day/10.1016_j.dyepig.2021.109718/Fig6_A_stability_performance_curve_pce/accepted/10.1016_j.dyepig.2021.109718__Fig6__A__stability_performance_curve_pce__Spiro-OMeTAD__Series_3.csv,10.1016/j.dyepig.2021.109718,Fig6_A_stability_performance_curve_pce,Series_3,66,66,19,0,704.3320447143948,205.88167460882312,True,1.0046722415360172,1.0,0.901200628688726,162,14,3,2,node_3_2,0.3438168549652755,1.0,0.9958838099868996,0.9842834275599537,0.9622912159604369,0.9345735040508438,0.9012006286887259,0.0,3,no_initial_change_stable,class_03,/Users/shunhao/Desktop/ML/lab/NEW/som_200h_reanalysis/02_selected_curve_database/main_high_quality_min10/x_time_day/10.1016_j.dyepig.2021.109718/Fig6_A_stability_performance_curve_pce/accepted/10.1016_j.dyepig.2021.109718__Fig6__A__stability_performance_curve_pce__Spiro-OMeTAD__Series_3.csv
x_time_day/10.1016_j.jallcom.2019.152091/Fig5_A_chart/accepted/10.1016_j.jallcom.2019.152091__Fig5__A__chart__PEDOT_PSS__Series_1.csv,10.1016/j.jallcom.2019.152091|Fig5_A_chart|10.1016_j.jallcom.2019.152091__Fig5__A__chart__PEDOT_PSS__Series_1,/Users/shunhao/Desktop/ML/lab/data_all/x_time_day/10.1016_j.jallcom.2019.152091/Fig5_A_chart/accepted/10.1016_j.jallcom.2019.152091__Fig5__A__chart__PEDOT_PSS__Series_1.csv,x_time_day/10.1016_j.jallcom.2019.152091/Fig5_A_chart/accepted/10.1016_j.jallcom.2019.152091__Fig5__A__chart__PEDOT_PSS__Series_1.csv,10.1016/j.jallcom.2019.152091,Fig5_A_chart,Series_1,63,63,18,0,696.8366898706354,202.30742609147487,True,1.0015713747689314,1.0,0.8867903609545629,174,14,3,2,node_3_2,0.2871131773577261,1.0,0.9962322598510814,0.9675729202361534,0.9427269506786031,0.9159665952469037,0.8867903609545629,0.0,3,no_initial_change_stable,class_03,/Users/shunhao/Desktop/ML/lab/NEW/som_200h_reanalysis/02_selected_curve_database/main_high_quality_min10/x_time_day/10.1016_j.jallcom.2019.152091/Fig5_A_chart/accepted/10.1016_j.jallcom.2019.152091__Fig5__A__chart__PEDOT_PSS__Series_1.csv
x_time_day/10.1016_j.jallcom.2020.158079/Fig7_D_pce/accepted/10.1016_j.jallcom.2020.158079__Fig7__D__pce__CH3NH3PbI3_HollowTiO2__Series_2.csv,10.1016/j.jallcom.2020.158079|Fig7_D_pce|10.1016_j.jallcom.2020.158079__Fig7__D__pce__CH3NH3PbI3_HollowTiO2__Series_2,/Users/shunhao/Desktop/ML/lab/data_all/x_time_day/10.1016_j.jallcom.2020.158079/Fig7_D_pce/accepted/10.1016_j.jallcom.2020.158079__Fig7__D__pce__CH3NH3PbI3_HollowTiO2__Series_2.csv,x_time_day/10.1016_j.jallcom.2020.158079/Fig7_D_pce/accepted/10.1016_j.jallcom.2020.158079__Fig7__D__pce__CH3NH3PbI3_HollowTiO2__Series_2.csv,10.1016/j.jallcom.2020.158079,Fig7_D_pce,Series_2,49,49,14,0,713.2530807607574,208.0321485552209,True,1.0102634504184036,1.0,0.8890269805096731,178,14,3,2,node_3_2,0.15161291528051046,1.0,0.9909608505484085,0.9731913010501906,0.9513237208039014,0.9224475260824758,0.8890269805096731,0.0,3,no_initial_change_stable,class_03,/Users/shunhao/Desktop/ML/lab/NEW/som_200h_reanalysis/02_selected_curve_database/main_high_quality_min10/x_time_day/10.1016_j.jallcom.2020.158079/Fig7_D_pce/accepted/10.1016_j.jallcom.2020.158079__Fig7__D__pce__CH3NH3PbI3_HollowTiO2__Series_2.csv
x_time_day/10.1016_j.jpcs.2021.110000/Fig4_E_stability_performance_curve_pce/accepted/10.1016_j.jpcs.2021.110000__Fig4__E__stability_performance_curve_pce__CsPbI2Br__Series_1.csv,10.1016/j.jpcs.2021.110000|Fig4_E_stability_performance_curve_pce|10.1016_j.jpcs.2021.110000__Fig4__E__stability_performance_curve_pce__CsPbI2Br__Series_1,/Users/shunhao/Desktop/ML/lab/data_all/x_time_day/10.1016_j.jpcs.2021.110000/Fig4_E_stability_performance_curve_pce/accepted/10.1016_j.jpcs.2021.110000__Fig4__E__stability_performance_curve_pce__CsPbI2Br__Series_1.csv,x_time_day/10.1016_j.jpcs.2021.110000/Fig4_E_stability_performance_curve_pce/accepted/10.1016_j.jpcs.2021.110000__Fig4__E__stability_performance_curve_pce__CsPbI2Br__Series_1.csv,10.1016/j.jpcs.2021.110000,Fig4_E_stability_performance_curve_pce,Series_1,56,56,24,0,472.864182511312,206.34073418675433,True,1.0024208885031447,1.0,0.879002367860823,188,14,3,2,node_3_2,0.4285619012185383,1.0,0.9946562253274934,0.97085717952613,0.9399042060316388,0.906409371784929,0.879002367860823,0.0,3,no_initial_change_stable,class_03,/Users/shunhao/Desktop/ML/lab/NEW/som_200h_reanalysis/02_selected_curve_database/main_high_quality_min10/x_time_day/10.1016_j.jpcs.2021.110000/Fig4_E_stability_performance_curve_pce/accepted/10.1016_j.jpcs.2021.110000__Fig4__E__stability_performance_curve_pce__CsPbI2Br__Series_1.csv
x_time_day/10.1016_j.jpowsour.2019.227267/Fig5_B_stability_performance_curve_pce/accepted/10.1016_j.jpowsour.2019.227267__Fig5__B__stability_performance_curve_pce__NiOx__Series_1.csv,10.1016/j.jpowsour.2019.227267|Fig5_B_stability_performance_curve_pce|10.1016_j.jpowsour.2019.227267__Fig5__B__stability_performance_curve_pce__NiOx__Series_1,/Users/shunhao/Desktop/ML/lab/data_all/x_time_day/10.1016_j.jpowsour.2019.227267/Fig5_B_stability_performance_curve_pce/accepted/10.1016_j.jpowsour.2019.227267__Fig5__B__stability_performance_curve_pce__NiOx__Series_1.csv,x_time_day/10.1016_j.jpowsour.2019.227267/Fig5_B_stability_performance_curve_pce/accepted/10.1016_j.jpowsour.2019.227267__Fig5__B__stability_performance_curve_pce__NiOx__Series_1.csv,10.1016/j.jpowsour.2019.227267,Fig5_B_stability_performance_curve_pce,Series_1,51,51,48,0,211.30916900985048,202.8568022494564,True,100.21389129522578,1.0,0.8993140561343858,194,14,3,2,node_3_2,0.5472765195028498,1.0,0.9967649791500545,0.9858153305597475,0.9704134338361654,0.9423515734056156,0.8993140561343858,0.0,3,no_initial_change_stable,class_03,/Users/shunhao/Desktop/ML/lab/NEW/som_200h_reanalysis/02_selected_curve_database/main_high_quality_min10/x_time_day/10.1016_j.jpowsour.2019.227267/Fig5_B_stability_performance_curve_pce/accepted/10.1016_j.jpowsour.2019.227267__Fig5__B__stability_performance_curve_pce__NiOx__Series_1.csv
x_time_day/10.1016_j.jpowsour.2020.227913/Fig5_B_stability_performance_curve_pce/accepted/10.1016_j.jpowsour.2020.227913__Fig5__B__stability_performance_curve_pce__Pristine__Series_2.csv,10.1016/j.jpowsour.2020.227913|Fig5_B_stability_performance_curve_pce|10.1016_j.jpowsour.2020.227913__Fig5__B__stability_performance_curve_pce__Pristine__Series_2,/Users/shunhao/Desktop/ML/lab/data_all/x_time_day/10.1016_j.jpowsour.2020.227913/Fig5_B_stability_performance_curve_pce/accepted/10.1016_j.jpowsour.2020.227913__Fig5__B__stability_performance_curve_pce__Pristine__Series_2.csv,x_time_day/10.1016_j.jpowsour.2020.227913/Fig5_B_stability_performance_curve_pce/accepted/10.1016_j.jpowsour.2020.227913__Fig5__B__stability_performance_curve_pce__Pristine__Series_2.csv,10.1016/j.jpowsour.2020.227913,Fig5_B_stability_performance_curve_pce,Series_2,64,64,18,0,705.6631498328999,201.61804280939995,True,1.009258147925115,0.9931001920289044,0.9055641784151948,195,14,3,2,node_3_2,0.48609607622574974,0.9931001920289045,0.9931001920289045,0.9936418433433444,0.9631299280683668,0.9410008927340916,0.9055641784151948,42.33333333333333,3,no_initial_change_stable,class_03,/Users/shunhao/Desktop/ML/lab/NEW/som_200h_reanalysis/02_selected_curve_database/main_high_quality_min10/x_time_day/10.1016_j.jpowsour.2020.227913/Fig5_B_stability_performance_curve_pce/accepted/10.1016_j.jpowsour.2020.227913__Fig5__B__stability_performance_curve_pce__Pristine__Series_2.csv
x_time_day/10.1016_j.jpowsour.2020.228738/Fig6_A_stability_performance_curve_pce/accepted/10.1016_j.jpowsour.2020.228738__Fig6__A__stability_performance_curve_pce__NiO__Series_1.csv,10.1016/j.jpowsour.2020.228738|Fig6_A_stability_performance_curve_pce|10.1016_j.jpowsour.2020.228738__Fig6__A__stability_performance_curve_pce__NiO__Series_1,/Users/shunhao/Desktop/ML/lab/data_all/x_time_day/10.1016_j.jpowsour.2020.228738/Fig6_A_stability_performance_curve_pce/accepted/10.1016_j.jpowsour.2020.228738__Fig6__A__stability_performance_curve_pce__NiO__Series_1.csv,x_time_day/10.1016_j.jpowsour.2020.228738/Fig6_A_stability_performance_curve_pce/accepted/10.1016_j.jpowsour.2020.228738__Fig6__A__stability_performance_curve_pce__NiO__Series_1.csv,10.1016/j.jpowsour.2020.228738,Fig6_A_stability_performance_curve_pce,Series_1,75,75,11,0,1403.8794421685395,208.68478194397204,True,0.9984274295661952,1.0,0.9173965786490204,198,14,3,2,node_3_2,0.23377528910817957,1.0,0.9951699006175048,0.9720853086600514,0.9497938219972479,0.9312604474729693,0.9173965786490205,0.0,3,no_initial_change_stable,class_03,/Users/shunhao/Desktop/ML/lab/NEW/som_200h_reanalysis/02_selected_curve_database/main_high_quality_min10/x_time_day/10.1016_j.jpowsour.2020.228738/Fig6_A_stability_performance_curve_pce/accepted/10.1016_j.jpowsour.2020.228738__Fig6__A__stability_performance_curve_pce__NiO__Series_1.csv
x_time_day/10.1016_j.jpowsour.2020.228764/Fig6_D_stability_performance_curve/accepted/10.1016_j.jpowsour.2020.228764__Fig6__D__stability_performance_curve__AgNWs__Series_2.csv,10.1016/j.jpowsour.2020.228764|Fig6_D_stability_performance_curve|10.1016_j.jpowsour.2020.228764__Fig6__D__stability_performance_curve__AgNWs__Series_2,/Users/shunhao/Desktop/ML/lab/data_all/x_time_day/10.1016_j.jpowsour.2020.228764/Fig6_D_stability_performance_curve/accepted/10.1016_j.jpowsour.2020.228764__Fig6__D__stability_performance_curve__AgNWs__Series_2.csv,x_time_day/10.1016_j.jpowsour.2020.228764/Fig6_D_stability_performance_curve/accepted/10.1016_j.jpowsour.2020.228764__Fig6__D__stability_performance_curve__AgNWs__Series_2.csv,10.1016/j.jpowsour.2020.228764,Fig6_D_stability_performance_curve,Series_2,68,68,10,0,1443.4361061411246,215.4382247971828,True,10.252111563500812,1.0,0.903357004948213,199,14,3,2,node_3_2,0.24445593862466183,1.0,0.9931510501859169,0.9663341456184842,0.9377155685720354,0.920653144597199,0.903357004948213,0.0,3,no_initial_change_stable,class_03,/Users/shunhao/Desktop/ML/lab/NEW/som_200h_reanalysis/02_selected_curve_database/main_high_quality_min10/x_time_day/10.1016_j.jpowsour.2020.228764/Fig6_D_stability_performance_curve/accepted/10.1016_j.jpowsour.2020.228764__Fig6__D__stability_performance_curve__AgNWs__Series_2.csv
x_time_day/10.1016_j.jpowsour.2021.229909/Fig7_B_stability_performance_curve/accepted/10.1016_j.jpowsour.2021.229909__Fig7__B__stability_performance_curve__ZnO__Series_1.csv,10.1016/j.jpowsour.2021.229909|Fig7_B_stability_performance_curve|10.1016_j.jpowsour.2021.229909__Fig7__B__stability_performance_curve__ZnO__Series_1,/Users/shunhao/Desktop/ML/lab/data_all/x_time_day/10.1016_j.jpowsour.2021.229909/Fig7_B_stability_performance_curve/accepted/10.1016_j.jpowsour.2021.229909__Fig7__B__stability_performance_curve__ZnO__Series_1.csv,x_time_day/10.1016_j.jpowsour.2021.229909/Fig7_B_stability_performance_curve/accepted/10.1016_j.jpowsour.2021.229909__Fig7__B__stability_performance_curve__ZnO__Series_1.csv,10.1016/j.jpowsour.2021.229909,Fig7_B_stability_performance_curve,Series_1,83,83,39,0,429.51772980785734,204.28282271349312,True,1.0041574407223324,0.9987762500481648,0.8867579512351086,205,14,3,2,node_3_2,0.42283984672343633,0.9987762500481648,0.9929948062712711,0.9557053445586982,0.934892335994857,0.9172590269918194,0.8867579512351086,3.0,3,no_initial_change_stable,class_03,/Users/shunhao/Desktop/ML/lab/NEW/som_200h_reanalysis/02_selected_curve_database/main_high_quality_min10/x_time_day/10.1016_j.jpowsour.2021.229909/Fig7_B_stability_performance_curve/accepted/10.1016_j.jpowsour.2021.229909__Fig7__B__stability_performance_curve__ZnO__Series_1.csv
x_time_day/10.1016_j.nanoen.2016.08.048/Fig5_A_stability_performance_curve_pce/accepted/10.1016_j.nanoen.2016.08.048__Fig5__A__stability_performance_curve_pce__W_OPCBDAN__Series_2.csv,10.1016/j.nanoen.2016.08.048|Fig5_A_stability_performance_curve_pce|10.1016_j.nanoen.2016.08.048__Fig5__A__stability_performance_curve_pce__W_OPCBDAN__Series_2,/Users/shunhao/Desktop/ML/lab/data_all/x_time_day/10.1016_j.nanoen.2016.08.048/Fig5_A_stability_performance_curve_pce/accepted/10.1016_j.nanoen.2016.08.048__Fig5__A__stability_performance_curve_pce__W_OPCBDAN__Series_2.csv,x_time_day/10.1016_j.nanoen.2016.08.048/Fig5_A_stability_performance_curve_pce/accepted/10.1016_j.nanoen.2016.08.048__Fig5__A__stability_performance_curve_pce__W_OPCBDAN__Series_2.csv,10.1016/j.nanoen.2016.08.048,Fig5_A_stability_performance_curve_pce,Series_2,57,57,16,0,719.6624735322532,205.6178495806438,True,1.0181160341316553,0.9861530574328674,0.8627563335338386,219,14,3,2,node_3_2,0.5966758329584413,0.9861530574328674,0.9917255235758924,0.9941450964103751,0.9582401474772837,0.9124146890668479,0.8627563335338386,37.33333333333333,3,no_initial_change_stable,class_03,/Users/shunhao/Desktop/ML/lab/NEW/som_200h_reanalysis/02_selected_curve_database/main_high_quality_min10/x_time_day/10.1016_j.nanoen.2016.08.048/Fig5_A_stability_performance_curve_pce/accepted/10.1016_j.nanoen.2016.08.048__Fig5__A__stability_performance_curve_pce__W_OPCBDAN__Series_2.csv
x_time_day/10.1016_j.nanoen.2016.10.036/Fig7_D_xrd_pattern_stability_performance_curve_pce/accepted/10.1016_j.nanoen.2016.10.036__Fig7__D__xrd_pattern_stability_performance_curve_pce__0.025%_DF-C₆₀-MAPbI₃__Series_1.csv,10.1016/j.nanoen.2016.10.036|Fig7_D_xrd_pattern_stability_performance_curve_pce|10.1016_j.nanoen.2016.10.036__Fig7__D__xrd_pattern_stability_performance_curve_pce__0.025%_DF-C₆₀-MAPbI₃__Series_1,/Users/shunhao/Desktop/ML/lab/data_all/x_time_day/10.1016_j.nanoen.2016.10.036/Fig7_D_xrd_pattern_stability_performance_curve_pce/accepted/10.1016_j.nanoen.2016.10.036__Fig7__D__xrd_pattern_stability_performance_curve_pce__0.025%_DF-C₆₀-MAPbI₃__Series_1.csv,x_time_day/10.1016_j.nanoen.2016.10.036/Fig7_D_xrd_pattern_stability_performance_curve_pce/accepted/10.1016_j.nanoen.2016.10.036__Fig7__D__xrd_pattern_stability_performance_curve_pce__0.025%_DF-C₆₀-MAPbI₃__Series_1.csv,10.1016/j.nanoen.2016.10.036,Fig7_D_xrd_pattern_stability_performance_curve_pce,Series_1,59,59,17,0,699.4808012346449,205.0202348446373,True,1.008866288186199,1.0,0.9239785147789712,221,14,3,2,node_3_2,0.6830947876633028,1.0,0.9895715679140779,0.9545568352200978,0.9200400364261111,0.9419298075412964,0.9239785147789711,0.0,3,no_initial_change_stable,class_03,/Users/shunhao/Desktop/ML/lab/NEW/som_200h_reanalysis/02_selected_curve_database/main_high_quality_min10/x_time_day/10.1016_j.nanoen.2016.10.036/Fig7_D_xrd_pattern_stability_performance_curve_pce/accepted/10.1016_j.nanoen.2016.10.036__Fig7__D__xrd_pattern_stability_performance_curve_pce__0.025%_DF-C₆₀-MAPbI₃__Series_1.csv
x_time_day/10.1016_j.nanoen.2017.11.024/Fig9_A_stability_performance_curve/accepted/10.1016_j.nanoen.2017.11.024__Fig9__A__stability_performance_curve__PS-0__Series_2.csv,10.1016/j.nanoen.2017.11.024|Fig9_A_stability_performance_curve|10.1016_j.nanoen.2017.11.024__Fig9__A__stability_performance_curve__PS-0__Series_2,/Users/shunhao/Desktop/ML/lab/data_all/x_time_day/10.1016_j.nanoen.2017.11.024/Fig9_A_stability_performance_curve/accepted/10.1016_j.nanoen.2017.11.024__Fig9__A__stability_performance_curve__PS-0__Series_2.csv,x_time_day/10.1016_j.nanoen.2017.11.024/Fig9_A_stability_performance_curve/accepted/10.1016_j.nanoen.2017.11.024__Fig9__A__stability_performance_curve__PS-0__Series_2.csv,10.1016/j.nanoen.2017.11.024,Fig9_A_stability_performance_curve,Series_2,39,39,11,0,701.7756301650222,203.1455771530328,True,0.9814670226256396,1.0,0.9096976314986296,225,14,3,2,node_3_2,0.25325385661737626,1.0,0.9968765914427585,0.9709800282741117,0.9386589575774977,0.9187490241951847,0.9096976314986296,0.0,3,no_initial_change_stable,class_03,/Users/shunhao/Desktop/ML/lab/NEW/som_200h_reanalysis/02_selected_curve_database/main_high_quality_min10/x_time_day/10.1016_j.nanoen.2017.11.024/Fig9_A_stability_performance_curve/accepted/10.1016_j.nanoen.2017.11.024__Fig9__A__stability_performance_curve__PS-0__Series_2.csv
x_time_day/10.1016_j.nanoen.2017.12.028/Fig5_B_stability_performance_curve_pattern/accepted/10.1016_j.nanoen.2017.12.028__Fig5__B__stability_performance_curve_pattern__spiro-OMeTAD__Series_1.csv,10.1016/j.nanoen.2017.12.028|Fig5_B_stability_performance_curve_pattern|10.1016_j.nanoen.2017.12.028__Fig5__B__stability_performance_curve_pattern__spiro-OMeTAD__Series_1,/Users/shunhao/Desktop/ML/lab/data_all/x_time_day/10.1016_j.nanoen.2017.12.028/Fig5_B_stability_performance_curve_pattern/accepted/10.1016_j.nanoen.2017.12.028__Fig5__B__stability_performance_curve_pattern__spiro-OMeTAD__Series_1.csv,x_time_day/10.1016_j.nanoen.2017.12.028/Fig5_B_stability_performance_curve_pattern/accepted/10.1016_j.nanoen.2017.12.028__Fig5__B__stability_performance_curve_pattern__spiro-OMeTAD__Series_1.csv,10.1016/j.nanoen.2017.12.028,Fig5_B_stability_performance_curve_pattern,Series_1,73,73,21,0,713.9172277745272,205.37344908582293,True,1.0024806440283092,1.0,0.92816623267959,227,14,3,2,node_3_2,0.38794610396917784,1.0,0.9967153198036095,0.9745390498909671,0.9436952297979458,0.9339955468590948,0.92816623267959,0.0,3,no_initial_change_stable,class_03,/Users/shunhao/Desktop/ML/lab/NEW/som_200h_reanalysis/02_selected_curve_database/main_high_quality_min10/x_time_day/10.1016_j.nanoen.2017.12.028/Fig5_B_stability_performance_curve_pattern/accepted/10.1016_j.nanoen.2017.12.028__Fig5__B__stability_performance_curve_pattern__spiro-OMeTAD__Series_1.csv
x_time_day/10.1016_j.nanoen.2019.03.014/Fig5_C_stability_performance_curve_pce/accepted/10.1016_j.nanoen.2019.03.014__Fig5__C__stability_performance_curve_pce__wlo__Series_2.csv,10.1016/j.nanoen.2019.03.014|Fig5_C_stability_performance_curve_pce|10.1016_j.nanoen.2019.03.014__Fig5__C__stability_performance_curve_pce__wlo__Series_2,/Users/shunhao/Desktop/ML/lab/data_all/x_time_day/10.1016_j.nanoen.2019.03.014/Fig5_C_stability_performance_curve_pce/accepted/10.1016_j.nanoen.2019.03.014__Fig5__C__stability_performance_curve_pce__wlo__Series_2.csv,x_time_day/10.1016_j.nanoen.2019.03.014/Fig5_C_stability_performance_curve_pce/accepted/10.1016_j.nanoen.2019.03.014__Fig5__C__stability_performance_curve_pce__wlo__Series_2.csv,10.1016/j.nanoen.2019.03.014,Fig5_C_stability_performance_curve_pce,Series_2,44,44,13,0,710.6903930984894,214.85988628558985,True,1.0021506422170965,0.9994591668363793,0.8421098268719249,229,14,3,2,node_3_2,0.9668556314671137,0.9994591668363793,0.9999981192418639,0.9937676013669469,0.9824553676529324,0.9547831506461614,0.8421098268719249,9.5,3,no_initial_change_stable,class_03,/Users/shunhao/Desktop/ML/lab/NEW/som_200h_reanalysis/02_selected_curve_database/main_high_quality_min10/x_time_day/10.1016_j.nanoen.2019.03.014/Fig5_C_stability_performance_curve_pce/accepted/10.1016_j.nanoen.2019.03.014__Fig5__C__stability_performance_curve_pce__wlo__Series_2.csv
x_time_day/10.1016_j.nanoen.2019.103866/Fig5_C_stability_performance_curve_pce/accepted/10.1016_j.nanoen.2019.103866__Fig5__C__stability_performance_curve_pce__Control_(PCBM)__Series_3.csv,10.1016/j.nanoen.2019.103866|Fig5_C_stability_performance_curve_pce|10.1016_j.nanoen.2019.103866__Fig5__C__stability_performance_curve_pce__Control_(PCBM)__Series_3,/Users/shunhao/Desktop/ML/lab/data_all/x_time_day/10.1016_j.nanoen.2019.103866/Fig5_C_stability_performance_curve_pce/accepted/10.1016_j.nanoen.2019.103866__Fig5__C__stability_performance_curve_pce__Control_(PCBM)__Series_3.csv,x_time_day/10.1016_j.nanoen.2019.103866/Fig5_C_stability_performance_curve_pce/accepted/10.1016_j.nanoen.2019.103866__Fig5__C__stability_performance_curve_pce__Control_(PCBM)__Series_3.csv,10.1016/j.nanoen.2019.103866,Fig5_C_stability_performance_curve_pce,Series_3,51,51,13,0,825.4229926491745,214.6099780887854,True,1.0012642876831692,1.0,0.914639471339092,231,14,3,2,node_3_2,0.25833635644283764,1.0,0.9955681903524702,0.9767653068096699,0.9535815810809696,0.9336130021777468,0.9146394713390921,0.0,3,no_initial_change_stable,class_03,/Users/shunhao/Desktop/ML/lab/NEW/som_200h_reanalysis/02_selected_curve_database/main_high_quality_min10/x_time_day/10.1016_j.nanoen.2019.103866/Fig5_C_stability_performance_curve_pce/accepted/10.1016_j.nanoen.2019.103866__Fig5__C__stability_performance_curve_pce__Control_(PCBM)__Series_3.csv
x_time_day/10.1016_j.nanoen.2021.105788/Fig2_E_stability_performance_curve_pce/accepted/10.1016_j.nanoen.2021.105788__Fig2__E__stability_performance_curve_pce__Ref__Series_1.csv,10.1016/j.nanoen.2021.105788|Fig2_E_stability_performance_curve_pce|10.1016_j.nanoen.2021.105788__Fig2__E__stability_performance_curve_pce__Ref__Series_1,/Users/shunhao/Desktop/ML/lab/data_all/x_time_day/10.1016_j.nanoen.2021.105788/Fig2_E_stability_performance_curve_pce/accepted/10.1016_j.nanoen.2021.105788__Fig2__E__stability_performance_curve_pce__Ref__Series_1.csv,x_time_day/10.1016_j.nanoen.2021.105788/Fig2_E_stability_performance_curve_pce/accepted/10.1016_j.nanoen.2021.105788__Fig2__E__stability_performance_curve_pce__Ref__Series_1.csv,10.1016/j.nanoen.2021.105788,Fig2_E_stability_performance_curve_pce,Series_1,57,57,11,0,1083.6503667669988,212.85989347208908,True,1.0004033832691546,1.0,0.901151122210607,233,14,3,2,node_3_2,0.39882054629428315,1.0,0.9979560455044394,0.9683395090315748,0.9324519302307022,0.9126197340095996,0.901151122210607,0.0,3,no_initial_change_stable,class_03,/Users/shunhao/Desktop/ML/lab/NEW/som_200h_reanalysis/02_selected_curve_database/main_high_quality_min10/x_time_day/10.1016_j.nanoen.2021.105788/Fig2_E_stability_performance_curve_pce/accepted/10.1016_j.nanoen.2021.105788__Fig2__E__stability_performance_curve_pce__Ref__Series_1.csv
x_time_day/10.1016_j.orgel.2018.07.029/Fig6_A_stability_performance_curve_pce/accepted/10.1016_j.orgel.2018.07.029__Fig6__A__stability_performance_curve_pce__ITIC-Th__Series_2.csv,10.1016/j.orgel.2018.07.029|Fig6_A_stability_performance_curve_pce|10.1016_j.orgel.2018.07.029__Fig6__A__stability_performance_curve_pce__ITIC-Th__Series_2,/Users/shunhao/Desktop/ML/lab/data_all/x_time_day/10.1016_j.orgel.2018.07.029/Fig6_A_stability_performance_curve_pce/accepted/10.1016_j.orgel.2018.07.029__Fig6__A__stability_performance_curve_pce__ITIC-Th__Series_2.csv,x_time_day/10.1016_j.orgel.2018.07.029/Fig6_A_stability_performance_curve_pce/accepted/10.1016_j.orgel.2018.07.029__Fig6__A__stability_performance_curve_pce__ITIC-Th__Series_2.csv,10.1016/j.orgel.2018.07.029,Fig6_A_stability_performance_curve_pce,Series_2,113,113,63,0,357.83594042492024,201.28271648901764,True,1.002349886501263,1.0,0.913111793224176,243,14,3,2,node_3_2,0.3251035169228049,1.0,0.9958542714480568,0.9789404115603119,0.9609069379700197,0.9325158907382397,0.913111793224176,0.0,3,no_initial_change_stable,class_03,/Users/shunhao/Desktop/ML/lab/NEW/som_200h_reanalysis/02_selected_curve_database/main_high_quality_min10/x_time_day/10.1016_j.orgel.2018.07.029/Fig6_A_stability_performance_curve_pce/accepted/10.1016_j.orgel.2018.07.029__Fig6__A__stability_performance_curve_pce__ITIC-Th__Series_2.csv
x_time_day/10.1016_j.orgel.2020.105922/Fig8_F_stability_performance_curve/accepted/10.1016_j.orgel.2020.105922__Fig8__F__stability_performance_curve__TiO2$__Series_2.csv,10.1016/j.orgel.2020.105922|Fig8_F_stability_performance_curve|10.1016_j.orgel.2020.105922__Fig8__F__stability_performance_curve__TiO2$__Series_2,/Users/shunhao/Desktop/ML/lab/data_all/x_time_day/10.1016_j.orgel.2020.105922/Fig8_F_stability_performance_curve/accepted/10.1016_j.orgel.2020.105922__Fig8__F__stability_performance_curve__TiO2$__Series_2.csv,x_time_day/10.1016_j.orgel.2020.105922/Fig8_F_stability_performance_curve/accepted/10.1016_j.orgel.2020.105922__Fig8__F__stability_performance_curve__TiO2$__Series_2.csv,10.1016/j.orgel.2020.105922,Fig8_F_stability_performance_curve,Series_2,58,58,25,0,473.14433996148733,207.51944735152952,True,0.997046807509977,1.0,0.910741797936281,253,14,3,2,node_3_2,0.19853307235673653,1.0,0.9980877019082268,0.9761726645677786,0.9508610977582415,0.9299972265319356,0.910741797936281,0.0,3,no_initial_change_stable,class_03,/Users/shunhao/Desktop/ML/lab/NEW/som_200h_reanalysis/02_selected_curve_database/main_high_quality_min10/x_time_day/10.1016_j.orgel.2020.105922/Fig8_F_stability_performance_curve/accepted/10.1016_j.orgel.2020.105922__Fig8__F__stability_performance_curve__TiO2$__Series_2.csv
x_time_day/10.1016_j.orgel.2021.106428/Fig9_whole_stability/accepted/10.1016_j.orgel.2021.106428__Fig9__whole__stability__NiOx__Series_3.csv,10.1016/j.orgel.2021.106428|Fig9_whole_stability|10.1016_j.orgel.2021.106428__Fig9__whole__stability__NiOx__Series_3,/Users/shunhao/Desktop/ML/lab/data_all/x_time_day/10.1016_j.orgel.2021.106428/Fig9_whole_stability/accepted/10.1016_j.orgel.2021.106428__Fig9__whole__stability__NiOx__Series_3.csv,x_time_day/10.1016_j.orgel.2021.106428/Fig9_whole_stability/accepted/10.1016_j.orgel.2021.106428__Fig9__whole__stability__NiOx__Series_3.csv,10.1016/j.orgel.2021.106428,Fig9_whole_stability,Series_3,78,78,14,0,918.0436833251568,201.52178414454656,True,1.002317778042685,0.9910985491851854,0.9039504324903396,258,14,3,2,node_3_2,0.5331914137996376,0.9910985491851854,0.9854957363730532,0.9971955618786479,0.9571257421091086,0.9096815846676252,0.9039504324903397,59.166666666666664,3,no_initial_change_stable,class_03,/Users/shunhao/Desktop/ML/lab/NEW/som_200h_reanalysis/02_selected_curve_database/main_high_quality_min10/x_time_day/10.1016_j.orgel.2021.106428/Fig9_whole_stability/accepted/10.1016_j.orgel.2021.106428__Fig9__whole__stability__NiOx__Series_3.csv
x_time_day/10.1016_j.orgel.2021.106428/Fig9_whole_stability/accepted/10.1016_j.orgel.2021.106428__Fig9__whole__stability__TPA-TPy__Series_2.csv,10.1016/j.orgel.2021.106428|Fig9_whole_stability|10.1016_j.orgel.2021.106428__Fig9__whole__stability__TPA-TPy__Series_2,/Users/shunhao/Desktop/ML/lab/data_all/x_time_day/10.1016_j.orgel.2021.106428/Fig9_whole_stability/accepted/10.1016_j.orgel.2021.106428__Fig9__whole__stability__TPA-TPy__Series_2.csv,x_time_day/10.1016_j.orgel.2021.106428/Fig9_whole_stability/accepted/10.1016_j.orgel.2021.106428__Fig9__whole__stability__TPA-TPy__Series_2.csv,10.1016/j.orgel.2021.106428,Fig9_whole_stability,Series_2,84,84,18,0,929.239337999854,201.5217841445466,True,1.003308421056485,0.99981446232308,0.8597546653520368,260,14,3,2,node_3_2,0.891956683231768,0.9998144623230799,0.998577438968347,0.9984295336926674,0.9732533478412405,0.9037165753316696,0.8597546653520368,70.66666666666666,3,no_initial_change_stable,class_03,/Users/shunhao/Desktop/ML/lab/NEW/som_200h_reanalysis/02_selected_curve_database/main_high_quality_min10/x_time_day/10.1016_j.orgel.2021.106428/Fig9_whole_stability/accepted/10.1016_j.orgel.2021.106428__Fig9__whole__stability__TPA-TPy__Series_2.csv
x_time_day/10.1016_j.solener.2019.12.031/Fig9_A_stability_performance_curve/accepted/10.1016_j.solener.2019.12.031__Fig9__A__stability_performance_curve__Spiro-OMeTAD__Series_2.csv,10.1016/j.solener.2019.12.031|Fig9_A_stability_performance_curve|10.1016_j.solener.2019.12.031__Fig9__A__stability_performance_curve__Spiro-OMeTAD__Series_2,/Users/shunhao/Desktop/ML/lab/data_all/x_time_day/10.1016_j.solener.2019.12.031/Fig9_A_stability_performance_curve/accepted/10.1016_j.solener.2019.12.031__Fig9__A__stability_performance_curve__Spiro-OMeTAD__Series_2.csv,x_time_day/10.1016_j.solener.2019.12.031/Fig9_A_stability_performance_curve/accepted/10.1016_j.solener.2019.12.031__Fig9__A__stability_performance_curve__Spiro-OMeTAD__Series_2.csv,10.1016/j.solener.2019.12.031,Fig9_A_stability_performance_curve,Series_2,44,44,13,0,693.1761786585921,209.56489122236505,True,0.9699910727097178,1.0,0.9212538000128084,273,14,3,2,node_3_2,0.7146056533871117,1.0,0.9689049102767916,0.9438243537648531,0.9292802501419376,0.9279979093462517,0.9212538000128083,0.0,3,no_initial_change_stable,class_03,/Users/shunhao/Desktop/ML/lab/NEW/som_200h_reanalysis/02_selected_curve_database/main_high_quality_min10/x_time_day/10.1016_j.solener.2019.12.031/Fig9_A_stability_performance_curve/accepted/10.1016_j.solener.2019.12.031__Fig9__A__stability_performance_curve__Spiro-OMeTAD__Series_2.csv
x_time_day/10.1016_j.solener.2020.09.058/Fig6_B_stability_performance_curve_pce/accepted/10.1016_j.solener.2020.09.058__Fig6__B__stability_performance_curve_pce__Spiro-OMeTAD__Series_1.csv,10.1016/j.solener.2020.09.058|Fig6_B_stability_performance_curve_pce|10.1016_j.solener.2020.09.058__Fig6__B__stability_performance_curve_pce__Spiro-OMeTAD__Series_1,/Users/shunhao/Desktop/ML/lab/data_all/x_time_day/10.1016_j.solener.2020.09.058/Fig6_B_stability_performance_curve_pce/accepted/10.1016_j.solener.2020.09.058__Fig6__B__stability_performance_curve_pce__Spiro-OMeTAD__Series_1.csv,x_time_day/10.1016_j.solener.2020.09.058/Fig6_B_stability_performance_curve_pce/accepted/10.1016_j.solener.2020.09.058__Fig6__B__stability_performance_curve_pce__Spiro-OMeTAD__Series_1.csv,10.1016/j.solener.2020.09.058,Fig6_B_stability_performance_curve_pce,Series_1,70,70,20,0,715.677024943137,207.44261592554696,True,1.0042347106674452,1.0,0.9119362291532318,274,14,3,2,node_3_2,0.15340970126857192,1.0,0.9927540027596662,0.9730647715771056,0.946129543154211,0.9246219790885262,0.9119362291532318,0.0,3,no_initial_change_stable,class_03,/Users/shunhao/Desktop/ML/lab/NEW/som_200h_reanalysis/02_selected_curve_database/main_high_quality_min10/x_time_day/10.1016_j.solener.2020.09.058/Fig6_B_stability_performance_curve_pce/accepted/10.1016_j.solener.2020.09.058__Fig6__B__stability_performance_curve_pce__Spiro-OMeTAD__Series_1.csv
x_time_day/10.1016_j.solmat.2020.110689/Fig5_A_giwaxs_pattern_stability_performance_curve_pce/accepted/10.1016_j.solmat.2020.110689__Fig5__A__giwaxs_pattern_stability_performance_curve_pce__Spin-coating__Series_1.csv,10.1016/j.solmat.2020.110689|Fig5_A_giwaxs_pattern_stability_performance_curve_pce|10.1016_j.solmat.2020.110689__Fig5__A__giwaxs_pattern_stability_performance_curve_pce__Spin-coating__Series_1,/Users/shunhao/Desktop/ML/lab/data_all/x_time_day/10.1016_j.solmat.2020.110689/Fig5_A_giwaxs_pattern_stability_performance_curve_pce/accepted/10.1016_j.solmat.2020.110689__Fig5__A__giwaxs_pattern_stability_performance_curve_pce__Spin-coating__Series_1.csv,x_time_day/10.1016_j.solmat.2020.110689/Fig5_A_giwaxs_pattern_stability_performance_curve_pce/accepted/10.1016_j.solmat.2020.110689__Fig5__A__giwaxs_pattern_stability_performance_curve_pce__Spin-coating__Series_1.csv,10.1016/j.solmat.2020.110689,Fig5_A_giwaxs_pattern_stability_performance_curve_pce,Series_1,55,55,10,0,1159.135715977436,214.6547622180437,True,0.9940197441702544,1.0,0.8796174760652199,292,14,3,2,node_3_2,0.2787628159804005,1.0,0.9975556874246833,0.9780631321446782,0.9494634243523283,0.9209431409607446,0.8796174760652199,0.0,3,no_initial_change_stable,class_03,/Users/shunhao/Desktop/ML/lab/NEW/som_200h_reanalysis/02_selected_curve_database/main_high_quality_min10/x_time_day/10.1016_j.solmat.2020.110689/Fig5_A_giwaxs_pattern_stability_performance_curve_pce/accepted/10.1016_j.solmat.2020.110689__Fig5__A__giwaxs_pattern_stability_performance_curve_pce__Spin-coating__Series_1.csv
x_time_day/10.1021_acs.chemmater.5b03991/Fig8_A_stability_performance_curve_pce_profile/accepted/10.1021_acs.chemmater.5b03991__Fig8__A__stability_performance_curve_pce_profile__Series_1__Series_1.csv,10.1021/acs.chemmater.5b03991|Fig8_A_stability_performance_curve_pce_profile|10.1021_acs.chemmater.5b03991__Fig8__A__stability_performance_curve_pce_profile__Series_1__Series_1,/Users/shunhao/Desktop/ML/lab/data_all/x_time_day/10.1021_acs.chemmater.5b03991/Fig8_A_stability_performance_curve_pce_profile/accepted/10.1021_acs.chemmater.5b03991__Fig8__A__stability_performance_curve_pce_profile__Series_1__Series_1.csv,x_time_day/10.1021_acs.chemmater.5b03991/Fig8_A_stability_performance_curve_pce_profile/accepted/10.1021_acs.chemmater.5b03991__Fig8__A__stability_performance_curve_pce_profile__Series_1__Series_1.csv,10.1021/acs.chemmater.5b03991,Fig8_A_stability_performance_curve_pce_profile,Series_1,64,64,26,0,489.52920070585503,202.02792410082904,True,100.49132094669856,1.0,0.9393034413420064,296,14,3,2,node_3_2,1.113241427244966,1.0,0.9802971749899209,0.9209585680603947,0.9185121770125843,0.9255726115230036,0.9393034413420064,0.0,3,no_initial_change_stable,class_03,/Users/shunhao/Desktop/ML/lab/NEW/som_200h_reanalysis/02_selected_curve_database/main_high_quality_min10/x_time_day/10.1021_acs.chemmater.5b03991/Fig8_A_stability_performance_curve_pce_profile/accepted/10.1021_acs.chemmater.5b03991__Fig8__A__stability_performance_curve_pce_profile__Series_1__Series_1.csv
x_time_day/10.1021_acsaem.0c03227/Fig5_E_stability/accepted/10.1021_acsaem.0c03227__Fig5__E__stability__reference__Series_1.csv,10.1021/acsaem.0c03227|Fig5_E_stability|10.1021_acsaem.0c03227__Fig5__E__stability__reference__Series_1,/Users/shunhao/Desktop/ML/lab/data_all/x_time_day/10.1021_acsaem.0c03227/Fig5_E_stability/accepted/10.1021_acsaem.0c03227__Fig5__E__stability__reference__Series_1.csv,x_time_day/10.1021_acsaem.0c03227/Fig5_E_stability/accepted/10.1021_acsaem.0c03227__Fig5__E__stability__reference__Series_1.csv,10.1021/acsaem.0c03227,Fig5_E_stability,Series_1,48,48,14,0,691.59294461429,206.00640903404377,True,1.031030568596601,0.9752773683987548,0.8471177634036674,314,14,3,2,node_3_2,0.7018589546343972,0.9752773683987547,0.9830304747920785,0.9979344397443315,0.9610623667093668,0.916710224104846,0.8471177634036674,43.166666666666664,3,no_initial_change_stable,class_03,/Users/shunhao/Desktop/ML/lab/NEW/som_200h_reanalysis/02_selected_curve_database/main_high_quality_min10/x_time_day/10.1021_acsaem.0c03227/Fig5_E_stability/accepted/10.1021_acsaem.0c03227__Fig5__E__stability__reference__Series_1.csv
x_time_day/10.1021_acsaem.8b00277/Fig9_A_stability_performance_curve_pce/accepted/10.1021_acsaem.8b00277__Fig9__A__stability_performance_curve_pce__PEDOT_PSS__Series_1.csv,10.1021/acsaem.8b00277|Fig9_A_stability_performance_curve_pce|10.1021_acsaem.8b00277__Fig9__A__stability_performance_curve_pce__PEDOT_PSS__Series_1,/Users/shunhao/Desktop/ML/lab/data_all/x_time_day/10.1021_acsaem.8b00277/Fig9_A_stability_performance_curve_pce/accepted/10.1021_acsaem.8b00277__Fig9__A__stability_performance_curve_pce__PEDOT_PSS__Series_1.csv,x_time_day/10.1021_acsaem.8b00277/Fig9_A_stability_performance_curve_pce/accepted/10.1021_acsaem.8b00277__Fig9__A__stability_performance_curve_pce__PEDOT_PSS__Series_1.csv,10.1021/acsaem.8b00277,Fig9_A_stability_performance_curve_pce,Series_1,51,51,13,0,823.6879864428405,214.15887647513847,True,1.0009703433466086,1.0,0.903790122759866,321,14,3,2,node_3_2,0.6165408476942046,1.0,0.9936976175612374,0.9600442821899705,0.920790973183085,0.9095252315673849,0.903790122759866,0.0,3,no_initial_change_stable,class_03,/Users/shunhao/Desktop/ML/lab/NEW/som_200h_reanalysis/02_selected_curve_database/main_high_quality_min10/x_time_day/10.1021_acsaem.8b00277/Fig9_A_stability_performance_curve_pce/accepted/10.1021_acsaem.8b00277__Fig9__A__stability_performance_curve_pce__PEDOT_PSS__Series_1.csv
x_time_day/10.1021_acsami.0c05527/Fig7_B_stability_performance_curve_pce/accepted/10.1021_acsami.0c05527__Fig7__B__stability_performance_curve_pce__Sn-based__Series_1.csv,10.1021/acsami.0c05527|Fig7_B_stability_performance_curve_pce|10.1021_acsami.0c05527__Fig7__B__stability_performance_curve_pce__Sn-based__Series_1,/Users/shunhao/Desktop/ML/lab/data_all/x_time_day/10.1021_acsami.0c05527/Fig7_B_stability_performance_curve_pce/accepted/10.1021_acsami.0c05527__Fig7__B__stability_performance_curve_pce__Sn-based__Series_1.csv,x_time_day/10.1021_acsami.0c05527/Fig7_B_stability_performance_curve_pce/accepted/10.1021_acsami.0c05527__Fig7__B__stability_performance_curve_pce__Sn-based__Series_1.csv,10.1021/acsami.0c05527,Fig7_B_stability_performance_curve_pce,Series_1,72,72,28,0,525.8669260591001,207.38413985429304,True,1.0014286897421203,1.0,0.8867877802878713,324,14,3,2,node_3_2,0.24039253975298325,1.0,0.9927561135149356,0.9691621328369464,0.9411323785892458,0.9199010426377152,0.8867877802878713,0.0,3,no_initial_change_stable,class_03,/Users/shunhao/Desktop/ML/lab/NEW/som_200h_reanalysis/02_selected_curve_database/main_high_quality_min10/x_time_day/10.1021_acsami.0c05527/Fig7_B_stability_performance_curve_pce/accepted/10.1021_acsami.0c05527__Fig7__B__stability_performance_curve_pce__Sn-based__Series_1.csv
x_time_day/10.1021_acsami.0c15042/Fig4_F_stability_performance_curve/accepted/10.1021_acsami.0c15042__Fig4__F__stability_performance_curve__w_o_F8IC__Series_1.csv,10.1021/acsami.0c15042|Fig4_F_stability_performance_curve|10.1021_acsami.0c15042__Fig4__F__stability_performance_curve__w_o_F8IC__Series_1,/Users/shunhao/Desktop/ML/lab/data_all/x_time_day/10.1021_acsami.0c15042/Fig4_F_stability_performance_curve/accepted/10.1021_acsami.0c15042__Fig4__F__stability_performance_curve__w_o_F8IC__Series_1.csv,x_time_day/10.1021_acsami.0c15042/Fig4_F_stability_performance_curve/accepted/10.1021_acsami.0c15042__Fig4__F__stability_performance_curve__w_o_F8IC__Series_1.csv,10.1021/acsami.0c15042,Fig4_F_stability_performance_curve,Series_1,49,49,14,0,697.220962269647,203.35611399531376,True,1.007560236754161,1.0,0.8901277197139009,327,14,3,2,node_3_2,0.26863932028286813,1.0,0.9963448459094353,0.981724229547177,0.9560979083709373,0.9195463674652911,0.8901277197139009,0.0,3,no_initial_change_stable,class_03,/Users/shunhao/Desktop/ML/lab/NEW/som_200h_reanalysis/02_selected_curve_database/main_high_quality_min10/x_time_day/10.1021_acsami.0c15042/Fig4_F_stability_performance_curve/accepted/10.1021_acsami.0c15042__Fig4__F__stability_performance_curve__w_o_F8IC__Series_1.csv
x_time_day/10.1021_acsami.0c16939/Fig8_D_stability_performance_curve_pce/accepted/10.1021_acsami.0c16939__Fig8__D__stability_performance_curve_pce__Pristine__Series_1.csv,10.1021/acsami.0c16939|Fig8_D_stability_performance_curve_pce|10.1021_acsami.0c16939__Fig8__D__stability_performance_curve_pce__Pristine__Series_1,/Users/shunhao/Desktop/ML/lab/data_all/x_time_day/10.1021_acsami.0c16939/Fig8_D_stability_performance_curve_pce/accepted/10.1021_acsami.0c16939__Fig8__D__stability_performance_curve_pce__Pristine__Series_1.csv,x_time_day/10.1021_acsami.0c16939/Fig8_D_stability_performance_curve_pce/accepted/10.1021_acsami.0c16939__Fig8__D__stability_performance_curve_pce__Pristine__Series_1.csv,10.1021/acsami.0c16939,Fig8_D_stability_performance_curve_pce,Series_1,70,70,30,0,474.4964959338941,206.30282431908435,True,1.0017451015393937,1.0,0.8706972381164665,328,14,3,2,node_3_2,0.36695669150854676,1.0,0.9972479735044356,0.9840216338050581,0.9544219840659778,0.9278935519572505,0.8706972381164665,0.0,3,no_initial_change_stable,class_03,/Users/shunhao/Desktop/ML/lab/NEW/som_200h_reanalysis/02_selected_curve_database/main_high_quality_min10/x_time_day/10.1021_acsami.0c16939/Fig8_D_stability_performance_curve_pce/accepted/10.1021_acsami.0c16939__Fig8__D__stability_performance_curve_pce__Pristine__Series_1.csv
x_time_day/10.1021_acsami.0c19968/Fig6_F_stability_performance_curve_pce/accepted/10.1021_acsami.0c19968__Fig6__F__stability_performance_curve_pce__HTM__Series_1.csv,10.1021/acsami.0c19968|Fig6_F_stability_performance_curve_pce|10.1021_acsami.0c19968__Fig6__F__stability_performance_curve_pce__HTM__Series_1,/Users/shunhao/Desktop/ML/lab/data_all/x_time_day/10.1021_acsami.0c19968/Fig6_F_stability_performance_curve_pce/accepted/10.1021_acsami.0c19968__Fig6__F__stability_performance_curve_pce__HTM__Series_1.csv,x_time_day/10.1021_acsami.0c19968/Fig6_F_stability_performance_curve_pce/accepted/10.1021_acsami.0c19968__Fig6__F__stability_performance_curve_pce__HTM__Series_1.csv,10.1021/acsami.0c19968,Fig6_F_stability_performance_curve_pce,Series_1,72,72,20,0,711.6914036319131,200.47645172729935,True,1.0088429086588822,0.9956595167396888,0.9198159505170836,331,14,3,2,node_3_2,0.28806707286214905,0.9956595167396888,0.9996559413351706,0.9798048083434534,0.9439737587226988,0.9280223680384835,0.9198159505170836,8.166666666666666,3,no_initial_change_stable,class_03,/Users/shunhao/Desktop/ML/lab/NEW/som_200h_reanalysis/02_selected_curve_database/main_high_quality_min10/x_time_day/10.1021_acsami.0c19968/Fig6_F_stability_performance_curve_pce/accepted/10.1021_acsami.0c19968__Fig6__F__stability_performance_curve_pce__HTM__Series_1.csv
x_time_day/10.1021_acsami.1c16519/Fig5_E_stability_performance_curve/accepted/10.1021_acsami.1c16519__Fig5__E__stability_performance_curve__SnO2__Series_1.csv,10.1021/acsami.1c16519|Fig5_E_stability_performance_curve|10.1021_acsami.1c16519__Fig5__E__stability_performance_curve__SnO2__Series_1,/Users/shunhao/Desktop/ML/lab/data_all/x_time_day/10.1021_acsami.1c16519/Fig5_E_stability_performance_curve/accepted/10.1021_acsami.1c16519__Fig5__E__stability_performance_curve__SnO2__Series_1.csv,x_time_day/10.1021_acsami.1c16519/Fig5_E_stability_performance_curve/accepted/10.1021_acsami.1c16519__Fig5__E__stability_performance_curve__SnO2__Series_1.csv,10.1021/acsami.1c16519,Fig5_E_stability_performance_curve,Series_1,94,94,40,0,472.4118260779167,203.18788218405024,True,1.002262711563172,1.0,0.8863655383472293,339,14,3,2,node_3_2,0.3510550582179473,1.0,0.9987503529560857,0.9849607699306544,0.9415223320318178,0.9149877675691785,0.8863655383472293,0.0,3,no_initial_change_stable,class_03,/Users/shunhao/Desktop/ML/lab/NEW/som_200h_reanalysis/02_selected_curve_database/main_high_quality_min10/x_time_day/10.1021_acsami.1c16519/Fig5_E_stability_performance_curve/accepted/10.1021_acsami.1c16519__Fig5__E__stability_performance_curve__SnO2__Series_1.csv
x_time_day/10.1021_acsami.8b18807/Fig9_B_pce/accepted/10.1021_acsami.8b18807__Fig9__B__pce__control__Series_1.csv,10.1021/acsami.8b18807|Fig9_B_pce|10.1021_acsami.8b18807__Fig9__B__pce__control__Series_1,/Users/shunhao/Desktop/ML/lab/data_all/x_time_day/10.1021_acsami.8b18807/Fig9_B_pce/accepted/10.1021_acsami.8b18807__Fig9__B__pce__control__Series_1.csv,x_time_day/10.1021_acsami.8b18807/Fig9_B_pce/accepted/10.1021_acsami.8b18807__Fig9__B__pce__control__Series_1.csv,10.1021/acsami.8b18807,Fig9_B_pce,Series_1,34,34,11,0,650.9946794245827,216.99822647486093,True,0.9949954443928464,1.0,0.8930292421043536,354,14,3,2,node_3_2,0.37412838067033394,1.0,0.9966280603745302,0.9729202547784171,0.9383628229479595,0.9131716523839758,0.8930292421043536,0.0,3,no_initial_change_stable,class_03,/Users/shunhao/Desktop/ML/lab/NEW/som_200h_reanalysis/02_selected_curve_database/main_high_quality_min10/x_time_day/10.1021_acsami.8b18807/Fig9_B_pce/accepted/10.1021_acsami.8b18807__Fig9__B__pce__control__Series_1.csv
x_time_day/10.1021_acssuschemeng.1c02537/Fig6_A_stability_performance_curve/accepted/10.1021_acssuschemeng.1c02537__Fig6__A__stability_performance_curve__0.1MABr__Series_2.csv,10.1021/acssuschemeng.1c02537|Fig6_A_stability_performance_curve|10.1021_acssuschemeng.1c02537__Fig6__A__stability_performance_curve__0.1MABr__Series_2,/Users/shunhao/Desktop/ML/lab/data_all/x_time_day/10.1021_acssuschemeng.1c02537/Fig6_A_stability_performance_curve/accepted/10.1021_acssuschemeng.1c02537__Fig6__A__stability_performance_curve__0.1MABr__Series_2.csv,x_time_day/10.1021_acssuschemeng.1c02537/Fig6_A_stability_performance_curve/accepted/10.1021_acssuschemeng.1c02537__Fig6__A__stability_performance_curve__0.1MABr__Series_2.csv,10.1021/acssuschemeng.1c02537,Fig6_A_stability_performance_curve,Series_2,48,48,20,0,471.2519361680784,200.53273879492704,True,1.0039323056854883,1.0,0.8913884639745588,369,14,3,2,node_3_2,0.397527753246401,1.0,0.9926011466711987,0.9827740220452977,0.9484805044920944,0.9087106636761062,0.8913884639745588,0.0,3,no_initial_change_stable,class_03,/Users/shunhao/Desktop/ML/lab/NEW/som_200h_reanalysis/02_selected_curve_database/main_high_quality_min10/x_time_day/10.1021_acssuschemeng.1c02537/Fig6_A_stability_performance_curve/accepted/10.1021_acssuschemeng.1c02537__Fig6__A__stability_performance_curve__0.1MABr__Series_2.csv
x_time_day/10.1038_s41560-018-0192-2/Fig5_B_statistics_plot_stability_performance_curve_pce/accepted/10.1038_s41560-018-0192-2__Fig5__B__statistics_plot_stability_performance_curve_pce__CsMAFA__Series_1.csv,10.1038/s41560-018-0192-2|Fig5_B_statistics_plot_stability_performance_curve_pce|10.1038_s41560-018-0192-2__Fig5__B__statistics_plot_stability_performance_curve_pce__CsMAFA__Series_1,/Users/shunhao/Desktop/ML/lab/data_all/x_time_day/10.1038_s41560-018-0192-2/Fig5_B_statistics_plot_stability_performance_curve_pce/accepted/10.1038_s41560-018-0192-2__Fig5__B__statistics_plot_stability_performance_curve_pce__CsMAFA__Series_1.csv,x_time_day/10.1038_s41560-018-0192-2/Fig5_B_statistics_plot_stability_performance_curve_pce/accepted/10.1038_s41560-018-0192-2__Fig5__B__statistics_plot_stability_performance_curve_pce__CsMAFA__Series_1.csv,10.1038/s41560-018-0192-2,Fig5_B_statistics_plot_stability_performance_curve_pce,Series_1,48,47,15,1,701.6003562175181,202.3847181396687,True,0.9970784238988168,1.0,0.9017530293183488,375,14,3,2,node_3_2,0.4766792737722318,1.0,0.9954552561501496,0.9825037201306147,0.9653324279653948,0.9456885188645864,0.9017530293183489,0.0,3,no_initial_change_stable,class_03,/Users/shunhao/Desktop/ML/lab/NEW/som_200h_reanalysis/02_selected_curve_database/main_high_quality_min10/x_time_day/10.1038_s41560-018-0192-2/Fig5_B_statistics_plot_stability_performance_curve_pce/accepted/10.1038_s41560-018-0192-2__Fig5__B__statistics_plot_stability_performance_curve_pce__CsMAFA__Series_1.csv
x_time_day/10.1039_c6ta09174a/Fig4_B_stability_performance_curve_pce/accepted/10.1039_c6ta09174a__Fig4__B__stability_performance_curve_pce__b__Series_2.csv,10.1039/c6ta09174a|Fig4_B_stability_performance_curve_pce|10.1039_c6ta09174a__Fig4__B__stability_performance_curve_pce__b__Series_2,/Users/shunhao/Desktop/ML/lab/data_all/x_time_day/10.1039_c6ta09174a/Fig4_B_stability_performance_curve_pce/accepted/10.1039_c6ta09174a__Fig4__B__stability_performance_curve_pce__b__Series_2.csv,x_time_day/10.1039_c6ta09174a/Fig4_B_stability_performance_curve_pce/accepted/10.1039_c6ta09174a__Fig4__B__stability_performance_curve_pce__b__Series_2.csv,10.1039/c6ta09174a,Fig4_B_stability_performance_curve_pce,Series_2,68,68,19,0,726.9889256132356,200.1853563282822,True,1.010689468759395,1.0,0.8485555285606841,386,14,3,2,node_3_2,0.5942248747029981,1.0,0.9908503101900192,0.9752614835970855,0.951348199568725,0.9113786870952426,0.8485555285606841,0.0,3,no_initial_change_stable,class_03,/Users/shunhao/Desktop/ML/lab/NEW/som_200h_reanalysis/02_selected_curve_database/main_high_quality_min10/x_time_day/10.1039_c6ta09174a/Fig4_B_stability_performance_curve_pce/accepted/10.1039_c6ta09174a__Fig4__B__stability_performance_curve_pce__b__Series_2.csv
x_time_day/10.1039_c7ta00894e/Fig6_G_stability_performance_curve_pce/accepted/10.1039_c7ta00894e__Fig6__G__stability_performance_curve_pce__CH3NH3PbI3__Series_1.csv,10.1039/c7ta00894e|Fig6_G_stability_performance_curve_pce|10.1039_c7ta00894e__Fig6__G__stability_performance_curve_pce__CH3NH3PbI3__Series_1,/Users/shunhao/Desktop/ML/lab/data_all/x_time_day/10.1039_c7ta00894e/Fig6_G_stability_performance_curve_pce/accepted/10.1039_c7ta00894e__Fig6__G__stability_performance_curve_pce__CH3NH3PbI3__Series_1.csv,x_time_day/10.1039_c7ta00894e/Fig6_G_stability_performance_curve_pce/accepted/10.1039_c7ta00894e__Fig6__G__stability_performance_curve_pce__CH3NH3PbI3__Series_1.csv,10.1039/c7ta00894e,Fig6_G_stability_performance_curve_pce,Series_1,43,43,13,0,692.4758881771213,214.33777491196616,True,0.9994182060366822,1.0,0.8760055674262013,392,14,3,2,node_3_2,0.4419774459577076,1.0,0.9967668735853221,0.9801043617404305,0.9423872031272086,0.9101137062440856,0.8760055674262013,0.0,3,no_initial_change_stable,class_03,/Users/shunhao/Desktop/ML/lab/NEW/som_200h_reanalysis/02_selected_curve_database/main_high_quality_min10/x_time_day/10.1039_c7ta00894e/Fig6_G_stability_performance_curve_pce/accepted/10.1039_c7ta00894e__Fig6__G__stability_performance_curve_pce__CH3NH3PbI3__Series_1.csv
x_time_day/10.1039_c9se00003h/Fig4_D_stability_performance_curve/accepted/10.1039_c9se00003h__Fig4__D__stability_performance_curve__spiro-OMeTAD__Series_2.csv,10.1039/c9se00003h|Fig4_D_stability_performance_curve|10.1039_c9se00003h__Fig4__D__stability_performance_curve__spiro-OMeTAD__Series_2,/Users/shunhao/Desktop/ML/lab/data_all/x_time_day/10.1039_c9se00003h/Fig4_D_stability_performance_curve/accepted/10.1039_c9se00003h__Fig4__D__stability_performance_curve__spiro-OMeTAD__Series_2.csv,x_time_day/10.1039_c9se00003h/Fig4_D_stability_performance_curve/accepted/10.1039_c9se00003h__Fig4__D__stability_performance_curve__spiro-OMeTAD__Series_2.csv,10.1039/c9se00003h,Fig4_D_stability_performance_curve,Series_2,58,58,17,0,695.2886993992488,207.3668050839865,True,1.0002390050833485,1.0,0.9078293247396676,409,14,3,2,node_3_2,0.37117341076373755,1.0,0.9978317662564539,0.981318269885422,0.9616876887256605,0.9391744792441896,0.9078293247396676,0.0,3,no_initial_change_stable,class_03,/Users/shunhao/Desktop/ML/lab/NEW/som_200h_reanalysis/02_selected_curve_database/main_high_quality_min10/x_time_day/10.1039_c9se00003h/Fig4_D_stability_performance_curve/accepted/10.1039_c9se00003h__Fig4__D__stability_performance_curve__spiro-OMeTAD__Series_2.csv
x_time_day/10.1039_d0qm00983k/Fig10_B_stability_performance_curve/accepted/10.1039_d0qm00983k__Fig10__B__stability_performance_curve__o—Pristine__Series_1.csv,10.1039/d0qm00983k|Fig10_B_stability_performance_curve|10.1039_d0qm00983k__Fig10__B__stability_performance_curve__o—Pristine__Series_1,/Users/shunhao/Desktop/ML/lab/data_all/x_time_day/10.1039_d0qm00983k/Fig10_B_stability_performance_curve/accepted/10.1039_d0qm00983k__Fig10__B__stability_performance_curve__o—Pristine__Series_1.csv,x_time_day/10.1039_d0qm00983k/Fig10_B_stability_performance_curve/accepted/10.1039_d0qm00983k__Fig10__B__stability_performance_curve__o—Pristine__Series_1.csv,10.1039/d0qm00983k,Fig10_B_stability_performance_curve,Series_1,55,55,16,0,713.7060531000877,211.4684601778038,True,16.432525557684226,0.9795819405656256,0.8714397668528556,422,14,3,2,node_3_2,0.9101906820528523,0.9795819405656256,0.9807490844474945,0.9992800036597675,0.9819201356832354,0.9291283432777936,0.8714397668528556,45.166666666666664,3,no_initial_change_stable,class_03,/Users/shunhao/Desktop/ML/lab/NEW/som_200h_reanalysis/02_selected_curve_database/main_high_quality_min10/x_time_day/10.1039_d0qm00983k/Fig10_B_stability_performance_curve/accepted/10.1039_d0qm00983k__Fig10__B__stability_performance_curve__o—Pristine__Series_1.csv
x_time_day/10.1039_d0ra07254k/Fig6_C_stability_performance_curve/accepted/10.1039_d0ra07254k__Fig6__C__stability_performance_curve__W_O_DDQ__Series_1.csv,10.1039/d0ra07254k|Fig6_C_stability_performance_curve|10.1039_d0ra07254k__Fig6__C__stability_performance_curve__W_O_DDQ__Series_1,/Users/shunhao/Desktop/ML/lab/data_all/x_time_day/10.1039_d0ra07254k/Fig6_C_stability_performance_curve/accepted/10.1039_d0ra07254k__Fig6__C__stability_performance_curve__W_O_DDQ__Series_1.csv,x_time_day/10.1039_d0ra07254k/Fig6_C_stability_performance_curve/accepted/10.1039_d0ra07254k__Fig6__C__stability_performance_curve__W_O_DDQ__Series_1.csv,10.1039/d0ra07254k,Fig6_C_stability_performance_curve,Series_1,45,45,14,0,640.6501426574769,203.84322720919724,True,18.35999051413492,0.996554206272902,0.8883109040529518,423,14,3,2,node_3_2,0.6242158484729373,0.9965542062729019,0.9991598930773075,0.9973675530617259,0.9734635033416843,0.9360015777251431,0.8883109040529518,38.83333333333333,3,no_initial_change_stable,class_03,/Users/shunhao/Desktop/ML/lab/NEW/som_200h_reanalysis/02_selected_curve_database/main_high_quality_min10/x_time_day/10.1039_d0ra07254k/Fig6_C_stability_performance_curve/accepted/10.1039_d0ra07254k__Fig6__C__stability_performance_curve__W_O_DDQ__Series_1.csv
x_time_day/10.1039_d0ta06646j/Fig4_G_stability_performance_curve_pce/accepted/10.1039_d0ta06646j__Fig4__G__stability_performance_curve_pce__1nmFPPX__Series_2.csv,10.1039/d0ta06646j|Fig4_G_stability_performance_curve_pce|10.1039_d0ta06646j__Fig4__G__stability_performance_curve_pce__1nmFPPX__Series_2,/Users/shunhao/Desktop/ML/lab/data_all/x_time_day/10.1039_d0ta06646j/Fig4_G_stability_performance_curve_pce/accepted/10.1039_d0ta06646j__Fig4__G__stability_performance_curve_pce__1nmFPPX__Series_2.csv,x_time_day/10.1039_d0ta06646j/Fig4_G_stability_performance_curve_pce/accepted/10.1039_d0ta06646j__Fig4__G__stability_performance_curve_pce__1nmFPPX__Series_2.csv,10.1039/d0ta06646j,Fig4_G_stability_performance_curve_pce,Series_2,61,61,18,0,687.1555196800551,206.14665590401648,True,1.004505937909906,0.999558849472878,0.8370251199163795,424,14,3,2,node_3_2,0.8778635927201234,0.9995588494728781,0.9997966403221022,0.9918426317596769,0.9761373602593645,0.9244203999892251,0.8370251199163795,6.666666666666666,3,no_initial_change_stable,class_03,/Users/shunhao/Desktop/ML/lab/NEW/som_200h_reanalysis/02_selected_curve_database/main_high_quality_min10/x_time_day/10.1039_d0ta06646j/Fig4_G_stability_performance_curve_pce/accepted/10.1039_d0ta06646j__Fig4__G__stability_performance_curve_pce__1nmFPPX__Series_2.csv
x_time_day/10.1039_d1sc01416a/Fig5_B_stability_performance_curve/accepted/10.1039_d1sc01416a__Fig5__B__stability_performance_curve__Spiro-OMeTAD__Series_1.csv,10.1039/d1sc01416a|Fig5_B_stability_performance_curve|10.1039_d1sc01416a__Fig5__B__stability_performance_curve__Spiro-OMeTAD__Series_1,/Users/shunhao/Desktop/ML/lab/data_all/x_time_day/10.1039_d1sc01416a/Fig5_B_stability_performance_curve/accepted/10.1039_d1sc01416a__Fig5__B__stability_performance_curve__Spiro-OMeTAD__Series_1.csv,x_time_day/10.1039_d1sc01416a/Fig5_B_stability_performance_curve/accepted/10.1039_d1sc01416a__Fig5__B__stability_performance_curve__Spiro-OMeTAD__Series_1.csv,10.1039/d1sc01416a,Fig5_B_stability_performance_curve,Series_1,67,67,10,0,1408.813872155464,213.45664729628237,True,1.0040943785679757,1.0,0.8984643296194852,434,14,3,2,node_3_2,0.2070393570154455,1.0,0.9968159815486792,0.9799930864308788,0.9562167982148988,0.9275767970270139,0.8984643296194852,0.0,3,no_initial_change_stable,class_03,/Users/shunhao/Desktop/ML/lab/NEW/som_200h_reanalysis/02_selected_curve_database/main_high_quality_min10/x_time_day/10.1039_d1sc01416a/Fig5_B_stability_performance_curve/accepted/10.1039_d1sc01416a__Fig5__B__stability_performance_curve__Spiro-OMeTAD__Series_1.csv
x_time_day/10.1039_d2cp02033e/Fig5_A_stability_performance_curve_pce/accepted/10.1039_d2cp02033e__Fig5__A__stability_performance_curve_pce__NiOx_C60_C70__Series_1.csv,10.1039/d2cp02033e|Fig5_A_stability_performance_curve_pce|10.1039_d2cp02033e__Fig5__A__stability_performance_curve_pce__NiOx_C60_C70__Series_1,/Users/shunhao/Desktop/ML/lab/data_all/x_time_day/10.1039_d2cp02033e/Fig5_A_stability_performance_curve_pce/accepted/10.1039_d2cp02033e__Fig5__A__stability_performance_curve_pce__NiOx_C60_C70__Series_1.csv,x_time_day/10.1039_d2cp02033e/Fig5_A_stability_performance_curve_pce/accepted/10.1039_d2cp02033e__Fig5__A__stability_performance_curve_pce__NiOx_C60_C70__Series_1.csv,10.1039/d2cp02033e,Fig5_A_stability_performance_curve_pce,Series_1,56,56,31,0,356.41457452098564,200.88821473001008,True,1.0027242212085077,0.9999077740463768,0.9140712249667498,437,14,3,2,node_3_2,0.44088983932229986,0.9999077740463767,0.9999916898857013,0.9870751325369786,0.9639656835750222,0.9346039207428384,0.9140712249667498,10.833333333333332,3,no_initial_change_stable,class_03,/Users/shunhao/Desktop/ML/lab/NEW/som_200h_reanalysis/02_selected_curve_database/main_high_quality_min10/x_time_day/10.1039_d2cp02033e/Fig5_A_stability_performance_curve_pce/accepted/10.1039_d2cp02033e__Fig5__A__stability_performance_curve_pce__NiOx_C60_C70__Series_1.csv
x_time_day/10.1039_d3ra00809f/Fig4_C_stability_performance_curve_pce/accepted/10.1039_d3ra00809f__Fig4__C__stability_performance_curve_pce__Control__Series_1.csv,10.1039/d3ra00809f|Fig4_C_stability_performance_curve_pce|10.1039_d3ra00809f__Fig4__C__stability_performance_curve_pce__Control__Series_1,/Users/shunhao/Desktop/ML/lab/data_all/x_time_day/10.1039_d3ra00809f/Fig4_C_stability_performance_curve_pce/accepted/10.1039_d3ra00809f__Fig4__C__stability_performance_curve_pce__Control__Series_1.csv,x_time_day/10.1039_d3ra00809f/Fig4_C_stability_performance_curve_pce/accepted/10.1039_d3ra00809f__Fig4__C__stability_performance_curve_pce__Control__Series_1.csv,10.1039/d3ra00809f,Fig4_C_stability_performance_curve_pce,Series_1,60,60,18,0,673.7902312406478,205.5631213954519,True,1.0033937160056066,1.0,0.8820240177350037,440,14,3,2,node_3_2,0.37078494388885946,1.0,0.9960413200440262,0.9861146305162458,0.9626220869648399,0.9267690321637715,0.8820240177350037,0.0,3,no_initial_change_stable,class_03,/Users/shunhao/Desktop/ML/lab/NEW/som_200h_reanalysis/02_selected_curve_database/main_high_quality_min10/x_time_day/10.1039_d3ra00809f/Fig4_C_stability_performance_curve_pce/accepted/10.1039_d3ra00809f__Fig4__C__stability_performance_curve_pce__Control__Series_1.csv
x_time_day/10.1039_d4sc02020k/Fig4_A_stability_performance_curve_image/accepted/10.1039_d4sc02020k__Fig4__A__stability_performance_curve_image__PTAA_Li-CYCLIC__Series_2.csv,10.1039/d4sc02020k|Fig4_A_stability_performance_curve_image|10.1039_d4sc02020k__Fig4__A__stability_performance_curve_image__PTAA_Li-CYCLIC__Series_2,/Users/shunhao/Desktop/ML/lab/data_all/x_time_day/10.1039_d4sc02020k/Fig4_A_stability_performance_curve_image/accepted/10.1039_d4sc02020k__Fig4__A__stability_performance_curve_image__PTAA_Li-CYCLIC__Series_2.csv,x_time_day/10.1039_d4sc02020k/Fig4_A_stability_performance_curve_image/accepted/10.1039_d4sc02020k__Fig4__A__stability_performance_curve_image__PTAA_Li-CYCLIC__Series_2.csv,10.1039/d4sc02020k,Fig4_A_stability_performance_curve_image,Series_2,56,56,12,0,939.3074121799192,204.9397990210732,True,1.004716563803922,1.0,0.8989837854616076,445,14,3,2,node_3_2,0.3355030413546679,1.0,0.9962436177473488,0.9774245903203888,0.9639108273156272,0.9316952134407587,0.8989837854616076,0.0,3,no_initial_change_stable,class_03,/Users/shunhao/Desktop/ML/lab/NEW/som_200h_reanalysis/02_selected_curve_database/main_high_quality_min10/x_time_day/10.1039_d4sc02020k/Fig4_A_stability_performance_curve_image/accepted/10.1039_d4sc02020k__Fig4__A__stability_performance_curve_image__PTAA_Li-CYCLIC__Series_2.csv
x_time_day/10.3390_cryst12081090/Fig6_D_stability_performance_curve_pce/accepted/10.3390_cryst12081090__Fig6__D__stability_performance_curve_pce__FTO_TiO2__Series_1.csv,10.3390/cryst12081090|Fig6_D_stability_performance_curve_pce|10.3390_cryst12081090__Fig6__D__stability_performance_curve_pce__FTO_TiO2__Series_1,/Users/shunhao/Desktop/ML/lab/data_all/x_time_day/10.3390_cryst12081090/Fig6_D_stability_performance_curve_pce/accepted/10.3390_cryst12081090__Fig6__D__stability_performance_curve_pce__FTO_TiO2__Series_1.csv,x_time_day/10.3390_cryst12081090/Fig6_D_stability_performance_curve_pce/accepted/10.3390_cryst12081090__Fig6__D__stability_performance_curve_pce__FTO_TiO2__Series_1.csv,10.3390/cryst12081090,Fig6_D_stability_performance_curve_pce,Series_1,56,56,31,0,357.66334912486656,201.592069506743,True,1.0046848288618264,1.0,0.8808811854026302,459,14,3,2,node_3_2,0.549803831815911,1.0,0.9977248142159929,0.9892705936888083,0.9371039518767987,0.9051125897288639,0.8808811854026302,0.0,3,no_initial_change_stable,class_03,/Users/shunhao/Desktop/ML/lab/NEW/som_200h_reanalysis/02_selected_curve_database/main_high_quality_min10/x_time_day/10.3390_cryst12081090/Fig6_D_stability_performance_curve_pce/accepted/10.3390_cryst12081090__Fig6__D__stability_performance_curve_pce__FTO_TiO2__Series_1.csv
x_time_day/10.3390_molecules28134976/Fig5_whole_stability/accepted/10.3390_molecules28134976__Fig5__whole__stability__0—0THI__Series_1.csv,10.3390/molecules28134976|Fig5_whole_stability|10.3390_molecules28134976__Fig5__whole__stability__0—0THI__Series_1,/Users/shunhao/Desktop/ML/lab/data_all/x_time_day/10.3390_molecules28134976/Fig5_whole_stability/accepted/10.3390_molecules28134976__Fig5__whole__stability__0—0THI__Series_1.csv,x_time_day/10.3390_molecules28134976/Fig5_whole_stability/accepted/10.3390_molecules28134976__Fig5__whole__stability__0—0THI__Series_1.csv,10.3390/molecules28134976,Fig5_whole_stability,Series_1,89,89,25,0,709.0972079026068,201.44807042687697,True,100.02280140537349,0.9998238005573598,0.9090530180083556,463,14,3,2,node_3_2,0.43947468491394376,0.9998238005573598,0.9996440574880887,0.9864050792765413,0.9670765859024777,0.933786958001242,0.9090530180083555,4.0,3,no_initial_change_stable,class_03,/Users/shunhao/Desktop/ML/lab/NEW/som_200h_reanalysis/02_selected_curve_database/main_high_quality_min10/x_time_day/10.3390_molecules28134976/Fig5_whole_stability/accepted/10.3390_molecules28134976__Fig5__whole__stability__0—0THI__Series_1.csv
x_time_h/10.1002_adfm.201706923/Fig5_B_stability_performance_curve_pce/accepted/10.1002_adfm.201706923__Fig5__B__stability_performance_curve_pce__→Control__Series_2.csv,10.1002/adfm.201706923|Fig5_B_stability_performance_curve_pce|10.1002_adfm.201706923__Fig5__B__stability_performance_curve_pce__→Control__Series_2,/Users/shunhao/Desktop/ML/lab/data_all/x_time_h/10.1002_adfm.201706923/Fig5_B_stability_performance_curve_pce/accepted/10.1002_adfm.201706923__Fig5__B__stability_performance_curve_pce__→Control__Series_2.csv,x_time_h/10.1002_adfm.201706923/Fig5_B_stability_performance_curve_pce/accepted/10.1002_adfm.201706923__Fig5__B__stability_performance_curve_pce__→Control__Series_2.csv,10.1002/adfm.201706923,Fig5_B_stability_performance_curve_pce,Series_2,60,60,12,0,998.1087739318666,203.0051743590237,True,1.0026977911524024,1.0,0.9059778389189116,474,14,3,2,node_3_2,0.2561939339224115,1.0,0.9992591705175546,0.979309799813237,0.9556684974410281,0.9322927719294681,0.9059778389189117,0.0,3,no_initial_change_stable,class_03,/Users/shunhao/Desktop/ML/lab/NEW/som_200h_reanalysis/02_selected_curve_database/main_high_quality_min10/x_time_h/10.1002_adfm.201706923/Fig5_B_stability_performance_curve_pce/accepted/10.1002_adfm.201706923__Fig5__B__stability_performance_curve_pce__→Control__Series_2.csv
x_time_h/10.1002_adfm.201800346/Fig4_A_stability/accepted/10.1002_adfm.201800346__Fig4__A__stability__PCBM__Series_2.csv,10.1002/adfm.201800346|Fig4_A_stability|10.1002_adfm.201800346__Fig4__A__stability__PCBM__Series_2,/Users/shunhao/Desktop/ML/lab/data_all/x_time_h/10.1002_adfm.201800346/Fig4_A_stability/accepted/10.1002_adfm.201800346__Fig4__A__stability__PCBM__Series_2.csv,x_time_h/10.1002_adfm.201800346/Fig4_A_stability/accepted/10.1002_adfm.201800346__Fig4__A__stability__PCBM__Series_2.csv,10.1002/adfm.201800346,Fig4_A_stability,Series_2,50,50,20,0,493.079834517808,201.25707531339103,True,20.043767053057117,1.0,0.9151572863063424,475,14,3,2,node_3_2,0.268491378522922,1.0,0.9952479117876877,0.9681272576189256,0.9455257391629502,0.9326254841556062,0.9151572863063424,0.0,3,no_initial_change_stable,class_03,/Users/shunhao/Desktop/ML/lab/NEW/som_200h_reanalysis/02_selected_curve_database/main_high_quality_min10/x_time_h/10.1002_adfm.201800346/Fig4_A_stability/accepted/10.1002_adfm.201800346__Fig4__A__stability__PCBM__Series_2.csv
x_time_h/10.1002_adfm.201901296/Fig7_B_stability_performance_curve_pce/accepted/10.1002_adfm.201901296__Fig7__B__stability_performance_curve_pce__Doped_Spiro-OMeTAD__Series_1.csv,10.1002/adfm.201901296|Fig7_B_stability_performance_curve_pce|10.1002_adfm.201901296__Fig7__B__stability_performance_curve_pce__Doped_Spiro-OMeTAD__Series_1,/Users/shunhao/Desktop/ML/lab/data_all/x_time_h/10.1002_adfm.201901296/Fig7_B_stability_performance_curve_pce/accepted/10.1002_adfm.201901296__Fig7__B__stability_performance_curve_pce__Doped_Spiro-OMeTAD__Series_1.csv,x_time_h/10.1002_adfm.201901296/Fig7_B_stability_performance_curve_pce/accepted/10.1002_adfm.201901296__Fig7__B__stability_performance_curve_pce__Doped_Spiro-OMeTAD__Series_1.csv,10.1002/adfm.201901296,Fig7_B_stability_performance_curve_pce,Series_1,58,58,23,0,499.9452924264201,201.73231097908183,True,1.003928591414696,0.9978278391704868,0.9182028641592036,481,14,3,2,node_3_2,0.2646429754564249,0.9978278391704868,0.9998545924103517,0.9668108502516051,0.9525946478546005,0.9269375255789498,0.9182028641592037,8.0,3,no_initial_change_stable,class_03,/Users/shunhao/Desktop/ML/lab/NEW/som_200h_reanalysis/02_selected_curve_database/main_high_quality_min10/x_time_h/10.1002_adfm.201901296/Fig7_B_stability_performance_curve_pce/accepted/10.1002_adfm.201901296__Fig7__B__stability_performance_curve_pce__Doped_Spiro-OMeTAD__Series_1.csv
x_time_h/10.1002_adfm.201905951/Fig7_A_mppt_stability/accepted/10.1002_adfm.201905951__Fig7__A__mppt_stability__PCBM__Series_1.csv,10.1002/adfm.201905951|Fig7_A_mppt_stability|10.1002_adfm.201905951__Fig7__A__mppt_stability__PCBM__Series_1,/Users/shunhao/Desktop/ML/lab/data_all/x_time_h/10.1002_adfm.201905951/Fig7_A_mppt_stability/accepted/10.1002_adfm.201905951__Fig7__A__mppt_stability__PCBM__Series_1.csv,x_time_h/10.1002_adfm.201905951/Fig7_A_mppt_stability/accepted/10.1002_adfm.201905951__Fig7__A__mppt_stability__PCBM__Series_1.csv,10.1002/adfm.201905951,Fig7_A_mppt_stability,Series_1,158,158,32,0,992.3064503373888,202.2535440178117,True,20.031196523672968,1.0,0.91327737259049,483,14,3,2,node_3_2,0.20395686089662377,1.0,0.9960406270858561,0.9721847954829888,0.9445875787264568,0.9276144562136484,0.91327737259049,0.0,3,no_initial_change_stable,class_03,/Users/shunhao/Desktop/ML/lab/NEW/som_200h_reanalysis/02_selected_curve_database/main_high_quality_min10/x_time_h/10.1002_adfm.201905951/Fig7_A_mppt_stability/accepted/10.1002_adfm.201905951__Fig7__A__mppt_stability__PCBM__Series_1.csv
x_time_h/10.1002_adfm.202008801/Fig6_C_stability_performance_curve_spectrum/accepted/10.1002_adfm.202008801__Fig6__C__stability_performance_curve_spectrum__w_oIMBF4__Series_1.csv,10.1002/adfm.202008801|Fig6_C_stability_performance_curve_spectrum|10.1002_adfm.202008801__Fig6__C__stability_performance_curve_spectrum__w_oIMBF4__Series_1,/Users/shunhao/Desktop/ML/lab/data_all/x_time_h/10.1002_adfm.202008801/Fig6_C_stability_performance_curve_spectrum/accepted/10.1002_adfm.202008801__Fig6__C__stability_performance_curve_spectrum__w_oIMBF4__Series_1.csv,x_time_h/10.1002_adfm.202008801/Fig6_C_stability_performance_curve_spectrum/accepted/10.1002_adfm.202008801__Fig6__C__stability_performance_curve_spectrum__w_oIMBF4__Series_1.csv,10.1002/adfm.202008801,Fig6_C_stability_performance_curve_spectrum,Series_1,59,59,13,0,959.4143026164236,215.0411367933363,True,0.999173363709092,1.0,0.9238185986326748,492,14,3,2,node_3_2,0.3902897710330318,1.0,0.9955673558235011,0.9753963881578771,0.9556711584018055,0.9385648251606454,0.9238185986326747,0.0,3,no_initial_change_stable,class_03,/Users/shunhao/Desktop/ML/lab/NEW/som_200h_reanalysis/02_selected_curve_database/main_high_quality_min10/x_time_h/10.1002_adfm.202008801/Fig6_C_stability_performance_curve_spectrum/accepted/10.1002_adfm.202008801__Fig6__C__stability_performance_curve_spectrum__w_oIMBF4__Series_1.csv
x_time_h/10.1002_adfm.202103316/Fig6_B_stability_performance_curve_pce_image/accepted/10.1002_adfm.202103316__Fig6__B__stability_performance_curve_pce_image__w_4t-5CzBn__Series_3.csv,10.1002/adfm.202103316|Fig6_B_stability_performance_curve_pce_image|10.1002_adfm.202103316__Fig6__B__stability_performance_curve_pce_image__w_4t-5CzBn__Series_3,/Users/shunhao/Desktop/ML/lab/data_all/x_time_h/10.1002_adfm.202103316/Fig6_B_stability_performance_curve_pce_image/accepted/10.1002_adfm.202103316__Fig6__B__stability_performance_curve_pce_image__w_4t-5CzBn__Series_3.csv,x_time_h/10.1002_adfm.202103316/Fig6_B_stability_performance_curve_pce_image/accepted/10.1002_adfm.202103316__Fig6__B__stability_performance_curve_pce_image__w_4t-5CzBn__Series_3.csv,10.1002/adfm.202103316,Fig6_B_stability_performance_curve_pce_image,Series_3,132,132,37,0,712.9451787400535,201.36619552199983,True,1.0098887216655084,0.9993904567060814,0.9118661723072896,498,14,3,2,node_3_2,0.2744500993022412,0.9993904567060814,0.9967377798941288,0.9797919319641061,0.9570258368810252,0.9342597417979441,0.9118661723072895,3.1666666666666665,3,no_initial_change_stable,class_03,/Users/shunhao/Desktop/ML/lab/NEW/som_200h_reanalysis/02_selected_curve_database/main_high_quality_min10/x_time_h/10.1002_adfm.202103316/Fig6_B_stability_performance_curve_pce_image/accepted/10.1002_adfm.202103316__Fig6__B__stability_performance_curve_pce_image__w_4t-5CzBn__Series_3.csv
x_time_h/10.1002_adfm.202103316/Fig6_C_stability_performance_curve_pce_image/accepted/10.1002_adfm.202103316__Fig6__C__stability_performance_curve_pce_image__w_4t-5CzBn__Series_1.csv,10.1002/adfm.202103316|Fig6_C_stability_performance_curve_pce_image|10.1002_adfm.202103316__Fig6__C__stability_performance_curve_pce_image__w_4t-5CzBn__Series_1,/Users/shunhao/Desktop/ML/lab/data_all/x_time_h/10.1002_adfm.202103316/Fig6_C_stability_performance_curve_pce_image/accepted/10.1002_adfm.202103316__Fig6__C__stability_performance_curve_pce_image__w_4t-5CzBn__Series_1.csv,x_time_h/10.1002_adfm.202103316/Fig6_C_stability_performance_curve_pce_image/accepted/10.1002_adfm.202103316__Fig6__C__stability_performance_curve_pce_image__w_4t-5CzBn__Series_1.csv,10.1002/adfm.202103316,Fig6_C_stability_performance_curve_pce_image,Series_1,132,132,37,0,712.9812730215657,201.37639009006057,True,1.010617182979693,0.9962174985699904,0.8820051103211205,501,14,3,2,node_3_2,0.38797540200089115,0.9962174985699903,0.9997870035156341,0.982934670609576,0.946120086643081,0.9119530859252979,0.8820051103211205,8.666666666666666,3,no_initial_change_stable,class_03,/Users/shunhao/Desktop/ML/lab/NEW/som_200h_reanalysis/02_selected_curve_database/main_high_quality_min10/x_time_h/10.1002_adfm.202103316/Fig6_C_stability_performance_curve_pce_image/accepted/10.1002_adfm.202103316__Fig6__C__stability_performance_curve_pce_image__w_4t-5CzBn__Series_1.csv
x_time_h/10.1002_adfm.202200473/Fig4_C_stability_performance_curve/accepted/10.1002_adfm.202200473__Fig4__C__stability_performance_curve__FA₀.₉₂Cs₀.₀₈PbI₃__Series_1.csv,10.1002/adfm.202200473|Fig4_C_stability_performance_curve|10.1002_adfm.202200473__Fig4__C__stability_performance_curve__FA₀.₉₂Cs₀.₀₈PbI₃__Series_1,/Users/shunhao/Desktop/ML/lab/data_all/x_time_h/10.1002_adfm.202200473/Fig4_C_stability_performance_curve/accepted/10.1002_adfm.202200473__Fig4__C__stability_performance_curve__FA₀.₉₂Cs₀.₀₈PbI₃__Series_1.csv,x_time_h/10.1002_adfm.202200473/Fig4_C_stability_performance_curve/accepted/10.1002_adfm.202200473__Fig4__C__stability_performance_curve__FA₀.₉₂Cs₀.₀₈PbI₃__Series_1.csv,10.1002/adfm.202200473,Fig4_C_stability_performance_curve,Series_1,79,79,16,0,995.6519613763634,204.23629976951045,True,1.0034226588062232,1.0,0.8930208463166457,510,14,3,2,node_3_2,0.24239479831012942,1.0,0.9950082888409532,0.9653095773306387,0.9441620315689907,0.9209764028664296,0.8930208463166457,0.0,3,no_initial_change_stable,class_03,/Users/shunhao/Desktop/ML/lab/NEW/som_200h_reanalysis/02_selected_curve_database/main_high_quality_min10/x_time_h/10.1002_adfm.202200473/Fig4_C_stability_performance_curve/accepted/10.1002_adfm.202200473__Fig4__C__stability_performance_curve__FA₀.₉₂Cs₀.₀₈PbI₃__Series_1.csv
x_time_h/10.1002_adma.201803735/Fig4_D_stability_performance_curve_decay/accepted/10.1002_adma.201803735__Fig4__D__stability_performance_curve_decay__Spiro-OMeTAD__Series_1.csv,10.1002/adma.201803735|Fig4_D_stability_performance_curve_decay|10.1002_adma.201803735__Fig4__D__stability_performance_curve_decay__Spiro-OMeTAD__Series_1,/Users/shunhao/Desktop/ML/lab/data_all/x_time_h/10.1002_adma.201803735/Fig4_D_stability_performance_curve_decay/accepted/10.1002_adma.201803735__Fig4__D__stability_performance_curve_decay__Spiro-OMeTAD__Series_1.csv,x_time_h/10.1002_adma.201803735/Fig4_D_stability_performance_curve_decay/accepted/10.1002_adma.201803735__Fig4__D__stability_performance_curve_decay__Spiro-OMeTAD__Series_1.csv,10.1002/adma.201803735,Fig4_D_stability_performance_curve_decay,Series_1,149,149,37,0,807.1700087396283,201.79250218490705,True,0.9782125009737052,1.0,0.9324217586241104,522,14,3,2,node_3_2,1.0579865135241102,1.0,0.9646900708644153,0.9256011802431203,0.931112203928815,0.9338677157716624,0.9324217586241103,0.0,3,no_initial_change_stable,class_03,/Users/shunhao/Desktop/ML/lab/NEW/som_200h_reanalysis/02_selected_curve_database/main_high_quality_min10/x_time_h/10.1002_adma.201803735/Fig4_D_stability_performance_curve_decay/accepted/10.1002_adma.201803735__Fig4__D__stability_performance_curve_decay__Spiro-OMeTAD__Series_1.csv
x_time_h/10.1002_adma.202001470/Fig5_G_stability_performance_curve_pattern/accepted/10.1002_adma.202001470__Fig5__G__stability_performance_curve_pattern__Control__Series_1.csv,10.1002/adma.202001470|Fig5_G_stability_performance_curve_pattern|10.1002_adma.202001470__Fig5__G__stability_performance_curve_pattern__Control__Series_1,/Users/shunhao/Desktop/ML/lab/data_all/x_time_h/10.1002_adma.202001470/Fig5_G_stability_performance_curve_pattern/accepted/10.1002_adma.202001470__Fig5__G__stability_performance_curve_pattern__Control__Series_1.csv,x_time_h/10.1002_adma.202001470/Fig5_G_stability_performance_curve_pattern/accepted/10.1002_adma.202001470__Fig5__G__stability_performance_curve_pattern__Control__Series_1.csv,10.1002/adma.202001470,Fig5_G_stability_performance_curve_pattern,Series_1,79,79,29,0,546.931342743553,203.3462684559364,True,1.008374876857021,1.0,0.895872416159745,536,14,3,2,node_3_2,0.20925944249065506,1.0,0.9924639900926853,0.9776213147258522,0.9432769466492684,0.9180215942609721,0.895872416159745,0.0,3,no_initial_change_stable,class_03,/Users/shunhao/Desktop/ML/lab/NEW/som_200h_reanalysis/02_selected_curve_database/main_high_quality_min10/x_time_h/10.1002_adma.202001470/Fig5_G_stability_performance_curve_pattern/accepted/10.1002_adma.202001470__Fig5__G__stability_performance_curve_pattern__Control__Series_1.csv
x_time_h/10.1002_adma.202007431/Fig4_F_stability_performance_curve_pce/accepted/10.1002_adma.202007431__Fig4__F__stability_performance_curve_pce__HL38__Series_1.csv,10.1002/adma.202007431|Fig4_F_stability_performance_curve_pce|10.1002_adma.202007431__Fig4__F__stability_performance_curve_pce__HL38__Series_1,/Users/shunhao/Desktop/ML/lab/data_all/x_time_h/10.1002_adma.202007431/Fig4_F_stability_performance_curve_pce/accepted/10.1002_adma.202007431__Fig4__F__stability_performance_curve_pce__HL38__Series_1.csv,x_time_h/10.1002_adma.202007431/Fig4_F_stability_performance_curve_pce/accepted/10.1002_adma.202007431__Fig4__F__stability_performance_curve_pce__HL38__Series_1.csv,10.1002/adma.202007431,Fig4_F_stability_performance_curve_pce,Series_1,183,183,36,0,1024.7204624986407,202.6919596151157,True,21.99243052199894,1.0,0.9077565365919568,546,14,3,2,node_3_2,0.4537146267969495,1.0,0.9836166925960198,0.9515576769838172,0.9403108206951118,0.922419991138667,0.9077565365919567,0.0,3,no_initial_change_stable,class_03,/Users/shunhao/Desktop/ML/lab/NEW/som_200h_reanalysis/02_selected_curve_database/main_high_quality_min10/x_time_h/10.1002_adma.202007431/Fig4_F_stability_performance_curve_pce/accepted/10.1002_adma.202007431__Fig4__F__stability_performance_curve_pce__HL38__Series_1.csv
x_time_h/10.1002_adma.202307422/Fig6_H_stability_performance_curve_pce/accepted/10.1002_adma.202307422__Fig6__H__stability_performance_curve_pce__Control__Series_1.csv,10.1002/adma.202307422|Fig6_H_stability_performance_curve_pce|10.1002_adma.202307422__Fig6__H__stability_performance_curve_pce__Control__Series_1,/Users/shunhao/Desktop/ML/lab/data_all/x_time_h/10.1002_adma.202307422/Fig6_H_stability_performance_curve_pce/accepted/10.1002_adma.202307422__Fig6__H__stability_performance_curve_pce__Control__Series_1.csv,x_time_h/10.1002_adma.202307422/Fig6_H_stability_performance_curve_pce/accepted/10.1002_adma.202307422__Fig6__H__stability_performance_curve_pce__Control__Series_1.csv,10.1002/adma.202307422,Fig6_H_stability_performance_curve_pce,Series_1,163,163,33,0,999.9953400305076,203.70275445065897,True,0.9986091387624144,1.0,0.9169007483401136,555,14,3,2,node_3_2,0.21475759737138997,1.0,0.9946777855464601,0.9690173473649163,0.9458085369691942,0.9289051241600014,0.9169007483401137,0.0,3,no_initial_change_stable,class_03,/Users/shunhao/Desktop/ML/lab/NEW/som_200h_reanalysis/02_selected_curve_database/main_high_quality_min10/x_time_h/10.1002_adma.202307422/Fig6_H_stability_performance_curve_pce/accepted/10.1002_adma.202307422__Fig6__H__stability_performance_curve_pce__Control__Series_1.csv
x_time_h/10.1002_admi.202001144/Fig3_A_stability_performance_curve_pce/accepted/10.1002_admi.202001144__Fig3__A__stability_performance_curve_pce__。—PCBM__Series_2.csv,10.1002/admi.202001144|Fig3_A_stability_performance_curve_pce|10.1002_admi.202001144__Fig3__A__stability_performance_curve_pce__。—PCBM__Series_2,/Users/shunhao/Desktop/ML/lab/data_all/x_time_h/10.1002_admi.202001144/Fig3_A_stability_performance_curve_pce/accepted/10.1002_admi.202001144__Fig3__A__stability_performance_curve_pce__。—PCBM__Series_2.csv,x_time_h/10.1002_admi.202001144/Fig3_A_stability_performance_curve_pce/accepted/10.1002_admi.202001144__Fig3__A__stability_performance_curve_pce__。—PCBM__Series_2.csv,10.1002/admi.202001144,Fig3_A_stability_performance_curve_pce,Series_2,54,54,22,0,493.5215188661272,204.8579889632981,True,0.9992829859529696,1.0,0.8690972112306348,562,14,3,2,node_3_2,0.5880021947834668,1.0,0.9954758978437779,0.9889351238685399,0.9478317977472127,0.9044202983386118,0.8690972112306348,0.0,3,no_initial_change_stable,class_03,/Users/shunhao/Desktop/ML/lab/NEW/som_200h_reanalysis/02_selected_curve_database/main_high_quality_min10/x_time_h/10.1002_admi.202001144/Fig3_A_stability_performance_curve_pce/accepted/10.1002_admi.202001144__Fig3__A__stability_performance_curve_pce__。—PCBM__Series_2.csv
x_time_h/10.1002_admi.202100776/Fig5_B_stability_performance_curve_pce/accepted/10.1002_admi.202100776__Fig5__B__stability_performance_curve_pce__without_QDs__Series_2.csv,10.1002/admi.202100776|Fig5_B_stability_performance_curve_pce|10.1002_admi.202100776__Fig5__B__stability_performance_curve_pce__without_QDs__Series_2,/Users/shunhao/Desktop/ML/lab/data_all/x_time_h/10.1002_admi.202100776/Fig5_B_stability_performance_curve_pce/accepted/10.1002_admi.202100776__Fig5__B__stability_performance_curve_pce__without_QDs__Series_2.csv,x_time_h/10.1002_admi.202100776/Fig5_B_stability_performance_curve_pce/accepted/10.1002_admi.202100776__Fig5__B__stability_performance_curve_pce__without_QDs__Series_2.csv,10.1002/admi.202100776,Fig5_B_stability_performance_curve_pce,Series_2,52,52,21,0,492.9104140752155,202.9631116780299,True,1.008870629772121,1.0,0.8785559455439109,566,14,3,2,node_3_2,0.4270719015065075,1.0,0.9899408553551373,0.9517762604677333,0.9467577901519881,0.9320141740707518,0.8785559455439109,0.0,3,no_initial_change_stable,class_03,/Users/shunhao/Desktop/ML/lab/NEW/som_200h_reanalysis/02_selected_curve_database/main_high_quality_min10/x_time_h/10.1002_admi.202100776/Fig5_B_stability_performance_curve_pce/accepted/10.1002_admi.202100776__Fig5__B__stability_performance_curve_pce__without_QDs__Series_2.csv
x_time_h/10.1002_aelm.202000604/Fig4_F_stability_performance_curve/accepted/10.1002_aelm.202000604__Fig4__F__stability_performance_curve__WithoutMI__Series_1.csv,10.1002/aelm.202000604|Fig4_F_stability_performance_curve|10.1002_aelm.202000604__Fig4__F__stability_performance_curve__WithoutMI__Series_1,/Users/shunhao/Desktop/ML/lab/data_all/x_time_h/10.1002_aelm.202000604/Fig4_F_stability_performance_curve/accepted/10.1002_aelm.202000604__Fig4__F__stability_performance_curve__WithoutMI__Series_1.csv,x_time_h/10.1002_aelm.202000604/Fig4_F_stability_performance_curve/accepted/10.1002_aelm.202000604__Fig4__F__stability_performance_curve__WithoutMI__Series_1.csv,10.1002/aelm.202000604,Fig4_F_stability_performance_curve,Series_1,55,55,20,0,566.1983702664257,209.70310009867617,True,1.0027906283532713,1.0,0.9018940430976152,580,14,3,2,node_3_2,0.18349296257811176,1.0,0.9964650721929472,0.9769379831734332,0.9483094503535108,0.9319544758574133,0.9018940430976153,0.0,3,no_initial_change_stable,class_03,/Users/shunhao/Desktop/ML/lab/NEW/som_200h_reanalysis/02_selected_curve_database/main_high_quality_min10/x_time_h/10.1002_aelm.202000604/Fig4_F_stability_performance_curve/accepted/10.1002_aelm.202000604__Fig4__F__stability_performance_curve__WithoutMI__Series_1.csv
x_time_h/10.1002_aenm.201600285/Fig6_whole_stability_performance_curve_pce/accepted/10.1002_aenm.201600285__Fig6__whole__stability_performance_curve_pce__PC[70]BM_AZO_Al__Series_3.csv,10.1002/aenm.201600285|Fig6_whole_stability_performance_curve_pce|10.1002_aenm.201600285__Fig6__whole__stability_performance_curve_pce__PC[70]BM_AZO_Al__Series_3,/Users/shunhao/Desktop/ML/lab/data_all/x_time_h/10.1002_aenm.201600285/Fig6_whole_stability_performance_curve_pce/accepted/10.1002_aenm.201600285__Fig6__whole__stability_performance_curve_pce__PC[70]BM_AZO_Al__Series_3.csv,x_time_h/10.1002_aenm.201600285/Fig6_whole_stability_performance_curve_pce/accepted/10.1002_aenm.201600285__Fig6__whole__stability_performance_curve_pce__PC[70]BM_AZO_Al__Series_3.csv,10.1002/aenm.201600285,Fig6_whole_stability_performance_curve_pce,Series_3,57,57,12,0,995.76236491828,213.37764962534575,True,99.95605558274224,1.0,0.917761127874657,581,14,3,2,node_3_2,0.43427550262209186,1.0,0.9948629807092514,0.9808240584182051,0.9614130775372728,0.940923694351932,0.917761127874657,0.0,3,no_initial_change_stable,class_03,/Users/shunhao/Desktop/ML/lab/NEW/som_200h_reanalysis/02_selected_curve_database/main_high_quality_min10/x_time_h/10.1002_aenm.201600285/Fig6_whole_stability_performance_curve_pce/accepted/10.1002_aenm.201600285__Fig6__whole__stability_performance_curve_pce__PC[70]BM_AZO_Al__Series_3.csv
x_time_h/10.1002_aenm.201700169/Fig7_whole_stability/accepted/10.1002_aenm.201700169__Fig7__whole__stability__PCE__Series_4.csv,10.1002/aenm.201700169|Fig7_whole_stability|10.1002_aenm.201700169__Fig7__whole__stability__PCE__Series_4,/Users/shunhao/Desktop/ML/lab/data_all/x_time_h/10.1002_aenm.201700169/Fig7_whole_stability/accepted/10.1002_aenm.201700169__Fig7__whole__stability__PCE__Series_4.csv,x_time_h/10.1002_aenm.201700169/Fig7_whole_stability/accepted/10.1002_aenm.201700169__Fig7__whole__stability__PCE__Series_4.csv,10.1002/aenm.201700169,Fig7_whole_stability,Series_4,70,70,14,0,1004.6908998903128,203.85032751397648,True,1.0032083841000194,1.0,0.8702067019718597,585,14,3,2,node_3_2,1.1399009728525347,1.0,0.9802665106623424,0.9180818874515017,0.9556841345263533,0.940690528590079,0.8702067019718597,0.0,3,no_initial_change_stable,class_03,/Users/shunhao/Desktop/ML/lab/NEW/som_200h_reanalysis/02_selected_curve_database/main_high_quality_min10/x_time_h/10.1002_aenm.201700169/Fig7_whole_stability/accepted/10.1002_aenm.201700169__Fig7__whole__stability__PCE__Series_4.csv
x_time_h/10.1002_aenm.201700763/Fig5_A_stability_performance_curve_pce/accepted/10.1002_aenm.201700763__Fig5__A__stability_performance_curve_pce__r-GO__Series_1.csv,10.1002/aenm.201700763|Fig5_A_stability_performance_curve_pce|10.1002_aenm.201700763__Fig5__A__stability_performance_curve_pce__r-GO__Series_1,/Users/shunhao/Desktop/ML/lab/data_all/x_time_h/10.1002_aenm.201700763/Fig5_A_stability_performance_curve_pce/accepted/10.1002_aenm.201700763__Fig5__A__stability_performance_curve_pce__r-GO__Series_1.csv,x_time_h/10.1002_aenm.201700763/Fig5_A_stability_performance_curve_pce/accepted/10.1002_aenm.201700763__Fig5__A__stability_performance_curve_pce__r-GO__Series_1.csv,10.1002/aenm.201700763,Fig5_A_stability_performance_curve_pce,Series_1,50,50,20,0,494.2960356944081,201.7534839569012,True,15.062552498148191,1.0,0.9201258911207264,587,14,3,2,node_3_2,0.3679815798531598,1.0,0.9943089624273117,0.977233863804016,0.9572865786001103,0.9400944183405447,0.9201258911207265,0.0,3,no_initial_change_stable,class_03,/Users/shunhao/Desktop/ML/lab/NEW/som_200h_reanalysis/02_selected_curve_database/main_high_quality_min10/x_time_h/10.1002_aenm.201700763/Fig5_A_stability_performance_curve_pce/accepted/10.1002_aenm.201700763__Fig5__A__stability_performance_curve_pce__r-GO__Series_1.csv
x_time_h/10.1002_aenm.201703054/Fig8_A_stability_performance_curve_pce/accepted/10.1002_aenm.201703054__Fig8__A__stability_performance_curve_pce__Pero-pristine__Series_1.csv,10.1002/aenm.201703054|Fig8_A_stability_performance_curve_pce|10.1002_aenm.201703054__Fig8__A__stability_performance_curve_pce__Pero-pristine__Series_1,/Users/shunhao/Desktop/ML/lab/data_all/x_time_h/10.1002_aenm.201703054/Fig8_A_stability_performance_curve_pce/accepted/10.1002_aenm.201703054__Fig8__A__stability_performance_curve_pce__Pero-pristine__Series_1.csv,x_time_h/10.1002_aenm.201703054/Fig8_A_stability_performance_curve_pce/accepted/10.1002_aenm.201703054__Fig8__A__stability_performance_curve_pce__Pero-pristine__Series_1.csv,10.1002/aenm.201703054,Fig8_A_stability_performance_curve_pce,Series_1,54,54,36,0,297.2544222823925,201.90866419181376,True,0.9976424212717788,1.0,0.9047813521714124,589,14,3,2,node_3_2,0.2097527868881662,1.0,0.9899731301274814,0.9613002694376307,0.951635577267762,0.928782951828738,0.9047813521714123,0.0,3,no_initial_change_stable,class_03,/Users/shunhao/Desktop/ML/lab/NEW/som_200h_reanalysis/02_selected_curve_database/main_high_quality_min10/x_time_h/10.1002_aenm.201703054/Fig8_A_stability_performance_curve_pce/accepted/10.1002_aenm.201703054__Fig8__A__stability_performance_curve_pce__Pero-pristine__Series_1.csv
x_time_h/10.1002_aenm.201903751/Fig4_F_stability/accepted/10.1002_aenm.201903751__Fig4__F__stability__O-CsPbl₂without_STCG__Series_3.csv,10.1002/aenm.201903751|Fig4_F_stability|10.1002_aenm.201903751__Fig4__F__stability__O-CsPbl₂without_STCG__Series_3,/Users/shunhao/Desktop/ML/lab/data_all/x_time_h/10.1002_aenm.201903751/Fig4_F_stability/accepted/10.1002_aenm.201903751__Fig4__F__stability__O-CsPbl₂without_STCG__Series_3.csv,x_time_h/10.1002_aenm.201903751/Fig4_F_stability/accepted/10.1002_aenm.201903751__Fig4__F__stability__O-CsPbl₂without_STCG__Series_3.csv,10.1002/aenm.201903751,Fig4_F_stability,Series_3,49,49,20,0,485.1320511377231,202.13835464071795,True,1.0077041537720586,1.0,0.8524339709983986,601,14,3,2,node_3_2,0.7634090978295371,1.0,0.9935132392232646,0.9870640194720902,0.9622467193779686,0.8994696534426351,0.8524339709983986,0.0,3,no_initial_change_stable,class_03,/Users/shunhao/Desktop/ML/lab/NEW/som_200h_reanalysis/02_selected_curve_database/main_high_quality_min10/x_time_h/10.1002_aenm.201903751/Fig4_F_stability/accepted/10.1002_aenm.201903751__Fig4__F__stability__O-CsPbl₂without_STCG__Series_3.csv
x_time_h/10.1002_aenm.202002882/Fig5_C_stability_performance_curve_pce/accepted/10.1002_aenm.202002882__Fig5__C__stability_performance_curve_pce__CsPbI₂Br__Series_1.csv,10.1002/aenm.202002882|Fig5_C_stability_performance_curve_pce|10.1002_aenm.202002882__Fig5__C__stability_performance_curve_pce__CsPbI₂Br__Series_1,/Users/shunhao/Desktop/ML/lab/data_all/x_time_h/10.1002_aenm.202002882/Fig5_C_stability_performance_curve_pce/accepted/10.1002_aenm.202002882__Fig5__C__stability_performance_curve_pce__CsPbI₂Br__Series_1.csv,x_time_h/10.1002_aenm.202002882/Fig5_C_stability_performance_curve_pce/accepted/10.1002_aenm.202002882__Fig5__C__stability_performance_curve_pce__CsPbI₂Br__Series_1.csv,10.1002/aenm.202002882,Fig5_C_stability_performance_curve_pce,Series_1,52,52,16,0,628.1523465280206,205.3574979033914,True,1.0030369592655892,1.0,0.9048635460766148,607,14,3,2,node_3_2,0.30304098515973593,1.0,0.9981850133977028,0.9810627793911985,0.9569217722769112,0.9368985999087084,0.9048635460766149,0.0,3,no_initial_change_stable,class_03,/Users/shunhao/Desktop/ML/lab/NEW/som_200h_reanalysis/02_selected_curve_database/main_high_quality_min10/x_time_h/10.1002_aenm.202002882/Fig5_C_stability_performance_curve_pce/accepted/10.1002_aenm.202002882__Fig5__C__stability_performance_curve_pce__CsPbI₂Br__Series_1.csv
x_time_h/10.1002_anie.201904195/Fig4_A_stability_performance_curve/accepted/10.1002_anie.201904195__Fig4__A__stability_performance_curve__PCBM_in_ambient__Series_1.csv,10.1002/anie.201904195|Fig4_A_stability_performance_curve|10.1002_anie.201904195__Fig4__A__stability_performance_curve__PCBM_in_ambient__Series_1,/Users/shunhao/Desktop/ML/lab/data_all/x_time_h/10.1002_anie.201904195/Fig4_A_stability_performance_curve/accepted/10.1002_anie.201904195__Fig4__A__stability_performance_curve__PCBM_in_ambient__Series_1.csv,x_time_h/10.1002_anie.201904195/Fig4_A_stability_performance_curve/accepted/10.1002_anie.201904195__Fig4__A__stability_performance_curve__PCBM_in_ambient__Series_1.csv,10.1002/anie.201904195,Fig4_A_stability_performance_curve,Series_1,33,33,14,0,467.82062513703056,204.67152349745083,True,1.0053853266056747,1.0,0.9090143489582774,624,14,3,2,node_3_2,0.1727596925117201,1.0,0.9927880524287187,0.9689120693128516,0.9441214341563268,0.9314588153475261,0.9090143489582774,0.0,3,no_initial_change_stable,class_03,/Users/shunhao/Desktop/ML/lab/NEW/som_200h_reanalysis/02_selected_curve_database/main_high_quality_min10/x_time_h/10.1002_anie.201904195/Fig4_A_stability_performance_curve/accepted/10.1002_anie.201904195__Fig4__A__stability_performance_curve__PCBM_in_ambient__Series_1.csv
x_time_h/10.1002_cssc.201800658/Fig6_C_stability_performance_curve_pce/accepted/10.1002_cssc.201800658__Fig6__C__stability_performance_curve_pce__FA__Series_3.csv,10.1002/cssc.201800658|Fig6_C_stability_performance_curve_pce|10.1002_cssc.201800658__Fig6__C__stability_performance_curve_pce__FA__Series_3,/Users/shunhao/Desktop/ML/lab/data_all/x_time_h/10.1002_cssc.201800658/Fig6_C_stability_performance_curve_pce/accepted/10.1002_cssc.201800658__Fig6__C__stability_performance_curve_pce__FA__Series_3.csv,x_time_h/10.1002_cssc.201800658/Fig6_C_stability_performance_curve_pce/accepted/10.1002_cssc.201800658__Fig6__C__stability_performance_curve_pce__FA__Series_3.csv,10.1002/cssc.201800658,Fig6_C_stability_performance_curve_pce,Series_3,84,84,12,0,1419.8827258865788,205.2842495257705,True,0.9981539305388384,1.0,0.8850347535207757,636,14,3,2,node_3_2,0.4632983621660048,1.0,0.9965862836353329,0.9684247002551771,0.9311120630334829,0.9106506657605787,0.8850347535207757,0.0,3,no_initial_change_stable,class_03,/Users/shunhao/Desktop/ML/lab/NEW/som_200h_reanalysis/02_selected_curve_database/main_high_quality_min10/x_time_h/10.1002_cssc.201800658/Fig6_C_stability_performance_curve_pce/accepted/10.1002_cssc.201800658__Fig6__C__stability_performance_curve_pce__FA__Series_3.csv
x_time_h/10.1002_eem2.12595/Fig3_F_stability_performance_curve_pce/accepted/10.1002_eem2.12595__Fig3__F__stability_performance_curve_pce__PCBM-only_IPSC__Series_1.csv,10.1002/eem2.12595|Fig3_F_stability_performance_curve_pce|10.1002_eem2.12595__Fig3__F__stability_performance_curve_pce__PCBM-only_IPSC__Series_1,/Users/shunhao/Desktop/ML/lab/data_all/x_time_h/10.1002_eem2.12595/Fig3_F_stability_performance_curve_pce/accepted/10.1002_eem2.12595__Fig3__F__stability_performance_curve_pce__PCBM-only_IPSC__Series_1.csv,x_time_h/10.1002_eem2.12595/Fig3_F_stability_performance_curve_pce/accepted/10.1002_eem2.12595__Fig3__F__stability_performance_curve_pce__PCBM-only_IPSC__Series_1.csv,10.1002/eem2.12595,Fig3_F_stability_performance_curve_pce,Series_1,123,123,35,0,715.3721040997619,205.22970199583335,True,100.12130282195176,0.9997726177423922,0.9103556670824342,649,14,3,2,node_3_2,0.4570665637176706,0.9997726177423922,0.9999977707781972,0.9842320853251696,0.9627438671963211,0.9396216570529409,0.9103556670824342,9.833333333333332,3,no_initial_change_stable,class_03,/Users/shunhao/Desktop/ML/lab/NEW/som_200h_reanalysis/02_selected_curve_database/main_high_quality_min10/x_time_h/10.1002_eem2.12595/Fig3_F_stability_performance_curve_pce/accepted/10.1002_eem2.12595__Fig3__F__stability_performance_curve_pce__PCBM-only_IPSC__Series_1.csv
x_time_h/10.1002_solr.201900029/Fig7_whole_stability_performance_curve_pce/accepted/10.1002_solr.201900029__Fig7__whole__stability_performance_curve_pce__CB_anti-solvent__Series_1.csv,10.1002/solr.201900029|Fig7_whole_stability_performance_curve_pce|10.1002_solr.201900029__Fig7__whole__stability_performance_curve_pce__CB_anti-solvent__Series_1,/Users/shunhao/Desktop/ML/lab/data_all/x_time_h/10.1002_solr.201900029/Fig7_whole_stability_performance_curve_pce/accepted/10.1002_solr.201900029__Fig7__whole__stability_performance_curve_pce__CB_anti-solvent__Series_1.csv,x_time_h/10.1002_solr.201900029/Fig7_whole_stability_performance_curve_pce/accepted/10.1002_solr.201900029__Fig7__whole__stability_performance_curve_pce__CB_anti-solvent__Series_1.csv,10.1002/solr.201900029,Fig7_whole_stability_performance_curve_pce,Series_1,76,76,16,0,988.767487301342,210.9370639576196,True,0.9905211225520274,1.0,0.9060723464486792,676,14,3,2,node_3_2,0.14575776305185512,1.0,0.9963372761726041,0.9728432081208789,0.9455222485737664,0.9251497498788228,0.9060723464486793,0.0,3,no_initial_change_stable,class_03,/Users/shunhao/Desktop/ML/lab/NEW/som_200h_reanalysis/02_selected_curve_database/main_high_quality_min10/x_time_h/10.1002_solr.201900029/Fig7_whole_stability_performance_curve_pce/accepted/10.1002_solr.201900029__Fig7__whole__stability_performance_curve_pce__CB_anti-solvent__Series_1.csv
x_time_h/10.1002_solr.201900197/Fig2_C_stability_performance_curve/accepted/10.1002_solr.201900197__Fig2__C__stability_performance_curve__MAPbI₃__Series_1.csv,10.1002/solr.201900197|Fig2_C_stability_performance_curve|10.1002_solr.201900197__Fig2__C__stability_performance_curve__MAPbI₃__Series_1,/Users/shunhao/Desktop/ML/lab/data_all/x_time_h/10.1002_solr.201900197/Fig2_C_stability_performance_curve/accepted/10.1002_solr.201900197__Fig2__C__stability_performance_curve__MAPbI₃__Series_1.csv,x_time_h/10.1002_solr.201900197/Fig2_C_stability_performance_curve/accepted/10.1002_solr.201900197__Fig2__C__stability_performance_curve__MAPbI₃__Series_1.csv,10.1002/solr.201900197,Fig2_C_stability_performance_curve,Series_1,62,62,13,0,967.4813125909608,206.18454202758184,True,0.9860033962284768,1.0,0.8730775339813441,682,14,3,2,node_3_2,0.6927368059126638,1.0,0.9986265374711528,0.9908381903802436,0.9762230005962691,0.9413455393980104,0.8730775339813441,0.0,3,no_initial_change_stable,class_03,/Users/shunhao/Desktop/ML/lab/NEW/som_200h_reanalysis/02_selected_curve_database/main_high_quality_min10/x_time_h/10.1002_solr.201900197/Fig2_C_stability_performance_curve/accepted/10.1002_solr.201900197__Fig2__C__stability_performance_curve__MAPbI₃__Series_1.csv
x_time_h/10.1002_solr.201900224/Fig2_F_stability_performance_curve/accepted/10.1002_solr.201900224__Fig2__F__stability_performance_curve__Spiro-OMeTAD__Series_1.csv,10.1002/solr.201900224|Fig2_F_stability_performance_curve|10.1002_solr.201900224__Fig2__F__stability_performance_curve__Spiro-OMeTAD__Series_1,/Users/shunhao/Desktop/ML/lab/data_all/x_time_h/10.1002_solr.201900224/Fig2_F_stability_performance_curve/accepted/10.1002_solr.201900224__Fig2__F__stability_performance_curve__Spiro-OMeTAD__Series_1.csv,x_time_h/10.1002_solr.201900224/Fig2_F_stability_performance_curve/accepted/10.1002_solr.201900224__Fig2__F__stability_performance_curve__Spiro-OMeTAD__Series_1.csv,10.1002/solr.201900224,Fig2_F_stability_performance_curve,Series_1,52,52,15,0,719.3972717202212,211.58743285888855,True,1.1002610435058742,0.9113735755240382,0.8960692845034365,683,14,3,2,node_3_2,1.0036236374624785,0.9113735755240382,0.9217149731743457,0.9949700797309314,0.9819902465862382,0.9329996566228205,0.8960692845034365,56.83333333333333,3,no_initial_change_stable,class_03,/Users/shunhao/Desktop/ML/lab/NEW/som_200h_reanalysis/02_selected_curve_database/main_high_quality_min10/x_time_h/10.1002_solr.201900224/Fig2_F_stability_performance_curve/accepted/10.1002_solr.201900224__Fig2__F__stability_performance_curve__Spiro-OMeTAD__Series_1.csv
x_time_h/10.1002_solr.201900245/Fig6_A_stability_performance_curve/accepted/10.1002_solr.201900245__Fig6__A__stability_performance_curve__NA_process__Series_1.csv,10.1002/solr.201900245|Fig6_A_stability_performance_curve|10.1002_solr.201900245__Fig6__A__stability_performance_curve__NA_process__Series_1,/Users/shunhao/Desktop/ML/lab/data_all/x_time_h/10.1002_solr.201900245/Fig6_A_stability_performance_curve/accepted/10.1002_solr.201900245__Fig6__A__stability_performance_curve__NA_process__Series_1.csv,x_time_h/10.1002_solr.201900245/Fig6_A_stability_performance_curve/accepted/10.1002_solr.201900245__Fig6__A__stability_performance_curve__NA_process__Series_1.csv,10.1002/solr.201900245,Fig6_A_stability_performance_curve,Series_1,61,61,13,0,988.3241606180447,214.13690146724304,True,4.178398614407481,0.7489761190172427,1.0,684,14,3,2,node_3_2,4.260630618179514,0.7489761190172427,0.7622632028574643,0.8132228805544427,0.8774696420916429,0.9416345330014126,1.0,200.0,3,no_initial_change_stable,class_03,/Users/shunhao/Desktop/ML/lab/NEW/som_200h_reanalysis/02_selected_curve_database/main_high_quality_min10/x_time_h/10.1002_solr.201900245/Fig6_A_stability_performance_curve/accepted/10.1002_solr.201900245__Fig6__A__stability_performance_curve__NA_process__Series_1.csv
x_time_h/10.1002_solr.201900291/Fig6_whole_stability/accepted/10.1002_solr.201900291__Fig6__whole__stability__Control_device__Series_1.csv,10.1002/solr.201900291|Fig6_whole_stability|10.1002_solr.201900291__Fig6__whole__stability__Control_device__Series_1,/Users/shunhao/Desktop/ML/lab/data_all/x_time_h/10.1002_solr.201900291/Fig6_whole_stability/accepted/10.1002_solr.201900291__Fig6__whole__stability__Control_device__Series_1.csv,x_time_h/10.1002_solr.201900291/Fig6_whole_stability/accepted/10.1002_solr.201900291__Fig6__whole__stability__Control_device__Series_1.csv,10.1002/solr.201900291,Fig6_whole_stability,Series_1,88,88,60,0,290.3123854147571,200.21543821707385,True,1.004252493405705,1.0,0.9246693140735722,685,14,3,2,node_3_2,0.4633818652499679,1.0,0.9938436952630838,0.9569207837368081,0.9414725798526754,0.9353065911291042,0.9246693140735722,0.0,3,no_initial_change_stable,class_03,/Users/shunhao/Desktop/ML/lab/NEW/som_200h_reanalysis/02_selected_curve_database/main_high_quality_min10/x_time_h/10.1002_solr.201900291/Fig6_whole_stability/accepted/10.1002_solr.201900291__Fig6__whole__stability__Control_device__Series_1.csv
x_time_h/10.1002_solr.201900293/Fig6_C_stability_performance_curve_pce/accepted/10.1002_solr.201900293__Fig6__C__stability_performance_curve_pce__Conventional__Series_1.csv,10.1002/solr.201900293|Fig6_C_stability_performance_curve_pce|10.1002_solr.201900293__Fig6__C__stability_performance_curve_pce__Conventional__Series_1,/Users/shunhao/Desktop/ML/lab/data_all/x_time_h/10.1002_solr.201900293/Fig6_C_stability_performance_curve_pce/accepted/10.1002_solr.201900293__Fig6__C__stability_performance_curve_pce__Conventional__Series_1.csv,x_time_h/10.1002_solr.201900293/Fig6_C_stability_performance_curve_pce/accepted/10.1002_solr.201900293__Fig6__C__stability_performance_curve_pce__Conventional__Series_1.csv,10.1002/solr.201900293,Fig6_C_stability_performance_curve_pce,Series_1,82,82,33,0,493.4467581297881,201.03386442324705,True,0.9991204976397424,1.0,0.8865828038712894,686,14,3,2,node_3_2,0.2361714953024144,1.0,0.9906928298107675,0.9721644349327275,0.9443288698654551,0.9186602007686177,0.8865828038712894,0.0,3,no_initial_change_stable,class_03,/Users/shunhao/Desktop/ML/lab/NEW/som_200h_reanalysis/02_selected_curve_database/main_high_quality_min10/x_time_h/10.1002_solr.201900293/Fig6_C_stability_performance_curve_pce/accepted/10.1002_solr.201900293__Fig6__C__stability_performance_curve_pce__Conventional__Series_1.csv
x_time_h/10.1002_solr.201900345/Fig5_A_pce/accepted/10.1002_solr.201900345__Fig5__A__pce__PEV+1mg_ml_N719__Series_1.csv,10.1002/solr.201900345|Fig5_A_pce|10.1002_solr.201900345__Fig5__A__pce__PEV+1mg_ml_N719__Series_1,/Users/shunhao/Desktop/ML/lab/data_all/x_time_h/10.1002_solr.201900345/Fig5_A_pce/accepted/10.1002_solr.201900345__Fig5__A__pce__PEV+1mg_ml_N719__Series_1.csv,x_time_h/10.1002_solr.201900345/Fig5_A_pce/accepted/10.1002_solr.201900345__Fig5__A__pce__PEV+1mg_ml_N719__Series_1.csv,10.1002/solr.201900345,Fig5_A_pce,Series_1,55,55,29,0,384.27864195128336,206.3718632701336,True,0.9962639413075076,1.0,0.857850727145232,687,14,3,2,node_3_2,0.5924821288841763,1.0,0.9857131627271268,0.9607818386530079,0.9628627953844665,0.9301541452824363,0.857850727145232,0.0,3,no_initial_change_stable,class_03,/Users/shunhao/Desktop/ML/lab/NEW/som_200h_reanalysis/02_selected_curve_database/main_high_quality_min10/x_time_h/10.1002_solr.201900345/Fig5_A_pce/accepted/10.1002_solr.201900345__Fig5__A__pce__PEV+1mg_ml_N719__Series_1.csv
x_time_h/10.1002_solr.202000621/Fig6_A_stability_performance_curve_pce/accepted/10.1002_solr.202000621__Fig6__A__stability_performance_curve_pce__MAPbI₃-BP__Series_1.csv,10.1002/solr.202000621|Fig6_A_stability_performance_curve_pce|10.1002_solr.202000621__Fig6__A__stability_performance_curve_pce__MAPbI₃-BP__Series_1,/Users/shunhao/Desktop/ML/lab/data_all/x_time_h/10.1002_solr.202000621/Fig6_A_stability_performance_curve_pce/accepted/10.1002_solr.202000621__Fig6__A__stability_performance_curve_pce__MAPbI₃-BP__Series_1.csv,x_time_h/10.1002_solr.202000621/Fig6_A_stability_performance_curve_pce/accepted/10.1002_solr.202000621__Fig6__A__stability_performance_curve_pce__MAPbI₃-BP__Series_1.csv,10.1002/solr.202000621,Fig6_A_stability_performance_curve_pce,Series_1,55,55,23,0,488.3543469774116,208.00277741630492,True,99.22971459869667,1.0,0.930751525438395,698,14,3,2,node_3_2,0.4573814795673208,1.0,0.9927729622520951,0.9726947724513388,0.9537541274536966,0.9415354831410822,0.930751525438395,0.0,3,no_initial_change_stable,class_03,/Users/shunhao/Desktop/ML/lab/NEW/som_200h_reanalysis/02_selected_curve_database/main_high_quality_min10/x_time_h/10.1002_solr.202000621/Fig6_A_stability_performance_curve_pce/accepted/10.1002_solr.202000621__Fig6__A__stability_performance_curve_pce__MAPbI₃-BP__Series_1.csv
x_time_h/10.1002_solr.202100257/Fig8_E_stability_performance_curve_pce/accepted/10.1002_solr.202100257__Fig8__E__stability_performance_curve_pce__PVK__Series_2.csv,10.1002/solr.202100257|Fig8_E_stability_performance_curve_pce|10.1002_solr.202100257__Fig8__E__stability_performance_curve_pce__PVK__Series_2,/Users/shunhao/Desktop/ML/lab/data_all/x_time_h/10.1002_solr.202100257/Fig8_E_stability_performance_curve_pce/accepted/10.1002_solr.202100257__Fig8__E__stability_performance_curve_pce__PVK__Series_2.csv,x_time_h/10.1002_solr.202100257/Fig8_E_stability_performance_curve_pce/accepted/10.1002_solr.202100257__Fig8__E__stability_performance_curve_pce__PVK__Series_2.csv,10.1002/solr.202100257,Fig8_E_stability_performance_curve_pce,Series_2,56,56,12,0,922.9496096394348,201.37082392133124,True,0.9889709017748314,0.9932453994801014,0.9083529162001076,710,14,3,2,node_3_2,0.2791095815426864,0.9932453994801014,0.998825981639234,0.9845057689058331,0.9486900599553119,0.9261365961666997,0.9083529162001075,16.5,3,no_initial_change_stable,class_03,/Users/shunhao/Desktop/ML/lab/NEW/som_200h_reanalysis/02_selected_curve_database/main_high_quality_min10/x_time_h/10.1002_solr.202100257/Fig8_E_stability_performance_curve_pce/accepted/10.1002_solr.202100257__Fig8__E__stability_performance_curve_pce__PVK__Series_2.csv
x_time_h/10.1002_solr.202100555/Fig5_F_stability_performance_curve_structure/accepted/10.1002_solr.202100555__Fig5__F__stability_performance_curve_structure__N₂__Series_2.csv,10.1002/solr.202100555|Fig5_F_stability_performance_curve_structure|10.1002_solr.202100555__Fig5__F__stability_performance_curve_structure__N₂__Series_2,/Users/shunhao/Desktop/ML/lab/data_all/x_time_h/10.1002_solr.202100555/Fig5_F_stability_performance_curve_structure/accepted/10.1002_solr.202100555__Fig5__F__stability_performance_curve_structure__N₂__Series_2.csv,x_time_h/10.1002_solr.202100555/Fig5_F_stability_performance_curve_structure/accepted/10.1002_solr.202100555__Fig5__F__stability_performance_curve_structure__N₂__Series_2.csv,10.1002/solr.202100555,Fig5_F_stability_performance_curve_structure,Series_2,34,34,10,0,680.7198861580512,206.27875338122757,True,0.9829224175816924,1.0,0.919209724942166,713,14,3,2,node_3_2,0.2255192012348305,1.0,0.9982165345360428,0.9718054609194483,0.9484655578658301,0.9277032663673451,0.9192097249421661,0.0,3,no_initial_change_stable,class_03,/Users/shunhao/Desktop/ML/lab/NEW/som_200h_reanalysis/02_selected_curve_database/main_high_quality_min10/x_time_h/10.1002_solr.202100555/Fig5_F_stability_performance_curve_structure/accepted/10.1002_solr.202100555__Fig5__F__stability_performance_curve_structure__N₂__Series_2.csv
x_time_h/10.1007_s12274-020-2836-3/Fig5_F_stability_performance_curve/accepted/10.1007_s12274-020-2836-3__Fig5__F__stability_performance_curve__CsPbl₃__Series_1.csv,10.1007/s12274-020-2836-3|Fig5_F_stability_performance_curve|10.1007_s12274-020-2836-3__Fig5__F__stability_performance_curve__CsPbl₃__Series_1,/Users/shunhao/Desktop/ML/lab/data_all/x_time_h/10.1007_s12274-020-2836-3/Fig5_F_stability_performance_curve/accepted/10.1007_s12274-020-2836-3__Fig5__F__stability_performance_curve__CsPbl₃__Series_1.csv,x_time_h/10.1007_s12274-020-2836-3/Fig5_F_stability_performance_curve/accepted/10.1007_s12274-020-2836-3__Fig5__F__stability_performance_curve__CsPbl₃__Series_1.csv,10.1007/s12274-020-2836-3,Fig5_F_stability_performance_curve,Series_1,47,47,11,0,853.0898979644585,203.99975820889225,True,0.9925973604577804,1.0,0.9003968750662678,731,14,3,2,node_3_2,0.24464949661520202,1.0,0.9955040139145109,0.9775200695725547,0.9578194727037468,0.9352436341360562,0.9003968750662678,0.0,3,no_initial_change_stable,class_03,/Users/shunhao/Desktop/ML/lab/NEW/som_200h_reanalysis/02_selected_curve_database/main_high_quality_min10/x_time_h/10.1007_s12274-020-2836-3/Fig5_F_stability_performance_curve/accepted/10.1007_s12274-020-2836-3__Fig5__F__stability_performance_curve__CsPbl₃__Series_1.csv
x_time_h/10.1007_s13391-020-00206-3/Fig3_D_mppt_stability_performance_curve_jsc/accepted/10.1007_s13391-020-00206-3__Fig3__D__mppt_stability_performance_curve_jsc__MAPbI₃__Series_1.csv,10.1007/s13391-020-00206-3|Fig3_D_mppt_stability_performance_curve_jsc|10.1007_s13391-020-00206-3__Fig3__D__mppt_stability_performance_curve_jsc__MAPbI₃__Series_1,/Users/shunhao/Desktop/ML/lab/data_all/x_time_h/10.1007_s13391-020-00206-3/Fig3_D_mppt_stability_performance_curve_jsc/accepted/10.1007_s13391-020-00206-3__Fig3__D__mppt_stability_performance_curve_jsc__MAPbI₃__Series_1.csv,x_time_h/10.1007_s13391-020-00206-3/Fig3_D_mppt_stability_performance_curve_jsc/accepted/10.1007_s13391-020-00206-3__Fig3__D__mppt_stability_performance_curve_jsc__MAPbI₃__Series_1.csv,10.1007/s13391-020-00206-3,Fig3_D_mppt_stability_performance_curve_jsc,Series_1,70,70,28,0,499.1962000383931,202.5723710300726,True,100.67399888392912,1.0,0.8714817598066854,735,14,3,2,node_3_2,0.3285611444993282,1.0,0.9977276377351685,0.9773386240556253,0.9563122012874987,0.9275076904532881,0.8714817598066854,0.0,3,no_initial_change_stable,class_03,/Users/shunhao/Desktop/ML/lab/NEW/som_200h_reanalysis/02_selected_curve_database/main_high_quality_min10/x_time_h/10.1007_s13391-020-00206-3/Fig3_D_mppt_stability_performance_curve_jsc/accepted/10.1007_s13391-020-00206-3__Fig3__D__mppt_stability_performance_curve_jsc__MAPbI₃__Series_1.csv
x_time_h/10.1007_s40820-021-00688-2/Fig7_D_xrd_pattern_stability_performance_curve_pce/accepted/10.1007_s40820-021-00688-2__Fig7__D__xrd_pattern_stability_performance_curve_pce__w_o__Series_2.csv,10.1007/s40820-021-00688-2|Fig7_D_xrd_pattern_stability_performance_curve_pce|10.1007_s40820-021-00688-2__Fig7__D__xrd_pattern_stability_performance_curve_pce__w_o__Series_2,/Users/shunhao/Desktop/ML/lab/data_all/x_time_h/10.1007_s40820-021-00688-2/Fig7_D_xrd_pattern_stability_performance_curve_pce/accepted/10.1007_s40820-021-00688-2__Fig7__D__xrd_pattern_stability_performance_curve_pce__w_o__Series_2.csv,x_time_h/10.1007_s40820-021-00688-2/Fig7_D_xrd_pattern_stability_performance_curve_pce/accepted/10.1007_s40820-021-00688-2__Fig7__D__xrd_pattern_stability_performance_curve_pce__w_o__Series_2.csv,10.1007/s40820-021-00688-2,Fig7_D_xrd_pattern_stability_performance_curve_pce,Series_2,53,53,21,0,498.0910833459732,201.15216827433537,True,1.0004922333084714,1.0,0.9036867524287312,739,14,3,2,node_3_2,0.25701579759013177,1.0,0.9925351690216199,0.9641296584246782,0.9394894770650137,0.9213710916264761,0.9036867524287311,0.0,3,no_initial_change_stable,class_03,/Users/shunhao/Desktop/ML/lab/NEW/som_200h_reanalysis/02_selected_curve_database/main_high_quality_min10/x_time_h/10.1007_s40820-021-00688-2/Fig7_D_xrd_pattern_stability_performance_curve_pce/accepted/10.1007_s40820-021-00688-2__Fig7__D__xrd_pattern_stability_performance_curve_pce__w_o__Series_2.csv
x_time_h/10.1007_s40820-023-01130-5/Fig5_C_mppt_stability_performance_curve_pce_mapping/accepted/10.1007_s40820-023-01130-5__Fig5__C__mppt_stability_performance_curve_pce_mapping__Control__Series_1.csv,10.1007/s40820-023-01130-5|Fig5_C_mppt_stability_performance_curve_pce_mapping|10.1007_s40820-023-01130-5__Fig5__C__mppt_stability_performance_curve_pce_mapping__Control__Series_1,/Users/shunhao/Desktop/ML/lab/data_all/x_time_h/10.1007_s40820-023-01130-5/Fig5_C_mppt_stability_performance_curve_pce_mapping/accepted/10.1007_s40820-023-01130-5__Fig5__C__mppt_stability_performance_curve_pce_mapping__Control__Series_1.csv,x_time_h/10.1007_s40820-023-01130-5/Fig5_C_mppt_stability_performance_curve_pce_mapping/accepted/10.1007_s40820-023-01130-5__Fig5__C__mppt_stability_performance_curve_pce_mapping__Control__Series_1.csv,10.1007/s40820-023-01130-5,Fig5_C_mppt_stability_performance_curve_pce_mapping,Series_1,52,52,13,0,813.5800482247234,207.38314954747855,True,0.9999318739250604,1.0,0.9127219174737058,741,14,3,2,node_3_2,0.22821101572032115,1.0,0.9904568931852719,0.9646708559546147,0.9468011945239614,0.931539546441869,0.9127219174737058,0.0,3,no_initial_change_stable,class_03,/Users/shunhao/Desktop/ML/lab/NEW/som_200h_reanalysis/02_selected_curve_database/main_high_quality_min10/x_time_h/10.1007_s40820-023-01130-5/Fig5_C_mppt_stability_performance_curve_pce_mapping/accepted/10.1007_s40820-023-01130-5__Fig5__C__mppt_stability_performance_curve_pce_mapping__Control__Series_1.csv
x_time_h/10.1007_s40820-024-01401-9/Fig5_K_mppt_stability_performance_curve_voc/accepted/10.1007_s40820-024-01401-9__Fig5__K__mppt_stability_performance_curve_voc__3D(initial_PCE_-19.5%)__Series_1.csv,10.1007/s40820-024-01401-9|Fig5_K_mppt_stability_performance_curve_voc|10.1007_s40820-024-01401-9__Fig5__K__mppt_stability_performance_curve_voc__3D(initial_PCE_-19.5%)__Series_1,/Users/shunhao/Desktop/ML/lab/data_all/x_time_h/10.1007_s40820-024-01401-9/Fig5_K_mppt_stability_performance_curve_voc/accepted/10.1007_s40820-024-01401-9__Fig5__K__mppt_stability_performance_curve_voc__3D(initial_PCE_-19.5%)__Series_1.csv,x_time_h/10.1007_s40820-024-01401-9/Fig5_K_mppt_stability_performance_curve_voc/accepted/10.1007_s40820-024-01401-9__Fig5__K__mppt_stability_performance_curve_voc__3D(initial_PCE_-19.5%)__Series_1.csv,10.1007/s40820-024-01401-9,Fig5_K_mppt_stability_performance_curve_voc,Series_1,74,74,30,0,487.5137032192608,200.34809721339485,True,0.9776902441804862,1.0,0.8908475241072448,742,14,3,2,node_3_2,0.6037171160707446,1.0,0.977802713325917,0.9467707713099001,0.9305157862117956,0.9123380969197233,0.8908475241072448,0.0,3,no_initial_change_stable,class_03,/Users/shunhao/Desktop/ML/lab/NEW/som_200h_reanalysis/02_selected_curve_database/main_high_quality_min10/x_time_h/10.1007_s40820-024-01401-9/Fig5_K_mppt_stability_performance_curve_voc/accepted/10.1007_s40820-024-01401-9__Fig5__K__mppt_stability_performance_curve_voc__3D(initial_PCE_-19.5%)__Series_1.csv
x_time_h/10.1007_s40820-025-01677-5/Fig4_G_mppt_stability_performance_curve_eqe/accepted/10.1007_s40820-025-01677-5__Fig4__G__mppt_stability_performance_curve_eqe__Control__Series_2.csv,10.1007/s40820-025-01677-5|Fig4_G_mppt_stability_performance_curve_eqe|10.1007_s40820-025-01677-5__Fig4__G__mppt_stability_performance_curve_eqe__Control__Series_2,/Users/shunhao/Desktop/ML/lab/data_all/x_time_h/10.1007_s40820-025-01677-5/Fig4_G_mppt_stability_performance_curve_eqe/accepted/10.1007_s40820-025-01677-5__Fig4__G__mppt_stability_performance_curve_eqe__Control__Series_2.csv,x_time_h/10.1007_s40820-025-01677-5/Fig4_G_mppt_stability_performance_curve_eqe/accepted/10.1007_s40820-025-01677-5__Fig4__G__mppt_stability_performance_curve_eqe__Control__Series_2.csv,10.1007/s40820-025-01677-5,Fig4_G_mppt_stability_performance_curve_eqe,Series_2,119,119,38,0,632.6759075624138,203.74308887603155,True,0.9286580552758724,1.0,0.9117428505014136,744,14,3,2,node_3_2,0.342640482827788,1.0,0.9867785307703624,0.9550946438594706,0.9407502864313064,0.9262282224029448,0.9117428505014136,0.0,3,no_initial_change_stable,class_03,/Users/shunhao/Desktop/ML/lab/NEW/som_200h_reanalysis/02_selected_curve_database/main_high_quality_min10/x_time_h/10.1007_s40820-025-01677-5/Fig4_G_mppt_stability_performance_curve_eqe/accepted/10.1007_s40820-025-01677-5__Fig4__G__mppt_stability_performance_curve_eqe__Control__Series_2.csv
x_time_h/10.1016_j.cej.2021.131185/Fig7_A_stability_performance_curve_plot/accepted/10.1016_j.cej.2021.131185__Fig7__A__stability_performance_curve_plot__3D__Series_1.csv,10.1016/j.cej.2021.131185|Fig7_A_stability_performance_curve_plot|10.1016_j.cej.2021.131185__Fig7__A__stability_performance_curve_plot__3D__Series_1,/Users/shunhao/Desktop/ML/lab/data_all/x_time_h/10.1016_j.cej.2021.131185/Fig7_A_stability_performance_curve_plot/accepted/10.1016_j.cej.2021.131185__Fig7__A__stability_performance_curve_plot__3D__Series_1.csv,x_time_h/10.1016_j.cej.2021.131185/Fig7_A_stability_performance_curve_plot/accepted/10.1016_j.cej.2021.131185__Fig7__A__stability_performance_curve_plot__3D__Series_1.csv,10.1016/j.cej.2021.131185,Fig7_A_stability_performance_curve_plot,Series_1,77,77,15,0,1041.3714002177107,205.5338289903376,True,0.9943698316560532,1.0,0.8880648334364415,771,14,3,2,node_3_2,0.4527317180398665,1.0,0.9914049173321181,0.9679682142698166,0.9348419510750401,0.9067869302179185,0.8880648334364415,0.0,3,no_initial_change_stable,class_03,/Users/shunhao/Desktop/ML/lab/NEW/som_200h_reanalysis/02_selected_curve_database/main_high_quality_min10/x_time_h/10.1016_j.cej.2021.131185/Fig7_A_stability_performance_curve_plot/accepted/10.1016_j.cej.2021.131185__Fig7__A__stability_performance_curve_plot__3D__Series_1.csv
x_time_h/10.1016_j.cej.2021.131499/Fig5_C_stability_performance_curve_pce/accepted/10.1016_j.cej.2021.131499__Fig5__C__stability_performance_curve_pce__planar-M_cco__Series_1.csv,10.1016/j.cej.2021.131499|Fig5_C_stability_performance_curve_pce|10.1016_j.cej.2021.131499__Fig5__C__stability_performance_curve_pce__planar-M_cco__Series_1,/Users/shunhao/Desktop/ML/lab/data_all/x_time_h/10.1016_j.cej.2021.131499/Fig5_C_stability_performance_curve_pce/accepted/10.1016_j.cej.2021.131499__Fig5__C__stability_performance_curve_pce__planar-M_cco__Series_1.csv,x_time_h/10.1016_j.cej.2021.131499/Fig5_C_stability_performance_curve_pce/accepted/10.1016_j.cej.2021.131499__Fig5__C__stability_performance_curve_pce__planar-M_cco__Series_1.csv,10.1016/j.cej.2021.131499,Fig5_C_stability_performance_curve_pce,Series_1,88,88,45,0,393.33305282127714,203.44813076962612,True,1.0068694453509348,0.9994318351574832,0.9043576784263286,774,14,3,2,node_3_2,0.19528017855544486,0.9994318351574831,0.9958515505201188,0.9697129843540093,0.9430479805765927,0.9281021451077812,0.9043576784263286,2.6666666666666665,3,no_initial_change_stable,class_03,/Users/shunhao/Desktop/ML/lab/NEW/som_200h_reanalysis/02_selected_curve_database/main_high_quality_min10/x_time_h/10.1016_j.cej.2021.131499/Fig5_C_stability_performance_curve_pce/accepted/10.1016_j.cej.2021.131499__Fig5__C__stability_performance_curve_pce__planar-M_cco__Series_1.csv
x_time_h/10.1016_j.cej.2022.139961/Fig5_F_stability_performance_curve_pce_image/accepted/10.1016_j.cej.2022.139961__Fig5__F__stability_performance_curve_pce_image__w_0__Series_1.csv,10.1016/j.cej.2022.139961|Fig5_F_stability_performance_curve_pce_image|10.1016_j.cej.2022.139961__Fig5__F__stability_performance_curve_pce_image__w_0__Series_1,/Users/shunhao/Desktop/ML/lab/data_all/x_time_h/10.1016_j.cej.2022.139961/Fig5_F_stability_performance_curve_pce_image/accepted/10.1016_j.cej.2022.139961__Fig5__F__stability_performance_curve_pce_image__w_0__Series_1.csv,x_time_h/10.1016_j.cej.2022.139961/Fig5_F_stability_performance_curve_pce_image/accepted/10.1016_j.cej.2022.139961__Fig5__F__stability_performance_curve_pce_image__w_0__Series_1.csv,10.1016/j.cej.2022.139961,Fig5_F_stability_performance_curve_pce_image,Series_1,47,47,18,0,533.465679947211,208.74743997934343,True,1.0012495344563797,1.0,0.8727609087789421,777,14,3,2,node_3_2,0.45121272553591757,1.0,0.9978853645628265,0.9832710305677738,0.966766846536562,0.9269859902229134,0.8727609087789421,0.0,3,no_initial_change_stable,class_03,/Users/shunhao/Desktop/ML/lab/NEW/som_200h_reanalysis/02_selected_curve_database/main_high_quality_min10/x_time_h/10.1016_j.cej.2022.139961/Fig5_F_stability_performance_curve_pce_image/accepted/10.1016_j.cej.2022.139961__Fig5__F__stability_performance_curve_pce_image__w_0__Series_1.csv
x_time_h/10.1016_j.jcis.2021.07.058/Fig4_B_stability_performance_curve_pce/accepted/10.1016_j.jcis.2021.07.058__Fig4__B__stability_performance_curve_pce__SnO₂_PVK_C__Series_3.csv,10.1016/j.jcis.2021.07.058|Fig4_B_stability_performance_curve_pce|10.1016_j.jcis.2021.07.058__Fig4__B__stability_performance_curve_pce__SnO₂_PVK_C__Series_3,/Users/shunhao/Desktop/ML/lab/data_all/x_time_h/10.1016_j.jcis.2021.07.058/Fig4_B_stability_performance_curve_pce/accepted/10.1016_j.jcis.2021.07.058__Fig4__B__stability_performance_curve_pce__SnO₂_PVK_C__Series_3.csv,x_time_h/10.1016_j.jcis.2021.07.058/Fig4_B_stability_performance_curve_pce/accepted/10.1016_j.jcis.2021.07.058__Fig4__B__stability_performance_curve_pce__SnO₂_PVK_C__Series_3.csv,10.1016/j.jcis.2021.07.058,Fig4_B_stability_performance_curve_pce,Series_3,50,50,19,0,519.965743771942,201.61937003401823,True,1.0765153260892364,0.9356042430164668,0.8866682475469166,793,14,3,2,node_3_2,0.6184728843017566,0.9356042430164667,0.9539863504081942,1.0,0.9475519916981624,0.9126504349430294,0.8866682475469166,50.0,3,no_initial_change_stable,class_03,/Users/shunhao/Desktop/ML/lab/NEW/som_200h_reanalysis/02_selected_curve_database/main_high_quality_min10/x_time_h/10.1016_j.jcis.2021.07.058/Fig4_B_stability_performance_curve_pce/accepted/10.1016_j.jcis.2021.07.058__Fig4__B__stability_performance_curve_pce__SnO₂_PVK_C__Series_3.csv
x_time_h/10.1016_j.jcis.2021.07.058/Fig4_B_stability_performance_curve_pce/accepted/10.1016_j.jcis.2021.07.058__Fig4__B__stability_performance_curve_pce__SnO₂_PVK_CuSCN_C__Series_2.csv,10.1016/j.jcis.2021.07.058|Fig4_B_stability_performance_curve_pce|10.1016_j.jcis.2021.07.058__Fig4__B__stability_performance_curve_pce__SnO₂_PVK_CuSCN_C__Series_2,/Users/shunhao/Desktop/ML/lab/data_all/x_time_h/10.1016_j.jcis.2021.07.058/Fig4_B_stability_performance_curve_pce/accepted/10.1016_j.jcis.2021.07.058__Fig4__B__stability_performance_curve_pce__SnO₂_PVK_CuSCN_C__Series_2.csv,x_time_h/10.1016_j.jcis.2021.07.058/Fig4_B_stability_performance_curve_pce/accepted/10.1016_j.jcis.2021.07.058__Fig4__B__stability_performance_curve_pce__SnO₂_PVK_CuSCN_C__Series_2.csv,10.1016/j.jcis.2021.07.058,Fig4_B_stability_performance_curve_pce,Series_2,65,65,19,0,679.1389306409038,201.6193700340183,True,1.1096228542473583,0.918458390287702,0.8836676451471229,794,14,3,2,node_3_2,0.7999263181393333,0.9184583902877019,0.9362189252664301,0.9961265945417999,0.9428541460830643,0.90412887026073,0.8836676451471229,54.666666666666664,3,no_initial_change_stable,class_03,/Users/shunhao/Desktop/ML/lab/NEW/som_200h_reanalysis/02_selected_curve_database/main_high_quality_min10/x_time_h/10.1016_j.jcis.2021.07.058/Fig4_B_stability_performance_curve_pce/accepted/10.1016_j.jcis.2021.07.058__Fig4__B__stability_performance_curve_pce__SnO₂_PVK_CuSCN_C__Series_2.csv
x_time_h/10.1016_j.jechem.2020.06.019/Fig6_A_jv_curve_stability_performance_pce/accepted/10.1016_j.jechem.2020.06.019__Fig6__A__jv_curve_stability_performance_pce__Pristine__Series_1.csv,10.1016/j.jechem.2020.06.019|Fig6_A_jv_curve_stability_performance_pce|10.1016_j.jechem.2020.06.019__Fig6__A__jv_curve_stability_performance_pce__Pristine__Series_1,/Users/shunhao/Desktop/ML/lab/data_all/x_time_h/10.1016_j.jechem.2020.06.019/Fig6_A_jv_curve_stability_performance_pce/accepted/10.1016_j.jechem.2020.06.019__Fig6__A__jv_curve_stability_performance_pce__Pristine__Series_1.csv,x_time_h/10.1016_j.jechem.2020.06.019/Fig6_A_jv_curve_stability_performance_pce/accepted/10.1016_j.jechem.2020.06.019__Fig6__A__jv_curve_stability_performance_pce__Pristine__Series_1.csv,10.1016/j.jechem.2020.06.019,Fig6_A_jv_curve_stability_performance_pce,Series_1,68,68,28,0,492.9112870099196,205.99277666086192,True,1.003284044051581,1.0,0.9098131628506568,801,14,3,2,node_3_2,0.4705529755092966,1.0,0.9983551100845679,0.9879301815968785,0.9631462309345377,0.9399499081715529,0.9098131628506568,0.0,3,no_initial_change_stable,class_03,/Users/shunhao/Desktop/ML/lab/NEW/som_200h_reanalysis/02_selected_curve_database/main_high_quality_min10/x_time_h/10.1016_j.jechem.2020.06.019/Fig6_A_jv_curve_stability_performance_pce/accepted/10.1016_j.jechem.2020.06.019__Fig6__A__jv_curve_stability_performance_pce__Pristine__Series_1.csv
x_time_h/10.1016_j.jechem.2020.06.019/Fig6_B_mppt_stability_performance_curve/accepted/10.1016_j.jechem.2020.06.019__Fig6__B__mppt_stability_performance_curve__Pristine__Series_1.csv,10.1016/j.jechem.2020.06.019|Fig6_B_mppt_stability_performance_curve|10.1016_j.jechem.2020.06.019__Fig6__B__mppt_stability_performance_curve__Pristine__Series_1,/Users/shunhao/Desktop/ML/lab/data_all/x_time_h/10.1016_j.jechem.2020.06.019/Fig6_B_mppt_stability_performance_curve/accepted/10.1016_j.jechem.2020.06.019__Fig6__B__mppt_stability_performance_curve__Pristine__Series_1.csv,x_time_h/10.1016_j.jechem.2020.06.019/Fig6_B_mppt_stability_performance_curve/accepted/10.1016_j.jechem.2020.06.019__Fig6__B__mppt_stability_performance_curve__Pristine__Series_1.csv,10.1016/j.jechem.2020.06.019,Fig6_B_mppt_stability_performance_curve,Series_1,68,68,14,0,985.6524199873476,205.9572220869084,True,1.001007927595844,1.0,0.9283168010122752,804,14,3,2,node_3_2,0.4451854970077413,1.0,0.9976024335912816,0.9806479927405489,0.9575307770338696,0.937517842594258,0.9283168010122753,0.0,3,no_initial_change_stable,class_03,/Users/shunhao/Desktop/ML/lab/NEW/som_200h_reanalysis/02_selected_curve_database/main_high_quality_min10/x_time_h/10.1016_j.jechem.2020.06.019/Fig6_B_mppt_stability_performance_curve/accepted/10.1016_j.jechem.2020.06.019__Fig6__B__mppt_stability_performance_curve__Pristine__Series_1.csv
x_time_h/10.1016_j.jmat.2021.02.004/Fig6_A_stability_performance_curve/accepted/10.1016_j.jmat.2021.02.004__Fig6__A__stability_performance_curve__o-Control__Series_1.csv,10.1016/j.jmat.2021.02.004|Fig6_A_stability_performance_curve|10.1016_j.jmat.2021.02.004__Fig6__A__stability_performance_curve__o-Control__Series_1,/Users/shunhao/Desktop/ML/lab/data_all/x_time_h/10.1016_j.jmat.2021.02.004/Fig6_A_stability_performance_curve/accepted/10.1016_j.jmat.2021.02.004__Fig6__A__stability_performance_curve__o-Control__Series_1.csv,x_time_h/10.1016_j.jmat.2021.02.004/Fig6_A_stability_performance_curve/accepted/10.1016_j.jmat.2021.02.004__Fig6__A__stability_performance_curve__o-Control__Series_1.csv,10.1016/j.jmat.2021.02.004,Fig6_A_stability_performance_curve,Series_1,50,50,28,0,353.05133713125684,201.74362121786103,True,1.00511556007218,1.0,0.8666127542116416,817,14,3,2,node_3_2,0.39030757294477025,1.0,0.9896441286900098,0.9702407585028308,0.9506577803483525,0.9194933759249055,0.8666127542116416,0.0,3,no_initial_change_stable,class_03,/Users/shunhao/Desktop/ML/lab/NEW/som_200h_reanalysis/02_selected_curve_database/main_high_quality_min10/x_time_h/10.1016_j.jmat.2021.02.004/Fig6_A_stability_performance_curve/accepted/10.1016_j.jmat.2021.02.004__Fig6__A__stability_performance_curve__o-Control__Series_1.csv
x_time_h/10.1016_j.joule.2019.07.030/Fig5_B_mppt_stability_performance_curve_pce/accepted/10.1016_j.joule.2019.07.030__Fig5__B__mppt_stability_performance_curve_pce__w_o_DBL__Series_1.csv,10.1016/j.joule.2019.07.030|Fig5_B_mppt_stability_performance_curve_pce|10.1016_j.joule.2019.07.030__Fig5__B__mppt_stability_performance_curve_pce__w_o_DBL__Series_1,/Users/shunhao/Desktop/ML/lab/data_all/x_time_h/10.1016_j.joule.2019.07.030/Fig5_B_mppt_stability_performance_curve_pce/accepted/10.1016_j.joule.2019.07.030__Fig5__B__mppt_stability_performance_curve_pce__w_o_DBL__Series_1.csv,x_time_h/10.1016_j.joule.2019.07.030/Fig5_B_mppt_stability_performance_curve_pce/accepted/10.1016_j.joule.2019.07.030__Fig5__B__mppt_stability_performance_curve_pce__w_o_DBL__Series_1.csv,10.1016/j.joule.2019.07.030,Fig5_B_mppt_stability_performance_curve_pce,Series_1,26,26,11,0,465.2701651265499,204.71887265568196,True,14.621310144523132,1.0,0.8644983251932924,823,14,3,2,node_3_2,0.48122392308472745,1.0,0.9930352130406561,0.9743623343383042,0.9462836273836356,0.9062866395181466,0.8644983251932924,0.0,3,no_initial_change_stable,class_03,/Users/shunhao/Desktop/ML/lab/NEW/som_200h_reanalysis/02_selected_curve_database/main_high_quality_min10/x_time_h/10.1016_j.joule.2019.07.030/Fig5_B_mppt_stability_performance_curve_pce/accepted/10.1016_j.joule.2019.07.030__Fig5__B__mppt_stability_performance_curve_pce__w_o_DBL__Series_1.csv
x_time_h/10.1016_j.jphotochem.2018.02.018/Fig8_A_pce/accepted/10.1016_j.jphotochem.2018.02.018__Fig8__A__pce__PEDOT_PSS__Series_1.csv,10.1016/j.jphotochem.2018.02.018|Fig8_A_pce|10.1016_j.jphotochem.2018.02.018__Fig8__A__pce__PEDOT_PSS__Series_1,/Users/shunhao/Desktop/ML/lab/data_all/x_time_h/10.1016_j.jphotochem.2018.02.018/Fig8_A_pce/accepted/10.1016_j.jphotochem.2018.02.018__Fig8__A__pce__PEDOT_PSS__Series_1.csv,x_time_h/10.1016_j.jphotochem.2018.02.018/Fig8_A_pce/accepted/10.1016_j.jphotochem.2018.02.018__Fig8__A__pce__PEDOT_PSS__Series_1.csv,10.1016/j.jphotochem.2018.02.018,Fig8_A_pce,Series_1,60,60,17,0,717.3905576809412,206.70575390806783,True,1.062484434905918,0.9502008641534784,0.9035548392677352,826,14,3,2,node_3_2,0.6437144658496868,0.9502008641534784,0.9596367421988045,0.9999101664932325,0.9694837246779204,0.9359508772270737,0.9035548392677352,48.666666666666664,3,no_initial_change_stable,class_03,/Users/shunhao/Desktop/ML/lab/NEW/som_200h_reanalysis/02_selected_curve_database/main_high_quality_min10/x_time_h/10.1016_j.jphotochem.2018.02.018/Fig8_A_pce/accepted/10.1016_j.jphotochem.2018.02.018__Fig8__A__pce__PEDOT_PSS__Series_1.csv
x_time_h/10.1016_j.jpowsour.2021.230120/Fig5_whole_stability_performance_curve_pce/accepted/10.1016_j.jpowsour.2021.230120__Fig5__whole__stability_performance_curve_pce__Dopant-free__Series_1.csv,10.1016/j.jpowsour.2021.230120|Fig5_whole_stability_performance_curve_pce|10.1016_j.jpowsour.2021.230120__Fig5__whole__stability_performance_curve_pce__Dopant-free__Series_1,/Users/shunhao/Desktop/ML/lab/data_all/x_time_h/10.1016_j.jpowsour.2021.230120/Fig5_whole_stability_performance_curve_pce/accepted/10.1016_j.jpowsour.2021.230120__Fig5__whole__stability_performance_curve_pce__Dopant-free__Series_1.csv,x_time_h/10.1016_j.jpowsour.2021.230120/Fig5_whole_stability_performance_curve_pce/accepted/10.1016_j.jpowsour.2021.230120__Fig5__whole__stability_performance_curve_pce__Dopant-free__Series_1.csv,10.1016/j.jpowsour.2021.230120,Fig5_whole_stability_performance_curve_pce,Series_1,84,84,34,0,500.8723164859905,205.1766115725744,True,0.996240881101509,1.0,0.9207481720271964,837,14,3,2,node_3_2,0.3611066382087187,1.0,0.9976862010021259,0.9757160737120846,0.9553178922894301,0.9373615798741437,0.9207481720271965,0.0,3,no_initial_change_stable,class_03,/Users/shunhao/Desktop/ML/lab/NEW/som_200h_reanalysis/02_selected_curve_database/main_high_quality_min10/x_time_h/10.1016_j.jpowsour.2021.230120/Fig5_whole_stability_performance_curve_pce/accepted/10.1016_j.jpowsour.2021.230120__Fig5__whole__stability_performance_curve_pce__Dopant-free__Series_1.csv
x_time_h/10.1016_j.jpowsour.2021.230534/Fig4_A_stability_performance_curve_pce/accepted/10.1016_j.jpowsour.2021.230534__Fig4__A__stability_performance_curve_pce__Y6_treated'__Series_1.csv,10.1016/j.jpowsour.2021.230534|Fig4_A_stability_performance_curve_pce|10.1016_j.jpowsour.2021.230534__Fig4__A__stability_performance_curve_pce__Y6_treated'__Series_1,/Users/shunhao/Desktop/ML/lab/data_all/x_time_h/10.1016_j.jpowsour.2021.230534/Fig4_A_stability_performance_curve_pce/accepted/10.1016_j.jpowsour.2021.230534__Fig4__A__stability_performance_curve_pce__Y6_treated'__Series_1.csv,x_time_h/10.1016_j.jpowsour.2021.230534/Fig4_A_stability_performance_curve_pce/accepted/10.1016_j.jpowsour.2021.230534__Fig4__A__stability_performance_curve_pce__Y6_treated'__Series_1.csv,10.1016/j.jpowsour.2021.230534,Fig4_A_stability_performance_curve_pce,Series_1,74,74,14,0,1118.8780000406089,214.57934247354143,True,19.94413273893462,1.0,0.9104811079436086,842,14,3,2,node_3_2,0.3671077860710171,1.0,0.994546211749689,0.9623496472033489,0.9332926081565897,0.9242826239721267,0.9104811079436086,0.0,3,no_initial_change_stable,class_03,/Users/shunhao/Desktop/ML/lab/NEW/som_200h_reanalysis/02_selected_curve_database/main_high_quality_min10/x_time_h/10.1016_j.jpowsour.2021.230534/Fig4_A_stability_performance_curve_pce/accepted/10.1016_j.jpowsour.2021.230534__Fig4__A__stability_performance_curve_pce__Y6_treated'__Series_1.csv
x_time_h/10.1016_j.mtener.2021.100724/Fig6_C_curve/accepted/10.1016_j.mtener.2021.100724__Fig6__C__curve__→SnO2__Series_1.csv,10.1016/j.mtener.2021.100724|Fig6_C_curve|10.1016_j.mtener.2021.100724__Fig6__C__curve__→SnO2__Series_1,/Users/shunhao/Desktop/ML/lab/data_all/x_time_h/10.1016_j.mtener.2021.100724/Fig6_C_curve/accepted/10.1016_j.mtener.2021.100724__Fig6__C__curve__→SnO2__Series_1.csv,x_time_h/10.1016_j.mtener.2021.100724/Fig6_C_curve/accepted/10.1016_j.mtener.2021.100724__Fig6__C__curve__→SnO2__Series_1.csv,10.1016/j.mtener.2021.100724,Fig6_C_curve,Series_1,89,89,15,0,1199.1934524735896,204.40797485345277,True,1.0071007977562134,1.0,0.9016596523086656,846,14,3,2,node_3_2,0.15363471005856966,1.0,0.9964972268070225,0.9788702197430953,0.9539400127298074,0.9257964462728212,0.9016596523086655,0.0,3,no_initial_change_stable,class_03,/Users/shunhao/Desktop/ML/lab/NEW/som_200h_reanalysis/02_selected_curve_database/main_high_quality_min10/x_time_h/10.1016_j.mtener.2021.100724/Fig6_C_curve/accepted/10.1016_j.mtener.2021.100724__Fig6__C__curve__→SnO2__Series_1.csv
x_time_h/10.1016_j.nanoen.2019.03.044/Fig3_F_stability_performance_curve/accepted/10.1016_j.nanoen.2019.03.044__Fig3__F__stability_performance_curve__G-SnO2__Series_2.csv,10.1016/j.nanoen.2019.03.044|Fig3_F_stability_performance_curve|10.1016_j.nanoen.2019.03.044__Fig3__F__stability_performance_curve__G-SnO2__Series_2,/Users/shunhao/Desktop/ML/lab/data_all/x_time_h/10.1016_j.nanoen.2019.03.044/Fig3_F_stability_performance_curve/accepted/10.1016_j.nanoen.2019.03.044__Fig3__F__stability_performance_curve__G-SnO2__Series_2.csv,x_time_h/10.1016_j.nanoen.2019.03.044/Fig3_F_stability_performance_curve/accepted/10.1016_j.nanoen.2019.03.044__Fig3__F__stability_performance_curve__G-SnO2__Series_2.csv,10.1016/j.nanoen.2019.03.044,Fig3_F_stability_performance_curve,Series_2,67,67,14,0,999.4716776276867,212.0091437392063,True,1.0029987758740362,1.0,0.9060281122277224,861,14,3,2,node_3_2,0.38216976581835727,1.0,0.997667307485711,0.9820728637993057,0.9641944253667135,0.9371188327422558,0.9060281122277224,0.0,3,no_initial_change_stable,class_03,/Users/shunhao/Desktop/ML/lab/NEW/som_200h_reanalysis/02_selected_curve_database/main_high_quality_min10/x_time_h/10.1016_j.nanoen.2019.03.044/Fig3_F_stability_performance_curve/accepted/10.1016_j.nanoen.2019.03.044__Fig3__F__stability_performance_curve__G-SnO2__Series_2.csv
x_time_h/10.1016_j.nanoen.2019.103962/Fig5_B_stability_performance_curve/accepted/10.1016_j.nanoen.2019.103962__Fig5__B__stability_performance_curve__FAMA__Series_1.csv,10.1016/j.nanoen.2019.103962|Fig5_B_stability_performance_curve|10.1016_j.nanoen.2019.103962__Fig5__B__stability_performance_curve__FAMA__Series_1,/Users/shunhao/Desktop/ML/lab/data_all/x_time_h/10.1016_j.nanoen.2019.103962/Fig5_B_stability_performance_curve/accepted/10.1016_j.nanoen.2019.103962__Fig5__B__stability_performance_curve__FAMA__Series_1.csv,x_time_h/10.1016_j.nanoen.2019.103962/Fig5_B_stability_performance_curve/accepted/10.1016_j.nanoen.2019.103962__Fig5__B__stability_performance_curve__FAMA__Series_1.csv,10.1016/j.nanoen.2019.103962,Fig5_B_stability_performance_curve,Series_1,69,69,14,0,1011.0389765250068,208.15508340220725,True,0.9975953974611758,1.0,0.9115495024874366,866,14,3,2,node_3_2,0.2515923586126779,1.0,0.9978218896048249,0.9736565802866637,0.9510587653134366,0.9354185272673535,0.9115495024874366,0.0,3,no_initial_change_stable,class_03,/Users/shunhao/Desktop/ML/lab/NEW/som_200h_reanalysis/02_selected_curve_database/main_high_quality_min10/x_time_h/10.1016_j.nanoen.2019.103962/Fig5_B_stability_performance_curve/accepted/10.1016_j.nanoen.2019.103962__Fig5__B__stability_performance_curve__FAMA__Series_1.csv
x_time_h/10.1016_j.nanoen.2019.103962/Fig6_A_stability_performance_curve_structure/accepted/10.1016_j.nanoen.2019.103962__Fig6__A__stability_performance_curve_structure__FAMAfullPSCs__Series_3.csv,10.1016/j.nanoen.2019.103962|Fig6_A_stability_performance_curve_structure|10.1016_j.nanoen.2019.103962__Fig6__A__stability_performance_curve_structure__FAMAfullPSCs__Series_3,/Users/shunhao/Desktop/ML/lab/data_all/x_time_h/10.1016_j.nanoen.2019.103962/Fig6_A_stability_performance_curve_structure/accepted/10.1016_j.nanoen.2019.103962__Fig6__A__stability_performance_curve_structure__FAMAfullPSCs__Series_3.csv,x_time_h/10.1016_j.nanoen.2019.103962/Fig6_A_stability_performance_curve_structure/accepted/10.1016_j.nanoen.2019.103962__Fig6__A__stability_performance_curve_structure__FAMAfullPSCs__Series_3.csv,10.1016/j.nanoen.2019.103962,Fig6_A_stability_performance_curve_structure,Series_3,81,81,16,0,1006.2597272764788,201.25194545529573,True,1.001399511444229,1.0,0.9080703808847214,869,14,3,2,node_3_2,0.1942856968602439,1.0,0.9961460025694422,0.9697485957622715,0.9465782662201098,0.9303903371657267,0.9080703808847214,0.0,3,no_initial_change_stable,class_03,/Users/shunhao/Desktop/ML/lab/NEW/som_200h_reanalysis/02_selected_curve_database/main_high_quality_min10/x_time_h/10.1016_j.nanoen.2019.103962/Fig6_A_stability_performance_curve_structure/accepted/10.1016_j.nanoen.2019.103962__Fig6__A__stability_performance_curve_structure__FAMAfullPSCs__Series_3.csv
x_time_h/10.1016_j.nanoen.2019.104313/Fig5_C_stability_performance_curve_pce/accepted/10.1016_j.nanoen.2019.104313__Fig5__C__stability_performance_curve_pce__CH₃NH₃PbI₃__Series_1.csv,10.1016/j.nanoen.2019.104313|Fig5_C_stability_performance_curve_pce|10.1016_j.nanoen.2019.104313__Fig5__C__stability_performance_curve_pce__CH₃NH₃PbI₃__Series_1,/Users/shunhao/Desktop/ML/lab/data_all/x_time_h/10.1016_j.nanoen.2019.104313/Fig5_C_stability_performance_curve_pce/accepted/10.1016_j.nanoen.2019.104313__Fig5__C__stability_performance_curve_pce__CH₃NH₃PbI₃__Series_1.csv,x_time_h/10.1016_j.nanoen.2019.104313/Fig5_C_stability_performance_curve_pce/accepted/10.1016_j.nanoen.2019.104313__Fig5__C__stability_performance_curve_pce__CH₃NH₃PbI₃__Series_1.csv,10.1016/j.nanoen.2019.104313,Fig5_C_stability_performance_curve_pce,Series_1,68,68,52,0,261.70277432580315,203.11260096928004,True,1.005481082594216,1.0,0.8859586259372072,875,14,3,2,node_3_2,0.2724973388416615,1.0,0.99768223313292,0.9821220880748,0.9522503804369229,0.9295344540889243,0.8859586259372072,0.0,3,no_initial_change_stable,class_03,/Users/shunhao/Desktop/ML/lab/NEW/som_200h_reanalysis/02_selected_curve_database/main_high_quality_min10/x_time_h/10.1016_j.nanoen.2019.104313/Fig5_C_stability_performance_curve_pce/accepted/10.1016_j.nanoen.2019.104313__Fig5__C__stability_performance_curve_pce__CH₃NH₃PbI₃__Series_1.csv
x_time_h/10.1016_j.nanoen.2021.106286/Fig1_F_stability_performance_curve_pce/accepted/10.1016_j.nanoen.2021.106286__Fig1__F__stability_performance_curve_pce__Control__Series_2.csv,10.1016/j.nanoen.2021.106286|Fig1_F_stability_performance_curve_pce|10.1016_j.nanoen.2021.106286__Fig1__F__stability_performance_curve_pce__Control__Series_2,/Users/shunhao/Desktop/ML/lab/data_all/x_time_h/10.1016_j.nanoen.2021.106286/Fig1_F_stability_performance_curve_pce/accepted/10.1016_j.nanoen.2021.106286__Fig1__F__stability_performance_curve_pce__Control__Series_2.csv,x_time_h/10.1016_j.nanoen.2021.106286/Fig1_F_stability_performance_curve_pce/accepted/10.1016_j.nanoen.2021.106286__Fig1__F__stability_performance_curve_pce__Control__Series_2.csv,10.1016/j.nanoen.2021.106286,Fig1_F_stability_performance_curve_pce,Series_2,50,50,10,0,995.242481225434,203.1107104541702,True,0.9854856139626792,1.0,0.9299772576225572,892,14,3,2,node_3_2,0.40239518302762434,1.0,0.9946600072748786,0.9738820762361554,0.9542173287138886,0.9365838402527872,0.9299772576225572,0.0,3,no_initial_change_stable,class_03,/Users/shunhao/Desktop/ML/lab/NEW/som_200h_reanalysis/02_selected_curve_database/main_high_quality_min10/x_time_h/10.1016_j.nanoen.2021.106286/Fig1_F_stability_performance_curve_pce/accepted/10.1016_j.nanoen.2021.106286__Fig1__F__stability_performance_curve_pce__Control__Series_2.csv
x_time_h/10.1016_j.nantod.2021.101164/Fig6_A_stability_performance_curve_pce/accepted/10.1016_j.nantod.2021.101164__Fig6__A__stability_performance_curve_pce__o—wlo__Series_1.csv,10.1016/j.nantod.2021.101164|Fig6_A_stability_performance_curve_pce|10.1016_j.nantod.2021.101164__Fig6__A__stability_performance_curve_pce__o—wlo__Series_1,/Users/shunhao/Desktop/ML/lab/data_all/x_time_h/10.1016_j.nantod.2021.101164/Fig6_A_stability_performance_curve_pce/accepted/10.1016_j.nantod.2021.101164__Fig6__A__stability_performance_curve_pce__o—wlo__Series_1.csv,x_time_h/10.1016_j.nantod.2021.101164/Fig6_A_stability_performance_curve_pce/accepted/10.1016_j.nantod.2021.101164__Fig6__A__stability_performance_curve_pce__o—wlo__Series_1.csv,10.1016/j.nantod.2021.101164,Fig6_A_stability_performance_curve_pce,Series_1,99,99,15,0,1368.7605989269173,209.5041733051404,True,0.9814256300866636,1.0,0.922549903219414,897,14,3,2,node_3_2,0.3837855544053742,1.0,0.9924231219166257,0.9632346256673329,0.9376065973227814,0.9257683667721799,0.9225499032194139,0.0,3,no_initial_change_stable,class_03,/Users/shunhao/Desktop/ML/lab/NEW/som_200h_reanalysis/02_selected_curve_database/main_high_quality_min10/x_time_h/10.1016_j.nantod.2021.101164/Fig6_A_stability_performance_curve_pce/accepted/10.1016_j.nantod.2021.101164__Fig6__A__stability_performance_curve_pce__o—wlo__Series_1.csv
x_time_h/10.1016_j.orgel.2019.03.002/Fig6_whole_stability/accepted/10.1016_j.orgel.2019.03.002__Fig6__whole__stability__C₆₀__Series_2.csv,10.1016/j.orgel.2019.03.002|Fig6_whole_stability|10.1016_j.orgel.2019.03.002__Fig6__whole__stability__C₆₀__Series_2,/Users/shunhao/Desktop/ML/lab/data_all/x_time_h/10.1016_j.orgel.2019.03.002/Fig6_whole_stability/accepted/10.1016_j.orgel.2019.03.002__Fig6__whole__stability__C₆₀__Series_2.csv,x_time_h/10.1016_j.orgel.2019.03.002/Fig6_whole_stability/accepted/10.1016_j.orgel.2019.03.002__Fig6__whole__stability__C₆₀__Series_2.csv,10.1016/j.orgel.2019.03.002,Fig6_whole_stability,Series_2,79,79,23,0,690.5069737328993,203.61103071611137,True,1.0023077301175125,1.0,0.8822098255575596,907,14,3,2,node_3_2,0.5079781696284414,1.0,0.9962050472215878,0.9817509237333248,0.944905657944576,0.9018699876623321,0.8822098255575596,0.0,3,no_initial_change_stable,class_03,/Users/shunhao/Desktop/ML/lab/NEW/som_200h_reanalysis/02_selected_curve_database/main_high_quality_min10/x_time_h/10.1016_j.orgel.2019.03.002/Fig6_whole_stability/accepted/10.1016_j.orgel.2019.03.002__Fig6__whole__stability__C₆₀__Series_2.csv
x_time_h/10.1016_j.solener.2020.04.021/Fig5_whole_stability/accepted/10.1016_j.solener.2020.04.021__Fig5__whole__stability__Spin_coating__Series_2.csv,10.1016/j.solener.2020.04.021|Fig5_whole_stability|10.1016_j.solener.2020.04.021__Fig5__whole__stability__Spin_coating__Series_2,/Users/shunhao/Desktop/ML/lab/data_all/x_time_h/10.1016_j.solener.2020.04.021/Fig5_whole_stability/accepted/10.1016_j.solener.2020.04.021__Fig5__whole__stability__Spin_coating__Series_2.csv,x_time_h/10.1016_j.solener.2020.04.021/Fig5_whole_stability/accepted/10.1016_j.solener.2020.04.021__Fig5__whole__stability__Spin_coating__Series_2.csv,10.1016/j.solener.2020.04.021,Fig5_whole_stability,Series_2,81,81,22,0,747.8769154782906,205.66615175652993,True,0.9816847343169416,1.0,0.9214120347214868,930,14,3,2,node_3_2,0.3916819021393067,1.0,0.9948307680831215,0.9762068406491221,0.9574843930095874,0.9402106175406498,0.9214120347214868,0.0,3,no_initial_change_stable,class_03,/Users/shunhao/Desktop/ML/lab/NEW/som_200h_reanalysis/02_selected_curve_database/main_high_quality_min10/x_time_h/10.1016_j.solener.2020.04.021/Fig5_whole_stability/accepted/10.1016_j.solener.2020.04.021__Fig5__whole__stability__Spin_coating__Series_2.csv
x_time_h/10.1016_j.solener.2020.06.057/Fig7_A_stability_performance_curve_pce/accepted/10.1016_j.solener.2020.06.057__Fig7__A__stability_performance_curve_pce__Controlled__Series_1.csv,10.1016/j.solener.2020.06.057|Fig7_A_stability_performance_curve_pce|10.1016_j.solener.2020.06.057__Fig7__A__stability_performance_curve_pce__Controlled__Series_1,/Users/shunhao/Desktop/ML/lab/data_all/x_time_h/10.1016_j.solener.2020.06.057/Fig7_A_stability_performance_curve_pce/accepted/10.1016_j.solener.2020.06.057__Fig7__A__stability_performance_curve_pce__Controlled__Series_1.csv,x_time_h/10.1016_j.solener.2020.06.057/Fig7_A_stability_performance_curve_pce/accepted/10.1016_j.solener.2020.06.057__Fig7__A__stability_performance_curve_pce__Controlled__Series_1.csv,10.1016/j.solener.2020.06.057,Fig7_A_stability_performance_curve_pce,Series_1,29,29,15,0,379.91926927434423,203.52817996839863,True,1.000634178216292,0.9976379370976804,0.8611229629613594,932,14,3,2,node_3_2,0.7327470642844575,0.9976379370976804,0.9999676778095457,0.9939817422787204,0.9800927277126679,0.9317071311782258,0.8611229629613594,11.0,3,no_initial_change_stable,class_03,/Users/shunhao/Desktop/ML/lab/NEW/som_200h_reanalysis/02_selected_curve_database/main_high_quality_min10/x_time_h/10.1016_j.solener.2020.06.057/Fig7_A_stability_performance_curve_pce/accepted/10.1016_j.solener.2020.06.057__Fig7__A__stability_performance_curve_pce__Controlled__Series_1.csv
x_time_h/10.1016_j.solener.2020.12.002/Fig5_B_stability_performance_curve_pce/accepted/10.1016_j.solener.2020.12.002__Fig5__B__stability_performance_curve_pce__H2O-SnO2$__Series_1.csv,10.1016/j.solener.2020.12.002|Fig5_B_stability_performance_curve_pce|10.1016_j.solener.2020.12.002__Fig5__B__stability_performance_curve_pce__H2O-SnO2$__Series_1,/Users/shunhao/Desktop/ML/lab/data_all/x_time_h/10.1016_j.solener.2020.12.002/Fig5_B_stability_performance_curve_pce/accepted/10.1016_j.solener.2020.12.002__Fig5__B__stability_performance_curve_pce__H2O-SnO2$__Series_1.csv,x_time_h/10.1016_j.solener.2020.12.002/Fig5_B_stability_performance_curve_pce/accepted/10.1016_j.solener.2020.12.002__Fig5__B__stability_performance_curve_pce__H2O-SnO2$__Series_1.csv,10.1016/j.solener.2020.12.002,Fig5_B_stability_performance_curve_pce,Series_1,82,82,54,0,301.8216421195613,201.21442807970757,True,1.00197944020003,1.0,0.9116908977267169,935,14,3,2,node_3_2,0.15924983217893893,1.0,0.990340753681691,0.9668212287095582,0.9496280610516206,0.9249565514127747,0.9116908977267169,0.0,3,no_initial_change_stable,class_03,/Users/shunhao/Desktop/ML/lab/NEW/som_200h_reanalysis/02_selected_curve_database/main_high_quality_min10/x_time_h/10.1016_j.solener.2020.12.002/Fig5_B_stability_performance_curve_pce/accepted/10.1016_j.solener.2020.12.002__Fig5__B__stability_performance_curve_pce__H2O-SnO2$__Series_1.csv
x_time_h/10.1016_j.solener.2021.02.035/Fig6_A_stability_performance_curve_pce/accepted/10.1016_j.solener.2021.02.035__Fig6__A__stability_performance_curve_pce__Series_1__Series_1.csv,10.1016/j.solener.2021.02.035|Fig6_A_stability_performance_curve_pce|10.1016_j.solener.2021.02.035__Fig6__A__stability_performance_curve_pce__Series_1__Series_1,/Users/shunhao/Desktop/ML/lab/data_all/x_time_h/10.1016_j.solener.2021.02.035/Fig6_A_stability_performance_curve_pce/accepted/10.1016_j.solener.2021.02.035__Fig6__A__stability_performance_curve_pce__Series_1__Series_1.csv,x_time_h/10.1016_j.solener.2021.02.035/Fig6_A_stability_performance_curve_pce/accepted/10.1016_j.solener.2021.02.035__Fig6__A__stability_performance_curve_pce__Series_1__Series_1.csv,10.1016/j.solener.2021.02.035,Fig6_A_stability_performance_curve_pce,Series_1,55,55,10,0,1082.207284313015,200.40875635426204,True,1.0030720851083852,1.0,0.890216954254621,936,14,3,2,node_3_2,0.21249888631552546,1.0,0.9959276272778472,0.975147128307836,0.9468531317455755,0.918561325464631,0.890216954254621,0.0,3,no_initial_change_stable,class_03,/Users/shunhao/Desktop/ML/lab/NEW/som_200h_reanalysis/02_selected_curve_database/main_high_quality_min10/x_time_h/10.1016_j.solener.2021.02.035/Fig6_A_stability_performance_curve_pce/accepted/10.1016_j.solener.2021.02.035__Fig6__A__stability_performance_curve_pce__Series_1__Series_1.csv
x_time_h/10.1016_j.solmat.2015.09.054/Fig9_whole_figure/accepted/10.1016_j.solmat.2015.09.054__Fig9__whole__figure__ZnO-SnO₂__Series_2.csv,10.1016/j.solmat.2015.09.054|Fig9_whole_figure|10.1016_j.solmat.2015.09.054__Fig9__whole__figure__ZnO-SnO₂__Series_2,/Users/shunhao/Desktop/ML/lab/data_all/x_time_h/10.1016_j.solmat.2015.09.054/Fig9_whole_figure/accepted/10.1016_j.solmat.2015.09.054__Fig9__whole__figure__ZnO-SnO₂__Series_2.csv,x_time_h/10.1016_j.solmat.2015.09.054/Fig9_whole_figure/accepted/10.1016_j.solmat.2015.09.054__Fig9__whole__figure__ZnO-SnO₂__Series_2.csv,10.1016/j.solmat.2015.09.054,Fig9_whole_figure,Series_2,59,59,17,0,695.7128896256704,203.91584695924823,True,1.0910353256446923,0.9264408391109376,0.8737816714568966,938,14,3,2,node_3_2,0.8082148523375011,0.9264408391109376,0.9370337203380832,0.999138345624568,0.9637756087651502,0.9168786050110381,0.8737816714568966,53.166666666666664,3,no_initial_change_stable,class_03,/Users/shunhao/Desktop/ML/lab/NEW/som_200h_reanalysis/02_selected_curve_database/main_high_quality_min10/x_time_h/10.1016_j.solmat.2015.09.054/Fig9_whole_figure/accepted/10.1016_j.solmat.2015.09.054__Fig9__whole__figure__ZnO-SnO₂__Series_2.csv
x_time_h/10.1021_acs.jpcc.0c09794/Fig1_B_stability_performance_curve_pce/accepted/10.1021_acs.jpcc.0c09794__Fig1__B__stability_performance_curve_pce__Pristine__Series_1.csv,10.1021/acs.jpcc.0c09794|Fig1_B_stability_performance_curve_pce|10.1021_acs.jpcc.0c09794__Fig1__B__stability_performance_curve_pce__Pristine__Series_1,/Users/shunhao/Desktop/ML/lab/data_all/x_time_h/10.1021_acs.jpcc.0c09794/Fig1_B_stability_performance_curve_pce/accepted/10.1021_acs.jpcc.0c09794__Fig1__B__stability_performance_curve_pce__Pristine__Series_1.csv,x_time_h/10.1021_acs.jpcc.0c09794/Fig1_B_stability_performance_curve_pce/accepted/10.1021_acs.jpcc.0c09794__Fig1__B__stability_performance_curve_pce__Pristine__Series_1.csv,10.1021/acs.jpcc.0c09794,Fig1_B_stability_performance_curve_pce,Series_1,58,58,12,0,991.5616852983557,208.7498284838644,True,16.35658384879112,1.0,0.9152597342110704,963,14,3,2,node_3_2,0.2327159933075913,1.0,0.9956923862844936,0.9801855974276915,0.9459380821953274,0.9260780519096131,0.9152597342110704,0.0,3,no_initial_change_stable,class_03,/Users/shunhao/Desktop/ML/lab/NEW/som_200h_reanalysis/02_selected_curve_database/main_high_quality_min10/x_time_h/10.1021_acs.jpcc.0c09794/Fig1_B_stability_performance_curve_pce/accepted/10.1021_acs.jpcc.0c09794__Fig1__B__stability_performance_curve_pce__Pristine__Series_1.csv
x_time_h/10.1021_acsaem.0c00710/Fig8_D_photovoltaic_parameter/accepted/10.1021_acsaem.0c00710__Fig8__D__photovoltaic_parameter__TiO₂__Series_1.csv,10.1021/acsaem.0c00710|Fig8_D_photovoltaic_parameter|10.1021_acsaem.0c00710__Fig8__D__photovoltaic_parameter__TiO₂__Series_1,/Users/shunhao/Desktop/ML/lab/data_all/x_time_h/10.1021_acsaem.0c00710/Fig8_D_photovoltaic_parameter/accepted/10.1021_acsaem.0c00710__Fig8__D__photovoltaic_parameter__TiO₂__Series_1.csv,x_time_h/10.1021_acsaem.0c00710/Fig8_D_photovoltaic_parameter/accepted/10.1021_acsaem.0c00710__Fig8__D__photovoltaic_parameter__TiO₂__Series_1.csv,10.1021/acsaem.0c00710,Fig8_D_photovoltaic_parameter,Series_1,66,66,14,0,998.028132414844,214.95990544319716,True,16.147384103820002,0.9234031486591996,0.8598018853294327,977,14,3,2,node_3_2,1.0249975579513837,0.9234031486591995,0.940343250695455,0.9783402497382924,0.991070867995706,0.9327628925869269,0.8598018853294327,84.5,3,no_initial_change_stable,class_03,/Users/shunhao/Desktop/ML/lab/NEW/som_200h_reanalysis/02_selected_curve_database/main_high_quality_min10/x_time_h/10.1021_acsaem.0c00710/Fig8_D_photovoltaic_parameter/accepted/10.1021_acsaem.0c00710__Fig8__D__photovoltaic_parameter__TiO₂__Series_1.csv
x_time_h/10.1021_acsaem.0c02213/Fig7_B_stability_performance_curve_pce/accepted/10.1021_acsaem.0c02213__Fig7__B__stability_performance_curve_pce__Standard(30NR-D)__Series_2.csv,10.1021/acsaem.0c02213|Fig7_B_stability_performance_curve_pce|10.1021_acsaem.0c02213__Fig7__B__stability_performance_curve_pce__Standard(30NR-D)__Series_2,/Users/shunhao/Desktop/ML/lab/data_all/x_time_h/10.1021_acsaem.0c02213/Fig7_B_stability_performance_curve_pce/accepted/10.1021_acsaem.0c02213__Fig7__B__stability_performance_curve_pce__Standard(30NR-D)__Series_2.csv,x_time_h/10.1021_acsaem.0c02213/Fig7_B_stability_performance_curve_pce/accepted/10.1021_acsaem.0c02213__Fig7__B__stability_performance_curve_pce__Standard(30NR-D)__Series_2.csv,10.1021/acsaem.0c02213,Fig7_B_stability_performance_curve_pce,Series_2,66,66,19,0,720.2483459336574,210.53413188829984,True,1.0070836296948222,1.0,0.9094572425650034,982,14,3,2,node_3_2,0.310347820325651,1.0,0.998110873256108,0.9801402363799968,0.9580765658633434,0.9362508389595301,0.9094572425650034,0.0,3,no_initial_change_stable,class_03,/Users/shunhao/Desktop/ML/lab/NEW/som_200h_reanalysis/02_selected_curve_database/main_high_quality_min10/x_time_h/10.1021_acsaem.0c02213/Fig7_B_stability_performance_curve_pce/accepted/10.1021_acsaem.0c02213__Fig7__B__stability_performance_curve_pce__Standard(30NR-D)__Series_2.csv
x_time_h/10.1021_acsaem.8b00060/Fig6_C_stability_performance_curve/accepted/10.1021_acsaem.8b00060__Fig6__C__stability_performance_curve__MAPbI₃__Series_2.csv,10.1021/acsaem.8b00060|Fig6_C_stability_performance_curve|10.1021_acsaem.8b00060__Fig6__C__stability_performance_curve__MAPbI₃__Series_2,/Users/shunhao/Desktop/ML/lab/data_all/x_time_h/10.1021_acsaem.8b00060/Fig6_C_stability_performance_curve/accepted/10.1021_acsaem.8b00060__Fig6__C__stability_performance_curve__MAPbI₃__Series_2.csv,x_time_h/10.1021_acsaem.8b00060/Fig6_C_stability_performance_curve/accepted/10.1021_acsaem.8b00060__Fig6__C__stability_performance_curve__MAPbI₃__Series_2.csv,10.1021/acsaem.8b00060,Fig6_C_stability_performance_curve,Series_2,61,61,23,0,538.4831638481554,206.41854614179297,True,0.99967996777867,1.0,0.9151844201381372,994,14,3,2,node_3_2,0.2190833102302847,1.0,0.997026895429335,0.9775373314465642,0.9471354543161202,0.9243365471796977,0.9151844201381373,0.0,3,no_initial_change_stable,class_03,/Users/shunhao/Desktop/ML/lab/NEW/som_200h_reanalysis/02_selected_curve_database/main_high_quality_min10/x_time_h/10.1021_acsaem.8b00060/Fig6_C_stability_performance_curve/accepted/10.1021_acsaem.8b00060__Fig6__C__stability_performance_curve__MAPbI₃__Series_2.csv
x_time_h/10.1021_acsaem.9b01004/Fig4_A_stability_performance_curve_pce/accepted/10.1021_acsaem.9b01004__Fig4__A__stability_performance_curve_pce__MoOx__Series_1.csv,10.1021/acsaem.9b01004|Fig4_A_stability_performance_curve_pce|10.1021_acsaem.9b01004__Fig4__A__stability_performance_curve_pce__MoOx__Series_1,/Users/shunhao/Desktop/ML/lab/data_all/x_time_h/10.1021_acsaem.9b01004/Fig4_A_stability_performance_curve_pce/accepted/10.1021_acsaem.9b01004__Fig4__A__stability_performance_curve_pce__MoOx__Series_1.csv,x_time_h/10.1021_acsaem.9b01004/Fig4_A_stability_performance_curve_pce/accepted/10.1021_acsaem.9b01004__Fig4__A__stability_performance_curve_pce__MoOx__Series_1.csv,10.1021/acsaem.9b01004,Fig4_A_stability_performance_curve_pce,Series_1,49,49,29,0,334.6760416669684,202.2001085071267,True,0.9995048907389964,1.0,0.8538213298222183,997,14,3,2,node_3_2,0.5481330883136624,1.0,0.9952156279992297,0.9850513892373947,0.9632985376479032,0.9405630474276906,0.8538213298222183,0.0,3,no_initial_change_stable,class_03,/Users/shunhao/Desktop/ML/lab/NEW/som_200h_reanalysis/02_selected_curve_database/main_high_quality_min10/x_time_h/10.1021_acsaem.9b01004/Fig4_A_stability_performance_curve_pce/accepted/10.1021_acsaem.9b01004__Fig4__A__stability_performance_curve_pce__MoOx__Series_1.csv
x_time_h/10.1021_acsami.0c01311/Fig5_E_stability_performance_curve_pce/accepted/10.1021_acsami.0c01311__Fig5__E__stability_performance_curve_pce__FASnI₃__Series_1.csv,10.1021/acsami.0c01311|Fig5_E_stability_performance_curve_pce|10.1021_acsami.0c01311__Fig5__E__stability_performance_curve_pce__FASnI₃__Series_1,/Users/shunhao/Desktop/ML/lab/data_all/x_time_h/10.1021_acsami.0c01311/Fig5_E_stability_performance_curve_pce/accepted/10.1021_acsami.0c01311__Fig5__E__stability_performance_curve_pce__FASnI₃__Series_1.csv,x_time_h/10.1021_acsami.0c01311/Fig5_E_stability_performance_curve_pce/accepted/10.1021_acsami.0c01311__Fig5__E__stability_performance_curve_pce__FASnI₃__Series_1.csv,10.1021/acsami.0c01311,Fig5_E_stability_performance_curve_pce,Series_1,59,59,15,0,799.3085436713641,206.71772681155971,True,1.001610154612906,1.0,0.9272421702615116,1001,14,3,2,node_3_2,0.6957781686729916,1.0,0.991305807226979,0.9472622213474216,0.9276018792338494,0.930267062704146,0.9272421702615116,0.0,3,no_initial_change_stable,class_03,/Users/shunhao/Desktop/ML/lab/NEW/som_200h_reanalysis/02_selected_curve_database/main_high_quality_min10/x_time_h/10.1021_acsami.0c01311/Fig5_E_stability_performance_curve_pce/accepted/10.1021_acsami.0c01311__Fig5__E__stability_performance_curve_pce__FASnI₃__Series_1.csv
x_time_h/10.1021_acsami.0c04938/Fig6_A_stability_performance_curve_pce/accepted/10.1021_acsami.0c04938__Fig6__A__stability_performance_curve_pce__Pristine_CsPbIBr₂__Series_2.csv,10.1021/acsami.0c04938|Fig6_A_stability_performance_curve_pce|10.1021_acsami.0c04938__Fig6__A__stability_performance_curve_pce__Pristine_CsPbIBr₂__Series_2,/Users/shunhao/Desktop/ML/lab/data_all/x_time_h/10.1021_acsami.0c04938/Fig6_A_stability_performance_curve_pce/accepted/10.1021_acsami.0c04938__Fig6__A__stability_performance_curve_pce__Pristine_CsPbIBr₂__Series_2.csv,x_time_h/10.1021_acsami.0c04938/Fig6_A_stability_performance_curve_pce/accepted/10.1021_acsami.0c04938__Fig6__A__stability_performance_curve_pce__Pristine_CsPbIBr₂__Series_2.csv,10.1021/acsami.0c04938,Fig6_A_stability_performance_curve_pce,Series_2,67,67,14,0,990.9736180879992,210.2065250489695,True,0.9975950088826496,1.0,0.9531704158923566,1004,14,3,2,node_3_2,0.6388540405137786,1.0,0.9988994782962627,0.970234760444516,0.9392033776614334,0.9403597212584058,0.9531704158923566,0.0,3,no_initial_change_stable,class_03,/Users/shunhao/Desktop/ML/lab/NEW/som_200h_reanalysis/02_selected_curve_database/main_high_quality_min10/x_time_h/10.1021_acsami.0c04938/Fig6_A_stability_performance_curve_pce/accepted/10.1021_acsami.0c04938__Fig6__A__stability_performance_curve_pce__Pristine_CsPbIBr₂__Series_2.csv
x_time_h/10.1021_acsami.0c04975/Fig6_A_stability_performance_curve_pce/accepted/10.1021_acsami.0c04975__Fig6__A__stability_performance_curve_pce__Control__Series_1.csv,10.1021/acsami.0c04975|Fig6_A_stability_performance_curve_pce|10.1021_acsami.0c04975__Fig6__A__stability_performance_curve_pce__Control__Series_1,/Users/shunhao/Desktop/ML/lab/data_all/x_time_h/10.1021_acsami.0c04975/Fig6_A_stability_performance_curve_pce/accepted/10.1021_acsami.0c04975__Fig6__A__stability_performance_curve_pce__Control__Series_1.csv,x_time_h/10.1021_acsami.0c04975/Fig6_A_stability_performance_curve_pce/accepted/10.1021_acsami.0c04975__Fig6__A__stability_performance_curve_pce__Control__Series_1.csv,10.1021/acsami.0c04975,Fig6_A_stability_performance_curve_pce,Series_1,60,60,20,0,598.0135355436472,202.71645272666004,True,1.0015685861312589,1.0,0.9073152483342624,1007,14,3,2,node_3_2,0.26767918605341506,1.0,0.9931449520166821,0.9749449532239634,0.9564804556709493,0.9363639654699865,0.9073152483342625,0.0,3,no_initial_change_stable,class_03,/Users/shunhao/Desktop/ML/lab/NEW/som_200h_reanalysis/02_selected_curve_database/main_high_quality_min10/x_time_h/10.1021_acsami.0c04975/Fig6_A_stability_performance_curve_pce/accepted/10.1021_acsami.0c04975__Fig6__A__stability_performance_curve_pce__Control__Series_1.csv
x_time_h/10.1021_acsami.0c06823/Fig4_A_stability_performance_curve_pce/accepted/10.1021_acsami.0c06823__Fig4__A__stability_performance_curve_pce__SCL__Series_2.csv,10.1021/acsami.0c06823|Fig4_A_stability_performance_curve_pce|10.1021_acsami.0c06823__Fig4__A__stability_performance_curve_pce__SCL__Series_2,/Users/shunhao/Desktop/ML/lab/data_all/x_time_h/10.1021_acsami.0c06823/Fig4_A_stability_performance_curve_pce/accepted/10.1021_acsami.0c06823__Fig4__A__stability_performance_curve_pce__SCL__Series_2.csv,x_time_h/10.1021_acsami.0c06823/Fig4_A_stability_performance_curve_pce/accepted/10.1021_acsami.0c06823__Fig4__A__stability_performance_curve_pce__SCL__Series_2.csv,10.1021/acsami.0c06823,Fig4_A_stability_performance_curve_pce,Series_2,66,66,14,0,950.899378638638,204.8090969375528,True,0.9986486691051004,1.0,0.9058963177997068,1013,14,3,2,node_3_2,0.23367978302213033,1.0,0.9918144173225795,0.9666399236588396,0.9374537801456924,0.9260845934706313,0.9058963177997068,0.0,3,no_initial_change_stable,class_03,/Users/shunhao/Desktop/ML/lab/NEW/som_200h_reanalysis/02_selected_curve_database/main_high_quality_min10/x_time_h/10.1021_acsami.0c06823/Fig4_A_stability_performance_curve_pce/accepted/10.1021_acsami.0c06823__Fig4__A__stability_performance_curve_pce__SCL__Series_2.csv
x_time_h/10.1021_acsami.0c15676/Fig9_whole_stability/accepted/10.1021_acsami.0c15676__Fig9__whole__stability__V-1__Series_3.csv,10.1021/acsami.0c15676|Fig9_whole_stability|10.1021_acsami.0c15676__Fig9__whole__stability__V-1__Series_3,/Users/shunhao/Desktop/ML/lab/data_all/x_time_h/10.1021_acsami.0c15676/Fig9_whole_stability/accepted/10.1021_acsami.0c15676__Fig9__whole__stability__V-1__Series_3.csv,x_time_h/10.1021_acsami.0c15676/Fig9_whole_stability/accepted/10.1021_acsami.0c15676__Fig9__whole__stability__V-1__Series_3.csv,10.1021/acsami.0c15676,Fig9_whole_stability,Series_3,44,44,30,0,293.8146990988337,204.98699937127935,True,0.9637217000338384,0.9996394521046856,0.8941808144573067,1021,14,3,2,node_3_2,0.32193387536526696,0.9996394521046855,0.9986605669776882,0.9814064625326246,0.9662719541014851,0.9306310514106814,0.8941808144573067,3.333333333333333,3,no_initial_change_stable,class_03,/Users/shunhao/Desktop/ML/lab/NEW/som_200h_reanalysis/02_selected_curve_database/main_high_quality_min10/x_time_h/10.1021_acsami.0c15676/Fig9_whole_stability/accepted/10.1021_acsami.0c15676__Fig9__whole__stability__V-1__Series_3.csv
x_time_h/10.1021_acsami.1c19587/Fig4_G_stability_performance_curve_pce/accepted/10.1021_acsami.1c19587__Fig4__G__stability_performance_curve_pce__PTI-30__Series_1.csv,10.1021/acsami.1c19587|Fig4_G_stability_performance_curve_pce|10.1021_acsami.1c19587__Fig4__G__stability_performance_curve_pce__PTI-30__Series_1,/Users/shunhao/Desktop/ML/lab/data_all/x_time_h/10.1021_acsami.1c19587/Fig4_G_stability_performance_curve_pce/accepted/10.1021_acsami.1c19587__Fig4__G__stability_performance_curve_pce__PTI-30__Series_1.csv,x_time_h/10.1021_acsami.1c19587/Fig4_G_stability_performance_curve_pce/accepted/10.1021_acsami.1c19587__Fig4__G__stability_performance_curve_pce__PTI-30__Series_1.csv,10.1021/acsami.1c19587,Fig4_G_stability_performance_curve_pce,Series_1,70,70,28,0,494.5912954139531,200.7037140810245,True,1.0453008051908643,0.957612870839854,0.8655479734556131,1033,14,3,2,node_3_2,0.6632350802775682,0.9576128708398539,0.9704440315378295,0.9994860691703744,0.963513723579493,0.9428839132752583,0.8655479734556131,46.0,3,no_initial_change_stable,class_03,/Users/shunhao/Desktop/ML/lab/NEW/som_200h_reanalysis/02_selected_curve_database/main_high_quality_min10/x_time_h/10.1021_acsami.1c19587/Fig4_G_stability_performance_curve_pce/accepted/10.1021_acsami.1c19587__Fig4__G__stability_performance_curve_pce__PTI-30__Series_1.csv
x_time_h/10.1021_acsami.1c19587/Fig4_G_stability_performance_curve_pce/accepted/10.1021_acsami.1c19587__Fig4__G__stability_performance_curve_pce__Reference__Series_2.csv,10.1021/acsami.1c19587|Fig4_G_stability_performance_curve_pce|10.1021_acsami.1c19587__Fig4__G__stability_performance_curve_pce__Reference__Series_2,/Users/shunhao/Desktop/ML/lab/data_all/x_time_h/10.1021_acsami.1c19587/Fig4_G_stability_performance_curve_pce/accepted/10.1021_acsami.1c19587__Fig4__G__stability_performance_curve_pce__Reference__Series_2.csv,x_time_h/10.1021_acsami.1c19587/Fig4_G_stability_performance_curve_pce/accepted/10.1021_acsami.1c19587__Fig4__G__stability_performance_curve_pce__Reference__Series_2.csv,10.1021/acsami.1c19587,Fig4_G_stability_performance_curve_pce,Series_2,70,70,28,0,494.5912954139531,200.7037140810245,True,1.0315117400422118,0.9761955461457236,0.8287632817769178,1034,14,3,2,node_3_2,0.8637126766932454,0.9761955461457237,0.9796455125953226,0.999353723374916,0.9648736190647523,0.9325401270384817,0.8287632817769178,45.83333333333333,3,no_initial_change_stable,class_03,/Users/shunhao/Desktop/ML/lab/NEW/som_200h_reanalysis/02_selected_curve_database/main_high_quality_min10/x_time_h/10.1021_acsami.1c19587/Fig4_G_stability_performance_curve_pce/accepted/10.1021_acsami.1c19587__Fig4__G__stability_performance_curve_pce__Reference__Series_2.csv
x_time_h/10.1021_acsami.1c19587/Fig4_H_stability_performance_curve_pce/accepted/10.1021_acsami.1c19587__Fig4__H__stability_performance_curve_pce__Reference__Series_2.csv,10.1021/acsami.1c19587|Fig4_H_stability_performance_curve_pce|10.1021_acsami.1c19587__Fig4__H__stability_performance_curve_pce__Reference__Series_2,/Users/shunhao/Desktop/ML/lab/data_all/x_time_h/10.1021_acsami.1c19587/Fig4_H_stability_performance_curve_pce/accepted/10.1021_acsami.1c19587__Fig4__H__stability_performance_curve_pce__Reference__Series_2.csv,x_time_h/10.1021_acsami.1c19587/Fig4_H_stability_performance_curve_pce/accepted/10.1021_acsami.1c19587__Fig4__H__stability_performance_curve_pce__Reference__Series_2.csv,10.1021/acsami.1c19587,Fig4_H_stability_performance_curve_pce,Series_2,70,70,28,0,494.02171498591974,200.4725799942863,True,1.0023235199842662,1.0,0.895047465340496,1036,14,3,2,node_3_2,0.2528436734774708,1.0,0.9936512570980438,0.9662333059415795,0.9444017886671401,0.9146210349429277,0.895047465340496,0.0,3,no_initial_change_stable,class_03,/Users/shunhao/Desktop/ML/lab/NEW/som_200h_reanalysis/02_selected_curve_database/main_high_quality_min10/x_time_h/10.1021_acsami.1c19587/Fig4_H_stability_performance_curve_pce/accepted/10.1021_acsami.1c19587__Fig4__H__stability_performance_curve_pce__Reference__Series_2.csv
x_time_h/10.1021_acsami.8b12678/Fig7_D_stability_performance_curve_pce/accepted/10.1021_acsami.8b12678__Fig7__D__stability_performance_curve_pce__POZ9__Series_1.csv,10.1021/acsami.8b12678|Fig7_D_stability_performance_curve_pce|10.1021_acsami.8b12678__Fig7__D__stability_performance_curve_pce__POZ9__Series_1,/Users/shunhao/Desktop/ML/lab/data_all/x_time_h/10.1021_acsami.8b12678/Fig7_D_stability_performance_curve_pce/accepted/10.1021_acsami.8b12678__Fig7__D__stability_performance_curve_pce__POZ9__Series_1.csv,x_time_h/10.1021_acsami.8b12678/Fig7_D_stability_performance_curve_pce/accepted/10.1021_acsami.8b12678__Fig7__D__stability_performance_curve_pce__POZ9__Series_1.csv,10.1021/acsami.8b12678,Fig7_D_stability_performance_curve_pce,Series_1,56,56,23,0,485.2079507394621,202.90514303650235,True,17.030935251697205,0.9958800379323196,0.930514010449908,1056,14,3,2,node_3_2,0.4783854709507817,0.9958800379323195,0.9961678433294268,0.9755678862179686,0.9430345107884839,0.9382321183522434,0.930514010449908,24.5,3,no_initial_change_stable,class_03,/Users/shunhao/Desktop/ML/lab/NEW/som_200h_reanalysis/02_selected_curve_database/main_high_quality_min10/x_time_h/10.1021_acsami.8b12678/Fig7_D_stability_performance_curve_pce/accepted/10.1021_acsami.8b12678__Fig7__D__stability_performance_curve_pce__POZ9__Series_1.csv
x_time_h/10.1021_acsami.9b17580/Fig5_D_stability_performance_curve_pce/accepted/10.1021_acsami.9b17580__Fig5__D__stability_performance_curve_pce__BZnTPP_MAPbI₃__Series_2.csv,10.1021/acsami.9b17580|Fig5_D_stability_performance_curve_pce|10.1021_acsami.9b17580__Fig5__D__stability_performance_curve_pce__BZnTPP_MAPbI₃__Series_2,/Users/shunhao/Desktop/ML/lab/data_all/x_time_h/10.1021_acsami.9b17580/Fig5_D_stability_performance_curve_pce/accepted/10.1021_acsami.9b17580__Fig5__D__stability_performance_curve_pce__BZnTPP_MAPbI₃__Series_2.csv,x_time_h/10.1021_acsami.9b17580/Fig5_D_stability_performance_curve_pce/accepted/10.1021_acsami.9b17580__Fig5__D__stability_performance_curve_pce__BZnTPP_MAPbI₃__Series_2.csv,10.1021/acsami.9b17580,Fig5_D_stability_performance_curve_pce,Series_2,22,22,11,0,443.8999686784465,203.45415231095467,True,16.26898370466565,1.0,0.9280198997471046,1071,14,3,2,node_3_2,0.49349879330050245,1.0,0.9779363417897063,0.9549657802909359,0.9493644155818532,0.932980402383394,0.9280198997471046,0.0,3,no_initial_change_stable,class_03,/Users/shunhao/Desktop/ML/lab/NEW/som_200h_reanalysis/02_selected_curve_database/main_high_quality_min10/x_time_h/10.1021_acsami.9b17580/Fig5_D_stability_performance_curve_pce/accepted/10.1021_acsami.9b17580__Fig5__D__stability_performance_curve_pce__BZnTPP_MAPbI₃__Series_2.csv
x_time_h/10.1021_acsami.9b19691/Fig7_C_stability_performance_curve_pce/accepted/10.1021_acsami.9b19691__Fig7__C__stability_performance_curve_pce__MAPbI₃__Series_2.csv,10.1021/acsami.9b19691|Fig7_C_stability_performance_curve_pce|10.1021_acsami.9b19691__Fig7__C__stability_performance_curve_pce__MAPbI₃__Series_2,/Users/shunhao/Desktop/ML/lab/data_all/x_time_h/10.1021_acsami.9b19691/Fig7_C_stability_performance_curve_pce/accepted/10.1021_acsami.9b19691__Fig7__C__stability_performance_curve_pce__MAPbI₃__Series_2.csv,x_time_h/10.1021_acsami.9b19691/Fig7_C_stability_performance_curve_pce/accepted/10.1021_acsami.9b19691__Fig7__C__stability_performance_curve_pce__MAPbI₃__Series_2.csv,10.1021/acsami.9b19691,Fig7_C_stability_performance_curve_pce,Series_2,71,71,18,0,794.8216967768553,204.38272202833423,True,0.9985339771236674,1.0,0.9064448199431192,1075,14,3,2,node_3_2,0.17840852988092282,1.0,0.9985733824119063,0.9745582393418337,0.9476625119706543,0.9283213751782335,0.9064448199431191,0.0,3,no_initial_change_stable,class_03,/Users/shunhao/Desktop/ML/lab/NEW/som_200h_reanalysis/02_selected_curve_database/main_high_quality_min10/x_time_h/10.1021_acsami.9b19691/Fig7_C_stability_performance_curve_pce/accepted/10.1021_acsami.9b19691__Fig7__C__stability_performance_curve_pce__MAPbI₃__Series_2.csv
x_time_h/10.1021_acsenergylett.0c02210/Fig4_B_stability_performance_curve_pce/accepted/10.1021_acsenergylett.0c02210__Fig4__B__stability_performance_curve_pce__spiro-OMeTAD__Series_2.csv,10.1021/acsenergylett.0c02210|Fig4_B_stability_performance_curve_pce|10.1021_acsenergylett.0c02210__Fig4__B__stability_performance_curve_pce__spiro-OMeTAD__Series_2,/Users/shunhao/Desktop/ML/lab/data_all/x_time_h/10.1021_acsenergylett.0c02210/Fig4_B_stability_performance_curve_pce/accepted/10.1021_acsenergylett.0c02210__Fig4__B__stability_performance_curve_pce__spiro-OMeTAD__Series_2.csv,x_time_h/10.1021_acsenergylett.0c02210/Fig4_B_stability_performance_curve_pce/accepted/10.1021_acsenergylett.0c02210__Fig4__B__stability_performance_curve_pce__spiro-OMeTAD__Series_2.csv,10.1021/acsenergylett.0c02210,Fig4_B_stability_performance_curve_pce,Series_2,56,56,23,0,496.0615055270001,207.443902311291,True,1.0024355296021912,1.0,0.91450112024947,1090,14,3,2,node_3_2,0.4145955114741258,1.0,0.9963593993644477,0.9785604392486176,0.9630146755046148,0.9408370746907665,0.9145011202494701,0.0,3,no_initial_change_stable,class_03,/Users/shunhao/Desktop/ML/lab/NEW/som_200h_reanalysis/02_selected_curve_database/main_high_quality_min10/x_time_h/10.1021_acsenergylett.0c02210/Fig4_B_stability_performance_curve_pce/accepted/10.1021_acsenergylett.0c02210__Fig4__B__stability_performance_curve_pce__spiro-OMeTAD__Series_2.csv
x_time_h/10.1021_acsenergylett.1c00452/Fig4_A_stability_performance_curve_pce/accepted/10.1021_acsenergylett.1c00452__Fig4__A__stability_performance_curve_pce__Control__Series_1.csv,10.1021/acsenergylett.1c00452|Fig4_A_stability_performance_curve_pce|10.1021_acsenergylett.1c00452__Fig4__A__stability_performance_curve_pce__Control__Series_1,/Users/shunhao/Desktop/ML/lab/data_all/x_time_h/10.1021_acsenergylett.1c00452/Fig4_A_stability_performance_curve_pce/accepted/10.1021_acsenergylett.1c00452__Fig4__A__stability_performance_curve_pce__Control__Series_1.csv,x_time_h/10.1021_acsenergylett.1c00452/Fig4_A_stability_performance_curve_pce/accepted/10.1021_acsenergylett.1c00452__Fig4__A__stability_performance_curve_pce__Control__Series_1.csv,10.1021/acsenergylett.1c00452,Fig4_A_stability_performance_curve_pce,Series_1,144,144,22,0,1302.0511154787937,200.31555622750676,True,0.9970446886550104,0.9987117988807476,0.8984465020931535,1092,14,3,2,node_3_2,0.5202714580091777,0.9987117988807476,0.9980538193924774,0.9617299862275579,0.9284907060291159,0.9100791805702682,0.8984465020931535,5.333333333333333,3,no_initial_change_stable,class_03,/Users/shunhao/Desktop/ML/lab/NEW/som_200h_reanalysis/02_selected_curve_database/main_high_quality_min10/x_time_h/10.1021_acsenergylett.1c00452/Fig4_A_stability_performance_curve_pce/accepted/10.1021_acsenergylett.1c00452__Fig4__A__stability_performance_curve_pce__Control__Series_1.csv
x_time_h/10.1021_acsomega.1c01074/Fig4_F_stability_performance_curve_pce_eqe/accepted/10.1021_acsomega.1c01074__Fig4__F__stability_performance_curve_pce_eqe__control__Series_2.csv,10.1021/acsomega.1c01074|Fig4_F_stability_performance_curve_pce_eqe|10.1021_acsomega.1c01074__Fig4__F__stability_performance_curve_pce_eqe__control__Series_2,/Users/shunhao/Desktop/ML/lab/data_all/x_time_h/10.1021_acsomega.1c01074/Fig4_F_stability_performance_curve_pce_eqe/accepted/10.1021_acsomega.1c01074__Fig4__F__stability_performance_curve_pce_eqe__control__Series_2.csv,x_time_h/10.1021_acsomega.1c01074/Fig4_F_stability_performance_curve_pce_eqe/accepted/10.1021_acsomega.1c01074__Fig4__F__stability_performance_curve_pce_eqe__control__Series_2.csv,10.1021/acsomega.1c01074,Fig4_F_stability_performance_curve_pce_eqe,Series_2,53,53,22,0,494.62343934221457,209.26376279862927,True,1.0005536291759578,1.0,0.9174466023255012,1121,14,3,2,node_3_2,0.24800262015720934,1.0,0.996168090700262,0.976031104969898,0.9446449256336708,0.9287136567404684,0.9174466023255013,0.0,3,no_initial_change_stable,class_03,/Users/shunhao/Desktop/ML/lab/NEW/som_200h_reanalysis/02_selected_curve_database/main_high_quality_min10/x_time_h/10.1021_acsomega.1c01074/Fig4_F_stability_performance_curve_pce_eqe/accepted/10.1021_acsomega.1c01074__Fig4__F__stability_performance_curve_pce_eqe__control__Series_2.csv
x_time_h/10.1021_acssuschemeng.0c09015/Fig5_A_stability_performance_curve_pce/accepted/10.1021_acssuschemeng.0c09015__Fig5__A__stability_performance_curve_pce__338kDa_76%__Series_2.csv,10.1021/acssuschemeng.0c09015|Fig5_A_stability_performance_curve_pce|10.1021_acssuschemeng.0c09015__Fig5__A__stability_performance_curve_pce__338kDa_76%__Series_2,/Users/shunhao/Desktop/ML/lab/data_all/x_time_h/10.1021_acssuschemeng.0c09015/Fig5_A_stability_performance_curve_pce/accepted/10.1021_acssuschemeng.0c09015__Fig5__A__stability_performance_curve_pce__338kDa_76%__Series_2.csv,x_time_h/10.1021_acssuschemeng.0c09015/Fig5_A_stability_performance_curve_pce/accepted/10.1021_acssuschemeng.0c09015__Fig5__A__stability_performance_curve_pce__338kDa_76%__Series_2.csv,10.1021/acssuschemeng.0c09015,Fig5_A_stability_performance_curve_pce,Series_2,52,52,11,0,964.9713582762412,200.27707435921985,True,0.9916449800189436,1.0,0.899034433600433,1124,14,3,2,node_3_2,0.15605261488976838,1.0,0.9945848054182007,0.9730981946251889,0.9413043251812622,0.923701805490869,0.899034433600433,0.0,3,no_initial_change_stable,class_03,/Users/shunhao/Desktop/ML/lab/NEW/som_200h_reanalysis/02_selected_curve_database/main_high_quality_min10/x_time_h/10.1021_acssuschemeng.0c09015/Fig5_A_stability_performance_curve_pce/accepted/10.1021_acssuschemeng.0c09015__Fig5__A__stability_performance_curve_pce__338kDa_76%__Series_2.csv
x_time_h/10.1021_jacs.1c12732/Fig6_C_stability_performance_curve_pce/accepted/10.1021_jacs.1c12732__Fig6__C__stability_performance_curve_pce__PCBM_C60__Series_1.csv,10.1021/jacs.1c12732|Fig6_C_stability_performance_curve_pce|10.1021_jacs.1c12732__Fig6__C__stability_performance_curve_pce__PCBM_C60__Series_1,/Users/shunhao/Desktop/ML/lab/data_all/x_time_h/10.1021_jacs.1c12732/Fig6_C_stability_performance_curve_pce/accepted/10.1021_jacs.1c12732__Fig6__C__stability_performance_curve_pce__PCBM_C60__Series_1.csv,x_time_h/10.1021_jacs.1c12732/Fig6_C_stability_performance_curve_pce/accepted/10.1021_jacs.1c12732__Fig6__C__stability_performance_curve_pce__PCBM_C60__Series_1.csv,10.1021/jacs.1c12732,Fig6_C_stability_performance_curve_pce,Series_1,48,48,15,0,651.2125345935569,207.83378763624157,True,1.0113755047703663,1.0,0.8740981989672854,1136,14,3,2,node_3_2,0.71770060234955,1.0,1.0,1.0,0.9595157531242169,0.9150246480287335,0.8740981989672854,0.0,3,no_initial_change_stable,class_03,/Users/shunhao/Desktop/ML/lab/NEW/som_200h_reanalysis/02_selected_curve_database/main_high_quality_min10/x_time_h/10.1021_jacs.1c12732/Fig6_C_stability_performance_curve_pce/accepted/10.1021_jacs.1c12732__Fig6__C__stability_performance_curve_pce__PCBM_C60__Series_1.csv
x_time_h/10.1021_jacs.7b13229/Fig3_D_stability_performance_curve_pce_jsc/accepted/10.1021_jacs.7b13229__Fig3__D__stability_performance_curve_pce_jsc__All_inorganic_PSCs__Series_1.csv,10.1021/jacs.7b13229|Fig3_D_stability_performance_curve_pce_jsc|10.1021_jacs.7b13229__Fig3__D__stability_performance_curve_pce_jsc__All_inorganic_PSCs__Series_1,/Users/shunhao/Desktop/ML/lab/data_all/x_time_h/10.1021_jacs.7b13229/Fig3_D_stability_performance_curve_pce_jsc/accepted/10.1021_jacs.7b13229__Fig3__D__stability_performance_curve_pce_jsc__All_inorganic_PSCs__Series_1.csv,x_time_h/10.1021_jacs.7b13229/Fig3_D_stability_performance_curve_pce_jsc/accepted/10.1021_jacs.7b13229__Fig3__D__stability_performance_curve_pce_jsc__All_inorganic_PSCs__Series_1.csv,10.1021/jacs.7b13229,Fig3_D_stability_performance_curve_pce_jsc,Series_1,28,28,16,0,353.08886318277115,209.2378448490495,True,1.0057828565466904,1.0,0.8835687392367291,1137,14,3,2,node_3_2,0.2844692759491845,1.0,0.998092535857275,0.9819633868522666,0.9581502894449664,0.9263008633244758,0.8835687392367291,0.0,3,no_initial_change_stable,class_03,/Users/shunhao/Desktop/ML/lab/NEW/som_200h_reanalysis/02_selected_curve_database/main_high_quality_min10/x_time_h/10.1021_jacs.7b13229/Fig3_D_stability_performance_curve_pce_jsc/accepted/10.1021_jacs.7b13229__Fig3__D__stability_performance_curve_pce_jsc__All_inorganic_PSCs__Series_1.csv
x_time_h/10.1038_ncomms11105/Fig3_D_eqe_curve_stability_performance_pce/accepted/10.1038_ncomms11105__Fig3__D__eqe_curve_stability_performance_pce__CH₃NH₃PbI₃₋ₓ(SCN)ₓ__Series_1.csv,10.1038/ncomms11105|Fig3_D_eqe_curve_stability_performance_pce|10.1038_ncomms11105__Fig3__D__eqe_curve_stability_performance_pce__CH₃NH₃PbI₃₋ₓ(SCN)ₓ__Series_1,/Users/shunhao/Desktop/ML/lab/data_all/x_time_h/10.1038_ncomms11105/Fig3_D_eqe_curve_stability_performance_pce/accepted/10.1038_ncomms11105__Fig3__D__eqe_curve_stability_performance_pce__CH₃NH₃PbI₃₋ₓ(SCN)ₓ__Series_1.csv,x_time_h/10.1038_ncomms11105/Fig3_D_eqe_curve_stability_performance_pce/accepted/10.1038_ncomms11105__Fig3__D__eqe_curve_stability_performance_pce__CH₃NH₃PbI₃₋ₓ(SCN)ₓ__Series_1.csv,10.1038/ncomms11105,Fig3_D_eqe_curve_stability_performance_pce,Series_1,47,47,18,0,520.0372256269754,203.49282741925128,True,1.0050853877095711,1.0,0.923117612851188,1139,14,3,2,node_3_2,0.8353873864851362,1.0,0.9856684177560668,0.9369210726978257,0.9199141800533208,0.9238389793240857,0.9231176128511881,0.0,3,no_initial_change_stable,class_03,/Users/shunhao/Desktop/ML/lab/NEW/som_200h_reanalysis/02_selected_curve_database/main_high_quality_min10/x_time_h/10.1038_ncomms11105/Fig3_D_eqe_curve_stability_performance_pce/accepted/10.1038_ncomms11105__Fig3__D__eqe_curve_stability_performance_pce__CH₃NH₃PbI₃₋ₓ(SCN)ₓ__Series_1.csv
x_time_h/10.1038_ncomms15330/Fig3_D_stability_performance_curve_pce/accepted/10.1038_ncomms15330__Fig3__D__stability_performance_curve_pce__CQDs_PCBM_150_nm__Series_1.csv,10.1038/ncomms15330|Fig3_D_stability_performance_curve_pce|10.1038_ncomms15330__Fig3__D__stability_performance_curve_pce__CQDs_PCBM_150_nm__Series_1,/Users/shunhao/Desktop/ML/lab/data_all/x_time_h/10.1038_ncomms15330/Fig3_D_stability_performance_curve_pce/accepted/10.1038_ncomms15330__Fig3__D__stability_performance_curve_pce__CQDs_PCBM_150_nm__Series_1.csv,x_time_h/10.1038_ncomms15330/Fig3_D_stability_performance_curve_pce/accepted/10.1038_ncomms15330__Fig3__D__stability_performance_curve_pce__CQDs_PCBM_150_nm__Series_1.csv,10.1038/ncomms15330,Fig3_D_stability_performance_curve_pce,Series_1,48,48,19,0,503.8259993415719,203.67434015935888,True,15.089297817969172,0.9958648379988048,0.9203486941316108,1140,14,3,2,node_3_2,0.401760801528356,0.9958648379988048,0.9992016510009563,0.9664064763018632,0.952767357258727,0.9396533268549554,0.9203486941316108,7.333333333333333,3,no_initial_change_stable,class_03,/Users/shunhao/Desktop/ML/lab/NEW/som_200h_reanalysis/02_selected_curve_database/main_high_quality_min10/x_time_h/10.1038_ncomms15330/Fig3_D_stability_performance_curve_pce/accepted/10.1038_ncomms15330__Fig3__D__stability_performance_curve_pce__CQDs_PCBM_150_nm__Series_1.csv
x_time_h/10.1038_s41467-018-06317-8/Fig6_A_stability_performance_curve/accepted/10.1038_s41467-018-06317-8__Fig6__A__stability_performance_curve__MAPbl₃_anti-solvent__Series_1.csv,10.1038/s41467-018-06317-8|Fig6_A_stability_performance_curve|10.1038_s41467-018-06317-8__Fig6__A__stability_performance_curve__MAPbl₃_anti-solvent__Series_1,/Users/shunhao/Desktop/ML/lab/data_all/x_time_h/10.1038_s41467-018-06317-8/Fig6_A_stability_performance_curve/accepted/10.1038_s41467-018-06317-8__Fig6__A__stability_performance_curve__MAPbl₃_anti-solvent__Series_1.csv,x_time_h/10.1038_s41467-018-06317-8/Fig6_A_stability_performance_curve/accepted/10.1038_s41467-018-06317-8__Fig6__A__stability_performance_curve__MAPbl₃_anti-solvent__Series_1.csv,10.1038/s41467-018-06317-8,Fig6_A_stability_performance_curve,Series_1,118,118,31,0,772.2683873545893,204.61811972642963,True,1.144822360749807,0.9200062630098326,0.8721538538783691,1145,14,3,2,node_3_2,0.6807937019497928,0.9200062630098326,0.9614932246750448,0.993824026073031,0.9466733513754034,0.9077705247069231,0.8721538538783691,36.83333333333333,3,no_initial_change_stable,class_03,/Users/shunhao/Desktop/ML/lab/NEW/som_200h_reanalysis/02_selected_curve_database/main_high_quality_min10/x_time_h/10.1038_s41467-018-06317-8/Fig6_A_stability_performance_curve/accepted/10.1038_s41467-018-06317-8__Fig6__A__stability_performance_curve__MAPbl₃_anti-solvent__Series_1.csv
x_time_h/10.1038_s41467-023-36918-x/Fig5_F_jv_curve_stability_performance_pce/accepted/10.1038_s41467-023-36918-x__Fig5__F__jv_curve_stability_performance_pce__POE_encap__Series_1.csv,10.1038/s41467-023-36918-x|Fig5_F_jv_curve_stability_performance_pce|10.1038_s41467-023-36918-x__Fig5__F__jv_curve_stability_performance_pce__POE_encap__Series_1,/Users/shunhao/Desktop/ML/lab/data_all/x_time_h/10.1038_s41467-023-36918-x/Fig5_F_jv_curve_stability_performance_pce/accepted/10.1038_s41467-023-36918-x__Fig5__F__jv_curve_stability_performance_pce__POE_encap__Series_1.csv,x_time_h/10.1038_s41467-023-36918-x/Fig5_F_jv_curve_stability_performance_pce/accepted/10.1038_s41467-023-36918-x__Fig5__F__jv_curve_stability_performance_pce__POE_encap__Series_1.csv,10.1038/s41467-023-36918-x,Fig5_F_jv_curve_stability_performance_pce,Series_1,90,90,18,0,1002.4275421546126,202.73815459306772,True,1.0016760299544991,1.0,0.904342624079454,1159,14,3,2,node_3_2,0.15716382735956622,1.0,0.9984495415068949,0.9749270085107806,0.9495703539493923,0.9292993484827203,0.9043426240794539,0.0,3,no_initial_change_stable,class_03,/Users/shunhao/Desktop/ML/lab/NEW/som_200h_reanalysis/02_selected_curve_database/main_high_quality_min10/x_time_h/10.1038_s41467-023-36918-x/Fig5_F_jv_curve_stability_performance_pce/accepted/10.1038_s41467-023-36918-x__Fig5__F__jv_curve_stability_performance_pce__POE_encap__Series_1.csv
x_time_h/10.1038_s41467-023-43016-5/Fig4_F_mppt_stability_performance_curve_pce/accepted/10.1038_s41467-023-43016-5__Fig4__F__mppt_stability_performance_curve_pce__VAQ-2D_Cs₀.₂FA₀.₈Pb(I₀.₆Br₀.₄)₃__Series_2.csv,10.1038/s41467-023-43016-5|Fig4_F_mppt_stability_performance_curve_pce|10.1038_s41467-023-43016-5__Fig4__F__mppt_stability_performance_curve_pce__VAQ-2D_Cs₀.₂FA₀.₈Pb(I₀.₆Br₀.₄)₃__Series_2,/Users/shunhao/Desktop/ML/lab/data_all/x_time_h/10.1038_s41467-023-43016-5/Fig4_F_mppt_stability_performance_curve_pce/accepted/10.1038_s41467-023-43016-5__Fig4__F__mppt_stability_performance_curve_pce__VAQ-2D_Cs₀.₂FA₀.₈Pb(I₀.₆Br₀.₄)₃__Series_2.csv,x_time_h/10.1038_s41467-023-43016-5/Fig4_F_mppt_stability_performance_curve_pce/accepted/10.1038_s41467-023-43016-5__Fig4__F__mppt_stability_performance_curve_pce__VAQ-2D_Cs₀.₂FA₀.₈Pb(I₀.₆Br₀.₄)₃__Series_2.csv,10.1038/s41467-023-43016-5,Fig4_F_mppt_stability_performance_curve_pce,Series_2,76,76,31,0,498.0819864521098,205.8738877335387,True,19.35920678190276,1.0,0.9209538971443618,1162,14,3,2,node_3_2,0.576405927809828,1.0,0.9841299013002474,0.9525739743831433,0.9278787538504879,0.9227104772078203,0.9209538971443618,0.0,3,no_initial_change_stable,class_03,/Users/shunhao/Desktop/ML/lab/NEW/som_200h_reanalysis/02_selected_curve_database/main_high_quality_min10/x_time_h/10.1038_s41467-023-43016-5/Fig4_F_mppt_stability_performance_curve_pce/accepted/10.1038_s41467-023-43016-5__Fig4__F__mppt_stability_performance_curve_pce__VAQ-2D_Cs₀.₂FA₀.₈Pb(I₀.₆Br₀.₄)₃__Series_2.csv
x_time_h/10.1038_s41467-024-49617-y/Fig6_D_xrd_pattern_stability_performance_curve_pce/accepted/10.1038_s41467-024-49617-y__Fig6__D__xrd_pattern_stability_performance_curve_pce__o1Control__Series_2.csv,10.1038/s41467-024-49617-y|Fig6_D_xrd_pattern_stability_performance_curve_pce|10.1038_s41467-024-49617-y__Fig6__D__xrd_pattern_stability_performance_curve_pce__o1Control__Series_2,/Users/shunhao/Desktop/ML/lab/data_all/x_time_h/10.1038_s41467-024-49617-y/Fig6_D_xrd_pattern_stability_performance_curve_pce/accepted/10.1038_s41467-024-49617-y__Fig6__D__xrd_pattern_stability_performance_curve_pce__o1Control__Series_2.csv,x_time_h/10.1038_s41467-024-49617-y/Fig6_D_xrd_pattern_stability_performance_curve_pce/accepted/10.1038_s41467-024-49617-y__Fig6__D__xrd_pattern_stability_performance_curve_pce__o1Control__Series_2.csv,10.1038/s41467-024-49617-y,Fig6_D_xrd_pattern_stability_performance_curve_pce,Series_2,41,41,11,0,788.6888225214025,216.8894261933857,True,0.9912137683563318,1.0,0.9079879279936376,1168,14,3,2,node_3_2,0.4571002119805095,1.0,0.9867730015668476,0.9475987865365314,0.9418136364120963,0.9288752683698747,0.9079879279936376,0.0,3,no_initial_change_stable,class_03,/Users/shunhao/Desktop/ML/lab/NEW/som_200h_reanalysis/02_selected_curve_database/main_high_quality_min10/x_time_h/10.1038_s41467-024-49617-y/Fig6_D_xrd_pattern_stability_performance_curve_pce/accepted/10.1038_s41467-024-49617-y__Fig6__D__xrd_pattern_stability_performance_curve_pce__o1Control__Series_2.csv
x_time_h/10.1038_s41467-025-56409-5/Fig4_A_stability_performance_curve_pce_mapping/accepted/10.1038_s41467-025-56409-5__Fig4__A__stability_performance_curve_pce_mapping__Control__Series_1.csv,10.1038/s41467-025-56409-5|Fig4_A_stability_performance_curve_pce_mapping|10.1038_s41467-025-56409-5__Fig4__A__stability_performance_curve_pce_mapping__Control__Series_1,/Users/shunhao/Desktop/ML/lab/data_all/x_time_h/10.1038_s41467-025-56409-5/Fig4_A_stability_performance_curve_pce_mapping/accepted/10.1038_s41467-025-56409-5__Fig4__A__stability_performance_curve_pce_mapping__Control__Series_1.csv,x_time_h/10.1038_s41467-025-56409-5/Fig4_A_stability_performance_curve_pce_mapping/accepted/10.1038_s41467-025-56409-5__Fig4__A__stability_performance_curve_pce_mapping__Control__Series_1.csv,10.1038/s41467-025-56409-5,Fig4_A_stability_performance_curve_pce_mapping,Series_1,172,172,27,0,1258.083164907695,204.80423614776433,True,21.523543057187325,1.0,0.9006479738734123,1173,14,3,2,node_3_2,0.34004084675822593,1.0,0.9934309989258898,0.9665330468209822,0.9406414049725165,0.9069412722909572,0.9006479738734123,0.0,3,no_initial_change_stable,class_03,/Users/shunhao/Desktop/ML/lab/NEW/som_200h_reanalysis/02_selected_curve_database/main_high_quality_min10/x_time_h/10.1038_s41467-025-56409-5/Fig4_A_stability_performance_curve_pce_mapping/accepted/10.1038_s41467-025-56409-5__Fig4__A__stability_performance_curve_pce_mapping__Control__Series_1.csv
x_time_h/10.1038_s41560-019-0538-4/Fig6_B_mppt_stability_performance_curve_pce/accepted/10.1038_s41560-019-0538-4__Fig6__B__mppt_stability_performance_curve_pce__Pristine__Series_2.csv,10.1038/s41560-019-0538-4|Fig6_B_mppt_stability_performance_curve_pce|10.1038_s41560-019-0538-4__Fig6__B__mppt_stability_performance_curve_pce__Pristine__Series_2,/Users/shunhao/Desktop/ML/lab/data_all/x_time_h/10.1038_s41560-019-0538-4/Fig6_B_mppt_stability_performance_curve_pce/accepted/10.1038_s41560-019-0538-4__Fig6__B__mppt_stability_performance_curve_pce__Pristine__Series_2.csv,x_time_h/10.1038_s41560-019-0538-4/Fig6_B_mppt_stability_performance_curve_pce/accepted/10.1038_s41560-019-0538-4__Fig6__B__mppt_stability_performance_curve_pce__Pristine__Series_2.csv,10.1038/s41560-019-0538-4,Fig6_B_mppt_stability_performance_curve_pce,Series_2,57,57,12,0,1002.706441200054,214.86566597144017,True,0.9936185751306028,1.0,0.9244393674728916,1180,14,3,2,node_3_2,0.4972387871599283,1.0,0.9890619834226816,0.9530261528912827,0.9351215841583675,0.9269853255183323,0.9244393674728916,0.0,3,no_initial_change_stable,class_03,/Users/shunhao/Desktop/ML/lab/NEW/som_200h_reanalysis/02_selected_curve_database/main_high_quality_min10/x_time_h/10.1038_s41560-019-0538-4/Fig6_B_mppt_stability_performance_curve_pce/accepted/10.1038_s41560-019-0538-4__Fig6__B__mppt_stability_performance_curve_pce__Pristine__Series_2.csv
x_time_h/10.1038_s41560-020-00692-7/Fig4_G_stability_performance_curve_jsc/accepted/10.1038_s41560-020-00692-7__Fig4__G__stability_performance_curve_jsc__FA$_{0.85}$MA$_{0.1}$Cs$_{0.05}$Sn$_{0.5}$Pb$_{0.5}$I$_3$__Series_1.csv,10.1038/s41560-020-00692-7|Fig4_G_stability_performance_curve_jsc|10.1038_s41560-020-00692-7__Fig4__G__stability_performance_curve_jsc__FA$_{0.85}$MA$_{0.1}$Cs$_{0.05}$Sn$_{0.5}$Pb$_{0.5}$I$_3$__Series_1,/Users/shunhao/Desktop/ML/lab/data_all/x_time_h/10.1038_s41560-020-00692-7/Fig4_G_stability_performance_curve_jsc/accepted/10.1038_s41560-020-00692-7__Fig4__G__stability_performance_curve_jsc__FA$_{0.85}$MA$_{0.1}$Cs$_{0.05}$Sn$_{0.5}$Pb$_{0.5}$I$_3$__Series_1.csv,x_time_h/10.1038_s41560-020-00692-7/Fig4_G_stability_performance_curve_jsc/accepted/10.1038_s41560-020-00692-7__Fig4__G__stability_performance_curve_jsc__FA$_{0.85}$MA$_{0.1}$Cs$_{0.05}$Sn$_{0.5}$Pb$_{0.5}$I$_3$__Series_1.csv,10.1038/s41560-020-00692-7,Fig4_G_stability_performance_curve_jsc,Series_1,152,152,84,0,360.7012334200868,200.654990776737,True,1.008739049834567,0.9834127578885916,0.9147567973008044,1183,14,3,2,node_3_2,0.43844190307583525,0.9834127578885915,0.997145289081157,0.9867260712767664,0.9605274376926626,0.9315636688027024,0.9147567973008045,12.666666666666666,3,no_initial_change_stable,class_03,/Users/shunhao/Desktop/ML/lab/NEW/som_200h_reanalysis/02_selected_curve_database/main_high_quality_min10/x_time_h/10.1038_s41560-020-00692-7/Fig4_G_stability_performance_curve_jsc/accepted/10.1038_s41560-020-00692-7__Fig4__G__stability_performance_curve_jsc__FA$_{0.85}$MA$_{0.1}$Cs$_{0.05}$Sn$_{0.5}$Pb$_{0.5}$I$_3$__Series_1.csv
x_time_h/10.1038_s41560-023-01295-8/Fig3_F_mppt_stability_performance_curve_pce/accepted/10.1038_s41560-023-01295-8__Fig3__F__mppt_stability_performance_curve_pce__Control__Series_2.csv,10.1038/s41560-023-01295-8|Fig3_F_mppt_stability_performance_curve_pce|10.1038_s41560-023-01295-8__Fig3__F__mppt_stability_performance_curve_pce__Control__Series_2,/Users/shunhao/Desktop/ML/lab/data_all/x_time_h/10.1038_s41560-023-01295-8/Fig3_F_mppt_stability_performance_curve_pce/accepted/10.1038_s41560-023-01295-8__Fig3__F__mppt_stability_performance_curve_pce__Control__Series_2.csv,x_time_h/10.1038_s41560-023-01295-8/Fig3_F_mppt_stability_performance_curve_pce/accepted/10.1038_s41560-023-01295-8__Fig3__F__mppt_stability_performance_curve_pce__Control__Series_2.csv,10.1038/s41560-023-01295-8,Fig3_F_mppt_stability_performance_curve_pce,Series_2,144,144,24,0,1196.7772874027423,200.8577265571036,True,22.2669199590883,1.0,0.915202911713844,1186,14,3,2,node_3_2,0.3095168341083262,1.0,0.9909730434569758,0.9604344776834244,0.9396566315898947,0.9265450309860189,0.9152029117138439,0.0,3,no_initial_change_stable,class_03,/Users/shunhao/Desktop/ML/lab/NEW/som_200h_reanalysis/02_selected_curve_database/main_high_quality_min10/x_time_h/10.1038_s41560-023-01295-8/Fig3_F_mppt_stability_performance_curve_pce/accepted/10.1038_s41560-023-01295-8__Fig3__F__mppt_stability_performance_curve_pce__Control__Series_2.csv
"x_time_h/10.1038_s41586-021-03406-5/Fig4_A_stability_performance_curve/accepted/10.1038_s41586-021-03406-5__Fig4__A__stability_performance_curve__Reference,_PCE_initial_=_23.86%__Series_2.csv","10.1038/s41586-021-03406-5|Fig4_A_stability_performance_curve|10.1038_s41586-021-03406-5__Fig4__A__stability_performance_curve__Reference,_PCE_initial_=_23.86%__Series_2","/Users/shunhao/Desktop/ML/lab/data_all/x_time_h/10.1038_s41586-021-03406-5/Fig4_A_stability_performance_curve/accepted/10.1038_s41586-021-03406-5__Fig4__A__stability_performance_curve__Reference,_PCE_initial_=_23.86%__Series_2.csv","x_time_h/10.1038_s41586-021-03406-5/Fig4_A_stability_performance_curve/accepted/10.1038_s41586-021-03406-5__Fig4__A__stability_performance_curve__Reference,_PCE_initial_=_23.86%__Series_2.csv",10.1038/s41586-021-03406-5,Fig4_A_stability_performance_curve,Series_2,56,56,12,0,987.8605810218866,215.5332176775025,True,0.9867024981252186,1.0,0.9156536133796316,1192,14,3,2,node_3_2,0.42243723780409176,1.0,0.9919516774516155,0.9783307277477752,0.9646537272608919,0.9391359129493554,0.9156536133796315,0.0,3,no_initial_change_stable,class_03,"/Users/shunhao/Desktop/ML/lab/NEW/som_200h_reanalysis/02_selected_curve_database/main_high_quality_min10/x_time_h/10.1038_s41586-021-03406-5/Fig4_A_stability_performance_curve/accepted/10.1038_s41586-021-03406-5__Fig4__A__stability_performance_curve__Reference,_PCE_initial_=_23.86%__Series_2.csv"
x_time_h/10.1039_D5EE05397H/Fig3_A_stability_performance_curve/accepted/10.1039_D5EE05397H__Fig3__A__stability_performance_curve__SPVKs__Series_3.csv,10.1039/D5EE05397H|Fig3_A_stability_performance_curve|10.1039_D5EE05397H__Fig3__A__stability_performance_curve__SPVKs__Series_3,/Users/shunhao/Desktop/ML/lab/data_all/x_time_h/10.1039_D5EE05397H/Fig3_A_stability_performance_curve/accepted/10.1039_D5EE05397H__Fig3__A__stability_performance_curve__SPVKs__Series_3.csv,x_time_h/10.1039_D5EE05397H/Fig3_A_stability_performance_curve/accepted/10.1039_D5EE05397H__Fig3__A__stability_performance_curve__SPVKs__Series_3.csv,10.1039/D5EE05397H,Fig3_A_stability_performance_curve,Series_3,77,77,17,0,889.5901004809465,207.95612738515635,True,0.8819318970042069,1.0,0.8770317516173037,1204,14,3,2,node_3_2,0.4634303984665272,1.0,0.9956363374806462,0.9661343680551036,0.9410619286916493,0.9062344920244526,0.8770317516173037,0.0,3,no_initial_change_stable,class_03,/Users/shunhao/Desktop/ML/lab/NEW/som_200h_reanalysis/02_selected_curve_database/main_high_quality_min10/x_time_h/10.1039_D5EE05397H/Fig3_A_stability_performance_curve/accepted/10.1039_D5EE05397H__Fig3__A__stability_performance_curve__SPVKs__Series_3.csv
x_time_h/10.1039_D5EE05397H/Fig3_A_stability_performance_curve/accepted/10.1039_D5EE05397H__Fig3__A__stability_performance_curve__SQOSCs__Series_1.csv,10.1039/D5EE05397H|Fig3_A_stability_performance_curve|10.1039_D5EE05397H__Fig3__A__stability_performance_curve__SQOSCs__Series_1,/Users/shunhao/Desktop/ML/lab/data_all/x_time_h/10.1039_D5EE05397H/Fig3_A_stability_performance_curve/accepted/10.1039_D5EE05397H__Fig3__A__stability_performance_curve__SQOSCs__Series_1.csv,x_time_h/10.1039_D5EE05397H/Fig3_A_stability_performance_curve/accepted/10.1039_D5EE05397H__Fig3__A__stability_performance_curve__SQOSCs__Series_1.csv,10.1039/D5EE05397H,Fig3_A_stability_performance_curve,Series_1,85,84,18,1,958.908809609332,207.95612738515632,True,0.932879155478424,0.982375690199815,0.9347557006196144,1205,14,3,2,node_3_2,0.7876668150286013,0.982375690199815,0.9997888734387591,0.9503595594405299,0.96066240520244,0.9478936518232863,0.9347557006196143,9.166666666666666,3,no_initial_change_stable,class_03,/Users/shunhao/Desktop/ML/lab/NEW/som_200h_reanalysis/02_selected_curve_database/main_high_quality_min10/x_time_h/10.1039_D5EE05397H/Fig3_A_stability_performance_curve/accepted/10.1039_D5EE05397H__Fig3__A__stability_performance_curve__SQOSCs__Series_1.csv
x_time_h/10.1039_D5SC04399A/Fig5_A_stability_performance_curve_pce/accepted/10.1039_D5SC04399A__Fig5__A__stability_performance_curve_pce__pcz-DM__Series_2.csv,10.1039/D5SC04399A|Fig5_A_stability_performance_curve_pce|10.1039_D5SC04399A__Fig5__A__stability_performance_curve_pce__pcz-DM__Series_2,/Users/shunhao/Desktop/ML/lab/data_all/x_time_h/10.1039_D5SC04399A/Fig5_A_stability_performance_curve_pce/accepted/10.1039_D5SC04399A__Fig5__A__stability_performance_curve_pce__pcz-DM__Series_2.csv,x_time_h/10.1039_D5SC04399A/Fig5_A_stability_performance_curve_pce/accepted/10.1039_D5SC04399A__Fig5__A__stability_performance_curve_pce__pcz-DM__Series_2.csv,10.1039/D5SC04399A,Fig5_A_stability_performance_curve_pce,Series_2,102,102,22,0,988.4196856375806,205.1437083398752,True,1.0032925099261591,1.0,0.90551333376064,1208,14,3,2,node_3_2,0.22099156143585413,1.0,0.9920161211994263,0.9641261854019262,0.9419686177895078,0.9303831856083322,0.9055133337606401,0.0,3,no_initial_change_stable,class_03,/Users/shunhao/Desktop/ML/lab/NEW/som_200h_reanalysis/02_selected_curve_database/main_high_quality_min10/x_time_h/10.1039_D5SC04399A/Fig5_A_stability_performance_curve_pce/accepted/10.1039_D5SC04399A__Fig5__A__stability_performance_curve_pce__pcz-DM__Series_2.csv
x_time_h/10.1039_D5SC04399A/Fig5_A_stability_performance_curve_pce/accepted/10.1039_D5SC04399A__Fig5__A__stability_performance_curve_pce__pcz-SM-DM__Series_3.csv,10.1039/D5SC04399A|Fig5_A_stability_performance_curve_pce|10.1039_D5SC04399A__Fig5__A__stability_performance_curve_pce__pcz-SM-DM__Series_3,/Users/shunhao/Desktop/ML/lab/data_all/x_time_h/10.1039_D5SC04399A/Fig5_A_stability_performance_curve_pce/accepted/10.1039_D5SC04399A__Fig5__A__stability_performance_curve_pce__pcz-SM-DM__Series_3.csv,x_time_h/10.1039_D5SC04399A/Fig5_A_stability_performance_curve_pce/accepted/10.1039_D5SC04399A__Fig5__A__stability_performance_curve_pce__pcz-SM-DM__Series_3.csv,10.1039/D5SC04399A,Fig5_A_stability_performance_curve_pce,Series_3,100,100,22,0,988.4196856375806,205.1437083398752,True,0.998749604399014,1.0,0.9004763829831135,1209,14,3,2,node_3_2,0.4562013824080312,1.0,0.9918700043412022,0.9575953112928274,0.9295333113630916,0.9179182878030301,0.9004763829831135,0.0,3,no_initial_change_stable,class_03,/Users/shunhao/Desktop/ML/lab/NEW/som_200h_reanalysis/02_selected_curve_database/main_high_quality_min10/x_time_h/10.1039_D5SC04399A/Fig5_A_stability_performance_curve_pce/accepted/10.1039_D5SC04399A__Fig5__A__stability_performance_curve_pce__pcz-SM-DM__Series_3.csv
x_time_h/10.1039_D5TA07147J/Fig8_A_stability_performance_curve_pce/accepted/10.1039_D5TA07147J__Fig8__A__stability_performance_curve_pce__w_oCNMs__Series_2.csv,10.1039/D5TA07147J|Fig8_A_stability_performance_curve_pce|10.1039_D5TA07147J__Fig8__A__stability_performance_curve_pce__w_oCNMs__Series_2,/Users/shunhao/Desktop/ML/lab/data_all/x_time_h/10.1039_D5TA07147J/Fig8_A_stability_performance_curve_pce/accepted/10.1039_D5TA07147J__Fig8__A__stability_performance_curve_pce__w_oCNMs__Series_2.csv,x_time_h/10.1039_D5TA07147J/Fig8_A_stability_performance_curve_pce/accepted/10.1039_D5TA07147J__Fig8__A__stability_performance_curve_pce__w_oCNMs__Series_2.csv,10.1039/D5TA07147J,Fig8_A_stability_performance_curve_pce,Series_2,44,44,10,0,948.1689559058244,220.50440835019177,True,1.00277864065948,1.0,0.8858020267965977,1210,14,3,2,node_3_2,0.49831275722536716,1.0,0.9973484367841624,0.9905520418285443,0.9681973435628045,0.9358142147551136,0.8858020267965977,0.0,3,no_initial_change_stable,class_03,/Users/shunhao/Desktop/ML/lab/NEW/som_200h_reanalysis/02_selected_curve_database/main_high_quality_min10/x_time_h/10.1039_D5TA07147J/Fig8_A_stability_performance_curve_pce/accepted/10.1039_D5TA07147J__Fig8__A__stability_performance_curve_pce__w_oCNMs__Series_2.csv
x_time_h/10.1039_D6CC01405D/Fig3_C_stability_performance_curve_pce_eqe/accepted/10.1039_D6CC01405D__Fig3__C__stability_performance_curve_pce_eqe__2PACz__Series_2.csv,10.1039/D6CC01405D|Fig3_C_stability_performance_curve_pce_eqe|10.1039_D6CC01405D__Fig3__C__stability_performance_curve_pce_eqe__2PACz__Series_2,/Users/shunhao/Desktop/ML/lab/data_all/x_time_h/10.1039_D6CC01405D/Fig3_C_stability_performance_curve_pce_eqe/accepted/10.1039_D6CC01405D__Fig3__C__stability_performance_curve_pce_eqe__2PACz__Series_2.csv,x_time_h/10.1039_D6CC01405D/Fig3_C_stability_performance_curve_pce_eqe/accepted/10.1039_D6CC01405D__Fig3__C__stability_performance_curve_pce_eqe__2PACz__Series_2.csv,10.1039/D6CC01405D,Fig3_C_stability_performance_curve_pce_eqe,Series_2,25,25,11,0,476.84620455667994,218.55451042181164,True,15.293232594536605,0.9985172270555795,0.8331496018648004,1211,14,3,2,node_3_2,0.6376414382581836,0.9985172270555797,0.9999649962716104,0.9868326498483525,0.9596275353484057,0.9284097638122166,0.8331496018648004,11.5,3,no_initial_change_stable,class_03,/Users/shunhao/Desktop/ML/lab/NEW/som_200h_reanalysis/02_selected_curve_database/main_high_quality_min10/x_time_h/10.1039_D6CC01405D/Fig3_C_stability_performance_curve_pce_eqe/accepted/10.1039_D6CC01405D__Fig3__C__stability_performance_curve_pce_eqe__2PACz__Series_2.csv
x_time_h/10.1039_c7ee02634j/Fig4_D_mppt_stability_performance_curve_jsc/accepted/10.1039_c7ee02634j__Fig4__D__mppt_stability_performance_curve_jsc__FAMA__Series_1.csv,10.1039/c7ee02634j|Fig4_D_mppt_stability_performance_curve_jsc|10.1039_c7ee02634j__Fig4__D__mppt_stability_performance_curve_jsc__FAMA__Series_1,/Users/shunhao/Desktop/ML/lab/data_all/x_time_h/10.1039_c7ee02634j/Fig4_D_mppt_stability_performance_curve_jsc/accepted/10.1039_c7ee02634j__Fig4__D__mppt_stability_performance_curve_jsc__FAMA__Series_1.csv,x_time_h/10.1039_c7ee02634j/Fig4_D_mppt_stability_performance_curve_jsc/accepted/10.1039_c7ee02634j__Fig4__D__mppt_stability_performance_curve_jsc__FAMA__Series_1.csv,10.1039/c7ee02634j,Fig4_D_mppt_stability_performance_curve_jsc,Series_1,45,45,10,0,966.8781245984976,219.7450283178404,True,19.033885880881,0.9963456520847912,0.8987484976140312,1228,14,3,2,node_3_2,0.42628060322352423,0.9963456520847913,0.9992734225877753,0.9907738890621096,0.963798885045389,0.9282968651034147,0.8987484976140312,17.0,3,no_initial_change_stable,class_03,/Users/shunhao/Desktop/ML/lab/NEW/som_200h_reanalysis/02_selected_curve_database/main_high_quality_min10/x_time_h/10.1039_c7ee02634j/Fig4_D_mppt_stability_performance_curve_jsc/accepted/10.1039_c7ee02634j__Fig4__D__mppt_stability_performance_curve_jsc__FAMA__Series_1.csv
x_time_h/10.1039_c7ta06752f/Fig7_D_stability_performance_curve_pce/accepted/10.1039_c7ta06752f__Fig7__D__stability_performance_curve_pce__CH₃NH₃PbI₃₋ₓClₓ_V₂Oₓ_(2.5_wt%)__Series_1.csv,10.1039/c7ta06752f|Fig7_D_stability_performance_curve_pce|10.1039_c7ta06752f__Fig7__D__stability_performance_curve_pce__CH₃NH₃PbI₃₋ₓClₓ_V₂Oₓ_(2.5_wt%)__Series_1,/Users/shunhao/Desktop/ML/lab/data_all/x_time_h/10.1039_c7ta06752f/Fig7_D_stability_performance_curve_pce/accepted/10.1039_c7ta06752f__Fig7__D__stability_performance_curve_pce__CH₃NH₃PbI₃₋ₓClₓ_V₂Oₓ_(2.5_wt%)__Series_1.csv,x_time_h/10.1039_c7ta06752f/Fig7_D_stability_performance_curve_pce/accepted/10.1039_c7ta06752f__Fig7__D__stability_performance_curve_pce__CH₃NH₃PbI₃₋ₓClₓ_V₂Oₓ_(2.5_wt%)__Series_1.csv,10.1039/c7ta06752f,Fig7_D_stability_performance_curve_pce,Series_1,73,73,40,0,360.6079485849944,200.3377492138858,True,1.049785434662406,0.9562597940236462,0.8975613742396401,1230,14,3,2,node_3_2,0.5455522176201769,0.9562597940236462,0.963929993475982,0.9945884936915766,0.9641112337215406,0.9282335415610985,0.8975613742396401,61.0,3,no_initial_change_stable,class_03,/Users/shunhao/Desktop/ML/lab/NEW/som_200h_reanalysis/02_selected_curve_database/main_high_quality_min10/x_time_h/10.1039_c7ta06752f/Fig7_D_stability_performance_curve_pce/accepted/10.1039_c7ta06752f__Fig7__D__stability_performance_curve_pce__CH₃NH₃PbI₃₋ₓClₓ_V₂Oₓ_(2.5_wt%)__Series_1.csv
x_time_h/10.1039_c7ta07939g/Fig9_A_stability_performance_curve/accepted/10.1039_c7ta07939g__Fig9__A__stability_performance_curve__Pristine__Series_1.csv,10.1039/c7ta07939g|Fig9_A_stability_performance_curve|10.1039_c7ta07939g__Fig9__A__stability_performance_curve__Pristine__Series_1,/Users/shunhao/Desktop/ML/lab/data_all/x_time_h/10.1039_c7ta07939g/Fig9_A_stability_performance_curve/accepted/10.1039_c7ta07939g__Fig9__A__stability_performance_curve__Pristine__Series_1.csv,x_time_h/10.1039_c7ta07939g/Fig9_A_stability_performance_curve/accepted/10.1039_c7ta07939g__Fig9__A__stability_performance_curve__Pristine__Series_1.csv,10.1039/c7ta07939g,Fig9_A_stability_performance_curve,Series_1,43,43,12,0,712.9484716488272,203.6995633282363,True,0.99969263564894,1.0,0.9154674431552962,1231,14,3,2,node_3_2,0.652620256736555,1.0,1.0,0.996794685806036,0.9749137427551153,0.9271854620951541,0.9154674431552962,0.0,3,no_initial_change_stable,class_03,/Users/shunhao/Desktop/ML/lab/NEW/som_200h_reanalysis/02_selected_curve_database/main_high_quality_min10/x_time_h/10.1039_c7ta07939g/Fig9_A_stability_performance_curve/accepted/10.1039_c7ta07939g__Fig9__A__stability_performance_curve__Pristine__Series_1.csv
x_time_h/10.1039_c8qm00620b/Fig3_D_stability_performance_curve/accepted/10.1039_c8qm00620b__Fig3__D__stability_performance_curve__SnO₂_C₆₀-SAM__Series_2.csv,10.1039/c8qm00620b|Fig3_D_stability_performance_curve|10.1039_c8qm00620b__Fig3__D__stability_performance_curve__SnO₂_C₆₀-SAM__Series_2,/Users/shunhao/Desktop/ML/lab/data_all/x_time_h/10.1039_c8qm00620b/Fig3_D_stability_performance_curve/accepted/10.1039_c8qm00620b__Fig3__D__stability_performance_curve__SnO₂_C₆₀-SAM__Series_2.csv,x_time_h/10.1039_c8qm00620b/Fig3_D_stability_performance_curve/accepted/10.1039_c8qm00620b__Fig3__D__stability_performance_curve__SnO₂_C₆₀-SAM__Series_2.csv,10.1039/c8qm00620b,Fig3_D_stability_performance_curve,Series_2,72,72,20,0,743.8314246628263,209.5299787782609,True,0.998078113121014,1.0,0.9313230496299664,1242,14,3,2,node_3_2,0.9453966264947394,1.0,0.9870980853207774,0.9316722219708146,0.9218399615294361,0.9353233812214734,0.9313230496299664,0.0,3,no_initial_change_stable,class_03,/Users/shunhao/Desktop/ML/lab/NEW/som_200h_reanalysis/02_selected_curve_database/main_high_quality_min10/x_time_h/10.1039_c8qm00620b/Fig3_D_stability_performance_curve/accepted/10.1039_c8qm00620b__Fig3__D__stability_performance_curve__SnO₂_C₆₀-SAM__Series_2.csv
x_time_h/10.1039_c8qm00620b/Fig3_D_stability_performance_curve/accepted/10.1039_c8qm00620b__Fig3__D__stability_performance_curve__ZnO_SnO₂_C₆₀-SAM__Series_3.csv,10.1039/c8qm00620b|Fig3_D_stability_performance_curve|10.1039_c8qm00620b__Fig3__D__stability_performance_curve__ZnO_SnO₂_C₆₀-SAM__Series_3,/Users/shunhao/Desktop/ML/lab/data_all/x_time_h/10.1039_c8qm00620b/Fig3_D_stability_performance_curve/accepted/10.1039_c8qm00620b__Fig3__D__stability_performance_curve__ZnO_SnO₂_C₆₀-SAM__Series_3.csv,x_time_h/10.1039_c8qm00620b/Fig3_D_stability_performance_curve/accepted/10.1039_c8qm00620b__Fig3__D__stability_performance_curve__ZnO_SnO₂_C₆₀-SAM__Series_3.csv,10.1039/c8qm00620b,Fig3_D_stability_performance_curve,Series_3,71,71,20,0,733.3549257239132,209.5299787782609,True,0.9961219822836348,1.0,0.938969766498238,1244,14,3,2,node_3_2,1.5630385394746082,1.0,0.9925855956711732,0.9478468976028964,0.8592053222105959,0.9463245738525098,0.9389697664982379,0.0,3,no_initial_change_stable,class_03,/Users/shunhao/Desktop/ML/lab/NEW/som_200h_reanalysis/02_selected_curve_database/main_high_quality_min10/x_time_h/10.1039_c8qm00620b/Fig3_D_stability_performance_curve/accepted/10.1039_c8qm00620b__Fig3__D__stability_performance_curve__ZnO_SnO₂_C₆₀-SAM__Series_3.csv
x_time_h/10.1039_c8ta00267c/Fig5_B_stability_performance_curve_pce/accepted/10.1039_c8ta00267c__Fig5__B__stability_performance_curve_pce__Pristine__Series_1.csv,10.1039/c8ta00267c|Fig5_B_stability_performance_curve_pce|10.1039_c8ta00267c__Fig5__B__stability_performance_curve_pce__Pristine__Series_1,/Users/shunhao/Desktop/ML/lab/data_all/x_time_h/10.1039_c8ta00267c/Fig5_B_stability_performance_curve_pce/accepted/10.1039_c8ta00267c__Fig5__B__stability_performance_curve_pce__Pristine__Series_1.csv,x_time_h/10.1039_c8ta00267c/Fig5_B_stability_performance_curve_pce/accepted/10.1039_c8ta00267c__Fig5__B__stability_performance_curve_pce__Pristine__Series_1.csv,10.1039/c8ta00267c,Fig5_B_stability_performance_curve_pce,Series_1,71,71,14,0,957.670149236972,212.8155887193271,True,1.0189636476256174,0.9778381008722348,0.9051537363122386,1246,14,3,2,node_3_2,0.5275425418974352,0.9778381008722349,0.9857704774744496,0.999171273339835,0.9659667170646871,0.9365942227923801,0.9051537363122386,45.33333333333333,3,no_initial_change_stable,class_03,/Users/shunhao/Desktop/ML/lab/NEW/som_200h_reanalysis/02_selected_curve_database/main_high_quality_min10/x_time_h/10.1039_c8ta00267c/Fig5_B_stability_performance_curve_pce/accepted/10.1039_c8ta00267c__Fig5__B__stability_performance_curve_pce__Pristine__Series_1.csv
x_time_h/10.1039_c8ta00769a/Fig8_D_stability_performance_curve_pce/accepted/10.1039_c8ta00769a__Fig8__D__stability_performance_curve_pce__Control__Series_1.csv,10.1039/c8ta00769a|Fig8_D_stability_performance_curve_pce|10.1039_c8ta00769a__Fig8__D__stability_performance_curve_pce__Control__Series_1,/Users/shunhao/Desktop/ML/lab/data_all/x_time_h/10.1039_c8ta00769a/Fig8_D_stability_performance_curve_pce/accepted/10.1039_c8ta00769a__Fig8__D__stability_performance_curve_pce__Control__Series_1.csv,x_time_h/10.1039_c8ta00769a/Fig8_D_stability_performance_curve_pce/accepted/10.1039_c8ta00769a__Fig8__D__stability_performance_curve_pce__Control__Series_1.csv,10.1039/c8ta00769a,Fig8_D_stability_performance_curve_pce,Series_1,57,57,10,0,1187.8860687038946,212.1225122685526,True,0.9996881331121804,1.0,0.9061484414503188,1248,14,3,2,node_3_2,0.14364479666867255,1.0,0.9960481599923685,0.9761036665118151,0.9481096963897572,0.9250234951672066,0.9061484414503187,0.0,3,no_initial_change_stable,class_03,/Users/shunhao/Desktop/ML/lab/NEW/som_200h_reanalysis/02_selected_curve_database/main_high_quality_min10/x_time_h/10.1039_c8ta00769a/Fig8_D_stability_performance_curve_pce/accepted/10.1039_c8ta00769a__Fig8__D__stability_performance_curve_pce__Control__Series_1.csv
x_time_h/10.1039_c8ta00769a/Fig8_E_stability_performance_curve_pce/accepted/10.1039_c8ta00769a__Fig8__E__stability_performance_curve_pce__Control__Series_2.csv,10.1039/c8ta00769a|Fig8_E_stability_performance_curve_pce|10.1039_c8ta00769a__Fig8__E__stability_performance_curve_pce__Control__Series_2,/Users/shunhao/Desktop/ML/lab/data_all/x_time_h/10.1039_c8ta00769a/Fig8_E_stability_performance_curve_pce/accepted/10.1039_c8ta00769a__Fig8__E__stability_performance_curve_pce__Control__Series_2.csv,x_time_h/10.1039_c8ta00769a/Fig8_E_stability_performance_curve_pce/accepted/10.1039_c8ta00769a__Fig8__E__stability_performance_curve_pce__Control__Series_2.csv,10.1039/c8ta00769a,Fig8_E_stability_performance_curve_pce,Series_2,56,56,14,0,829.4962504542609,211.14450011563005,True,1.0000329286461955,1.0,0.8788221477239782,1249,14,3,2,node_3_2,0.317091920307819,1.0,0.9986413243731969,0.976433009443193,0.9537802214917096,0.9176071178922173,0.8788221477239782,0.0,3,no_initial_change_stable,class_03,/Users/shunhao/Desktop/ML/lab/NEW/som_200h_reanalysis/02_selected_curve_database/main_high_quality_min10/x_time_h/10.1039_c8ta00769a/Fig8_E_stability_performance_curve_pce/accepted/10.1039_c8ta00769a__Fig8__E__stability_performance_curve_pce__Control__Series_2.csv
x_time_h/10.1039_c8ta04936j/Fig6_A_stability_performance_curve_pce/accepted/10.1039_c8ta04936j__Fig6__A__stability_performance_curve_pce__MDX=0.05__Series_4.csv,10.1039/c8ta04936j|Fig6_A_stability_performance_curve_pce|10.1039_c8ta04936j__Fig6__A__stability_performance_curve_pce__MDX=0.05__Series_4,/Users/shunhao/Desktop/ML/lab/data_all/x_time_h/10.1039_c8ta04936j/Fig6_A_stability_performance_curve_pce/accepted/10.1039_c8ta04936j__Fig6__A__stability_performance_curve_pce__MDX=0.05__Series_4.csv,x_time_h/10.1039_c8ta04936j/Fig6_A_stability_performance_curve_pce/accepted/10.1039_c8ta04936j__Fig6__A__stability_performance_curve_pce__MDX=0.05__Series_4.csv,10.1039/c8ta04936j,Fig6_A_stability_performance_curve_pce,Series_4,88,88,74,0,237.17329530856557,201.73360750383736,True,0.9982680951080724,1.0,0.8784502468096345,1258,14,3,2,node_3_2,0.32595305863724006,1.0,0.9910493825497135,0.9808862013762377,0.9602236004961734,0.9286836714338746,0.8784502468096345,0.0,3,no_initial_change_stable,class_03,/Users/shunhao/Desktop/ML/lab/NEW/som_200h_reanalysis/02_selected_curve_database/main_high_quality_min10/x_time_h/10.1039_c8ta04936j/Fig6_A_stability_performance_curve_pce/accepted/10.1039_c8ta04936j__Fig6__A__stability_performance_curve_pce__MDX=0.05__Series_4.csv
x_time_h/10.1039_c9ta03454d/Fig3_D_stability_performance_curve/accepted/10.1039_c9ta03454d__Fig3__D__stability_performance_curve__y_=_0__Series_1.csv,10.1039/c9ta03454d|Fig3_D_stability_performance_curve|10.1039_c9ta03454d__Fig3__D__stability_performance_curve__y_=_0__Series_1,/Users/shunhao/Desktop/ML/lab/data_all/x_time_h/10.1039_c9ta03454d/Fig3_D_stability_performance_curve/accepted/10.1039_c9ta03454d__Fig3__D__stability_performance_curve__y_=_0__Series_1.csv,x_time_h/10.1039_c9ta03454d/Fig3_D_stability_performance_curve/accepted/10.1039_c9ta03454d__Fig3__D__stability_performance_curve__y_=_0__Series_1.csv,10.1039/c9ta03454d,Fig3_D_stability_performance_curve,Series_1,58,58,12,0,1004.3855949526624,211.44959893740256,True,1.0029179741422292,1.0,0.914429084644458,1271,14,3,2,node_3_2,0.4088802213953803,1.0,0.9959034468450857,0.9795172342254282,0.9608437203369875,0.9411119494361428,0.914429084644458,0.0,3,no_initial_change_stable,class_03,/Users/shunhao/Desktop/ML/lab/NEW/som_200h_reanalysis/02_selected_curve_database/main_high_quality_min10/x_time_h/10.1039_c9ta03454d/Fig3_D_stability_performance_curve/accepted/10.1039_c9ta03454d__Fig3__D__stability_performance_curve__y_=_0__Series_1.csv
x_time_h/10.1039_c9ta05422g/Fig7_D_jv_curve_stability_performance_pce/accepted/10.1039_c9ta05422g__Fig7__D__jv_curve_stability_performance_pce__c-Ti02_Sn02__Series_2.csv,10.1039/c9ta05422g|Fig7_D_jv_curve_stability_performance_pce|10.1039_c9ta05422g__Fig7__D__jv_curve_stability_performance_pce__c-Ti02_Sn02__Series_2,/Users/shunhao/Desktop/ML/lab/data_all/x_time_h/10.1039_c9ta05422g/Fig7_D_jv_curve_stability_performance_pce/accepted/10.1039_c9ta05422g__Fig7__D__jv_curve_stability_performance_pce__c-Ti02_Sn02__Series_2.csv,x_time_h/10.1039_c9ta05422g/Fig7_D_jv_curve_stability_performance_pce/accepted/10.1039_c9ta05422g__Fig7__D__jv_curve_stability_performance_pce__c-Ti02_Sn02__Series_2.csv,10.1039/c9ta05422g,Fig7_D_jv_curve_stability_performance_pce,Series_2,47,47,10,0,948.7123028459288,206.24180496650632,True,0.999550731592804,1.0,0.9283034569250578,1272,14,3,2,node_3_2,0.4458628765677811,1.0,0.9887207282944117,0.9598478764508238,0.9396814782089111,0.933965726775369,0.9283034569250578,0.0,3,no_initial_change_stable,class_03,/Users/shunhao/Desktop/ML/lab/NEW/som_200h_reanalysis/02_selected_curve_database/main_high_quality_min10/x_time_h/10.1039_c9ta05422g/Fig7_D_jv_curve_stability_performance_pce/accepted/10.1039_c9ta05422g__Fig7__D__jv_curve_stability_performance_pce__c-Ti02_Sn02__Series_2.csv
x_time_h/10.1039_c9ta05422g/Fig7_D_jv_curve_stability_performance_pce/accepted/10.1039_c9ta05422g__Fig7__D__jv_curve_stability_performance_pce__c-Ti02__Series_1.csv,10.1039/c9ta05422g|Fig7_D_jv_curve_stability_performance_pce|10.1039_c9ta05422g__Fig7__D__jv_curve_stability_performance_pce__c-Ti02__Series_1,/Users/shunhao/Desktop/ML/lab/data_all/x_time_h/10.1039_c9ta05422g/Fig7_D_jv_curve_stability_performance_pce/accepted/10.1039_c9ta05422g__Fig7__D__jv_curve_stability_performance_pce__c-Ti02__Series_1.csv,x_time_h/10.1039_c9ta05422g/Fig7_D_jv_curve_stability_performance_pce/accepted/10.1039_c9ta05422g__Fig7__D__jv_curve_stability_performance_pce__c-Ti02__Series_1.csv,10.1039/c9ta05422g,Fig7_D_jv_curve_stability_performance_pce,Series_1,48,48,10,0,969.3364833425796,206.2418049665063,True,0.992547098993116,1.0,0.8939401274142252,1273,14,3,2,node_3_2,0.5081748645233582,1.0,0.9938397610242338,0.9596752518313668,0.9309316825815727,0.9093512065336662,0.8939401274142252,0.0,3,no_initial_change_stable,class_03,/Users/shunhao/Desktop/ML/lab/NEW/som_200h_reanalysis/02_selected_curve_database/main_high_quality_min10/x_time_h/10.1039_c9ta05422g/Fig7_D_jv_curve_stability_performance_pce/accepted/10.1039_c9ta05422g__Fig7__D__jv_curve_stability_performance_pce__c-Ti02__Series_1.csv
x_time_h/10.1039_c9ta07238a/Fig5_A_stability_performance_curve_pce/accepted/10.1039_c9ta07238a__Fig5__A__stability_performance_curve_pce__Prisitine__Series_1.csv,10.1039/c9ta07238a|Fig5_A_stability_performance_curve_pce|10.1039_c9ta07238a__Fig5__A__stability_performance_curve_pce__Prisitine__Series_1,/Users/shunhao/Desktop/ML/lab/data_all/x_time_h/10.1039_c9ta07238a/Fig5_A_stability_performance_curve_pce/accepted/10.1039_c9ta07238a__Fig5__A__stability_performance_curve_pce__Prisitine__Series_1.csv,x_time_h/10.1039_c9ta07238a/Fig5_A_stability_performance_curve_pce/accepted/10.1039_c9ta07238a__Fig5__A__stability_performance_curve_pce__Prisitine__Series_1.csv,10.1039/c9ta07238a,Fig5_A_stability_performance_curve_pce,Series_1,100,100,11,0,1977.2808864655624,219.69787627395135,True,0.9993685392136704,1.0,0.8774807493413258,1276,14,3,2,node_3_2,0.5198833091830015,1.0,0.9966298302058249,0.977526557266173,0.9362510020237811,0.9044519683253276,0.8774807493413258,0.0,3,no_initial_change_stable,class_03,/Users/shunhao/Desktop/ML/lab/NEW/som_200h_reanalysis/02_selected_curve_database/main_high_quality_min10/x_time_h/10.1039_c9ta07238a/Fig5_A_stability_performance_curve_pce/accepted/10.1039_c9ta07238a__Fig5__A__stability_performance_curve_pce__Prisitine__Series_1.csv
x_time_h/10.1039_c9ta13159k/Fig4_E_stability_performance_curve/accepted/10.1039_c9ta13159k__Fig4__E__stability_performance_curve__Control__Series_1.csv,10.1039/c9ta13159k|Fig4_E_stability_performance_curve|10.1039_c9ta13159k__Fig4__E__stability_performance_curve__Control__Series_1,/Users/shunhao/Desktop/ML/lab/data_all/x_time_h/10.1039_c9ta13159k/Fig4_E_stability_performance_curve/accepted/10.1039_c9ta13159k__Fig4__E__stability_performance_curve__Control__Series_1.csv,x_time_h/10.1039_c9ta13159k/Fig4_E_stability_performance_curve/accepted/10.1039_c9ta13159k__Fig4__E__stability_performance_curve__Control__Series_1.csv,10.1039/c9ta13159k,Fig4_E_stability_performance_curve,Series_1,87,87,29,0,596.9045359610815,201.2817621264111,True,1.0019640274681547,1.0,0.8861850930402521,1282,14,3,2,node_3_2,0.2361565332555171,1.0,0.9915010644067617,0.9717748447608355,0.9452147451909256,0.9167610184509887,0.8861850930402521,0.0,3,no_initial_change_stable,class_03,/Users/shunhao/Desktop/ML/lab/NEW/som_200h_reanalysis/02_selected_curve_database/main_high_quality_min10/x_time_h/10.1039_c9ta13159k/Fig4_E_stability_performance_curve/accepted/10.1039_c9ta13159k__Fig4__E__stability_performance_curve__Control__Series_1.csv
x_time_h/10.1039_d0ra03238g/Fig3_D_stability_performance_curve_pce/accepted/10.1039_d0ra03238g__Fig3__D__stability_performance_curve_pce__With_0.4MIMBF₄__Series_3.csv,10.1039/d0ra03238g|Fig3_D_stability_performance_curve_pce|10.1039_d0ra03238g__Fig3__D__stability_performance_curve_pce__With_0.4MIMBF₄__Series_3,/Users/shunhao/Desktop/ML/lab/data_all/x_time_h/10.1039_d0ra03238g/Fig3_D_stability_performance_curve_pce/accepted/10.1039_d0ra03238g__Fig3__D__stability_performance_curve_pce__With_0.4MIMBF₄__Series_3.csv,x_time_h/10.1039_d0ra03238g/Fig3_D_stability_performance_curve_pce/accepted/10.1039_d0ra03238g__Fig3__D__stability_performance_curve_pce__With_0.4MIMBF₄__Series_3.csv,10.1039/d0ra03238g,Fig3_D_stability_performance_curve_pce,Series_3,30,30,15,0,391.5067973334542,202.50351586213145,True,1.0018710787250578,1.0,0.9053681355940746,1301,14,3,2,node_3_2,0.3225174639025328,1.0,0.9969012771175185,0.9873819230464012,0.9562474908226248,0.925381726326034,0.9053681355940746,0.0,3,no_initial_change_stable,class_03,/Users/shunhao/Desktop/ML/lab/NEW/som_200h_reanalysis/02_selected_curve_database/main_high_quality_min10/x_time_h/10.1039_d0ra03238g/Fig3_D_stability_performance_curve_pce/accepted/10.1039_d0ra03238g__Fig3__D__stability_performance_curve_pce__With_0.4MIMBF₄__Series_3.csv
x_time_h/10.1039_d0ta01255f/Fig7_B_stability_performance_curve/accepted/10.1039_d0ta01255f__Fig7__B__stability_performance_curve__Control__Series_2.csv,10.1039/d0ta01255f|Fig7_B_stability_performance_curve|10.1039_d0ta01255f__Fig7__B__stability_performance_curve__Control__Series_2,/Users/shunhao/Desktop/ML/lab/data_all/x_time_h/10.1039_d0ta01255f/Fig7_B_stability_performance_curve/accepted/10.1039_d0ta01255f__Fig7__B__stability_performance_curve__Control__Series_2.csv,x_time_h/10.1039_d0ta01255f/Fig7_B_stability_performance_curve/accepted/10.1039_d0ta01255f__Fig7__B__stability_performance_curve__Control__Series_2.csv,10.1039/d0ta01255f,Fig7_B_stability_performance_curve,Series_2,46,46,10,0,953.838814147712,211.96418092171385,True,0.9980594892987322,1.0,0.9079131815058016,1309,14,3,2,node_3_2,0.2943667214975426,1.0,0.9976887844213557,0.9839232238188189,0.9439258007509679,0.9161486409715823,0.9079131815058017,0.0,3,no_initial_change_stable,class_03,/Users/shunhao/Desktop/ML/lab/NEW/som_200h_reanalysis/02_selected_curve_database/main_high_quality_min10/x_time_h/10.1039_d0ta01255f/Fig7_B_stability_performance_curve/accepted/10.1039_d0ta01255f__Fig7__B__stability_performance_curve__Control__Series_2.csv
x_time_h/10.1039_d0ta04680a/Fig5_E_pattern/accepted/10.1039_d0ta04680a__Fig5__E__pattern__FABA__Series_2.csv,10.1039/d0ta04680a|Fig5_E_pattern|10.1039_d0ta04680a__Fig5__E__pattern__FABA__Series_2,/Users/shunhao/Desktop/ML/lab/data_all/x_time_h/10.1039_d0ta04680a/Fig5_E_pattern/accepted/10.1039_d0ta04680a__Fig5__E__pattern__FABA__Series_2.csv,x_time_h/10.1039_d0ta04680a/Fig5_E_pattern/accepted/10.1039_d0ta04680a__Fig5__E__pattern__FABA__Series_2.csv,10.1039/d0ta04680a,Fig5_E_pattern,Series_2,65,65,10,0,1408.3651104471696,220.05704850737027,True,0.9992653708224822,1.0,0.9344238495279492,1315,14,3,2,node_3_2,0.4779207304028993,1.0,0.9935011595226635,0.9688698297374927,0.948198994085464,0.9405457448127214,0.9344238495279493,0.0,3,no_initial_change_stable,class_03,/Users/shunhao/Desktop/ML/lab/NEW/som_200h_reanalysis/02_selected_curve_database/main_high_quality_min10/x_time_h/10.1039_d0ta04680a/Fig5_E_pattern/accepted/10.1039_d0ta04680a__Fig5__E__pattern__FABA__Series_2.csv
x_time_h/10.1039_d0tc01244k/Fig5_whole_stability/accepted/10.1039_d0tc01244k__Fig5__whole__stability__PEAI_layer__Series_1.csv,10.1039/d0tc01244k|Fig5_whole_stability|10.1039_d0tc01244k__Fig5__whole__stability__PEAI_layer__Series_1,/Users/shunhao/Desktop/ML/lab/data_all/x_time_h/10.1039_d0tc01244k/Fig5_whole_stability/accepted/10.1039_d0tc01244k__Fig5__whole__stability__PEAI_layer__Series_1.csv,x_time_h/10.1039_d0tc01244k/Fig5_whole_stability/accepted/10.1039_d0tc01244k__Fig5__whole__stability__PEAI_layer__Series_1.csv,10.1039/d0tc01244k,Fig5_whole_stability,Series_1,60,60,24,0,506.09717122963366,205.87003575442728,True,1.0016527769797603,1.0,0.9021785877859296,1323,14,3,2,node_3_2,0.36633568797516075,1.0,0.992791341669207,0.9595447215266354,0.9564515106042004,0.9451320136509936,0.9021785877859297,0.0,3,no_initial_change_stable,class_03,/Users/shunhao/Desktop/ML/lab/NEW/som_200h_reanalysis/02_selected_curve_database/main_high_quality_min10/x_time_h/10.1039_d0tc01244k/Fig5_whole_stability/accepted/10.1039_d0tc01244k__Fig5__whole__stability__PEAI_layer__Series_1.csv
x_time_h/10.1039_d1na00173f/Fig5_D_stability_performance_curve/accepted/10.1039_d1na00173f__Fig5__D__stability_performance_curve__ZIF-8@FAI__Series_4.csv,10.1039/d1na00173f|Fig5_D_stability_performance_curve|10.1039_d1na00173f__Fig5__D__stability_performance_curve__ZIF-8@FAI__Series_4,/Users/shunhao/Desktop/ML/lab/data_all/x_time_h/10.1039_d1na00173f/Fig5_D_stability_performance_curve/accepted/10.1039_d1na00173f__Fig5__D__stability_performance_curve__ZIF-8@FAI__Series_4.csv,x_time_h/10.1039_d1na00173f/Fig5_D_stability_performance_curve/accepted/10.1039_d1na00173f__Fig5__D__stability_performance_curve__ZIF-8@FAI__Series_4.csv,10.1039/d1na00173f,Fig5_D_stability_performance_curve,Series_4,46,46,16,0,570.1929772463347,202.7352807986969,True,0.990931354062277,1.0,0.9114538022585852,1334,14,3,2,node_3_2,0.8060803692039163,1.0,0.9915643935117398,0.937597586282248,0.9198436237253884,0.9283644754380288,0.9114538022585853,0.0,3,no_initial_change_stable,class_03,/Users/shunhao/Desktop/ML/lab/NEW/som_200h_reanalysis/02_selected_curve_database/main_high_quality_min10/x_time_h/10.1039_d1na00173f/Fig5_D_stability_performance_curve/accepted/10.1039_d1na00173f__Fig5__D__stability_performance_curve__ZIF-8@FAI__Series_4.csv
x_time_h/10.1039_d1na00173f/Fig5_E_mppt_stability_performance_curve_spectrum/accepted/10.1039_d1na00173f__Fig5__E__mppt_stability_performance_curve_spectrum__ZIF-8@FAI__Series_4.csv,10.1039/d1na00173f|Fig5_E_mppt_stability_performance_curve_spectrum|10.1039_d1na00173f__Fig5__E__mppt_stability_performance_curve_spectrum__ZIF-8@FAI__Series_4,/Users/shunhao/Desktop/ML/lab/data_all/x_time_h/10.1039_d1na00173f/Fig5_E_mppt_stability_performance_curve_spectrum/accepted/10.1039_d1na00173f__Fig5__E__mppt_stability_performance_curve_spectrum__ZIF-8@FAI__Series_4.csv,x_time_h/10.1039_d1na00173f/Fig5_E_mppt_stability_performance_curve_spectrum/accepted/10.1039_d1na00173f__Fig5__E__mppt_stability_performance_curve_spectrum__ZIF-8@FAI__Series_4.csv,10.1039/d1na00173f,Fig5_E_mppt_stability_performance_curve_spectrum,Series_4,48,48,16,0,596.5116198433335,203.0677854785816,True,0.9981472215480756,0.9983602133426728,0.9264087199331532,1339,14,3,2,node_3_2,0.42520733081578865,0.9983602133426728,0.9996330620290306,0.9733133344003667,0.9531094292505745,0.939649723850399,0.9264087199331532,7.333333333333333,3,no_initial_change_stable,class_03,/Users/shunhao/Desktop/ML/lab/NEW/som_200h_reanalysis/02_selected_curve_database/main_high_quality_min10/x_time_h/10.1039_d1na00173f/Fig5_E_mppt_stability_performance_curve_spectrum/accepted/10.1039_d1na00173f__Fig5__E__mppt_stability_performance_curve_spectrum__ZIF-8@FAI__Series_4.csv
x_time_h/10.1039_d1na00173f/Fig5_E_mppt_stability_performance_curve_spectrum/accepted/10.1039_d1na00173f__Fig5__E__mppt_stability_performance_curve_spectrum__ZIF-8__Series_2.csv,10.1039/d1na00173f|Fig5_E_mppt_stability_performance_curve_spectrum|10.1039_d1na00173f__Fig5__E__mppt_stability_performance_curve_spectrum__ZIF-8__Series_2,/Users/shunhao/Desktop/ML/lab/data_all/x_time_h/10.1039_d1na00173f/Fig5_E_mppt_stability_performance_curve_spectrum/accepted/10.1039_d1na00173f__Fig5__E__mppt_stability_performance_curve_spectrum__ZIF-8__Series_2.csv,x_time_h/10.1039_d1na00173f/Fig5_E_mppt_stability_performance_curve_spectrum/accepted/10.1039_d1na00173f__Fig5__E__mppt_stability_performance_curve_spectrum__ZIF-8__Series_2.csv,10.1039/d1na00173f,Fig5_E_mppt_stability_performance_curve_spectrum,Series_2,47,47,16,0,583.819883250922,203.0677854785816,True,0.9998909900627452,0.9994543576875848,0.8937710783038118,1341,14,3,2,node_3_2,0.5476809891938414,0.9994543576875848,0.9998779006512231,0.9911199582803236,0.972472567905975,0.9276217352579252,0.8937710783038118,7.333333333333333,3,no_initial_change_stable,class_03,/Users/shunhao/Desktop/ML/lab/NEW/som_200h_reanalysis/02_selected_curve_database/main_high_quality_min10/x_time_h/10.1039_d1na00173f/Fig5_E_mppt_stability_performance_curve_spectrum/accepted/10.1039_d1na00173f__Fig5__E__mppt_stability_performance_curve_spectrum__ZIF-8__Series_2.csv
x_time_h/10.1039_d4ee03001j/Fig2_E_stability_performance_curve/accepted/10.1039_d4ee03001j__Fig2__E__stability_performance_curve__PEDOT_PSS_MAPI+GASCN__Series_3.csv,10.1039/d4ee03001j|Fig2_E_stability_performance_curve|10.1039_d4ee03001j__Fig2__E__stability_performance_curve__PEDOT_PSS_MAPI+GASCN__Series_3,/Users/shunhao/Desktop/ML/lab/data_all/x_time_h/10.1039_d4ee03001j/Fig2_E_stability_performance_curve/accepted/10.1039_d4ee03001j__Fig2__E__stability_performance_curve__PEDOT_PSS_MAPI+GASCN__Series_3.csv,x_time_h/10.1039_d4ee03001j/Fig2_E_stability_performance_curve/accepted/10.1039_d4ee03001j__Fig2__E__stability_performance_curve__PEDOT_PSS_MAPI+GASCN__Series_3.csv,10.1039/d4ee03001j,Fig2_E_stability_performance_curve,Series_3,58,57,32,1,357.2255164587288,204.12886654784504,True,13.051416523571923,0.9764517014870516,0.8333603367857675,1360,14,3,2,node_3_2,1.1668014089569085,0.9764517014870516,0.9147742978148095,0.9864942289215964,0.9943241522815808,0.9187368349737083,0.8333603367857675,76.66666666666666,3,no_initial_change_stable,class_03,/Users/shunhao/Desktop/ML/lab/NEW/som_200h_reanalysis/02_selected_curve_database/main_high_quality_min10/x_time_h/10.1039_d4ee03001j/Fig2_E_stability_performance_curve/accepted/10.1039_d4ee03001j__Fig2__E__stability_performance_curve__PEDOT_PSS_MAPI+GASCN__Series_3.csv
x_time_h/10.1039_d4sc02020k/Fig4_C_stability_performance_curve_pce/accepted/10.1039_d4sc02020k__Fig4__C__stability_performance_curve_pce__PTAA_Li-TFSI__Series_1.csv,10.1039/d4sc02020k|Fig4_C_stability_performance_curve_pce|10.1039_d4sc02020k__Fig4__C__stability_performance_curve_pce__PTAA_Li-TFSI__Series_1,/Users/shunhao/Desktop/ML/lab/data_all/x_time_h/10.1039_d4sc02020k/Fig4_C_stability_performance_curve_pce/accepted/10.1039_d4sc02020k__Fig4__C__stability_performance_curve_pce__PTAA_Li-TFSI__Series_1.csv,x_time_h/10.1039_d4sc02020k/Fig4_C_stability_performance_curve_pce/accepted/10.1039_d4sc02020k__Fig4__C__stability_performance_curve_pce__PTAA_Li-TFSI__Series_1.csv,10.1039/d4sc02020k,Fig4_C_stability_performance_curve_pce,Series_1,56,56,10,0,1124.9635875590373,204.5388341016431,True,0.9977493576648032,1.0,0.9101526007378504,1368,14,3,2,node_3_2,0.31991620910072993,1.0,0.9983362941375618,0.9822679341775878,0.9577658674068068,0.9338249281138791,0.9101526007378504,0.0,3,no_initial_change_stable,class_03,/Users/shunhao/Desktop/ML/lab/NEW/som_200h_reanalysis/02_selected_curve_database/main_high_quality_min10/x_time_h/10.1039_d4sc02020k/Fig4_C_stability_performance_curve_pce/accepted/10.1039_d4sc02020k__Fig4__C__stability_performance_curve_pce__PTAA_Li-TFSI__Series_1.csv
x_time_h/10.1039_d4ta04853a/Fig4_A_stability_performance_curve_pce/accepted/10.1039_d4ta04853a__Fig4__A__stability_performance_curve_pce__Control__Series_1.csv,10.1039/d4ta04853a|Fig4_A_stability_performance_curve_pce|10.1039_d4ta04853a__Fig4__A__stability_performance_curve_pce__Control__Series_1,/Users/shunhao/Desktop/ML/lab/data_all/x_time_h/10.1039_d4ta04853a/Fig4_A_stability_performance_curve_pce/accepted/10.1039_d4ta04853a__Fig4__A__stability_performance_curve_pce__Control__Series_1.csv,x_time_h/10.1039_d4ta04853a/Fig4_A_stability_performance_curve_pce/accepted/10.1039_d4ta04853a__Fig4__A__stability_performance_curve_pce__Control__Series_1.csv,10.1039/d4ta04853a,Fig4_A_stability_performance_curve_pce,Series_1,80,80,11,0,1469.89075122207,204.66833244864264,True,23.788414187024458,1.0,0.9140401752498758,1378,14,3,2,node_3_2,0.29712224252626207,1.0,0.9884897194132449,0.9632056207562262,0.9501410788130765,0.9371684800645015,0.9140401752498758,0.0,3,no_initial_change_stable,class_03,/Users/shunhao/Desktop/ML/lab/NEW/som_200h_reanalysis/02_selected_curve_database/main_high_quality_min10/x_time_h/10.1039_d4ta04853a/Fig4_A_stability_performance_curve_pce/accepted/10.1039_d4ta04853a__Fig4__A__stability_performance_curve_pce__Control__Series_1.csv
x_time_h/10.1039_d4ta08811e/Fig5_G_stability_performance_curve_pce/accepted/10.1039_d4ta08811e__Fig5__G__stability_performance_curve_pce__CT__Series_3.csv,10.1039/d4ta08811e|Fig5_G_stability_performance_curve_pce|10.1039_d4ta08811e__Fig5__G__stability_performance_curve_pce__CT__Series_3,/Users/shunhao/Desktop/ML/lab/data_all/x_time_h/10.1039_d4ta08811e/Fig5_G_stability_performance_curve_pce/accepted/10.1039_d4ta08811e__Fig5__G__stability_performance_curve_pce__CT__Series_3.csv,x_time_h/10.1039_d4ta08811e/Fig5_G_stability_performance_curve_pce/accepted/10.1039_d4ta08811e__Fig5__G__stability_performance_curve_pce__CT__Series_3.csv,10.1039/d4ta08811e,Fig5_G_stability_performance_curve_pce,Series_3,147,147,30,0,1075.567987739481,205.52254542792627,True,0.99907551343577,0.9998143946300873,0.9149284891058526,1382,14,3,2,node_3_2,0.24240170505620595,0.9998143946300873,0.9994007915647107,0.9776865505749592,0.9459399704178502,0.9271779176947934,0.9149284891058526,3.5,3,no_initial_change_stable,class_03,/Users/shunhao/Desktop/ML/lab/NEW/som_200h_reanalysis/02_selected_curve_database/main_high_quality_min10/x_time_h/10.1039_d4ta08811e/Fig5_G_stability_performance_curve_pce/accepted/10.1039_d4ta08811e__Fig5__G__stability_performance_curve_pce__CT__Series_3.csv
x_time_h/10.1063_5.0024135/Fig5_whole_stability/accepted/10.1063_5.0024135__Fig5__whole__stability__PEA__Series_1.csv,10.1063/5.0024135|Fig5_whole_stability|10.1063_5.0024135__Fig5__whole__stability__PEA__Series_1,/Users/shunhao/Desktop/ML/lab/data_all/x_time_h/10.1063_5.0024135/Fig5_whole_stability/accepted/10.1063_5.0024135__Fig5__whole__stability__PEA__Series_1.csv,x_time_h/10.1063_5.0024135/Fig5_whole_stability/accepted/10.1063_5.0024135__Fig5__whole__stability__PEA__Series_1.csv,10.1063/5.0024135,Fig5_whole_stability,Series_1,58,58,15,0,799.6188821050198,210.4260216065842,True,11.22330201339508,1.0,0.9123394118521764,1392,14,3,2,node_3_2,0.2143003535609563,1.0,0.9925417778624387,0.9668003202752609,0.9443991758310992,0.9283692938416377,0.9123394118521764,0.0,3,no_initial_change_stable,class_03,/Users/shunhao/Desktop/ML/lab/NEW/som_200h_reanalysis/02_selected_curve_database/main_high_quality_min10/x_time_h/10.1063_5.0024135/Fig5_whole_stability/accepted/10.1063_5.0024135__Fig5__whole__stability__PEA__Series_1.csv
x_time_h/10.1063_5.0050512/Fig4_D_stability_performance_curve_pce/accepted/10.1063_5.0050512__Fig4__D__stability_performance_curve_pce__PEDOT_PSS_MAPbI3__Series_2.csv,10.1063/5.0050512|Fig4_D_stability_performance_curve_pce|10.1063_5.0050512__Fig4__D__stability_performance_curve_pce__PEDOT_PSS_MAPbI3__Series_2,/Users/shunhao/Desktop/ML/lab/data_all/x_time_h/10.1063_5.0050512/Fig4_D_stability_performance_curve_pce/accepted/10.1063_5.0050512__Fig4__D__stability_performance_curve_pce__PEDOT_PSS_MAPbI3__Series_2.csv,x_time_h/10.1063_5.0050512/Fig4_D_stability_performance_curve_pce/accepted/10.1063_5.0050512__Fig4__D__stability_performance_curve_pce__PEDOT_PSS_MAPbI3__Series_2.csv,10.1063/5.0050512,Fig4_D_stability_performance_curve_pce,Series_2,55,55,16,0,677.8325612548022,200.8392774088303,True,15.034752621726266,0.9993376655085838,0.8896467509698714,1393,14,3,2,node_3_2,0.35407829561846854,0.9993376655085838,0.9998385934116786,0.9857033286537583,0.9616939115515841,0.9241475342552988,0.8896467509698714,7.166666666666666,3,no_initial_change_stable,class_03,/Users/shunhao/Desktop/ML/lab/NEW/som_200h_reanalysis/02_selected_curve_database/main_high_quality_min10/x_time_h/10.1063_5.0050512/Fig4_D_stability_performance_curve_pce/accepted/10.1063_5.0050512__Fig4__D__stability_performance_curve_pce__PEDOT_PSS_MAPbI3__Series_2.csv
x_time_h/10.1063_5.0142995/Fig4_D_stability_performance_curve_pce/accepted/10.1063_5.0142995__Fig4__D__stability_performance_curve_pce__DFCHAI-treated_(Initial_PCE_21.45%)__Series_2.csv,10.1063/5.0142995|Fig4_D_stability_performance_curve_pce|10.1063_5.0142995__Fig4__D__stability_performance_curve_pce__DFCHAI-treated_(Initial_PCE_21.45%)__Series_2,/Users/shunhao/Desktop/ML/lab/data_all/x_time_h/10.1063_5.0142995/Fig4_D_stability_performance_curve_pce/accepted/10.1063_5.0142995__Fig4__D__stability_performance_curve_pce__DFCHAI-treated_(Initial_PCE_21.45%)__Series_2.csv,x_time_h/10.1063_5.0142995/Fig4_D_stability_performance_curve_pce/accepted/10.1063_5.0142995__Fig4__D__stability_performance_curve_pce__DFCHAI-treated_(Initial_PCE_21.45%)__Series_2.csv,10.1063/5.0142995,Fig4_D_stability_performance_curve_pce,Series_2,49,49,20,0,497.2396313041148,207.18317971004785,True,0.9980693070797162,1.0,0.9045248073112988,1395,14,3,2,node_3_2,0.5385906619695058,1.0,0.982715097555013,0.9559119063415762,0.9286726797916693,0.9121905394159886,0.9045248073112987,0.0,3,no_initial_change_stable,class_03,/Users/shunhao/Desktop/ML/lab/NEW/som_200h_reanalysis/02_selected_curve_database/main_high_quality_min10/x_time_h/10.1063_5.0142995/Fig4_D_stability_performance_curve_pce/accepted/10.1063_5.0142995__Fig4__D__stability_performance_curve_pce__DFCHAI-treated_(Initial_PCE_21.45%)__Series_2.csv
x_time_h/10.1126_sciadv.abd1580/Fig5_B_stability_performance_curve/accepted/10.1126_sciadv.abd1580__Fig5__B__stability_performance_curve__PSCs_with_Cu__Series_1.csv,10.1126/sciadv.abd1580|Fig5_B_stability_performance_curve|10.1126_sciadv.abd1580__Fig5__B__stability_performance_curve__PSCs_with_Cu__Series_1,/Users/shunhao/Desktop/ML/lab/data_all/x_time_h/10.1126_sciadv.abd1580/Fig5_B_stability_performance_curve/accepted/10.1126_sciadv.abd1580__Fig5__B__stability_performance_curve__PSCs_with_Cu__Series_1.csv,x_time_h/10.1126_sciadv.abd1580/Fig5_B_stability_performance_curve/accepted/10.1126_sciadv.abd1580__Fig5__B__stability_performance_curve__PSCs_with_Cu__Series_1.csv,10.1126/sciadv.abd1580,Fig5_B_stability_performance_curve,Series_1,56,56,11,0,1087.6784922253992,217.53569844507984,True,0.9952745318458264,1.0,0.9053491463978722,1401,14,3,2,node_3_2,0.33236712502106075,1.0,0.9924877046077397,0.9621125352756957,0.9350734266063954,0.9186703976513753,0.9053491463978722,0.0,3,no_initial_change_stable,class_03,/Users/shunhao/Desktop/ML/lab/NEW/som_200h_reanalysis/02_selected_curve_database/main_high_quality_min10/x_time_h/10.1126_sciadv.abd1580/Fig5_B_stability_performance_curve/accepted/10.1126_sciadv.abd1580__Fig5__B__stability_performance_curve__PSCs_with_Cu__Series_1.csv
x_time_h/10.1126_sciadv.abd1580/Fig5_C_mppt_stability_performance_curve_pce/accepted/10.1126_sciadv.abd1580__Fig5__C__mppt_stability_performance_curve_pce__PSCs_with_Cu__Series_2.csv,10.1126/sciadv.abd1580|Fig5_C_mppt_stability_performance_curve_pce|10.1126_sciadv.abd1580__Fig5__C__mppt_stability_performance_curve_pce__PSCs_with_Cu__Series_2,/Users/shunhao/Desktop/ML/lab/data_all/x_time_h/10.1126_sciadv.abd1580/Fig5_C_mppt_stability_performance_curve_pce/accepted/10.1126_sciadv.abd1580__Fig5__C__mppt_stability_performance_curve_pce__PSCs_with_Cu__Series_2.csv,x_time_h/10.1126_sciadv.abd1580/Fig5_C_mppt_stability_performance_curve_pce/accepted/10.1126_sciadv.abd1580__Fig5__C__mppt_stability_performance_curve_pce__PSCs_with_Cu__Series_2.csv,10.1126/sciadv.abd1580,Fig5_C_mppt_stability_performance_curve_pce,Series_2,136,136,28,0,994.1862794154777,206.20159869358056,True,1.0473162315301665,0.9591875271254598,0.8878210483747407,1402,14,3,2,node_3_2,0.4187473472218469,0.9591875271254598,0.9759550261808574,0.9954902899102371,0.9492786147674347,0.9223143733009692,0.8878210483747407,41.33333333333333,3,no_initial_change_stable,class_03,/Users/shunhao/Desktop/ML/lab/NEW/som_200h_reanalysis/02_selected_curve_database/main_high_quality_min10/x_time_h/10.1126_sciadv.abd1580/Fig5_C_mppt_stability_performance_curve_pce/accepted/10.1126_sciadv.abd1580__Fig5__C__mppt_stability_performance_curve_pce__PSCs_with_Cu__Series_2.csv
x_time_h/10.1142_s179329201950022x/Fig4_E_stability_performance_curve_pce/accepted/10.1142_s179329201950022x__Fig4__E__stability_performance_curve_pce__0wt%BHT__Series_2.csv,10.1142/s179329201950022x|Fig4_E_stability_performance_curve_pce|10.1142_s179329201950022x__Fig4__E__stability_performance_curve_pce__0wt%BHT__Series_2,/Users/shunhao/Desktop/ML/lab/data_all/x_time_h/10.1142_s179329201950022x/Fig4_E_stability_performance_curve_pce/accepted/10.1142_s179329201950022x__Fig4__E__stability_performance_curve_pce__0wt%BHT__Series_2.csv,x_time_h/10.1142_s179329201950022x/Fig4_E_stability_performance_curve_pce/accepted/10.1142_s179329201950022x__Fig4__E__stability_performance_curve_pce__0wt%BHT__Series_2.csv,10.1142/s179329201950022x,Fig4_E_stability_performance_curve_pce,Series_2,39,39,17,0,463.4158994926528,207.31763924671304,True,15.055455266143078,0.999355157841476,0.9055045127488662,1412,14,3,2,node_3_2,0.4206158151871764,0.9993551578414759,0.9998052367394528,0.9889825826708103,0.9611554215275432,0.9336783853080428,0.9055045127488662,7.0,3,no_initial_change_stable,class_03,/Users/shunhao/Desktop/ML/lab/NEW/som_200h_reanalysis/02_selected_curve_database/main_high_quality_min10/x_time_h/10.1142_s179329201950022x/Fig4_E_stability_performance_curve_pce/accepted/10.1142_s179329201950022x__Fig4__E__stability_performance_curve_pce__0wt%BHT__Series_2.csv
x_time_h/10.3390_molecules29122758/Fig5_C_stability_performance_curve_pce/accepted/10.3390_molecules29122758__Fig5__C__stability_performance_curve_pce__2-cation__Series_1.csv,10.3390/molecules29122758|Fig5_C_stability_performance_curve_pce|10.3390_molecules29122758__Fig5__C__stability_performance_curve_pce__2-cation__Series_1,/Users/shunhao/Desktop/ML/lab/data_all/x_time_h/10.3390_molecules29122758/Fig5_C_stability_performance_curve_pce/accepted/10.3390_molecules29122758__Fig5__C__stability_performance_curve_pce__2-cation__Series_1.csv,x_time_h/10.3390_molecules29122758/Fig5_C_stability_performance_curve_pce/accepted/10.3390_molecules29122758__Fig5__C__stability_performance_curve_pce__2-cation__Series_1.csv,10.3390/molecules29122758,Fig5_C_stability_performance_curve_pce,Series_1,59,59,15,0,790.4131648083219,204.41719779525567,True,0.9983647382148076,1.0,0.8714611244637623,1427,14,3,2,node_3_2,0.540429547815662,1.0,0.9991043335602205,0.9781492425037631,0.9400141960641156,0.9047292736533501,0.8714611244637623,0.0,3,no_initial_change_stable,class_03,/Users/shunhao/Desktop/ML/lab/NEW/som_200h_reanalysis/02_selected_curve_database/main_high_quality_min10/x_time_h/10.3390_molecules29122758/Fig5_C_stability_performance_curve_pce/accepted/10.3390_molecules29122758__Fig5__C__stability_performance_curve_pce__2-cation__Series_1.csv
x_time_h/10.3390_molecules29122758/Fig5_C_stability_performance_curve_pce/accepted/10.3390_molecules29122758__Fig5__C__stability_performance_curve_pce__3-cation__Series_2.csv,10.3390/molecules29122758|Fig5_C_stability_performance_curve_pce|10.3390_molecules29122758__Fig5__C__stability_performance_curve_pce__3-cation__Series_2,/Users/shunhao/Desktop/ML/lab/data_all/x_time_h/10.3390_molecules29122758/Fig5_C_stability_performance_curve_pce/accepted/10.3390_molecules29122758__Fig5__C__stability_performance_curve_pce__3-cation__Series_2.csv,x_time_h/10.3390_molecules29122758/Fig5_C_stability_performance_curve_pce/accepted/10.3390_molecules29122758__Fig5__C__stability_performance_curve_pce__3-cation__Series_2.csv,10.3390/molecules29122758,Fig5_C_stability_performance_curve_pce,Series_2,59,59,15,0,790.413164808322,204.4171977952557,True,1.0051541993163886,1.0,0.9073777189501602,1428,14,3,2,node_3_2,0.44871148038447206,1.0,0.9962558375962454,0.9879813802345564,0.9655164540257086,0.9369020860984588,0.9073777189501602,0.0,3,no_initial_change_stable,class_03,/Users/shunhao/Desktop/ML/lab/NEW/som_200h_reanalysis/02_selected_curve_database/main_high_quality_min10/x_time_h/10.3390_molecules29122758/Fig5_C_stability_performance_curve_pce/accepted/10.3390_molecules29122758__Fig5__C__stability_performance_curve_pce__3-cation__Series_2.csv
