candidate,id,medoid,cluster,path_length,path_length_ratio,max_index_warp,mean_index_warp,max_time_warp_fraction,mean_time_warp_fraction,boundary_fraction,turn_collapse_fraction,turns
M000352,C054,C039,1,20,1.0,0.12631578947368421,0.05,0.1938425845556303,0.08315899491171608,0.05,0.0,0
M000352,C213,C039,1,20,1.0,0.04093567251461988,0.016812865497076012,0.04549730592425584,0.027317299102001636,0.0,0.0,2
M000352,C040,C085,2,20,1.0,0.12631578947368416,0.05210526315789473,0.14025557342466455,0.05300382357107051,0.05,0.0,3
M000352,C075,C085,2,8,1.0,0.1428571428571429,0.057142857142857155,0.09485456268324494,0.03473853741563202,0.0,0.0,0
M000352,C076,C085,2,8,1.0,0.17142857142857137,0.07499999999999998,0.18800025428984482,0.09191718598006449,0.125,0.0,0
M000352,C077,C085,2,8,1.0,0.17142857142857137,0.07499999999999998,0.18800025428984507,0.09191718598006453,0.125,0.0,0
M000352,C082,C085,2,35,1.0,0.10588235294117648,0.048907563025210085,0.20485107385716583,0.09558663473471361,0.0,0.0,0
M000352,C083,C085,2,35,1.0,0.10588235294117648,0.048907563025210085,0.20485107385716578,0.09558663473471363,0.0,0.0,0
M000352,C084,C085,2,7,1.1666666666666667,0.20000000000000007,0.14285714285714285,0.17304559604762695,0.11813634342176756,0.7142857142857143,0.0,0
M000352,C088,C085,2,15,1.0,0.12857142857142856,0.05238095238095238,0.13360559120817506,0.05719959197321264,0.0,0.0,0
M000352,C089,C085,2,15,1.0,0.1285714285714286,0.05238095238095238,0.20443412483720122,0.07648376113854186,0.0,0.0,0
M000352,C090,C085,2,15,1.0,0.1285714285714286,0.058095238095238096,0.20443412483720122,0.08440298359084389,0.0,0.0,0
M000352,C096,C085,2,11,1.0,0.1,0.04545454545454544,0.08980680634318378,0.0434106721173326,0.0,0.0,1
M000352,C134,C085,2,7,1.1666666666666667,0.20000000000000007,0.1142857142857143,0.2834043646479757,0.1407121591008276,0.5714285714285714,0.0,0
M000352,C135,C085,2,7,1.1666666666666667,0.20000000000000007,0.14285714285714285,0.2834043646479757,0.16543295853620285,0.7142857142857143,0.0,0
M000352,C184,C085,2,20,1.0,0.12631578947368416,0.05210526315789473,0.14535065438220804,0.05777844973712004,0.05,0.0,1
M000352,C205,C085,2,19,1.0,0.12222222222222223,0.05087719298245613,0.1422717821799817,0.056269835120339395,0.0,0.0,3
M000352,C206,C085,2,19,1.0,0.12222222222222223,0.05087719298245613,0.1422717821799817,0.0562698351203394,0.0,0.0,0
M000352,C207,C085,2,19,1.0,0.12222222222222223,0.050877192982456146,0.1961096401746815,0.08602480109560429,0.0,0.4,5
M000352,C208,C085,2,18,1.0,0.12941176470588234,0.052941176470588235,0.18654643434559967,0.09502097016236999,0.05555555555555555,0.0,2
M000352,C209,C085,2,18,1.0,0.12941176470588234,0.05228758169934641,0.17754587548028428,0.07092236347743408,0.05555555555555555,0.0,3
M000352,C211,C085,2,17,1.0,0.125,0.051470588235294115,0.134864941573268,0.06980825854983072,0.0,0.0,4
M000352,C212,C085,2,19,1.0,0.12222222222222223,0.05087719298245613,0.15057821722860176,0.06101672190950422,0.0,0.0,3
M000352,C214,C085,2,19,1.0,0.12222222222222223,0.05087719298245613,0.15057821722860176,0.06101672190950422,0.0,0.0,0
M000352,C215,C085,2,7,1.0,0.16666666666666663,0.07142857142857144,0.08521557574505782,0.04566169169192585,0.0,0.0,1
M000352,C217,C085,2,45,1.0,0.1090909090909091,0.0494949494949495,0.23310545033377658,0.09446325701312216,0.0,0.5,4
M000352,C218,C085,2,45,1.0,0.1090909090909091,0.0494949494949495,0.23310545033377658,0.09446325701312216,0.0,0.0,0
M000596,C054,C039,1,20,1.0,0.18947368421052635,0.08,0.2650344244996216,0.10763838650670185,0.0,0.0,0
M000596,C213,C039,1,23,1.15,0.19298245614035087,0.10640732265446222,0.19748938042984082,0.11069446600564556,0.0,0.0,2
M000596,C040,C088,2,21,1.05,0.1842105263157895,0.0936269244539921,0.15379639631485215,0.0710197184587188,0.0,0.0,3
M000596,C075,C088,2,15,1.0,0.1428571428571429,0.07142857142857144,0.07220648625806889,0.033665739084231254,0.0,0.0,0
M000596,C076,C088,2,15,1.0,0.1428571428571429,0.09047619047619046,0.21179662457255657,0.13724377458260964,0.0,0.0,0
M000596,C077,C088,2,15,1.0,0.1428571428571429,0.08095238095238093,0.21179662457255682,0.1361237040234585,0.0,0.0,0
M000596,C082,C088,2,35,1.0,0.19747899159663862,0.1048019207683073,0.2499424035483133,0.13588874631464268,0.0,0.0,0
M000596,C084,C088,2,15,1.0,0.18571428571428572,0.08666666666666666,0.15776001935780626,0.06364077281311427,0.0,0.0,0
M000596,C085,C088,2,15,1.0,0.18571428571428572,0.08095238095238093,0.1577600193578065,0.06991847857102919,0.0,0.0,0
M000596,C089,C088,2,17,1.1333333333333333,0.1428571428571429,0.1134453781512605,0.1416570672580523,0.10514790583017186,0.0,0.0,0
M000596,C090,C088,2,17,1.1333333333333333,0.1428571428571429,0.10504201680672269,0.1416570672580523,0.09681513716793351,0.0,0.0,0
M000596,C096,C088,2,15,1.0,0.2,0.10666666666666665,0.18461435439968155,0.09797511770957663,0.06666666666666667,0.0,1
M000596,C134,C088,2,15,1.0,0.18571428571428575,0.08285714285714284,0.3020379147869852,0.15784653064400794,0.0,0.0,0
M000596,C135,C088,2,15,1.0,0.18571428571428575,0.08666666666666667,0.3020379147869852,0.17085435396185436,0.0,0.0,0
M000596,C184,C088,2,21,1.05,0.19172932330827067,0.1258503401360544,0.15945373931151596,0.088788223971475,0.0,0.0,1
M000596,C205,C088,2,20,1.0526315789473684,0.19841269841269843,0.11071428571428572,0.16724523616754106,0.08350012496250783,0.0,0.0,3
M000596,C206,C088,2,19,1.0,0.19047619047619047,0.09774436090225565,0.16437940507582005,0.07549361009888644,0.0,0.0,0
M000596,C208,C088,2,18,1.0,0.17647058823529416,0.08333333333333333,0.2050546599365097,0.1022880490935732,0.0,0.0,2
M000596,C209,C088,2,22,1.2222222222222223,0.17647058823529416,0.08498854087089382,0.20505465993650981,0.08781368030335877,0.0,0.3333333333333333,3
M000596,C212,C088,2,21,1.105263157894737,0.19841269841269843,0.11980347694633409,0.1560729700272,0.08155521591200243,0.0,0.0,3
M000596,C214,C088,2,19,1.0,0.19047619047619047,0.09774436090225565,0.1560729700272,0.0701024996523157,0.0,0.0,0
M000596,C215,C088,2,15,1.0,0.1904761904761905,0.08888888888888888,0.22772954910143048,0.07505729613596707,0.0,0.0,1
M000596,C217,C088,2,47,1.0444444444444445,0.19805194805194806,0.14437689969604864,0.24419401495579365,0.17851950346956177,0.0,0.25,4
M000596,C218,C088,2,47,1.0444444444444445,0.19805194805194806,0.14437689969604864,0.24419401495579365,0.17851950346956183,0.0,0.0,0
M000596,C083,C211,3,38,1.0857142857142856,0.1985294117647059,0.11522832817337463,0.14477931273287772,0.0799796514791706,0.0,0.0,4
M000596,C207,C211,3,24,1.263157894736842,0.13194444444444445,0.05410879629629629,0.173233145035549,0.05676474372248019,0.0,0.1111111111111111,9
M001162,C054,C039,1,20,1.0,0.12631578947368421,0.05,0.1938425845556303,0.08315899491171608,0.05,0.0,0
M001162,C213,C039,1,20,1.0,0.04093567251461988,0.016812865497076012,0.04549730592425584,0.027317299102001636,0.0,0.0,0
M001162,C040,C085,2,20,1.0,0.12631578947368416,0.05210526315789473,0.14025557342466455,0.05300382357107051,0.05,0.0,0
M001162,C075,C085,2,8,1.0,0.1428571428571429,0.057142857142857155,0.09485456268324494,0.03473853741563202,0.0,0.0,0
M001162,C076,C085,2,8,1.0,0.17142857142857137,0.07499999999999998,0.18800025428984482,0.09191718598006449,0.125,0.0,0
M001162,C077,C085,2,8,1.0,0.17142857142857137,0.07499999999999998,0.18800025428984507,0.09191718598006453,0.125,0.0,0
M001162,C082,C085,2,35,1.0,0.10588235294117648,0.048907563025210085,0.20485107385716583,0.09558663473471361,0.0,0.0,0
M001162,C083,C085,2,35,1.0,0.10588235294117648,0.048907563025210085,0.20485107385716578,0.09558663473471363,0.0,0.0,0
M001162,C084,C085,2,7,1.1666666666666667,0.20000000000000007,0.14285714285714285,0.17304559604762695,0.11813634342176756,0.7142857142857143,0.0,0
M001162,C088,C085,2,15,1.0,0.12857142857142856,0.05238095238095238,0.13360559120817506,0.05719959197321264,0.0,0.0,0
M001162,C089,C085,2,15,1.0,0.1285714285714286,0.05238095238095238,0.20443412483720122,0.07648376113854186,0.0,0.0,0
M001162,C090,C085,2,15,1.0,0.1285714285714286,0.058095238095238096,0.20443412483720122,0.08440298359084389,0.0,0.0,0
M001162,C096,C085,2,11,1.0,0.1,0.04545454545454544,0.1550842347789898,0.05587638789100105,0.0,0.0,0
M001162,C134,C085,2,7,1.1666666666666667,0.20000000000000007,0.1142857142857143,0.2834043646479757,0.1407121591008276,0.5714285714285714,0.0,0
M001162,C135,C085,2,7,1.1666666666666667,0.20000000000000007,0.14285714285714285,0.2834043646479757,0.16543295853620285,0.7142857142857143,0.0,0
M001162,C184,C085,2,20,1.0,0.12631578947368416,0.05210526315789473,0.14535065438220804,0.05777844973712004,0.05,0.0,0
M001162,C205,C085,2,19,1.0,0.12222222222222223,0.050877192982456146,0.1961096401746815,0.0789425899145837,0.0,0.0,0
M001162,C206,C085,2,19,1.0,0.12222222222222223,0.05087719298245613,0.1422717821799817,0.0562698351203394,0.0,0.0,0
M001162,C207,C085,2,19,1.0,0.12222222222222223,0.050877192982456146,0.1961096401746815,0.08602480109560429,0.0,0.0,0
M001162,C208,C085,2,18,1.0,0.12941176470588234,0.052941176470588235,0.18654643434559967,0.09502097016236999,0.05555555555555555,0.0,0
M001162,C209,C085,2,18,1.0,0.12941176470588234,0.05228758169934641,0.17754587548028428,0.07092236347743408,0.05555555555555555,0.0,0
M001162,C211,C085,2,17,1.0,0.125,0.051470588235294115,0.134864941573268,0.06980825854983072,0.0,0.0,0
M001162,C212,C085,2,19,1.0,0.12222222222222223,0.050877192982456146,0.2032294416449272,0.08756164943318046,0.0,0.0,0
M001162,C214,C085,2,19,1.0,0.12222222222222223,0.05087719298245613,0.15057821722860176,0.06101672190950422,0.0,0.0,0
M001162,C215,C085,2,7,1.0,0.16666666666666663,0.07142857142857144,0.08521557574505782,0.04566169169192585,0.0,0.0,0
M001162,C217,C085,2,45,1.0,0.1090909090909091,0.0494949494949495,0.23310545033377658,0.09446325701312216,0.0,0.0,0
M001162,C218,C085,2,45,1.0,0.1090909090909091,0.0494949494949495,0.23310545033377658,0.09446325701312216,0.0,0.0,0
M001307,C054,C039,1,20,1.0,0.12631578947368416,0.054210526315789466,0.15012358104936885,0.06111652837700998,0.05,0.0,0
M001307,C213,C039,1,20,1.0,0.029239766081871343,0.013304093567251457,0.04072802692954278,0.020364013464771364,0.0,0.0,2
M001307,C040,C088,2,20,1.0,0.052631578947368474,0.023120300751879715,0.07805883353360513,0.03663104653549089,0.0,0.0,3
M001307,C075,C088,2,15,1.0,0.07142857142857145,0.033333333333333326,0.1411977497150381,0.061516068051251566,0.0,0.0,0
M001307,C076,C088,2,15,1.0,0.07142857142857151,0.03333333333333333,0.1411977497150379,0.05227130116935426,0.0,0.0,0
M001307,C077,C088,2,15,1.0,0.07142857142857151,0.03333333333333333,0.1409680909435308,0.06100196452597736,0.0,0.0,0
M001307,C082,C088,2,35,1.0,0.05042016806722688,0.021368547418967584,0.10588518509207971,0.050627473225431346,0.05714285714285714,0.0,0
M001307,C083,C088,2,35,1.0,0.05042016806722688,0.021128451380552218,0.10588518509207971,0.050627473225431374,0.05714285714285714,0.0,0
M001307,C084,C088,2,15,1.0,0.12857142857142856,0.05238095238095238,0.16499411999774985,0.0728121188270067,0.0,0.0,0
M001307,C085,C088,2,15,1.0,0.1285714285714286,0.05619047619047619,0.20443412483720122,0.08434849189684832,0.0,0.0,0
M001307,C089,C088,2,17,1.1333333333333333,0.07142857142857151,0.05042016806722689,0.07082853362902627,0.0499966119734302,0.7058823529411765,0.0,0
M001307,C090,C088,2,18,1.2,0.07142857142857151,0.04365079365079365,0.07082853362902627,0.039815881415772005,0.6111111111111112,0.0,0
M001307,C096,C088,2,15,1.0,0.08571428571428574,0.04000000000000001,0.09869978011642282,0.04201742597693409,0.13333333333333333,0.0,1
M001307,C134,C088,2,15,1.0,0.1285714285714286,0.054285714285714284,0.24857763227734078,0.10469516681347095,0.0,0.0,0
M001307,C135,C088,2,15,1.0,0.1285714285714286,0.058095238095238096,0.24857763227734078,0.10469516681347095,0.0,0.0,0
M001307,C184,C088,2,20,1.0,0.06015037593984962,0.02255639097744361,0.09431865997709192,0.04119725975532236,0.0,0.0,1
M001307,C205,C088,2,19,1.0,0.05555555555555555,0.020050125313283193,0.07635588489646906,0.0324407594967998,0.0,0.0,3
M001307,C206,C088,2,19,1.0,0.06349206349206349,0.02631578947368421,0.09621239162251628,0.04033852773109908,0.05263157894736842,0.0,0
M001307,C209,C088,2,18,1.0,0.06302521008403361,0.02567693744164332,0.09028584203537428,0.029816076930712927,0.0,0.0,3
M001307,C212,C088,2,19,1.0,0.05555555555555555,0.020050125313283193,0.09652865572883229,0.04219425128284297,0.0,0.0,3
M001307,C214,C088,2,19,1.0,0.06349206349206349,0.02631578947368421,0.11282526171975653,0.05009201951714228,0.05263157894736842,0.0,0
M001307,C215,C088,2,15,1.0,0.11904761904761907,0.053968253968253964,0.18469330817974153,0.07584994739555759,0.13333333333333333,0.0,1
M001307,C218,C088,2,45,1.0,0.04545454545454547,0.019047619047619046,0.0920881536340061,0.03977230284264726,0.0,0.0,0
M001307,C207,C208,3,21,1.105263157894737,0.05555555555555555,0.029256146903205722,0.051493943784409885,0.027646144558676946,0.0,0.0,7
M001307,C211,C208,3,19,1.0555555555555556,0.04411764705882354,0.021671826625386983,0.0561817722049899,0.023655483033679914,0.0,0.0,6
M001307,C217,C208,3,45,1.0,0.0401069518716578,0.0162210338680927,0.06654705035389119,0.02179080412817894,0.0,0.0,6
M001486,C054,C039,1,20,1.0,0.12631578947368421,0.05,0.1938425845556303,0.08315899491171608,0.05,0.0,0
M001486,C213,C039,1,20,1.0,0.04093567251461988,0.016812865497076012,0.04549730592425584,0.027317299102001636,0.0,0.0,2
M001486,C040,C085,2,20,1.0,0.12631578947368416,0.05210526315789473,0.14025557342466455,0.05300382357107051,0.05,0.0,3
M001486,C075,C085,2,8,1.0,0.1428571428571429,0.057142857142857155,0.09485456268324494,0.03473853741563202,0.0,0.0,0
M001486,C076,C085,2,8,1.0,0.17142857142857137,0.07499999999999998,0.18800025428984482,0.09191718598006449,0.125,0.0,0
M001486,C077,C085,2,8,1.0,0.17142857142857137,0.07499999999999998,0.18800025428984507,0.09191718598006453,0.125,0.0,0
M001486,C082,C085,2,35,1.0,0.10588235294117648,0.048907563025210085,0.20485107385716583,0.09558663473471361,0.0,0.0,0
M001486,C083,C085,2,35,1.0,0.10588235294117648,0.048907563025210085,0.20485107385716578,0.09558663473471363,0.0,0.0,0
M001486,C084,C085,2,7,1.1666666666666667,0.20000000000000007,0.14285714285714285,0.17304559604762695,0.11813634342176756,0.7142857142857143,0.0,0
M001486,C088,C085,2,15,1.0,0.12857142857142856,0.05238095238095238,0.13360559120817506,0.05719959197321264,0.0,0.0,0
M001486,C089,C085,2,15,1.0,0.1285714285714286,0.05238095238095238,0.20443412483720122,0.07648376113854186,0.0,0.0,0
M001486,C090,C085,2,15,1.0,0.1285714285714286,0.058095238095238096,0.20443412483720122,0.08440298359084389,0.0,0.0,0
M001486,C096,C085,2,11,1.0,0.1,0.04545454545454544,0.1550842347789898,0.05587638789100105,0.0,0.0,1
M001486,C134,C085,2,7,1.1666666666666667,0.20000000000000007,0.1142857142857143,0.2834043646479757,0.1407121591008276,0.5714285714285714,0.0,0
M001486,C135,C085,2,7,1.1666666666666667,0.20000000000000007,0.14285714285714285,0.2834043646479757,0.16543295853620285,0.7142857142857143,0.0,0
M001486,C184,C085,2,20,1.0,0.12631578947368416,0.05210526315789473,0.14535065438220804,0.05777844973712004,0.05,0.0,1
M001486,C205,C085,2,19,1.0,0.12222222222222223,0.050877192982456146,0.1961096401746815,0.0789425899145837,0.0,0.3333333333333333,3
M001486,C206,C085,2,19,1.0,0.12222222222222223,0.05087719298245613,0.1422717821799817,0.0562698351203394,0.0,0.0,0
M001486,C207,C085,2,19,1.0,0.12222222222222223,0.050877192982456146,0.1961096401746815,0.08602480109560429,0.0,0.4,5
M001486,C208,C085,2,18,1.0,0.12941176470588234,0.052941176470588235,0.18654643434559967,0.09502097016236999,0.05555555555555555,0.0,2
M001486,C209,C085,2,18,1.0,0.12941176470588234,0.05228758169934641,0.17754587548028428,0.07092236347743408,0.05555555555555555,0.0,3
M001486,C211,C085,2,17,1.0,0.125,0.051470588235294115,0.134864941573268,0.06980825854983072,0.0,0.0,4
M001486,C212,C085,2,19,1.0,0.12222222222222223,0.050877192982456146,0.2032294416449272,0.08756164943318046,0.0,0.3333333333333333,3
M001486,C214,C085,2,19,1.0,0.12222222222222223,0.05087719298245613,0.15057821722860176,0.06101672190950422,0.0,0.0,0
M001486,C215,C085,2,7,1.0,0.16666666666666663,0.07142857142857144,0.08521557574505782,0.04566169169192585,0.0,0.0,1
M001486,C217,C085,2,45,1.0,0.1090909090909091,0.0494949494949495,0.23310545033377658,0.09446325701312216,0.0,0.5,4
M001486,C218,C085,2,45,1.0,0.1090909090909091,0.0494949494949495,0.23310545033377658,0.09446325701312216,0.0,0.0,0
M001568,C054,C039,1,20,1.0,0.18947368421052635,0.08,0.2650344244996216,0.10763838650670185,0.0,0.0,0
M001568,C213,C039,1,23,1.15,0.19298245614035087,0.10640732265446222,0.19748938042984082,0.11069446600564556,0.0,0.0,2
M001568,C040,C090,2,20,1.0,0.18796992481203006,0.1,0.16044637853134155,0.07783766372109052,0.0,0.0,3
M001568,C075,C090,2,15,1.0,0.1428571428571429,0.05238095238095239,0.1411977497150381,0.061522524408060254,0.0,0.0,0
M001568,C076,C090,2,15,1.0,0.1428571428571429,0.09047619047619046,0.21179662457255657,0.13724377458260967,0.0,0.0,0
M001568,C077,C090,2,15,1.0,0.1428571428571429,0.08095238095238093,0.21179662457255682,0.13612370402345847,0.0,0.0,0
M001568,C082,C090,2,36,1.0285714285714285,0.19747899159663862,0.09091970121381886,0.24994240354831318,0.10310220140454063,0.0,0.0,0
M001568,C084,C090,2,15,1.0,0.18571428571428572,0.08666666666666666,0.15776001935780612,0.06364077281311428,0.0,0.0,0
M001568,C085,C090,2,15,1.0,0.18571428571428572,0.06952380952380952,0.20443412483720122,0.09390127976870959,0.0,0.0,0
M001568,C088,C090,2,17,1.1333333333333333,0.1428571428571429,0.10504201680672269,0.1416570672580523,0.09681513716793351,0.0,0.0,0
M001568,C089,C090,2,17,1.1333333333333333,0.1428571428571429,0.10084033613445378,0.1416570672580523,0.09264875283681433,0.0,0.0,0
M001568,C096,C090,2,15,1.0,0.2,0.10666666666666665,0.18461435439968166,0.09797511770957666,0.06666666666666667,0.0,1
M001568,C134,C090,2,15,1.0,0.18571428571428575,0.08666666666666667,0.3020379147869852,0.1708543539618544,0.0,0.0,0
M001568,C135,C090,2,15,1.0,0.18571428571428575,0.08666666666666667,0.3020379147869852,0.1708543539618544,0.0,0.0,0
M001568,C184,C090,2,21,1.05,0.19172932330827067,0.1258503401360544,0.15945373931151596,0.088788223971475,0.0,0.0,1
M001568,C205,C090,2,24,1.263157894736842,0.1904761904761905,0.0925925925925926,0.2096197697953574,0.096980845478755,0.0,0.0,3
M001568,C206,C090,2,19,1.0,0.19047619047619047,0.09774436090225565,0.16437940507582005,0.07549361009888648,0.0,0.0,0
M001568,C208,C090,2,18,1.0,0.17647058823529416,0.08333333333333333,0.2050546599365097,0.10228804909357318,0.0,0.0,2
M001568,C209,C090,2,22,1.2222222222222223,0.19747899159663865,0.10007639419404125,0.20505465993650981,0.09637881057497331,0.0,0.0,3
M001568,C212,C090,2,24,1.263157894736842,0.1904761904761905,0.09027777777777779,0.21436630410885457,0.10086854155057634,0.0,0.0,3
M001568,C214,C090,2,19,1.0,0.19047619047619047,0.09774436090225565,0.1560729700272,0.0701024996523157,0.0,0.0,0
M001568,C215,C090,2,15,1.0,0.1904761904761905,0.08888888888888888,0.22772954910143048,0.07505729613596705,0.0,0.0,1
M001568,C217,C090,2,47,1.0444444444444445,0.19805194805194806,0.14437689969604864,0.2441940149557936,0.17851950346956177,0.0,0.25,4
M001568,C218,C090,2,46,1.0222222222222221,0.19805194805194806,0.14285714285714282,0.2441940149557936,0.1767326016718608,0.0,0.0,0
M001568,C083,C211,3,38,1.0857142857142856,0.1985294117647059,0.11522832817337463,0.14477931273287772,0.0799796514791706,0.0,0.0,4
M001568,C207,C211,3,24,1.263157894736842,0.13194444444444445,0.05410879629629629,0.173233145035549,0.05676474372248019,0.0,0.1111111111111111,9
M001648,C054,C039,1,20,1.0,0.12631578947368421,0.05,0.1938425845556303,0.08315899491171608,0.05,0.0,0
M001648,C213,C039,1,20,1.0,0.04093567251461988,0.016812865497076012,0.04549730592425584,0.027317299102001636,0.0,0.0,2
M001648,C040,C085,2,20,1.0,0.12631578947368416,0.05210526315789473,0.14025557342466455,0.05300382357107051,0.05,0.0,3
M001648,C075,C085,2,8,1.0,0.1428571428571429,0.057142857142857155,0.09485456268324494,0.03473853741563202,0.0,0.0,0
M001648,C076,C085,2,8,1.0,0.17142857142857137,0.07499999999999998,0.18800025428984482,0.09191718598006449,0.125,0.0,0
M001648,C077,C085,2,8,1.0,0.17142857142857137,0.07499999999999998,0.18800025428984507,0.09191718598006453,0.125,0.0,0
M001648,C082,C085,2,35,1.0,0.10588235294117648,0.048907563025210085,0.20485107385716583,0.09558663473471361,0.0,0.0,0
M001648,C083,C085,2,35,1.0,0.10588235294117648,0.048907563025210085,0.20485107385716578,0.09558663473471363,0.0,0.0,0
M001648,C084,C085,2,7,1.1666666666666667,0.20000000000000007,0.14285714285714285,0.17304559604762695,0.11813634342176756,0.7142857142857143,0.0,0
M001648,C088,C085,2,15,1.0,0.12857142857142856,0.05238095238095238,0.13360559120817506,0.05719959197321264,0.0,0.0,0
M001648,C089,C085,2,15,1.0,0.1285714285714286,0.05238095238095238,0.20443412483720122,0.07648376113854186,0.0,0.0,0
M001648,C090,C085,2,15,1.0,0.1285714285714286,0.058095238095238096,0.20443412483720122,0.08440298359084389,0.0,0.0,0
M001648,C096,C085,2,11,1.0,0.1,0.04545454545454544,0.1550842347789898,0.05587638789100105,0.0,0.0,1
M001648,C134,C085,2,7,1.1666666666666667,0.20000000000000007,0.1142857142857143,0.2834043646479757,0.1407121591008276,0.5714285714285714,0.0,0
M001648,C135,C085,2,7,1.1666666666666667,0.20000000000000007,0.14285714285714285,0.2834043646479757,0.16543295853620285,0.7142857142857143,0.0,0
M001648,C184,C085,2,20,1.0,0.12631578947368416,0.05210526315789473,0.14535065438220804,0.05777844973712004,0.05,0.0,1
M001648,C205,C085,2,19,1.0,0.12222222222222223,0.050877192982456146,0.1961096401746815,0.0789425899145837,0.0,0.3333333333333333,3
M001648,C206,C085,2,19,1.0,0.12222222222222223,0.05087719298245613,0.1422717821799817,0.0562698351203394,0.0,0.0,0
M001648,C207,C085,2,19,1.0,0.12222222222222223,0.050877192982456146,0.1961096401746815,0.08602480109560429,0.0,0.4,5
M001648,C208,C085,2,18,1.0,0.12941176470588234,0.052941176470588235,0.18654643434559967,0.09502097016236999,0.05555555555555555,0.0,2
M001648,C209,C085,2,18,1.0,0.12941176470588234,0.05228758169934641,0.17754587548028428,0.07092236347743408,0.05555555555555555,0.0,3
M001648,C211,C085,2,17,1.0,0.125,0.051470588235294115,0.134864941573268,0.06980825854983072,0.0,0.0,4
M001648,C212,C085,2,19,1.0,0.12222222222222223,0.050877192982456146,0.2032294416449272,0.08756164943318046,0.0,0.3333333333333333,3
M001648,C214,C085,2,19,1.0,0.12222222222222223,0.05087719298245613,0.15057821722860176,0.06101672190950422,0.0,0.0,0
M001648,C215,C085,2,7,1.0,0.16666666666666663,0.07142857142857144,0.08521557574505782,0.04566169169192585,0.0,0.0,1
M001648,C217,C085,2,45,1.0,0.1090909090909091,0.0494949494949495,0.23310545033377658,0.09446325701312216,0.0,0.5,4
M001648,C218,C085,2,45,1.0,0.1090909090909091,0.0494949494949495,0.23310545033377658,0.09446325701312216,0.0,0.0,0
M001837,C054,C039,1,20,1.0,0.12631578947368421,0.05,0.1938425845556303,0.08315899491171608,0.05,0.0,0
M001837,C213,C039,1,21,1.05,0.09064327485380114,0.05040378724589249,0.09576389084322476,0.05859231597819427,0.0,0.0,2
M001837,C040,C090,2,20,1.0,0.09774436090225563,0.05357142857142856,0.07024821594093653,0.03179911686222355,0.0,0.0,3
M001837,C075,C090,2,15,1.0,0.07142857142857151,0.03333333333333334,0.1411977497150381,0.06115507037364882,0.0,0.0,0
M001837,C076,C090,2,15,1.0,0.07142857142857142,0.03333333333333332,0.1411977497150379,0.08943409571414898,0.0,0.0,0
M001837,C077,C090,2,15,1.0,0.07142857142857151,0.03333333333333333,0.14119774971503785,0.08898123452794345,0.0,0.0,0
M001837,C082,C090,2,35,1.0,0.09663865546218486,0.05366146458583433,0.15054244134785827,0.06679572936962028,0.0,0.0,0
M001837,C083,C090,2,35,1.0,0.09663865546218486,0.047178871548619446,0.15054244134785852,0.08052954644136821,0.0,0.0,0
M001837,C084,C090,2,15,1.0,0.12857142857142856,0.05238095238095238,0.13360559120817533,0.05719959197321274,0.0,0.0,0
M001837,C085,C090,2,15,1.0,0.1285714285714286,0.058095238095238096,0.20443412483720122,0.08440298359084389,0.0,0.0,0
M001837,C088,C090,2,16,1.0666666666666667,0.07142857142857151,0.0625,0.07082853362902627,0.05807321664818588,0.0,0.0,0
M001837,C089,C090,2,16,1.0666666666666667,0.07142857142857151,0.05803571428571429,0.07082853362902627,0.053646433296371754,0.0,0.0,0
M001837,C096,C090,2,15,1.0,0.09999999999999998,0.043809523809523805,0.0891108757415498,0.04131229080635579,0.06666666666666667,0.0,1
M001837,C134,C090,2,15,1.0,0.1285714285714286,0.05238095238095238,0.24857763227734078,0.1302033339308806,0.0,0.0,0
M001837,C135,C090,2,15,1.0,0.1285714285714286,0.05238095238095238,0.24857763227734078,0.1302033339308806,0.0,0.0,0
M001837,C184,C090,2,20,1.0,0.09774436090225563,0.05357142857142856,0.059083470454993174,0.024843709957883438,0.0,0.0,1
M001837,C205,C090,2,20,1.0526315789473684,0.09523809523809523,0.04801587301587302,0.130193742891169,0.05816789252479139,0.0,0.0,3
M001837,C206,C090,2,19,1.0,0.09523809523809523,0.05263157894736842,0.07369436472074692,0.030759799385817358,0.0,0.0,0
M001837,C207,C090,2,19,1.0,0.09523809523809523,0.05263157894736842,0.130193742891169,0.0750740450765204,0.0,0.2,5
M001837,C208,C090,2,18,1.0,0.09243697478991597,0.04761904761904761,0.13422612630748354,0.07381022721632585,0.0,0.0,2
M001837,C209,C090,2,19,1.0555555555555556,0.09243697478991597,0.0466607695709863,0.13422612630748368,0.051826730376034816,0.0,0.0,3
M001837,C211,C090,2,18,1.0588235294117647,0.0982142857142857,0.05952380952380951,0.11957936488344717,0.06431297221043003,0.0,0.0,4
M001837,C212,C090,2,20,1.0526315789473684,0.09523809523809523,0.04801587301587302,0.14917988014515768,0.06573324160373263,0.0,0.0,3
M001837,C214,C090,2,19,1.0,0.09523809523809523,0.05263157894736842,0.06894783040724978,0.026358532740181528,0.0,0.0,0
M001837,C215,C090,2,15,1.0,0.11904761904761907,0.049206349206349205,0.15690101547240445,0.0652930655921984,0.13333333333333333,0.0,1
M001837,C217,C090,2,45,1.0,0.09740259740259749,0.05873015873015874,0.14469415583019224,0.09856913243942213,0.0,0.0,4
M001837,C218,C090,2,45,1.0,0.09740259740259749,0.05873015873015874,0.1446941558301922,0.09856913243942216,0.0,0.0,0
M001972,C054,C039,1,20,1.0,0.12631578947368421,0.05,0.1938425845556303,0.08315899491171608,0.05,0.0,0
M001972,C213,C039,1,20,1.0,0.04093567251461988,0.016812865497076012,0.04549730592425584,0.027317299102001636,0.0,0.0,2
M001972,C040,C085,2,20,1.0,0.12631578947368416,0.05210526315789473,0.14025557342466455,0.05300382357107051,0.05,0.0,3
M001972,C075,C085,2,8,1.0,0.1428571428571429,0.057142857142857155,0.09485456268324494,0.03473853741563202,0.0,0.0,0
M001972,C076,C085,2,8,1.0,0.17142857142857137,0.07499999999999998,0.18800025428984482,0.09191718598006449,0.125,0.0,0
M001972,C077,C085,2,8,1.0,0.17142857142857137,0.07499999999999998,0.18800025428984507,0.09191718598006453,0.125,0.0,0
M001972,C082,C085,2,35,1.0,0.10588235294117648,0.048907563025210085,0.20485107385716583,0.09558663473471361,0.0,0.0,0
M001972,C083,C085,2,35,1.0,0.11176470588235295,0.049579831932773114,0.23180547780953908,0.10053079462178868,0.0,0.0,0
M001972,C084,C085,2,7,1.1666666666666667,0.20000000000000007,0.14285714285714285,0.17304559604762695,0.11813634342176756,0.7142857142857143,0.0,0
M001972,C088,C085,2,15,1.0,0.12857142857142856,0.05238095238095238,0.13360559120817506,0.05719959197321264,0.0,0.0,0
M001972,C089,C085,2,15,1.0,0.1285714285714286,0.05238095238095238,0.20443412483720122,0.07648376113854186,0.0,0.0,0
M001972,C090,C085,2,15,1.0,0.1285714285714286,0.058095238095238096,0.20443412483720122,0.08440298359084389,0.0,0.0,0
M001972,C096,C085,2,11,1.0,0.1,0.04545454545454544,0.08980680634318378,0.0434106721173326,0.0,0.0,1
M001972,C134,C085,2,7,1.1666666666666667,0.20000000000000007,0.1142857142857143,0.2834043646479757,0.1407121591008276,0.5714285714285714,0.0,0
M001972,C135,C085,2,7,1.1666666666666667,0.20000000000000007,0.14285714285714285,0.2834043646479757,0.16543295853620285,0.7142857142857143,0.0,0
M001972,C184,C085,2,20,1.0,0.12631578947368416,0.05210526315789473,0.14535065438220804,0.05777844973712004,0.05,0.0,1
M001972,C205,C085,2,19,1.0,0.12222222222222223,0.050877192982456146,0.1961096401746815,0.0789425899145837,0.0,0.3333333333333333,3
M001972,C206,C085,2,19,1.0,0.12222222222222223,0.05087719298245613,0.1422717821799817,0.0562698351203394,0.0,0.0,0
M001972,C207,C085,2,19,1.0,0.12222222222222223,0.050877192982456146,0.1961096401746815,0.08602480109560429,0.0,0.4,5
M001972,C208,C085,2,18,1.0,0.12941176470588234,0.052941176470588235,0.18654643434559967,0.09502097016236999,0.05555555555555555,0.0,2
M001972,C209,C085,2,18,1.0,0.12941176470588234,0.05228758169934641,0.17754587548028428,0.07092236347743408,0.05555555555555555,0.0,3
M001972,C211,C085,2,17,1.0,0.125,0.051470588235294115,0.134864941573268,0.06980825854983072,0.0,0.0,4
M001972,C212,C085,2,19,1.0,0.12222222222222223,0.050877192982456146,0.2032294416449272,0.08756164943318046,0.0,0.3333333333333333,3
M001972,C214,C085,2,19,1.0,0.12222222222222223,0.05087719298245613,0.15057821722860176,0.06101672190950422,0.0,0.0,0
M001972,C215,C085,2,7,1.0,0.16666666666666663,0.07142857142857144,0.08521557574505782,0.04566169169192585,0.0,0.0,1
M001972,C217,C085,2,45,1.0,0.1090909090909091,0.0494949494949495,0.23310545033377658,0.09446325701312216,0.0,0.5,4
M001972,C218,C085,2,45,1.0,0.1090909090909091,0.0494949494949495,0.23310545033377658,0.09446325701312216,0.0,0.0,0
M002134,C054,C039,1,20,1.0,0.12631578947368421,0.05,0.1938425845556303,0.08315899491171608,0.05,0.0,0
M002134,C213,C039,1,20,1.0,0.04093567251461988,0.016812865497076012,0.04549730592425584,0.027317299102001636,0.0,0.0,2
M002134,C040,C085,2,20,1.0,0.12631578947368416,0.05210526315789473,0.14025557342466455,0.05300382357107051,0.05,0.0,3
M002134,C075,C085,2,8,1.0,0.11428571428571432,0.04642857142857142,0.12476387916768143,0.049083004737319136,0.0,0.0,0
M002134,C076,C085,2,8,1.0,0.17142857142857137,0.07499999999999998,0.18800025428984482,0.09191718598006449,0.125,0.0,0
M002134,C077,C085,2,8,1.0,0.17142857142857137,0.07499999999999998,0.18800025428984507,0.09191718598006453,0.125,0.0,0
M002134,C082,C085,2,35,1.0,0.11176470588235295,0.049579831932773114,0.23180547780953908,0.10053079462178865,0.0,0.0,0
M002134,C083,C085,2,35,1.0,0.11176470588235295,0.050252100840336135,0.23180547780953908,0.09948346457416853,0.0,0.0,0
M002134,C084,C085,2,7,1.1666666666666667,0.20000000000000007,0.14285714285714285,0.17304559604762695,0.11813634342176756,0.7142857142857143,0.0,0
M002134,C088,C085,2,15,1.0,0.1285714285714286,0.05619047619047619,0.20443412483720122,0.06873596504305442,0.0,0.0,0
M002134,C089,C085,2,15,1.0,0.1285714285714286,0.05619047619047619,0.20443412483720122,0.08434849189684832,0.0,0.0,0
M002134,C090,C085,2,15,1.0,0.1285714285714286,0.054285714285714284,0.20443412483720122,0.07653825283253742,0.0,0.0,0
M002134,C096,C085,2,11,1.0,0.1,0.04545454545454544,0.08980680634318378,0.0434106721173326,0.0,0.0,1
M002134,C134,C085,2,7,1.1666666666666667,0.20000000000000007,0.1142857142857143,0.2834043646479757,0.1407121591008276,0.5714285714285714,0.0,0
M002134,C135,C085,2,7,1.1666666666666667,0.20000000000000007,0.14285714285714285,0.2834043646479757,0.16543295853620285,0.7142857142857143,0.0,0
M002134,C184,C085,2,20,1.0,0.12631578947368416,0.05210526315789473,0.14535065438220804,0.05777844973712004,0.05,0.0,1
M002134,C205,C085,2,19,1.0,0.12222222222222223,0.050877192982456146,0.1961096401746815,0.0789425899145837,0.0,0.3333333333333333,3
M002134,C206,C085,2,19,1.0,0.12222222222222223,0.05087719298245613,0.1422717821799817,0.0562698351203394,0.0,0.0,0
M002134,C207,C085,2,19,1.0,0.12222222222222223,0.050877192982456146,0.1961096401746815,0.08602480109560429,0.0,0.4,5
M002134,C208,C085,2,18,1.0,0.12941176470588234,0.052941176470588235,0.18654643434559967,0.09502097016236999,0.05555555555555555,0.0,2
M002134,C209,C085,2,18,1.0,0.12941176470588234,0.05228758169934641,0.17754587548028428,0.07092236347743408,0.05555555555555555,0.0,3
M002134,C211,C085,2,17,1.0,0.125,0.051470588235294115,0.134864941573268,0.06980825854983072,0.0,0.0,4
M002134,C212,C085,2,19,1.0,0.12222222222222223,0.053216374269005856,0.2032294416449272,0.08318396097152113,0.0,0.3333333333333333,3
M002134,C214,C085,2,19,1.0,0.12222222222222223,0.05087719298245613,0.15057821722860176,0.06101672190950422,0.0,0.0,0
M002134,C215,C085,2,7,1.0,0.16666666666666663,0.07142857142857144,0.08521557574505782,0.04566169169192585,0.0,0.0,1
M002134,C217,C085,2,45,1.0,0.1090909090909091,0.0494949494949495,0.23310545033377658,0.09446325701312216,0.0,0.5,4
M002134,C218,C085,2,45,1.0,0.1090909090909091,0.049898989898989894,0.23310545033377658,0.09419077222756851,0.0,0.0,0
M002665,C039,C090,1,21,1.05,0.09774436090225563,0.04708199069101325,0.12286775598476286,0.054474702099882547,0.0,0.0,0
M002665,C040,C090,1,22,1.1,0.09774436090225563,0.03383458646616541,0.12286775598476286,0.04282706132925328,0.0,0.0,3
M002665,C054,C090,1,15,1.0,0.11428571428571432,0.04857142857142857,0.13573369767149362,0.049547671861238055,0.0,0.0,0
M002665,C075,C090,1,15,1.0,0.07142857142857151,0.03333333333333333,0.1407384321720235,0.05169595530501147,0.0,0.0,0
M002665,C076,C090,1,15,1.0,0.07142857142857151,0.03333333333333333,0.07059887485751885,0.03350617687975112,0.0,0.0,0
M002665,C077,C090,1,15,1.0,0.07142857142857151,0.03333333333333333,0.1409680909435308,0.061063206865045926,0.0,0.0,0
M002665,C082,C090,1,35,1.0,0.09663865546218486,0.04933973589435776,0.13445661366350822,0.03875178381533039,0.0,0.0,0
M002665,C083,C090,1,35,1.0,0.09663865546218486,0.053301320528211286,0.12677131517279258,0.03578121584989986,0.0,0.0,0
M002665,C084,C090,1,15,1.0,0.11428571428571432,0.04857142857142857,0.13360559120817533,0.04933486121490626,0.0,0.0,0
M002665,C085,C090,1,15,1.0,0.11428571428571432,0.04857142857142857,0.13360559120817506,0.04933486121490619,0.0,0.0,0
M002665,C088,C090,1,15,1.0,0.0,0.0,1.2803134339978423e-16,6.401567169989211e-17,0.0,0.0,0
M002665,C089,C090,1,17,1.1333333333333333,0.07142857142857151,0.03781512605042017,0.07082853362902627,0.03382522342504964,0.0,0.0,0
M002665,C134,C090,1,15,1.0,0.11428571428571432,0.04857142857142857,0.21384113003857708,0.09117986397734129,0.0,0.0,0
M002665,C135,C090,1,15,1.0,0.12857142857142856,0.054285714285714284,0.231209381157959,0.10469516681347095,0.0,0.0,0
M002665,C184,C090,1,21,1.05,0.09774436090225563,0.0472610096670247,0.08826705109766117,0.034568683623593145,0.0,0.0,1
M002665,C205,C090,1,21,1.105263157894737,0.09523809523809523,0.04497354497354497,0.08495337817163165,0.03899210620027867,0.0,0.0,3
M002665,C209,C090,1,21,1.1666666666666667,0.09663865546218486,0.051620648259303716,0.13422612630748368,0.05696304237088922,0.0,0.0,3
M002665,C211,C090,1,19,1.1176470588235294,0.0982142857142857,0.04276315789473684,0.10012205647709892,0.033095015628404056,0.0,0.0,4
M002665,C212,C090,1,21,1.105263157894737,0.09523809523809523,0.04950869236583524,0.10906385527620364,0.03917228749150524,0.0,0.0,3
M002665,C213,C090,1,20,1.0526315789473684,0.09523809523809523,0.040476190476190464,0.12912186771068063,0.05149216291234775,0.0,0.0,2
M002665,C217,C090,1,45,1.0,0.09740259740259749,0.048629148629148626,0.14031953891073703,0.06380076745637249,0.0,0.25,4
M002665,C218,C090,1,45,1.0,0.09090909090909094,0.044300144300144305,0.12817118462217694,0.039303964513061895,0.0,0.0,0
M002665,C096,C214,2,19,1.0,0.09999999999999998,0.04912280701754386,0.12855676272541888,0.04182078369712008,0.05263157894736842,0.0,1
M002665,C206,C214,2,19,1.0,0.0,0.0,0.02135940441073739,0.010679702205368695,0.0,0.0,0
M002665,C207,C214,2,19,1.0,0.0,0.0,0.02135940441073739,0.010679702205368664,0.0,0.0,5
M002665,C208,C214,2,19,1.0,0.03594771241830064,0.01496388028895769,0.042366573463970866,0.01616619250598873,0.0,0.0,2
M002665,C215,C214,2,19,1.0,0.11111111111111116,0.05263157894736842,0.2067025129645795,0.11624167195937297,0.3157894736842105,0.0,1
M002701,C039,C090,1,23,1.15,0.16165413533834583,0.06783262504086304,0.14223738494614166,0.06773828000073141,0.0,0.0,0
M002701,C040,C090,1,22,1.1,0.09774436090225563,0.03383458646616541,0.12286775598476286,0.04282706132925328,0.0,0.0,3
M002701,C054,C090,1,15,1.0,0.18571428571428572,0.06571428571428571,0.15350380643116918,0.05191701969586147,0.0,0.0,0
M002701,C075,C090,1,15,1.0,0.07142857142857151,0.03333333333333333,0.1407384321720235,0.05169595530501147,0.0,0.0,0
M002701,C076,C090,1,15,1.0,0.1428571428571429,0.06190476190476191,0.0719768274865621,0.03391956266846408,0.0,0.0,0
M002701,C077,C090,1,15,1.0,0.1428571428571428,0.04285714285714286,0.1409680909435308,0.061262244467018806,0.0,0.0,0
M002701,C082,C090,1,35,1.0,0.18487394957983194,0.08607442977190877,0.16302804223493672,0.06723351366722248,0.0,0.0,0
M002701,C083,C090,1,37,1.0571428571428572,0.19747899159663865,0.0987962752668635,0.1553427437442212,0.07832284939221461,0.0,0.0,0
M002701,C084,C090,1,15,1.0,0.15714285714285714,0.06761904761904762,0.10221706241860093,0.04361719073656693,0.0,0.0,0
M002701,C085,C090,1,15,1.0,0.18571428571428572,0.05999999999999999,0.15776001935780637,0.0588331573927719,0.0,0.0,0
M002701,C088,C090,1,15,1.0,0.0,0.0,1.2803134339978423e-16,6.401567169989211e-17,0.0,0.0,0
M002701,C089,C090,1,17,1.1333333333333333,0.07142857142857151,0.03781512605042017,0.07082853362902627,0.03382522342504964,0.0,0.0,0
M002701,C134,C090,1,15,1.0,0.15714285714285714,0.0619047619047619,0.21384113003857708,0.07211151778940113,0.0,0.0,0
M002701,C135,C090,1,15,1.0,0.18571428571428572,0.06571428571428571,0.231209381157959,0.10095041075929483,0.0,0.0,0
M002701,C184,C090,1,22,1.1,0.18796992481203006,0.08749145591250856,0.14770867613748298,0.07193875807694806,0.0,0.0,1
M002701,C205,C090,1,24,1.263157894736842,0.19841269841269843,0.0882936507936508,0.2096197697953574,0.08487683943507922,0.0,0.0,3
M002701,C207,C090,1,22,1.1578947368421053,0.1904761904761905,0.10101010101010101,0.2096197697953574,0.09659365089939918,0.0,0.2,5
M002701,C208,C090,1,22,1.2222222222222223,0.19327731092436973,0.1182200152788388,0.20024411295419783,0.10170972446291553,0.0,0.5,2
M002701,C209,C090,1,23,1.2777777777777777,0.19747899159663865,0.10230179028132995,0.20505465993650981,0.0972923062834263,0.0,0.0,3
M002701,C211,C090,1,21,1.2352941176470589,0.16964285714285715,0.0667517006802721,0.14406234074920798,0.05336971779064827,0.0,0.0,4
M002701,C212,C090,1,24,1.263157894736842,0.19841269841269843,0.09027777777777779,0.21436630410885457,0.08011048501662983,0.0,0.0,3
M002701,C213,C090,1,23,1.2105263157894737,0.19841269841269848,0.08902691511387163,0.23442431654333165,0.08744713997089817,0.0,0.0,2
M002701,C215,C090,1,15,1.0,0.1904761904761905,0.08253968253968254,0.1425556018318412,0.060428368235785075,0.0,0.0,1
M002701,C217,C090,1,46,1.0222222222222221,0.19805194805194803,0.07862789384528514,0.17032839275462755,0.09004542862177355,0.0,0.25,4
M002701,C218,C090,1,45,1.0,0.1331168831168832,0.058585858585858595,0.15076833297447229,0.05181771005572492,0.0,0.0,0
M002701,C096,C206,2,19,1.0,0.2,0.09649122807017545,0.16666248265372807,0.08458877335790262,0.05263157894736842,0.0,1
M002701,C214,C206,2,19,1.0,0.0,0.0,0.02135940441073739,0.010679702205368695,0.0,0.0,0
M004006,C039,C088,1,23,1.15,0.19924812030075179,0.08891794704151683,0.16651604305974174,0.06764894160486824,0.0,0.0,0
M004006,C040,C088,1,23,1.15,0.1127819548872181,0.05884275907159203,0.116798091456363,0.04836865103935254,0.0,0.0,3
M004006,C054,C088,1,15,1.0,0.17142857142857137,0.06952380952380953,0.11512785482337716,0.048733984284272565,0.0,0.0,0
M004006,C075,C088,1,15,1.0,0.14285714285714285,0.04285714285714286,0.07105819240053318,0.03355210863405256,0.0,0.0,0
M004006,C076,C088,1,15,1.0,0.1428571428571429,0.0619047619047619,0.2111076482580352,0.09962166249480052,0.0,0.0,0
M004006,C077,C088,1,15,1.0,0.1428571428571429,0.08095238095238096,0.07220648625806915,0.03365042849946417,0.0,0.0,0
M004006,C082,C088,1,36,1.0285714285714285,0.17647058823529416,0.05438842203548086,0.19159947080636547,0.08340774121028562,0.0,0.0,0
M004006,C083,C088,1,37,1.0571428571428572,0.18487394957983191,0.06654553713377243,0.22617127737324721,0.09378127001086588,0.0,0.0,0
M004006,C084,C088,1,15,1.0,0.15714285714285714,0.06571428571428571,0.1022170624186008,0.04356269904257137,0.0,0.0,0
M004006,C085,C088,1,15,1.0,0.1428571428571429,0.0580952380952381,0.10221706241860054,0.04458173748855942,0.0,0.0,0
M004006,C089,C088,1,16,1.0666666666666667,0.07142857142857151,0.013392857142857144,0.07082853362902627,0.009378599778230419,0.0,0.0,0
M004006,C090,C088,1,17,1.1333333333333333,0.07142857142857151,0.025210084033613446,0.07082853362902615,0.024998305986715128,0.0,0.0,0
M004006,C134,C088,1,15,1.0,0.15714285714285714,0.0619047619047619,0.14301259640955105,0.05910369447155472,0.0,0.0,0
M004006,C135,C088,1,15,1.0,0.18571428571428572,0.07523809523809523,0.16038084752893297,0.05767470523329617,0.0,0.0,0
M004006,C184,C088,1,23,1.15,0.1578947368421053,0.07567832625040864,0.1886373199541841,0.08046604579456237,0.0,0.0,1
M004006,C205,C088,1,25,1.3157894736842106,0.1904761904761905,0.0946031746031746,0.20961976979535746,0.09628682517241227,0.0,0.0,3
M004006,C208,C088,1,22,1.2222222222222223,0.18067226890756302,0.08728036669213139,0.2002441129541979,0.08353185980070153,0.0,0.5,2
M004006,C209,C088,1,22,1.2222222222222223,0.18067226890756302,0.08766233766233766,0.20505465993650981,0.10355374785973877,0.0,0.3333333333333333,3
M004006,C211,C088,1,23,1.3529411764705883,0.1696428571428571,0.06599378881987579,0.1904078985124732,0.06522521919266488,0.0,0.25,4
M004006,C212,C088,1,24,1.263157894736842,0.1904761904761905,0.08697089947089946,0.21436630410885463,0.09359742745329387,0.0,0.0,3
M004006,C213,C088,1,23,1.2105263157894737,0.19047619047619047,0.09592822636300898,0.13977636403627577,0.0707683285586416,0.0,0.0,2
M004006,C215,C088,1,15,1.0,0.1904761904761905,0.07619047619047618,0.1703478945391783,0.0736976163571387,0.0,0.0,1
M004006,C217,C088,1,47,1.0444444444444445,0.19805194805194803,0.08082343188726167,0.1504063010969628,0.0643799790462714,0.0,0.25,4
M004006,C218,C088,1,45,1.0,0.09090909090909094,0.03607503607503607,0.087713536714551,0.028229796991492497,0.0,0.0,0
M004006,C096,C214,2,19,1.0,0.1777777777777778,0.09473684210526317,0.21426127120903163,0.09441042124730507,0.0,0.0,1
M004006,C206,C214,2,19,1.0,0.0,0.0,0.02135940441073739,0.010679702205368695,0.0,0.0,0
M004006,C207,C214,2,19,1.0,0.0,0.0,0.02135940441073739,0.010679702205368664,0.0,0.0,5
M006913,C003,C075,1,13,1.0,0.16666666666666669,0.06410256410256408,0.20365370199269328,0.08218422836831496,0.0,0.0,0
M006913,C011,C075,1,13,1.0,0.08333333333333337,0.038461538461538464,0.08663783265073607,0.03136294730585383,0.0,0.0,0
M006913,C012,C075,1,13,1.0,0.08333333333333337,0.035256410256410256,0.08663783265073607,0.03663359042966585,0.0,0.0,0
M006913,C054,C075,1,15,1.1538461538461537,0.16666666666666669,0.08518518518518518,0.17039198415776677,0.07352450756574759,0.0,0.0,0
M006913,C076,C075,1,14,1.0769230769230769,0.08333333333333337,0.017857142857142856,0.08209105413591387,0.017590940171981637,0.0,0.0,0
M006913,C077,C075,1,15,1.1538461538461537,0.16666666666666669,0.06666666666666667,0.16418210827182747,0.06567284330873097,0.0,0.0,0
M006913,C080,C075,1,13,1.0,0.16666666666666666,0.05128205128205129,0.10317663323414898,0.03972759417020228,0.0,0.0,0
M006913,C081,C075,1,13,1.0,0.16666666666666666,0.05128205128205127,0.12651347458941256,0.04761998456960726,0.0,0.0,0
M006913,C084,C075,1,14,1.0769230769230769,0.1388888888888889,0.06746031746031746,0.12747677124370557,0.05576856329899933,0.0,0.0,0
M006913,C085,C075,1,14,1.0769230769230769,0.13888888888888884,0.05555555555555556,0.10912410272964501,0.046663079638734624,0.0,0.0,0
M006913,C088,C075,1,25,1.0,0.08333333333333337,0.03,0.08075800767438715,0.027291095405939818,0.0,0.0,0
M006913,C089,C075,1,25,1.0,0.125,0.04666666666666667,0.12187018706542017,0.040436328439378215,0.0,0.0,0
M006913,C090,C075,1,25,1.0,0.08333333333333337,0.03666666666666666,0.08155783555130314,0.027504382839784066,0.0,0.0,0
M006913,C127,C075,1,13,1.0,0.16666666666666666,0.07179487179487179,0.12678039804336355,0.05485877167716497,0.0,0.0,0
M006913,C128,C075,1,13,1.0,0.16666666666666666,0.061538461538461535,0.12678039804336355,0.0508349977850496,0.0,0.0,0
M006913,C134,C075,1,13,1.0,0.125,0.04166666666666666,0.1018538237698265,0.039583887712745874,0.0,0.0,0
M006913,C135,C075,1,13,1.0,0.08333333333333337,0.035256410256410256,0.11021522078665164,0.03829751894092658,0.0,0.0,0
M006913,C184,C075,1,35,1.0,0.19607843137254904,0.09579831932773109,0.15888379500176653,0.07577658955771584,0.0,0.0,0
M006913,C186,C075,1,13,1.0,0.18333333333333335,0.08461538461538462,0.16720953140063896,0.06099413068641446,0.0,0.0,0
M006913,C191,C075,1,13,1.0,0.16666666666666666,0.05128205128205127,0.11547143139900362,0.0452901936652296,0.0,0.0,0
M006913,C205,C075,1,35,1.09375,0.18548387096774188,0.080568356374808,0.20756948722322288,0.08321054294368017,0.0,0.0,0
M006913,C212,C075,1,34,1.0303030303030303,0.17708333333333337,0.07475490196078431,0.20611932610450287,0.07842329007665333,0.0,0.0,0
M006913,C004,C207,2,32,1.0,0.1827956989247312,0.08770161290322581,0.2105817295041964,0.058974709443014355,0.0,0.0,0
M006913,C096,C207,2,34,1.0625,0.19713261648745523,0.09566729917773562,0.1853239986904347,0.08737207840355496,0.0,0.0,0
M006913,C206,C207,2,32,1.0,0.0,0.0,2.9726141642835377e-16,3.541591094165933e-17,0.0,0.0,0
M006913,C215,C207,2,33,1.03125,0.19648093841642228,0.10041766640007109,0.2620566295351127,0.13157634338278873,0.0,0.0,0
M007237,C003,C075,1,13,1.0,0.16666666666666669,0.06410256410256408,0.20365370199269328,0.0923548062883566,0.0,0.0,1
M007237,C011,C075,1,13,1.0,0.08333333333333337,0.038461538461538464,0.08663783265073607,0.03136294730585383,0.0,0.0,0
M007237,C012,C075,1,13,1.0,0.08333333333333337,0.035256410256410256,0.08663783265073607,0.03663359042966585,0.0,0.0,0
M007237,C054,C075,1,15,1.1538461538461537,0.16666666666666669,0.08518518518518518,0.17039198415776677,0.07352450756574759,0.0,0.0,0
M007237,C076,C075,1,14,1.0769230769230769,0.08333333333333337,0.017857142857142856,0.08209105413591387,0.017590940171981637,0.0,0.0,0
M007237,C077,C075,1,15,1.1538461538461537,0.16666666666666669,0.06666666666666667,0.16418210827182747,0.06567284330873097,0.0,0.0,1
M007237,C080,C075,1,13,1.0,0.16666666666666666,0.05128205128205129,0.10317663323414898,0.03972759417020228,0.0,0.0,0
M007237,C081,C075,1,13,1.0,0.16666666666666666,0.05128205128205127,0.12651347458941256,0.04761998456960726,0.0,0.0,0
M007237,C084,C075,1,14,1.0769230769230769,0.1388888888888889,0.06746031746031746,0.12747677124370557,0.05576856329899933,0.0,0.0,0
M007237,C085,C075,1,14,1.0769230769230769,0.13888888888888884,0.05555555555555556,0.10912410272964501,0.046663079638734624,0.0,0.0,0
M007237,C088,C075,1,25,1.0,0.08333333333333337,0.03,0.08075800767438715,0.027291095405939818,0.0,0.0,0
M007237,C089,C075,1,25,1.0,0.125,0.04666666666666667,0.12187018706542017,0.040436328439378215,0.0,0.0,0
M007237,C090,C075,1,25,1.0,0.08333333333333337,0.03666666666666666,0.08155783555130314,0.027504382839784066,0.0,0.0,0
M007237,C127,C075,1,13,1.0,0.16666666666666666,0.07179487179487179,0.12678039804336355,0.05485877167716497,0.0,0.0,0
M007237,C128,C075,1,13,1.0,0.16666666666666666,0.061538461538461535,0.12678039804336355,0.0508349977850496,0.0,0.0,0
M007237,C134,C075,1,13,1.0,0.125,0.04166666666666666,0.1018538237698265,0.039583887712745874,0.0,0.0,0
M007237,C135,C075,1,13,1.0,0.08333333333333337,0.035256410256410256,0.11021522078665164,0.03829751894092658,0.0,0.0,0
M007237,C184,C075,1,35,1.0,0.19607843137254904,0.09579831932773109,0.15888379500176653,0.07577658955771584,0.0,0.0,1
M007237,C186,C075,1,13,1.0,0.18333333333333335,0.08461538461538462,0.16720953140063896,0.06099413068641446,0.0,0.0,0
M007237,C191,C075,1,13,1.0,0.16666666666666666,0.05128205128205127,0.11547143139900362,0.0452901936652296,0.0,0.0,0
M007237,C205,C075,1,35,1.09375,0.18548387096774188,0.080568356374808,0.20756948722322288,0.08321054294368017,0.0,0.2,5
M007237,C212,C075,1,34,1.0303030303030303,0.17708333333333337,0.07475490196078431,0.20611932610450287,0.07842329007665333,0.0,0.2,5
M007237,C096,C004,2,19,1.0,0.16666666666666674,0.08479532163742691,0.23884306312854417,0.09762618478034098,0.0,0.0,1
M007237,C206,C004,2,32,1.0,0.1827956989247312,0.09223790322580645,0.27308172950419635,0.09026532428203682,0.0,0.0,0
M007237,C207,C004,2,32,1.0,0.1827956989247312,0.08770161290322581,0.2105817295041964,0.058974709443014355,0.0,0.42857142857142855,7
M007237,C215,C004,2,12,1.0,0.196969696969697,0.09722222222222222,0.14570103827646305,0.07353324447192575,0.0,0.0,1
M007399,C003,C075,1,13,1.0,0.16666666666666669,0.06410256410256408,0.20365370199269328,0.0923548062883566,0.0,0.0,1
M007399,C011,C075,1,13,1.0,0.08333333333333337,0.038461538461538464,0.08663783265073607,0.03136294730585383,0.0,0.0,0
M007399,C012,C075,1,13,1.0,0.08333333333333337,0.035256410256410256,0.08663783265073607,0.03663359042966585,0.0,0.0,0
M007399,C054,C075,1,15,1.1538461538461537,0.16666666666666669,0.08518518518518518,0.17039198415776677,0.07352450756574759,0.0,0.0,0
M007399,C076,C075,1,14,1.0769230769230769,0.08333333333333337,0.017857142857142856,0.08209105413591387,0.017590940171981637,0.0,0.0,0
M007399,C077,C075,1,15,1.1538461538461537,0.16666666666666669,0.06666666666666667,0.16418210827182747,0.06567284330873097,0.0,0.0,1
M007399,C080,C075,1,13,1.0,0.16666666666666666,0.05128205128205129,0.10317663323414898,0.03972759417020228,0.0,0.0,0
M007399,C081,C075,1,13,1.0,0.16666666666666666,0.05128205128205127,0.12651347458941256,0.04761998456960726,0.0,0.0,0
M007399,C084,C075,1,13,1.0,0.1388888888888889,0.05555555555555555,0.12747677124370557,0.05002364537524035,0.0,0.0,0
M007399,C085,C075,1,14,1.0769230769230769,0.13888888888888884,0.05555555555555556,0.10912410272964501,0.046663079638734624,0.0,0.0,0
M007399,C088,C075,1,25,1.0,0.08333333333333337,0.03,0.08075800767438715,0.027291095405939818,0.0,0.0,0
M007399,C089,C075,1,25,1.0,0.125,0.04666666666666667,0.12187018706542017,0.040436328439378215,0.0,0.0,0
M007399,C090,C075,1,25,1.0,0.08333333333333337,0.03666666666666666,0.08155783555130314,0.027504382839784066,0.0,0.0,0
M007399,C127,C075,1,13,1.0,0.16666666666666666,0.07179487179487179,0.12678039804336355,0.05485877167716497,0.0,0.0,0
M007399,C128,C075,1,13,1.0,0.16666666666666666,0.061538461538461535,0.12678039804336355,0.0508349977850496,0.0,0.0,0
M007399,C134,C075,1,13,1.0,0.125,0.04166666666666666,0.1018538237698265,0.039583887712745874,0.0,0.0,0
M007399,C135,C075,1,13,1.0,0.08333333333333337,0.035256410256410256,0.11021522078665164,0.03829751894092658,0.0,0.0,0
M007399,C184,C075,1,35,1.0,0.19607843137254904,0.09579831932773109,0.15888379500176653,0.07577658955771584,0.0,0.0,1
M007399,C186,C075,1,13,1.0,0.18333333333333335,0.08461538461538462,0.16720953140063896,0.06099413068641446,0.0,0.0,0
M007399,C191,C075,1,13,1.0,0.16666666666666666,0.05128205128205127,0.11547143139900362,0.0452901936652296,0.0,0.0,0
M007399,C205,C075,1,34,1.0625,0.17204301075268824,0.07653383934218849,0.20756948722322288,0.08130969248199832,0.0,0.2,5
M007399,C212,C075,1,34,1.0303030303030303,0.17708333333333337,0.07475490196078431,0.20611932610450287,0.07842329007665333,0.0,0.2,5
M007399,C096,C004,2,19,1.0,0.16666666666666674,0.08479532163742691,0.23884306312854417,0.09762618478034098,0.0,0.0,1
M007399,C206,C004,2,32,1.0,0.1827956989247312,0.09223790322580645,0.27308172950419635,0.09026532428203682,0.0,0.0,0
M007399,C207,C004,2,32,1.0,0.1827956989247312,0.08770161290322581,0.2105817295041964,0.058974709443014355,0.0,0.42857142857142855,7
M007399,C215,C004,2,12,1.0,0.196969696969697,0.09722222222222222,0.14570103827646305,0.07353324447192575,0.0,0.0,1
M007507,C003,C011,1,9,1.0,0.125,0.046296296296296294,0.14241907560142783,0.05785367774869697,0.0,0.0,1
M007507,C012,C011,1,9,1.0,0.0,0.0,0.0,0.0,0.0,0.0,0
M007507,C054,C011,1,10,1.0,0.08333333333333337,0.03333333333333334,0.11802787898510857,0.05229057020831383,0.0,0.0,0
M007507,C075,C011,1,13,1.0,0.08333333333333337,0.038461538461538464,0.08663783265073607,0.03136294730585383,0.0,0.0,0
M007507,C076,C011,1,13,1.0,0.08333333333333337,0.03205128205128205,0.06123462639126558,0.02745476172747376,0.0,0.0,0
M007507,C077,C011,1,13,1.0,0.08333333333333337,0.038461538461538464,0.09706604652306038,0.04249586879723602,0.0,0.0,1
M007507,C080,C011,1,10,1.1111111111111112,0.125,0.05833333333333335,0.13514872891188295,0.053758855731163194,0.0,0.0,0
M007507,C081,C011,1,9,1.0,0.125,0.046296296296296294,0.10069621962353385,0.04387078647026962,0.0,0.0,0
M007507,C084,C011,1,10,1.0,0.06944444444444442,0.029166666666666664,0.10487250970640384,0.04327763999949026,0.0,0.0,0
M007507,C085,C011,1,10,1.0,0.06944444444444442,0.029166666666666664,0.10487250970640377,0.043277639999490344,0.0,0.0,0
M007507,C088,C011,1,25,1.0,0.08333333333333337,0.03833333333333333,0.12113620632100473,0.0412561262113635,0.0,0.0,0
M007507,C089,C011,1,25,1.0,0.08333333333333337,0.03833333333333333,0.12113620632100473,0.0412561262113635,0.0,0.0,0
M007507,C090,C011,1,25,1.0,0.08333333333333337,0.03833333333333333,0.08002402692997156,0.034421078944534514,0.0,0.0,0
M007507,C127,C011,1,9,1.0,0.125,0.05555555555555555,0.12223361952854121,0.05451395919954606,0.0,0.0,0
M007507,C128,C011,1,9,1.0,0.09999999999999998,0.044444444444444446,0.1685403801834577,0.07586486791727734,0.0,0.0,0
M007507,C134,C011,1,9,1.0,0.0,0.0,0.03733822304635524,0.01866911152317753,0.0,0.0,0
M007507,C135,C011,1,9,1.0,0.0,0.0,0.03733822304635524,0.01866911152317753,0.0,0.0,0
M007507,C184,C011,1,35,1.0,0.09558823529411764,0.0407563025210084,0.17758537026476723,0.050245766392656065,0.0,0.0,1
M007507,C186,C011,1,9,1.0,0.125,0.05555555555555555,0.1626627528858166,0.06512100786850743,0.0,0.0,0
M007507,C191,C011,1,9,1.0,0.08333333333333337,0.037037037037037035,0.10077297134732514,0.042595788928314574,0.0,0.0,0
M007507,C205,C011,1,32,1.0,0.092741935483871,0.03717237903225806,0.14503484560625066,0.05707616637005248,0.0,0.0,5
M007507,C212,C011,1,33,1.0,0.09375,0.03977272727272727,0.15743283863006777,0.05013292513558591,0.0,0.0,5
M007507,C096,C004,2,19,1.0,0.11111111111111116,0.049707602339181284,0.1834083965346311,0.07385143291603681,0.2631578947368421,0.0,1
M007507,C206,C004,2,32,1.0,0.08602150537634412,0.04049059139784947,0.18205448633613086,0.08668399299421665,0.0,0.0,0
M007507,C207,C004,2,32,1.0,0.0967741935483871,0.04133064516129033,0.1793317295041964,0.08188626664521463,0.0,0.42857142857142855,7
M007507,C215,C004,2,12,1.0,0.12121212121212122,0.04924242424242425,0.12595227649109325,0.04166006224375534,0.0,0.0,1
M007678,C003,C011,1,9,1.0,0.125,0.046296296296296294,0.14241907560142783,0.05785367774869697,0.0,0.0,1
M007678,C012,C011,1,9,1.0,0.0,0.0,0.0,0.0,0.0,0.0,0
M007678,C054,C011,1,10,1.0,0.08333333333333337,0.03333333333333334,0.11802787898510857,0.05229057020831383,0.0,0.0,0
M007678,C075,C011,1,13,1.0,0.08333333333333337,0.038461538461538464,0.08663783265073607,0.03136294730585383,0.0,0.0,0
M007678,C076,C011,1,13,1.0,0.08333333333333337,0.03205128205128205,0.06123462639126558,0.02745476172747376,0.0,0.0,0
M007678,C077,C011,1,13,1.0,0.08333333333333337,0.038461538461538464,0.09706604652306038,0.04249586879723602,0.0,0.0,1
M007678,C080,C011,1,10,1.1111111111111112,0.125,0.05833333333333335,0.13514872891188295,0.053758855731163194,0.0,0.0,0
M007678,C081,C011,1,9,1.0,0.125,0.046296296296296294,0.10069621962353385,0.04387078647026962,0.0,0.0,0
M007678,C084,C011,1,10,1.0,0.06944444444444442,0.029166666666666664,0.10487250970640384,0.04327763999949026,0.0,0.0,0
M007678,C085,C011,1,10,1.0,0.06944444444444442,0.029166666666666664,0.10487250970640377,0.043277639999490344,0.0,0.0,0
M007678,C088,C011,1,25,1.0,0.08333333333333337,0.03833333333333333,0.12113620632100473,0.0412561262113635,0.0,0.0,0
M007678,C089,C011,1,25,1.0,0.08333333333333337,0.03833333333333333,0.12113620632100473,0.0412561262113635,0.0,0.0,0
M007678,C090,C011,1,25,1.0,0.08333333333333337,0.03833333333333333,0.08002402692997156,0.034421078944534514,0.0,0.0,0
M007678,C127,C011,1,9,1.0,0.125,0.05555555555555555,0.12223361952854121,0.05451395919954606,0.0,0.0,0
M007678,C128,C011,1,9,1.0,0.09999999999999998,0.044444444444444446,0.1685403801834577,0.07586486791727734,0.0,0.0,0
M007678,C134,C011,1,9,1.0,0.0,0.0,0.03733822304635524,0.01866911152317753,0.0,0.0,0
M007678,C135,C011,1,9,1.0,0.0,0.0,0.03733822304635524,0.01866911152317753,0.0,0.0,0
M007678,C184,C011,1,35,1.0,0.09558823529411764,0.0407563025210084,0.17758537026476723,0.050245766392656065,0.0,0.0,1
M007678,C186,C011,1,9,1.0,0.125,0.05555555555555555,0.1626627528858166,0.06512100786850743,0.0,0.0,0
M007678,C191,C011,1,9,1.0,0.08333333333333337,0.037037037037037035,0.10077297134732514,0.042595788928314574,0.0,0.0,0
M007678,C205,C011,1,32,1.0,0.092741935483871,0.03931451612903225,0.16626742280312548,0.06076124369091837,0.0,0.0,5
M007678,C206,C011,1,32,1.0,0.092741935483871,0.04208669354838709,0.17334494853541688,0.06839000012399124,0.0,0.0,0
M007678,C212,C011,1,33,1.0,0.09375,0.03977272727272727,0.17040008714439778,0.060329220836111745,0.0,0.0,5
M007678,C096,C004,2,19,1.0,0.11111111111111116,0.049707602339181284,0.1834083965346311,0.07385143291603681,0.2631578947368421,0.0,1
M007678,C207,C004,2,32,1.0,0.0967741935483871,0.04133064516129033,0.1793317295041964,0.08188626664521463,0.0,0.42857142857142855,7
M007678,C215,C004,2,12,1.0,0.12121212121212122,0.04924242424242425,0.12595227649109325,0.04166006224375534,0.0,0.0,1
M009487,C003,C080,1,30,1.2,0.14015151515151517,0.07954545454545454,0.13963680259589262,0.08102744783402564,0.0,0.0,1
M009487,C012,C080,1,31,1.0333333333333334,0.09626436781609196,0.03860771227289581,0.08800312571180144,0.034144523918124246,0.0,0.0,0
M009487,C015,C080,1,25,1.0,0.14423076923076922,0.09384615384615383,0.1509135313195553,0.08826949225115173,0.0,0.0,0
M009487,C063,C080,1,25,1.0,0.125,0.07,0.07793014561932338,0.03475611217223075,0.0,0.0,0
M009487,C095,C080,1,25,1.0,0.14880952380952384,0.09714285714285714,0.13593524131355691,0.08101740382287988,0.0,0.0,0
M009487,C103,C080,1,25,1.0,0.14393939393939398,0.08545454545454546,0.1065688184707992,0.0576185777868092,0.0,0.0,0
M009487,C109,C080,1,25,1.0,0.125,0.06833333333333333,0.10870245295277313,0.04961337590575861,0.0,0.0,0
M009487,C110,C080,1,25,1.0,0.125,0.05166666666666666,0.1307182591022202,0.04976956635848104,0.0,0.0,0
M009487,C127,C080,1,25,1.0,0.05555555555555547,0.019999999999999997,0.06297365065231122,0.022288428808775036,0.0,0.0,0
M009487,C135,C080,1,34,1.096774193548387,0.10833333333333334,0.04926470588235293,0.09677275519673606,0.04213876161152944,0.0,0.0,0
M009487,C153,C080,1,25,1.0,0.14880952380952384,0.06714285714285716,0.11567521205565819,0.041236234517710656,0.0,0.0,0
M009487,C154,C080,1,25,1.0,0.14880952380952384,0.06476190476190476,0.23884952709361948,0.08065201532985831,0.0,0.0,0
M009487,C178,C080,1,25,1.0,0.15000000000000002,0.058666666666666666,0.20877102027766517,0.0633125844759911,0.04,0.0,0
M009487,C186,C080,1,26,1.04,0.14950980392156865,0.08616138763197587,0.13831527929933746,0.08031463011706631,0.0,0.0,3
M009487,C004,C057,2,24,1.0434782608695652,0.1363636363636364,0.08901515151515153,0.11414346147470127,0.0669945576736606,0.0,0.0,1
M009487,C005,C057,2,12,1.0,0.11363636363636365,0.044507575757575746,0.13297635294030172,0.06491506800851553,0.0,0.0,4
M009487,C006,C057,2,13,1.0833333333333333,0.1454545454545454,0.0846153846153846,0.12344489748571934,0.06667984905308899,0.0,0.0,0
M009487,C007,C057,2,12,1.0,0.13636363636363635,0.05397727272727273,0.1308747997161724,0.0536431083806845,0.0,0.0,1
M009487,C008,C057,2,12,1.0,0.1477272727272727,0.05965909090909091,0.17627584929033818,0.06858129540154695,0.0,0.0,1
M009487,C011,C057,2,31,1.0333333333333334,0.14733542319749215,0.093841642228739,0.1880172571210639,0.11121030591537054,0.0,0.0,0
M009487,C014,C057,2,12,1.0,0.1477272727272727,0.07291666666666667,0.09529128433095625,0.036432190408248716,0.0,0.0,0
M009487,C016,C057,2,15,1.0714285714285714,0.14685314685314682,0.06433566433566434,0.1525132643712127,0.061228118595823784,0.0,0.0,1
M009487,C017,C057,2,14,1.0,0.1258741258741259,0.058441558441558454,0.10390798605480835,0.04345399093758069,0.0,0.0,0
M009487,C024,C057,2,12,1.0,0.14545454545454545,0.06363636363636364,0.2452303026662919,0.10031413481766678,0.0,0.0,0
M009487,C025,C057,2,12,1.0,0.1454545454545454,0.059090909090909104,0.22665960207072242,0.10777666788376856,0.0,0.0,0
M009487,C028,C057,2,13,1.0833333333333333,0.1313131313131313,0.06837606837606837,0.14698308155589565,0.08476815955516982,0.0,0.0,1
M009487,C029,C057,2,12,1.0,0.12121212121212122,0.049663299663299666,0.08893505839882937,0.03221893906975666,0.0,0.0,0
M009487,C030,C057,2,12,1.0,0.13636363636363635,0.05397727272727273,0.10167240683786208,0.036590578395263196,0.0,0.0,0
M009487,C031,C057,2,12,1.0,0.1477272727272727,0.07291666666666667,0.10904796284875035,0.048377684748634874,0.0,0.0,0
M009487,C037,C057,2,12,1.0,0.11688311688311687,0.04978354978354979,0.19949448553989027,0.08076608095371408,0.0,0.0,2
M009487,C038,C057,2,12,1.0,0.12987012987012986,0.05952380952380953,0.08554063239225561,0.03563914340301282,0.0,0.0,0
M009487,C044,C057,2,12,1.0,0.12121212121212122,0.05555555555555556,0.07469439107519522,0.030705236419901177,0.0,0.0,1
M009487,C045,C057,2,12,1.0,0.14141414141414144,0.06481481481481483,0.09875766837739995,0.03803676219578356,0.0,0.0,0
M009487,C055,C057,2,13,1.0,0.08333333333333333,0.038461538461538464,0.07853308019765293,0.052035830282817046,0.0,0.0,0
M009487,C056,C057,2,13,1.0833333333333333,0.09090909090909094,0.07692307692307693,0.08547375014200724,0.07034817306599944,0.0,0.0,0
M009487,C061,C057,2,12,1.0,0.14545454545454545,0.057575757575757586,0.20462112246682715,0.09153678976487423,0.0,0.0,0
M009487,C062,C057,2,12,1.0,0.14545454545454545,0.059090909090909104,0.2046211224668269,0.10648394858401715,0.0,0.0,0
M009487,C064,C057,2,12,1.0,0.1477272727272727,0.07291666666666667,0.10302785177878941,0.040385380975349286,0.0,0.0,0
M009487,C065,C057,2,12,1.0,0.1477272727272727,0.05965909090909091,0.1862048438788921,0.072614949453147,0.0,0.0,0
M009487,C076,C057,2,42,1.0,0.14855875831485588,0.09523809523809523,0.1892735126147971,0.12893770912113428,0.0,0.0,2
M009487,C077,C057,2,42,1.0,0.14855875831485588,0.08885017421602787,0.18927351261479708,0.12283244125384803,0.0,0.0,4
M009487,C081,C057,2,25,1.0,0.1477272727272727,0.0890909090909091,0.1758812854668444,0.09719290548600784,0.0,0.0,2
M009487,C086,C057,2,12,1.0,0.12987012987012986,0.05952380952380953,0.10342886286711139,0.04890115487451812,0.0,0.0,0
M009487,C087,C057,2,12,1.0,0.12987012987012986,0.05952380952380953,0.10342886286711105,0.048901154874518064,0.0,0.0,0
M009487,C091,C057,2,12,1.0,0.14545454545454545,0.05454545454545456,0.2865894454685691,0.14618233843270237,0.0,0.0,1
M009487,C092,C057,2,12,1.0,0.1454545454545454,0.05909090909090908,0.1722052090304237,0.07950383731438197,0.0,0.0,0
M009487,C093,C057,2,12,1.0,0.1454545454545454,0.054545454545454536,0.09507955252638887,0.045618615786318074,0.0,0.0,0
M009487,C099,C057,2,13,1.0,0.08333333333333333,0.038461538461538464,0.07850930591802306,0.05196633623466851,0.0,0.0,0
M009487,C100,C057,2,13,1.0,0.08333333333333333,0.038461538461538464,0.07850930591802306,0.05196633623466851,0.0,0.0,1
M009487,C104,C057,2,13,1.0833333333333333,0.09090909090909094,0.07692307692307693,0.10767696823793432,0.08059581218719652,0.0,0.0,1
M009487,C118,C057,2,19,1.1176470588235294,0.13636363636363635,0.07057416267942583,0.13186064952607918,0.06282427388927919,0.0,0.0,2
M009487,C128,C057,2,20,1.0526315789473684,0.14141414141414144,0.08863636363636364,0.1525023816119393,0.08878809591811307,0.0,0.0,0
M009487,C134,C057,2,32,1.032258064516129,0.1484848484848485,0.09517045454545453,0.19072463285154126,0.11675212906685647,0.0,0.0,0
M009487,C141,C057,2,12,1.0,0.1298701298701298,0.054112554112554105,0.14370792646271047,0.06971354642268152,0.0,0.0,1
M009487,C165,C057,2,14,1.0769230769230769,0.14393939393939392,0.08766233766233768,0.10601736985400072,0.061498088863422215,0.0,0.0,0
M009487,C166,C057,2,14,1.0769230769230769,0.14393939393939392,0.08766233766233768,0.10601736985400072,0.06149808886342217,0.0,0.0,0
M009487,C167,C057,2,13,1.0,0.08333333333333337,0.038461538461538464,0.02824747710399153,0.013431945422142683,0.0,0.0,0
M009487,C172,C057,2,12,1.0,0.09090909090909091,0.041666666666666664,0.07299336901093668,0.028806069676583296,0.0,0.0,0
M009487,C173,C057,2,13,1.0833333333333333,0.14545454545454545,0.06083916083916085,0.17283641805949934,0.07281692678352773,0.0,0.0,2
M009487,C174,C057,2,12,1.0,0.11688311688311687,0.04329004329004329,0.13222939546096762,0.06269592407484638,0.0,0.0,1
M009487,C175,C057,2,12,1.0,0.1298701298701298,0.050865800865800864,0.21003300452119172,0.07435421878674224,0.0,0.0,1
M009487,C176,C057,2,12,1.0,0.12987012987012986,0.05735930735930735,0.21003300452119206,0.07131997497187216,0.0,0.0,1
M009487,C177,C057,2,12,1.0,0.09090909090909091,0.041666666666666664,0.07121388358318537,0.030896377544113836,0.0,0.0,0
M009487,C182,C057,2,12,1.0,0.1477272727272727,0.07291666666666667,0.11282575352574124,0.0549888184333687,0.0,0.0,0
M009487,C183,C057,2,12,1.0,0.1477272727272727,0.07291666666666667,0.14701323689108464,0.08091075359696384,0.0,0.0,1
M009487,C191,C057,2,24,1.0,0.14624505928853757,0.08712121212121211,0.17514556611698093,0.10811644905510093,0.0,0.0,0
M009487,C192,C057,2,12,1.0,0.13636363636363635,0.059343434343434344,0.19988446526463746,0.0990910942478291,0.0,0.0,0
M009487,C193,C057,2,12,1.0,0.13636363636363635,0.05808080808080807,0.08614232254193892,0.03695905535001468,0.0,0.0,0
M009487,C194,C057,2,13,1.0833333333333333,0.1454545454545454,0.0846153846153846,0.11396866584963093,0.05807834649110097,0.0,0.0,0
M009487,C195,C057,2,12,1.0,0.0727272727272727,0.02954545454545454,0.051286449481377026,0.021842802948252287,0.0,0.0,0
M009487,C197,C057,2,12,1.0,0.11688311688311687,0.046536796536796536,0.12380919707069617,0.04788768593386734,0.0,0.0,1
M009487,C198,C057,2,12,1.0,0.12987012987012986,0.05627705627705629,0.09427660642663543,0.04713830321331777,0.0,0.0,0
M009487,C199,C057,2,12,1.0,0.12987012987012986,0.05735930735930735,0.09134232099842639,0.03935802797041218,0.0,0.0,1
M009487,C216,C057,2,14,1.0769230769230769,0.14393939393939392,0.08766233766233768,0.1411164752426271,0.08625549355718545,0.0,0.0,1
M009514,C003,C127,1,27,1.173913043478261,0.19696969696969702,0.09913954358398802,0.21164140067445336,0.10021630219264104,0.0,0.0,1
M009514,C005,C127,1,19,1.0,0.18055555555555558,0.0804093567251462,0.2949792551118998,0.12970606338487603,0.0,0.0,4
M009514,C011,C127,1,30,1.0,0.1992337164750958,0.12962962962962962,0.17710014506592903,0.11066834407409504,0.0,0.0,0
M009514,C012,C127,1,30,1.0,0.11685823754789273,0.048467432950191576,0.10026701578870006,0.038972850319860725,0.0,0.0,0
M009514,C014,C127,1,20,1.0526315789473684,0.19444444444444445,0.10833333333333331,0.2599590267163695,0.16254482084222102,0.0,0.0,0
M009514,C015,C127,1,19,1.0,0.1923076923076923,0.10728744939271255,0.18940350171536224,0.10967887083679201,0.0,0.0,0
M009514,C038,C127,1,19,1.0,0.19047619047619047,0.10902255639097742,0.282619221293656,0.17301858904081058,0.0,0.0,0
M009514,C063,C127,1,19,1.0,0.19444444444444442,0.10014619883040936,0.13645874119271442,0.06602018197262897,0.0,0.0,0
M009514,C076,C127,1,42,1.0,0.1991869918699187,0.1402116402116402,0.16105928567390423,0.10444231144664318,0.0,0.0,2
M009514,C080,C127,1,25,1.0,0.05555555555555547,0.019999999999999997,0.06297365065231122,0.022288428808775036,0.0,0.0,0
M009514,C095,C127,1,21,1.105263157894737,0.19841269841269843,0.13605442176870747,0.1882260115003937,0.12446745705291029,0.0,0.0,0
M009514,C103,C127,1,19,1.0,0.19191919191919193,0.1172248803827751,0.16724488944399063,0.09756022062077357,0.0,0.0,0
M009514,C109,C127,1,20,1.0526315789473684,0.19444444444444442,0.10763888888888888,0.1851459486494075,0.08584381243207703,0.0,0.0,0
M009514,C110,C127,1,19,1.0,0.1527777777777778,0.05921052631578946,0.14965757235817456,0.058892124943198385,0.0,0.0,0
M009514,C118,C127,1,23,1.2105263157894737,0.19444444444444442,0.11775362318840578,0.20306978832524344,0.1157398747232826,0.0,0.0,2
M009514,C134,C127,1,31,1.0,0.2,0.1326164874551971,0.17428661016840305,0.10960169121115738,0.0967741935483871,0.0,0
M009514,C135,C127,1,31,1.0,0.12222222222222223,0.05125448028673834,0.10261459149766575,0.04048706663703216,0.0,0.0,0
M009514,C153,C127,1,19,1.0,0.19047619047619047,0.09732664995822891,0.1167691056979844,0.04831991967427043,0.0,0.0,0
M009514,C154,C127,1,19,1.0,0.15873015873015872,0.061403508771929814,0.21628541157427794,0.06865973828970595,0.0,0.0,0
M009514,C167,C127,1,21,1.105263157894737,0.19444444444444448,0.10714285714285714,0.22524373866142522,0.11086440892421616,0.0,0.0,0
M009514,C177,C127,1,20,1.0526315789473684,0.19999999999999996,0.10666666666666665,0.24813619541043846,0.13019585626826496,0.05,0.0,0
M009514,C178,C127,1,19,1.0,0.16666666666666663,0.05906432748538012,0.1727370597140003,0.054511255408685906,0.0,0.0,0
M009514,C182,C127,1,20,1.0526315789473684,0.19444444444444445,0.11875,0.23365732292419203,0.1296416080597918,0.0,0.0,0
M009514,C186,C127,1,22,1.1578947368421053,0.19934640522875824,0.1222519310754605,0.2011315203731333,0.12281940557831006,0.0,0.0,3
M009514,C191,C127,1,24,1.0,0.15700483091787437,0.07407407407407407,0.13256952883621786,0.05429047044270371,0.0,0.0,0
M009514,C216,C127,1,19,1.0,0.19444444444444448,0.09649122807017542,0.18856882880885326,0.0980239351262777,0.0,0.0,1
M009514,C004,C057,2,25,1.0869565217391304,0.18181818181818182,0.11636363636363636,0.1550884795874112,0.09276778833970209,0.0,0.0,1
M009514,C006,C057,2,13,1.0833333333333333,0.16363636363636364,0.09999999999999999,0.14244593860503732,0.08129127531488377,0.0,0.0,0
M009514,C007,C057,2,14,1.1666666666666667,0.19318181818181823,0.09983766233766235,0.2163485498581793,0.09365728230510419,0.0,0.0,1
M009514,C008,C057,2,12,1.0,0.18181818181818182,0.07007575757575757,0.13822880035497104,0.05695580822685146,0.0,0.0,1
M009514,C016,C057,2,16,1.1428571428571428,0.19580419580419578,0.07736013986013987,0.19776330597569625,0.0742656832630762,0.0,0.0,1
M009514,C017,C057,2,15,1.0714285714285714,0.18881118881118886,0.08251748251748256,0.1625659305051334,0.06580795636798406,0.0,0.0,0
M009514,C024,C057,2,12,1.0,0.14545454545454545,0.06363636363636364,0.2452303026662919,0.10031413481766678,0.0,0.0,0
M009514,C025,C057,2,12,1.0,0.18181818181818177,0.07575757575757576,0.26380100326186157,0.1387701762713229,0.0,0.0,0
M009514,C028,C057,2,14,1.1666666666666667,0.19191919191919193,0.10750360750360748,0.20849241296978416,0.11815101521684827,0.0,0.0,1
M009514,C029,C057,2,12,1.0,0.1616161616161616,0.06818181818181819,0.12994127934142158,0.04988174917197385,0.0,0.0,0
M009514,C030,C057,2,13,1.0833333333333333,0.19318181818181823,0.07867132867132867,0.1561963882622368,0.056965063660409626,0.0,0.0,0
M009514,C031,C057,2,13,1.0833333333333333,0.18181818181818182,0.10576923076923077,0.13999773156638226,0.07680112482195572,0.0,0.0,0
M009514,C037,C057,2,13,1.0833333333333333,0.18181818181818182,0.07792207792207793,0.2564881326762695,0.0964662218270072,0.0,0.0,2
M009514,C044,C057,2,12,1.0,0.12121212121212122,0.05555555555555556,0.07469439107519522,0.030705236419901177,0.0,0.0,1
M009514,C045,C057,2,13,1.0833333333333333,0.19191919191919193,0.11965811965811968,0.1468842229818094,0.07642066437522009,0.0,0.0,0
M009514,C055,C057,2,13,1.0,0.08333333333333333,0.038461538461538464,0.07853308019765293,0.052035830282817046,0.0,0.0,0
M009514,C056,C057,2,14,1.1666666666666667,0.18181818181818188,0.12987012987012986,0.17094750028401415,0.11843607138799798,0.0,0.0,0
M009514,C061,C057,2,12,1.0,0.18181818181818177,0.08181818181818183,0.2130395280125302,0.11508148782163512,0.0,0.0,0
M009514,C062,C057,2,12,1.0,0.18181818181818177,0.08333333333333336,0.2130395280125302,0.13002864664077804,0.0,0.0,0
M009514,C064,C057,2,12,1.0,0.18181818181818182,0.09375,0.13698767603140186,0.06029097670778585,0.0,0.0,0
M009514,C065,C057,2,13,1.0833333333333333,0.18181818181818182,0.09790209790209789,0.1862048438788921,0.09044439890536048,0.0,0.0,0
M009514,C077,C057,2,42,1.0,0.19955654101995562,0.13203463203463203,0.2466569053299329,0.162311131716514,0.0,0.25,4
M009514,C081,C057,2,25,1.0,0.196969696969697,0.12545454545454546,0.2198516068335555,0.1303550054746473,0.0,0.5,2
M009514,C086,C057,2,13,1.0833333333333333,0.19480519480519476,0.09890109890109892,0.18890261300911865,0.08353395636863421,0.0,0.0,0
M009514,C087,C057,2,12,1.0,0.18181818181818182,0.08333333333333333,0.13718818157556287,0.06977083927876693,0.0,0.0,0
M009514,C091,C057,2,12,1.0,0.18181818181818177,0.0787878787878788,0.31549993176470825,0.1628963429059848,0.0,0.0,1
M009514,C092,C057,2,12,1.0,0.18181818181818182,0.08333333333333333,0.14455243148069447,0.06023017978362274,0.0,0.0,0
M009514,C093,C057,2,12,1.0,0.18181818181818182,0.07878787878787878,0.09507955252638887,0.044337842135067175,0.0,0.0,0
M009514,C099,C057,2,13,1.0,0.08333333333333333,0.038461538461538464,0.07850930591802306,0.05196633623466851,0.0,0.0,0
M009514,C100,C057,2,13,1.0,0.08333333333333333,0.038461538461538464,0.07850930591802306,0.05196633623466851,0.0,0.0,1
M009514,C104,C057,2,14,1.1666666666666667,0.18181818181818188,0.14285714285714285,0.19315071837994113,0.14016227202082485,0.0,0.0,1
M009514,C128,C057,2,20,1.0526315789473684,0.196969696969697,0.12954545454545455,0.20747565543155852,0.125967033396812,0.0,0.0,0
M009514,C141,C057,2,12,1.0,0.18181818181818177,0.07792207792207792,0.1842309013551853,0.0878346170602453,0.0,0.0,1
M009514,C165,C057,2,15,1.1538461538461537,0.196969696969697,0.12424242424242425,0.17865135767601178,0.09574482972279168,0.0,0.0,0
M009514,C166,C057,2,15,1.1538461538461537,0.196969696969697,0.12424242424242425,0.17865135767601187,0.09574482972279166,0.0,0.0,0
M009514,C172,C057,2,13,1.0833333333333333,0.18181818181818182,0.11538461538461539,0.15846711915294376,0.08329559915916886,0.0,0.0,0
M009514,C173,C057,2,13,1.0833333333333333,0.14545454545454545,0.06083916083916085,0.17283641805949934,0.07281692678352773,0.0,0.0,2
M009514,C174,C057,2,12,1.0,0.18181818181818177,0.07575757575757576,0.2177031456029747,0.1162596505138802,0.0,0.0,1
M009514,C175,C057,2,12,1.0,0.18181818181818177,0.08116883116883117,0.24108096826245506,0.10977601642552819,0.0,0.0,1
M009514,C176,C057,2,12,1.0,0.18181818181818182,0.06926406926406926,0.21003300452119206,0.079081965907188,0.0,0.0,1
M009514,C183,C057,2,13,1.0833333333333333,0.19318181818181818,0.11538461538461539,0.20171724365855254,0.1186039555737022,0.0,0.0,1
M009514,C192,C057,2,12,1.0,0.19696969696969702,0.08712121212121211,0.2570898228259524,0.11708555091713403,0.0,0.0,0
M009514,C193,C057,2,12,1.0,0.196969696969697,0.09722222222222222,0.11374214272269888,0.04509257445272783,0.0,0.0,0
M009514,C194,C057,2,13,1.0833333333333333,0.18181818181818182,0.11538461538461539,0.1595517333971376,0.0878843517307575,0.0,0.0,0
M009514,C195,C057,2,12,1.0,0.0727272727272727,0.02954545454545454,0.051286449481377026,0.021842802948252287,0.0,0.0,0
M009514,C197,C057,2,13,1.0833333333333333,0.1948051948051948,0.0919080919080919,0.20928294721270324,0.09113120183948421,0.0,0.0,1
M009514,C198,C057,2,12,1.0,0.16883116883116883,0.0800865800865801,0.1355463387835341,0.06826221696313536,0.0,0.0,0
M009514,C199,C057,2,12,1.0,0.18181818181818182,0.08441558441558443,0.14526249857992996,0.06596919635825536,0.0,0.0,1
M010621,C003,C186,1,26,1.1304347826086956,0.14171122994652408,0.08247634718222954,0.14731734777305594,0.08003699032277697,0.0,0.0,4
M010621,C012,C186,1,30,1.0,0.14807302231237324,0.07755240027045299,0.12477703520177637,0.06471437110948824,0.0,0.0,3
M010621,C015,C186,1,18,1.0,0.14479638009049772,0.07692307692307693,0.14078962305087547,0.07646880534378298,0.0,0.0,3
M010621,C063,C186,1,18,1.0,0.14705882352941174,0.05147058823529411,0.19593857719358718,0.09216032059812845,0.0,0.0,3
M010621,C080,C186,1,26,1.04,0.14950980392156865,0.08616138763197587,0.13831527929933746,0.08031463011706631,0.0,0.0,3
M010621,C095,C186,1,19,1.0555555555555556,0.1470588235294118,0.0908889871738169,0.13251498083955576,0.07937595077145253,0.0,0.0,3
M010621,C103,C186,1,18,1.0,0.1443850267379679,0.08080808080808081,0.11160790438520736,0.05795919668617674,0.0,0.0,3
M010621,C109,C186,1,18,1.0,0.13970588235294112,0.05718954248366012,0.11627784754676122,0.07343778457944496,0.0,0.3333333333333333,3
M010621,C110,C186,1,18,1.0,0.14705882352941174,0.06372549019607843,0.1733228338660171,0.08708683705405709,0.0,0.0,3
M010621,C127,C186,1,21,1.105263157894737,0.14705882352941174,0.0967942732648615,0.14850344341668212,0.09770135354000302,0.0,0.0,3
M010621,C135,C186,1,32,1.032258064516129,0.14901960784313725,0.07653186274509803,0.12434364581633003,0.061469406484510214,0.0,0.0,3
M010621,C153,C186,1,18,1.0,0.13445378151260512,0.05182072829131653,0.1883560817470208,0.08235175126059431,0.0,0.0,3
M010621,C154,C186,1,18,1.0,0.134453781512605,0.059757236227824445,0.2194670302169611,0.13094370045715703,0.0,0.0,3
M010621,C178,C186,1,18,1.0,0.14705882352941174,0.08333333333333333,0.1971724054254631,0.12257219381156473,0.0,0.0,3
M010621,C004,C028,2,24,1.0434782608695652,0.14141414141414144,0.06144781144781144,0.18434438575201903,0.08244678954736234,0.0,0.0,2
M010621,C005,C028,2,10,1.0,0.1111111111111111,0.04999999999999999,0.11697945052494065,0.03387912360656135,0.0,0.0,5
M010621,C006,C028,2,11,1.0,0.09999999999999998,0.04545454545454544,0.09902330920473532,0.04957943990972884,0.0,0.0,1
M010621,C007,C028,2,10,1.0,0.08333333333333331,0.033333333333333326,0.0693300922400629,0.030604024832065285,0.0,0.0,2
M010621,C008,C028,2,10,1.0,0.11111111111111116,0.05000000000000001,0.09772471566197562,0.04859694749591602,0.0,0.0,2
M010621,C011,C028,2,30,1.0,0.14942528735632177,0.07139208173690931,0.19460607785346432,0.11446707059878647,0.0,0.0,1
M010621,C014,C028,2,10,1.0,0.1111111111111111,0.04999999999999999,0.08865186310807052,0.033728245492704964,0.0,0.0,1
M010621,C016,C028,2,14,1.0,0.1367521367521367,0.06532356532356533,0.16955506658568661,0.06994393696522035,0.0,0.0,2
M010621,C017,C028,2,14,1.0,0.1367521367521367,0.06349206349206352,0.08479730928184004,0.03270696855188116,0.0,0.0,1
M010621,C024,C028,2,10,1.0,0.1111111111111111,0.04666666666666665,0.14464716018553747,0.05948234199673621,0.0,0.0,1
M010621,C025,C028,2,10,1.0,0.15555555555555556,0.06444444444444446,0.2281885004518179,0.11585144952705258,0.1,0.0,1
M010621,C029,C028,2,10,1.0,0.0,0.0,3.4486840723889746e-16,8.837252935496748e-17,0.0,0.0,1
M010621,C030,C028,2,10,1.0,0.06944444444444442,0.029166666666666664,0.06419022762796081,0.03209511381398036,0.0,0.0,1
M010621,C031,C028,2,10,1.0,0.1111111111111111,0.04999999999999999,0.09553020236696756,0.04821818462846802,0.0,0.0,1
M010621,C037,C028,2,11,1.1,0.12698412698412698,0.06637806637806637,0.18245268332541636,0.08745149277175436,0.0,0.0,3
M010621,C038,C028,2,10,1.0,0.12698412698412703,0.05714285714285715,0.06948632394822016,0.03284148299857487,0.0,0.0,1
M010621,C044,C028,2,11,1.1,0.1111111111111111,0.0202020202020202,0.10241669378239474,0.03221458131481345,0.0,0.0,2
M010621,C045,C028,2,11,1.1,0.11111111111111116,0.0808080808080808,0.10241669378239471,0.06865914066389132,0.0,0.0,1
M010621,C055,C028,2,13,1.0,0.13888888888888895,0.07264957264957266,0.12614301829212368,0.06364920474066255,0.0,0.0,1
M010621,C056,C028,2,12,1.0,0.12121212121212122,0.04966329966329965,0.14352177329907345,0.06861008233658618,0.0,0.0,1
M010621,C057,C028,2,13,1.0833333333333333,0.13131313131313127,0.047397047397047413,0.09239636665565149,0.031451623429940866,0.0,0.0,1
M010621,C061,C028,2,10,1.0,0.15555555555555556,0.06444444444444446,0.18757932025235324,0.08945548239740043,0.1,0.0,1
M010621,C062,C028,2,10,1.0,0.15555555555555556,0.06444444444444446,0.187579320252353,0.08945548239740025,0.1,0.0,1
M010621,C064,C028,2,10,1.0,0.1111111111111111,0.04999999999999999,0.09252014683198719,0.03801836018348128,0.0,0.0,1
M010621,C065,C028,2,11,1.1,0.11111111111111116,0.06313131313131314,0.10765371025052951,0.061392736629788974,0.0,0.0,1
M010621,C076,C028,2,42,1.0,0.14905149051490513,0.07046070460704607,0.22269248660181457,0.12612320453271872,0.0,0.3333333333333333,3
M010621,C077,C028,2,42,1.0,0.14905149051490513,0.08013937282229963,0.22269248660181457,0.13670429469383147,0.0,0.0,5
M010621,C081,C028,2,25,1.0,0.1388888888888889,0.07777777777777777,0.19342029551402207,0.10945241351764372,0.0,0.3333333333333333,3
M010621,C086,C028,2,11,1.1,0.1111111111111111,0.04761904761904761,0.09650624635346716,0.04819857457809391,0.0,0.0,1
M010621,C087,C028,2,11,1.1,0.12698412698412703,0.06637806637806638,0.13498873797784675,0.06117262010843378,0.0,0.0,1
M010621,C091,C028,2,10,1.0,0.15555555555555556,0.06444444444444446,0.26954764325409525,0.14273489234853293,0.1,0.0,2
M010621,C092,C028,2,10,1.0,0.15555555555555556,0.06444444444444443,0.1514750479943387,0.05724977392427731,0.1,0.0,1
M010621,C093,C028,2,10,1.0,0.15555555555555556,0.06444444444444443,0.11725518139714802,0.04968274652704642,0.1,0.0,1
M010621,C099,C028,2,13,1.0,0.13888888888888895,0.06837606837606838,0.12604792117360455,0.0628077468248101,0.0,0.0,1
M010621,C100,C028,2,13,1.0,0.13888888888888895,0.06837606837606838,0.12604792117360455,0.0628077468248101,0.0,0.0,2
M010621,C104,C028,2,12,1.0,0.14141414141414144,0.0563973063973064,0.11953054073191043,0.04929021332140257,0.0,0.0,2
M010621,C118,C028,2,17,1.0,0.14583333333333331,0.062091503267973844,0.1753610423482735,0.07839968331658237,0.0,0.0,3
M010621,C128,C028,2,19,1.0,0.11111111111111116,0.06725146198830408,0.1530107603810523,0.09018843103101055,0.0,0.0,1
M010621,C134,C028,2,31,1.0,0.1333333333333333,0.07132616487455196,0.1939692809425334,0.11783008513859125,0.0,0.0,1
M010621,C141,C028,2,10,1.0,0.12698412698412698,0.05714285714285714,0.12223832389117942,0.05350506103221444,0.0,0.0,2
M010621,C165,C028,2,14,1.0769230769230769,0.1388888888888889,0.07936507936507933,0.15211898648389421,0.08306654291628188,0.0,0.0,1
M010621,C166,C028,2,14,1.0769230769230769,0.1388888888888889,0.07936507936507933,0.15211898648389421,0.08306654291628184,0.0,0.0,1
M010621,C167,C028,2,13,1.0,0.1388888888888889,0.06837606837606837,0.13842637761177243,0.07137744743584949,0.0,0.0,1
M010621,C172,C028,2,12,1.0909090909090908,0.1333333333333333,0.062037037037037036,0.13004504863398123,0.05939380822511208,0.0,0.0,1
M010621,C173,C028,2,11,1.0,0.0888888888888889,0.037373737373737385,0.08190867259262559,0.04133646793048712,0.0,0.0,3
M010621,C174,C028,2,10,1.0,0.12698412698412698,0.05714285714285714,0.16961337964723752,0.08477259783121281,0.0,0.0,2
M010621,C175,C028,2,10,1.0,0.11111111111111116,0.050793650793650794,0.13148187089282914,0.051691688466757514,0.0,0.0,2
M010621,C176,C028,2,10,1.0,0.07936507936507936,0.034920634920634915,0.13148187089282948,0.04920048076418705,0.0,0.0,2
M010621,C177,C028,2,12,1.0909090909090908,0.1333333333333333,0.06944444444444443,0.12470659235072695,0.05064863623378731,0.0,0.0,1
M010621,C182,C028,2,10,1.0,0.1111111111111111,0.04999999999999999,0.09741909770546302,0.054829318313201814,0.0,0.0,1
M010621,C183,C028,2,11,1.1,0.1388888888888889,0.06818181818181819,0.13165014933682387,0.053810429919331444,0.0,0.0,2
M010621,C191,C028,2,24,1.0,0.1497584541062802,0.07991143317230272,0.1971221917405662,0.12288380481539818,0.0,0.0,1
M010621,C192,C028,2,10,1.0,0.11111111111111116,0.05,0.14820535628852144,0.05838892624014175,0.0,0.0,1
M010621,C193,C028,2,10,1.0,0.11111111111111116,0.05,0.063748364938085,0.034375442495534966,0.0,0.0,1
M010621,C194,C028,2,12,1.0909090909090908,0.1333333333333333,0.062037037037037036,0.13329889136656223,0.06264765095769316,0.0,0.0,1
M010621,C195,C028,2,11,1.0,0.0888888888888889,0.037373737373737385,0.07865482986004456,0.03650500447907889,0.0,0.0,1
M010621,C197,C028,2,10,1.0,0.12698412698412703,0.04761904761904762,0.12888723368419622,0.05821363027641742,0.0,0.0,2
M010621,C198,C028,2,10,1.0,0.12698412698412703,0.04920634920634921,0.12888723368419622,0.05842800539494645,0.0,0.0,1
M010621,C199,C028,2,10,1.0,0.11111111111111116,0.04285714285714286,0.06444361684209833,0.029969521947808286,0.0,0.0,2
M010621,C216,C028,2,14,1.0769230769230769,0.1388888888888889,0.08333333333333333,0.16860765047543427,0.10525627627058386,0.0,0.0,2
M011422,C003,C165,1,24,1.0434782608695652,0.13636363636363635,0.07481060606060606,0.14882366357945215,0.05367789638748211,0.0,0.0,0
M011422,C004,C165,1,23,1.0,0.14393939393939392,0.07180500658761528,0.10429493155015554,0.0509866298915184,0.0,0.0,0
M011422,C005,C165,1,13,1.0,0.125,0.044871794871794865,0.14324816279629865,0.06587245767712252,0.0,0.0,0
M011422,C006,C165,1,16,1.2307692307692308,0.15000000000000002,0.07291666666666667,0.1642380818684162,0.07322412590182975,0.0625,0.0,0
M011422,C007,C165,1,13,1.0,0.125,0.057692307692307696,0.14114660957216937,0.06893920223082371,0.0,0.0,0
M011422,C011,C165,1,30,1.0,0.12068965517241381,0.04674329501915708,0.08701082623830289,0.03490913576043135,0.0,0.0,0
M011422,C012,C165,1,30,1.0,0.13793103448275867,0.06388888888888888,0.13981965582412711,0.03994826479036543,0.0,0.0,0
M011422,C014,C165,1,13,1.0,0.08333333333333337,0.03205128205128204,0.08079212088105628,0.03237461682929952,0.0,0.0,0
M011422,C015,C165,1,15,1.0714285714285714,0.07051282051282053,0.03247863247863248,0.10839950381841854,0.052031761832840966,0.0,0.0,0
M011422,C017,C165,1,14,1.0,0.07692307692307693,0.03571428571428573,0.06122589691432398,0.028648440294867756,0.0,0.0,0
M011422,C024,C165,1,13,1.0,0.15000000000000002,0.056410256410256404,0.23693141192671954,0.09297176552116035,0.07692307692307693,0.0,0
M011422,C025,C165,1,13,1.0,0.13333333333333341,0.05641025641025642,0.20143882529584753,0.06784658043215387,0.0,0.0,0
M011422,C028,C165,1,13,1.0,0.08333333333333337,0.02991452991452992,0.08721995248695522,0.036431813745190215,0.0,0.0,0
M011422,C030,C165,1,13,1.0,0.125,0.057692307692307696,0.1340708847265242,0.06865687677223545,0.0,0.0,0
M011422,C031,C165,1,13,1.0,0.08333333333333333,0.028846153846153837,0.06348142125898278,0.029308559016031376,0.0,0.0,0
M011422,C037,C165,1,13,1.0,0.13095238095238093,0.05677655677655677,0.19155800224625633,0.05912570906135672,0.0,0.0,0
M011422,C038,C165,1,13,1.0,0.11904761904761907,0.040293040293040296,0.13199640264587803,0.05931049435463455,0.0,0.0,0
M011422,C045,C165,1,13,1.0,0.1111111111111111,0.042735042735042736,0.13315614883101975,0.050787251772666644,0.0,0.0,0
M011422,C056,C165,1,15,1.1538461538461537,0.13636363636363635,0.07020202020202018,0.14013207071602346,0.06336517229026555,0.0,0.0,0
M011422,C057,C165,1,14,1.0769230769230769,0.10606060606060605,0.033008658008658,0.0931776075340047,0.039068371551004684,0.0,0.0,0
M011422,C061,C165,1,13,1.0,0.11666666666666659,0.048717948717948704,0.1371230395728149,0.062487984356521704,0.0,0.0,0
M011422,C062,C165,1,13,1.0,0.15000000000000002,0.0564102564102564,0.13712303957281466,0.06585896905596003,0.07692307692307693,0.0,0
M011422,C063,C165,1,13,1.0,0.08333333333333337,0.03205128205128204,0.07305555343322312,0.02902963377017542,0.0,0.0,0
M011422,C064,C165,1,13,1.0,0.08333333333333337,0.03205128205128205,0.1095833301498348,0.04236845007782312,0.0,0.0,0
M011422,C065,C165,1,13,1.0,0.125,0.044871794871794865,0.0927560419227923,0.03933760569481251,0.0,0.0,0
M011422,C076,C165,1,42,1.0,0.12804878048780488,0.04858691444057298,0.1147722624943638,0.03569937511932419,0.0,0.0,0
M011422,C077,C165,1,42,1.0,0.1402439024390244,0.06029810298102981,0.20915528642180797,0.07663154646151964,0.0,0.0,0
M011422,C080,C165,1,25,1.0,0.08333333333333337,0.05333333333333333,0.12329756785487875,0.030337369291262576,0.0,0.0,0
M011422,C081,C165,1,25,1.0,0.12500000000000006,0.05333333333333334,0.16520523612051125,0.05961132643009839,0.0,0.0,0
M011422,C086,C165,1,13,1.0,0.11904761904761907,0.04395604395604395,0.16065513590512728,0.05440596230680857,0.0,0.0,0
M011422,C087,C165,1,13,1.0,0.130952380952381,0.05494505494505496,0.12178046679156743,0.052420706242083476,0.0,0.0,0
M011422,C091,C165,1,13,1.0,0.15000000000000002,0.06153846153846153,0.21909136257455689,0.07822856738149603,0.07692307692307693,0.0,0
M011422,C092,C165,1,13,1.0,0.15000000000000002,0.05384615384615384,0.1850449713504198,0.0760042625076322,0.07692307692307693,0.0,0
M011422,C093,C165,1,13,1.0,0.15000000000000002,0.05897435897435897,0.13758333373651638,0.04869934478950731,0.07692307692307693,0.0,0
M011422,C095,C165,1,17,1.1333333333333333,0.130952380952381,0.0742296918767507,0.1503681189718658,0.06835730539553733,0.0,0.0,0
M011422,C103,C165,1,15,1.1538461538461537,0.14393939393939398,0.05454545454545454,0.14746588801059066,0.05715178446969373,0.0,0.0,0
M011422,C104,C165,1,13,1.0,0.07575757575757569,0.03263403263403263,0.05045069519991844,0.025781482590584628,0.0,0.0,0
M011422,C109,C165,1,13,1.0,0.125,0.044871794871794865,0.12069888082963282,0.04144824006225763,0.0,0.0,0
M011422,C110,C165,1,13,1.0,0.125,0.05128205128205128,0.12069888082963282,0.05369054707901756,0.0,0.0,0
M011422,C118,C165,1,18,1.0588235294117647,0.14583333333333331,0.07407407407407408,0.1452133906333264,0.0677633274886021,0.0,0.0,0
M011422,C127,C165,1,20,1.0526315789473684,0.11111111111111116,0.04027777777777779,0.08736466716379823,0.03255727860977385,0.0,0.0,0
M011422,C128,C165,1,21,1.105263157894737,0.13888888888888884,0.0687830687830688,0.16937869094464783,0.06932562479551423,0.0,0.0,0
M011422,C134,C165,1,31,1.0,0.11666666666666659,0.044086021505376334,0.08604590051763929,0.03318722484483973,0.0,0.0,0
M011422,C135,C165,1,31,1.0,0.1333333333333333,0.06666666666666667,0.14081354366785417,0.0415900285437819,0.0,0.0,0
M011422,C141,C165,1,13,1.0,0.13095238095238093,0.05677655677655677,0.1294166221088513,0.05374103472219531,0.0,0.0,0
M011422,C153,C165,1,13,1.0,0.130952380952381,0.05311355311355311,0.11587733180082635,0.04112175563944986,0.0,0.0,0
M011422,C154,C165,1,13,1.0,0.130952380952381,0.04761904761904763,0.11587733180082617,0.045799651053429084,0.0,0.0,0
M011422,C166,C165,1,15,1.1538461538461537,0.08333333333333337,0.03888888888888889,0.08290579767800801,0.038689372249737085,0.0,0.0,0
M011422,C167,C165,1,15,1.1538461538461537,0.08333333333333337,0.06666666666666667,0.08290579767800792,0.06113961348813282,0.0,0.0,0
M011422,C172,C165,1,14,1.0769230769230769,0.11666666666666659,0.035714285714285705,0.12038666876055648,0.03766082338913829,0.0,0.0,0
M011422,C173,C165,1,13,1.0,0.09999999999999998,0.04102564102564102,0.10533833516548712,0.045799147487778795,0.0,0.0,0
M011422,C174,C165,1,13,1.0,0.09523809523809523,0.04395604395604395,0.14506915778096374,0.04582663857416831,0.0,0.0,0
M011422,C175,C165,1,13,1.0,0.13095238095238093,0.049450549450549434,0.1761508378324419,0.06096735571149869,0.0,0.0,0
M011422,C177,C165,1,13,1.0,0.1166666666666667,0.04615384615384615,0.09850031926473171,0.037695000111651125,0.0,0.0,0
M011422,C178,C165,1,13,1.0,0.06666666666666665,0.02564102564102563,0.051716754504559995,0.02320518807497544,0.0,0.0,0
M011422,C182,C165,1,13,1.0,0.125,0.044871794871794865,0.12220208966148056,0.041939673718823185,0.0,0.0,0
M011422,C183,C165,1,13,1.0,0.08333333333333337,0.03205128205128205,0.09488647752940699,0.03708460413749016,0.0,0.0,0
M011422,C186,C165,1,19,1.0555555555555556,0.13725490196078427,0.05779153766769864,0.17296747227419929,0.06259498290341282,0.0,0.0,0
M011422,C191,C165,1,25,1.0416666666666667,0.1485507246376812,0.07130434782608697,0.2008372096701296,0.07136910183426734,0.0,0.0,0
M011422,C192,C165,1,13,1.0,0.08333333333333337,0.03846153846153845,0.12981842990662582,0.05269887038327065,0.0,0.0,0
M011422,C193,C165,1,13,1.0,0.08333333333333337,0.03846153846153845,0.14781501263132074,0.07267093652275157,0.0,0.0,0
M011422,C194,C165,1,14,1.0769230769230769,0.13333333333333341,0.05714285714285715,0.13700763822701642,0.0557204688639268,0.0,0.0,0
M011422,C195,C165,1,13,1.0,0.15,0.06923076923076923,0.13788415665426376,0.06739597460854664,0.07692307692307693,0.0,0
M011422,C216,C165,1,14,1.0769230769230769,0.08333333333333337,0.029761904761904764,0.10923012671947759,0.05468000301973591,0.0,0.0,0
M011422,C008,C099,2,13,1.0,0.125,0.0673076923076923,0.11076057987384973,0.05202392130321455,0.0,0.0,0
M011422,C016,C099,2,17,1.2142857142857142,0.14743589743589747,0.08936651583710407,0.19117401610235613,0.08986137308621774,0.0,0.0,0
M011422,C029,C099,2,13,1.0,0.13888888888888895,0.05982905982905984,0.12604792117360455,0.057573767922742644,0.0,0.0,0
M011422,C044,C099,2,13,1.0,0.13888888888888884,0.05982905982905981,0.1659179666977552,0.0810137446050172,0.0,0.0,0
M011422,C055,C099,2,13,1.0,0.0,0.0,0.00014264567777849086,7.132283888929847e-05,0.0,0.0,0
M011422,C100,C099,2,13,1.0,0.0,0.0,0.0,0.0,0.0,0.0,0
M011422,C176,C099,2,13,1.0,0.130952380952381,0.054945054945054944,0.1737240255382069,0.07091742735714192,0.0,0.0,0
M011422,C197,C099,2,13,1.0,0.13095238095238093,0.049450549450549434,0.10452867075331379,0.04139233503469036,0.0,0.0,0
M011422,C198,C099,2,13,1.0,0.11904761904761907,0.05128205128205129,0.1414459133367315,0.05327131814198703,0.0,0.0,0
M011422,C199,C099,2,13,1.0,0.11904761904761907,0.054945054945054944,0.14144591333673134,0.07106148377677314,0.0,0.0,0
M011593,C003,C012,1,34,1.1333333333333333,0.11755485893416931,0.045177945786465064,0.12003767018904851,0.04442307336894688,0.0,0.0,1
M011593,C005,C012,1,30,1.0,0.13793103448275867,0.05560344827586207,0.3114930895017066,0.12039747058707911,0.0,0.0,4
M011593,C006,C012,1,30,1.0,0.1310344827586207,0.06620689655172414,0.18231682214756187,0.07679537900819791,0.0,0.0,0
M011593,C007,C012,1,30,1.0,0.14655172413793105,0.054022988505747126,0.21776936360323573,0.0730295259180146,0.0,0.0,1
M011593,C011,C012,1,35,1.1666666666666667,0.10344827586206895,0.04236453201970443,0.10260598995743603,0.04201959588733092,0.0,0.0,0
M011593,C014,C012,1,30,1.0,0.14655172413793105,0.05272988505747126,0.19889559109321459,0.0838097259717518,0.0,0.0,0
M011593,C015,C012,1,31,1.0333333333333334,0.13527851458885942,0.05613074356122187,0.15511725656595765,0.06203973145181094,0.0,0.0,0
M011593,C016,C012,1,32,1.0666666666666667,0.1485411140583554,0.07020888594164455,0.13922452986952233,0.06740838294256779,0.0,0.0,1
M011593,C017,C012,1,30,1.0,0.1485411140583554,0.07957559681697614,0.134391443350307,0.06650239196117874,0.0,0.0,0
M011593,C024,C012,1,30,1.0,0.13793103448275862,0.05747126436781609,0.2607366327664428,0.11294725133189515,0.0,0.0,0
M011593,C025,C012,1,30,1.0,0.14482758620689662,0.058850574712643676,0.2764304118017311,0.13821634478250636,0.0,0.0,0
M011593,C028,C012,1,30,1.0,0.14942528735632188,0.05530012771392081,0.18449346588586268,0.07968690735006106,0.0,0.0,1
M011593,C030,C012,1,30,1.0,0.14655172413793105,0.05589080459770114,0.1920781022187261,0.07064753544180201,0.0,0.0,0
M011593,C031,C012,1,30,1.0,0.14224137931034486,0.051580459770114946,0.1920781022187261,0.07252857530331194,0.0,0.0,0
M011593,C037,C012,1,30,1.0,0.1330049261083744,0.05878489326765189,0.2448278545941747,0.1182064018571569,0.0,0.0,2
M011593,C038,C012,1,30,1.0,0.13300492610837433,0.04844006568144499,0.2448278545941747,0.09777614450071288,0.0,0.0,0
M011593,C044,C012,1,30,1.0,0.13409961685823757,0.06206896551724137,0.1918030957227208,0.06378901838919922,0.0,0.0,1
M011593,C045,C012,1,30,1.0,0.14176245210727967,0.05708812260536399,0.19918732399089686,0.05616043796155347,0.0,0.0,0
M011593,C056,C012,1,30,1.0,0.14420062695924774,0.050156739811912245,0.1537527774902059,0.04957935716744521,0.0,0.0,0
M011593,C057,C012,1,30,1.0,0.14420062695924774,0.07157784743991641,0.17082253432725572,0.07076118875512362,0.0,0.0,0
M011593,C061,C012,1,30,1.0,0.14482758620689656,0.058620689655172406,0.17858759944653457,0.07114938151006296,0.0,0.0,0
M011593,C062,C012,1,30,1.0,0.14482758620689656,0.05793103448275862,0.2561258217019984,0.08908597209303454,0.0,0.0,0
M011593,C063,C012,1,30,1.0,0.12068965517241381,0.05100574712643679,0.18729073992146494,0.08781543338397461,0.0,0.0,0
M011593,C064,C012,1,30,1.0,0.14655172413793105,0.06264367816091952,0.1530887432689863,0.043666842699491816,0.0,0.0,0
M011593,C065,C012,1,30,1.0,0.1336206896551724,0.05560344827586208,0.20411832435864846,0.09031217236902722,0.0,0.0,0
M011593,C076,C012,1,47,1.119047619047619,0.13961312026913364,0.05541935830216702,0.13510214695841313,0.049914110843195234,0.0,0.0,2
M011593,C077,C012,1,45,1.0714285714285714,0.14550042052144657,0.06604990187832913,0.15891167076793689,0.0805617812189042,0.0,0.0,4
M011593,C080,C012,1,34,1.1333333333333333,0.1293103448275862,0.05307640297498312,0.11989995840267238,0.04630826762138441,0.0,0.0,0
M011593,C081,C012,1,32,1.0666666666666667,0.11925287356321834,0.0361889367816092,0.10798819835663946,0.03034788694375388,0.0,0.0,2
M011593,C086,C012,1,30,1.0,0.14778325123152702,0.06551724137931035,0.13794327441148643,0.04764644035747942,0.0,0.0,0
M011593,C087,C012,1,30,1.0,0.13793103448275867,0.05681444991789818,0.18203221954602908,0.0798337911701784,0.0,0.0,0
M011593,C092,C012,1,30,1.0,0.13793103448275867,0.05632183908045977,0.2971099832028699,0.15703514698079055,0.0,0.0,0
M011593,C093,C012,1,30,1.0,0.14482758620689656,0.05770114942528735,0.17844469325638182,0.07169515919091873,0.0,0.0,0
M011593,C095,C012,1,30,1.0,0.1305418719211823,0.05213464696223317,0.10563401030027263,0.04480353409724109,0.0,0.0,0
M011593,C103,C012,1,30,1.0,0.13479623824451403,0.06227795193312434,0.15987068358565612,0.0574025735859312,0.0,0.0,0
M011593,C109,C012,1,30,1.0,0.13362068965517238,0.054741379310344826,0.17372129392492297,0.07158816880565014,0.0,0.0,0
M011593,C110,C012,1,30,1.0,0.14655172413793105,0.059770114942528735,0.1518237330441138,0.055634139553845836,0.0,0.0,0
M011593,C118,C012,1,30,1.0,0.11637931034482762,0.04137931034482758,0.145403077386515,0.04870327351404303,0.0,0.0,2
M011593,C127,C012,1,30,1.0,0.14942528735632188,0.06628352490421456,0.1282170330498456,0.055295673263214794,0.0,0.0,0
M011593,C128,C012,1,30,1.0,0.14750957854406122,0.049936143039591305,0.12696663717157905,0.03763151266277596,0.0,0.0,0
M011593,C134,C012,1,34,1.096774193548387,0.06091954022988505,0.026470588235294114,0.05757449038304788,0.02519892365290346,0.0,0.0,0
M011593,C135,C012,1,32,1.032258064516129,0.031034482758620696,0.013397988505747124,0.028787245191523918,0.011409942889207905,0.0,0.0,0
M011593,C153,C012,1,30,1.0,0.14778325123152708,0.0632183908045977,0.25152340747286944,0.09291701278818687,0.0,0.0,0
M011593,C154,C012,1,30,1.0,0.13793103448275862,0.05599343185550081,0.22135788778889715,0.08615238906044526,0.0,0.0,0
M011593,C165,C012,1,31,1.0333333333333334,0.12068965517241381,0.04755283648498331,0.1595198481035554,0.05587983472482271,0.0,0.0,0
M011593,C166,C012,1,30,1.0,0.14942528735632188,0.054980842911877374,0.1595198481035552,0.056910277874707524,0.0,0.0,0
M011593,C167,C012,1,32,1.0666666666666667,0.14942528735632188,0.06429597701149425,0.1595198481035552,0.0625389241292224,0.0,0.0,0
M011593,C172,C012,1,30,1.0,0.14827586206896548,0.05770114942528736,0.20219910709248184,0.09384170490444627,0.0,0.0,0
M011593,C173,C012,1,30,1.0,0.14827586206896554,0.0728735632183908,0.16799711044000318,0.057249982174304465,0.0,0.0,2
M011593,C177,C012,1,30,1.0,0.14827586206896548,0.05977011494252873,0.2164349905144931,0.0836236426690903,0.0,0.0,0
M011593,C178,C012,1,30,1.0,0.14482758620689656,0.060344827586206885,0.13106324009670034,0.04900509637343225,0.0,0.0,0
M011593,C182,C012,1,30,1.0,0.14655172413793105,0.05344827586206895,0.16224915777597343,0.06453750473086915,0.0,0.0,0
M011593,C183,C012,1,30,1.0,0.14655172413793105,0.06163793103448276,0.20679588395351578,0.09422545152778829,0.0,0.0,1
M011593,C186,C012,1,36,1.2,0.13590263691683568,0.06361280144241604,0.15072979558998897,0.06987928698195285,0.0,0.3333333333333333,3
M011593,C191,C012,1,31,1.0333333333333334,0.1259370314842579,0.04913672196159986,0.12685997211790123,0.05309997958660895,0.0,0.0,0
M011593,C192,C012,1,30,1.0,0.14367816091954025,0.05938697318007662,0.22263789425995675,0.08554077980159339,0.0,0.0,0
M011593,C193,C012,1,30,1.0,0.14367816091954025,0.05957854406130269,0.24522261468237902,0.09076788993471573,0.0,0.0,0
M011593,C194,C012,1,30,1.0,0.14482758620689662,0.05620689655172414,0.1877857202103801,0.06414665027629078,0.0,0.0,0
M011593,C195,C012,1,30,1.0,0.14827586206896554,0.08333333333333333,0.09134988501916633,0.04157661615472905,0.0,0.0,0
M011593,C197,C012,1,30,1.0,0.13793103448275862,0.059441707717569785,0.16495396347083657,0.06249890698233374,0.0,0.0,1
M011593,C216,C012,1,30,1.0,0.14655172413793105,0.0828544061302682,0.17726565140780345,0.07924932348578657,0.0,0.0,1
M011593,C004,C099,2,23,1.0,0.12878787878787873,0.049407114624505914,0.11238838800215445,0.04892117752822184,0.0,0.0,1
M011593,C008,C099,2,13,1.0,0.125,0.044871794871794865,0.11076057987384973,0.03964955104442074,0.0,0.0,1
M011593,C029,C099,2,14,1.0769230769230769,0.13888888888888895,0.05952380952380953,0.12604792117360455,0.05716742287037262,0.0,0.0,0
M011593,C055,C099,2,13,1.0,0.0,0.0,0.00014264567777849086,7.132283888929847e-05,0.0,0.0,0
M011593,C091,C099,2,13,1.0,0.13333333333333341,0.05897435897435897,0.2613661806306286,0.09382674136032097,0.0,0.0,1
M011593,C100,C099,2,13,1.0,0.0,0.0,0.0,0.0,0.0,0.0,1
M011593,C104,C099,2,14,1.0769230769230769,0.11363636363636365,0.04978354978354978,0.10949501045175979,0.04075958357775882,0.0,0.0,1
M011593,C141,C099,2,13,1.0,0.130952380952381,0.054945054945054944,0.10067559200547327,0.04300509457823638,0.0,0.0,1
M011593,C174,C099,2,13,1.0,0.11904761904761907,0.05128205128205129,0.12555698650364805,0.041193432819517234,0.0,0.0,1
M011593,C175,C099,2,13,1.0,0.130952380952381,0.04761904761904762,0.15938147549910406,0.06015592454616103,0.0,0.0,1
M011593,C176,C099,2,13,1.0,0.10714285714285715,0.045787545787545784,0.1255569865036483,0.04322269754831109,0.0,0.0,1
M011593,C198,C099,2,13,1.0,0.130952380952381,0.05494505494505496,0.1117187206833732,0.04531348976283101,0.0,0.0,0
M011593,C199,C099,2,13,1.0,0.13095238095238093,0.05677655677655677,0.14144591333673134,0.06538190799470892,0.0,0.0,1
M011746,C003,C165,1,24,1.0434782608695652,0.13636363636363635,0.07481060606060606,0.14882366357945215,0.05367789638748211,0.0,0.0,1
M011746,C004,C165,1,23,1.0,0.14393939393939392,0.07180500658761528,0.10429493155015554,0.0509866298915184,0.0,0.0,1
M011746,C005,C165,1,13,1.0,0.125,0.044871794871794865,0.14324816279629865,0.06587245767712252,0.0,0.0,4
M011746,C006,C165,1,16,1.2307692307692308,0.15000000000000002,0.07291666666666667,0.1642380818684162,0.07322412590182975,0.0625,0.0,0
M011746,C007,C165,1,13,1.0,0.125,0.057692307692307696,0.14114660957216937,0.06893920223082371,0.0,0.0,1
M011746,C011,C165,1,30,1.0,0.12068965517241381,0.04674329501915708,0.08701082623830289,0.03490913576043135,0.0,0.0,0
M011746,C012,C165,1,30,1.0,0.13793103448275867,0.06388888888888888,0.13981965582412711,0.03994826479036543,0.0,0.0,0
M011746,C014,C165,1,13,1.0,0.08333333333333337,0.03205128205128204,0.08079212088105628,0.03237461682929952,0.0,0.0,0
M011746,C015,C165,1,15,1.0714285714285714,0.07051282051282053,0.03247863247863248,0.10839950381841854,0.052031761832840966,0.0,0.0,0
M011746,C017,C165,1,14,1.0,0.07692307692307693,0.03571428571428573,0.06122589691432398,0.028648440294867756,0.0,0.0,0
M011746,C024,C165,1,13,1.0,0.15000000000000002,0.056410256410256404,0.23693141192671954,0.09297176552116035,0.07692307692307693,0.0,0
M011746,C025,C165,1,13,1.0,0.13333333333333341,0.05641025641025642,0.20143882529584753,0.06784658043215387,0.0,0.0,0
M011746,C028,C165,1,13,1.0,0.05555555555555558,0.025641025641025644,0.0692131888058864,0.03116542571745118,0.0,0.0,1
M011746,C030,C165,1,13,1.0,0.125,0.057692307692307696,0.1340708847265242,0.06865687677223545,0.0,0.0,0
M011746,C031,C165,1,13,1.0,0.08333333333333333,0.028846153846153837,0.06348142125898278,0.029308559016031376,0.0,0.0,0
M011746,C037,C165,1,13,1.0,0.13095238095238093,0.05677655677655677,0.19155800224625633,0.05912570906135672,0.0,0.0,2
M011746,C038,C165,1,13,1.0,0.11904761904761907,0.040293040293040296,0.13199640264587803,0.05931049435463455,0.0,0.0,0
M011746,C045,C165,1,13,1.0,0.1111111111111111,0.042735042735042736,0.13315614883101975,0.050787251772666644,0.0,0.0,0
M011746,C056,C165,1,15,1.1538461538461537,0.13636363636363635,0.07020202020202018,0.14013207071602346,0.06336517229026555,0.0,0.0,0
M011746,C057,C165,1,14,1.0769230769230769,0.10606060606060605,0.033008658008658,0.0931776075340047,0.039068371551004684,0.0,0.0,0
M011746,C061,C165,1,13,1.0,0.11666666666666659,0.048717948717948704,0.1371230395728149,0.062487984356521704,0.0,0.0,0
M011746,C062,C165,1,13,1.0,0.15000000000000002,0.0564102564102564,0.13712303957281466,0.06585896905596003,0.07692307692307693,0.0,0
M011746,C063,C165,1,13,1.0,0.08333333333333337,0.03205128205128204,0.07305555343322312,0.02902963377017542,0.0,0.0,0
M011746,C064,C165,1,13,1.0,0.08333333333333337,0.03205128205128205,0.1095833301498348,0.04236845007782312,0.0,0.0,0
M011746,C065,C165,1,13,1.0,0.08333333333333337,0.03525641025641025,0.08988284166026572,0.034254643429353644,0.0,0.0,0
M011746,C076,C165,1,42,1.0,0.12804878048780488,0.04858691444057298,0.1147722624943638,0.03569937511932419,0.0,0.5,2
M011746,C077,C165,1,42,1.0,0.1402439024390244,0.06029810298102981,0.20915528642180797,0.07663154646151964,0.0,0.0,4
M011746,C080,C165,1,25,1.0,0.08333333333333337,0.05333333333333333,0.12329756785487875,0.030337369291262576,0.0,0.0,0
M011746,C081,C165,1,25,1.0,0.12500000000000006,0.05333333333333334,0.16520523612051125,0.05961132643009839,0.0,0.0,2
M011746,C086,C165,1,13,1.0,0.11904761904761907,0.04395604395604395,0.16065513590512728,0.05440596230680857,0.0,0.0,0
M011746,C087,C165,1,13,1.0,0.130952380952381,0.05128205128205129,0.12178046679156743,0.04358184566333611,0.0,0.0,0
M011746,C091,C165,1,13,1.0,0.15000000000000002,0.06410256410256408,0.2339043778042903,0.0936022586568924,0.07692307692307693,0.0,1
M011746,C092,C165,1,13,1.0,0.15000000000000002,0.05384615384615384,0.1850449713504198,0.0760042625076322,0.07692307692307693,0.0,0
M011746,C093,C165,1,13,1.0,0.1333333333333333,0.05128205128205128,0.09701992848775752,0.04083026735011175,0.0,0.0,0
M011746,C095,C165,1,17,1.1333333333333333,0.130952380952381,0.0742296918767507,0.1503681189718658,0.06835730539553733,0.0,0.0,0
M011746,C103,C165,1,15,1.1538461538461537,0.14393939393939398,0.05454545454545454,0.14746588801059066,0.05715178446969373,0.0,0.0,0
M011746,C104,C165,1,13,1.0,0.08333333333333337,0.038461538461538464,0.05045069519991844,0.02367958454333981,0.0,0.0,1
M011746,C109,C165,1,13,1.0,0.125,0.044871794871794865,0.12069888082963282,0.04144824006225763,0.0,0.0,0
M011746,C110,C165,1,13,1.0,0.125,0.05128205128205128,0.12069888082963282,0.05369054707901756,0.0,0.0,0
M011746,C118,C165,1,18,1.0588235294117647,0.14583333333333331,0.07407407407407408,0.1452133906333264,0.0677633274886021,0.0,0.0,2
M011746,C127,C165,1,20,1.0526315789473684,0.11111111111111116,0.04027777777777779,0.08736466716379823,0.03255727860977385,0.0,0.0,0
M011746,C128,C165,1,21,1.105263157894737,0.13888888888888884,0.0687830687830688,0.16937869094464783,0.06932562479551423,0.0,0.0,0
M011746,C134,C165,1,31,1.0,0.11666666666666659,0.044086021505376334,0.08604590051763929,0.03318722484483973,0.0,0.0,0
M011746,C135,C165,1,31,1.0,0.1333333333333333,0.06666666666666667,0.14081354366785417,0.0415900285437819,0.0,0.0,0
M011746,C141,C165,1,13,1.0,0.13095238095238093,0.0531135531135531,0.11930077092517213,0.05132907650421646,0.0,0.0,1
M011746,C153,C165,1,13,1.0,0.130952380952381,0.05311355311355311,0.11587733180082635,0.04112175563944986,0.0,0.0,0
M011746,C154,C165,1,13,1.0,0.130952380952381,0.04761904761904763,0.11587733180082617,0.045799651053429084,0.0,0.0,0
M011746,C166,C165,1,15,1.1538461538461537,0.08333333333333337,0.03888888888888889,0.08290579767800801,0.038689372249737085,0.0,0.0,0
M011746,C167,C165,1,15,1.1538461538461537,0.08333333333333337,0.06666666666666667,0.08290579767800792,0.06113961348813282,0.0,0.0,0
M011746,C172,C165,1,14,1.0769230769230769,0.11666666666666659,0.035714285714285705,0.12038666876055648,0.03766082338913829,0.0,0.0,0
M011746,C173,C165,1,13,1.0,0.11666666666666659,0.04615384615384615,0.12038666876055648,0.051565435346632445,0.0,0.0,2
M011746,C174,C165,1,13,1.0,0.09523809523809523,0.042124542124542114,0.14506915778096374,0.0601720293671582,0.0,0.0,1
M011746,C175,C165,1,13,1.0,0.13095238095238093,0.05677655677655676,0.1761508378324419,0.08527892297112885,0.0,0.0,1
M011746,C177,C165,1,13,1.0,0.1166666666666667,0.04615384615384615,0.09850031926473171,0.037695000111651125,0.0,0.0,0
M011746,C178,C165,1,13,1.0,0.06666666666666665,0.02564102564102563,0.051716754504559995,0.02320518807497544,0.0,0.0,0
M011746,C182,C165,1,13,1.0,0.125,0.044871794871794865,0.12220208966148056,0.041939673718823185,0.0,0.0,0
M011746,C183,C165,1,13,1.0,0.08333333333333337,0.03205128205128205,0.09488647752940699,0.03708460413749016,0.0,0.0,1
M011746,C186,C165,1,19,1.0555555555555556,0.13725490196078427,0.05779153766769864,0.17296747227419929,0.06259498290341282,0.0,0.3333333333333333,3
M011746,C191,C165,1,25,1.0416666666666667,0.1485507246376812,0.07130434782608697,0.2008372096701296,0.07136910183426734,0.0,0.0,0
M011746,C192,C165,1,13,1.0,0.08333333333333337,0.03846153846153845,0.12981842990662582,0.05269887038327065,0.0,0.0,0
M011746,C193,C165,1,13,1.0,0.08333333333333337,0.03846153846153845,0.14781501263132074,0.07267093652275157,0.0,0.0,0
M011746,C194,C165,1,14,1.0769230769230769,0.13333333333333341,0.05714285714285715,0.13700763822701642,0.0557204688639268,0.0,0.0,0
M011746,C195,C165,1,13,1.0,0.1333333333333333,0.061538461538461535,0.12392043730338799,0.059944473298632506,0.0,0.0,0
M011746,C216,C165,1,14,1.0769230769230769,0.08333333333333337,0.029761904761904764,0.10923012671947759,0.05468000301973591,0.0,0.0,1
M011746,C008,C099,2,13,1.0,0.125,0.057692307692307696,0.11076057987384973,0.0470262310043784,0.0,0.0,1
M011746,C016,C099,2,17,1.2142857142857142,0.14743589743589747,0.0878582202111614,0.19117401610235613,0.08475872341295769,0.0,0.0,1
M011746,C029,C099,2,13,1.0,0.13888888888888895,0.055555555555555566,0.12604792117360455,0.05817596361858673,0.0,0.0,0
M011746,C044,C099,2,13,1.0,0.13888888888888884,0.05128205128205127,0.1659179666977552,0.06525164445991494,0.0,0.0,1
M011746,C055,C099,2,13,1.0,0.0,0.0,0.00014264567777849086,7.132283888929847e-05,0.0,0.0,0
M011746,C100,C099,2,13,1.0,0.0,0.0,0.0,0.0,0.0,0.0,1
M011746,C176,C099,2,13,1.0,0.130952380952381,0.05677655677655678,0.1737240255382069,0.07180204913244134,0.0,0.0,1
M011746,C197,C099,2,13,1.0,0.13095238095238093,0.05494505494505493,0.10452867075331379,0.04199500517972677,0.0,0.0,1
M011746,C198,C099,2,13,1.0,0.11904761904761907,0.05128205128205129,0.1414459133367315,0.05327131814198703,0.0,0.0,0
M011746,C199,C099,2,13,1.0,0.11904761904761907,0.05128205128205129,0.14144591333673134,0.06477923784967252,0.0,0.0,1
M011881,C003,C165,1,24,1.0434782608695652,0.0984848484848485,0.05397727272727273,0.14882366357945215,0.03975694302225901,0.0,0.0,1
M011881,C004,C165,1,23,1.0,0.0984848484848485,0.04644268774703557,0.10429493155015554,0.03240405967452603,0.0,0.0,1
M011881,C005,C165,1,13,1.0,0.08333333333333337,0.03525641025641025,0.14324816279629865,0.06252219985928911,0.0,0.0,4
M011881,C006,C165,1,14,1.0769230769230769,0.09999999999999998,0.045238095238095244,0.1054692302377245,0.0448179178395854,0.07142857142857142,0.0,0
M011881,C007,C165,1,13,1.0,0.08333333333333337,0.038461538461538464,0.10585995717912694,0.05075574837373907,0.0,0.0,1
M011881,C011,C165,1,30,1.0,0.08908045977011496,0.034578544061302674,0.08701082623830289,0.033094502207765435,0.0,0.0,0
M011881,C012,C165,1,30,1.0,0.09482758620689657,0.047222222222222214,0.13981965582412711,0.03490018879963017,0.0,0.0,0
M011881,C014,C165,1,13,1.0,0.08333333333333337,0.03205128205128204,0.08079212088105628,0.03237461682929952,0.0,0.0,0
M011881,C015,C165,1,15,1.0714285714285714,0.07051282051282053,0.03247863247863248,0.10839950381841854,0.052031761832840966,0.0,0.0,0
M011881,C017,C165,1,14,1.0,0.07692307692307693,0.03571428571428573,0.06122589691432398,0.028648440294867756,0.0,0.0,0
M011881,C024,C165,1,13,1.0,0.11666666666666659,0.048717948717948704,0.17773221977227965,0.07839344237657696,0.0,0.0,0
M011881,C025,C165,1,13,1.0,0.13333333333333341,0.05641025641025642,0.20143882529584753,0.06784658043215387,0.0,0.0,0
M011881,C028,C165,1,13,1.0,0.05555555555555558,0.025641025641025644,0.0692131888058864,0.03116542571745118,0.0,0.0,1
M011881,C030,C165,1,13,1.0,0.08333333333333337,0.038461538461538464,0.10055316354489315,0.05074556617844488,0.0,0.0,0
M011881,C031,C165,1,13,1.0,0.08333333333333333,0.028846153846153837,0.06348142125898278,0.029308559016031376,0.0,0.0,0
M011881,C037,C165,1,13,1.0,0.10714285714285715,0.04029304029304029,0.13199640264587803,0.050331956632469484,0.0,0.0,2
M011881,C038,C165,1,13,1.0,0.0714285714285714,0.03296703296703296,0.13199640264587803,0.061475772485623185,0.0,0.0,0
M011881,C045,C165,1,13,1.0,0.08333333333333337,0.03418803418803419,0.10652491906481588,0.042361326584650354,0.0,0.0,0
M011881,C056,C165,1,14,1.0769230769230769,0.0984848484848484,0.035714285714285705,0.14013207071602346,0.03089279846956732,0.0,0.0,0
M011881,C057,C165,1,13,1.0,0.045454545454545414,0.020979020979020976,0.06493013043001317,0.028528753577080998,0.0,0.0,0
M011881,C061,C165,1,13,1.0,0.11666666666666659,0.048717948717948704,0.1371230395728149,0.062487984356521704,0.0,0.0,0
M011881,C062,C165,1,13,1.0,0.11666666666666659,0.048717948717948704,0.13712303957281466,0.06248798435652154,0.0,0.0,0
M011881,C063,C165,1,13,1.0,0.08333333333333337,0.03205128205128204,0.07305555343322312,0.02902963377017542,0.0,0.0,0
M011881,C064,C165,1,13,1.0,0.08333333333333337,0.03205128205128205,0.1095833301498348,0.04236845007782312,0.0,0.0,0
M011881,C065,C165,1,13,1.0,0.08333333333333337,0.03525641025641025,0.08988284166026572,0.034254643429353644,0.0,0.0,0
M011881,C076,C165,1,42,1.0,0.0975609756097561,0.04263453348819203,0.1147722624943638,0.035969488294579695,0.0,0.0,2
M011881,C077,C165,1,42,1.0,0.09146341463414637,0.04065040650406503,0.16153623880276033,0.07261942069540832,0.0,0.0,4
M011881,C080,C165,1,25,1.0,0.08333333333333337,0.05333333333333333,0.12329756785487875,0.030337369291262576,0.0,0.0,0
M011881,C081,C165,1,25,1.0,0.08333333333333337,0.04333333333333334,0.1239039270903835,0.049662630708737436,0.0,0.0,2
M011881,C086,C165,1,13,1.0,0.09523809523809523,0.036630036630036625,0.1183428271576415,0.0447738002740783,0.0,0.0,0
M011881,C087,C165,1,13,1.0,0.10714285714285715,0.04212454212454213,0.08118697786104478,0.034478551266594444,0.0,0.0,0
M011881,C091,C165,1,13,1.0,0.1333333333333333,0.0564102564102564,0.2339043778042903,0.10441809909237085,0.0,0.0,1
M011881,C092,C165,1,13,1.0,0.09999999999999998,0.04615384615384615,0.1850449713504198,0.0868201029431107,0.0,0.0,0
M011881,C093,C165,1,13,1.0,0.1333333333333333,0.05128205128205128,0.09701992848775752,0.04083026735011175,0.0,0.0,0
M011881,C095,C165,1,15,1.0,0.07142857142857145,0.03333333333333333,0.09444724981140123,0.0354706094978818,0.0,0.0,0
M011881,C103,C165,1,14,1.0769230769230769,0.08333333333333333,0.0422077922077922,0.07831937084165153,0.04477893438262913,0.0,0.0,0
M011881,C104,C165,1,13,1.0,0.08333333333333337,0.038461538461538464,0.05045069519991844,0.02367958454333981,0.0,0.0,1
M011881,C109,C165,1,13,1.0,0.08333333333333337,0.035256410256410256,0.08869425277853574,0.032608976544634155,0.0,0.0,0
M011881,C110,C165,1,13,1.0,0.08333333333333337,0.03205128205128204,0.08869425277853574,0.038028648732276,0.0,0.0,0
M011881,C118,C165,1,17,1.0,0.08333333333333331,0.034313725490196074,0.08307679060709142,0.029240752953522287,0.0,0.0,2
M011881,C127,C165,1,19,1.0,0.08333333333333331,0.030701754385964914,0.08736466716379823,0.02799967118621947,0.0,0.0,0
M011881,C128,C165,1,20,1.0526315789473684,0.08333333333333337,0.04722222222222222,0.11440541712502869,0.0524331769506033,0.0,0.0,0
M011881,C134,C165,1,31,1.0,0.1,0.04139784946236559,0.08604590051763929,0.03202828851863243,0.06451612903225806,0.0,0
M011881,C135,C165,1,31,1.0,0.10000000000000003,0.058602150537634415,0.14081354366785417,0.03870148365838561,0.16129032258064516,0.0,0
M011881,C141,C165,1,13,1.0,0.10714285714285715,0.04395604395604395,0.0950374554270626,0.04300776754584682,0.0,0.0,1
M011881,C153,C165,1,13,1.0,0.10714285714285715,0.04395604395604395,0.11587733180082635,0.040432653555823136,0.0,0.0,0
M011881,C154,C165,1,13,1.0,0.10714285714285715,0.038461538461538464,0.11587733180082617,0.045110548969802385,0.0,0.0,0
M011881,C166,C165,1,15,1.1538461538461537,0.08333333333333337,0.03888888888888889,0.08290579767800801,0.038689372249737085,0.0,0.0,0
M011881,C167,C165,1,15,1.1538461538461537,0.08333333333333337,0.06666666666666667,0.08290579767800792,0.06113961348813282,0.0,0.0,0
M011881,C172,C165,1,13,1.0,0.050000000000000044,0.02307692307692307,0.05252920467761836,0.024919927769951666,0.0,0.0,0
M011881,C174,C165,1,13,1.0,0.09523809523809523,0.042124542124542114,0.14506915778096374,0.0601720293671582,0.0,0.0,1
M011881,C175,C165,1,13,1.0,0.1071428571428571,0.04029304029304029,0.15023877901917693,0.05618555878050203,0.0,0.0,1
M011881,C177,C165,1,13,1.0,0.09999999999999998,0.038461538461538464,0.0816725002419106,0.030212921509448463,0.07692307692307693,0.0,0
M011881,C178,C165,1,13,1.0,0.06666666666666665,0.02564102564102563,0.051716754504559995,0.02320518807497544,0.0,0.0,0
M011881,C182,C165,1,13,1.0,0.08333333333333337,0.035256410256410256,0.09057326381834513,0.033129318063350614,0.0,0.0,0
M011881,C183,C165,1,13,1.0,0.08333333333333337,0.03205128205128205,0.09488647752940699,0.03708460413749016,0.0,0.0,1
M011881,C186,C165,1,18,1.0,0.0980392156862745,0.04112200435729847,0.12179281828375764,0.04878539194341808,0.0,0.3333333333333333,3
M011881,C191,C165,1,24,1.0,0.08695652173913043,0.043327294685990336,0.1202686063648091,0.049235471428912686,0.0,0.0,0
M011881,C192,C165,1,13,1.0,0.08333333333333337,0.03846153846153845,0.12981842990662582,0.05269887038327065,0.0,0.0,0
M011881,C193,C165,1,13,1.0,0.08333333333333337,0.03846153846153845,0.14781501263132074,0.07267093652275157,0.0,0.0,0
M011881,C194,C165,1,13,1.0,0.09999999999999998,0.03846153846153846,0.09774603545613131,0.042695592332772675,0.07692307692307693,0.0,0
M011881,C195,C165,1,13,1.0,0.09999999999999998,0.04615384615384615,0.09599299860163601,0.04504147067880425,0.07692307692307693,0.0,0
M011881,C216,C165,1,14,1.0769230769230769,0.08333333333333337,0.029761904761904764,0.10923012671947759,0.05468000301973591,0.0,0.0,1
M011881,C008,C099,2,13,1.0,0.08333333333333337,0.03525641025641025,0.08942339822721534,0.0339879180530478,0.0,0.0,1
M011881,C016,C099,2,15,1.0714285714285714,0.07692307692307693,0.044017094017094034,0.1191081688061902,0.04237748099129228,0.0,0.0,1
M011881,C029,C099,2,13,1.0,0.08333333333333337,0.03846153846153847,0.09594133033315246,0.042474026912384194,0.0,0.0,0
M011881,C044,C099,2,13,1.0,0.08333333333333337,0.029914529914529912,0.08392643866773995,0.039973868895866065,0.0,0.0,1
M011881,C055,C099,2,13,1.0,0.0,0.0,0.00014264567777849086,7.132283888929847e-05,0.0,0.0,0
M011881,C100,C099,2,13,1.0,0.0,0.0,0.0,0.0,0.0,0.0,1
M011881,C173,C099,2,13,1.0,0.06666666666666665,0.02564102564102563,0.050066321543890464,0.023275110852157475,0.0,0.0,2
M011881,C176,C099,2,13,1.0,0.1071428571428571,0.04029304029304029,0.15938147549910442,0.06924153523712356,0.0,0.0,1
M011881,C197,C099,2,13,1.0,0.10714285714285715,0.045787545787545784,0.08950390893778151,0.03621625063529115,0.0,0.0,1
M011881,C198,C099,2,13,1.0,0.10714285714285715,0.045787545787545784,0.10420633977560677,0.03732241216299256,0.0,0.0,0
M011881,C199,C099,2,13,1.0,0.09523809523809523,0.036630036630036625,0.09701628984554743,0.04528024054214856,0.0,0.0,1
M011908,C003,C165,1,24,1.0434782608695652,0.13636363636363635,0.07481060606060606,0.14882366357945215,0.05367789638748211,0.0,0.0,1
M011908,C004,C165,1,23,1.0,0.14393939393939392,0.07180500658761528,0.10429493155015554,0.0509866298915184,0.0,0.0,1
M011908,C005,C165,1,13,1.0,0.125,0.044871794871794865,0.14324816279629865,0.06587245767712252,0.0,0.0,4
M011908,C006,C165,1,16,1.2307692307692308,0.15000000000000002,0.07291666666666667,0.1642380818684162,0.07322412590182975,0.0625,0.0,0
M011908,C007,C165,1,13,1.0,0.125,0.057692307692307696,0.14114660957216937,0.06893920223082371,0.0,0.0,1
M011908,C011,C165,1,30,1.0,0.12068965517241381,0.04674329501915708,0.08701082623830289,0.03490913576043135,0.0,0.0,0
M011908,C012,C165,1,30,1.0,0.13793103448275867,0.06388888888888888,0.13981965582412711,0.03994826479036543,0.0,0.0,0
M011908,C014,C165,1,13,1.0,0.08333333333333337,0.03205128205128204,0.08079212088105628,0.03237461682929952,0.0,0.0,0
M011908,C015,C165,1,15,1.0714285714285714,0.07051282051282053,0.03247863247863248,0.10839950381841854,0.052031761832840966,0.0,0.0,0
M011908,C017,C165,1,14,1.0,0.07692307692307693,0.03571428571428573,0.06122589691432398,0.028648440294867756,0.0,0.0,0
M011908,C024,C165,1,13,1.0,0.15000000000000002,0.056410256410256404,0.23693141192671954,0.09297176552116035,0.07692307692307693,0.0,0
M011908,C025,C165,1,13,1.0,0.13333333333333341,0.05641025641025642,0.20143882529584753,0.06784658043215387,0.0,0.0,0
M011908,C028,C165,1,13,1.0,0.05555555555555558,0.025641025641025644,0.0692131888058864,0.03116542571745118,0.0,0.0,1
M011908,C030,C165,1,13,1.0,0.125,0.057692307692307696,0.1340708847265242,0.06865687677223545,0.0,0.0,0
M011908,C031,C165,1,13,1.0,0.08333333333333333,0.028846153846153837,0.06348142125898278,0.029308559016031376,0.0,0.0,0
M011908,C037,C165,1,13,1.0,0.13095238095238093,0.05677655677655677,0.19155800224625633,0.05912570906135672,0.0,0.0,2
M011908,C038,C165,1,13,1.0,0.11904761904761907,0.040293040293040296,0.13199640264587803,0.05931049435463455,0.0,0.0,0
M011908,C045,C165,1,13,1.0,0.1111111111111111,0.042735042735042736,0.13315614883101975,0.050787251772666644,0.0,0.0,0
M011908,C056,C165,1,15,1.1538461538461537,0.13636363636363635,0.07020202020202018,0.14013207071602346,0.06336517229026555,0.0,0.0,0
M011908,C057,C165,1,14,1.0769230769230769,0.10606060606060605,0.033008658008658,0.0931776075340047,0.039068371551004684,0.0,0.0,0
M011908,C061,C165,1,13,1.0,0.11666666666666659,0.048717948717948704,0.1371230395728149,0.062487984356521704,0.0,0.0,0
M011908,C062,C165,1,13,1.0,0.15000000000000002,0.0564102564102564,0.13712303957281466,0.06585896905596003,0.07692307692307693,0.0,0
M011908,C063,C165,1,13,1.0,0.08333333333333337,0.03205128205128204,0.07305555343322312,0.02902963377017542,0.0,0.0,0
M011908,C064,C165,1,13,1.0,0.08333333333333337,0.03205128205128205,0.1095833301498348,0.04236845007782312,0.0,0.0,0
M011908,C065,C165,1,13,1.0,0.08333333333333337,0.03525641025641025,0.08988284166026572,0.034254643429353644,0.0,0.0,0
M011908,C076,C165,1,42,1.0,0.12804878048780488,0.04858691444057298,0.1147722624943638,0.03569937511932419,0.0,0.5,2
M011908,C077,C165,1,42,1.0,0.1402439024390244,0.06029810298102981,0.20915528642180797,0.07663154646151964,0.0,0.0,4
M011908,C080,C165,1,25,1.0,0.08333333333333337,0.05333333333333333,0.12329756785487875,0.030337369291262576,0.0,0.0,0
M011908,C081,C165,1,25,1.0,0.12500000000000006,0.05333333333333334,0.16520523612051125,0.05961132643009839,0.0,0.0,2
M011908,C086,C165,1,13,1.0,0.11904761904761907,0.04395604395604395,0.16065513590512728,0.05440596230680857,0.0,0.0,0
M011908,C087,C165,1,13,1.0,0.130952380952381,0.05128205128205129,0.12178046679156743,0.04358184566333611,0.0,0.0,0
M011908,C091,C165,1,13,1.0,0.15000000000000002,0.06410256410256408,0.2339043778042903,0.0936022586568924,0.07692307692307693,0.0,1
M011908,C092,C165,1,13,1.0,0.15000000000000002,0.05384615384615384,0.1850449713504198,0.0760042625076322,0.07692307692307693,0.0,0
M011908,C093,C165,1,13,1.0,0.1333333333333333,0.05128205128205128,0.09701992848775752,0.04083026735011175,0.0,0.0,0
M011908,C095,C165,1,17,1.1333333333333333,0.130952380952381,0.0742296918767507,0.1503681189718658,0.06835730539553733,0.0,0.0,0
M011908,C103,C165,1,15,1.1538461538461537,0.14393939393939398,0.05454545454545454,0.14746588801059066,0.05715178446969373,0.0,0.0,0
M011908,C104,C165,1,13,1.0,0.08333333333333337,0.038461538461538464,0.05045069519991844,0.02367958454333981,0.0,0.0,1
M011908,C109,C165,1,13,1.0,0.125,0.044871794871794865,0.12069888082963282,0.04144824006225763,0.0,0.0,0
M011908,C110,C165,1,13,1.0,0.125,0.05128205128205128,0.12069888082963282,0.05369054707901756,0.0,0.0,0
M011908,C118,C165,1,18,1.0588235294117647,0.14583333333333331,0.07407407407407408,0.1452133906333264,0.0677633274886021,0.0,0.0,2
M011908,C127,C165,1,20,1.0526315789473684,0.11111111111111116,0.04027777777777779,0.08736466716379823,0.03255727860977385,0.0,0.0,0
M011908,C128,C165,1,21,1.105263157894737,0.13888888888888884,0.0687830687830688,0.16937869094464783,0.06932562479551423,0.0,0.0,0
M011908,C134,C165,1,31,1.0,0.11666666666666659,0.044086021505376334,0.08604590051763929,0.03318722484483973,0.0,0.0,0
M011908,C135,C165,1,31,1.0,0.1333333333333333,0.06666666666666667,0.14081354366785417,0.0415900285437819,0.0,0.0,0
M011908,C141,C165,1,13,1.0,0.13095238095238093,0.0531135531135531,0.11930077092517213,0.05132907650421646,0.0,0.0,1
M011908,C153,C165,1,13,1.0,0.130952380952381,0.05311355311355311,0.11587733180082635,0.04112175563944986,0.0,0.0,0
M011908,C154,C165,1,13,1.0,0.130952380952381,0.04761904761904763,0.11587733180082617,0.045799651053429084,0.0,0.0,0
M011908,C166,C165,1,15,1.1538461538461537,0.08333333333333337,0.03888888888888889,0.08290579767800801,0.038689372249737085,0.0,0.0,0
M011908,C167,C165,1,15,1.1538461538461537,0.08333333333333337,0.06666666666666667,0.08290579767800792,0.06113961348813282,0.0,0.0,0
M011908,C172,C165,1,14,1.0769230769230769,0.11666666666666659,0.035714285714285705,0.12038666876055648,0.03766082338913829,0.0,0.0,0
M011908,C173,C165,1,13,1.0,0.11666666666666659,0.04615384615384615,0.12038666876055648,0.051565435346632445,0.0,0.0,2
M011908,C174,C165,1,13,1.0,0.09523809523809523,0.042124542124542114,0.14506915778096374,0.0601720293671582,0.0,0.0,1
M011908,C175,C165,1,13,1.0,0.13095238095238093,0.05677655677655676,0.1761508378324419,0.08527892297112885,0.0,0.0,1
M011908,C177,C165,1,13,1.0,0.1166666666666667,0.04615384615384615,0.09850031926473171,0.037695000111651125,0.0,0.0,0
M011908,C178,C165,1,13,1.0,0.06666666666666665,0.02564102564102563,0.051716754504559995,0.02320518807497544,0.0,0.0,0
M011908,C182,C165,1,13,1.0,0.125,0.044871794871794865,0.12220208966148056,0.041939673718823185,0.0,0.0,0
M011908,C183,C165,1,13,1.0,0.08333333333333337,0.03205128205128205,0.09488647752940699,0.03708460413749016,0.0,0.0,1
M011908,C186,C165,1,19,1.0555555555555556,0.13725490196078427,0.05779153766769864,0.17296747227419929,0.06259498290341282,0.0,0.3333333333333333,3
M011908,C191,C165,1,25,1.0416666666666667,0.1485507246376812,0.07130434782608697,0.2008372096701296,0.07136910183426734,0.0,0.0,0
M011908,C192,C165,1,13,1.0,0.08333333333333337,0.03846153846153845,0.12981842990662582,0.05269887038327065,0.0,0.0,0
M011908,C193,C165,1,13,1.0,0.08333333333333337,0.03846153846153845,0.14781501263132074,0.07267093652275157,0.0,0.0,0
M011908,C194,C165,1,14,1.0769230769230769,0.13333333333333341,0.05714285714285715,0.13700763822701642,0.0557204688639268,0.0,0.0,0
M011908,C195,C165,1,13,1.0,0.1333333333333333,0.061538461538461535,0.12392043730338799,0.059944473298632506,0.0,0.0,0
M011908,C216,C165,1,14,1.0769230769230769,0.08333333333333337,0.029761904761904764,0.10923012671947759,0.05468000301973591,0.0,0.0,1
M011908,C008,C099,2,13,1.0,0.125,0.057692307692307696,0.11076057987384973,0.0470262310043784,0.0,0.0,1
M011908,C016,C099,2,17,1.2142857142857142,0.14743589743589747,0.0878582202111614,0.19117401610235613,0.08475872341295769,0.0,0.0,1
M011908,C029,C099,2,13,1.0,0.13888888888888895,0.055555555555555566,0.12604792117360455,0.05817596361858673,0.0,0.0,0
M011908,C044,C099,2,13,1.0,0.13888888888888884,0.05128205128205127,0.1659179666977552,0.06525164445991494,0.0,0.0,1
M011908,C055,C099,2,13,1.0,0.0,0.0,0.00014264567777849086,7.132283888929847e-05,0.0,0.0,0
M011908,C100,C099,2,13,1.0,0.0,0.0,0.0,0.0,0.0,0.0,1
M011908,C176,C099,2,13,1.0,0.130952380952381,0.05677655677655678,0.1737240255382069,0.07180204913244134,0.0,0.0,1
M011908,C197,C099,2,13,1.0,0.13095238095238093,0.05494505494505493,0.10452867075331379,0.04199500517972677,0.0,0.0,1
M011908,C198,C099,2,13,1.0,0.11904761904761907,0.05128205128205129,0.1414459133367315,0.05327131814198703,0.0,0.0,0
M011908,C199,C099,2,13,1.0,0.11904761904761907,0.05128205128205129,0.14144591333673134,0.06477923784967252,0.0,0.0,1
M012070,C003,C165,1,24,1.0434782608695652,0.13636363636363635,0.07481060606060606,0.14882366357945215,0.05367789638748211,0.0,0.0,1
M012070,C004,C165,1,23,1.0,0.14393939393939392,0.07180500658761528,0.10429493155015554,0.0509866298915184,0.0,0.0,1
M012070,C005,C165,1,13,1.0,0.125,0.044871794871794865,0.14324816279629865,0.06587245767712252,0.0,0.0,4
M012070,C006,C165,1,16,1.2307692307692308,0.15000000000000002,0.07291666666666667,0.1642380818684162,0.07322412590182975,0.0625,0.0,0
M012070,C007,C165,1,13,1.0,0.125,0.057692307692307696,0.14114660957216937,0.06893920223082371,0.0,0.0,1
M012070,C011,C165,1,30,1.0,0.12068965517241381,0.04674329501915708,0.08701082623830289,0.03490913576043135,0.0,0.0,0
M012070,C012,C165,1,30,1.0,0.13793103448275867,0.06388888888888888,0.13981965582412711,0.03994826479036543,0.0,0.0,0
M012070,C014,C165,1,13,1.0,0.08333333333333337,0.03205128205128204,0.08079212088105628,0.03237461682929952,0.0,0.0,0
M012070,C015,C165,1,15,1.0714285714285714,0.07051282051282053,0.03247863247863248,0.10839950381841854,0.052031761832840966,0.0,0.0,0
M012070,C017,C165,1,14,1.0,0.07692307692307693,0.03571428571428573,0.06122589691432398,0.028648440294867756,0.0,0.0,0
M012070,C024,C165,1,13,1.0,0.15000000000000002,0.056410256410256404,0.23693141192671954,0.09297176552116035,0.07692307692307693,0.0,0
M012070,C025,C165,1,13,1.0,0.13333333333333341,0.05641025641025642,0.20143882529584753,0.06784658043215387,0.0,0.0,0
M012070,C028,C165,1,13,1.0,0.05555555555555558,0.025641025641025644,0.0692131888058864,0.03116542571745118,0.0,0.0,1
M012070,C030,C165,1,13,1.0,0.125,0.057692307692307696,0.1340708847265242,0.06865687677223545,0.0,0.0,0
M012070,C031,C165,1,13,1.0,0.08333333333333333,0.028846153846153837,0.06348142125898278,0.029308559016031376,0.0,0.0,0
M012070,C037,C165,1,13,1.0,0.13095238095238093,0.05677655677655677,0.19155800224625633,0.05912570906135672,0.0,0.0,2
M012070,C038,C165,1,13,1.0,0.11904761904761907,0.040293040293040296,0.13199640264587803,0.05931049435463455,0.0,0.0,0
M012070,C045,C165,1,13,1.0,0.1111111111111111,0.042735042735042736,0.13315614883101975,0.050787251772666644,0.0,0.0,0
M012070,C056,C165,1,15,1.1538461538461537,0.13636363636363635,0.07020202020202018,0.14013207071602346,0.06336517229026555,0.0,0.0,0
M012070,C057,C165,1,14,1.0769230769230769,0.10606060606060605,0.033008658008658,0.0931776075340047,0.039068371551004684,0.0,0.0,0
M012070,C061,C165,1,13,1.0,0.11666666666666659,0.048717948717948704,0.1371230395728149,0.062487984356521704,0.0,0.0,0
M012070,C062,C165,1,13,1.0,0.15000000000000002,0.0564102564102564,0.13712303957281466,0.06585896905596003,0.07692307692307693,0.0,0
M012070,C063,C165,1,13,1.0,0.08333333333333337,0.03205128205128204,0.07305555343322312,0.02902963377017542,0.0,0.0,0
M012070,C064,C165,1,13,1.0,0.08333333333333337,0.03205128205128205,0.1095833301498348,0.04236845007782312,0.0,0.0,0
M012070,C065,C165,1,13,1.0,0.08333333333333337,0.03525641025641025,0.08988284166026572,0.034254643429353644,0.0,0.0,0
M012070,C076,C165,1,42,1.0,0.12804878048780488,0.049119241192411935,0.1147722624943638,0.033725427555562106,0.0,0.5,2
M012070,C077,C165,1,42,1.0,0.1402439024390244,0.06029810298102981,0.20915528642180797,0.07663154646151964,0.0,0.0,4
M012070,C080,C165,1,25,1.0,0.08333333333333337,0.05333333333333333,0.12329756785487875,0.030337369291262576,0.0,0.0,0
M012070,C081,C165,1,25,1.0,0.12500000000000006,0.05333333333333334,0.16520523612051125,0.05961132643009839,0.0,0.0,2
M012070,C086,C165,1,13,1.0,0.11904761904761907,0.04395604395604395,0.16065513590512728,0.05440596230680857,0.0,0.0,0
M012070,C087,C165,1,13,1.0,0.130952380952381,0.05128205128205129,0.12178046679156743,0.04358184566333611,0.0,0.0,0
M012070,C091,C165,1,13,1.0,0.15000000000000002,0.06410256410256408,0.2339043778042903,0.0936022586568924,0.07692307692307693,0.0,1
M012070,C092,C165,1,13,1.0,0.15000000000000002,0.05384615384615384,0.1850449713504198,0.0760042625076322,0.07692307692307693,0.0,0
M012070,C093,C165,1,13,1.0,0.1333333333333333,0.05128205128205128,0.09701992848775752,0.04083026735011175,0.0,0.0,0
M012070,C095,C165,1,17,1.1333333333333333,0.130952380952381,0.0742296918767507,0.1503681189718658,0.06835730539553733,0.0,0.0,0
M012070,C103,C165,1,15,1.1538461538461537,0.14393939393939398,0.05454545454545454,0.14746588801059066,0.05715178446969373,0.0,0.0,0
M012070,C104,C165,1,13,1.0,0.08333333333333337,0.038461538461538464,0.05045069519991844,0.02367958454333981,0.0,0.0,1
M012070,C109,C165,1,13,1.0,0.125,0.044871794871794865,0.12069888082963282,0.04144824006225763,0.0,0.0,0
M012070,C110,C165,1,13,1.0,0.125,0.05128205128205128,0.12069888082963282,0.05369054707901756,0.0,0.0,0
M012070,C118,C165,1,18,1.0588235294117647,0.14583333333333331,0.07407407407407408,0.1452133906333264,0.0677633274886021,0.0,0.0,2
M012070,C127,C165,1,20,1.0526315789473684,0.11111111111111116,0.04027777777777779,0.08736466716379823,0.03255727860977385,0.0,0.0,0
M012070,C128,C165,1,21,1.105263157894737,0.13888888888888884,0.0687830687830688,0.16937869094464783,0.06932562479551423,0.0,0.0,0
M012070,C134,C165,1,31,1.0,0.11666666666666659,0.044086021505376334,0.08604590051763929,0.03318722484483973,0.0,0.0,0
M012070,C135,C165,1,31,1.0,0.1333333333333333,0.06666666666666667,0.14081354366785417,0.0415900285437819,0.0,0.0,0
M012070,C141,C165,1,13,1.0,0.13095238095238093,0.0531135531135531,0.11930077092517213,0.05132907650421646,0.0,0.0,1
M012070,C153,C165,1,13,1.0,0.130952380952381,0.05311355311355311,0.11587733180082635,0.04112175563944986,0.0,0.0,0
M012070,C154,C165,1,13,1.0,0.130952380952381,0.04761904761904763,0.11587733180082617,0.045799651053429084,0.0,0.0,0
M012070,C166,C165,1,15,1.1538461538461537,0.08333333333333337,0.03888888888888889,0.08290579767800801,0.038689372249737085,0.0,0.0,0
M012070,C167,C165,1,15,1.1538461538461537,0.08333333333333337,0.06666666666666667,0.08290579767800792,0.06113961348813282,0.0,0.0,0
M012070,C172,C165,1,14,1.0769230769230769,0.11666666666666659,0.035714285714285705,0.12038666876055648,0.03766082338913829,0.0,0.0,0
M012070,C173,C165,1,13,1.0,0.11666666666666659,0.04615384615384615,0.12038666876055648,0.051565435346632445,0.0,0.0,2
M012070,C174,C165,1,13,1.0,0.09523809523809523,0.042124542124542114,0.14506915778096374,0.0601720293671582,0.0,0.0,1
M012070,C175,C165,1,13,1.0,0.13095238095238093,0.05677655677655676,0.1761508378324419,0.08527892297112885,0.0,0.0,1
M012070,C177,C165,1,13,1.0,0.1166666666666667,0.04615384615384615,0.09850031926473171,0.037695000111651125,0.0,0.0,0
M012070,C178,C165,1,13,1.0,0.06666666666666665,0.02564102564102563,0.051716754504559995,0.02320518807497544,0.0,0.0,0
M012070,C182,C165,1,13,1.0,0.125,0.044871794871794865,0.12220208966148056,0.041939673718823185,0.0,0.0,0
M012070,C183,C165,1,13,1.0,0.08333333333333337,0.03205128205128205,0.09488647752940699,0.03708460413749016,0.0,0.0,1
M012070,C186,C165,1,19,1.0555555555555556,0.13725490196078427,0.05779153766769864,0.17296747227419929,0.06259498290341282,0.0,0.3333333333333333,3
M012070,C191,C165,1,25,1.0416666666666667,0.1485507246376812,0.07130434782608697,0.2008372096701296,0.07136910183426734,0.0,0.0,0
M012070,C192,C165,1,13,1.0,0.08333333333333337,0.03846153846153845,0.12981842990662582,0.05269887038327065,0.0,0.0,0
M012070,C193,C165,1,13,1.0,0.08333333333333337,0.03846153846153845,0.14781501263132074,0.07267093652275157,0.0,0.0,0
M012070,C194,C165,1,14,1.0769230769230769,0.13333333333333341,0.05714285714285715,0.13700763822701642,0.0557204688639268,0.0,0.0,0
M012070,C195,C165,1,13,1.0,0.1333333333333333,0.061538461538461535,0.12392043730338799,0.059944473298632506,0.0,0.0,0
M012070,C216,C165,1,14,1.0769230769230769,0.08333333333333337,0.029761904761904764,0.10923012671947759,0.05468000301973591,0.0,0.0,1
M012070,C008,C099,2,13,1.0,0.125,0.057692307692307696,0.11076057987384973,0.0470262310043784,0.0,0.0,1
M012070,C016,C099,2,17,1.2142857142857142,0.14743589743589747,0.0878582202111614,0.19117401610235613,0.08475872341295769,0.0,0.0,1
M012070,C029,C099,2,13,1.0,0.13888888888888895,0.055555555555555566,0.12604792117360455,0.05817596361858673,0.0,0.0,0
M012070,C044,C099,2,13,1.0,0.13888888888888884,0.05128205128205127,0.1659179666977552,0.06525164445991494,0.0,0.0,1
M012070,C055,C099,2,13,1.0,0.0,0.0,0.00014264567777849086,7.132283888929847e-05,0.0,0.0,0
M012070,C100,C099,2,13,1.0,0.0,0.0,0.0,0.0,0.0,0.0,1
M012070,C176,C099,2,13,1.0,0.130952380952381,0.05677655677655678,0.1737240255382069,0.07180204913244134,0.0,0.0,1
M012070,C197,C099,2,13,1.0,0.13095238095238093,0.05494505494505493,0.10452867075331379,0.04199500517972677,0.0,0.0,1
M012070,C198,C099,2,13,1.0,0.11904761904761907,0.05128205128205129,0.1414459133367315,0.05327131814198703,0.0,0.0,0
M012070,C199,C099,2,13,1.0,0.11904761904761907,0.05128205128205129,0.14144591333673134,0.06477923784967252,0.0,0.0,1
M012232,C003,C165,1,24,1.0434782608695652,0.13636363636363635,0.07481060606060606,0.14882366357945215,0.05367789638748211,0.0,0.0,1
M012232,C004,C165,1,23,1.0,0.14393939393939392,0.07180500658761528,0.10429493155015554,0.0509866298915184,0.0,0.0,1
M012232,C005,C165,1,13,1.0,0.125,0.044871794871794865,0.14324816279629865,0.06587245767712252,0.0,0.0,4
M012232,C006,C165,1,16,1.2307692307692308,0.15000000000000002,0.07291666666666667,0.1642380818684162,0.07322412590182975,0.0625,0.0,0
M012232,C007,C165,1,13,1.0,0.125,0.057692307692307696,0.14114660957216937,0.06893920223082371,0.0,0.0,1
M012232,C011,C165,1,30,1.0,0.12068965517241381,0.04674329501915708,0.08701082623830289,0.03490913576043135,0.0,0.0,0
M012232,C012,C165,1,30,1.0,0.13793103448275867,0.06388888888888888,0.13981965582412711,0.03994826479036543,0.0,0.0,0
M012232,C014,C165,1,13,1.0,0.08333333333333337,0.03205128205128204,0.08079212088105628,0.03237461682929952,0.0,0.0,0
M012232,C015,C165,1,15,1.0714285714285714,0.07051282051282053,0.03247863247863248,0.10839950381841854,0.052031761832840966,0.0,0.0,0
M012232,C017,C165,1,14,1.0,0.07692307692307693,0.03571428571428573,0.06122589691432398,0.028648440294867756,0.0,0.0,0
M012232,C024,C165,1,13,1.0,0.15000000000000002,0.056410256410256404,0.23693141192671954,0.09297176552116035,0.07692307692307693,0.0,0
M012232,C025,C165,1,13,1.0,0.13333333333333341,0.05641025641025642,0.20143882529584753,0.06784658043215387,0.0,0.0,0
M012232,C028,C165,1,13,1.0,0.05555555555555558,0.025641025641025644,0.0692131888058864,0.03116542571745118,0.0,0.0,1
M012232,C030,C165,1,13,1.0,0.125,0.057692307692307696,0.1340708847265242,0.06865687677223545,0.0,0.0,0
M012232,C031,C165,1,13,1.0,0.08333333333333333,0.028846153846153837,0.06348142125898278,0.029308559016031376,0.0,0.0,0
M012232,C037,C165,1,13,1.0,0.13095238095238093,0.05677655677655677,0.19155800224625633,0.05912570906135672,0.0,0.0,2
M012232,C038,C165,1,13,1.0,0.11904761904761907,0.040293040293040296,0.13199640264587803,0.05931049435463455,0.0,0.0,0
M012232,C045,C165,1,13,1.0,0.1111111111111111,0.042735042735042736,0.13315614883101975,0.050787251772666644,0.0,0.0,0
M012232,C056,C165,1,15,1.1538461538461537,0.13636363636363635,0.07020202020202018,0.14013207071602346,0.06336517229026555,0.0,0.0,0
M012232,C057,C165,1,14,1.0769230769230769,0.10606060606060605,0.033008658008658,0.0931776075340047,0.039068371551004684,0.0,0.0,0
M012232,C061,C165,1,13,1.0,0.11666666666666659,0.048717948717948704,0.1371230395728149,0.062487984356521704,0.0,0.0,0
M012232,C062,C165,1,13,1.0,0.15000000000000002,0.0564102564102564,0.13712303957281466,0.06585896905596003,0.07692307692307693,0.0,0
M012232,C063,C165,1,13,1.0,0.08333333333333337,0.03205128205128204,0.07305555343322312,0.02902963377017542,0.0,0.0,0
M012232,C064,C165,1,13,1.0,0.08333333333333337,0.03205128205128205,0.1095833301498348,0.04236845007782312,0.0,0.0,0
M012232,C065,C165,1,13,1.0,0.08333333333333337,0.03525641025641025,0.08988284166026572,0.034254643429353644,0.0,0.0,0
M012232,C076,C165,1,42,1.0,0.12804878048780488,0.049119241192411935,0.1147722624943638,0.033725427555562106,0.0,0.5,2
M012232,C077,C165,1,42,1.0,0.1402439024390244,0.06029810298102981,0.20915528642180797,0.07663154646151964,0.0,0.0,4
M012232,C080,C165,1,25,1.0,0.08333333333333337,0.05333333333333333,0.12329756785487875,0.030337369291262576,0.0,0.0,0
M012232,C081,C165,1,25,1.0,0.12500000000000006,0.05333333333333334,0.16520523612051125,0.05961132643009839,0.0,0.0,2
M012232,C086,C165,1,13,1.0,0.11904761904761907,0.04395604395604395,0.16065513590512728,0.05440596230680857,0.0,0.0,0
M012232,C087,C165,1,13,1.0,0.130952380952381,0.05128205128205129,0.12178046679156743,0.04358184566333611,0.0,0.0,0
M012232,C091,C165,1,13,1.0,0.15000000000000002,0.06410256410256408,0.2339043778042903,0.0936022586568924,0.07692307692307693,0.0,1
M012232,C092,C165,1,13,1.0,0.15000000000000002,0.05384615384615384,0.1850449713504198,0.0760042625076322,0.07692307692307693,0.0,0
M012232,C093,C165,1,13,1.0,0.1333333333333333,0.05128205128205128,0.09701992848775752,0.04083026735011175,0.0,0.0,0
M012232,C095,C165,1,17,1.1333333333333333,0.130952380952381,0.0742296918767507,0.1503681189718658,0.06835730539553733,0.0,0.0,0
M012232,C103,C165,1,15,1.1538461538461537,0.14393939393939398,0.05454545454545454,0.14746588801059066,0.05715178446969373,0.0,0.0,0
M012232,C104,C165,1,13,1.0,0.08333333333333337,0.038461538461538464,0.05045069519991844,0.02367958454333981,0.0,0.0,1
M012232,C109,C165,1,13,1.0,0.125,0.044871794871794865,0.12069888082963282,0.04144824006225763,0.0,0.0,0
M012232,C110,C165,1,13,1.0,0.125,0.05128205128205128,0.12069888082963282,0.05369054707901756,0.0,0.0,0
M012232,C118,C165,1,18,1.0588235294117647,0.14583333333333331,0.07407407407407408,0.1452133906333264,0.0677633274886021,0.0,0.0,2
M012232,C127,C165,1,20,1.0526315789473684,0.11111111111111116,0.04027777777777779,0.08736466716379823,0.03255727860977385,0.0,0.0,0
M012232,C128,C165,1,21,1.105263157894737,0.13888888888888884,0.0687830687830688,0.16937869094464783,0.06932562479551423,0.0,0.0,0
M012232,C134,C165,1,31,1.0,0.11666666666666659,0.044086021505376334,0.08604590051763929,0.03318722484483973,0.0,0.0,0
M012232,C135,C165,1,31,1.0,0.1333333333333333,0.06666666666666667,0.14081354366785417,0.0415900285437819,0.0,0.0,0
M012232,C141,C165,1,13,1.0,0.13095238095238093,0.0531135531135531,0.11930077092517213,0.05132907650421646,0.0,0.0,1
M012232,C153,C165,1,13,1.0,0.130952380952381,0.05311355311355311,0.11587733180082635,0.04112175563944986,0.0,0.0,0
M012232,C154,C165,1,13,1.0,0.130952380952381,0.04761904761904763,0.11587733180082617,0.045799651053429084,0.0,0.0,0
M012232,C166,C165,1,15,1.1538461538461537,0.08333333333333337,0.03333333333333333,0.08290579767800801,0.033162319071203226,0.0,0.0,0
M012232,C167,C165,1,15,1.1538461538461537,0.08333333333333337,0.06666666666666667,0.08290579767800792,0.06113961348813282,0.0,0.0,0
M012232,C172,C165,1,14,1.0769230769230769,0.11666666666666659,0.035714285714285705,0.12038666876055648,0.03766082338913829,0.0,0.0,0
M012232,C173,C165,1,13,1.0,0.11666666666666659,0.04615384615384615,0.12038666876055648,0.051565435346632445,0.0,0.0,2
M012232,C174,C165,1,13,1.0,0.09523809523809523,0.042124542124542114,0.14506915778096374,0.0601720293671582,0.0,0.0,1
M012232,C175,C165,1,13,1.0,0.13095238095238093,0.05677655677655676,0.1761508378324419,0.08527892297112885,0.0,0.0,1
M012232,C177,C165,1,13,1.0,0.1166666666666667,0.04615384615384615,0.09850031926473171,0.037695000111651125,0.0,0.0,0
M012232,C178,C165,1,13,1.0,0.06666666666666665,0.02564102564102563,0.051716754504559995,0.02320518807497544,0.0,0.0,0
M012232,C182,C165,1,13,1.0,0.125,0.044871794871794865,0.12220208966148056,0.041939673718823185,0.0,0.0,0
M012232,C183,C165,1,13,1.0,0.08333333333333337,0.03205128205128205,0.09488647752940699,0.03708460413749016,0.0,0.0,1
M012232,C186,C165,1,19,1.0555555555555556,0.13725490196078427,0.05779153766769864,0.17296747227419929,0.06259498290341282,0.0,0.3333333333333333,3
M012232,C191,C165,1,25,1.0416666666666667,0.1485507246376812,0.07130434782608697,0.2008372096701296,0.07136910183426734,0.0,0.0,0
M012232,C192,C165,1,13,1.0,0.08333333333333337,0.03846153846153845,0.12981842990662582,0.05269887038327065,0.0,0.0,0
M012232,C193,C165,1,13,1.0,0.08333333333333337,0.03846153846153845,0.14781501263132074,0.07267093652275157,0.0,0.0,0
M012232,C194,C165,1,14,1.0769230769230769,0.13333333333333341,0.05714285714285715,0.13700763822701642,0.0557204688639268,0.0,0.0,0
M012232,C195,C165,1,13,1.0,0.1333333333333333,0.061538461538461535,0.12392043730338799,0.059944473298632506,0.0,0.0,0
M012232,C216,C165,1,14,1.0769230769230769,0.08333333333333337,0.029761904761904764,0.10923012671947759,0.05468000301973591,0.0,0.0,1
M012232,C008,C099,2,13,1.0,0.125,0.057692307692307696,0.11076057987384973,0.0470262310043784,0.0,0.0,1
M012232,C016,C099,2,17,1.2142857142857142,0.14743589743589747,0.0878582202111614,0.19117401610235613,0.08475872341295769,0.0,0.0,1
M012232,C029,C099,2,13,1.0,0.13888888888888895,0.055555555555555566,0.12604792117360455,0.05817596361858673,0.0,0.0,0
M012232,C044,C099,2,13,1.0,0.13888888888888884,0.05128205128205127,0.1659179666977552,0.06525164445991494,0.0,0.0,1
M012232,C055,C099,2,13,1.0,0.0,0.0,0.00014264567777849086,7.132283888929847e-05,0.0,0.0,0
M012232,C100,C099,2,13,1.0,0.0,0.0,0.0,0.0,0.0,0.0,1
M012232,C176,C099,2,13,1.0,0.130952380952381,0.05677655677655678,0.1737240255382069,0.07180204913244134,0.0,0.0,1
M012232,C197,C099,2,13,1.0,0.13095238095238093,0.05494505494505493,0.10452867075331379,0.04199500517972677,0.0,0.0,1
M012232,C198,C099,2,13,1.0,0.11904761904761907,0.05128205128205129,0.1414459133367315,0.05327131814198703,0.0,0.0,0
M012232,C199,C099,2,13,1.0,0.11904761904761907,0.05128205128205129,0.14144591333673134,0.06477923784967252,0.0,0.0,1
M012367,C003,C165,1,24,1.0434782608695652,0.0984848484848485,0.05397727272727273,0.14882366357945215,0.03975694302225901,0.0,0.0,1
M012367,C004,C165,1,23,1.0,0.0984848484848485,0.050065876152832665,0.10429493155015554,0.033078879866324656,0.0,0.0,1
M012367,C005,C165,1,13,1.0,0.08333333333333337,0.03525641025641025,0.14324816279629865,0.06252219985928911,0.0,0.0,4
M012367,C006,C165,1,14,1.0769230769230769,0.09999999999999998,0.045238095238095244,0.1054692302377245,0.0448179178395854,0.07142857142857142,0.0,0
M012367,C007,C165,1,13,1.0,0.08333333333333337,0.038461538461538464,0.10585995717912694,0.05075574837373907,0.0,0.0,1
M012367,C011,C165,1,30,1.0,0.08908045977011496,0.037835249042145594,0.08701082623830289,0.02964680419178267,0.0,0.0,0
M012367,C012,C165,1,30,1.0,0.09482758620689657,0.04827586206896551,0.13981965582412711,0.03255611202719392,0.0,0.0,0
M012367,C014,C165,1,13,1.0,0.08333333333333337,0.03205128205128204,0.08079212088105628,0.03237461682929952,0.0,0.0,0
M012367,C015,C165,1,15,1.0714285714285714,0.07051282051282053,0.03247863247863248,0.10839950381841854,0.052031761832840966,0.0,0.0,0
M012367,C017,C165,1,14,1.0,0.07692307692307693,0.03571428571428573,0.06122589691432398,0.028648440294867756,0.0,0.0,0
M012367,C024,C165,1,13,1.0,0.11666666666666659,0.048717948717948704,0.17773221977227965,0.07839344237657696,0.0,0.0,0
M012367,C025,C165,1,13,1.0,0.13333333333333341,0.05641025641025642,0.20143882529584753,0.06784658043215387,0.0,0.0,0
M012367,C028,C165,1,13,1.0,0.05555555555555558,0.025641025641025644,0.0692131888058864,0.03116542571745118,0.0,0.0,1
M012367,C030,C165,1,13,1.0,0.08333333333333337,0.038461538461538464,0.10055316354489315,0.05074556617844488,0.0,0.0,0
M012367,C031,C165,1,13,1.0,0.08333333333333333,0.028846153846153837,0.06348142125898278,0.029308559016031376,0.0,0.0,0
M012367,C037,C165,1,13,1.0,0.10714285714285715,0.04029304029304029,0.13199640264587803,0.050331956632469484,0.0,0.0,2
M012367,C038,C165,1,13,1.0,0.0714285714285714,0.03296703296703296,0.13199640264587803,0.061475772485623185,0.0,0.0,0
M012367,C045,C165,1,13,1.0,0.08333333333333337,0.03846153846153846,0.10652491906481588,0.04986044919439097,0.0,0.0,0
M012367,C056,C165,1,14,1.0769230769230769,0.0984848484848484,0.035714285714285705,0.14013207071602346,0.03089279846956732,0.0,0.0,0
M012367,C057,C165,1,13,1.0,0.045454545454545414,0.020979020979020976,0.06493013043001317,0.028528753577080998,0.0,0.0,0
M012367,C061,C165,1,13,1.0,0.11666666666666659,0.048717948717948704,0.1371230395728149,0.062487984356521704,0.0,0.0,0
M012367,C062,C165,1,13,1.0,0.11666666666666659,0.048717948717948704,0.13712303957281466,0.06248798435652154,0.0,0.0,0
M012367,C063,C165,1,13,1.0,0.08333333333333337,0.03205128205128204,0.07305555343322312,0.02902963377017542,0.0,0.0,0
M012367,C064,C165,1,13,1.0,0.08333333333333337,0.03205128205128205,0.1095833301498348,0.04236845007782312,0.0,0.0,0
M012367,C065,C165,1,13,1.0,0.08333333333333337,0.03525641025641025,0.08988284166026572,0.034254643429353644,0.0,0.0,0
M012367,C076,C165,1,42,1.0,0.0975609756097561,0.043166860240030976,0.1147722624943638,0.0339955407308176,0.0,0.0,2
M012367,C077,C165,1,42,1.0,0.09146341463414637,0.04065040650406503,0.16153623880276033,0.07261942069540832,0.0,0.0,4
M012367,C080,C165,1,25,1.0,0.08333333333333337,0.05333333333333333,0.12329756785487875,0.030337369291262576,0.0,0.0,0
M012367,C081,C165,1,25,1.0,0.08333333333333337,0.04333333333333334,0.1239039270903835,0.049662630708737436,0.0,0.0,2
M012367,C086,C165,1,13,1.0,0.09523809523809523,0.036630036630036625,0.1183428271576415,0.0447738002740783,0.0,0.0,0
M012367,C087,C165,1,13,1.0,0.10714285714285715,0.04212454212454213,0.08118697786104478,0.034478551266594444,0.0,0.0,0
M012367,C091,C165,1,13,1.0,0.1333333333333333,0.0564102564102564,0.2339043778042903,0.10441809909237085,0.0,0.0,1
M012367,C092,C165,1,13,1.0,0.09999999999999998,0.04615384615384615,0.1850449713504198,0.0868201029431107,0.0,0.0,0
M012367,C093,C165,1,13,1.0,0.1333333333333333,0.05128205128205128,0.09701992848775752,0.04083026735011175,0.0,0.0,0
M012367,C095,C165,1,15,1.0,0.07142857142857145,0.03333333333333333,0.09444724981140123,0.0354706094978818,0.0,0.0,0
M012367,C103,C165,1,14,1.0769230769230769,0.08333333333333333,0.0422077922077922,0.07831937084165153,0.04477893438262913,0.0,0.0,0
M012367,C104,C165,1,13,1.0,0.08333333333333337,0.038461538461538464,0.05045069519991844,0.02367958454333981,0.0,0.0,1
M012367,C109,C165,1,13,1.0,0.08333333333333337,0.035256410256410256,0.08869425277853574,0.032608976544634155,0.0,0.0,0
M012367,C110,C165,1,13,1.0,0.08333333333333337,0.03205128205128204,0.08869425277853574,0.038028648732276,0.0,0.0,0
M012367,C118,C165,1,17,1.0,0.08333333333333331,0.034313725490196074,0.08307679060709142,0.029240752953522287,0.0,0.0,2
M012367,C127,C165,1,19,1.0,0.08333333333333331,0.030701754385964914,0.08736466716379823,0.02799967118621947,0.0,0.0,0
M012367,C128,C165,1,20,1.0526315789473684,0.08333333333333337,0.04722222222222222,0.11440541712502869,0.0524331769506033,0.0,0.0,0
M012367,C134,C165,1,31,1.0,0.1,0.04139784946236559,0.08604590051763929,0.03202828851863243,0.06451612903225806,0.0,0
M012367,C135,C165,1,31,1.0,0.10000000000000003,0.058602150537634415,0.14081354366785417,0.03870148365838561,0.16129032258064516,0.0,0
M012367,C141,C165,1,13,1.0,0.10714285714285715,0.04395604395604395,0.0950374554270626,0.04300776754584682,0.0,0.0,1
M012367,C153,C165,1,13,1.0,0.10714285714285715,0.04395604395604395,0.11587733180082635,0.040432653555823136,0.0,0.0,0
M012367,C154,C165,1,13,1.0,0.10714285714285715,0.038461538461538464,0.11587733180082617,0.045110548969802385,0.0,0.0,0
M012367,C166,C165,1,15,1.1538461538461537,0.08333333333333337,0.03333333333333333,0.08290579767800801,0.033162319071203226,0.0,0.0,0
M012367,C167,C165,1,15,1.1538461538461537,0.08333333333333337,0.06111111111111111,0.08290579767800792,0.05561256030959896,0.0,0.0,0
M012367,C172,C165,1,13,1.0,0.050000000000000044,0.02307692307692307,0.05252920467761836,0.024919927769951666,0.0,0.0,0
M012367,C174,C165,1,13,1.0,0.09523809523809523,0.042124542124542114,0.14506915778096374,0.0601720293671582,0.0,0.0,1
M012367,C175,C165,1,13,1.0,0.1071428571428571,0.04029304029304029,0.15023877901917693,0.05618555878050203,0.0,0.0,1
M012367,C177,C165,1,13,1.0,0.09999999999999998,0.038461538461538464,0.0816725002419106,0.030212921509448463,0.07692307692307693,0.0,0
M012367,C178,C165,1,13,1.0,0.06666666666666665,0.02564102564102563,0.051716754504559995,0.02320518807497544,0.0,0.0,0
M012367,C182,C165,1,13,1.0,0.08333333333333337,0.035256410256410256,0.09057326381834513,0.033129318063350614,0.0,0.0,0
M012367,C183,C165,1,13,1.0,0.08333333333333337,0.035256410256410256,0.11022140981008158,0.04523138845279935,0.0,0.0,1
M012367,C186,C165,1,18,1.0,0.0980392156862745,0.04112200435729847,0.12179281828375764,0.04878539194341808,0.0,0.3333333333333333,3
M012367,C191,C165,1,24,1.0,0.08695652173913043,0.043327294685990336,0.1202686063648091,0.049235471428912686,0.0,0.0,0
M012367,C192,C165,1,13,1.0,0.08333333333333337,0.03846153846153845,0.12981842990662582,0.05269887038327065,0.0,0.0,0
M012367,C193,C165,1,13,1.0,0.08333333333333337,0.03846153846153845,0.14781501263132074,0.07267093652275157,0.0,0.0,0
M012367,C194,C165,1,13,1.0,0.09999999999999998,0.03846153846153846,0.09774603545613131,0.042695592332772675,0.07692307692307693,0.0,0
M012367,C195,C165,1,13,1.0,0.09999999999999998,0.04615384615384615,0.09599299860163601,0.04504147067880425,0.07692307692307693,0.0,0
M012367,C216,C165,1,14,1.0769230769230769,0.08333333333333337,0.029761904761904764,0.10923012671947759,0.05468000301973591,0.0,0.0,1
M012367,C008,C099,2,13,1.0,0.08333333333333337,0.03525641025641025,0.08942339822721534,0.0339879180530478,0.0,0.0,1
M012367,C016,C099,2,15,1.0714285714285714,0.07692307692307693,0.044017094017094034,0.1191081688061902,0.04237748099129228,0.0,0.0,1
M012367,C029,C099,2,13,1.0,0.08333333333333337,0.03846153846153847,0.09594133033315246,0.042474026912384194,0.0,0.0,0
M012367,C044,C099,2,13,1.0,0.08333333333333337,0.029914529914529912,0.08392643866773995,0.039973868895866065,0.0,0.0,1
M012367,C055,C099,2,13,1.0,0.0,0.0,0.00014264567777849086,7.132283888929847e-05,0.0,0.0,0
M012367,C100,C099,2,13,1.0,0.0,0.0,0.0,0.0,0.0,0.0,1
M012367,C173,C099,2,13,1.0,0.06666666666666665,0.02564102564102563,0.050066321543890464,0.023275110852157475,0.0,0.0,2
M012367,C176,C099,2,13,1.0,0.1071428571428571,0.04029304029304029,0.15938147549910442,0.06924153523712356,0.0,0.0,1
M012367,C197,C099,2,13,1.0,0.10714285714285715,0.04395604395604395,0.09669395886784084,0.042415657960523635,0.0,0.0,1
M012367,C198,C099,2,13,1.0,0.10714285714285715,0.045787545787545784,0.10420633977560677,0.03732241216299256,0.0,0.0,0
M012367,C199,C099,2,13,1.0,0.09523809523809523,0.036630036630036625,0.09701628984554743,0.04528024054214856,0.0,0.0,1
M013970,C005,C064,1,24,1.0,0.047826086956521685,0.02291666666666667,0.05819681399957778,0.02174445107862784,0.0,0.0,7
M013970,C006,C064,1,26,1.0,0.050000000000000044,0.02692307692307693,0.038010269100505284,0.016246221145389518,0.15384615384615385,0.0,2
M013970,C014,C064,1,21,1.0,0.05,0.02380952380952382,0.047688682355470996,0.0302247210655996,0.0,0.0,0
M013970,C028,C064,1,24,1.0434782608695652,0.04999999999999999,0.025757575757575757,0.06732784639175572,0.019031101368421507,0.041666666666666664,0.0,1
M013970,C034,C064,1,21,1.0,0.1,0.04285714285714286,0.09801953920081995,0.04070937939466339,0.0,0.0,0
M013970,C035,C064,1,21,1.0,0.09999999999999998,0.04126984126984127,0.14675412650277844,0.06560803225160969,0.0,0.0,0
M013970,C037,C064,1,21,1.0,0.05294117647058827,0.02072829131652661,0.06653527712280762,0.031164144437525867,0.0,0.0,2
M013970,C038,C064,1,21,1.0,0.05294117647058816,0.022128851540616248,0.03379438062891369,0.014584201672245731,0.0,0.0,0
M013970,C045,C064,1,24,1.0434782608695652,0.050000000000000044,0.026515151515151523,0.04900640472878313,0.025489350733314816,0.041666666666666664,0.0,0
M013970,C046,C064,1,21,1.0,0.07500000000000001,0.03214285714285715,0.12195857491616245,0.046828403540733116,0.0,0.0,1
M013970,C056,C064,1,29,1.0,0.050000000000000044,0.018226600985221674,0.06235089841411127,0.021803791853164792,0.034482758620689655,0.0,0
M013970,C061,C064,1,21,1.0,0.06153846153846154,0.02600732600732602,0.07455004684062486,0.03411366124629307,0.0,0.0,0
M013970,C092,C064,1,21,1.0,0.06666666666666671,0.030158730158730156,0.1015485616955527,0.05478148351822169,0.14285714285714285,0.0,0
M013970,C093,C064,1,21,1.0,0.05714285714285716,0.023809523809523808,0.08951403970072705,0.032125592264222486,0.0,0.0,0
M013970,C104,C064,1,28,1.0,0.048148148148148134,0.022156084656084644,0.04699061731025051,0.015104602176715396,0.0,0.0,1
M013970,C105,C064,1,21,1.0,0.06818181818181818,0.02813852813852814,0.04287796148780616,0.021427217023847984,0.0,0.0,0
M013970,C140,C064,1,21,1.0,0.07500000000000001,0.03333333333333334,0.0842338646959767,0.03351808443843717,0.0,0.0,0
M013970,C165,C064,1,30,1.0,0.0482758620689655,0.022356321839080463,0.04522019191610972,0.0167332268767274,0.0,0.5,2
M013970,C166,C064,1,30,1.0,0.0482758620689655,0.022298850574712648,0.0602935892214796,0.026053845101397206,0.0,0.0,0
M013970,C167,C064,1,30,1.0,0.0482758620689655,0.02224137931034482,0.06029358922147958,0.03175814244628265,0.0,0.0,0
M013970,C177,C064,1,25,1.0,0.050000000000000044,0.022666666666666675,0.05690510650699172,0.02871560531929764,0.08,0.5,2
M013970,C182,C064,1,22,1.0,0.04761904761904767,0.02272727272727274,0.04043160549752794,0.019636411528198176,0.0,0.0,0
M013970,C191,C064,1,58,1.0,0.0491228070175439,0.023578342407743508,0.07927984613006413,0.04712283624316495,0.0,0.5,4
M013970,C193,C064,1,21,1.0,0.050000000000000044,0.023809523809523808,0.061699842263602554,0.026801445368356634,0.0,0.0,0
M013970,C194,C064,1,27,1.0384615384615385,0.05000000000000002,0.02333333333333333,0.05313811768649354,0.022647831669068735,0.1111111111111111,0.0,0
M013970,C216,C064,1,31,1.0,0.050000000000000044,0.027956989247311843,0.07573561093683481,0.03863560089721232,0.25806451612903225,0.0,4
M013970,C007,C009,2,21,1.0,0.07777777777777783,0.03174603174603176,0.0881554933506982,0.03002000702907743,0.0,0.0,1
M013970,C010,C009,2,11,1.1,0.11111111111111116,0.09090909090909091,0.1024684269248186,0.08159377937047113,0.8181818181818182,0.0,0
M013970,C015,C009,2,34,1.0,0.07070707070707072,0.030303030303030304,0.1289749607135204,0.05938584303082364,0.08823529411764706,0.3333333333333333,3
M013970,C018,C009,2,10,1.0,0.08333333333333337,0.03333333333333334,0.06136951831803071,0.031890881644026495,0.0,0.0,0
M013970,C019,C009,2,10,1.0,0.11111111111111116,0.05000000000000001,0.07778415767663521,0.03933988233122214,0.0,0.0,0
M013970,C036,C009,2,10,1.0,0.11111111111111116,0.04444444444444444,0.08322495990014037,0.0390630240674595,0.0,0.0,1
M013970,C063,C009,2,21,1.0,0.07777777777777783,0.02962962962962963,0.0804731369156252,0.036031236245023655,0.0,0.0,0
M013970,C095,C009,2,35,1.0,0.06862745098039214,0.028851540616246497,0.12343559211518454,0.059118840548325134,0.0,0.0,0
M013970,C103,C009,2,28,1.0,0.07407407407407413,0.03571428571428571,0.13272851379833062,0.07074730397514302,0.32142857142857145,0.0,0
M013970,C109,C009,2,22,1.0,0.07936507936507942,0.03174603174603175,0.09320762729971402,0.03914036389197439,0.09090909090909091,0.0,0
M013970,C110,C009,2,22,1.0,0.07936507936507942,0.03463203463203463,0.08120310739551889,0.031734443553402165,0.13636363636363635,0.0,1
M013970,C118,C009,2,39,1.0,0.06725146198830412,0.02901484480431849,0.1280137769265597,0.050313029953073705,0.0,0.0,2
M013970,C153,C009,2,18,1.0,0.08496732026143794,0.03558460421205519,0.09172805455023121,0.0364132391822628,0.05555555555555555,0.0,0
M013970,C154,C009,2,18,1.0,0.08496732026143794,0.03522149600580974,0.068860650929996,0.02924292804885452,0.05555555555555555,0.0,1
M013970,C172,C009,2,25,1.0,0.06944444444444448,0.028888888888888884,0.08367284565364988,0.03260364349830572,0.0,0.0,0
M013970,C178,C009,2,21,1.0,0.07777777777777778,0.02962962962962963,0.18141412487612352,0.08985128573604552,0.0,0.0,1
M013970,C186,C009,2,43,1.0,0.06349206349206349,0.02787006275378369,0.1181829060888505,0.04681108711688847,0.0,0.2857142857142857,7
M013970,C008,C181,3,21,1.0,0.1,0.047619047619047616,0.14480236345043243,0.05527860217032254,0.0,0.0,3
M013970,C016,C181,3,34,1.0,0.1090909090909091,0.049376114081996436,0.22093999595590236,0.08088943940735371,0.0,0.0,3
M013970,C017,C181,3,34,1.0,0.11515151515151512,0.0500891265597148,0.22093999595590236,0.09088630830921227,0.029411764705882353,0.0,0
M013970,C025,C181,3,13,1.0,0.13333333333333341,0.05384615384615386,0.18348198985397085,0.07993019815102334,0.0,0.0,0
M013970,C029,C181,3,23,1.0,0.11818181818181817,0.05019762845849801,0.16496569664691155,0.06213240906007591,0.0,0.0,3
M013970,C030,C181,3,21,1.0,0.10000000000000009,0.047619047619047616,0.19576503719114985,0.0856186526922936,0.0,0.0,0
M013970,C031,C181,3,21,1.0,0.10000000000000009,0.047619047619047616,0.19576503719114985,0.08561865269229359,0.0,0.5,4
M013970,C044,C181,3,23,1.0,0.1090909090909091,0.04940711462450592,0.20429028814880354,0.06948865127923193,0.0,0.0,1
M013970,C047,C181,3,9,1.0,0.125,0.05555555555555555,0.07385123376545272,0.04034444338446794,0.0,0.0,4
M013970,C050,C181,3,7,1.0,0.16666666666666663,0.07142857142857144,0.055223402259333504,0.030322523071375094,0.0,0.0,1
M013970,C051,C181,3,7,1.0,0.16666666666666666,0.07142857142857141,0.14785741042786232,0.09141213258178735,0.0,0.0,2
M013970,C052,C181,3,7,1.0,0.16666666666666666,0.07142857142857141,0.14785741042786232,0.0914121325817874,0.0,0.0,1
M013970,C053,C181,3,7,1.0,0.16666666666666663,0.07142857142857144,0.05522340225933379,0.030322523071375142,0.0,0.0,0
M013970,C055,C181,3,30,1.0,0.11724137931034484,0.05034482758620688,0.17069763637498886,0.06227824486271469,0.03333333333333333,0.0,1
M013970,C057,C181,3,29,1.0,0.11428571428571432,0.049753694581280795,0.19880860283059848,0.08244791640634706,0.0,0.0,0
M013970,C062,C181,3,14,1.0,0.1384615384615384,0.056043956043956046,0.19186079582594137,0.08137900863571293,0.07142857142857142,0.0,0
M013970,C065,C181,3,21,1.0,0.10000000000000009,0.047619047619047616,0.19203868696660778,0.07629847028714638,0.0,0.0,1
M013970,C086,C181,3,20,1.0,0.12631578947368421,0.052105263157894745,0.18487762565673513,0.0793388512793031,0.05,0.0,0
M013970,C087,C181,3,20,1.0,0.12631578947368421,0.052105263157894745,0.18487762565673513,0.0793388512793031,0.05,0.5,2
M013970,C091,C181,3,13,1.0,0.1333333333333333,0.053846153846153835,0.13993672518302136,0.05036759334891582,0.0,0.0,2
M013970,C099,C181,3,30,1.0,0.11724137931034484,0.05034482758620688,0.1707221628583065,0.062319939884354685,0.03333333333333333,0.0,1
M013970,C100,C181,3,30,1.0,0.11724137931034484,0.05034482758620688,0.1707221628583065,0.062319939884354685,0.03333333333333333,0.0,1
M013970,C106,C181,3,12,1.0,0.14545454545454545,0.059090909090909104,0.1650305119917131,0.07718800915847969,0.08333333333333333,0.0,0
M013970,C125,C181,3,11,1.0,0.1,0.04545454545454544,0.07789494159489346,0.04184174078941032,0.0,0.0,0
M013970,C129,C181,3,8,1.0,0.17142857142857137,0.06785714285714284,0.17286782663003547,0.08189313850188396,0.125,0.0,0
M013970,C130,C181,3,8,1.0,0.17142857142857143,0.07500000000000001,0.13362057282652504,0.0514581472997739,0.125,0.0,0
M013970,C138,C181,3,9,1.0,0.15000000000000002,0.061111111111111116,0.10899494129471113,0.043513873254051504,0.0,0.3333333333333333,3
M013970,C139,C181,3,9,1.0,0.125,0.05000000000000001,0.11637135202560168,0.056920990910875956,0.0,0.0,0
M013970,C141,C181,3,19,1.0,0.11111111111111116,0.0497076023391813,0.14158277444180392,0.06245479990966971,0.0,0.0,1
M013970,C150,C181,3,7,1.0,0.16666666666666663,0.07142857142857144,0.06189718693361177,0.034326793875941904,0.0,0.0,0
M013970,C151,C181,3,7,1.0,0.09999999999999998,0.042857142857142864,0.10804958439798462,0.046787729325209956,0.0,0.0,1
M013970,C152,C181,3,7,1.0,0.16666666666666663,0.07142857142857144,0.06189718693361149,0.03432679387594182,0.0,0.0,0
M013970,C173,C181,3,25,1.0,0.11666666666666668,0.04933333333333333,0.21862953446720523,0.08134569096286269,0.0,0.5,2
M013970,C174,C181,3,18,1.0,0.12941176470588234,0.054901960784313725,0.11221642235618183,0.047146516449242344,0.05555555555555555,0.0,1
M013970,C175,C181,3,18,1.0,0.12941176470588234,0.0542483660130719,0.1122164223561819,0.048731620261664235,0.05555555555555555,0.0,1
M013970,C176,C181,3,18,1.0,0.12941176470588234,0.052941176470588235,0.11221642235618183,0.047015255924535385,0.05555555555555555,0.4,5
M013970,C179,C181,3,7,1.1666666666666667,0.20000000000000007,0.14285714285714285,0.16994677133159589,0.11857903266691479,0.7142857142857143,0.0,0
M013970,C180,C181,3,6,1.0,0.0,0.0,7.115596660469592e-17,2.371865553489864e-17,0.0,0.0,0
M013970,C183,C181,3,22,1.0,0.12380952380952381,0.05281385281385282,0.17899671262689307,0.06474379600191434,0.045454545454545456,0.0,1
M013970,C192,C181,3,16,1.0,0.13333333333333341,0.06250000000000001,0.2104737177336679,0.09976430507046385,0.3125,0.0,1
M013970,C195,C181,3,26,1.0,0.12000000000000001,0.05384615384615384,0.2199722513989773,0.06693578787300294,0.19230769230769232,0.0,1
M013970,C197,C181,3,20,1.0,0.12631578947368416,0.051578947368421044,0.18298926000779067,0.057838640490418994,0.05,0.0,3
M013970,C198,C181,3,20,1.0,0.12631578947368416,0.05210526315789473,0.13068783245599025,0.04934130192383917,0.05,0.0,3
M013970,C199,C181,3,20,1.0,0.12631578947368416,0.05210526315789473,0.13068783245599033,0.049341301923839204,0.05,0.0,3
M013970,C202,C181,3,7,1.1666666666666667,0.20000000000000007,0.14285714285714285,0.17781858475261073,0.12195266699020682,0.7142857142857143,0.0,1
M014608,C005,C179,1,24,1.0,0.12173913043478257,0.051086956521739134,0.14393514541656655,0.057928956507826194,0.041666666666666664,0.42857142857142855,7
M014608,C006,C179,1,26,1.0,0.12000000000000001,0.05384615384615384,0.22231850431521682,0.09707068835763806,0.19230769230769232,0.5,2
M014608,C008,C179,1,21,1.0,0.1,0.047619047619047616,0.14480236345043265,0.05527860217032254,0.0,0.0,3
M014608,C014,C179,1,20,1.0,0.12631578947368421,0.052105263157894745,0.18724987833643694,0.08550670824652738,0.05,0.0,0
M014608,C016,C179,1,34,1.0,0.11515151515151512,0.05062388591800356,0.22093999595590255,0.07421068225595841,0.029411764705882353,0.0,3
M014608,C017,C179,1,34,1.0,0.11515151515151512,0.04955436720142603,0.19120160927908014,0.06938736200194057,0.029411764705882353,0.0,0
M014608,C025,C179,1,13,1.0,0.1333333333333333,0.053846153846153835,0.1052762134493605,0.047085460978039256,0.0,0.0,0
M014608,C028,C179,1,23,1.0,0.11818181818181828,0.04940711462450592,0.16496569664691163,0.08096599354518476,0.0,0.0,1
M014608,C029,C179,1,23,1.0,0.11818181818181817,0.05019762845849801,0.16496569664691177,0.062132409060075944,0.0,0.0,3
M014608,C030,C179,1,21,1.0,0.10000000000000009,0.047619047619047616,0.19576503719115007,0.08447074218378033,0.0,0.0,0
M014608,C031,C179,1,21,1.0,0.10000000000000009,0.047619047619047616,0.19576503719115007,0.08447074218378034,0.0,0.5,4
M014608,C034,C179,1,7,1.0,0.16666666666666663,0.07142857142857144,0.11617305340191254,0.06511532241151911,0.0,0.0,0
M014608,C035,C179,1,7,1.0,0.16666666666666663,0.07142857142857144,0.11617305340191254,0.06511532241151911,0.0,0.0,0
M014608,C037,C179,1,18,1.0,0.12941176470588234,0.054901960784313725,0.1571003650677844,0.062282978754696496,0.05555555555555555,0.0,2
M014608,C038,C179,1,18,1.0,0.12941176470588234,0.052941176470588235,0.16352356819969044,0.07101077681401786,0.05555555555555555,0.0,0
M014608,C044,C179,1,23,1.0,0.11818181818181817,0.0509881422924901,0.20429028814880376,0.06398793392062728,0.0,0.0,1
M014608,C045,C179,1,23,1.0,0.11818181818181828,0.05019762845849803,0.20429028814880384,0.07553977666300712,0.0,0.0,0
M014608,C046,C179,1,9,1.0,0.125,0.05555555555555555,0.0960955375661436,0.04281603269565578,0.0,0.0,1
M014608,C047,C179,1,9,1.0,0.15000000000000002,0.061111111111111116,0.13738108153795303,0.05399938648659021,0.0,0.0,4
M014608,C050,C179,1,7,1.0,0.16666666666666666,0.07142857142857141,0.14785741042786232,0.09141213258178735,0.0,0.0,1
M014608,C051,C179,1,7,1.0,0.16666666666666666,0.07142857142857141,0.14785741042786232,0.09141213258178728,0.0,0.0,2
M014608,C052,C179,1,7,1.0,0.16666666666666666,0.07142857142857141,0.14785741042786232,0.09141213258178735,0.0,0.0,1
M014608,C053,C179,1,7,1.0,0.16666666666666666,0.07142857142857141,0.14785741042786235,0.09141213258178728,0.0,0.0,0
M014608,C055,C179,1,30,1.0,0.11724137931034484,0.05034482758620688,0.17069763637498905,0.06227824486271475,0.03333333333333333,0.0,1
M014608,C056,C179,1,29,1.0,0.11428571428571432,0.049753694581280795,0.1988086028305987,0.08244791640634712,0.0,0.0,0
M014608,C057,C179,1,29,1.0,0.11428571428571432,0.049261083743842374,0.1988086028305987,0.08190896334309662,0.0,0.0,0
M014608,C061,C179,1,14,1.0,0.1384615384615384,0.05274725274725275,0.1616724713960066,0.06923995354059893,0.07142857142857142,0.0,0
M014608,C062,C179,1,14,1.0,0.09230769230769231,0.046153846153846156,0.13975844690166125,0.05476912174972231,0.0,0.0,0
M014608,C064,C179,1,21,1.0,0.10000000000000009,0.047619047619047616,0.19203868696660797,0.07629847028714647,0.0,0.0,0
M014608,C065,C179,1,21,1.0,0.10000000000000003,0.047619047619047616,0.19203868696660797,0.07497094316715747,0.0,0.0,1
M014608,C086,C179,1,20,1.0,0.12631578947368421,0.05,0.18487762565673535,0.07572642282074,0.05,0.0,0
M014608,C087,C179,1,20,1.0,0.12631578947368421,0.052105263157894745,0.18487762565673535,0.0793388512793032,0.05,0.5,2
M014608,C091,C179,1,13,1.0,0.1333333333333333,0.053846153846153835,0.13993672518302136,0.050367593348915836,0.0,0.0,2
M014608,C092,C179,1,13,1.0,0.13333333333333341,0.05384615384615386,0.17494844568969198,0.061550256874114626,0.0,0.0,0
M014608,C093,C179,1,15,1.0,0.1285714285714286,0.05238095238095238,0.19722304697375057,0.07016452636058086,0.0,0.0,0
M014608,C099,C179,1,30,1.0,0.11724137931034484,0.05034482758620688,0.17072216285830671,0.06231993988435474,0.03333333333333333,0.0,1
M014608,C100,C179,1,30,1.0,0.11724137931034484,0.05034482758620688,0.17072216285830671,0.06231993988435474,0.03333333333333333,0.0,1
M014608,C104,C179,1,28,1.0,0.11851851851851852,0.05105820105820106,0.17432870496724223,0.07659101137179646,0.03571428571428571,0.0,1
M014608,C105,C179,1,12,1.0,0.14545454545454545,0.059090909090909104,0.1650305119917133,0.0771880091584797,0.08333333333333333,0.0,0
M014608,C106,C179,1,12,1.0,0.14545454545454545,0.06060606060606061,0.1650305119917133,0.0833346325525038,0.08333333333333333,0.0,0
M014608,C125,C179,1,11,1.0,0.1,0.04545454545454544,0.07789494159489346,0.04184174078941032,0.0,0.0,0
M014608,C129,C179,1,8,1.0,0.17142857142857137,0.07499999999999998,0.17286782663003553,0.08262340232649378,0.125,0.0,0
M014608,C130,C179,1,8,1.0,0.17142857142857143,0.06785714285714287,0.13946268342340418,0.07281158887561626,0.125,0.0,0
M014608,C138,C179,1,9,1.0,0.15000000000000002,0.061111111111111116,0.10899494129471084,0.043513873254051524,0.0,0.3333333333333333,3
M014608,C139,C179,1,9,1.0,0.125,0.05555555555555555,0.09853482671874834,0.04337613979156823,0.0,0.0,0
M014608,C140,C179,1,9,1.0,0.15000000000000002,0.061111111111111116,0.17179087401431867,0.07580396550327564,0.0,0.0,0
M014608,C141,C179,1,19,1.0,0.12222222222222223,0.05087719298245613,0.13309729637558218,0.05426496576704021,0.0,0.0,1
M014608,C150,C179,1,7,1.0,0.16666666666666666,0.07142857142857141,0.14518789655815129,0.087789220901465,0.0,0.0,0
M014608,C151,C179,1,7,1.0,0.16666666666666666,0.07142857142857141,0.1451878965581513,0.08778922090146508,0.0,0.0,1
M014608,C152,C179,1,7,1.0,0.16666666666666666,0.07142857142857141,0.1451878965581513,0.08778922090146508,0.0,0.0,0
M014608,C165,C179,1,30,1.0,0.11724137931034478,0.05034482758620688,0.20304732428922623,0.08310112328921228,0.03333333333333333,0.0,2
M014608,C166,C179,1,30,1.0,0.11724137931034478,0.05034482758620688,0.2030473242892262,0.08310112328921228,0.03333333333333333,0.0,0
M014608,C167,C179,1,30,1.0,0.11724137931034478,0.05034482758620688,0.20304732428922614,0.08310112328921222,0.03333333333333333,0.0,0
M014608,C173,C179,1,25,1.0,0.11666666666666659,0.05,0.17820819840187652,0.0664127039932792,0.0,0.5,2
M014608,C174,C179,1,18,1.0,0.12941176470588234,0.052941176470588235,0.11221642235618183,0.04701525592453541,0.05555555555555555,0.0,1
M014608,C175,C179,1,18,1.0,0.12941176470588234,0.052941176470588235,0.1122164223561819,0.047015255924535405,0.05555555555555555,0.0,1
M014608,C176,C179,1,18,1.0,0.12941176470588234,0.052941176470588235,0.11221642235618183,0.047015255924535385,0.05555555555555555,0.4,5
M014608,C177,C179,1,25,1.0,0.11666666666666668,0.05000000000000001,0.2164265897553187,0.0827856305647126,0.0,0.5,2
M014608,C180,C179,1,7,1.1666666666666667,0.20000000000000007,0.1142857142857143,0.16994677133159583,0.0971124407609119,0.5714285714285714,0.0,0
M014608,C181,C179,1,7,1.1666666666666667,0.20000000000000007,0.14285714285714285,0.16994677133159589,0.11857903266691479,0.7142857142857143,0.0,0
M014608,C182,C179,1,22,1.0,0.12380952380952381,0.05151515151515152,0.1981034277912372,0.08071554677400773,0.045454545454545456,0.0,0
M014608,C183,C179,1,22,1.0,0.12380952380952381,0.051515151515151514,0.15084005616725227,0.05701894275956909,0.045454545454545456,0.0,1
M014608,C191,C179,1,58,1.0,0.10877192982456141,0.049667271627344224,0.21846530234329606,0.09190862656955631,0.017241379310344827,0.5,4
M014608,C192,C179,1,16,1.0,0.13333333333333333,0.062499999999999986,0.12091483031345042,0.05000224417169183,0.3125,0.0,1
M014608,C193,C179,1,16,1.0,0.13333333333333341,0.06250000000000001,0.21047371773366813,0.09640760446794898,0.3125,0.0,0
M014608,C194,C179,1,26,1.0,0.12000000000000001,0.05384615384615384,0.21997225139897755,0.08861816182605817,0.19230769230769232,0.0,0
M014608,C195,C179,1,26,1.0,0.12,0.05384615384615384,0.14002472388950105,0.053862959309034064,0.19230769230769232,0.0,1
M014608,C197,C179,1,20,1.0,0.12631578947368416,0.05210526315789473,0.13068783245599047,0.04934130192383922,0.05,0.0,3
M014608,C198,C179,1,20,1.0,0.12631578947368416,0.05210526315789473,0.13068783245599047,0.049341301923839176,0.05,0.0,3
M014608,C199,C179,1,20,1.0,0.12631578947368416,0.05210526315789473,0.13068783245599055,0.04934130192383921,0.05,0.0,3
M014608,C202,C179,1,7,1.1666666666666667,0.20000000000000007,0.14285714285714285,0.17781858475261045,0.12195266699020678,0.7142857142857143,0.0,1
M014608,C216,C179,1,31,1.0,0.10000000000000009,0.04838709677419355,0.21028924821865624,0.08936551804424787,0.0,0.25,4
M014608,C007,C009,2,21,1.0,0.07777777777777783,0.03174603174603176,0.0881554933506982,0.03002000702907743,0.0,0.0,1
M014608,C010,C009,2,11,1.1,0.11111111111111116,0.09090909090909091,0.1024684269248186,0.08159377937047113,0.8181818181818182,0.0,0
M014608,C015,C009,2,34,1.0,0.07070707070707072,0.030303030303030304,0.1289749607135204,0.05938584303082364,0.08823529411764706,0.3333333333333333,3
M014608,C018,C009,2,10,1.0,0.08333333333333337,0.03333333333333334,0.06136951831803071,0.031890881644026495,0.0,0.0,0
M014608,C019,C009,2,10,1.0,0.11111111111111116,0.05000000000000001,0.07778415767663521,0.03933988233122214,0.0,0.0,0
M014608,C036,C009,2,10,1.0,0.11111111111111116,0.04444444444444444,0.08322495990014037,0.0390630240674595,0.0,0.0,1
M014608,C063,C009,2,21,1.0,0.07777777777777783,0.02962962962962963,0.0804731369156252,0.036031236245023655,0.0,0.0,0
M014608,C095,C009,2,35,1.0,0.06862745098039214,0.028851540616246497,0.12343559211518454,0.059118840548325134,0.0,0.0,0
M014608,C103,C009,2,28,1.0,0.07407407407407413,0.03571428571428571,0.13272851379833062,0.07074730397514302,0.32142857142857145,0.0,0
M014608,C109,C009,2,22,1.0,0.07936507936507942,0.03174603174603175,0.09320762729971402,0.03914036389197439,0.09090909090909091,0.0,0
M014608,C110,C009,2,22,1.0,0.07936507936507942,0.03463203463203463,0.08120310739551889,0.031734443553402165,0.13636363636363635,0.0,1
M014608,C118,C009,2,39,1.0,0.06725146198830412,0.02901484480431849,0.1280137769265597,0.050313029953073705,0.0,0.0,2
M014608,C153,C009,2,18,1.0,0.08496732026143794,0.03558460421205519,0.09172805455023121,0.0364132391822628,0.05555555555555555,0.0,0
M014608,C154,C009,2,18,1.0,0.08496732026143794,0.03522149600580974,0.068860650929996,0.02924292804885452,0.05555555555555555,0.0,1
M014608,C172,C009,2,25,1.0,0.06944444444444448,0.028888888888888884,0.08367284565364988,0.03260364349830572,0.0,0.0,0
M014608,C178,C009,2,21,1.0,0.07777777777777778,0.02962962962962963,0.18141412487612352,0.08985128573604552,0.0,0.0,1
M014608,C186,C009,2,43,1.0,0.06349206349206349,0.02787006275378369,0.1181829060888505,0.04681108711688847,0.0,0.2857142857142857,7
M014914,C005,C057,1,29,1.0,0.037267080745341685,0.014135789248233025,0.09406513686335725,0.042718445802999036,0.0,0.0,7
M014914,C006,C057,1,31,1.0689655172413792,0.03571428571428571,0.017557603686635934,0.0352457040332634,0.016451467756537892,0.0,0.0,2
M014914,C007,C057,1,29,1.0,0.04285714285714293,0.016995073891625623,0.044902227306898405,0.015780964811327416,0.06896551724137931,0.0,1
M014914,C008,C057,1,29,1.0,0.035714285714285726,0.014532019704433496,0.04573812411210069,0.017720523135061377,0.0,0.0,3
M014914,C009,C057,1,29,1.0,0.07142857142857142,0.029556650246305417,0.0957778710255646,0.03912362845528315,0.0,0.0,0
M014914,C010,C057,1,29,1.0,0.07142857142857142,0.028461959496442257,0.0957778710255646,0.04089764544994521,0.0,0.0,0
M014914,C014,C057,1,29,1.0,0.043233082706766957,0.01594503500129635,0.046829959452310076,0.01730689011703313,0.0,0.0,0
M014914,C016,C057,1,34,1.0,0.032467532467532534,0.012127578304048895,0.03250750215870371,0.011248867694799403,0.0,0.0,3
M014914,C017,C057,1,34,1.0,0.031385281385281294,0.012605042016806718,0.04011449571022239,0.016049137653717203,0.0,0.0,0
M014914,C018,C057,1,29,1.0,0.07142857142857145,0.033866995073891626,0.12207909316186352,0.04416599614653991,0.0,0.0,0
M014914,C019,C057,1,29,1.0,0.07142857142857145,0.03201970443349754,0.12207909316186338,0.04294770802140313,0.0,0.0,0
M014914,C025,C057,1,29,1.0,0.059523809523809534,0.02627257799671593,0.08586908289292437,0.03214408519894615,0.10344827586206896,0.0,0
M014914,C028,C057,1,29,1.0,0.038961038961038974,0.015002239140170166,0.05087360537637694,0.01841410301036858,0.0,0.0,1
M014914,C029,C057,1,29,1.0,0.03896103896103886,0.015226153157187634,0.05087360537637694,0.017724564981318247,0.0,0.0,3
M014914,C030,C057,1,29,1.0,0.04285714285714293,0.018226600985221674,0.04559660715930331,0.019201049759964343,0.10344827586206896,0.0,0
M014914,C031,C057,1,29,1.0,0.04285714285714293,0.01798029556650246,0.0522810760796053,0.02069291645051986,0.10344827586206896,0.0,4
M014914,C034,C057,1,29,1.0,0.09523809523809523,0.041871921182266014,0.1887952773249175,0.07189025263639037,0.0,0.0,0
M014914,C035,C057,1,29,1.0,0.09523809523809523,0.04105090311986864,0.1887952773249175,0.06609286531771431,0.0,0.0,0
M014914,C036,C057,1,29,1.0,0.09523809523809523,0.042692939244663386,0.18879527732491733,0.07160126509819206,0.0,0.0,1
M014914,C037,C057,1,29,1.0,0.04621848739495804,0.01767603593161403,0.07057006926181661,0.03084528031545265,0.0,0.0,2
M014914,C038,C057,1,29,1.0,0.04621848739495804,0.0173862648507679,0.07059766860733654,0.02962950668492203,0.0,0.0,0
M014914,C044,C057,1,29,1.0,0.03896103896103886,0.014778325123152707,0.03971939951992435,0.013154082016034406,0.0,0.0,1
M014914,C045,C057,1,29,1.0,0.03896103896103886,0.012987012987012984,0.03868587876349531,0.014520569028850782,0.0,0.0,0
M014914,C046,C057,1,29,1.0,0.07142857142857145,0.03263546798029557,0.1385875189072539,0.05546797167561122,0.0,0.0,1
M014914,C047,C057,1,29,1.0,0.07142857142857145,0.03201970443349754,0.13858751890725418,0.05271264151544569,0.0,0.0,4
M014914,C050,C057,1,29,1.0,0.09523809523809523,0.042692939244663386,0.21199047688501324,0.10506186095185761,0.0,0.0,1
M014914,C051,C057,1,29,1.0,0.08333333333333337,0.04022988505747126,0.19453639297400074,0.09570956001951848,0.0,0.0,2
M014914,C052,C057,1,29,1.0,0.09523809523809523,0.042692939244663386,0.21199047688501324,0.099582478507729,0.0,0.0,1
M014914,C053,C057,1,29,1.0,0.09523809523809523,0.04351395730706075,0.21199047688501327,0.1050618609518576,0.0,0.0,0
M014914,C055,C057,1,32,1.0666666666666667,0.034482758620689655,0.01781865763546798,0.04009750361421712,0.020252468601067452,0.0,0.0,1
M014914,C056,C057,1,31,1.0689655172413792,0.03571428571428581,0.03110599078341014,0.03527123495814847,0.029982500970442038,0.8709677419354839,0.0,0
M014914,C061,C057,1,29,1.0,0.05494505494505497,0.023114816218264493,0.08443808392561124,0.027965065792955383,0.0,0.0,0
M014914,C062,C057,1,29,1.0,0.05219780219780221,0.02197802197802198,0.08443808392561113,0.031148003783486488,0.0,0.0,0
M014914,C063,C057,1,29,1.0,0.04285714285714293,0.0165024630541872,0.05605486776285211,0.021831800389016987,0.06896551724137931,0.0,0
M014914,C064,C057,1,29,1.0,0.04285714285714287,0.01600985221674876,0.048811066686129695,0.016728683886177948,0.034482758620689655,0.0,0
M014914,C065,C057,1,29,1.0,0.04285714285714293,0.017733990147783242,0.05605486776285218,0.022465010371641884,0.06896551724137931,0.0,1
M014914,C086,C057,1,29,1.0,0.043233082706766957,0.016722841586725445,0.04920221213201168,0.019957666781940896,0.0,0.0,0
M014914,C087,C057,1,29,1.0,0.043233082706766957,0.017500648172154534,0.04673245192853786,0.014996863048470203,0.0,0.0,2
M014914,C091,C057,1,29,1.0,0.059523809523809534,0.02504105090311987,0.10685170638086858,0.039475016578059546,0.10344827586206896,0.0,2
M014914,C092,C057,1,29,1.0,0.059523809523809534,0.025041050903119873,0.10737070713408016,0.04267508439343021,0.10344827586206896,0.0,0
M014914,C093,C057,1,29,1.0,0.03571428571428581,0.017241379310344834,0.08084858298580982,0.035067479089887374,0.0,0.0,0
M014914,C099,C057,1,31,1.0333333333333334,0.034482758620689655,0.020101700301922782,0.04023485192079599,0.016805378636204772,0.0,0.0,1
M014914,C100,C057,1,32,1.0666666666666667,0.034482758620689655,0.0212823275862069,0.04023485192079599,0.021452353912608337,0.0,0.0,1
M014914,C104,C057,1,30,1.0344827586206897,0.03571428571428571,0.019708994708994714,0.03443829989064379,0.020256111138065788,0.0,0.0,1
M014914,C105,C057,1,29,1.0,0.05844155844155843,0.023287057769816384,0.10282741663591911,0.039170397233587284,0.0,0.0,0
M014914,C106,C057,1,29,1.0,0.05844155844155843,0.025750111957008503,0.10432056075518212,0.038504641445173494,0.0,0.0,0
M014914,C109,C057,1,29,1.0,0.03571428571428581,0.016420361247947452,0.053270477926771656,0.02371843412279661,0.0,0.0,0
M014914,C110,C057,1,29,1.0,0.03571428571428581,0.016420361247947463,0.050929666183306625,0.017400518563659807,0.0,0.0,1
M014914,C125,C057,1,29,1.0,0.06428571428571428,0.02660098522167487,0.09979931441936586,0.034131282482770905,0.0,0.0,0
M014914,C129,C057,1,29,1.0,0.07142857142857151,0.03448275862068966,0.1672695513754843,0.07272698569354381,0.0,0.0,0
M014914,C130,C057,1,29,1.0,0.07142857142857151,0.034482758620689655,0.1672695513754843,0.07425142028406959,0.0,0.0,0
M014914,C138,C057,1,29,1.0,0.07142857142857142,0.03078817733990148,0.12642203023157908,0.04689596727399184,0.0,0.0,3
M014914,C139,C057,1,29,1.0,0.0714285714285714,0.031403940886699504,0.11955258844586768,0.04151123328076448,0.0,0.0,0
M014914,C140,C057,1,29,1.0,0.0714285714285714,0.030172413793103453,0.11955258844586768,0.04301034152708989,0.0,0.0,0
M014914,C141,C057,1,29,1.0,0.043650793650793634,0.015873015873015876,0.05747474569339963,0.019009380520947486,0.0,0.0,1
M014914,C150,C057,1,29,1.0,0.09523809523809523,0.041871921182266014,0.2093209630153022,0.09677043674826308,0.0,0.0,0
M014914,C151,C057,1,29,1.0,0.08333333333333337,0.04022988505747126,0.19053212216943405,0.09133708040533649,0.0,0.0,1
M014914,C152,C057,1,29,1.0,0.09523809523809523,0.041871921182266,0.19053212216943405,0.08449829937519499,0.0,0.0,0
M014914,C153,C057,1,29,1.0,0.04411764705882354,0.018835120254998557,0.0665517916672654,0.030095352511511513,0.0,0.0,0
M014914,C154,C057,1,29,1.0,0.04411764705882354,0.018255578093306288,0.06655179166726546,0.025183208378304022,0.0,0.0,1
M014914,C165,C057,1,31,1.0333333333333334,0.03325123152709364,0.02113459399332592,0.03209219386417772,0.019913892187781636,0.0,0.0,2
M014914,C166,C057,1,32,1.0666666666666667,0.03325123152709364,0.01666410098522168,0.032092193864177686,0.01619763341851334,0.0,0.0,0
M014914,C167,C057,1,31,1.0333333333333334,0.0332512315270936,0.012394724296837757,0.032092193864177755,0.013330796820714266,0.0,0.0,0
M014914,C172,C057,1,29,1.0,0.0357142857142857,0.015188834154351395,0.034491762166032995,0.014780861570365074,0.0,0.0,0
M014914,C173,C057,1,30,1.0344827586206897,0.035714285714285726,0.016071428571428577,0.03886239048109804,0.017459309024809258,0.0,0.0,2
M014914,C174,C057,1,29,1.0,0.04621848739495804,0.018255578093306288,0.05456522111091491,0.018820821399725348,0.0,0.0,1
M014914,C175,C057,1,29,1.0,0.04621848739495804,0.019704433497536946,0.06737734205179743,0.02480861020575635,0.0,0.0,1
M014914,C176,C057,1,29,1.0,0.04201680672268904,0.016372066067806425,0.0514000932464159,0.021738600551445487,0.0,0.0,5
M014914,C177,C057,1,30,1.0344827586206897,0.035714285714285726,0.015476190476190477,0.041190912077999506,0.014301115072759924,0.0,0.0,2
M014914,C178,C057,1,29,1.0,0.04285714285714293,0.01674876847290641,0.17036597545347387,0.07210739387737052,0.06896551724137931,0.0,1
M014914,C179,C057,1,29,1.0,0.11428571428571432,0.049261083743842374,0.1988086028305987,0.0773748133232097,0.0,0.0,0
M014914,C180,C057,1,29,1.0,0.1071428571428571,0.04876847290640394,0.19880860283059842,0.07205353289226714,0.0,0.0,0
M014914,C181,C057,1,29,1.0,0.11428571428571432,0.05073891625615764,0.19880860283059848,0.08078829317385976,0.0,0.0,0
M014914,C182,C057,1,29,1.0,0.03571428571428581,0.014778325123152709,0.051494421860153974,0.019508050531804568,0.0,0.0,0
M014914,C183,C057,1,29,1.0,0.03571428571428581,0.015599343185550093,0.03597640999750982,0.012405658619830994,0.0,0.0,1
M014914,C191,C057,1,58,1.0,0.02568922305764415,0.0111701667963011,0.042778111083034226,0.01697648758550241,0.0,0.5,4
M014914,C192,C057,1,29,1.0,0.04761904761904767,0.019376026272578003,0.07081836016523674,0.020982011878565448,0.0,0.0,1
M014914,C193,C057,1,29,1.0,0.050000000000000044,0.02118226600985221,0.07081836016523688,0.027167907310602816,0.0,0.0,0
M014914,C194,C057,1,29,1.0,0.03285714285714292,0.012216748768472917,0.04467175458387894,0.01961854878881503,0.0,0.0,0
M014914,C195,C057,1,29,1.0,0.037142857142857144,0.015862068965517236,0.04702074999844958,0.016075608382468725,0.0,0.0,1
M014914,C197,C057,1,29,1.0,0.04135338345864664,0.017500648172154524,0.06085567174954268,0.01809506676406031,0.0,0.0,3
M014914,C198,C057,1,29,1.0,0.043233082706766957,0.018019185895773917,0.062066521520386816,0.01973155050435075,0.0,0.0,3
M014914,C199,C057,1,29,1.0,0.043233082706766957,0.01672284158672544,0.059644821978698255,0.017878760677308838,0.0,0.0,3
M014914,C202,C057,1,29,1.0,0.11428571428571432,0.049261083743842374,0.20195732819900436,0.08008923174424917,0.0,0.0,1
M014914,C216,C057,1,32,1.032258064516129,0.030952380952380953,0.010342261904761917,0.03074247602318256,0.013641164124489758,0.0,0.0,4
M014914,C015,C103,2,34,1.0,0.03030303030303033,0.011586452762923357,0.03173472359731347,0.011230964934793964,0.0,0.3333333333333333,3
M014914,C095,C103,2,35,1.0,0.0326797385620915,0.012231559290382823,0.03103905617954408,0.011518113766714877,0.0,0.0,0
M014914,C118,C103,2,39,1.0,0.02631578947368418,0.010571300044984251,0.034490445077138485,0.015016181385388528,0.0,0.0,2
M014914,C186,C103,2,43,1.0,0.0291005291005291,0.01187400024609327,0.03860406911406169,0.012935467189549094,0.0,0.14285714285714285,7
M015121,C005,C057,1,29,1.0,0.09161490683229814,0.053223388305847066,0.0666220254251201,0.01971584096731468,0.0,0.0,7
M015121,C006,C057,1,30,1.0344827586206897,0.09999999999999998,0.06466666666666666,0.0979600504296491,0.06284054102906905,0.03333333333333333,0.0,2
M015121,C008,C057,1,29,1.0,0.09999999999999998,0.052216748768472904,0.10497780806924302,0.05622654187291283,0.034482758620689655,0.0,3
M015121,C014,C057,1,29,1.0,0.09962406015037595,0.06261343012704175,0.09485004185594637,0.056242620876327906,0.0,0.0,0
M015121,C016,C057,1,36,1.0588235294117647,0.09848484848484848,0.05447330447330448,0.10373955960425253,0.049793690785498154,0.0,0.0,3
M015121,C017,C057,1,38,1.1176470588235294,0.09956709956709958,0.06251424014581909,0.09544297852348198,0.0582016178293622,0.0,0.0,0
M015121,C025,C057,1,29,1.0,0.09523809523809523,0.05090311986863712,0.12880362433938652,0.06607679739022596,0.0,0.0,0
M015121,C028,C057,1,29,1.0,0.09740259740259749,0.036274070756829375,0.10163796465190755,0.040177671059593405,0.0,0.0,1
M015121,C029,C057,1,29,1.0,0.09415584415584419,0.036497984773846845,0.09032058055706298,0.039882154761428965,0.0,0.0,3
M015121,C030,C057,1,30,1.0344827586206897,0.09999999999999998,0.042857142857142864,0.0888038637529883,0.036764692384409096,0.03333333333333333,0.0,0
M015121,C031,C057,1,32,1.103448275862069,0.1,0.05267857142857142,0.0966830079560993,0.050090843252827304,0.0625,0.0,4
M015121,C034,C057,1,29,1.0,0.09523809523809523,0.041871921182266,0.15352404236676914,0.055438412121795955,0.0,0.0,0
M015121,C035,C057,1,29,1.0,0.09523809523809523,0.04105090311986863,0.15352404236676914,0.05472049001345371,0.0,0.0,0
M015121,C037,C057,1,30,1.0344827586206897,0.09243697478991597,0.04943977591036415,0.11759378264842786,0.03878455878120328,0.0,0.0,2
M015121,C038,C057,1,29,1.0,0.09873949579831931,0.0618661257606491,0.07052867024353693,0.036051772112391495,0.0,0.0,0
M015121,C044,C057,1,29,1.0,0.09740259740259749,0.05329153605015674,0.08253936130913596,0.0416903554902574,0.0,0.0,1
M015121,C045,C057,1,29,1.0,0.09740259740259749,0.06112852664576803,0.08595400511448295,0.04917687600981247,0.0,0.0,0
M015121,C046,C057,1,29,1.0,0.0892857142857143,0.03940886699507389,0.16293414918779925,0.05080248367218493,0.0,0.0,1
M015121,C047,C057,1,29,1.0,0.0892857142857143,0.04064039408866996,0.16293414918779955,0.07617645151232759,0.0,0.0,4
M015121,C050,C057,1,29,1.0,0.09523809523809523,0.041871921182266014,0.21199047688501324,0.1121477073519043,0.0,0.0,1
M015121,C051,C057,1,29,1.0,0.08333333333333337,0.04022988505747126,0.19453639297400074,0.10118894246364708,0.0,0.0,2
M015121,C052,C057,1,29,1.0,0.09523809523809523,0.042692939244663386,0.21199047688501324,0.1105412433959862,0.0,0.0,1
M015121,C053,C057,1,29,1.0,0.09523809523809523,0.042692939244663386,0.21199047688501327,0.10666832490777568,0.0,0.0,0
M015121,C055,C057,1,30,1.0,0.028325123152709353,0.011945812807881772,0.025246859054594048,0.009412781643115866,0.0,0.0,1
M015121,C056,C057,1,31,1.0689655172413792,0.07142857142857151,0.05990783410138249,0.0705424699162968,0.05916465218786181,0.0,0.0,0
M015121,C061,C057,1,29,1.0,0.09890109890109894,0.05305039787798408,0.1266571258884167,0.05833359221476696,0.0,0.0,0
M015121,C062,C057,1,29,1.0,0.09890109890109894,0.048882152330428204,0.1266571258884168,0.06821241617500769,0.0,0.0,0
M015121,C064,C057,1,29,1.0,0.1,0.06551724137931034,0.08597784249520445,0.05289866666157589,0.10344827586206896,0.0,0
M015121,C065,C057,1,31,1.0689655172413792,0.09999999999999998,0.04838709677419355,0.11210973552570429,0.054377682592223045,0.03225806451612903,0.0,1
M015121,C086,C057,1,29,1.0,0.09398496240601506,0.038242157116930256,0.0860556232466541,0.032613849907122926,0.0,0.0,0
M015121,C087,C057,1,32,1.103448275862069,0.09586466165413532,0.0571546052631579,0.10739588103093915,0.05275249242450546,0.0,0.0,2
M015121,C091,C057,1,29,1.0,0.09523809523809523,0.04146141215106732,0.14264194209222864,0.060365777425426675,0.0,0.0,2
M015121,C092,C057,1,29,1.0,0.09523809523809525,0.05459770114942528,0.047201313528601796,0.021409522333219664,0.0,0.0,0
M015121,C093,C057,1,29,1.0,0.07142857142857151,0.04679802955665025,0.03923512460026861,0.017683584817112217,0.0,0.0,0
M015121,C099,C057,1,32,1.0666666666666667,0.09975369458128079,0.07046644088669951,0.09575499189424616,0.06560717756221707,0.0,0.0,1
M015121,C100,C057,1,32,1.0666666666666667,0.09975369458128079,0.0726216133004926,0.09575499189424616,0.0663825163854574,0.0,0.0,1
M015121,C104,C057,1,33,1.1379310344827587,0.09126984126984128,0.06309122975789644,0.09498554899688516,0.0652419740321765,0.0,0.0,1
M015121,C105,C057,1,29,1.0,0.09740259740259749,0.04858934169278997,0.05962600097390574,0.024122478844225078,0.0,0.0,0
M015121,C106,C057,1,29,1.0,0.0941558441558441,0.044334975369458136,0.06456989343924505,0.024566412401783873,0.0,0.0,0
M015121,C125,C057,1,29,1.0,0.09999999999999998,0.04334975369458127,0.13507054937751425,0.046273694619113515,0.034482758620689655,0.0,0
M015121,C129,C057,1,29,1.0,0.07142857142857151,0.034482758620689655,0.1672695513754843,0.07895975228837873,0.0,0.0,0
M015121,C130,C057,1,29,1.0,0.07142857142857151,0.034482758620689655,0.15818292796022668,0.0742514202840696,0.0,0.0,0
M015121,C138,C057,1,29,1.0,0.0892857142857143,0.041871921182266014,0.15482382340401607,0.06068502219962247,0.0,0.0,3
M015121,C139,C057,1,29,1.0,0.0892857142857143,0.04064039408866994,0.15482382340401607,0.05995636386141016,0.0,0.0,0
M015121,C140,C057,1,29,1.0,0.0892857142857143,0.039408866995073906,0.08612940554690321,0.03465619194889464,0.0,0.0,0
M015121,C141,C057,1,29,1.0,0.09920634920634921,0.053639846743295014,0.11129517678185759,0.06025099140876018,0.0,0.0,1
M015121,C150,C057,1,29,1.0,0.09523809523809523,0.041871921182266014,0.2093209630153022,0.10763714943411642,0.0,0.0,0
M015121,C151,C057,1,29,1.0,0.09523809523809523,0.04105090311986863,0.19053212216943405,0.08993165571812167,0.0,0.0,1
M015121,C152,C057,1,29,1.0,0.08333333333333337,0.04022988505747126,0.19053212216943405,0.09677043674826315,0.0,0.0,0
M015121,C165,C057,1,32,1.0666666666666667,0.09852216748768472,0.07150554187192118,0.09491511830340475,0.06986634612589598,0.0,0.0,2
M015121,C166,C057,1,32,1.0666666666666667,0.0997536945812808,0.07262161330049262,0.09597479866806181,0.0709685722183381,0.0,0.0,0
M015121,C167,C057,1,32,1.0666666666666667,0.0997536945812808,0.07477678571428571,0.09597479866806166,0.07146012951763474,0.0,0.0,0
M015121,C173,C057,1,30,1.0344827586206897,0.09523809523809523,0.05992063492063493,0.08755171882206919,0.05451799172481989,0.0,0.0,2
M015121,C174,C057,1,29,1.0,0.09663865546218486,0.04505940307157345,0.11244717956921495,0.052458240474830636,0.0,0.0,1
M015121,C175,C057,1,29,1.0,0.09873949579831942,0.048391770501303985,0.11561230743371403,0.06091180441662914,0.0,0.0,1
M015121,C176,C057,1,29,1.0,0.08823529411764708,0.031729933352651396,0.08667132820456419,0.0318545462402023,0.0,0.0,5
M015121,C177,C057,1,29,1.0,0.09523809523809525,0.054597701149425276,0.08816045684101681,0.04859647963940569,0.0,0.0,2
M015121,C179,C057,1,29,1.0,0.11428571428571432,0.049261083743842374,0.1988086028305987,0.08190896334309662,0.0,0.0,0
M015121,C180,C057,1,29,1.0,0.11428571428571432,0.049753694581280795,0.19880860283059842,0.08244791640634702,0.0,0.0,0
M015121,C181,C057,1,29,1.0,0.11428571428571432,0.049753694581280795,0.19880860283059848,0.08244791640634706,0.0,0.0,0
M015121,C182,C057,1,29,1.0,0.09523809523809523,0.06321839080459771,0.08182943154277193,0.05003716081182998,0.0,0.0,0
M015121,C183,C057,1,30,1.0344827586206897,0.09523809523809523,0.05873015873015873,0.1079292299925297,0.0551880279969424,0.0,0.0,1
M015121,C191,C057,1,60,1.0344827586206897,0.09962406015037595,0.07321428571428573,0.11563038903775745,0.08785740540846348,0.0,0.5,4
M015121,C192,C057,1,29,1.0,0.09999999999999998,0.052380952380952375,0.11775471002645467,0.05275939385589255,0.034482758620689655,0.0,1
M015121,C193,C057,1,29,1.0,0.09999999999999998,0.06091954022988507,0.0760991371188913,0.0406267794900004,0.034482758620689655,0.0,0
M015121,C194,C057,1,29,1.0,0.09857142857142857,0.048965517241379306,0.09170611848467565,0.04070573548276117,0.0,0.0,0
M015121,C195,C057,1,29,1.0,0.09857142857142864,0.044334975369458136,0.11286069111815647,0.05342975233182192,0.0,0.0,1
M015121,C197,C057,1,29,1.0,0.09398496240601495,0.04135338345864661,0.11436794907218745,0.04568818484130433,0.0,0.0,3
M015121,C198,C057,1,29,1.0,0.09962406015037595,0.04044594244231267,0.11678964861387581,0.03930870296081315,0.0,0.0,3
M015121,C199,C057,1,29,1.0,0.09962406015037589,0.04420534093855327,0.11800049838472015,0.059959950515040696,0.0,0.0,3
M015121,C202,C057,1,29,1.0,0.11428571428571432,0.049753694581280795,0.20195732819900436,0.08581379524843608,0.0,0.0,1
M015121,C216,C057,1,33,1.064516129032258,0.09999999999999998,0.07265512265512265,0.11276559132753698,0.08123249325652603,0.030303030303030304,0.0,4
M015121,C007,C186,2,44,1.0232558139534884,0.09761904761904766,0.0637987012987013,0.11221760092426768,0.06923249729349125,0.0,0.25,8
M015121,C009,C186,2,43,1.0,0.09523809523809523,0.03894425987449243,0.1496929425065672,0.05683569570437098,0.0,0.42857142857142855,7
M015121,C010,C186,2,43,1.0,0.09523809523809523,0.0415282392026578,0.15763126017823553,0.07402707117941135,0.0,0.42857142857142855,7
M015121,C015,C186,2,43,1.0,0.09956709956709958,0.06236786469344609,0.09793852706877632,0.06128983990515612,0.0,0.1,10
M015121,C018,C186,2,43,1.0,0.09523809523809523,0.03931339977851606,0.14448412822514942,0.04888887844819256,0.0,0.2857142857142857,7
M015121,C019,C186,2,43,1.0,0.09523809523809523,0.040420819490586936,0.15151261143340086,0.06762831989558307,0.0,0.2857142857142857,7
M015121,C036,C186,2,43,1.0,0.09523809523809523,0.04318936877076412,0.18173270810633768,0.07062059513092567,0.0,0.375,8
M015121,C063,C186,2,43,1.0,0.09999999999999998,0.055094130675526015,0.10846669493502444,0.05023516887260327,0.023255813953488372,0.14285714285714285,7
M015121,C095,C186,2,45,1.0465116279069768,0.09943977591036413,0.07158418923124804,0.10676158556658907,0.0747380958953402,0.0,0.0,7
M015121,C103,C186,2,43,1.0,0.0978835978835979,0.07019810508182603,0.09581301463491576,0.06571709060074103,0.0,0.0,7
M015121,C109,C186,2,45,1.0465116279069768,0.09523809523809529,0.05555555555555555,0.12063393700936251,0.04920924851025724,0.0,0.2857142857142857,7
M015121,C110,C186,2,44,1.0232558139534884,0.09523809523809529,0.06168831168831168,0.11984395273240935,0.06843216037787614,0.0,0.125,8
M015121,C118,C186,2,49,1.1395348837209303,0.09899749373433586,0.06429338652754335,0.10989917130080136,0.06772895502312115,0.0,0.2222222222222222,9
M015121,C153,C186,2,44,1.0232558139534884,0.09943977591036413,0.050070028011204464,0.11289125252102829,0.04144852332746302,0.0,0.14285714285714285,7
M015121,C154,C186,2,43,1.0,0.09943977591036413,0.05006188521920397,0.12977621860809194,0.06049415222138597,0.0,0.125,8
M015121,C172,C186,2,44,1.0232558139534884,0.09523809523809523,0.05181277056277056,0.1074954929838424,0.05706069130968117,0.0,0.14285714285714285,7
M015121,C178,C186,2,43,1.0,0.09761904761904766,0.05598006644518272,0.17030444771359968,0.06564580974561651,0.0,0.25,8
M015670,C005,C057,1,30,1.0344827586206897,0.19875776397515527,0.11376811594202897,0.17243573029956522,0.07982360212377664,0.0,0.0,7
M015670,C006,C057,1,33,1.1379310344827587,0.19857142857142862,0.13298701298701296,0.19593286632174067,0.12947061202389404,0.0,0.0,2
M015670,C008,C057,1,32,1.103448275862069,0.2,0.1357142857142857,0.20555806836671192,0.13651555362974963,0.0625,0.0,3
M015670,C010,C057,1,29,1.0,0.19841269841269848,0.12452107279693486,0.1645018854799813,0.08722626692258209,0.0,0.0,0
M015670,C014,C057,1,29,1.0,0.1992481203007519,0.12250453720508166,0.18445869877062515,0.11414194182785575,0.0,0.0,0
M015670,C016,C057,1,42,1.2352941176470589,0.19913419913419916,0.09240362811791382,0.1929547196347198,0.08755135536858091,0.0,0.3333333333333333,3
M015670,C017,C057,1,44,1.2941176470588236,0.19913419913419916,0.11892463597009052,0.18811145888264583,0.11439455168562801,0.0,0.0,0
M015670,C019,C057,1,29,1.0,0.19642857142857145,0.125,0.17909663317405358,0.09179589570741668,0.0,0.0,0
M015670,C025,C057,1,29,1.0,0.19047619047619052,0.12356321839080461,0.21467270723231105,0.13282066308573146,0.0,0.0,0
M015670,C028,C057,1,32,1.103448275862069,0.19480519480519476,0.07924107142857142,0.19899094298043088,0.08253279706482151,0.0,0.0,1
M015670,C029,C057,1,29,1.0,0.1850649350649351,0.07926556202418272,0.17778450356520323,0.08191664094135348,0.0,0.0,3
M015670,C030,C057,1,32,1.103448275862069,0.18571428571428572,0.06160714285714286,0.1721179338684839,0.05487763733173859,0.0,0.0,0
M015670,C031,C057,1,33,1.1379310344827587,0.17142857142857137,0.08441558441558442,0.15934633366928508,0.07905687004909609,0.0,0.0,4
M015670,C034,C057,1,29,1.0,0.1904761904761905,0.10344827586206896,0.14525841845530318,0.05502746656427438,0.0,0.0,0
M015670,C035,C057,1,29,1.0,0.1904761904761905,0.10344827586206896,0.14525841845530318,0.05502746656427438,0.0,0.0,0
M015670,C037,C057,1,30,1.0344827586206897,0.19537815126050417,0.08662464985994399,0.16456229734399927,0.0775829172351665,0.0,0.0,2
M015670,C038,C057,1,29,1.0,0.19537815126050417,0.12880324543610547,0.16458989668951915,0.10295072794337494,0.0,0.0,0
M015670,C044,C057,1,29,1.0,0.1850649350649351,0.07993730407523512,0.17190801022896582,0.06818754315398848,0.0,0.0,1
M015670,C045,C057,1,30,1.0344827586206897,0.1948051948051948,0.11547619047619048,0.181837860108947,0.10305800852282195,0.0,0.0,0
M015670,C046,C057,1,29,1.0,0.1964285714285714,0.10775862068965517,0.2091299888235507,0.09047633274053014,0.0,0.0,1
M015670,C047,C057,1,29,1.0,0.19642857142857145,0.10775862068965517,0.25532582845930235,0.14556974189756364,0.0,0.0,4
M015670,C050,C057,1,29,1.0,0.19047619047619047,0.10344827586206896,0.30035009784844585,0.1827196885492017,0.0,0.0,1
M015670,C051,C057,1,29,1.0,0.19047619047619047,0.08045977011494251,0.28325908107355635,0.12161150232074516,0.0,0.0,2
M015670,C052,C057,1,29,1.0,0.19047619047619047,0.08292282430213466,0.30035009784844585,0.16060660306134825,0.0,0.0,1
M015670,C053,C057,1,29,1.0,0.19047619047619047,0.07963875205254514,0.30035009784844585,0.1443640114403015,0.0,0.0,0
M015670,C055,C057,1,30,1.0,0.028325123152709353,0.011945812807881772,0.025246859054594048,0.009412781643115866,0.0,0.0,1
M015670,C056,C057,1,34,1.1724137931034482,0.1785714285714286,0.1281512605042017,0.17635617479074206,0.12656149014394422,0.0,0.0,0
M015670,C061,C057,1,29,1.0,0.17032967032967028,0.07692307692307693,0.16192836084656506,0.08130419086192656,0.0,0.0,0
M015670,C062,C057,1,29,1.0,0.19780219780219788,0.09340659340659342,0.21456911331635672,0.1116013247307536,0.0,0.0,0
M015670,C064,C057,1,29,1.0,0.2,0.11724137931034481,0.1840738610801957,0.10388309966039806,0.06896551724137931,0.0,0
M015670,C065,C057,1,32,1.103448275862069,0.19285714285714295,0.09508928571428572,0.20296195303397316,0.10061992812108991,0.0,0.0,1
M015670,C086,C057,1,31,1.0689655172413792,0.14661654135338342,0.05214649527043416,0.1565980931629509,0.047439523980043766,0.0,0.0,0
M015670,C087,C057,1,33,1.1379310344827587,0.1635338345864662,0.07900432900432902,0.1729988305402883,0.07387173177188504,0.0,0.0,2
M015670,C091,C057,1,30,1.0344827586206897,0.19047619047619047,0.10119047619047619,0.23600656764300862,0.12006083035034144,0.0,0.0,2
M015670,C092,C057,1,29,1.0,0.1904761904761905,0.12643678160919541,0.14056593907938175,0.08281186566091474,0.0,0.0,0
M015670,C093,C057,1,29,1.0,0.1785714285714286,0.12561576354679801,0.14029216190416952,0.088771779807257,0.0,0.0,0
M015670,C099,C057,1,35,1.1666666666666667,0.19950738916256158,0.14106263194933144,0.19294694278566357,0.13501630217064622,0.0,0.0,1
M015670,C100,C057,1,35,1.1666666666666667,0.19950738916256158,0.14598874032371567,0.19294694278566357,0.13733712599175146,0.0,0.0,1
M015670,C104,C057,1,39,1.3448275862068966,0.19708994708994715,0.12101478768145436,0.1999663188038256,0.12204422537678941,0.0,0.0,1
M015670,C105,C057,1,29,1.0,0.1948051948051948,0.13009404388714735,0.1470575163096452,0.09155053359577515,0.0,0.0,0
M015670,C106,C057,1,29,1.0,0.18506493506493504,0.0987460815047022,0.1470575163096452,0.06321638142776646,0.0,0.0,0
M015670,C110,C057,1,29,1.0,0.19047619047619047,0.10919540229885055,0.17518576891900922,0.09459591735330297,0.0,0.0,1
M015670,C125,C057,1,29,1.0,0.19285714285714284,0.10098522167487682,0.1703417843356626,0.09239621079303999,0.0,0.0,0
M015670,C129,C057,1,29,1.0,0.1785714285714286,0.09359605911330046,0.26853994454230057,0.11271468923579947,0.0,0.0,0
M015670,C130,C057,1,29,1.0,0.1785714285714285,0.06403940886699508,0.25036669771178555,0.08139419034067233,0.0,0.0,0
M015670,C138,C057,1,29,1.0,0.19642857142857145,0.08004926108374387,0.21757282550500967,0.07824999547702538,0.0,0.0,3
M015670,C139,C057,1,29,1.0,0.19642857142857145,0.0917487684729064,0.23910517689173558,0.11539822242947259,0.0,0.0,0
M015670,C140,C057,1,29,1.0,0.19642857142857145,0.125,0.17041075903462236,0.08675409520119517,0.0,0.0,0
M015670,C141,C057,1,34,1.1724137931034482,0.19444444444444442,0.11332866479925302,0.20221400013093488,0.11781772477726357,0.0,0.0,1
M015670,C150,C057,1,29,1.0,0.19047619047619047,0.10344827586206896,0.29634582704387913,0.17848528723862533,0.0,0.0,0
M015670,C151,C057,1,29,1.0,0.19047619047619047,0.0935960591133005,0.2963458270438792,0.11134985365488617,0.0,0.0,1
M015670,C152,C057,1,29,1.0,0.19047619047619047,0.08949096880131362,0.2963458270438792,0.15131850552399198,0.0,0.0,0
M015670,C154,C057,1,29,1.0,0.19537815126050417,0.1138800347725297,0.16992000080340078,0.09432987134100287,0.0,0.0,1
M015670,C165,C057,1,35,1.1666666666666667,0.19704433497536944,0.14697396199859253,0.19331106062525194,0.14174618086365023,0.0,0.5,2
M015670,C166,C057,1,35,1.1666666666666667,0.19827586206896552,0.1449683321604504,0.1943707409899088,0.14257309839594903,0.0,0.0,0
M015670,C167,C057,1,35,1.1666666666666667,0.19704433497536944,0.1489795918367347,0.19331106062525188,0.14307809445694558,0.0,0.0,0
M015670,C173,C057,1,33,1.1379310344827587,0.1964285714285714,0.13582251082251084,0.18384469427426856,0.1279335048990625,0.0,0.0,2
M015670,C174,C057,1,31,1.0689655172413792,0.19747899159663865,0.11290322580645158,0.2149441470962751,0.12353503394984898,0.0,0.0,1
M015670,C175,C057,1,31,1.0689655172413792,0.19747899159663865,0.12374627270262943,0.21494414709627502,0.13768197807025231,0.0,0.0,1
M015670,C176,C057,1,30,1.0344827586206897,0.19537815126050417,0.08879551820728289,0.19248503307900927,0.08643603334656728,0.0,0.0,5
M015670,C177,C057,1,31,1.0689655172413792,0.19642857142857145,0.12365591397849464,0.188089745704319,0.11527865885646009,0.0,0.5,2
M015670,C179,C057,1,29,1.0,0.19285714285714295,0.08423645320197043,0.2629416692877493,0.12738207726476444,0.0,0.0,0
M015670,C180,C057,1,29,1.0,0.19285714285714295,0.09064039408866995,0.2693510727468951,0.1391025442531503,0.0,0.0,0
M015670,C181,C057,1,29,1.0,0.19285714285714295,0.09310344827586207,0.26935107274689524,0.14157494973061527,0.0,0.0,0
M015670,C182,C057,1,29,1.0,0.19047619047619047,0.10919540229885055,0.1756509997513804,0.09567076100050517,0.0,0.0,0
M015670,C183,C057,1,32,1.103448275862069,0.19047619047619047,0.08891369047619048,0.20175079820113817,0.08610611559266015,0.0,0.0,1
M015670,C191,C057,1,63,1.0862068965517242,0.19987468671679198,0.15079365079365079,0.21509212180652984,0.16313556664808648,0.0,0.75,4
M015670,C192,C057,1,30,1.0344827586206897,0.18571428571428575,0.09761904761904763,0.20607074254629545,0.09450193717574579,0.0,0.0,1
M015670,C193,C057,1,29,1.0,0.19761904761904764,0.1160919540229885,0.17024772709026706,0.09417981049532075,0.0,0.0,0
M015670,C194,C057,1,32,1.103448275862069,0.19714285714285715,0.12352678571428571,0.18811476576594102,0.11389943790768794,0.0,0.0,0
M015670,C195,C057,1,31,1.0689655172413792,0.17000000000000004,0.09852534562211984,0.18340316103445325,0.10732640445218314,0.0,0.0,1
M015670,C197,C057,1,29,1.0,0.19924812030075179,0.08802177858439203,0.21897080417578843,0.10391194560389314,0.0,0.0,3
M015670,C198,C057,1,30,1.0344827586206897,0.18796992481203006,0.08884711779448622,0.205573160894669,0.08992146831376431,0.0,0.0,3
M015670,C199,C057,1,31,1.0689655172413792,0.19736842105263153,0.12418142129517341,0.217759954404944,0.1381136567822934,0.0,0.0,3
M015670,C202,C057,1,29,1.0,0.19285714285714295,0.09310344827586207,0.27249979811530106,0.1458637308358577,0.0,0.0,1
M015670,C216,C057,1,36,1.1612903225806452,0.2,0.15277777777777776,0.20996881216093888,0.15613014778187478,0.05555555555555555,0.0,4
M015670,C007,C186,2,47,1.0930232558139534,0.1952380952380952,0.11975683890577508,0.2082959893988586,0.12549680040170572,0.0,0.375,8
M015670,C009,C186,2,44,1.0232558139534884,0.19841269841269848,0.08116883116883117,0.19699853617796828,0.08933329384304606,0.0,0.5714285714285714,7
M015670,C015,C186,2,45,1.0465116279069768,0.1991341991341991,0.112987012987013,0.19392883946915238,0.111188912213487,0.0,0.1,10
M015670,C018,C186,2,43,1.0,0.1964285714285714,0.0872093023255814,0.20841403552399954,0.08827000967655306,0.0,0.5714285714285714,7
M015670,C036,C186,2,43,1.0,0.19047619047619047,0.08194905869324474,0.23442601186321663,0.09190177318448166,0.0,0.5,8
M015670,C063,C186,2,43,1.0,0.1976190476190477,0.09695459579180508,0.17338750886592194,0.09149698906699888,0.0,0.42857142857142855,7
M015670,C095,C186,2,48,1.1162790697674418,0.1988795518207283,0.12386204481792717,0.2026750496872324,0.12606152920609573,0.0,0.14285714285714285,7
M015670,C103,C186,2,46,1.069767441860465,0.19841269841269848,0.1399240855762595,0.19292410106612648,0.13414954013085384,0.0,0.14285714285714285,7
M015670,C109,C186,2,47,1.0930232558139534,0.19047619047619052,0.0906788247213779,0.16477959357295063,0.08260610729754926,0.0,0.2857142857142857,7
M015670,C118,C186,2,55,1.2790697674418605,0.1942355889724311,0.11214399635452266,0.1894283235138049,0.11450557752615784,0.0,0.3333333333333333,9
M015670,C153,C186,2,46,1.069767441860465,0.196078431372549,0.08942272561198392,0.16284860123663727,0.07897829296418706,0.0,0.2857142857142857,7
M015670,C172,C186,2,47,1.0930232558139534,0.19642857142857145,0.10524316109422496,0.20510670434412867,0.10953067113821083,0.0,0.2857142857142857,7
M015670,C178,C186,2,44,1.0232558139534884,0.1952380952380952,0.09458874458874457,0.17030444771359968,0.08430148720846642,0.0,0.375,8
M015985,C005,C095,1,44,1.2571428571428571,0.19693094629156016,0.09718670076726345,0.24114966092463072,0.117676199545266,0.0,0.0,0
M015985,C006,C095,1,41,1.1714285714285715,0.1352941176470589,0.052338593974175035,0.11767222932942847,0.050633334455439674,0.0,0.0,0
M015985,C007,C095,1,39,1.1142857142857143,0.19999999999999996,0.11523378582202112,0.2160033139964886,0.12081487197137442,0.02564102564102564,0.0,0
M015985,C008,C095,1,40,1.1428571428571428,0.19411764705882356,0.09875,0.21058781230038626,0.11251688198376016,0.0,0.0,0
M015985,C009,C095,1,35,1.0,0.19607843137254904,0.0880485527544351,0.13435871191049523,0.06376458084990551,0.0,0.0,0
M015985,C010,C095,1,35,1.0,0.19607843137254904,0.08860877684407098,0.1406856532477339,0.06859386198398815,0.0,0.0,0
M015985,C014,C095,1,38,1.0857142857142856,0.1965944272445821,0.10196350008147301,0.20956129548929697,0.10574796531525057,0.0,0.0,0
M015985,C015,C095,1,48,1.3714285714285714,0.19607843137254904,0.08108660130718957,0.18737177948789938,0.07977738986750624,0.0,0.0,0
M015985,C016,C095,1,53,1.5142857142857142,0.19162210338680924,0.09788786869807958,0.1915652214818971,0.09496753002814629,0.0,0.0,0
M015985,C017,C095,1,48,1.3714285714285714,0.19875222816399285,0.1097927807486631,0.20032182242920574,0.10744654080358114,0.0,0.0,0
M015985,C018,C095,1,35,1.0,0.1985294117647059,0.09033613445378152,0.12793422728717244,0.06280764752698113,0.0,0.0,0
M015985,C019,C095,1,35,1.0,0.19117647058823528,0.0888655462184874,0.1406856532477339,0.06488955726130909,0.0,0.0,0
M015985,C025,C095,1,37,1.0571428571428572,0.19117647058823528,0.09697933227344993,0.21916601267259975,0.10283337057297334,0.0,0.0,0
M015985,C028,C095,1,42,1.2,0.19786096256684493,0.10739750445632797,0.19767843762650997,0.10755613880399399,0.0,0.0,0
M015985,C030,C095,1,36,1.0285714285714285,0.11764705882352944,0.06094771241830063,0.10623990595416288,0.05547290306680813,0.0,0.0,0
M015985,C031,C095,1,39,1.1142857142857143,0.19999999999999996,0.07104072398190045,0.20505391930885092,0.07391724688870682,0.02564102564102564,0.0,0
M015985,C034,C095,1,35,1.0,0.19607843137254904,0.09299719887955182,0.11866067954127246,0.049636463488587176,0.0,0.0,0
M015985,C035,C095,1,35,1.0,0.19607843137254904,0.08543417366946779,0.1513899244073183,0.058113865459335265,0.0,0.0,0
M015985,C036,C095,1,35,1.0,0.19607843137254904,0.10476190476190476,0.12279189125385996,0.04876396059489219,0.0,0.0,0
M015985,C037,C095,1,39,1.1142857142857143,0.17647058823529413,0.083710407239819,0.21102325950597547,0.07684408156658078,0.0,0.0,0
M015985,C038,C095,1,37,1.0571428571428572,0.17647058823529416,0.08028616852146261,0.1838818163185829,0.08102773782246654,0.0,0.0,0
M015985,C045,C095,1,39,1.1142857142857143,0.1524064171122994,0.07582613464966406,0.16110199779617376,0.07199380499886177,0.0,0.0,0
M015985,C046,C095,1,35,1.0,0.19852941176470587,0.10252100840336136,0.2664465572993303,0.12265247729102231,0.0,0.0,0
M015985,C047,C095,1,35,1.0,0.19117647058823528,0.08571428571428572,0.24429193569615973,0.11592183235444324,0.0,0.0,0
M015985,C050,C095,1,35,1.0,0.18627450980392157,0.062464985994397766,0.2475557801719168,0.11063195763708124,0.0,0.0,0
M015985,C051,C095,1,35,1.0,0.17647058823529416,0.07899159663865546,0.2918826248180103,0.10667695640358964,0.0,0.0,0
M015985,C052,C095,1,35,1.0,0.18627450980392157,0.07703081232492998,0.2761995917303257,0.10583997622723285,0.0,0.0,0
M015985,C053,C095,1,35,1.0,0.19607843137254904,0.08487394957983194,0.203228935525823,0.06099805765087208,0.0,0.0,0
M015985,C056,C095,1,42,1.2,0.16176470588235292,0.08398359343737495,0.15883309207236118,0.08071016448050454,0.0,0.0,0
M015985,C057,C095,1,41,1.1714285714285715,0.1743697478991596,0.06912277105964336,0.15388964758929854,0.06399434848189713,0.0,0.0,0
M015985,C061,C095,1,36,1.0285714285714285,0.19683257918552038,0.09257164404223227,0.2316764983462889,0.1082627098605819,0.0,0.0,0
M015985,C062,C095,1,36,1.0285714285714285,0.12669683257918551,0.052099044746103565,0.16247381397286986,0.06921175292924235,0.0,0.0,0
M015985,C063,C095,1,36,1.0285714285714285,0.0911764705882353,0.042238562091503264,0.08256456136181016,0.03594164813235036,0.0,0.0,0
M015985,C064,C095,1,37,1.0571428571428572,0.1470588235294118,0.049682034976152624,0.11667319495592855,0.04192714900321834,0.0,0.0,0
M015985,C065,C095,1,39,1.1142857142857143,0.17352941176470582,0.07443438914027148,0.1731317939415767,0.06600111800466218,0.0,0.0,0
M015985,C086,C095,1,37,1.0571428571428572,0.15479876160990713,0.05857250439293783,0.12524099014455145,0.05372618463067584,0.0,0.0,0
M015985,C087,C095,1,38,1.0857142857142856,0.1950464396284829,0.07507739938080493,0.21961586385985177,0.09163555194050817,0.0,0.0,0
M015985,C091,C095,1,35,1.0,0.18627450980392157,0.10098039215686275,0.21531494771336487,0.0852427636667534,0.0,0.0,0
M015985,C092,C095,1,36,1.0285714285714285,0.19117647058823528,0.05691721132897603,0.1476506660311179,0.07004089391003815,0.0,0.0,0
M015985,C093,C095,1,36,1.0285714285714285,0.1890756302521009,0.07294584500466855,0.13937912307382525,0.06714361097726299,0.0,0.0,0
M015985,C099,C095,1,39,1.1142857142857143,0.19878296146044622,0.09738908826129922,0.20281314107729542,0.10300591407675935,0.0,0.0,0
M015985,C100,C095,1,39,1.1142857142857143,0.19979716024340766,0.13325011702293652,0.2053121159342959,0.13704784519114915,0.0,0.0,0
M015985,C103,C095,1,43,1.2285714285714286,0.18845315904139437,0.07313674823934742,0.19157407552721178,0.07156680413471227,0.0,0.0,0
M015985,C104,C095,1,41,1.1714285714285715,0.19389978213507622,0.07734204793028322,0.19663918937332084,0.07878136949728172,0.0,0.0,0
M015985,C105,C095,1,35,1.0,0.1631016042780749,0.06485867074102368,0.1477192997735829,0.06061219125714561,0.0,0.0,0
M015985,C106,C095,1,35,1.0,0.19251336898395727,0.08777692895339954,0.13421857382896732,0.059677413642461236,0.0,0.0,0
M015985,C109,C095,1,40,1.1428571428571428,0.17647058823529416,0.08179271708683475,0.19376069629483442,0.07262601330652677,0.0,0.0,0
M015985,C110,C095,1,35,1.0,0.19607843137254904,0.10760304121648659,0.16488483106489882,0.0845302111246896,0.0,0.0,0
M015985,C118,C095,1,50,1.2820512820512822,0.1780185758513932,0.09012383900928791,0.17047882173502973,0.08783865429108381,0.0,0.0,0
M015985,C129,C095,1,35,1.0,0.1890756302521009,0.07478991596638657,0.18240848479771365,0.06152562244144575,0.0,0.0,0
M015985,C130,C095,1,35,1.0,0.1890756302521009,0.07575030012004805,0.15376467323930468,0.05650473515199907,0.0,0.0,0
M015985,C139,C095,1,35,1.0,0.19852941176470587,0.09243697478991597,0.25022590573176384,0.11302999098328627,0.0,0.0,0
M015985,C140,C095,1,35,1.0,0.16176470588235292,0.06869747899159663,0.194830382188425,0.07658224957659683,0.0,0.0,0
M015985,C141,C095,1,38,1.0857142857142856,0.18300653594771243,0.0829033367733058,0.20141295624039293,0.08870645542208584,0.0,0.0,0
M015985,C150,C095,1,35,1.0,0.196078431372549,0.08935574229691876,0.30089187323141736,0.14329138795970112,0.0,0.0,0
M015985,C151,C095,1,35,1.0,0.19607843137254904,0.08291316526610645,0.2865963378258379,0.08804598418653765,0.0,0.0,0
M015985,C152,C095,1,35,1.0,0.19607843137254904,0.08627450980392158,0.24355150936735012,0.06673758660186263,0.0,0.0,0
M015985,C153,C095,1,38,1.0857142857142856,0.17647058823529416,0.08668730650154799,0.1860180118065002,0.07653861024250892,0.0,0.0,0
M015985,C154,C095,1,35,1.0,0.17647058823529416,0.11176470588235292,0.1398884360376804,0.08307188453874426,0.0,0.0,0
M015985,C165,C095,1,40,1.1428571428571428,0.10547667342799188,0.05103955375253551,0.0962618243623961,0.04389202187546962,0.0,0.0,0
M015985,C166,C095,1,42,1.2,0.1643002028397566,0.060127499275572295,0.14563434694103147,0.05968692055318411,0.0,0.0,0
M015985,C167,C095,1,42,1.2,0.17647058823529416,0.058751086641553166,0.19010835957580519,0.05459380463967161,0.0,0.0,0
M015985,C172,C095,1,43,1.2285714285714286,0.19852941176470587,0.10544915640674872,0.20370667974442705,0.10450982145922146,0.0,0.0,0
M015985,C173,C095,1,40,1.1428571428571428,0.19362745098039214,0.08560049019607843,0.1986179171998584,0.08656807882969642,0.0,0.0,0
M015985,C174,C095,1,36,1.0285714285714285,0.1764705882352941,0.07271241830065359,0.20714756878780913,0.08836984219215356,0.0,0.0,0
M015985,C175,C095,1,38,1.0857142857142856,0.17647058823529416,0.10681114551083591,0.20670484292921268,0.12035455693587689,0.0,0.0,0
M015985,C177,C095,1,40,1.1428571428571428,0.17401960784313722,0.0576593137254902,0.1540794560019772,0.05878978271440962,0.0,0.0,0
M015985,C178,C095,1,37,1.0571428571428572,0.14117647058823524,0.055564387917329115,0.24559971494954286,0.09770366289821364,0.0,0.0,0
M015985,C179,C095,1,35,1.0,0.1705882352941176,0.06907563025210084,0.25204600996910825,0.10649242064164346,0.0,0.0,0
M015985,C180,C095,1,35,1.0,0.1941176470588235,0.0815126050420168,0.19667448487114755,0.06891217496249619,0.0,0.0,0
M015985,C181,C095,1,35,1.0,0.1941176470588235,0.07310924369747898,0.2520460099691083,0.09487623954377494,0.0,0.0,0
M015985,C182,C095,1,36,1.0285714285714285,0.15966386554621853,0.05781201369436665,0.1288863264867363,0.05215641879372728,0.0,0.0,0
M015985,C183,C095,1,36,1.0285714285714285,0.19607843137254904,0.0868736383442266,0.1661254466178884,0.0720822346940174,0.0,0.0,0
M015985,C186,C095,1,57,1.3255813953488371,0.1834733893557423,0.07875079856504005,0.18531554435208134,0.07609780254777367,0.0,0.0,0
M015985,C191,C095,1,63,1.0862068965517242,0.14809081527347784,0.04599734630694383,0.15290993248392679,0.04580271980303492,0.0,0.0,0
M015985,C192,C095,1,35,1.0,0.19607843137254904,0.10100840336134453,0.15597294482119634,0.08309996449089661,0.0,0.0,0
M015985,C193,C095,1,38,1.0857142857142856,0.18627450980392157,0.09406604747162024,0.1951750832276545,0.09373210894417629,0.0,0.0,0
M015985,C194,C095,1,41,1.1714285714285715,0.1705882352941176,0.08358680057388809,0.1646032379143611,0.08491378607858527,0.0,0.0,0
M015985,C195,C095,1,35,1.0,0.1952941176470588,0.10914285714285714,0.17784677651620334,0.08913382845286191,0.0,0.0,0
M015985,C197,C095,1,41,1.1714285714285715,0.19040247678018574,0.10401721664275464,0.22161757323886366,0.09983471249126703,0.0,0.0,0
M015985,C199,C095,1,40,1.1428571428571428,0.1919504643962848,0.08254643962848297,0.21790473950554143,0.09860065136727163,0.0,0.0,0
M015985,C202,C095,1,35,1.0,0.19411764705882356,0.08285714285714284,0.2854129095801259,0.12498569322618347,0.0,0.0,0
M015985,C216,C095,1,51,1.457142857142857,0.17647058823529416,0.09046520569011919,0.1700054846985714,0.08692306026407581,0.0,0.0,0
M015985,C044,C029,2,25,1.0869565217391304,0.09090909090909091,0.014545454545454545,0.09480953967843707,0.029449405155606855,0.0,0.0,0
M015985,C055,C029,2,38,1.2666666666666666,0.19905956112852669,0.11025408348457351,0.19157120808968903,0.1046461202782547,0.0,0.0,0
M015985,C125,C029,2,23,1.0,0.17272727272727273,0.05849802371541501,0.15872332488358468,0.06055164154870129,0.0,0.0,0
M015985,C138,C029,2,23,1.0,0.19318181818181823,0.09288537549407117,0.15480838861639387,0.06598977809825184,0.0,0.0,0
M015985,C176,C029,2,25,1.0869565217391304,0.1550802139037433,0.06609625668449198,0.13293268360224825,0.05204488286310846,0.0,0.0,0
M015985,C198,C029,2,28,1.2173913043478262,0.1411483253588517,0.06467874231032127,0.13031125324679196,0.05244757820446423,0.0,0.0,0
M016255,C005,C095,1,36,1.0285714285714285,0.09846547314578002,0.05207445296959363,0.15521822624940412,0.07531895513432367,0.0,0.0,7
M016255,C006,C095,1,38,1.0857142857142856,0.07882352941176474,0.04204334365325077,0.09038252735601002,0.04179641988593915,0.0,0.0,2
M016255,C007,C095,1,35,1.0,0.09999999999999998,0.05949579831932771,0.11845772439010886,0.0689931827688945,0.02857142857142857,0.0,1
M016255,C008,C095,1,35,1.0,0.09705882352941175,0.04680672268907564,0.11614154931153182,0.05822640683356729,0.0,0.0,3
M016255,C009,C095,1,35,1.0,0.09477124183006536,0.0411764705882353,0.12018911868791639,0.04041660342377013,0.0,0.0,0
M016255,C010,C095,1,35,1.0,0.09477124183006536,0.04173669467787117,0.12018911868791667,0.0419857526834789,0.0,0.0,0
M016255,C014,C095,1,35,1.0,0.09597523219814241,0.05506413091552409,0.11081705746493814,0.06253402214718036,0.0,0.0,0
M016255,C015,C095,1,42,1.2,0.08734402852049916,0.050865800865800885,0.09340860202446495,0.050389137004940264,0.0,0.0,3
M016255,C016,C095,1,43,1.2285714285714286,0.09982174688057044,0.0537039340048916,0.09158916874695082,0.05179291338154515,0.0,0.0,3
M016255,C017,C095,1,43,1.2285714285714286,0.09536541889483066,0.06017079136094183,0.09578261074094864,0.05906232901276188,0.0,0.0,0
M016255,C018,C095,1,35,1.0,0.09558823529411764,0.04054621848739497,0.08785728412656181,0.03642325088784312,0.0,0.0,0
M016255,C019,C095,1,35,1.0,0.09558823529411764,0.03907563025210084,0.10789575570686705,0.039410565471942605,0.0,0.0,0
M016255,C025,C095,1,35,1.0,0.0980392156862745,0.04607843137254903,0.13323457799737315,0.05441809290201749,0.0,0.0,0
M016255,C028,C095,1,37,1.0571428571428572,0.09893048128342247,0.05824541118658764,0.10714953795254242,0.06057069082141993,0.0,0.0,1
M016255,C030,C095,1,36,1.0285714285714285,0.09705882352941175,0.048447712418300655,0.10623990595416288,0.04366429376191523,0.0,0.0,0
M016255,C031,C095,1,36,1.0285714285714285,0.08529411764705885,0.034150326797385624,0.09138812075521321,0.037022776312888195,0.0,0.0,4
M016255,C034,C095,1,35,1.0,0.09803921568627452,0.04285714285714286,0.1513899244073183,0.06103264102544554,0.0,0.0,0
M016255,C035,C095,1,35,1.0,0.09803921568627452,0.04257703081232493,0.1513899244073183,0.05958626940087639,0.0,0.0,0
M016255,C036,C095,1,35,1.0,0.09803921568627452,0.04285714285714286,0.15138992440731816,0.06687420613977825,0.0,0.0,1
M016255,C037,C095,1,35,1.0,0.08823529411764708,0.052941176470588235,0.12659419320176507,0.0492352746036195,0.0,0.0,2
M016255,C038,C095,1,36,1.0285714285714285,0.08823529411764708,0.058006535947712434,0.12959892994379738,0.06039989649707674,0.0,0.0,0
M016255,C045,C095,1,37,1.0571428571428572,0.09893048128342247,0.0590403237462061,0.12037164795907661,0.05725918527733415,0.0,0.0,0
M016255,C046,C095,1,35,1.0,0.09558823529411764,0.03928571428571427,0.17618899598727833,0.0746631503158546,0.0,0.0,1
M016255,C047,C095,1,35,1.0,0.09558823529411764,0.04096638655462184,0.17618899598727863,0.08097818718486327,0.0,0.0,4
M016255,C050,C095,1,35,1.0,0.0980392156862745,0.04257703081232493,0.21891196861350795,0.11046516964098582,0.0,0.0,1
M016255,C051,C095,1,35,1.0,0.0980392156862745,0.04257703081232493,0.21891196861350795,0.11633629951531019,0.0,0.0,2
M016255,C052,C095,1,35,1.0,0.0980392156862745,0.04257703081232493,0.21891196861350795,0.11954528911982751,0.0,0.0,1
M016255,C053,C095,1,35,1.0,0.09803921568627452,0.042296918767507005,0.203228935525823,0.09684499042272325,0.0,0.0,0
M016255,C056,C095,1,39,1.1142857142857143,0.09873949579831931,0.0608166343460461,0.10817289235528292,0.058640942228046916,0.0,0.0,0
M016255,C057,C095,1,39,1.1142857142857143,0.09873949579831942,0.05672268907563026,0.10367958691499433,0.05248907589008916,0.0,0.0,0
M016255,C061,C095,1,35,1.0,0.09728506787330315,0.04906270200387847,0.13383000241446094,0.0679948453278923,0.0,0.0,0
M016255,C062,C095,1,35,1.0,0.09728506787330315,0.04479638009049773,0.13383000241446086,0.06376533827539939,0.0,0.0,0
M016255,C063,C095,1,36,1.0285714285714285,0.0911764705882353,0.042238562091503264,0.08256456136181016,0.03594164813235036,0.0,0.0,0
M016255,C064,C095,1,36,1.0285714285714285,0.09705882352941175,0.04256535947712418,0.10320570170226263,0.03552149420135027,0.0,0.0,0
M016255,C065,C095,1,37,1.0571428571428572,0.09411764705882353,0.04395866454689984,0.11584417082475897,0.04101843546312746,0.0,0.0,1
M016255,C086,C095,1,36,1.0285714285714285,0.09907120743034055,0.0455796353629171,0.1207564546667159,0.04223178659629204,0.0,0.0,0
M016255,C087,C095,1,36,1.0285714285714285,0.09752321981424145,0.040720674234606125,0.1218875699702123,0.05744162604806133,0.0,0.0,2
M016255,C091,C095,1,35,1.0,0.0980392156862745,0.041456582633053206,0.15456843840807072,0.05042232862781958,0.0,0.0,2
M016255,C092,C095,1,35,1.0,0.0980392156862745,0.04187675070028011,0.1476506660311179,0.06488474781457756,0.0,0.0,0
M016255,C093,C095,1,35,1.0,0.09663865546218486,0.03937575030012006,0.13937912307382525,0.04431594037880574,0.0,0.0,0
M016255,C099,C095,1,36,1.0285714285714285,0.0963488843813387,0.05265382014874915,0.10380928805136458,0.059252351074238936,0.0,0.0,1
M016255,C100,C095,1,36,1.0285714285714285,0.0963488843813387,0.06507775524002704,0.10380928805136458,0.07101358892321594,0.0,0.0,1
M016255,C103,C095,1,39,1.1142857142857143,0.09694989106753815,0.046645438802301535,0.0919195462280646,0.04545373084477401,0.0,0.0,0
M016255,C104,C095,1,37,1.0571428571428572,0.09912854030501089,0.04419125007360301,0.10444501854141773,0.04689778945679301,0.0,0.0,1
M016255,C105,C095,1,35,1.0,0.09893048128342252,0.04407944996180291,0.1477192997735829,0.048101649207945095,0.0,0.0,0
M016255,C106,C095,1,35,1.0,0.09893048128342252,0.04362108479755539,0.09193175731727801,0.028292805749796496,0.0,0.0,0
M016255,C109,C095,1,36,1.0285714285714285,0.09943977591036413,0.05446623093681919,0.13647307317801674,0.047963331304072765,0.0,0.0,0
M016255,C110,C095,1,35,1.0,0.0980392156862745,0.05862344937975191,0.06908422184096326,0.03575694974034922,0.0,0.0,1
M016255,C118,C095,1,44,1.1282051282051282,0.09907120743034059,0.06086405854207711,0.09909193527364665,0.0594757060039816,0.0,0.0,2
M016255,C129,C095,1,35,1.0,0.09243697478991597,0.038295318127250906,0.18240848479771365,0.08779314457833665,0.0,0.0,0
M016255,C130,C095,1,35,1.0,0.09663865546218486,0.039255702280912366,0.16711953257346387,0.07608957645333968,0.0,0.0,0
M016255,C138,C095,1,35,1.0,0.09558823529411764,0.042016806722689065,0.16807867020349515,0.06358696450163333,0.0,0.0,3
M016255,C139,C095,1,35,1.0,0.09558823529411764,0.04075630252100838,0.13565065949812832,0.05847534645214983,0.0,0.0,0
M016255,C140,C095,1,35,1.0,0.09558823529411764,0.037605042016806714,0.13943485864508626,0.05457712892738415,0.0,0.0,0
M016255,C141,C095,1,35,1.0,0.09477124183006536,0.04836601307189542,0.11548152156516633,0.058817502915331485,0.0,0.0,1
M016255,C150,C095,1,35,1.0,0.0980392156862745,0.042296918767507005,0.21490769780894123,0.11042891988947316,0.0,0.0,0
M016255,C151,C095,1,35,1.0,0.09803921568627452,0.042296918767507005,0.2006649031506112,0.10142507223548047,0.0,0.0,1
M016255,C152,C095,1,35,1.0,0.0980392156862745,0.04257703081232493,0.21490769780894128,0.0969231484084841,0.0,0.0,0
M016255,C153,C095,1,35,1.0,0.08823529411764708,0.052941176470588235,0.1287303886896825,0.04805860404762508,0.0,0.0,0
M016255,C154,C095,1,35,1.0,0.08823529411764708,0.05798319327731092,0.058952933993999736,0.030599468496100485,0.0,0.0,1
M016255,C165,C095,1,39,1.1142857142857143,0.09432048681541583,0.04813543454517085,0.0962618243623961,0.04128324430968598,0.0,0.0,2
M016255,C166,C095,1,40,1.1428571428571428,0.09939148073022311,0.048047667342799194,0.10739731043256155,0.0486663044813956,0.0,0.0,0
M016255,C167,C095,1,40,1.1428571428571428,0.0973630831643002,0.045005070993914806,0.11611750735373966,0.0417979603833562,0.0,0.0,0
M016255,C172,C095,1,38,1.0857142857142856,0.0980392156862745,0.05708204334365324,0.10599772056228052,0.05810865389467738,0.0,0.0,0
M016255,C173,C095,1,36,1.0285714285714285,0.09068627450980393,0.04684095860566448,0.095820195473143,0.05026247755949775,0.0,0.0,2
M016255,C174,C095,1,35,1.0,0.08823529411764708,0.03949579831932773,0.12121613411258247,0.05209775293547242,0.0,0.0,1
M016255,C175,C095,1,35,1.0,0.08823529411764708,0.05126050420168067,0.1207734082539863,0.06898426697463336,0.0,0.0,1
M016255,C177,C095,1,39,1.1142857142857143,0.09803921568627452,0.047511312217194575,0.10701773042560175,0.04844039142455019,0.0,0.0,2
M016255,C178,C095,1,36,1.0285714285714285,0.09411764705882353,0.0459967320261438,0.20444406398025147,0.08750163860651915,0.0,0.0,1
M016255,C179,C095,1,35,1.0,0.11176470588235288,0.04991596638655462,0.19667448487114783,0.08424820978764032,0.0,0.0,0
M016255,C180,C095,1,35,1.0,0.11176470588235288,0.049579831932773114,0.19667448487114755,0.07486543965763887,0.0,0.0,0
M016255,C181,C095,1,35,1.0,0.11176470588235288,0.04991596638655462,0.19667448487114764,0.07972106169568449,0.0,0.0,0
M016255,C182,C095,1,35,1.0,0.09663865546218486,0.04421768707482994,0.1045726457930101,0.039406659590523134,0.0,0.0,0
M016255,C183,C095,1,36,1.0285714285714285,0.0980392156862745,0.052482103952692184,0.0845024917551373,0.03794757741002822,0.0,0.0,1
M016255,C186,C095,1,52,1.2093023255813953,0.09663865546218486,0.05424477483301012,0.10307284762172186,0.05225618791100288,0.0,0.14285714285714285,7
M016255,C191,C095,1,62,1.0689655172413792,0.09545923632610942,0.04141282998768267,0.10167228075724188,0.04120562216720462,0.0,0.25,4
M016255,C192,C095,1,35,1.0,0.0980392156862745,0.043081232492997196,0.1156205920670038,0.03640961938460697,0.0,0.0,1
M016255,C193,C095,1,35,1.0,0.0980392156862745,0.0542857142857143,0.13046517076289246,0.056322889625078164,0.0,0.0,0
M016255,C194,C095,1,37,1.0571428571428572,0.09764705882352942,0.056375198728139904,0.11864556699387269,0.06071066869178996,0.0,0.0,0
M016255,C195,C095,1,35,1.0,0.09999999999999998,0.06228571428571429,0.08058538964464737,0.042612907770487374,0.02857142857142857,0.0,1
M016255,C197,C095,1,35,1.0,0.09597523219814241,0.0468376824413976,0.13069994299861964,0.04705749528439378,0.0,0.0,3
M016255,C199,C095,1,35,1.0,0.0975232198142415,0.04170720919946926,0.12698710926529733,0.05007754302065118,0.0,0.0,3
M016255,C202,C095,1,35,1.0,0.11176470588235295,0.049579831932773114,0.2284670217979624,0.09564065345227292,0.0,0.0,1
M016255,C216,C095,1,42,1.2,0.08823529411764708,0.05340802987861813,0.08407405002334473,0.051227543627770974,0.0,0.0,4
M016255,C029,C125,2,23,1.0,0.09090909090909088,0.03517786561264822,0.11499136337951453,0.043095230822241724,0.0,0.3333333333333333,3
M016255,C044,C125,2,23,1.0,0.09999999999999998,0.044664031620553366,0.10194979009936454,0.04069676091813788,0.043478260869565216,0.0,1
M016255,C055,C125,2,30,1.0,0.08275862068965517,0.0360919540229885,0.11642529695812404,0.039675873965413694,0.0,0.0,1
M016255,C176,C125,2,18,1.0,0.09411764705882353,0.0372549019607843,0.09521911597630414,0.03986576720819193,0.0,0.4,5
M016255,C198,C125,2,20,1.0,0.09473684210526312,0.04157894736842104,0.11295922830208438,0.04874091287939979,0.0,0.0,3
M016309,C005,C095,1,44,1.2571428571428571,0.19693094629156016,0.09718670076726345,0.24114966092463072,0.117676199545266,0.0,0.14285714285714285,7
M016309,C006,C095,1,41,1.1714285714285715,0.1352941176470589,0.05377331420373027,0.11767222932942847,0.05203059355584985,0.0,0.0,2
M016309,C007,C095,1,39,1.1142857142857143,0.19999999999999996,0.11523378582202112,0.2160033139964886,0.12081487197137442,0.02564102564102564,0.0,1
M016309,C008,C095,1,40,1.1428571428571428,0.19411764705882356,0.09875,0.21058781230038626,0.11251688198376016,0.0,0.0,3
M016309,C009,C095,1,35,1.0,0.19607843137254904,0.0880485527544351,0.13435871191049523,0.06376458084990551,0.0,0.0,0
M016309,C010,C095,1,35,1.0,0.19607843137254904,0.08860877684407098,0.1406856532477339,0.06859386198398815,0.0,0.0,0
M016309,C014,C095,1,38,1.0857142857142856,0.1965944272445821,0.10196350008147301,0.20956129548929697,0.10574796531525057,0.0,0.0,0
M016309,C015,C095,1,48,1.3714285714285714,0.19607843137254904,0.08108660130718957,0.18737177948789938,0.07977738986750624,0.0,0.0,3
M016309,C016,C095,1,53,1.5142857142857142,0.19162210338680924,0.0956008475431339,0.1915652214818971,0.09272312348649932,0.0,0.0,3
M016309,C017,C095,1,48,1.3714285714285714,0.19875222816399285,0.1097927807486631,0.20032182242920574,0.10744654080358114,0.0,0.0,0
M016309,C018,C095,1,35,1.0,0.1985294117647059,0.09033613445378152,0.12793422728717244,0.06280764752698113,0.0,0.0,0
M016309,C019,C095,1,35,1.0,0.19117647058823528,0.0888655462184874,0.1406856532477339,0.06488955726130909,0.0,0.0,0
M016309,C025,C095,1,37,1.0571428571428572,0.19117647058823528,0.09697933227344993,0.21916601267259975,0.10283337057297334,0.0,0.0,0
M016309,C028,C095,1,42,1.2,0.19786096256684493,0.10739750445632797,0.19767843762650997,0.10755613880399399,0.0,0.0,1
M016309,C030,C095,1,36,1.0285714285714285,0.11176470588235293,0.05261437908496732,0.10623990595416288,0.047667863358360846,0.0,0.0,0
M016309,C031,C095,1,39,1.1142857142857143,0.19999999999999996,0.0722473604826546,0.20505391930885092,0.076614173737801,0.02564102564102564,0.0,4
M016309,C034,C095,1,35,1.0,0.19607843137254904,0.09299719887955182,0.11866067954127246,0.049636463488587176,0.0,0.0,0
M016309,C035,C095,1,35,1.0,0.19607843137254904,0.08543417366946779,0.1513899244073183,0.058113865459335265,0.0,0.0,0
M016309,C036,C095,1,35,1.0,0.19607843137254904,0.10056022408963586,0.12279189125385996,0.048192707772872385,0.0,0.0,1
M016309,C037,C095,1,39,1.1142857142857143,0.17647058823529413,0.08220211161387632,0.21102325950597547,0.07618413573772237,0.0,0.0,2
M016309,C038,C095,1,37,1.0571428571428572,0.17647058823529416,0.08028616852146261,0.1838818163185829,0.08102773782246654,0.0,0.0,0
M016309,C045,C095,1,39,1.1142857142857143,0.1524064171122994,0.07582613464966406,0.16110199779617376,0.07199380499886177,0.0,0.0,0
M016309,C046,C095,1,35,1.0,0.19852941176470587,0.10252100840336136,0.2664465572993303,0.12265247729102231,0.0,0.0,1
M016309,C047,C095,1,35,1.0,0.19117647058823528,0.08634453781512604,0.24429193569615973,0.1259279731731902,0.0,0.0,4
M016309,C050,C095,1,35,1.0,0.18627450980392157,0.062464985994397766,0.2475557801719168,0.11063195763708124,0.0,0.0,1
M016309,C051,C095,1,35,1.0,0.196078431372549,0.09159663865546216,0.30756565790569534,0.16556375847482285,0.0,0.0,2
M016309,C052,C095,1,35,1.0,0.17647058823529416,0.06554621848739496,0.2761995917303257,0.12234140393087227,0.0,0.0,1
M016309,C053,C095,1,35,1.0,0.17647058823529416,0.06414565826330532,0.23459500170119257,0.08488362245850466,0.0,0.0,0
M016309,C056,C095,1,42,1.2,0.16176470588235292,0.08398359343737495,0.15883309207236118,0.08071016448050454,0.0,0.0,0
M016309,C057,C095,1,41,1.1714285714285715,0.1743697478991596,0.06912277105964336,0.15388964758929854,0.06399434848189713,0.0,0.0,0
M016309,C061,C095,1,36,1.0285714285714285,0.19683257918552038,0.09257164404223227,0.2316764983462889,0.1082627098605819,0.0,0.0,0
M016309,C062,C095,1,36,1.0285714285714285,0.12669683257918551,0.052099044746103565,0.16247381397286986,0.06921175292924235,0.0,0.0,0
M016309,C063,C095,1,36,1.0285714285714285,0.0911764705882353,0.042238562091503264,0.08256456136181016,0.03594164813235036,0.0,0.0,0
M016309,C064,C095,1,37,1.0571428571428572,0.1470588235294118,0.049682034976152624,0.11667319495592855,0.04192714900321834,0.0,0.0,0
M016309,C065,C095,1,39,1.1142857142857143,0.15294117647058825,0.06327300150829562,0.1731317939415767,0.05915457638809751,0.0,0.0,1
M016309,C086,C095,1,37,1.0571428571428572,0.13157894736842107,0.05572755417956657,0.1207564546667159,0.05093310504497393,0.0,0.0,0
M016309,C087,C095,1,38,1.0857142857142856,0.1950464396284829,0.0806175655857911,0.21961586385985177,0.09707470692319087,0.0,0.0,2
M016309,C091,C095,1,35,1.0,0.18137254901960775,0.08599439775910364,0.21531494771336487,0.07913104299107179,0.0,0.0,2
M016309,C092,C095,1,36,1.0285714285714285,0.19117647058823528,0.05691721132897603,0.1476506660311179,0.07004089391003815,0.0,0.0,0
M016309,C093,C095,1,36,1.0285714285714285,0.1890756302521009,0.0669934640522876,0.13937912307382525,0.06191847924146389,0.0,0.0,0
M016309,C099,C095,1,39,1.1142857142857143,0.19878296146044622,0.09738908826129922,0.20281314107729542,0.10300591407675935,0.0,0.0,1
M016309,C100,C095,1,39,1.1142857142857143,0.19979716024340766,0.13325011702293652,0.2053121159342959,0.13704784519114915,0.0,0.0,1
M016309,C103,C095,1,43,1.2285714285714286,0.18845315904139437,0.07313674823934742,0.19157407552721178,0.07156680413471227,0.0,0.0,0
M016309,C104,C095,1,41,1.1714285714285715,0.19389978213507622,0.08201817312290768,0.19663918937332084,0.0841324429917721,0.0,0.0,1
M016309,C105,C095,1,35,1.0,0.1631016042780749,0.06485867074102368,0.1477192997735829,0.06061219125714561,0.0,0.0,0
M016309,C106,C095,1,35,1.0,0.19251336898395727,0.08777692895339954,0.13421857382896732,0.059677413642461236,0.0,0.0,0
M016309,C109,C095,1,40,1.1428571428571428,0.17647058823529416,0.08179271708683475,0.19376069629483442,0.07262601330652677,0.0,0.0,0
M016309,C110,C095,1,35,1.0,0.19607843137254904,0.10760304121648659,0.16488483106489882,0.0845302111246896,0.0,0.0,1
M016309,C118,C095,1,50,1.2820512820512822,0.1780185758513932,0.09012383900928791,0.17047882173502973,0.08783865429108381,0.0,0.5,2
M016309,C129,C095,1,35,1.0,0.1890756302521009,0.06422569027611046,0.20244077379895234,0.0765882843097858,0.0,0.0,0
M016309,C130,C095,1,35,1.0,0.18487394957983194,0.0625450180072029,0.15376467323930468,0.0626203160416989,0.0,0.0,0
M016309,C139,C095,1,35,1.0,0.19852941176470587,0.09243697478991597,0.25022590573176384,0.11302999098328627,0.0,0.0,0
M016309,C140,C095,1,35,1.0,0.16176470588235292,0.06869747899159663,0.194830382188425,0.07658224957659683,0.0,0.0,0
M016309,C141,C095,1,38,1.0857142857142856,0.18300653594771243,0.09330925352597179,0.20141295624039293,0.1010490443593266,0.0,0.0,1
M016309,C150,C095,1,35,1.0,0.196078431372549,0.08935574229691876,0.30089187323141736,0.14329138795970112,0.0,0.0,0
M016309,C151,C095,1,35,1.0,0.19607843137254904,0.08263305322128853,0.2865963378258379,0.09254790801353405,0.0,0.0,1
M016309,C152,C095,1,35,1.0,0.19607843137254904,0.08627450980392158,0.24355150936735012,0.06673758660186263,0.0,0.0,0
M016309,C153,C095,1,38,1.0857142857142856,0.17647058823529416,0.08668730650154799,0.1860180118065002,0.07653861024250892,0.0,0.0,0
M016309,C154,C095,1,35,1.0,0.17647058823529416,0.11176470588235292,0.1398884360376804,0.08307188453874426,0.0,0.0,1
M016309,C165,C095,1,40,1.1428571428571428,0.10547667342799188,0.05103955375253551,0.0962618243623961,0.04389202187546962,0.0,0.0,2
M016309,C166,C095,1,42,1.2,0.1643002028397566,0.060948517337969674,0.14563434694103147,0.06050148137683865,0.0,0.0,0
M016309,C167,C095,1,42,1.2,0.17647058823529416,0.058751086641553166,0.19010835957580519,0.05459380463967161,0.0,0.0,0
M016309,C172,C095,1,43,1.2285714285714286,0.19852941176470587,0.10544915640674872,0.20370667974442705,0.10450982145922146,0.0,0.0,0
M016309,C173,C095,1,40,1.1428571428571428,0.19362745098039214,0.08878676470588234,0.1986179171998584,0.091075774047003,0.0,0.0,2
M016309,C174,C095,1,36,1.0285714285714285,0.1764705882352941,0.08088235294117646,0.20714756878780913,0.09959518782626185,0.0,0.0,1
M016309,C175,C095,1,38,1.0857142857142856,0.17647058823529416,0.10681114551083591,0.20670484292921268,0.12035455693587689,0.0,0.0,1
M016309,C177,C095,1,40,1.1428571428571428,0.16176470588235292,0.057781862745098035,0.14156761659109482,0.05806131429175587,0.0,0.0,2
M016309,C178,C095,1,37,1.0571428571428572,0.14117647058823524,0.055564387917329115,0.24559971494954286,0.09770366289821364,0.0,0.0,1
M016309,C179,C095,1,35,1.0,0.1705882352941176,0.06907563025210084,0.25204600996910825,0.10649242064164346,0.0,0.0,0
M016309,C180,C095,1,35,1.0,0.1941176470588235,0.0815126050420168,0.19667448487114755,0.06891217496249619,0.0,0.0,0
M016309,C181,C095,1,35,1.0,0.1941176470588235,0.07310924369747898,0.2520460099691083,0.09487623954377494,0.0,0.0,0
M016309,C182,C095,1,36,1.0285714285714285,0.15966386554621853,0.05781201369436665,0.1288863264867363,0.05215641879372728,0.0,0.0,0
M016309,C183,C095,1,36,1.0285714285714285,0.19607843137254904,0.0868736383442266,0.1661254466178884,0.0720822346940174,0.0,0.0,1
M016309,C186,C095,1,57,1.3255813953488371,0.1834733893557423,0.07875079856504005,0.18531554435208134,0.07609780254777367,0.0,0.2857142857142857,7
M016309,C191,C095,1,63,1.0862068965517242,0.14809081527347784,0.046275820269628315,0.15290993248392679,0.0460780672867535,0.0,0.25,4
M016309,C192,C095,1,35,1.0,0.19607843137254904,0.09529411764705882,0.15597294482119634,0.07755340056534557,0.0,0.0,1
M016309,C193,C095,1,38,1.0857142857142856,0.18627450980392157,0.09406604747162024,0.1951750832276545,0.09373210894417629,0.0,0.0,0
M016309,C194,C095,1,41,1.1714285714285715,0.1705882352941176,0.08358680057388809,0.1646032379143611,0.08491378607858527,0.0,0.0,0
M016309,C195,C095,1,35,1.0,0.19294117647058825,0.10228571428571427,0.1725007314856242,0.0825866715252256,0.0,0.0,1
M016309,C197,C095,1,41,1.1714285714285715,0.19040247678018574,0.10265800800422865,0.22161757323886366,0.10183219653167233,0.0,0.0,3
M016309,C199,C095,1,40,1.1428571428571428,0.1919504643962848,0.08138544891640867,0.21790473950554143,0.09813218349644917,0.0,0.0,3
M016309,C202,C095,1,35,1.0,0.19411764705882356,0.08621848739495798,0.28575464491478014,0.14946918463788877,0.0,0.0,1
M016309,C216,C095,1,51,1.457142857142857,0.17647058823529416,0.09046520569011919,0.1700054846985714,0.08692306026407581,0.0,0.25,4
M016309,C044,C029,2,25,1.0869565217391304,0.09090909090909091,0.014545454545454545,0.09627866301249642,0.029566935022331604,0.0,0.0,4
M016309,C055,C029,2,38,1.2666666666666666,0.19905956112852669,0.11140900841445306,0.19157120808968903,0.10525044505971407,0.0,0.0,4
M016309,C125,C029,2,23,1.0,0.17272727272727273,0.05849802371541501,0.15872332488358468,0.06055164154870129,0.0,0.3333333333333333,3
M016309,C138,C029,2,23,1.0,0.18181818181818182,0.07855731225296445,0.12958916496437778,0.055374185107773664,0.0,0.0,6
M016309,C176,C029,2,25,1.0869565217391304,0.1550802139037433,0.06385026737967917,0.13293268360224825,0.05139048670771319,0.0,0.0,8
M016309,C198,C029,2,28,1.2173913043478262,0.13397129186602874,0.05921052631578949,0.13031125324679196,0.04649024787190029,0.0,0.0,6
M016471,C005,C095,1,44,1.2571428571428571,0.19693094629156016,0.09718670076726345,0.24114966092463072,0.117676199545266,0.0,0.14285714285714285,7
M016471,C006,C095,1,41,1.1714285714285715,0.1352941176470589,0.05377331420373027,0.11767222932942847,0.05203059355584985,0.0,0.0,2
M016471,C007,C095,1,39,1.1142857142857143,0.19999999999999996,0.11523378582202112,0.2160033139964886,0.12081487197137442,0.02564102564102564,0.0,1
M016471,C008,C095,1,40,1.1428571428571428,0.19411764705882356,0.09875,0.21058781230038626,0.11251688198376016,0.0,0.0,3
M016471,C009,C095,1,35,1.0,0.19607843137254904,0.0880485527544351,0.13435871191049523,0.06376458084990551,0.0,0.0,0
M016471,C010,C095,1,35,1.0,0.19607843137254904,0.08860877684407098,0.1406856532477339,0.06859386198398815,0.0,0.0,0
M016471,C014,C095,1,38,1.0857142857142856,0.1965944272445821,0.10196350008147301,0.20956129548929697,0.10574796531525057,0.0,0.0,0
M016471,C015,C095,1,48,1.3714285714285714,0.19607843137254904,0.08108660130718957,0.18737177948789938,0.07977738986750624,0.0,0.0,3
M016471,C016,C095,1,53,1.5142857142857142,0.19162210338680924,0.0956008475431339,0.1915652214818971,0.09272312348649932,0.0,0.0,3
M016471,C017,C095,1,48,1.3714285714285714,0.19875222816399285,0.1097927807486631,0.20032182242920574,0.10744654080358114,0.0,0.0,0
M016471,C018,C095,1,35,1.0,0.1985294117647059,0.09033613445378152,0.12793422728717244,0.06280764752698113,0.0,0.0,0
M016471,C019,C095,1,35,1.0,0.19117647058823528,0.0888655462184874,0.1406856532477339,0.06488955726130909,0.0,0.0,0
M016471,C025,C095,1,37,1.0571428571428572,0.19117647058823528,0.09697933227344993,0.21916601267259975,0.10283337057297334,0.0,0.0,0
M016471,C028,C095,1,42,1.2,0.19786096256684493,0.10739750445632797,0.19767843762650997,0.10755613880399399,0.0,0.0,1
M016471,C030,C095,1,36,1.0285714285714285,0.11176470588235293,0.05261437908496732,0.10623990595416288,0.047667863358360846,0.0,0.0,0
M016471,C031,C095,1,39,1.1142857142857143,0.19999999999999996,0.0722473604826546,0.20505391930885092,0.076614173737801,0.02564102564102564,0.0,4
M016471,C034,C095,1,35,1.0,0.19607843137254904,0.09299719887955182,0.11866067954127246,0.049636463488587176,0.0,0.0,0
M016471,C035,C095,1,35,1.0,0.19607843137254904,0.08543417366946779,0.1513899244073183,0.058113865459335265,0.0,0.0,0
M016471,C036,C095,1,35,1.0,0.19607843137254904,0.10056022408963586,0.12279189125385996,0.048192707772872385,0.0,0.0,1
M016471,C037,C095,1,39,1.1142857142857143,0.17647058823529413,0.08220211161387632,0.21102325950597547,0.07618413573772237,0.0,0.0,2
M016471,C038,C095,1,37,1.0571428571428572,0.17647058823529416,0.08028616852146261,0.1838818163185829,0.08102773782246654,0.0,0.0,0
M016471,C045,C095,1,39,1.1142857142857143,0.1524064171122994,0.07582613464966406,0.16110199779617376,0.07199380499886177,0.0,0.0,0
M016471,C046,C095,1,35,1.0,0.19852941176470587,0.10252100840336136,0.2664465572993303,0.12265247729102231,0.0,0.0,1
M016471,C047,C095,1,35,1.0,0.19117647058823528,0.08634453781512604,0.24429193569615973,0.1259279731731902,0.0,0.0,4
M016471,C050,C095,1,35,1.0,0.18627450980392157,0.062464985994397766,0.2475557801719168,0.11063195763708124,0.0,0.0,1
M016471,C051,C095,1,35,1.0,0.196078431372549,0.09159663865546216,0.30756565790569534,0.16556375847482285,0.0,0.0,2
M016471,C052,C095,1,35,1.0,0.17647058823529416,0.06554621848739496,0.2761995917303257,0.12234140393087227,0.0,0.0,1
M016471,C053,C095,1,35,1.0,0.17647058823529416,0.06414565826330532,0.23459500170119257,0.08488362245850466,0.0,0.0,0
M016471,C056,C095,1,42,1.2,0.16176470588235292,0.08398359343737495,0.15883309207236118,0.08071016448050454,0.0,0.0,0
M016471,C057,C095,1,41,1.1714285714285715,0.1743697478991596,0.06912277105964336,0.15388964758929854,0.06399434848189713,0.0,0.0,0
M016471,C061,C095,1,36,1.0285714285714285,0.19683257918552038,0.09257164404223227,0.2316764983462889,0.1082627098605819,0.0,0.0,0
M016471,C062,C095,1,36,1.0285714285714285,0.12669683257918551,0.052099044746103565,0.16247381397286986,0.06921175292924235,0.0,0.0,0
M016471,C063,C095,1,36,1.0285714285714285,0.0911764705882353,0.042238562091503264,0.08256456136181016,0.03594164813235036,0.0,0.0,0
M016471,C064,C095,1,37,1.0571428571428572,0.1470588235294118,0.049682034976152624,0.11667319495592855,0.04192714900321834,0.0,0.0,0
M016471,C065,C095,1,39,1.1142857142857143,0.15294117647058825,0.06327300150829562,0.1731317939415767,0.05915457638809751,0.0,0.0,1
M016471,C086,C095,1,37,1.0571428571428572,0.13157894736842107,0.05572755417956657,0.1207564546667159,0.05093310504497393,0.0,0.0,0
M016471,C087,C095,1,38,1.0857142857142856,0.1950464396284829,0.0806175655857911,0.21961586385985177,0.09707470692319087,0.0,0.0,2
M016471,C091,C095,1,35,1.0,0.18137254901960775,0.08599439775910364,0.21531494771336487,0.07913104299107179,0.0,0.0,2
M016471,C092,C095,1,36,1.0285714285714285,0.19117647058823528,0.05691721132897603,0.1476506660311179,0.07004089391003815,0.0,0.0,0
M016471,C093,C095,1,36,1.0285714285714285,0.1890756302521009,0.0669934640522876,0.13937912307382525,0.06191847924146389,0.0,0.0,0
M016471,C099,C095,1,39,1.1142857142857143,0.19878296146044622,0.09738908826129922,0.20281314107729542,0.10300591407675935,0.0,0.0,1
M016471,C100,C095,1,39,1.1142857142857143,0.19979716024340766,0.13325011702293652,0.2053121159342959,0.13704784519114915,0.0,0.0,1
M016471,C103,C095,1,43,1.2285714285714286,0.18845315904139437,0.07313674823934742,0.19157407552721178,0.07156680413471227,0.0,0.0,0
M016471,C104,C095,1,41,1.1714285714285715,0.19389978213507622,0.08201817312290768,0.19663918937332084,0.0841324429917721,0.0,0.0,1
M016471,C105,C095,1,35,1.0,0.1631016042780749,0.06485867074102368,0.1477192997735829,0.06061219125714561,0.0,0.0,0
M016471,C106,C095,1,35,1.0,0.19251336898395727,0.08777692895339954,0.13421857382896732,0.059677413642461236,0.0,0.0,0
M016471,C109,C095,1,40,1.1428571428571428,0.17647058823529416,0.08179271708683475,0.19376069629483442,0.07262601330652677,0.0,0.0,0
M016471,C110,C095,1,35,1.0,0.19607843137254904,0.10760304121648659,0.16488483106489882,0.0845302111246896,0.0,0.0,1
M016471,C118,C095,1,50,1.2820512820512822,0.1780185758513932,0.09012383900928791,0.17047882173502973,0.08783865429108381,0.0,0.5,2
M016471,C129,C095,1,35,1.0,0.1890756302521009,0.06422569027611046,0.20244077379895234,0.0765882843097858,0.0,0.0,0
M016471,C130,C095,1,35,1.0,0.18487394957983194,0.0625450180072029,0.15376467323930468,0.0626203160416989,0.0,0.0,0
M016471,C139,C095,1,35,1.0,0.19852941176470587,0.09243697478991597,0.25022590573176384,0.11302999098328627,0.0,0.0,0
M016471,C140,C095,1,35,1.0,0.16176470588235292,0.06869747899159663,0.194830382188425,0.07658224957659683,0.0,0.0,0
M016471,C141,C095,1,38,1.0857142857142856,0.18300653594771243,0.09330925352597179,0.20141295624039293,0.1010490443593266,0.0,0.0,1
M016471,C150,C095,1,35,1.0,0.196078431372549,0.08935574229691876,0.30089187323141736,0.14329138795970112,0.0,0.0,0
M016471,C151,C095,1,35,1.0,0.19607843137254904,0.08263305322128853,0.2865963378258379,0.09254790801353405,0.0,0.0,1
M016471,C152,C095,1,35,1.0,0.19607843137254904,0.08627450980392158,0.24355150936735012,0.06673758660186263,0.0,0.0,0
M016471,C153,C095,1,38,1.0857142857142856,0.17647058823529416,0.08668730650154799,0.1860180118065002,0.07653861024250892,0.0,0.0,0
M016471,C154,C095,1,35,1.0,0.17647058823529416,0.11176470588235292,0.1398884360376804,0.08307188453874426,0.0,0.0,1
M016471,C165,C095,1,40,1.1428571428571428,0.10547667342799188,0.05103955375253551,0.0962618243623961,0.04389202187546962,0.0,0.0,2
M016471,C166,C095,1,42,1.2,0.1643002028397566,0.060948517337969674,0.14563434694103147,0.06050148137683865,0.0,0.0,0
M016471,C167,C095,1,42,1.2,0.17647058823529416,0.058751086641553166,0.19010835957580519,0.05459380463967161,0.0,0.0,0
M016471,C172,C095,1,43,1.2285714285714286,0.19852941176470587,0.10544915640674872,0.20370667974442705,0.10450982145922146,0.0,0.0,0
M016471,C173,C095,1,40,1.1428571428571428,0.19362745098039214,0.08878676470588234,0.1986179171998584,0.091075774047003,0.0,0.0,2
M016471,C174,C095,1,36,1.0285714285714285,0.1764705882352941,0.08088235294117646,0.20714756878780913,0.09959518782626185,0.0,0.0,1
M016471,C175,C095,1,38,1.0857142857142856,0.17647058823529416,0.10681114551083591,0.20670484292921268,0.12035455693587689,0.0,0.0,1
M016471,C177,C095,1,40,1.1428571428571428,0.16176470588235292,0.057781862745098035,0.14156761659109482,0.05806131429175587,0.0,0.0,2
M016471,C178,C095,1,37,1.0571428571428572,0.14117647058823524,0.055564387917329115,0.24559971494954286,0.09770366289821364,0.0,0.0,1
M016471,C179,C095,1,35,1.0,0.1705882352941176,0.06907563025210084,0.25204600996910825,0.10649242064164346,0.0,0.0,0
M016471,C180,C095,1,35,1.0,0.1941176470588235,0.0815126050420168,0.19667448487114755,0.06891217496249619,0.0,0.0,0
M016471,C181,C095,1,35,1.0,0.1941176470588235,0.07310924369747898,0.2520460099691083,0.09487623954377494,0.0,0.0,0
M016471,C182,C095,1,36,1.0285714285714285,0.15966386554621853,0.05781201369436665,0.1288863264867363,0.05215641879372728,0.0,0.0,0
M016471,C183,C095,1,36,1.0285714285714285,0.19607843137254904,0.0868736383442266,0.1661254466178884,0.0720822346940174,0.0,0.0,1
M016471,C186,C095,1,57,1.3255813953488371,0.1834733893557423,0.07875079856504005,0.18531554435208134,0.07609780254777367,0.0,0.2857142857142857,7
M016471,C191,C095,1,63,1.0862068965517242,0.14809081527347784,0.046275820269628315,0.15290993248392679,0.0460780672867535,0.0,0.25,4
M016471,C192,C095,1,35,1.0,0.19607843137254904,0.09529411764705882,0.15597294482119634,0.07755340056534557,0.0,0.0,1
M016471,C193,C095,1,38,1.0857142857142856,0.18627450980392157,0.09406604747162024,0.1951750832276545,0.09373210894417629,0.0,0.0,0
M016471,C194,C095,1,41,1.1714285714285715,0.1705882352941176,0.08358680057388809,0.1646032379143611,0.08491378607858527,0.0,0.0,0
M016471,C195,C095,1,35,1.0,0.19294117647058825,0.10228571428571427,0.1725007314856242,0.0825866715252256,0.0,0.0,1
M016471,C197,C095,1,41,1.1714285714285715,0.19040247678018574,0.10265800800422865,0.22161757323886366,0.10183219653167233,0.0,0.0,3
M016471,C199,C095,1,40,1.1428571428571428,0.1919504643962848,0.08138544891640867,0.21790473950554143,0.09813218349644917,0.0,0.0,3
M016471,C202,C095,1,35,1.0,0.19411764705882356,0.08621848739495798,0.28575464491478014,0.14946918463788877,0.0,0.0,1
M016471,C216,C095,1,51,1.457142857142857,0.17647058823529416,0.09046520569011919,0.1700054846985714,0.08692306026407581,0.0,0.25,4
M016471,C044,C029,2,25,1.0869565217391304,0.09090909090909091,0.014545454545454545,0.09627866301249642,0.029566935022331604,0.0,0.0,4
M016471,C055,C029,2,38,1.2666666666666666,0.19905956112852669,0.11140900841445306,0.19157120808968903,0.10525044505971407,0.0,0.0,4
M016471,C125,C029,2,23,1.0,0.17272727272727273,0.05849802371541501,0.15872332488358468,0.06055164154870129,0.0,0.3333333333333333,3
M016471,C138,C029,2,23,1.0,0.18181818181818182,0.07855731225296445,0.12958916496437778,0.055374185107773664,0.0,0.0,6
M016471,C176,C029,2,25,1.0869565217391304,0.1550802139037433,0.06385026737967917,0.13293268360224825,0.05139048670771319,0.0,0.0,8
M016471,C198,C029,2,28,1.2173913043478262,0.13397129186602874,0.05921052631578949,0.13031125324679196,0.04649024787190029,0.0,0.0,6
M016633,C005,C095,1,44,1.2571428571428571,0.19693094629156016,0.09718670076726345,0.24114966092463072,0.117676199545266,0.0,0.14285714285714285,7
M016633,C006,C095,1,41,1.1714285714285715,0.1352941176470589,0.05377331420373027,0.11767222932942847,0.05203059355584985,0.0,0.0,2
M016633,C007,C095,1,39,1.1142857142857143,0.19999999999999996,0.11523378582202112,0.2160033139964886,0.12081487197137442,0.02564102564102564,0.0,1
M016633,C008,C095,1,40,1.1428571428571428,0.19411764705882356,0.09875,0.21058781230038626,0.11251688198376016,0.0,0.0,3
M016633,C009,C095,1,35,1.0,0.19607843137254904,0.0880485527544351,0.13435871191049523,0.06376458084990551,0.0,0.0,0
M016633,C010,C095,1,35,1.0,0.19607843137254904,0.08860877684407098,0.1406856532477339,0.06859386198398815,0.0,0.0,0
M016633,C014,C095,1,38,1.0857142857142856,0.1965944272445821,0.10196350008147301,0.20956129548929697,0.10574796531525057,0.0,0.0,0
M016633,C015,C095,1,48,1.3714285714285714,0.19607843137254904,0.08108660130718957,0.18737177948789938,0.07977738986750624,0.0,0.0,3
M016633,C016,C095,1,53,1.5142857142857142,0.19162210338680924,0.0956008475431339,0.1915652214818971,0.09272312348649932,0.0,0.0,3
M016633,C017,C095,1,48,1.3714285714285714,0.19875222816399285,0.1097927807486631,0.20032182242920574,0.10744654080358114,0.0,0.0,0
M016633,C018,C095,1,35,1.0,0.1985294117647059,0.09033613445378152,0.12793422728717244,0.06280764752698113,0.0,0.0,0
M016633,C019,C095,1,35,1.0,0.19117647058823528,0.0888655462184874,0.1406856532477339,0.06488955726130909,0.0,0.0,0
M016633,C025,C095,1,37,1.0571428571428572,0.19117647058823528,0.09697933227344993,0.21916601267259975,0.10283337057297334,0.0,0.0,0
M016633,C028,C095,1,42,1.2,0.19786096256684493,0.10739750445632797,0.19767843762650997,0.10755613880399399,0.0,0.0,1
M016633,C030,C095,1,36,1.0285714285714285,0.11176470588235293,0.05261437908496732,0.10623990595416288,0.047667863358360846,0.0,0.0,0
M016633,C031,C095,1,39,1.1142857142857143,0.19999999999999996,0.0722473604826546,0.20505391930885092,0.076614173737801,0.02564102564102564,0.0,4
M016633,C034,C095,1,35,1.0,0.19607843137254904,0.09299719887955182,0.11866067954127246,0.049636463488587176,0.0,0.0,0
M016633,C035,C095,1,35,1.0,0.19607843137254904,0.08543417366946779,0.1513899244073183,0.058113865459335265,0.0,0.0,0
M016633,C036,C095,1,35,1.0,0.19607843137254904,0.10056022408963586,0.12279189125385996,0.048192707772872385,0.0,0.0,1
M016633,C037,C095,1,39,1.1142857142857143,0.17647058823529413,0.08220211161387632,0.21102325950597547,0.07618413573772237,0.0,0.0,2
M016633,C038,C095,1,37,1.0571428571428572,0.17647058823529416,0.08028616852146261,0.1838818163185829,0.08102773782246654,0.0,0.0,0
M016633,C045,C095,1,39,1.1142857142857143,0.1524064171122994,0.07582613464966406,0.16110199779617376,0.07199380499886177,0.0,0.0,0
M016633,C046,C095,1,35,1.0,0.19852941176470587,0.10252100840336136,0.2664465572993303,0.12265247729102231,0.0,0.0,1
M016633,C047,C095,1,35,1.0,0.19117647058823528,0.08634453781512604,0.24429193569615973,0.1259279731731902,0.0,0.0,4
M016633,C050,C095,1,35,1.0,0.18627450980392157,0.062464985994397766,0.2475557801719168,0.11063195763708124,0.0,0.0,1
M016633,C051,C095,1,35,1.0,0.196078431372549,0.09159663865546216,0.30756565790569534,0.16556375847482285,0.0,0.0,2
M016633,C052,C095,1,35,1.0,0.17647058823529416,0.06554621848739496,0.2761995917303257,0.12234140393087227,0.0,0.0,1
M016633,C053,C095,1,35,1.0,0.17647058823529416,0.06414565826330532,0.23459500170119257,0.08488362245850466,0.0,0.0,0
M016633,C056,C095,1,42,1.2,0.16176470588235292,0.08398359343737495,0.15883309207236118,0.08071016448050454,0.0,0.0,0
M016633,C057,C095,1,41,1.1714285714285715,0.1743697478991596,0.06840541094486574,0.15388964758929854,0.06329571893169203,0.0,0.0,0
M016633,C061,C095,1,36,1.0285714285714285,0.19683257918552038,0.09257164404223227,0.2316764983462889,0.1082627098605819,0.0,0.0,0
M016633,C062,C095,1,36,1.0285714285714285,0.12669683257918551,0.052099044746103565,0.16247381397286986,0.06921175292924235,0.0,0.0,0
M016633,C063,C095,1,36,1.0285714285714285,0.0911764705882353,0.042238562091503264,0.08256456136181016,0.03594164813235036,0.0,0.0,0
M016633,C064,C095,1,37,1.0571428571428572,0.1470588235294118,0.049682034976152624,0.11667319495592855,0.04192714900321834,0.0,0.0,0
M016633,C065,C095,1,39,1.1142857142857143,0.15294117647058825,0.06327300150829562,0.1731317939415767,0.05915457638809751,0.0,0.0,1
M016633,C086,C095,1,37,1.0571428571428572,0.13157894736842107,0.05572755417956657,0.1207564546667159,0.05093310504497393,0.0,0.0,0
M016633,C087,C095,1,38,1.0857142857142856,0.1950464396284829,0.0806175655857911,0.21961586385985177,0.09707470692319087,0.0,0.0,2
M016633,C091,C095,1,35,1.0,0.18137254901960775,0.08599439775910364,0.21531494771336487,0.07913104299107179,0.0,0.0,2
M016633,C092,C095,1,36,1.0285714285714285,0.19117647058823528,0.05691721132897603,0.1476506660311179,0.07004089391003815,0.0,0.0,0
M016633,C093,C095,1,36,1.0285714285714285,0.1890756302521009,0.0669934640522876,0.13937912307382525,0.06191847924146389,0.0,0.0,0
M016633,C099,C095,1,39,1.1142857142857143,0.19878296146044622,0.09738908826129922,0.20281314107729542,0.10300591407675935,0.0,0.0,1
M016633,C100,C095,1,39,1.1142857142857143,0.19979716024340766,0.13325011702293652,0.2053121159342959,0.13704784519114915,0.0,0.0,1
M016633,C103,C095,1,43,1.2285714285714286,0.18845315904139437,0.07313674823934742,0.19157407552721178,0.07156680413471227,0.0,0.0,0
M016633,C104,C095,1,41,1.1714285714285715,0.19389978213507622,0.08201817312290768,0.19663918937332084,0.0841324429917721,0.0,0.0,1
M016633,C105,C095,1,35,1.0,0.1631016042780749,0.06485867074102368,0.1477192997735829,0.06061219125714561,0.0,0.0,0
M016633,C106,C095,1,35,1.0,0.19251336898395727,0.08777692895339954,0.13421857382896732,0.059677413642461236,0.0,0.0,0
M016633,C109,C095,1,40,1.1428571428571428,0.17647058823529416,0.08179271708683475,0.19376069629483442,0.07262601330652677,0.0,0.0,0
M016633,C110,C095,1,35,1.0,0.19607843137254904,0.10760304121648659,0.16488483106489882,0.0845302111246896,0.0,0.0,1
M016633,C118,C095,1,50,1.2820512820512822,0.1780185758513932,0.09012383900928791,0.17047882173502973,0.08783865429108381,0.0,0.5,2
M016633,C129,C095,1,35,1.0,0.1890756302521009,0.06422569027611046,0.20244077379895234,0.0765882843097858,0.0,0.0,0
M016633,C130,C095,1,35,1.0,0.18487394957983194,0.0625450180072029,0.15376467323930468,0.0626203160416989,0.0,0.0,0
M016633,C139,C095,1,35,1.0,0.19852941176470587,0.09243697478991597,0.25022590573176384,0.11302999098328627,0.0,0.0,0
M016633,C140,C095,1,35,1.0,0.16176470588235292,0.06869747899159663,0.194830382188425,0.07658224957659683,0.0,0.0,0
M016633,C141,C095,1,38,1.0857142857142856,0.18300653594771243,0.09330925352597179,0.20141295624039293,0.1010490443593266,0.0,0.0,1
M016633,C150,C095,1,35,1.0,0.196078431372549,0.08935574229691876,0.30089187323141736,0.14329138795970112,0.0,0.0,0
M016633,C151,C095,1,35,1.0,0.19607843137254904,0.08263305322128853,0.2865963378258379,0.09254790801353405,0.0,0.0,1
M016633,C152,C095,1,35,1.0,0.19607843137254904,0.08627450980392158,0.24355150936735012,0.06673758660186263,0.0,0.0,0
M016633,C153,C095,1,38,1.0857142857142856,0.17647058823529416,0.08668730650154799,0.1860180118065002,0.07653861024250892,0.0,0.0,0
M016633,C154,C095,1,35,1.0,0.17647058823529416,0.11176470588235292,0.1398884360376804,0.08307188453874426,0.0,0.0,1
M016633,C165,C095,1,40,1.1428571428571428,0.10547667342799188,0.05103955375253551,0.0962618243623961,0.04389202187546962,0.0,0.0,2
M016633,C166,C095,1,42,1.2,0.1643002028397566,0.060948517337969674,0.14563434694103147,0.06050148137683865,0.0,0.0,0
M016633,C167,C095,1,42,1.2,0.17647058823529416,0.058751086641553166,0.19010835957580519,0.05459380463967161,0.0,0.0,0
M016633,C172,C095,1,43,1.2285714285714286,0.19852941176470587,0.10544915640674872,0.20370667974442705,0.10450982145922146,0.0,0.0,0
M016633,C173,C095,1,40,1.1428571428571428,0.19362745098039214,0.08878676470588234,0.1986179171998584,0.091075774047003,0.0,0.0,2
M016633,C174,C095,1,36,1.0285714285714285,0.1764705882352941,0.08088235294117646,0.20714756878780913,0.09959518782626185,0.0,0.0,1
M016633,C175,C095,1,38,1.0857142857142856,0.17647058823529416,0.10681114551083591,0.20670484292921268,0.12035455693587689,0.0,0.0,1
M016633,C177,C095,1,40,1.1428571428571428,0.16176470588235292,0.057781862745098035,0.14156761659109482,0.05806131429175587,0.0,0.0,2
M016633,C178,C095,1,37,1.0571428571428572,0.14117647058823524,0.055564387917329115,0.24559971494954286,0.09770366289821364,0.0,0.0,1
M016633,C179,C095,1,35,1.0,0.1705882352941176,0.06907563025210084,0.25204600996910825,0.10649242064164346,0.0,0.0,0
M016633,C180,C095,1,35,1.0,0.1941176470588235,0.0815126050420168,0.19667448487114755,0.06891217496249619,0.0,0.0,0
M016633,C181,C095,1,35,1.0,0.1941176470588235,0.07310924369747898,0.2520460099691083,0.09487623954377494,0.0,0.0,0
M016633,C182,C095,1,36,1.0285714285714285,0.15966386554621853,0.05781201369436665,0.1288863264867363,0.05215641879372728,0.0,0.0,0
M016633,C183,C095,1,36,1.0285714285714285,0.19607843137254904,0.0868736383442266,0.1661254466178884,0.0720822346940174,0.0,0.0,1
M016633,C186,C095,1,57,1.3255813953488371,0.1834733893557423,0.07875079856504005,0.18531554435208134,0.07609780254777367,0.0,0.2857142857142857,7
M016633,C191,C095,1,63,1.0862068965517242,0.14809081527347784,0.046275820269628315,0.15290993248392679,0.0460780672867535,0.0,0.25,4
M016633,C192,C095,1,35,1.0,0.19607843137254904,0.09529411764705882,0.15597294482119634,0.07755340056534557,0.0,0.0,1
M016633,C193,C095,1,38,1.0857142857142856,0.18627450980392157,0.09406604747162024,0.1951750832276545,0.09373210894417629,0.0,0.0,0
M016633,C194,C095,1,41,1.1714285714285715,0.1705882352941176,0.08358680057388809,0.1646032379143611,0.08491378607858527,0.0,0.0,0
M016633,C195,C095,1,35,1.0,0.19294117647058825,0.10228571428571427,0.1725007314856242,0.0825866715252256,0.0,0.0,1
M016633,C197,C095,1,41,1.1714285714285715,0.19040247678018574,0.10265800800422865,0.22161757323886366,0.10183219653167233,0.0,0.0,3
M016633,C199,C095,1,40,1.1428571428571428,0.1919504643962848,0.08138544891640867,0.21790473950554143,0.09813218349644917,0.0,0.0,3
M016633,C202,C095,1,35,1.0,0.19411764705882356,0.08621848739495798,0.28575464491478014,0.14946918463788877,0.0,0.0,1
M016633,C216,C095,1,51,1.457142857142857,0.17647058823529416,0.09046520569011919,0.1700054846985714,0.08692306026407581,0.0,0.25,4
M016633,C044,C029,2,25,1.0869565217391304,0.09090909090909091,0.014545454545454545,0.09627866301249642,0.029566935022331604,0.0,0.0,4
M016633,C055,C029,2,38,1.2666666666666666,0.19905956112852669,0.11140900841445306,0.19157120808968903,0.10525044505971407,0.0,0.0,4
M016633,C125,C029,2,23,1.0,0.17272727272727273,0.05849802371541501,0.15872332488358468,0.06055164154870129,0.0,0.3333333333333333,3
M016633,C138,C029,2,23,1.0,0.18181818181818182,0.07855731225296445,0.12958916496437778,0.055374185107773664,0.0,0.0,6
M016633,C176,C029,2,25,1.0869565217391304,0.1550802139037433,0.06385026737967917,0.13293268360224825,0.05139048670771319,0.0,0.0,8
M016633,C198,C029,2,28,1.2173913043478262,0.13397129186602874,0.05921052631578949,0.13031125324679196,0.04649024787190029,0.0,0.0,6
M016795,C005,C095,1,44,1.2571428571428571,0.19693094629156016,0.09718670076726345,0.24114966092463072,0.117676199545266,0.0,0.14285714285714285,7
M016795,C006,C095,1,41,1.1714285714285715,0.1352941176470589,0.05377331420373027,0.11767222932942847,0.05203059355584985,0.0,0.0,2
M016795,C007,C095,1,39,1.1142857142857143,0.19999999999999996,0.11523378582202112,0.2160033139964886,0.12081487197137442,0.02564102564102564,0.0,1
M016795,C008,C095,1,40,1.1428571428571428,0.19411764705882356,0.09875,0.21058781230038626,0.11251688198376016,0.0,0.0,3
M016795,C009,C095,1,35,1.0,0.19607843137254904,0.08879551820728293,0.13435871191049523,0.06240606076890514,0.0,0.0,0
M016795,C010,C095,1,35,1.0,0.19607843137254904,0.08860877684407098,0.1406856532477339,0.06859386198398815,0.0,0.0,0
M016795,C014,C095,1,38,1.0857142857142856,0.1965944272445821,0.10196350008147301,0.20956129548929697,0.10574796531525057,0.0,0.0,0
M016795,C015,C095,1,48,1.3714285714285714,0.19607843137254904,0.08108660130718957,0.18737177948789938,0.07977738986750624,0.0,0.0,3
M016795,C016,C095,1,53,1.5142857142857142,0.19162210338680924,0.0956008475431339,0.1915652214818971,0.09272312348649932,0.0,0.0,3
M016795,C017,C095,1,48,1.3714285714285714,0.19875222816399285,0.1097927807486631,0.20032182242920574,0.10744654080358114,0.0,0.0,0
M016795,C018,C095,1,35,1.0,0.1985294117647059,0.09033613445378152,0.12793422728717244,0.06280764752698113,0.0,0.0,0
M016795,C019,C095,1,35,1.0,0.19117647058823528,0.0888655462184874,0.1406856532477339,0.06488955726130909,0.0,0.0,0
M016795,C025,C095,1,37,1.0571428571428572,0.19117647058823528,0.09697933227344993,0.21916601267259975,0.10283337057297334,0.0,0.0,0
M016795,C028,C095,1,42,1.2,0.19786096256684493,0.10739750445632797,0.19767843762650997,0.10755613880399399,0.0,0.0,1
M016795,C030,C095,1,36,1.0285714285714285,0.11176470588235293,0.05179738562091502,0.10623990595416288,0.04687220192618283,0.0,0.0,0
M016795,C031,C095,1,39,1.1142857142857143,0.19999999999999996,0.0722473604826546,0.20505391930885092,0.076614173737801,0.02564102564102564,0.0,4
M016795,C034,C095,1,35,1.0,0.19607843137254904,0.09299719887955182,0.11866067954127246,0.049636463488587176,0.0,0.0,0
M016795,C035,C095,1,35,1.0,0.19607843137254904,0.08543417366946779,0.1513899244073183,0.058113865459335265,0.0,0.0,0
M016795,C036,C095,1,35,1.0,0.19607843137254904,0.10056022408963586,0.12279189125385996,0.048192707772872385,0.0,0.0,1
M016795,C037,C095,1,39,1.1142857142857143,0.17647058823529413,0.08220211161387632,0.21102325950597547,0.07618413573772237,0.0,0.0,2
M016795,C038,C095,1,37,1.0571428571428572,0.17647058823529416,0.08028616852146261,0.1838818163185829,0.08102773782246654,0.0,0.0,0
M016795,C045,C095,1,39,1.1142857142857143,0.1524064171122994,0.07582613464966406,0.16110199779617376,0.07199380499886177,0.0,0.0,0
M016795,C046,C095,1,35,1.0,0.19852941176470587,0.10252100840336136,0.2664465572993303,0.12265247729102231,0.0,0.0,1
M016795,C047,C095,1,35,1.0,0.19117647058823528,0.08634453781512604,0.24429193569615973,0.1259279731731902,0.0,0.0,4
M016795,C050,C095,1,35,1.0,0.18627450980392157,0.062464985994397766,0.2475557801719168,0.11063195763708124,0.0,0.0,1
M016795,C051,C095,1,35,1.0,0.196078431372549,0.09159663865546216,0.30756565790569534,0.16556375847482285,0.0,0.0,2
M016795,C052,C095,1,35,1.0,0.17647058823529416,0.06554621848739496,0.2761995917303257,0.12234140393087227,0.0,0.0,1
M016795,C053,C095,1,35,1.0,0.17647058823529416,0.06414565826330532,0.23459500170119257,0.08488362245850466,0.0,0.0,0
M016795,C056,C095,1,42,1.2,0.16176470588235292,0.08398359343737495,0.15883309207236118,0.08071016448050454,0.0,0.0,0
M016795,C057,C095,1,41,1.1714285714285715,0.1743697478991596,0.06753433080549293,0.15388964758929854,0.062435444908322556,0.0,0.0,0
M016795,C061,C095,1,36,1.0285714285714285,0.19683257918552038,0.09257164404223227,0.2316764983462889,0.1082627098605819,0.0,0.0,0
M016795,C062,C095,1,36,1.0285714285714285,0.12669683257918551,0.052099044746103565,0.16247381397286986,0.06921175292924235,0.0,0.0,0
M016795,C063,C095,1,36,1.0285714285714285,0.0911764705882353,0.042238562091503264,0.08256456136181016,0.03594164813235036,0.0,0.0,0
M016795,C064,C095,1,36,1.0285714285714285,0.1470588235294118,0.05089869281045751,0.11667319495592855,0.043735652851160496,0.0,0.0,0
M016795,C065,C095,1,39,1.1142857142857143,0.15294117647058825,0.06327300150829562,0.1731317939415767,0.05915457638809751,0.0,0.0,1
M016795,C086,C095,1,37,1.0571428571428572,0.13157894736842107,0.05572755417956657,0.1207564546667159,0.05093310504497393,0.0,0.0,0
M016795,C087,C095,1,38,1.0857142857142856,0.1950464396284829,0.0806175655857911,0.21961586385985177,0.09707470692319087,0.0,0.0,2
M016795,C091,C095,1,35,1.0,0.18137254901960775,0.08599439775910364,0.21531494771336487,0.07913104299107179,0.0,0.0,2
M016795,C092,C095,1,36,1.0285714285714285,0.19117647058823528,0.05691721132897603,0.1476506660311179,0.07004089391003815,0.0,0.0,0
M016795,C093,C095,1,36,1.0285714285714285,0.1890756302521009,0.0669934640522876,0.13937912307382525,0.06191847924146389,0.0,0.0,0
M016795,C099,C095,1,39,1.1142857142857143,0.19878296146044622,0.0982732615592656,0.20281314107729542,0.10387345961422031,0.0,0.0,1
M016795,C100,C095,1,39,1.1142857142857143,0.19979716024340766,0.13325011702293652,0.2053121159342959,0.13704784519114915,0.0,0.0,1
M016795,C103,C095,1,43,1.2285714285714286,0.18845315904139437,0.07313674823934742,0.19157407552721178,0.07156680413471227,0.0,0.0,0
M016795,C104,C095,1,41,1.1714285714285715,0.19389978213507622,0.08201817312290768,0.19663918937332084,0.0841324429917721,0.0,0.0,1
M016795,C105,C095,1,35,1.0,0.1631016042780749,0.06485867074102368,0.1477192997735829,0.06061219125714561,0.0,0.0,0
M016795,C106,C095,1,35,1.0,0.19251336898395727,0.08777692895339954,0.13421857382896732,0.059677413642461236,0.0,0.0,0
M016795,C109,C095,1,40,1.1428571428571428,0.17647058823529416,0.08179271708683475,0.19376069629483442,0.07262601330652677,0.0,0.0,0
M016795,C110,C095,1,35,1.0,0.19607843137254904,0.10760304121648659,0.16488483106489882,0.0845302111246896,0.0,0.0,1
M016795,C118,C095,1,50,1.2820512820512822,0.1780185758513932,0.09012383900928791,0.17047882173502973,0.08783865429108381,0.0,0.5,2
M016795,C129,C095,1,35,1.0,0.1890756302521009,0.06422569027611046,0.20244077379895234,0.0765882843097858,0.0,0.0,0
M016795,C130,C095,1,35,1.0,0.18487394957983194,0.0625450180072029,0.15376467323930468,0.0626203160416989,0.0,0.0,0
M016795,C139,C095,1,35,1.0,0.19852941176470587,0.09243697478991597,0.25022590573176384,0.11302999098328627,0.0,0.0,0
M016795,C140,C095,1,35,1.0,0.16176470588235292,0.06869747899159663,0.194830382188425,0.07658224957659683,0.0,0.0,0
M016795,C141,C095,1,38,1.0857142857142856,0.18300653594771243,0.09253525971792226,0.20141295624039293,0.10029525984463163,0.0,0.0,1
M016795,C150,C095,1,35,1.0,0.196078431372549,0.08935574229691876,0.30089187323141736,0.14329138795970112,0.0,0.0,0
M016795,C151,C095,1,35,1.0,0.19607843137254904,0.08263305322128853,0.2865963378258379,0.09254790801353405,0.0,0.0,1
M016795,C152,C095,1,35,1.0,0.19607843137254904,0.08627450980392158,0.24355150936735012,0.06673758660186263,0.0,0.0,0
M016795,C153,C095,1,38,1.0857142857142856,0.17647058823529416,0.08668730650154799,0.1860180118065002,0.07653861024250892,0.0,0.0,0
M016795,C154,C095,1,35,1.0,0.17647058823529416,0.11176470588235292,0.1398884360376804,0.08307188453874426,0.0,0.0,1
M016795,C165,C095,1,40,1.1428571428571428,0.10547667342799188,0.05103955375253551,0.0962618243623961,0.04389202187546962,0.0,0.0,2
M016795,C166,C095,1,42,1.2,0.1643002028397566,0.060948517337969674,0.14563434694103147,0.06050148137683865,0.0,0.0,0
M016795,C167,C095,1,42,1.2,0.17647058823529416,0.05817154447986091,0.19010835957580519,0.054309505057453494,0.0,0.0,0
M016795,C172,C095,1,43,1.2285714285714286,0.19852941176470587,0.10544915640674872,0.20370667974442705,0.10450982145922146,0.0,0.0,0
M016795,C173,C095,1,40,1.1428571428571428,0.19362745098039214,0.08878676470588234,0.1986179171998584,0.091075774047003,0.0,0.0,2
M016795,C174,C095,1,36,1.0285714285714285,0.1764705882352941,0.08088235294117646,0.20714756878780913,0.09959518782626185,0.0,0.0,1
M016795,C175,C095,1,38,1.0857142857142856,0.17647058823529416,0.10681114551083591,0.20670484292921268,0.12035455693587689,0.0,0.0,1
M016795,C177,C095,1,40,1.1428571428571428,0.16176470588235292,0.057781862745098035,0.14156761659109482,0.05806131429175587,0.0,0.0,2
M016795,C178,C095,1,37,1.0571428571428572,0.14117647058823524,0.055564387917329115,0.24559971494954286,0.09770366289821364,0.0,0.0,1
M016795,C179,C095,1,35,1.0,0.1705882352941176,0.06907563025210084,0.25204600996910825,0.10649242064164346,0.0,0.0,0
M016795,C180,C095,1,35,1.0,0.1941176470588235,0.0815126050420168,0.19667448487114755,0.06891217496249619,0.0,0.0,0
M016795,C181,C095,1,35,1.0,0.1941176470588235,0.07310924369747898,0.2520460099691083,0.09487623954377494,0.0,0.0,0
M016795,C182,C095,1,36,1.0285714285714285,0.15966386554621853,0.05781201369436665,0.1288863264867363,0.05215641879372728,0.0,0.0,0
M016795,C183,C095,1,36,1.0285714285714285,0.19607843137254904,0.0881963896669779,0.1661254466178884,0.07339510612801697,0.0,0.0,1
M016795,C186,C095,1,57,1.3255813953488371,0.1834733893557423,0.07916850950906679,0.18531554435208134,0.07651276389576844,0.0,0.2857142857142857,7
M016795,C191,C095,1,63,1.0862068965517242,0.14809081527347784,0.046275820269628315,0.15290993248392679,0.0460780672867535,0.0,0.25,4
M016795,C192,C095,1,35,1.0,0.19607843137254904,0.09529411764705882,0.15597294482119634,0.07755340056534557,0.0,0.0,1
M016795,C193,C095,1,38,1.0857142857142856,0.18627450980392157,0.09406604747162024,0.1951750832276545,0.09373210894417629,0.0,0.0,0
M016795,C194,C095,1,41,1.1714285714285715,0.1705882352941176,0.08358680057388809,0.1646032379143611,0.08491378607858527,0.0,0.0,0
M016795,C195,C095,1,35,1.0,0.19294117647058825,0.10228571428571427,0.1725007314856242,0.0825866715252256,0.0,0.0,1
M016795,C197,C095,1,41,1.1714285714285715,0.19040247678018574,0.10265800800422865,0.22161757323886366,0.10183219653167233,0.0,0.0,3
M016795,C199,C095,1,40,1.1428571428571428,0.1919504643962848,0.08138544891640867,0.21790473950554143,0.09813218349644917,0.0,0.0,3
M016795,C202,C095,1,35,1.0,0.19411764705882356,0.08621848739495798,0.28575464491478014,0.14946918463788877,0.0,0.0,1
M016795,C216,C095,1,51,1.457142857142857,0.17647058823529416,0.08981161091887736,0.1700054846985714,0.08628774509523005,0.0,0.25,4
M016795,C044,C029,2,25,1.0869565217391304,0.09090909090909091,0.014545454545454545,0.09627866301249642,0.029566935022331604,0.0,0.0,4
M016795,C055,C029,2,38,1.2666666666666666,0.19905956112852669,0.11140900841445306,0.19157120808968903,0.10525044505971407,0.0,0.0,4
M016795,C125,C029,2,23,1.0,0.17272727272727273,0.05849802371541501,0.15872332488358468,0.06055164154870129,0.0,0.3333333333333333,3
M016795,C138,C029,2,23,1.0,0.18181818181818182,0.07855731225296445,0.12958916496437778,0.055374185107773664,0.0,0.0,6
M016795,C176,C029,2,26,1.1304347826086956,0.18716577540106952,0.07034142328259976,0.16266625763497422,0.0573523225704567,0.0,0.0,8
M016795,C198,C029,2,28,1.2173913043478262,0.13397129186602874,0.05921052631578949,0.13031125324679196,0.04649024787190029,0.0,0.0,6
M016957,C005,C063,1,32,1.3333333333333333,0.167391304347826,0.08383152173913044,0.18468371444826953,0.09027521960883039,0.0,0.2857142857142857,7
M016957,C006,C063,1,29,1.1153846153846154,0.07999999999999996,0.031034482758620686,0.08310900029392991,0.030094726622599963,0.0,0.0,2
M016957,C007,C063,1,28,1.3333333333333333,0.20000000000000007,0.09999999999999999,0.19150607954305884,0.09440091869669733,0.17857142857142858,0.0,1
M016957,C008,C063,1,28,1.3333333333333333,0.20000000000000007,0.11428571428571425,0.19304255083007352,0.10436678543472588,0.25,0.0,3
M016957,C009,C063,1,21,1.0,0.19999999999999996,0.09365079365079367,0.16215581771935594,0.06750904217255853,0.047619047619047616,0.0,0
M016957,C010,C063,1,22,1.0476190476190477,0.19999999999999996,0.09545454545454547,0.16215581771935594,0.072806285231114,0.045454545454545456,0.0,0
M016957,C014,C063,1,27,1.2857142857142858,0.1868421052631578,0.08265107212475632,0.17179889884743926,0.07808692314830754,0.0,0.0,0
M016957,C015,C063,1,38,1.1176470588235294,0.18939393939393945,0.09003189792663475,0.20482039598764543,0.08731182537058674,0.0,0.3333333333333333,3
M016957,C016,C063,1,41,1.2058823529411764,0.1893939393939394,0.08410938654841095,0.20649455136270128,0.08497603163998073,0.0,0.3333333333333333,3
M016957,C017,C063,1,40,1.1764705882352942,0.19696969696969702,0.10344696969696969,0.1715868093562627,0.09372182341462641,0.0,0.0,0
M016957,C018,C063,1,21,1.0,0.2,0.10595238095238098,0.16215581771935594,0.07575313191295513,0.09523809523809523,0.0,0
M016957,C019,C063,1,21,1.0,0.2,0.10000000000000002,0.16215581771935594,0.07286869799485335,0.09523809523809523,0.0,0
M016957,C025,C063,1,24,1.1428571428571428,0.16666666666666669,0.08125,0.173524947034495,0.0817535073923449,0.0,0.0,0
M016957,C028,C063,1,30,1.3043478260869565,0.19545454545454544,0.08818181818181815,0.1742358843620204,0.08204475448481784,0.0,0.0,1
M016957,C030,C063,1,25,1.1904761904761905,0.10000000000000003,0.028000000000000004,0.10726472098832106,0.03216237382758618,0.0,0.0,0
M016957,C031,C063,1,27,1.2857142857142858,0.20000000000000007,0.07777777777777778,0.17975017321424916,0.07243308294566247,0.2222222222222222,0.0,4
M016957,C034,C063,1,21,1.0,0.2,0.09523809523809523,0.11287086582049442,0.04981969481649702,0.047619047619047616,0.0,0
M016957,C035,C063,1,21,1.0,0.16666666666666669,0.07936507936507936,0.10187209137914091,0.04598016236734405,0.0,0.0,0
M016957,C036,C063,1,21,1.0,0.2,0.10000000000000002,0.15060667868109948,0.053728075810975474,0.047619047619047616,0.0,1
M016957,C037,C063,1,24,1.1428571428571428,0.11176470588235293,0.04877450980392157,0.12532526861064167,0.04599371523582165,0.0,0.0,2
M016957,C038,C063,1,23,1.0952380952380953,0.10294117647058826,0.04578005115089513,0.11582022902166904,0.0455445738236897,0.0,0.0,0
M016957,C045,C063,1,25,1.0869565217391304,0.09090909090909094,0.047636363636363636,0.08167734121463878,0.042988933056940654,0.0,0.0,0
M016957,C046,C063,1,21,1.0,0.175,0.08095238095238096,0.22052847871388542,0.10006140818746978,0.0,0.0,1
M016957,C047,C063,1,21,1.0,0.19999999999999996,0.07976190476190474,0.22574874407800022,0.10464556724346477,0.047619047619047616,0.0,4
M016957,C050,C063,1,21,1.0,0.13333333333333341,0.0492063492063492,0.1920437964291645,0.08942664044096327,0.0,0.0,1
M016957,C051,C063,1,21,1.0,0.2,0.09047619047619046,0.29061370022688693,0.14941419520482063,0.047619047619047616,0.0,2
M016957,C052,C063,1,21,1.0,0.19999999999999996,0.0761904761904762,0.2302815131448808,0.08351782017589934,0.047619047619047616,0.0,1
M016957,C053,C063,1,21,1.0,0.18333333333333332,0.06984126984126984,0.14275884453030274,0.05901688597028005,0.0,0.0,0
M016957,C056,C063,1,29,1.0,0.12142857142857144,0.05541871921182266,0.10628759008717671,0.04930299924090256,0.0,0.0,0
M016957,C057,C063,1,30,1.0344827586206897,0.08571428571428574,0.03571428571428572,0.09714824815952805,0.03550141624980637,0.0,0.0,0
M016957,C061,C063,1,23,1.0952380952380953,0.18846153846153846,0.08177257525083612,0.19785137215811172,0.08440074551636359,0.0,0.0,0
M016957,C062,C063,1,22,1.0476190476190477,0.1384615384615384,0.046678321678321685,0.14856642025925024,0.05074063182100188,0.0,0.0,0
M016957,C064,C063,1,23,1.0952380952380953,0.050000000000000044,0.015217391304347827,0.049284951898861534,0.014999767969218748,0.0,0.0,0
M016957,C065,C063,1,27,1.2857142857142858,0.1,0.037037037037037035,0.09856990379772296,0.036507371776934396,0.0,0.0,1
M016957,C086,C063,1,26,1.2380952380952381,0.08947368421052637,0.04129554655870445,0.08747727888484884,0.039471431723187185,0.0,0.0,0
M016957,C087,C063,1,26,1.2380952380952381,0.19210526315789467,0.0853238866396761,0.1884342031191961,0.08243779992955937,0.0,0.0,2
M016957,C091,C063,1,21,1.0,0.15000000000000002,0.05873015873015873,0.13275038635155473,0.05288125412386839,0.0,0.0,2
M016957,C092,C063,1,21,1.0,0.09999999999999998,0.03492063492063492,0.11764591700652549,0.038496045223840425,0.0,0.0,0
M016957,C093,C063,1,23,1.0952380952380953,0.15714285714285714,0.06894409937888199,0.16084928754544728,0.0671095963569634,0.0,0.0,0
M016957,C095,C063,1,36,1.0285714285714285,0.0911764705882353,0.042238562091503264,0.08256456136181016,0.03594164813235036,0.0,0.0,0
M016957,C099,C063,1,31,1.0333333333333334,0.19827586206896552,0.10456062291434927,0.17797015206051092,0.09131816469658485,0.0,0.0,1
M016957,C100,C063,1,33,1.1,0.19827586206896552,0.12758620689655173,0.17797015206051092,0.111868317057464,0.0,0.0,1
M016957,C103,C063,1,32,1.1428571428571428,0.19259259259259254,0.07343749999999999,0.17020632334634817,0.07005758571546794,0.0,0.0,0
M016957,C104,C063,1,30,1.0714285714285714,0.19629629629629627,0.08074074074074074,0.17708267453429266,0.06964708410589814,0.0,0.0,1
M016957,C105,C063,1,21,1.0,0.10454545454545461,0.03636363636363636,0.07796871923388334,0.030143997086355085,0.0,0.0,0
M016957,C106,C063,1,21,1.0,0.1636363636363637,0.06926406926406925,0.1383920595947281,0.04977775824125275,0.0,0.0,0
M016957,C109,C063,1,27,1.2272727272727273,0.15714285714285714,0.07962962962962965,0.1616762443111441,0.0755995508871333,0.0,0.0,0
M016957,C110,C063,1,25,1.1363636363636365,0.17142857142857143,0.07200000000000001,0.1665198890041113,0.07212046734478365,0.0,0.0,1
M016957,C118,C063,1,40,1.0256410256410255,0.14210526315789473,0.059802631578947364,0.14553648997295185,0.0642655908153545,0.0,0.5,2
M016957,C129,C063,1,21,1.0,0.17142857142857143,0.06870748299319729,0.16723216649297057,0.05097568891057188,0.0,0.0,0
M016957,C130,C063,1,21,1.0,0.1642857142857143,0.0707482993197279,0.16723216649297057,0.05135969287365599,0.0,0.0,0
M016957,C139,C063,1,22,1.0476190476190477,0.2,0.09431818181818183,0.21842107000875224,0.10119671056525058,0.045454545454545456,0.0,0
M016957,C140,C063,1,21,1.0,0.09999999999999998,0.03690476190476191,0.10573792334859582,0.04357775350786001,0.0,0.0,0
M016957,C141,C063,1,25,1.1904761904761905,0.1388888888888889,0.07,0.13485373731449538,0.06668411564082674,0.0,0.0,1
M016957,C150,C063,1,21,1.0,0.2,0.08095238095238094,0.2852746724874646,0.1160760491367785,0.047619047619047616,0.0,0
M016957,C151,C063,1,21,1.0,0.2,0.08730158730158731,0.2554146770851822,0.07482561788115481,0.047619047619047616,0.0,1
M016957,C152,C063,1,21,1.0,0.19999999999999996,0.06666666666666667,0.1769922904414526,0.057794024831541294,0.047619047619047616,0.0,0
M016957,C153,C063,1,26,1.2380952380952381,0.19999999999999996,0.089027149321267,0.19948550506016607,0.08122487969211122,0.038461538461538464,0.0,0
M016957,C154,C063,1,22,1.0476190476190477,0.18235294117647058,0.08021390374331551,0.17063382762580365,0.07157464653559971,0.0,0.0,1
M016957,C165,C063,1,31,1.0333333333333334,0.06551724137931036,0.02219132369299221,0.06317270657859456,0.023085057407139876,0.0,0.5,2
M016957,C166,C063,1,32,1.0666666666666667,0.11551724137931041,0.04967672413793103,0.12346629580007418,0.04973945786610692,0.0,0.0,0
M016957,C167,C063,1,34,1.1333333333333333,0.1965517241379311,0.06602434077079107,0.1844376955413495,0.06569494184345319,0.0,0.0,0
M016957,C172,C063,1,31,1.24,0.2,0.09086021505376345,0.18048270555724596,0.08538155080936044,0.03225806451612903,0.0,0
M016957,C173,C063,1,28,1.12,0.18333333333333332,0.08601190476190479,0.1666522169925147,0.07995111690320146,0.0,0.0,2
M016957,C174,C063,1,23,1.0952380952380953,0.17352941176470582,0.07621483375959079,0.17596590804715345,0.0777999648178348,0.0,0.0,1
M016957,C175,C063,1,24,1.1428571428571428,0.1970588235294118,0.09154411764705882,0.19991466871635646,0.09304786612043874,0.0,0.0,1
M016957,C177,C063,1,31,1.24,0.15833333333333333,0.07741935483870967,0.16360431123428465,0.07441648162789832,0.0,0.0,2
M016957,C178,C063,1,22,1.0476190476190477,0.050000000000000044,0.01363636363636364,0.20374166956069598,0.09499174684865373,0.0,0.0,1
M016957,C179,C063,1,21,1.0,0.15,0.06190476190476189,0.18693756633777012,0.07526158700013748,0.0,0.0,0
M016957,C180,C063,1,21,1.0,0.20000000000000007,0.08095238095238094,0.15805709695426018,0.060535491875360926,0.047619047619047616,0.0,0
M016957,C181,C063,1,21,1.0,0.15000000000000002,0.05714285714285713,0.1648456507027582,0.07493832253592328,0.0,0.0,0
M016957,C182,C063,1,25,1.1363636363636365,0.1071428571428571,0.04733333333333333,0.1094448304739326,0.04816404677015489,0.0,0.0,0
M016957,C183,C063,1,26,1.1818181818181819,0.17380952380952386,0.05641025641025642,0.17009223872022472,0.056322980578527186,0.0,0.0,1
M016957,C186,C063,1,46,1.069767441860465,0.1952380952380952,0.08234989648033127,0.1814044436695863,0.08114447308716244,0.0,0.42857142857142855,7
M016957,C191,C063,1,59,1.0172413793103448,0.19210526315789472,0.06913470115967885,0.22081070044818238,0.06404500550171588,0.0,0.5,4
M016957,C192,C063,1,21,1.0,0.18333333333333335,0.07460317460317459,0.1692999566648038,0.07116006289581824,0.0,0.0,1
M016957,C193,C063,1,23,1.0952380952380953,0.13333333333333341,0.05797101449275363,0.12603514516826153,0.057365898410536596,0.0,0.0,0
M016957,C194,C063,1,29,1.1153846153846154,0.13,0.07034482758620692,0.12537931362070565,0.06409447499141115,0.0,0.0,0
M016957,C195,C063,1,27,1.0384615384615385,0.12,0.06296296296296296,0.12377445705184678,0.06521364492764337,0.0,0.0,1
M016957,C197,C063,1,30,1.4285714285714286,0.2,0.10824561403508773,0.1941233319425065,0.10478590377939649,0.03333333333333333,0.0,3
M016957,C199,C063,1,28,1.3333333333333333,0.1947368421052632,0.08768796992481202,0.20215141744948645,0.08859262219880605,0.0,0.0,3
M016957,C202,C063,1,21,1.0,0.20000000000000007,0.10000000000000002,0.2681386425530899,0.14006800677081138,0.14285714285714285,0.0,1
M016957,C216,C063,1,40,1.2903225806451613,0.20000000000000007,0.09416666666666668,0.21539036884749396,0.09405271428359523,0.05,0.25,4
M016957,C029,C125,2,23,1.0,0.17272727272727273,0.05849802371541501,0.15872332488358468,0.06055164154870129,0.0,0.3333333333333333,3
M016957,C044,C125,2,23,1.0,0.18181818181818182,0.083399209486166,0.16925671892941244,0.07348944634902306,0.0,0.0,1
M016957,C055,C125,2,30,1.0,0.17931034482758618,0.08218390804597701,0.17605630969893227,0.07197700109580922,0.0,0.0,1
M016957,C138,C125,2,11,1.0,0.2,0.09090909090909091,0.1634723425499514,0.07474124511632782,0.09090909090909091,0.0,3
M016957,C176,C125,2,18,1.0,0.1647058823529412,0.06764705882352942,0.17160740380644177,0.07306271563756227,0.0,0.4,5
M016957,C198,C125,2,21,1.05,0.17894736842105263,0.054385964912280704,0.16735798193809226,0.055090021583518355,0.0,0.3333333333333333,3
M017938,C005,C056,1,39,1.3448275862068966,0.19720496894409945,0.07103041885650582,0.1724101993746803,0.06410859266250822,0.0,0.14285714285714285,7
M017938,C006,C056,1,36,1.2413793103448276,0.11428571428571432,0.046825396825396826,0.11362906293191376,0.04627219427751658,0.0,0.0,2
M017938,C007,C056,1,32,1.103448275862069,0.1785714285714286,0.06316964285714285,0.17195862701896808,0.05631292742318237,0.0,0.0,1
M017938,C008,C056,1,36,1.2413793103448276,0.19285714285714284,0.08908730158730158,0.20032462378973576,0.0920151791170676,0.0,0.0,3
M017938,C009,C056,1,29,1.0,0.1785714285714286,0.06239737274220032,0.15349036100443889,0.0622793259316259,0.0,0.0,0
M017938,C010,C056,1,29,1.0,0.1785714285714286,0.08319649698960042,0.20159157590000973,0.09346050741650934,0.0,0.0,0
M017938,C014,C056,1,32,1.103448275862069,0.19172932330827075,0.05333646616541355,0.18910502223623002,0.05017449957228852,0.0,0.0,0
M017938,C015,C056,1,44,1.2941176470588236,0.19480519480519476,0.09617276662731206,0.18119405286037915,0.08877400726261836,0.0,0.0,3
M017938,C016,C056,1,46,1.3529411764705883,0.19913419913419916,0.07839262187088272,0.1929547196347198,0.0765261023284812,0.0,0.3333333333333333,3
M017938,C017,C056,1,44,1.2941176470588236,0.1948051948051948,0.10340417158598977,0.19848756791604574,0.10511739206785978,0.0,0.0,0
M017938,C018,C056,1,29,1.0,0.1428571428571429,0.051724137931034496,0.1519285320242057,0.053159333187515756,0.0,0.0,0
M017938,C019,C056,1,29,1.0,0.1964285714285714,0.07450738916256157,0.18445930859904267,0.07921876671629641,0.0,0.0,0
M017938,C025,C056,1,30,1.0344827586206897,0.1785714285714286,0.08888888888888889,0.17026557982390034,0.0704126982506597,0.0,0.0,0
M017938,C028,C056,1,35,1.206896551724138,0.1590909090909091,0.07254174397031539,0.16514803679674386,0.0714768886456397,0.0,0.0,1
M017938,C030,C056,1,31,1.0689655172413792,0.1285714285714286,0.03387096774193548,0.13440047091229168,0.03493632367964578,0.0,0.0,0
M017938,C031,C056,1,35,1.206896551724138,0.17142857142857137,0.0610204081632653,0.15934633366928508,0.06081443535654636,0.0,0.0,4
M017938,C034,C056,1,29,1.0,0.1904761904761905,0.07060755336617405,0.15352404236676914,0.06015765588367579,0.0,0.0,0
M017938,C035,C056,1,29,1.0,0.1547619047619048,0.05993431855500821,0.14313101247697144,0.0545817044077952,0.0,0.0,0
M017938,C036,C056,1,29,1.0,0.19047619047619047,0.07060755336617405,0.22406651228306573,0.06438834542802849,0.0,0.0,1
M017938,C037,C056,1,31,1.0689655172413792,0.1071428571428571,0.047302792084575766,0.11764898133946751,0.06153545459383468,0.0,0.0,2
M017938,C038,C056,1,29,1.0,0.06932773109243706,0.03144016227180527,0.04703751305937109,0.01662508996628188,0.0,0.0,0
M017938,C045,C056,1,31,1.0689655172413792,0.06493506493506493,0.022832006702974448,0.07499063447807268,0.01954537313129172,0.0,0.0,0
M017938,C046,C056,1,29,1.0,0.1785714285714286,0.06834975369458128,0.16293414918779925,0.05723924558465226,0.0,0.0,1
M017938,C047,C056,1,30,1.0344827586206897,0.19642857142857145,0.08214285714285714,0.24190380285636007,0.08261161839329655,0.0,0.0,4
M017938,C050,C056,1,29,1.0,0.1547619047619048,0.057471264367816105,0.1596282251519756,0.06214376349737198,0.0,0.0,1
M017938,C051,C056,1,29,1.0,0.19047619047619047,0.09277504105090313,0.30035009784844585,0.17176092366094445,0.0,0.0,2
M017938,C052,C056,1,29,1.0,0.19047619047619047,0.08045977011494256,0.12363085592158096,0.047032177711542875,0.0,0.0,1
M017938,C053,C056,1,29,1.0,0.1785714285714286,0.07389162561576355,0.24726171184316167,0.09128814499143542,0.0,0.0,0
M017938,C057,C056,1,37,1.2758620689655173,0.1785714285714286,0.0579150579150579,0.17635617479074206,0.057196597229429824,0.0,0.0,0
M017938,C061,C056,1,31,1.0689655172413792,0.19505494505494503,0.08578518255937609,0.17341447122327558,0.06217906511401654,0.0,0.0,0
M017938,C062,C056,1,30,1.0344827586206897,0.12637362637362637,0.06098901098901099,0.1028720013069788,0.0431386327375104,0.0,0.0,0
M017938,C063,C056,1,31,1.0689655172413792,0.11428571428571428,0.03110599078341014,0.12659733767914882,0.0396613037007006,0.0,0.0,0
M017938,C064,C056,1,34,1.1724137931034482,0.17142857142857137,0.06260504201680671,0.1817044350165379,0.07102633313202125,0.0,0.0,0
M017938,C065,C056,1,30,1.0344827586206897,0.09285714285714286,0.037142857142857144,0.10439204923625038,0.04317398756232918,0.0,0.0,1
M017938,C086,C056,1,33,1.1379310344827587,0.19172932330827067,0.0840168603326498,0.20421812913846848,0.09490965101253009,0.0,0.0,0
M017938,C087,C056,1,33,1.1379310344827587,0.15037593984962405,0.06863750284802918,0.13614541942564573,0.06343895937402877,0.0,0.0,2
M017938,C091,C056,1,29,1.0,0.19047619047619047,0.07183908045977014,0.18880525411440682,0.08844665569450483,0.0,0.0,2
M017938,C092,C056,1,29,1.0,0.10714285714285715,0.039819376026272585,0.09440262705720345,0.03246338639859974,0.0,0.0,0
M017938,C093,C056,1,30,1.0344827586206897,0.17857142857142855,0.06666666666666667,0.2155912993910105,0.09195601107396059,0.0,0.0,0
M017938,C095,C056,1,37,1.0571428571428572,0.08823529411764706,0.024528730411083353,0.07930401127548707,0.02052282066071437,0.0,0.0,0
M017938,C099,C056,1,36,1.2,0.16379310344827586,0.051108374384236446,0.15767570782751525,0.04919089091838094,0.0,0.0,1
M017938,C100,C056,1,36,1.2,0.16379310344827586,0.0686918445539135,0.15767570782751525,0.0639418924431698,0.0,0.0,1
M017938,C103,C056,1,38,1.3103448275862069,0.1878306878306879,0.09426343636869954,0.19413577333129342,0.09498065390788456,0.0,0.0,0
M017938,C104,C056,1,33,1.1379310344827587,0.07671957671957674,0.03298861632194965,0.08582326325433441,0.03444259394345791,0.0,0.0,1
M017938,C105,C056,1,29,1.0,0.1785714285714286,0.05060456784594716,0.18577949961386997,0.0650360003847945,0.0,0.0,0
M017938,C106,C056,1,29,1.0,0.18506493506493504,0.06941334527541425,0.15648084113277316,0.07040746272824064,0.0,0.0,0
M017938,C109,C056,1,35,1.206896551724138,0.19047619047619047,0.09285714285714283,0.2076730372410581,0.10002454180999233,0.0,0.0,0
M017938,C110,C056,1,32,1.103448275862069,0.16666666666666666,0.06026785714285715,0.17869698653420701,0.05536342349153917,0.0,0.0,1
M017938,C118,C056,1,45,1.1538461538461537,0.17481203007518797,0.05501253132832081,0.16022676085293394,0.04774095993048036,0.0,0.5,2
M017938,C129,C056,1,29,1.0,0.17857142857142855,0.0665024630541872,0.22872539787652343,0.08531083836449024,0.0,0.0,0
M017938,C130,C056,1,29,1.0,0.17857142857142855,0.07142857142857142,0.26853994454230057,0.13460419005237478,0.0,0.0,0
M017938,C139,C056,1,29,1.0,0.19642857142857145,0.09913793103448276,0.1704107590346225,0.06621914242217494,0.0,0.0,0
M017938,C140,C056,1,29,1.0,0.1428571428571429,0.043719211822660115,0.11821912604629055,0.04366059152006072,0.0,0.0,0
M017938,C141,C056,1,32,1.103448275862069,0.1507936507936508,0.04786706349206349,0.14501687754313647,0.050752807865549934,0.0,0.0,1
M017938,C150,C056,1,29,1.0,0.1904761904761905,0.09195402298850576,0.1222960989867253,0.044353339745021446,0.0,0.0,0
M017938,C151,C056,1,29,1.0,0.1904761904761905,0.08538587848932677,0.27525053946442274,0.10407561655852189,0.0,0.0,1
M017938,C152,C056,1,29,1.0,0.1785714285714286,0.07635467980295567,0.2399793045062744,0.08204855794346796,0.0,0.0,0
M017938,C153,C056,1,33,1.1379310344827587,0.19117647058823528,0.0837789661319073,0.21207756636268427,0.09510520976733255,0.0,0.0,0
M017938,C154,C056,1,31,1.0689655172413792,0.1638655462184874,0.07075088099756031,0.18478768790259847,0.06402936804304617,0.0,0.0,1
M017938,C165,C056,1,38,1.2666666666666666,0.14655172413793105,0.06831734508685505,0.1477448049450063,0.06583667939469669,0.0,0.5,2
M017938,C166,C056,1,39,1.3,0.185960591133005,0.08844890741442465,0.18619508099712523,0.08524819858378327,0.0,0.0,0
M017938,C167,C056,1,39,1.3,0.18226600985221675,0.060786914235190094,0.18301603990315476,0.05765078662796667,0.0,0.0,0
M017938,C172,C056,1,37,1.2758620689655173,0.19642857142857145,0.09732947232947232,0.19102700532016803,0.09594875548782511,0.0,0.0,0
M017938,C173,C056,1,31,1.0689655172413792,0.07738095238095241,0.038786482334869435,0.08365435486149213,0.03955800775091346,0.0,0.0,2
M017938,C174,C056,1,32,1.103448275862069,0.19747899159663862,0.11213235294117649,0.20213202615539247,0.11158042992812917,0.0,0.0,1
M017938,C175,C056,1,31,1.0689655172413792,0.1869747899159664,0.0595012198427758,0.16655757223147302,0.04706484968735829,0.0,0.0,1
M017938,C177,C056,1,34,1.1724137931034482,0.14285714285714285,0.049369747899159655,0.1470046169524447,0.048626856201896836,0.0,0.5,2
M017938,C178,C056,1,30,1.0344827586206897,0.0642857142857143,0.019761904761904762,0.16448155944233123,0.0740155263787587,0.0,0.0,1
M017938,C179,C056,1,29,1.0,0.19285714285714284,0.09310344827586206,0.13786072217017473,0.056386812112473546,0.0,0.0,0
M017938,C180,C056,1,29,1.0,0.16428571428571426,0.06748768472906402,0.14430915749501244,0.060926345837973156,0.0,0.0,0
M017938,C181,C056,1,29,1.0,0.18571428571428572,0.08669950738916254,0.13786072217017473,0.056497992031867325,0.0,0.0,0
M017938,C182,C056,1,34,1.1724137931034482,0.19047619047619047,0.07422969187675069,0.20457149835858426,0.08525172691016421,0.0,0.0,0
M017938,C183,C056,1,32,1.103448275862069,0.17857142857142855,0.07738095238095238,0.18975866153530152,0.07365107777609595,0.0,0.0,1
M017938,C186,C056,1,58,1.3488372093023255,0.19047619047619047,0.09154351395730706,0.186726851140775,0.08863518985785519,0.0,0.42857142857142855,7
M017938,C191,C056,1,64,1.103448275862069,0.19110275689223066,0.07079221491228072,0.20582955846675172,0.07350963479916485,0.0,0.5,4
M017938,C192,C056,1,30,1.0344827586206897,0.19761904761904764,0.09206349206349206,0.17024772709026706,0.08245847685833181,0.0,0.0,1
M017938,C193,C056,1,29,1.0,0.10714285714285714,0.0374384236453202,0.08886781301772124,0.027111302321677508,0.0,0.0,0
M017938,C194,C056,1,33,1.1379310344827587,0.08857142857142863,0.033333333333333326,0.07290054126576526,0.025550570912242398,0.0,0.0,0
M017938,C195,C056,1,36,1.2413793103448276,0.17857142857142858,0.10781746031746033,0.18340316103445325,0.10986096174243551,0.0,0.0,1
M017938,C197,C056,1,35,1.206896551724138,0.19736842105263158,0.09672395273899034,0.2031514613529804,0.09550075028667666,0.0,0.0,3
M017938,C199,C056,1,32,1.103448275862069,0.19736842105263153,0.11231203007518796,0.217759954404944,0.1236239142735362,0.0,0.0,3
M017938,C202,C056,1,29,1.0,0.19285714285714295,0.08374384236453203,0.27249979811530106,0.1340346871106302,0.0,0.0,1
M017938,C216,C056,1,39,1.2580645161290323,0.19761904761904764,0.12393162393162391,0.20218762691387143,0.12494565657260132,0.0,0.25,4
M017938,C029,C198,2,28,1.2173913043478262,0.17464114832535885,0.098257006151743,0.19798235036321546,0.1053432675537146,0.0,0.0,6
M017938,C044,C198,2,24,1.0434782608695652,0.17464114832535885,0.07137161084529507,0.16660365392517595,0.06561686306056637,0.0,0.0,4
M017938,C055,C198,2,36,1.2,0.19419237749546278,0.10158298043960474,0.2122910215378807,0.1099249679943064,0.0,0.0,4
M017938,C125,C198,2,20,1.0,0.1842105263157895,0.06657894736842103,0.17990900730499024,0.07175387031357545,0.0,0.3333333333333333,3
M017938,C138,C198,2,20,1.0,0.17105263157894735,0.08486842105263157,0.18922544888162363,0.1002468817738196,0.0,0.16666666666666666,6
M017938,C176,C198,2,23,1.15,0.18575851393188852,0.09610983981693363,0.1820611030891328,0.09254525349762081,0.0,0.0,8
M018102,C005,C056,1,39,1.3448275862068966,0.19720496894409945,0.07103041885650582,0.1724101993746803,0.06410859266250822,0.0,0.14285714285714285,7
M018102,C006,C056,1,36,1.2413793103448276,0.11428571428571432,0.046825396825396826,0.11362906293191376,0.04627219427751658,0.0,0.0,2
M018102,C007,C056,1,32,1.103448275862069,0.1785714285714286,0.06316964285714285,0.17195862701896808,0.05631292742318237,0.0,0.0,1
M018102,C008,C056,1,36,1.2413793103448276,0.19285714285714284,0.08908730158730158,0.20032462378973576,0.0920151791170676,0.0,0.0,3
M018102,C009,C056,1,29,1.0,0.1785714285714286,0.058565955117679244,0.15349036100443889,0.06025559556591776,0.0,0.0,0
M018102,C010,C056,1,29,1.0,0.1785714285714286,0.08319649698960042,0.20159157590000973,0.09346050741650934,0.0,0.0,0
M018102,C014,C056,1,32,1.103448275862069,0.19172932330827075,0.05333646616541355,0.18910502223623002,0.05017449957228852,0.0,0.0,0
M018102,C015,C056,1,44,1.2941176470588236,0.19480519480519476,0.09617276662731206,0.18119405286037915,0.08877400726261836,0.0,0.0,3
M018102,C016,C056,1,46,1.3529411764705883,0.19913419913419916,0.07839262187088272,0.1929547196347198,0.0765261023284812,0.0,0.3333333333333333,3
M018102,C018,C056,1,29,1.0,0.1428571428571429,0.051724137931034496,0.1519285320242057,0.053159333187515756,0.0,0.0,0
M018102,C019,C056,1,29,1.0,0.1964285714285714,0.07450738916256157,0.18445930859904267,0.07921876671629641,0.0,0.0,0
M018102,C025,C056,1,30,1.0344827586206897,0.1785714285714286,0.08888888888888889,0.17026557982390034,0.0704126982506597,0.0,0.0,0
M018102,C028,C056,1,35,1.206896551724138,0.1590909090909091,0.07254174397031539,0.16514803679674386,0.0714768886456397,0.0,0.0,1
M018102,C030,C056,1,31,1.0689655172413792,0.1285714285714286,0.03387096774193548,0.13440047091229168,0.03493632367964578,0.0,0.0,0
M018102,C034,C056,1,29,1.0,0.1904761904761905,0.07060755336617405,0.15352404236676914,0.06015765588367579,0.0,0.0,0
M018102,C035,C056,1,29,1.0,0.1547619047619048,0.05993431855500821,0.14313101247697144,0.0545817044077952,0.0,0.0,0
M018102,C036,C056,1,29,1.0,0.19047619047619047,0.07060755336617405,0.22406651228306573,0.06438834542802849,0.0,0.0,1
M018102,C037,C056,1,31,1.0689655172413792,0.09243697478991597,0.045405258877744645,0.11764898133946751,0.061517062829098454,0.0,0.0,2
M018102,C038,C056,1,29,1.0,0.06932773109243706,0.03144016227180527,0.04703751305937109,0.01662508996628188,0.0,0.0,0
M018102,C045,C056,1,31,1.0689655172413792,0.06493506493506493,0.022832006702974448,0.07499063447807268,0.01954537313129172,0.0,0.0,0
M018102,C046,C056,1,29,1.0,0.1785714285714286,0.06834975369458128,0.16293414918779925,0.05723924558465226,0.0,0.0,1
M018102,C047,C056,1,30,1.0344827586206897,0.19642857142857145,0.08214285714285714,0.24190380285636007,0.08261161839329655,0.0,0.0,4
M018102,C050,C056,1,29,1.0,0.1547619047619048,0.057471264367816105,0.1596282251519756,0.06214376349737198,0.0,0.0,1
M018102,C051,C056,1,29,1.0,0.19047619047619047,0.09277504105090313,0.30035009784844585,0.17176092366094445,0.0,0.0,2
M018102,C052,C056,1,29,1.0,0.19047619047619047,0.08045977011494256,0.12363085592158096,0.047032177711542875,0.0,0.0,1
M018102,C053,C056,1,29,1.0,0.1785714285714286,0.07389162561576355,0.24726171184316167,0.09128814499143542,0.0,0.0,0
M018102,C057,C056,1,37,1.2758620689655173,0.1785714285714286,0.0579150579150579,0.17635617479074206,0.057196597229429824,0.0,0.0,0
M018102,C061,C056,1,31,1.0689655172413792,0.19505494505494503,0.08578518255937609,0.17341447122327558,0.06217906511401654,0.0,0.0,0
M018102,C062,C056,1,30,1.0344827586206897,0.12637362637362637,0.06098901098901099,0.1028720013069788,0.0431386327375104,0.0,0.0,0
M018102,C063,C056,1,31,1.0689655172413792,0.11428571428571428,0.03110599078341014,0.12659733767914882,0.0396613037007006,0.0,0.0,0
M018102,C064,C056,1,34,1.1724137931034482,0.17142857142857137,0.06260504201680671,0.1817044350165379,0.07102633313202125,0.0,0.0,0
M018102,C065,C056,1,30,1.0344827586206897,0.09285714285714286,0.037142857142857144,0.10439204923625038,0.04317398756232918,0.0,0.0,1
M018102,C086,C056,1,33,1.1379310344827587,0.19172932330827067,0.0840168603326498,0.20421812913846848,0.09490965101253009,0.0,0.0,0
M018102,C091,C056,1,29,1.0,0.19047619047619047,0.07183908045977014,0.18880525411440682,0.08844665569450483,0.0,0.0,2
M018102,C092,C056,1,29,1.0,0.10714285714285715,0.039819376026272585,0.09440262705720345,0.03246338639859974,0.0,0.0,0
M018102,C093,C056,1,30,1.0344827586206897,0.17857142857142855,0.06666666666666667,0.2155912993910105,0.09195601107396059,0.0,0.0,0
M018102,C095,C056,1,36,1.0285714285714285,0.08823529411764706,0.024101307189542485,0.07930401127548707,0.018693410853567526,0.0,0.0,0
M018102,C099,C056,1,36,1.2,0.16379310344827586,0.051108374384236446,0.15767570782751525,0.04919089091838094,0.0,0.0,1
M018102,C100,C056,1,36,1.2,0.16379310344827586,0.0686918445539135,0.15767570782751525,0.0639418924431698,0.0,0.0,1
M018102,C103,C056,1,38,1.3103448275862069,0.1878306878306879,0.09245335561125036,0.19413577333129342,0.0932119504961404,0.0,0.0,0
M018102,C104,C056,1,33,1.1379310344827587,0.07671957671957674,0.03298861632194965,0.08582326325433441,0.03444259394345791,0.0,0.0,1
M018102,C105,C056,1,29,1.0,0.1785714285714286,0.05060456784594716,0.18577949961386997,0.0650360003847945,0.0,0.0,0
M018102,C106,C056,1,29,1.0,0.18506493506493504,0.06941334527541425,0.15648084113277316,0.07040746272824064,0.0,0.0,0
M018102,C109,C056,1,35,1.206896551724138,0.19047619047619047,0.09285714285714283,0.2076730372410581,0.10002454180999233,0.0,0.0,0
M018102,C118,C056,1,44,1.1282051282051282,0.14849624060150374,0.05109364319890635,0.13458573521190836,0.04401896328946888,0.0,0.0,2
M018102,C129,C056,1,29,1.0,0.17857142857142855,0.0665024630541872,0.22872539787652343,0.08531083836449024,0.0,0.0,0
M018102,C130,C056,1,29,1.0,0.17857142857142855,0.07142857142857142,0.26853994454230057,0.13460419005237478,0.0,0.0,0
M018102,C139,C056,1,29,1.0,0.19642857142857145,0.09913793103448276,0.1704107590346225,0.06621914242217494,0.0,0.0,0
M018102,C140,C056,1,29,1.0,0.1428571428571429,0.043719211822660115,0.11821912604629055,0.04366059152006072,0.0,0.0,0
M018102,C141,C056,1,32,1.103448275862069,0.1507936507936508,0.04786706349206349,0.14501687754313647,0.050752807865549934,0.0,0.0,1
M018102,C150,C056,1,29,1.0,0.1904761904761905,0.09195402298850576,0.1222960989867253,0.044353339745021446,0.0,0.0,0
M018102,C151,C056,1,29,1.0,0.1904761904761905,0.08538587848932677,0.27525053946442274,0.10407561655852189,0.0,0.0,1
M018102,C152,C056,1,29,1.0,0.1785714285714286,0.07635467980295567,0.2399793045062744,0.08204855794346796,0.0,0.0,0
M018102,C153,C056,1,33,1.1379310344827587,0.19117647058823528,0.0837789661319073,0.21207756636268427,0.09510520976733255,0.0,0.0,0
M018102,C165,C056,1,38,1.2666666666666666,0.14655172413793105,0.06831734508685505,0.1477448049450063,0.06583667939469669,0.0,0.5,2
M018102,C166,C056,1,39,1.3,0.185960591133005,0.08844890741442465,0.18619508099712523,0.08524819858378327,0.0,0.0,0
M018102,C167,C056,1,38,1.2666666666666666,0.18226600985221675,0.05875680580762249,0.18301603990315476,0.05559458264424713,0.0,0.0,0
M018102,C172,C056,1,37,1.2758620689655173,0.19642857142857145,0.09732947232947232,0.19102700532016803,0.09594875548782511,0.0,0.0,0
M018102,C173,C056,1,31,1.0689655172413792,0.07738095238095241,0.038786482334869435,0.08365435486149213,0.03955800775091346,0.0,0.0,2
M018102,C178,C056,1,30,1.0344827586206897,0.0642857142857143,0.019761904761904762,0.16448155944233123,0.0740155263787587,0.0,0.0,1
M018102,C179,C056,1,29,1.0,0.19285714285714284,0.09310344827586206,0.13786072217017473,0.056386812112473546,0.0,0.0,0
M018102,C180,C056,1,29,1.0,0.16428571428571426,0.06748768472906402,0.14430915749501244,0.060926345837973156,0.0,0.0,0
M018102,C181,C056,1,29,1.0,0.18571428571428572,0.08669950738916254,0.13786072217017473,0.056497992031867325,0.0,0.0,0
M018102,C182,C056,1,33,1.1379310344827587,0.16666666666666663,0.06962481962481962,0.1812924000662725,0.08056715095845002,0.0,0.0,0
M018102,C183,C056,1,32,1.103448275862069,0.17857142857142855,0.07738095238095238,0.18975866153530152,0.07365107777609595,0.0,0.0,1
M018102,C192,C056,1,30,1.0344827586206897,0.19761904761904764,0.09206349206349206,0.17024772709026706,0.08245847685833181,0.0,0.0,1
M018102,C193,C056,1,29,1.0,0.10714285714285714,0.0374384236453202,0.08886781301772124,0.027111302321677508,0.0,0.0,0
M018102,C194,C056,1,33,1.1379310344827587,0.08857142857142863,0.033333333333333326,0.07290054126576526,0.025550570912242398,0.0,0.0,0
M018102,C195,C056,1,36,1.2413793103448276,0.17857142857142858,0.10781746031746033,0.18340316103445325,0.10986096174243551,0.0,0.0,1
M018102,C197,C056,1,35,1.206896551724138,0.19736842105263158,0.09672395273899034,0.2031514613529804,0.09550075028667666,0.0,0.0,3
M018102,C199,C056,1,32,1.103448275862069,0.19736842105263153,0.11231203007518796,0.217759954404944,0.1236239142735362,0.0,0.0,3
M018102,C202,C056,1,29,1.0,0.19285714285714295,0.08374384236453203,0.27249979811530106,0.1340346871106302,0.0,0.0,1
M018102,C017,C031,2,37,1.088235294117647,0.1893939393939394,0.08235053235053234,0.19904185091361706,0.08739803206540854,0.0,0.0,4
M018102,C087,C031,2,23,1.0952380952380953,0.07105263157894737,0.034553775743707084,0.058930246691762084,0.03062225151685655,0.0,0.0,6
M018102,C174,C031,2,25,1.1904761904761905,0.17058823529411765,0.09647058823529413,0.18327329467729628,0.08820922501350932,0.0,0.0,5
M018102,C175,C031,2,23,1.0952380952380953,0.15294117647058825,0.05601023017902813,0.12396400996993484,0.05525465849239507,0.0,0.2,5
M018102,C029,C198,3,28,1.2173913043478262,0.17464114832535885,0.098257006151743,0.19798235036321546,0.1053432675537146,0.0,0.0,6
M018102,C044,C198,3,24,1.0434782608695652,0.17464114832535885,0.07137161084529507,0.16660365392517595,0.06561686306056637,0.0,0.0,4
M018102,C055,C198,3,36,1.2,0.19419237749546278,0.10596894535188545,0.2122910215378807,0.11428342029028979,0.0,0.0,4
M018102,C125,C198,3,20,1.0,0.1842105263157895,0.06657894736842103,0.17990900730499024,0.07175387031357545,0.0,0.3333333333333333,3
M018102,C138,C198,3,20,1.0,0.17105263157894735,0.08486842105263157,0.18922544888162363,0.1002468817738196,0.0,0.16666666666666666,6
M018102,C176,C198,3,23,1.15,0.18575851393188852,0.09610983981693363,0.1820611030891328,0.09254525349762081,0.0,0.0,8
M018102,C110,C191,4,58,1.0,0.19298245614035092,0.08357099645665889,0.175807116708323,0.07048739580509977,0.0,0.2,5
M018102,C154,C191,4,58,1.0,0.1950464396284829,0.08202555069214619,0.19259964806401456,0.06961226771403974,0.0,0.4,5
M018102,C177,C191,4,58,1.0,0.14035087719298245,0.049228675136116146,0.16223816103236993,0.06141878049349764,0.0,0.3333333333333333,6
M018102,C186,C191,4,70,1.206896551724138,0.13533834586466165,0.057124955245255994,0.12618592799266498,0.05618843056112768,0.0,0.2727272727272727,11
M018102,C216,C191,4,62,1.0689655172413792,0.19649122807017538,0.10316921335597057,0.18592724465473903,0.09434230562069017,0.0,0.375,8
M018550,C005,C140,1,39,1.054054054054054,0.1495726495726496,0.06717072101687485,0.12594137558394058,0.05751443194069919,0.0,0.4,10
M018550,C009,C140,1,17,1.1333333333333333,0.13186813186813184,0.08112475759534583,0.14838223595500652,0.08535497198648272,0.0,0.0,0
M018550,C010,C140,1,17,1.1333333333333333,0.1208791208791209,0.07207498383968973,0.1349121964106196,0.07070885842151775,0.0,0.0,0
M018550,C014,C140,1,30,1.0,0.1485411140583554,0.05826702033598584,0.12774534451532873,0.05283375128757591,0.0,0.0,0
M018550,C015,C140,1,52,1.0196078431372548,0.14923076923076928,0.10281065088757398,0.19501450406910117,0.14068606638504827,0.0,0.5,6
M018550,C018,C140,1,16,1.1428571428571428,0.07692307692307698,0.0625,0.08479648869304132,0.061793737683255814,0.0,0.0,0
M018550,C019,C140,1,16,1.1428571428571428,0.07692307692307698,0.0625,0.08288749410537548,0.05904955796348622,0.0,0.0,0
M018550,C036,C140,1,14,1.0,0.13076923076923078,0.057142857142857155,0.10293924748422899,0.037625560609278096,0.0,0.0,1
M018550,C038,C140,1,26,1.0,0.08923076923076922,0.029112426035502955,0.08723026021897567,0.031582175709597114,0.0,0.0,0
M018550,C045,C140,1,34,1.0,0.14685314685314682,0.08823529411764704,0.10662855206715018,0.05638843823332244,0.0,0.0,0
M018550,C046,C140,1,16,1.1428571428571428,0.11538461538461536,0.062099358974358976,0.1191827919141666,0.05622084093180286,0.0,0.0,1
M018550,C063,C140,1,32,1.032258064516129,0.14871794871794874,0.09975961538461539,0.181236700766351,0.1277457060404082,0.0,0.0,0
M018550,C105,C140,1,19,1.0555555555555556,0.1493212669683257,0.05787092164801142,0.1383917359331845,0.05608079859172297,0.0,0.0,0
M018550,C109,C140,1,33,1.03125,0.14640198511166255,0.0979020979020979,0.1838945189273707,0.12989431628597078,0.0,0.0,0
M018550,C110,C140,1,33,1.03125,0.14640198511166258,0.090081961049703,0.1838945189273707,0.10105926442002686,0.0,0.0,2
M018550,C153,C140,1,28,1.037037037037037,0.11538461538461542,0.08653846153846155,0.14624847773425328,0.10035973708506363,0.0,0.0,0
M018550,C154,C140,1,28,1.037037037037037,0.11538461538461542,0.07829670329670331,0.14624847773425334,0.08940728254764696,0.0,0.0,2
M018550,C167,C140,1,46,1.0222222222222221,0.14860139860139865,0.08885679537853451,0.19102747616245846,0.08705275240064748,0.0,0.5,2
M018550,C178,C140,1,23,1.0454545454545454,0.14652014652014655,0.0823379519031693,0.4102308914564301,0.26192655252201463,0.0,0.0,2
M018550,C194,C140,1,38,1.0,0.1496881496881497,0.08906882591093117,0.10520970947856598,0.048574585141288776,0.0,0.0,0
M018550,C006,C173,2,44,1.1282051282051282,0.14935988620199148,0.1109692228113281,0.15028405300629416,0.11187249222605473,0.0,0.0,8
M018550,C008,C173,2,38,1.0,0.14123801220575416,0.07555178268251271,0.15418168614883643,0.08196752499758966,0.0,0.0,7
M018550,C016,C173,2,64,1.2549019607843137,0.14756756756756756,0.08358952702702702,0.15496237771227706,0.07831163200036673,0.0,0.125,8
M018550,C017,C173,2,54,1.0588235294117647,0.14864864864864868,0.09661661661661664,0.15648576789942362,0.10358031955193603,0.0,0.5,2
M018550,C025,C173,2,38,1.0,0.14935988620199148,0.09276035037807892,0.12573120135683194,0.07347862261199543,0.0,0.5,2
M018550,C028,C173,2,41,1.0789473684210527,0.1454689984101749,0.0919771995812168,0.1424467827904273,0.09124387516592379,0.0,0.3333333333333333,3
M018550,C029,C173,2,38,1.0,0.07869634340222575,0.037277215295791165,0.07558907706568989,0.03735974858060402,0.0,0.0,7
M018550,C030,C173,2,41,1.0789473684210527,0.1490845684394071,0.10500350862270612,0.14438560452837457,0.10078911556039513,0.0,0.5,4
M018550,C031,C173,2,41,1.0789473684210527,0.1490845684394071,0.10500350862270612,0.14438560452837448,0.10054398415171699,0.0,0.0,6
M018550,C034,C173,2,38,1.0,0.14864864864864868,0.09210526315789475,0.08533743421720061,0.03653847598420821,0.0,0.0,2
M018550,C035,C173,2,38,1.0,0.14864864864864868,0.0861308677098151,0.19834809201349704,0.05497588064310727,0.0,0.0,3
M018550,C037,C173,2,38,1.0,0.1491891891891892,0.09999999999999999,0.1381499586965593,0.09382229838241632,0.0,0.0,4
M018550,C044,C173,2,41,1.0789473684210527,0.14250614250614257,0.07942310381334772,0.14154521146390314,0.07985511861540157,0.0,0.0,6
M018550,C047,C173,2,38,1.0,0.14864864864864863,0.065493124703651,0.17462513413448488,0.07639419463802925,0.0,0.125,8
M018550,C050,C173,2,38,1.0,0.14714714714714716,0.07934250039513199,0.15623927958371345,0.04683717262767262,0.0,0.3333333333333333,3
M018550,C051,C173,2,38,1.0,0.14414414414414423,0.07057057057057058,0.20587220885253874,0.07727117752385354,0.0,0.0,5
M018550,C052,C173,2,38,1.0,0.14714714714714716,0.06914809546388496,0.20770733179684825,0.07877047807769733,0.0,0.25,4
M018550,C053,C173,2,38,1.0,0.1351351351351351,0.06574996048680261,0.1718801294965795,0.07632548392641517,0.0,0.5,2
M018550,C055,C173,2,51,1.1333333333333333,0.14864864864864863,0.08639254227489519,0.14004640673875535,0.08101546857387146,0.0,0.0,4
M018550,C061,C173,2,38,1.0,0.14864864864864868,0.10526315789473684,0.12946447400227426,0.0871063371957081,0.0,0.0,2
M018550,C062,C173,2,38,1.0,0.14864864864864868,0.08410384068278805,0.12946447400227426,0.06871536356962335,0.0,0.25,4
M018550,C064,C173,2,38,1.0,0.14954954954954958,0.08333333333333334,0.14237699513218632,0.08117884211774253,0.0,0.0,2
M018550,C065,C173,2,41,1.0789473684210527,0.14954954954954958,0.10580092287409362,0.14378816340619852,0.10343638897466703,0.0,0.0,6
M018550,C086,C173,2,40,1.0526315789473684,0.14725069897483692,0.10505591798695249,0.1376553883958773,0.09608097194918788,0.0,0.0,4
M018550,C087,C173,2,40,1.0526315789473684,0.14725069897483692,0.10370456663560115,0.1376553883958773,0.09474839257025178,0.0,0.0,4
M018550,C091,C173,2,38,1.0,0.1471471471471471,0.06796269954164688,0.16958137628374734,0.08761451180324455,0.0,0.0,5
M018550,C092,C173,2,38,1.0,0.14864864864864868,0.1038011695906433,0.12251143699203781,0.07958154004092854,0.0,0.0,2
M018550,C093,C173,2,38,1.0,0.14800514800514802,0.08609361240940189,0.12541235543519355,0.07240274244865325,0.0,0.0,4
M018550,C106,C173,2,38,1.0,0.1478537360890302,0.08191783114383734,0.15380816615809054,0.07102596037130691,0.0,0.0,3
M018550,C125,C173,2,38,1.0,0.14864864864864868,0.09868421052631582,0.12004484040124967,0.07197515577452684,0.0,0.0,3
M018550,C129,C173,2,38,1.0,0.14987714987714984,0.08088710720289667,0.21384366121032838,0.1072089328996521,0.0,0.5,2
M018550,C130,C173,2,38,1.0,0.14987714987714984,0.08851674641148327,0.08289186082066129,0.035536776799660406,0.0,0.0,2
M018550,C136,C173,2,38,1.0,0.14054054054054055,0.05945945945945946,0.2590236429625586,0.09960393120375508,0.0,0.0,3
M018550,C137,C173,2,38,1.0,0.1405405405405405,0.05860597439544809,0.2565262320210048,0.11805895897365627,0.0,0.0,3
M018550,C138,C173,2,38,1.0,0.14760914760914767,0.0656526972316446,0.17762910118034084,0.07478925925580834,0.0,0.0,5
M018550,C139,C173,2,38,1.0,0.1496881496881497,0.08999890578837948,0.14293629264647112,0.0671611636232849,0.0,0.5,2
M018550,C141,C173,2,41,1.0789473684210527,0.1496138996138997,0.07780864488181563,0.13414429871020325,0.07104228848126307,0.0,0.0,3
M018550,C150,C173,2,38,1.0,0.14714714714714716,0.06124545598229809,0.1544791501665109,0.058148766511326756,0.0,0.0,2
M018550,C151,C173,2,38,1.0,0.14714714714714716,0.056029713924450775,0.15447915016651093,0.05374505449607172,0.0,0.0,3
M018550,C152,C173,2,38,1.0,0.14414414414414423,0.0680417259364628,0.17026998713359007,0.06634315972018293,0.0,0.5,2
M018550,C165,C173,2,50,1.1111111111111112,0.14864864864864868,0.10943488943488944,0.1474740430599826,0.10933931928567141,0.0,0.0,4
M018550,C166,C173,2,49,1.0888888888888888,0.14864864864864868,0.10725567868425012,0.1474740430599826,0.10713589547128191,0.0,0.0,2
M018550,C174,C173,2,41,1.0789473684210527,0.14449064449064442,0.06247147710562344,0.15595006526275595,0.06361371417017712,0.0,0.0,3
M018550,C175,C173,2,44,1.1578947368421053,0.14864864864864868,0.07555282555282555,0.13695123963110828,0.07116466592830772,0.0,0.0,3
M018550,C176,C173,2,39,1.0263157894736843,0.14760914760914767,0.0684471453702223,0.15970990661827367,0.07378307862087564,0.0,0.0,7
M018550,C177,C173,2,42,1.105263157894737,0.13513513513513514,0.10006435006435006,0.13277377136478297,0.10206707722222541,0.0,0.0,4
M018550,C179,C173,2,38,1.0,0.14864864864864868,0.08223684210526318,0.12177963715961963,0.04719546708034318,0.0,0.0,2
M018550,C180,C173,2,38,1.0,0.13899613899613894,0.06167445641129852,0.17080377927596435,0.05854052383426752,0.0,0.5,2
M018550,C181,C173,2,38,1.0,0.14527027027027029,0.058766002844950205,0.17080377927596438,0.07505598929662441,0.0,0.5,2
M018550,C182,C173,2,39,1.0263157894736843,0.14949324324324326,0.08595374220374224,0.14186449008670948,0.07706369413198665,0.0,0.0,2
M018550,C183,C173,2,43,1.131578947368421,0.1494932432432432,0.08078645505971085,0.16198935297089306,0.0830864825893643,0.0,0.0,5
M018550,C192,C173,2,38,1.0,0.14571092831962398,0.06289813841301256,0.13910718905835068,0.05971781438312748,0.0,0.25,4
M018550,C193,C173,2,38,1.0,0.1492361927144536,0.10411899313501145,0.13302205896224817,0.08969181741708968,0.0,0.0,3
M018550,C195,C173,2,43,1.131578947368421,0.1351351351351352,0.08296668761785041,0.12942158117385408,0.0757989873858718,0.0,0.0,6
M018550,C197,C173,2,39,1.0263157894736843,0.14864864864864863,0.0673943173943174,0.14414769094225244,0.06951802522978802,0.0,0.0,6
M018550,C198,C173,2,41,1.0789473684210527,0.14671814671814676,0.0882145211413504,0.13946698429069967,0.0829184914631435,0.0,0.0,7
M018550,C199,C173,2,44,1.1578947368421053,0.14671814671814676,0.09507722007722008,0.1394669842906997,0.0888105077532973,0.0,0.0,5
M018550,C202,C173,2,38,1.0,0.14864864864864863,0.08223684210526314,0.2060166361161879,0.11767551063204126,0.0,0.3333333333333333,3
M019216,C005,C030,1,41,1.1081081081081081,0.14964157706093184,0.10840108401084009,0.1325430870907128,0.08987989527780472,0.0,0.16666666666666666,12
M019216,C006,C030,1,44,1.1282051282051282,0.14516129032258063,0.08637521222410868,0.14839600674101408,0.08851999394232053,0.0,0.25,8
M019216,C008,C030,1,36,1.125,0.12903225806451618,0.10752688172043011,0.14162726813348017,0.11070300070163351,0.0,0.14285714285714285,7
M019216,C014,C030,1,35,1.09375,0.14794215795328144,0.10284443031940249,0.14528358561822208,0.10296613472766401,0.0,0.0,2
M019216,C016,C030,1,53,1.0392156862745099,0.1496774193548387,0.09683505782105904,0.13421257759062966,0.08611660562929692,0.0,0.0,8
M019216,C017,C030,1,58,1.1372549019607843,0.1496774193548387,0.08617352614015573,0.14939074638765273,0.0841211589243101,0.0,0.0,2
M019216,C025,C030,1,34,1.0625,0.14770797962648552,0.10181763707180665,0.16351067705486672,0.11437640394118685,0.0,0.5,2
M019216,C028,C030,1,42,1.2,0.14800759013282727,0.08247492545405258,0.149035014180469,0.08218516415366861,0.0,0.0,3
M019216,C029,C030,1,35,1.0,0.08538899430740038,0.04025481160206019,0.08081858915655432,0.03642900267139269,0.0,0.0,7
M019216,C031,C030,1,41,1.28125,0.12903225806451613,0.05743509047993705,0.12670712582649327,0.0564001230813049,0.0,0.0,6
M019216,C034,C030,1,32,1.0,0.14838709677419348,0.090625,0.08456000032100126,0.037813494607855366,0.0,0.5,2
M019216,C035,C030,1,32,1.0,0.14838709677419348,0.07883064516129032,0.1793245953808538,0.05111058060141897,0.0,0.0,3
M019216,C037,C030,1,35,1.09375,0.14838709677419348,0.07933640552995391,0.1437906018713332,0.07924739712983368,0.0,0.0,4
M019216,C038,C030,1,32,1.0,0.14709677419354839,0.08249999999999999,0.14045813616926628,0.07957760081166323,0.0,0.0,2
M019216,C044,C030,1,38,1.1176470588235294,0.14760508308895406,0.0868189535422133,0.1433943666331804,0.08455994298373593,0.0,0.0,6
M019216,C045,C030,1,38,1.1176470588235294,0.14760508308895404,0.10333384781602098,0.14562004406340398,0.10260384814789965,0.0,0.0,2
M019216,C046,C030,1,32,1.0,0.14516129032258063,0.08098118279569892,0.14949916474497843,0.07717873720127663,0.0,0.0,3
M019216,C047,C030,1,32,1.0,0.14516129032258063,0.06182795698924731,0.15867399856968684,0.07264002478199727,0.0,0.125,8
M019216,C050,C030,1,32,1.0,0.13978494623655913,0.0757168458781362,0.19734743928595216,0.11039440148472388,0.0,0.0,3
M019216,C051,C030,1,32,1.0,0.13978494623655913,0.06933243727598568,0.197347439285952,0.07393805394518871,0.0,0.0,5
M019216,C052,C030,1,32,1.0,0.13978494623655913,0.07000448028673835,0.19734743928595216,0.07789765162726665,0.0,0.0,4
M019216,C053,C030,1,32,1.0,0.1469534050179211,0.07638888888888888,0.1876065562852432,0.11857681401126577,0.0,0.5,2
M019216,C055,C030,1,45,1.0,0.1495601173020528,0.0961225154773542,0.13745155428535247,0.08595073865963782,0.0,0.0,4
M019216,C061,C030,1,33,1.03125,0.14838709677419348,0.07365591397849462,0.13096143538358385,0.0685267067142784,0.0,0.0,2
M019216,C062,C030,1,36,1.125,0.13870967741935492,0.06232078853046594,0.13957832712784982,0.06297420420243642,0.0,0.0,4
M019216,C064,C030,1,35,1.09375,0.12688172043010754,0.09164362519201227,0.12425017712005101,0.09220143156994076,0.0,0.0,2
M019216,C065,C030,1,38,1.1875,0.14838709677419354,0.09046406338426712,0.14226780096729372,0.08559850943677481,0.0,0.0,6
M019216,C086,C030,1,39,1.21875,0.1446051167964405,0.052394398334331585,0.13502509701198026,0.04743627037280197,0.0,0.0,4
M019216,C087,C030,1,37,1.15625,0.12347052280311466,0.055316718275561436,0.11531257462660918,0.0508996438663176,0.0,0.0,4
M019216,C091,C030,1,33,1.03125,0.14874551971326166,0.08488106875203649,0.16788304420249145,0.09962486146021708,0.0,0.2,5
M019216,C092,C030,1,32,1.0,0.14695340501792115,0.09548611111111112,0.1219575573668057,0.0743793962236621,0.0,0.0,2
M019216,C093,C030,1,32,1.0,0.1490015360983103,0.08448540706605223,0.1295911182320491,0.07019568003199005,0.0,0.0,4
M019216,C105,C030,1,32,1.0,0.14800759013282727,0.10110294117647058,0.1204142619877868,0.07647044191391911,0.0,0.0,2
M019216,C106,C030,1,32,1.0,0.14800759013282727,0.07412239089184061,0.1204142619877869,0.05237456376258737,0.0,0.0,3
M019216,C110,C030,1,36,1.125,0.12903225806451618,0.1057347670250896,0.13741095906492556,0.10954730996595784,0.0,0.0,4
M019216,C125,C030,1,32,1.0,0.14717741935483875,0.09765625,0.12162725231700099,0.07363662642540858,0.0,0.0,3
M019216,C129,C030,1,32,1.0,0.14662756598240467,0.07028958944281526,0.20839295568096047,0.11509689566544071,0.0,0.5,2
M019216,C130,C030,1,32,1.0,0.1407624633431086,0.0686400293255132,0.20339058946184638,0.10644849301502443,0.0,0.5,2
M019216,C136,C030,1,32,1.0,0.14838709677419348,0.0625,0.26710007321889145,0.09679282434681949,0.0,0.3333333333333333,3
M019216,C137,C030,1,32,1.0,0.14838709677419354,0.058870967741935495,0.26110308658865194,0.11717710545977723,0.0,0.3333333333333333,3
M019216,C138,C030,1,32,1.0,0.14888337468982638,0.07040942928039703,0.17394170357584549,0.07827986809587495,0.0,0.2,5
M019216,C139,C030,1,32,1.0,0.14640198511166258,0.0880893300248139,0.18142440356465545,0.08343799715495823,0.0,0.0,2
M019216,C140,C030,1,32,1.0,0.1488833746898263,0.09855769230769229,0.11230291472003845,0.06480820538519706,0.0,0.0,2
M019216,C141,C030,1,38,1.1875,0.14516129032258063,0.08079674993936452,0.15217174008113374,0.08023685533934594,0.0,0.0,3
M019216,C150,C030,1,32,1.0,0.1469534050179211,0.08333333333333333,0.19382718045154668,0.1209997124003582,0.0,0.5,2
M019216,C151,C030,1,32,1.0,0.13978494623655913,0.06966845878136202,0.19382718045154682,0.06866973191968054,0.0,0.0,3
M019216,C152,C030,1,32,1.0,0.13978494623655913,0.06597222222222221,0.19382718045154682,0.09801441085935951,0.0,0.0,2
M019216,C154,C030,1,32,1.0,0.1488833746898263,0.07572115384615384,0.13845038518041053,0.06413512123738035,0.0,0.0,4
M019216,C165,C030,1,48,1.0666666666666667,0.14956011730205276,0.10691593352883676,0.1507148073210005,0.10924844070433892,0.0,0.25,4
M019216,C166,C030,1,49,1.0888888888888888,0.1488269794721408,0.10802561493805733,0.15406586414313683,0.11043731919449523,0.0,0.0,2
M019216,C167,C030,1,46,1.0222222222222221,0.1488269794721408,0.09473415784776233,0.1507148073210006,0.09707485304285975,0.0,0.0,4
M019216,C173,C030,1,41,1.0789473684210527,0.1490845684394071,0.10500350862270612,0.14438560452837457,0.10078911556039513,0.0,0.5,4
M019216,C174,C030,1,35,1.09375,0.14888337468982638,0.09319390287132223,0.1596852356172777,0.10140163568933618,0.0,0.0,3
M019216,C175,C030,1,37,1.15625,0.14516129032258063,0.08567500502984372,0.1527772948589221,0.08606370133822151,0.0,0.0,3
M019216,C176,C030,1,33,1.03125,0.14888337468982638,0.08797653958944282,0.1596852356172777,0.09639181495442951,0.0,0.14285714285714285,7
M019216,C177,C030,1,41,1.1081081081081081,0.14964157706093184,0.10693679517440334,0.15417410989472632,0.11140280149137956,0.0,0.0,4
M019216,C179,C030,1,32,1.0,0.14919354838709678,0.0694304435483871,0.1947996572138306,0.08303075500804061,0.0,0.0,2
M019216,C180,C030,1,32,1.0,0.14746543778801835,0.06581221198156681,0.16075339152016185,0.06695251787677921,0.0,0.5,2
M019216,C181,C030,1,32,1.0,0.14919354838709678,0.08203125,0.1947996572138304,0.11023716559333176,0.0,0.5,2
M019216,C182,C030,1,37,1.121212121212121,0.14717741935483875,0.10862576285963381,0.13647189142490881,0.10154481814747571,0.0,0.0,2
M019216,C183,C030,1,37,1.121212121212121,0.14919354838709678,0.11208587619877944,0.15170275187367427,0.11455552478014305,0.0,0.2,5
M019216,C192,C030,1,34,1.0625,0.1472650771388499,0.06146357561257322,0.1402789888505237,0.05814653663014946,0.0,0.0,4
M019216,C193,C030,1,32,1.0,0.14866760168302945,0.0828804347826087,0.13511395592739894,0.07168224904988384,0.0,0.0,3
M019216,C194,C030,1,41,1.0789473684210527,0.14908456843940715,0.09805005635060707,0.1535536250204235,0.10424011380230185,0.0,0.0,2
M019216,C195,C030,1,38,1.0,0.14646904969485616,0.07300509337860783,0.13685770633014557,0.06400756115509167,0.0,0.0,6
M019216,C197,C030,1,35,1.09375,0.14861751152073732,0.06672152732060564,0.13995641924454882,0.06704148979231339,0.0,0.0,6
M019216,C198,C030,1,35,1.09375,0.13364055299539168,0.09927583936800526,0.12591702084621162,0.091501065327727,0.0,0.14285714285714285,7
M019216,C199,C030,1,35,1.09375,0.14055299539170507,0.1033574720210665,0.13153278020554654,0.09544216945758881,0.0,0.2,5
M019216,C202,C030,1,32,1.0,0.14919354838709678,0.08203125,0.19895184702674434,0.1146488672695528,0.0,0.3333333333333333,3
M019216,C010,C009,2,17,1.1333333333333333,0.1428571428571429,0.1092436974789916,0.13512399737737152,0.1017501179556034,0.0,0.0,0
M019216,C015,C009,2,51,1.0,0.14857142857142858,0.09943977591036414,0.1809472483453891,0.12264230449486584,0.0,0.3333333333333333,6
M019216,C018,C009,2,15,1.0,0.038461538461538436,0.01794871794871795,0.04046365734852344,0.016595345059529403,0.0,0.0,0
M019216,C019,C009,2,16,1.0666666666666667,0.1428571428571429,0.0892857142857143,0.14270879090737174,0.09031472290698955,0.0,0.0,0
M019216,C036,C009,2,15,1.0,0.11428571428571432,0.04857142857142857,0.06331109331803705,0.02589553411226981,0.0,0.0,1
M019216,C063,C009,2,31,1.0,0.14761904761904765,0.0815668202764977,0.1582582271176698,0.0905561710658346,0.0,0.0,0
M019216,C109,C009,2,32,1.0,0.14746543778801835,0.08842165898617511,0.16531484275543612,0.10276844730171232,0.0,0.0,0
M019216,C153,C009,2,27,1.0,0.14835164835164832,0.08791208791208789,0.14820252230786743,0.08403868644818233,0.0,0.0,0
M019216,C178,C009,2,23,1.0454545454545454,0.1428571428571429,0.09523809523809525,0.33559090080192755,0.11311546193963676,0.0,0.0,2
M019684,C005,C010,1,38,1.027027027027027,0.14682539682539683,0.09116541353383459,0.1432051283237174,0.08915054675718805,0.0,0.2,10
M019684,C009,C010,1,17,1.1333333333333333,0.1428571428571429,0.1092436974789916,0.13512399737737152,0.1017501179556034,0.0,0.0,0
M019684,C014,C010,1,31,1.0333333333333334,0.13793103448275867,0.09010011123470522,0.14070983811728768,0.07236735593852169,0.0,0.0,0
M019684,C015,C010,1,51,1.0,0.14857142857142858,0.10364145658263307,0.1809472483453892,0.1266165397118474,0.0,0.3333333333333333,6
M019684,C018,C010,1,16,1.0666666666666667,0.13186813186813184,0.08413461538461536,0.11778242994228992,0.07112696227495825,0.0,0.0,0
M019684,C019,C010,1,15,1.0,0.06043956043956045,0.025274725274725282,0.06936626974032582,0.030684654526250514,0.0,0.0,0
M019684,C036,C010,1,15,1.0,0.14285714285714285,0.0733333333333333,0.1055615828864133,0.040528580408607746,0.0,0.0,1
M019684,C038,C010,1,28,1.0769230769230769,0.1457142857142857,0.09061224489795919,0.13184791334108922,0.07482424767063756,0.0,0.0,0
M019684,C045,C010,1,34,1.0,0.14935064935064937,0.10084033613445378,0.12906341274843816,0.07913248807811919,0.0,0.0,0
M019684,C046,C010,1,17,1.1333333333333333,0.14285714285714285,0.07983193277310925,0.13342338391705236,0.07824128456384756,0.0,0.0,1
M019684,C063,C010,1,31,1.0,0.14761904761904765,0.09216589861751151,0.1582582271176698,0.10581210625360235,0.0,0.0,0
M019684,C105,C010,1,19,1.0555555555555556,0.1470588235294118,0.09398496240601505,0.15127392656002542,0.09473776827886603,0.0,0.0,0
M019684,C109,C010,1,32,1.0,0.14746543778801835,0.09375,0.1653148427554363,0.11121369713779806,0.0,0.0,0
M019684,C110,C010,1,32,1.0,0.14516129032258063,0.08006912442396313,0.11607101731010065,0.06268394010563044,0.0,0.0,2
M019684,C140,C010,1,17,1.1333333333333333,0.1208791208791209,0.07207498383968973,0.1349121964106196,0.07070885842151775,0.0,0.0,0
M019684,C153,C010,1,27,1.0,0.14835164835164832,0.09523809523809523,0.14820252230786762,0.09337523596060258,0.0,0.0,0
M019684,C154,C010,1,27,1.0,0.14835164835164832,0.07855107855107855,0.14020663036627182,0.07789888357573639,0.0,0.0,2
M019684,C167,C010,1,45,1.0,0.14935064935064937,0.09711399711399711,0.13665850048094028,0.07885107307699246,0.0,0.5,2
M019684,C178,C010,1,24,1.0909090909090908,0.14285714285714285,0.07638888888888888,0.45742440770571174,0.18378644913547695,0.0,0.0,2
M019684,C194,C010,1,39,1.0263157894736843,0.14864864864864868,0.10256410256410259,0.11841609088211152,0.07398310567380564,0.0,0.0,0
M019684,C006,C173,2,44,1.1282051282051282,0.14935988620199148,0.1109692228113281,0.15028405300629416,0.11187249222605473,0.0,0.0,8
M019684,C008,C173,2,42,1.105263157894737,0.1490845684394071,0.07672188317349608,0.13700271393178542,0.06877948970239021,0.0,0.14285714285714285,7
M019684,C016,C173,2,63,1.2352941176470589,0.14864864864864868,0.08057486057486057,0.1564857678994237,0.07921450229307739,0.0,0.0,8
M019684,C017,C173,2,54,1.0588235294117647,0.14864864864864868,0.09661661661661664,0.15648576789942362,0.10358031955193603,0.0,0.5,2
M019684,C025,C173,2,38,1.0,0.14935988620199148,0.09276035037807892,0.12573120135683194,0.07347862261199543,0.0,0.5,2
M019684,C028,C173,2,41,1.0789473684210527,0.1454689984101749,0.09664973438287643,0.1424467827904273,0.09574090614679734,0.0,0.3333333333333333,3
M019684,C029,C173,2,42,1.105263157894737,0.1462639109697933,0.056457718222424104,0.1437146785139366,0.05679777264985769,0.0,0.0,7
M019684,C030,C173,2,41,1.0789473684210527,0.1490845684394071,0.10500350862270612,0.14438560452837457,0.10078911556039513,0.0,0.5,4
M019684,C031,C173,2,41,1.0789473684210527,0.1490845684394071,0.10500350862270612,0.14438560452837448,0.10054398415171699,0.0,0.0,6
M019684,C034,C173,2,38,1.0,0.14864864864864868,0.09210526315789475,0.08533743421720061,0.03653847598420821,0.0,0.0,2
M019684,C035,C173,2,38,1.0,0.14864864864864868,0.0861308677098151,0.19834809201349704,0.05497588064310727,0.0,0.0,3
M019684,C037,C173,2,38,1.0,0.1491891891891892,0.09999999999999999,0.1381499586965593,0.09382229838241632,0.0,0.0,4
M019684,C044,C173,2,41,1.0789473684210527,0.14250614250614257,0.07942310381334772,0.14154521146390314,0.07985511861540157,0.0,0.0,6
M019684,C047,C173,2,38,1.0,0.12387387387387389,0.056009957325746804,0.14200555709747814,0.05522868340332947,0.0,0.125,8
M019684,C050,C173,2,38,1.0,0.14714714714714716,0.07934250039513199,0.15623927958371345,0.04683717262767262,0.0,0.3333333333333333,3
M019684,C051,C173,2,38,1.0,0.14414414414414423,0.07057057057057058,0.20587220885253874,0.07727117752385354,0.0,0.0,5
M019684,C052,C173,2,38,1.0,0.14714714714714716,0.060218112849691814,0.15623927958371345,0.048101689355091924,0.0,0.25,4
M019684,C053,C173,2,38,1.0,0.1351351351351351,0.06574996048680261,0.1718801294965795,0.07632548392641517,0.0,0.5,2
M019684,C055,C173,2,48,1.0666666666666667,0.14987714987714984,0.0712914619164619,0.14065854697754454,0.06717865453684818,0.0,0.0,4
M019684,C061,C173,2,38,1.0,0.14864864864864868,0.10526315789473684,0.12946447400227426,0.0871063371957081,0.0,0.0,2
M019684,C062,C173,2,38,1.0,0.14864864864864868,0.08410384068278805,0.12946447400227426,0.06871536356962335,0.0,0.25,4
M019684,C064,C173,2,38,1.0,0.14954954954954958,0.08333333333333334,0.14237699513218632,0.08117884211774253,0.0,0.0,2
M019684,C065,C173,2,41,1.0789473684210527,0.14954954954954958,0.10580092287409362,0.14378816340619852,0.10343638897466703,0.0,0.0,6
M019684,C086,C173,2,40,1.0526315789473684,0.14725069897483692,0.10505591798695249,0.1376553883958773,0.09608097194918788,0.0,0.0,4
M019684,C087,C173,2,40,1.0526315789473684,0.14725069897483692,0.10370456663560115,0.1376553883958773,0.09474839257025178,0.0,0.0,4
M019684,C091,C173,2,38,1.0,0.13363363363363356,0.055081397186660316,0.15260163951644062,0.07156247946863022,0.0,0.0,5
M019684,C092,C173,2,38,1.0,0.14864864864864868,0.1038011695906433,0.12251143699203781,0.07958154004092854,0.0,0.0,2
M019684,C093,C173,2,38,1.0,0.14800514800514802,0.08609361240940189,0.12541235543519355,0.07240274244865325,0.0,0.0,4
M019684,C106,C173,2,38,1.0,0.1478537360890302,0.08191783114383734,0.15380816615809054,0.07102596037130691,0.0,0.0,3
M019684,C125,C173,2,38,1.0,0.14864864864864868,0.08734886201991465,0.17312262296469272,0.08987410475573841,0.0,0.0,3
M019684,C129,C173,2,38,1.0,0.14987714987714984,0.08088710720289667,0.21384366121032838,0.1072089328996521,0.0,0.5,2
M019684,C130,C173,2,38,1.0,0.14987714987714984,0.08851674641148327,0.08289186082066129,0.035536776799660406,0.0,0.0,2
M019684,C136,C173,2,38,1.0,0.14054054054054055,0.05761024182076815,0.2590236429625586,0.10444771283821562,0.0,0.3333333333333333,3
M019684,C137,C173,2,38,1.0,0.14594594594594595,0.059743954480796585,0.2881726414828345,0.1374340855114984,0.0,0.3333333333333333,3
M019684,C138,C173,2,38,1.0,0.1496881496881497,0.06833351570193676,0.19058172352862818,0.09251136766390394,0.0,0.2,5
M019684,C139,C173,2,38,1.0,0.1496881496881497,0.08999890578837948,0.14293629264647112,0.0671611636232849,0.0,0.5,2
M019684,C141,C173,2,40,1.0526315789473684,0.1496138996138997,0.09348455598455599,0.13414429871020325,0.08181546543498888,0.0,0.0,3
M019684,C150,C173,2,38,1.0,0.14714714714714716,0.06124545598229809,0.1544791501665109,0.058148766511326756,0.0,0.0,2
M019684,C151,C173,2,38,1.0,0.14714714714714716,0.056029713924450775,0.15447915016651093,0.05374505449607172,0.0,0.0,3
M019684,C152,C173,2,38,1.0,0.14414414414414423,0.0680417259364628,0.17026998713359007,0.06634315972018293,0.0,0.5,2
M019684,C165,C173,2,50,1.1111111111111112,0.14864864864864868,0.10943488943488944,0.1474740430599826,0.10933931928567141,0.0,0.0,4
M019684,C166,C173,2,49,1.0888888888888888,0.14864864864864868,0.10725567868425012,0.1474740430599826,0.10713589547128191,0.0,0.0,2
M019684,C174,C173,2,39,1.0263157894736843,0.14137214137214138,0.052055013593475134,0.12580479480059428,0.052340819415465666,0.0,0.3333333333333333,3
M019684,C175,C173,2,42,1.105263157894737,0.14864864864864868,0.07316107316107316,0.13339101712964935,0.06263225302685493,0.0,0.0,3
M019684,C176,C173,2,38,1.0,0.14864864864864863,0.09068278805120909,0.15977644623629314,0.10194903462260961,0.0,0.0,7
M019684,C177,C173,2,42,1.105263157894737,0.13513513513513514,0.10006435006435006,0.13277377136478297,0.10206707722222541,0.0,0.0,4
M019684,C179,C173,2,38,1.0,0.14864864864864868,0.08223684210526318,0.12177963715961963,0.04719546708034318,0.0,0.0,2
M019684,C180,C173,2,38,1.0,0.13899613899613894,0.06167445641129852,0.17080377927596435,0.05854052383426752,0.0,0.5,2
M019684,C181,C173,2,38,1.0,0.14527027027027029,0.058766002844950205,0.17080377927596438,0.07505598929662441,0.0,0.5,2
M019684,C182,C173,2,39,1.0263157894736843,0.14949324324324326,0.08595374220374224,0.14186449008670948,0.07706369413198665,0.0,0.0,2
M019684,C183,C173,2,43,1.131578947368421,0.1494932432432432,0.083830923947203,0.16198935297089306,0.08587076541155948,0.0,0.0,5
M019684,C192,C173,2,38,1.0,0.14571092831962398,0.06289813841301256,0.13910718905835068,0.05971781438312748,0.0,0.25,4
M019684,C193,C173,2,38,1.0,0.1492361927144536,0.10411899313501145,0.13302205896224817,0.08969181741708968,0.0,0.0,3
M019684,C195,C173,2,43,1.131578947368421,0.1351351351351352,0.08296668761785041,0.12942158117385408,0.0757989873858718,0.0,0.0,6
M019684,C197,C173,2,40,1.0526315789473684,0.14864864864864863,0.0739864864864865,0.14414769094225244,0.07600958620523757,0.0,0.16666666666666666,6
M019684,C198,C173,2,40,1.0526315789473684,0.14671814671814676,0.0888030888030888,0.13784295713022054,0.08405052804866442,0.0,0.0,7
M019684,C199,C173,2,42,1.105263157894737,0.14671814671814676,0.07545045045045044,0.13784295713022054,0.07053197608763544,0.0,0.0,5
M019684,C202,C173,2,38,1.0,0.14864864864864868,0.0713904694167852,0.17287987418242132,0.06389378169583113,0.0,0.0,3
M020341,C005,C009,1,37,1.0,0.14682539682539683,0.09266409266409269,0.14320512832371748,0.0908200087604857,0.0,0.1,10
M020341,C010,C009,1,17,1.1333333333333333,0.1428571428571429,0.1092436974789916,0.13512399737737152,0.1017501179556034,0.0,0.0,0
M020341,C014,C009,1,31,1.0333333333333334,0.13793103448275867,0.08843159065628478,0.12774534451532873,0.06844504397996605,0.0,0.0,0
M020341,C015,C009,1,51,1.0,0.14857142857142858,0.09943977591036414,0.1809472483453891,0.12264230449486584,0.0,0.3333333333333333,6
M020341,C018,C009,1,15,1.0,0.038461538461538436,0.01794871794871795,0.04046365734852344,0.016595345059529403,0.0,0.0,0
M020341,C019,C009,1,16,1.0666666666666667,0.1428571428571429,0.0892857142857143,0.14270879090737174,0.09031472290698955,0.0,0.0,0
M020341,C036,C009,1,15,1.0,0.11428571428571432,0.04857142857142857,0.06331109331803705,0.02589553411226981,0.0,0.0,1
M020341,C038,C009,1,28,1.0769230769230769,0.14857142857142858,0.0909183673469388,0.12843635931181438,0.07307433615338445,0.0,0.0,0
M020341,C046,C009,1,17,1.1333333333333333,0.14285714285714285,0.0819327731092437,0.1334233839170523,0.07884801817179353,0.0,0.0,1
M020341,C063,C009,1,31,1.0,0.14761904761904765,0.0815668202764977,0.1582582271176698,0.0905561710658346,0.0,0.0,0
M020341,C109,C009,1,32,1.0,0.14746543778801835,0.08842165898617511,0.16531484275543612,0.10276844730171232,0.0,0.0,0
M020341,C110,C009,1,32,1.0,0.14746543778801846,0.09194988479262672,0.11607101731010085,0.06814155420117854,0.0,0.0,2
M020341,C140,C009,1,17,1.1333333333333333,0.13186813186813184,0.08112475759534583,0.14838223595500652,0.08535497198648272,0.0,0.0,0
M020341,C153,C009,1,27,1.0,0.14835164835164832,0.08791208791208789,0.14820252230786743,0.08403868644818233,0.0,0.0,0
M020341,C154,C009,1,27,1.0,0.14835164835164832,0.08994708994708996,0.14020663036627182,0.08395260288220195,0.0,0.0,2
M020341,C178,C009,1,23,1.0454545454545454,0.1428571428571429,0.09523809523809525,0.33559090080192755,0.11311546193963676,0.0,0.0,2
M020341,C006,C008,2,44,1.1282051282051282,0.14516129032258063,0.09837552091372127,0.15850319991671497,0.10603793085414798,0.0,0.09090909090909091,11
M020341,C016,C008,2,54,1.0588235294117647,0.14838709677419354,0.08867383512544803,0.12626965530530604,0.07080963450063796,0.0,0.09090909090909091,11
M020341,C017,C008,2,56,1.0980392156862746,0.1496774193548387,0.07927419354838709,0.17337095569760352,0.0913606183417899,0.0,0.0,5
M020341,C025,C008,2,38,1.1875,0.1443123938879457,0.06750960593333928,0.1497132336023969,0.0633171039340308,0.0,0.4,5
M020341,C028,C008,2,39,1.1142857142857143,0.1489563567362429,0.10988663455456624,0.16070188545746408,0.1190825745179426,0.0,0.0,6
M020341,C029,C008,2,39,1.1142857142857143,0.1309297912713473,0.07432005060088552,0.11650460123530179,0.06534066097971354,0.0,0.1,10
M020341,C030,C008,2,39,1.21875,0.12903225806451618,0.08354011579818031,0.13729561391532275,0.08429312554414076,0.0,0.14285714285714285,7
M020341,C031,C008,2,38,1.1875,0.12903225806451618,0.10356536502546689,0.14162726813348037,0.10996981357844808,0.0,0.0,9
M020341,C034,C008,2,32,1.0,0.14838709677419348,0.090625,0.09322330875731633,0.04382968102196304,0.0,0.2,5
M020341,C035,C008,2,32,1.0,0.14838709677419348,0.08195564516129034,0.16729222255263843,0.05071572140374718,0.0,0.16666666666666666,6
M020341,C037,C008,2,34,1.0625,0.1496774193548387,0.09787476280834913,0.15819285057535817,0.10185900079653373,0.0,0.0,7
M020341,C044,C008,2,38,1.1176470588235294,0.1485826001955035,0.08797653958944282,0.1364287583536165,0.08130578273954037,0.0,0.0,9
M020341,C045,C008,2,38,1.1176470588235294,0.14956011730205276,0.11130832947471317,0.16241387895163323,0.11879519723486426,0.0,0.0,5
M020341,C047,C008,2,34,1.0625,0.14516129032258063,0.06459519291587601,0.1528984596121435,0.06254721605915421,0.0,0.2727272727272727,11
M020341,C050,C008,2,32,1.0,0.14695340501792115,0.05353942652329748,0.13795922041587116,0.04434279936775983,0.0,0.3333333333333333,6
M020341,C051,C008,2,32,1.0,0.13978494623655913,0.06720430107526881,0.1939783748940517,0.07222693224749926,0.0,0.125,8
M020341,C052,C008,2,32,1.0,0.13978494623655913,0.062163978494623656,0.17841429504694584,0.06817318577838839,0.0,0.2857142857142857,7
M020341,C053,C008,2,33,1.03125,0.14695340501792115,0.0825458889975019,0.17841429504694603,0.08656402286159073,0.0,0.2,5
M020341,C055,C008,2,46,1.0222222222222221,0.14662756598240467,0.07256470738237919,0.14507706388858463,0.07033952434445231,0.0,0.0,7
M020341,C061,C008,2,32,1.0,0.14838709677419348,0.09375,0.13962474381989892,0.08619603418448282,0.0,0.0,5
M020341,C062,C008,2,37,1.15625,0.14838709677419348,0.09398430688753269,0.1399358606878626,0.08369434910457428,0.0,0.14285714285714285,7
M020341,C064,C008,2,36,1.125,0.14838709677419348,0.11388888888888887,0.1564004379915154,0.11911452317909749,0.0,0.0,5
M020341,C065,C008,2,41,1.28125,0.14946236559139786,0.0825072121688959,0.15673812598053413,0.07885396213752938,0.0,0.0,9
M020341,C086,C008,2,37,1.15625,0.14794215795328144,0.08420767820100408,0.147409483540907,0.08443658700219145,0.0,0.2857142857142857,7
M020341,C087,C008,2,37,1.15625,0.14794215795328144,0.10218561164056159,0.147409483540907,0.10368788406569655,0.0,0.0,7
M020341,C091,C008,2,34,1.0625,0.1469534050179211,0.07779886148007588,0.15262919633517663,0.0807680689403113,0.0,0.125,8
M020341,C092,C008,2,32,1.0,0.14695340501792115,0.10069444444444445,0.13154135128877695,0.0869073075620477,0.0,0.0,5
M020341,C093,C008,2,32,1.0,0.1490015360983103,0.08597350230414748,0.13584795210272102,0.07654258825952752,0.0,0.0,7
M020341,C105,C008,2,32,1.0,0.14800759013282727,0.10110294117647058,0.13100275007661635,0.08390043213534207,0.0,0.0,5
M020341,C106,C008,2,32,1.0,0.14800759013282727,0.09926470588235292,0.13100275007661644,0.08209894797891105,0.0,0.0,6
M020341,C125,C008,2,32,1.0,0.14717741935483875,0.0831023185483871,0.1390566981229377,0.08129559315030227,0.0,0.16666666666666666,6
M020341,C129,C008,2,32,1.0,0.14662756598240467,0.07358870967741934,0.19924835233151672,0.09237728865114883,0.0,0.2,5
M020341,C130,C008,2,33,1.03125,0.1407624633431086,0.08566604461032613,0.19280210137301682,0.06546435941507268,0.0,0.2,5
M020341,C136,C008,2,32,1.0,0.14838709677419348,0.06068548387096774,0.26276841900073394,0.09655945228535377,0.0,0.3333333333333333,6
M020341,C137,C008,2,32,1.0,0.13548387096774195,0.05645161290322581,0.2716531751097449,0.10971703430628371,0.0,0.16666666666666666,6
M020341,C138,C008,2,32,1.0,0.14392059553349879,0.07033188585607941,0.1641248099532562,0.08858439982243706,0.0,0.125,8
M020341,C139,C008,2,32,1.0,0.14640198511166258,0.06932382133995035,0.1264168262733815,0.062441938092731616,0.0,0.0,5
M020341,C141,C008,2,36,1.125,0.14861751152073732,0.08771761392729134,0.1463546176717991,0.0849604108539426,0.0,0.0,6
M020341,C150,C008,2,32,1.0,0.1469534050179211,0.0667562724014337,0.17313390679533794,0.08864961366038962,0.0,0.4,5
M020341,C151,C008,2,32,1.0,0.13978494623655913,0.05421146953405018,0.14346617258445118,0.05334301798760825,0.0,0.3333333333333333,6
M020341,C152,C008,2,32,1.0,0.13620071684587814,0.05857974910394265,0.17313390679533794,0.06879778022889688,0.0,0.0,5
M020341,C165,C008,2,49,1.0888888888888888,0.14956011730205276,0.1109282422646478,0.16228389280585137,0.1183545299155698,0.0,0.14285714285714285,7
M020341,C166,C008,2,48,1.0666666666666667,0.14956011730205276,0.10920698924731181,0.16228389280585137,0.11660047152692497,0.0,0.0,5
M020341,C167,C008,2,45,1.0,0.14956011730205276,0.0949820788530466,0.16228389280585145,0.102295060425418,0.0,0.0,7
M020341,C173,C008,2,42,1.105263157894737,0.1490845684394071,0.07672188317349608,0.13700271393178542,0.06877948970239021,0.0,0.14285714285714285,7
M020341,C174,C008,2,39,1.21875,0.14888337468982638,0.08239485906979703,0.14765286278906234,0.08042272073656188,0.0,0.0,6
M020341,C175,C008,2,40,1.25,0.14640198511166258,0.075651364764268,0.14700175590137876,0.0751145508344782,0.0,0.16666666666666666,6
M020341,C176,C008,2,34,1.0625,0.14888337468982638,0.08549846737702527,0.14765286278906234,0.08712544286040114,0.0,0.1,10
M020341,C177,C008,2,41,1.1081081081081081,0.14964157706093184,0.11290322580645161,0.16776077744922213,0.12386909416794302,0.0,0.0,7
M020341,C179,C008,2,32,1.0,0.14919354838709675,0.07547883064516128,0.13163104594357242,0.05381871809280765,0.0,0.2,5
M020341,C180,C008,2,32,1.0,0.14746543778801835,0.06422811059907832,0.12663314516929772,0.04667716260840813,0.0,0.2,5
M020341,C181,C008,2,32,1.0,0.14516129032258063,0.07220262096774194,0.1743704696464982,0.08390189475417256,0.0,0.2,5
M020341,C182,C008,2,37,1.121212121212121,0.14919354838709675,0.11551874455100263,0.14953213431611515,0.1128573916343996,0.0,0.0,5
M020341,C183,C008,2,40,1.2121212121212122,0.14818548387096775,0.09591733870967742,0.14685716262402126,0.09254196648088099,0.0,0.125,8
M020341,C192,C008,2,37,1.15625,0.1472650771388499,0.07933740191804708,0.14104212139354697,0.07557602392395414,0.0,0.14285714285714285,7
M020341,C193,C008,2,32,1.0,0.14866760168302945,0.09375,0.1416760428152802,0.08977877127607967,0.0,0.0,6
M020341,C194,C008,2,42,1.105263157894737,0.14995640802092414,0.10829493087557603,0.16244460831446506,0.12085160830109214,0.0,0.0,5
M020341,C195,C008,2,40,1.0526315789473684,0.14734088927637318,0.08918918918918921,0.13493252667763114,0.07459140929060719,0.0,0.0,9
M020341,C197,C008,2,36,1.125,0.14516129032258063,0.06330005120327702,0.13137300060733814,0.06585131514591852,0.0,0.0,9
M020341,C198,C008,2,37,1.15625,0.12903225806451613,0.06706937352098641,0.09957386164694634,0.056446434445369294,0.0,0.1,10
M020341,C199,C008,2,40,1.25,0.14055299539170507,0.07114055299539171,0.12671983107426044,0.05920945974456737,0.0,0.125,8
M020341,C202,C008,2,32,1.0,0.1411290322580645,0.05002520161290322,0.13078533498221165,0.05538323147377165,0.0,0.16666666666666666,6
M020521,C005,C194,1,59,1.5526315789473684,0.19519519519519524,0.07949050745660914,0.19744462712054797,0.0828744355549499,0.0,0.0,0
M020521,C006,C194,1,49,1.2564102564102564,0.1465149359886202,0.05280575957267686,0.14054868747374133,0.0515623485410513,0.0,0.0,0
M020521,C008,C194,1,48,1.263157894736842,0.1752397558849172,0.05737794245858761,0.18929971957466435,0.0687129708474866,0.0,0.0,0
M020521,C009,C194,1,39,1.0263157894736843,0.1988416988416989,0.11310761310761311,0.20788645160301092,0.09554465179973924,0.0,0.0,0
M020521,C010,C194,1,40,1.0526315789473684,0.1988416988416989,0.11573359073359075,0.20788645160301092,0.1024643441627044,0.0,0.0,0
M020521,C014,C194,1,46,1.2105263157894737,0.1220876048462256,0.06298877588232911,0.12467074483916736,0.06184418302665135,0.0,0.0,0
M020521,C015,C194,1,65,1.2745098039215685,0.19945945945945948,0.10508108108108108,0.19990689396038122,0.10368689736357162,0.0,0.0,0
M020521,C016,C194,1,73,1.4313725490196079,0.19837837837837835,0.09933358015549795,0.19799266266646517,0.09816827575296815,0.0,0.0,0
M020521,C017,C194,1,63,1.2352941176470589,0.16378378378378378,0.06465894465894467,0.15494851380412303,0.06310564141551839,0.0,0.0,0
M020521,C018,C194,1,38,1.0,0.19750519750519752,0.11604114235693182,0.2154712451330114,0.09781630466002768,0.0,0.0,0
M020521,C019,C194,1,39,1.0263157894736843,0.19750519750519752,0.11450503758196066,0.2154712451330114,0.09621765889828128,0.0,0.0,0
M020521,C025,C194,1,43,1.131578947368421,0.18918918918918914,0.06116642958748221,0.1890319979036182,0.05643000915232701,0.0,0.0,0
M020521,C028,C194,1,46,1.2105263157894737,0.06597774244833077,0.031122554779843773,0.06600363838840477,0.02937940035090955,0.0,0.0,0
M020521,C030,C194,1,49,1.2894736842105263,0.1517000871839581,0.057754924114371116,0.15960894722878252,0.05767180903808247,0.0,0.0,0
M020521,C031,C194,1,52,1.368421052631579,0.19703574542284213,0.10537522634296827,0.20119130119992512,0.10441521851297214,0.0,0.0,0
M020521,C034,C194,1,38,1.0,0.1972972972972973,0.11628733997155051,0.23326260175784774,0.08904642442379714,0.0,0.0,0
M020521,C035,C194,1,38,1.0,0.1972972972972973,0.12894736842105264,0.12202897222867914,0.0652151307084598,0.0,0.0,0
M020521,C036,C194,1,38,1.0,0.1972972972972973,0.1236842105263158,0.12202897222867924,0.06179617106122474,0.0,0.0,0
M020521,C037,C194,1,41,1.0789473684210527,0.06594594594594594,0.025972313777191832,0.062031885897992606,0.02693498962509993,0.0,0.0,0
M020521,C038,C194,1,42,1.105263157894737,0.10594594594594597,0.044453024453024466,0.10548247919051915,0.042496576801725465,0.0,0.0,0
M020521,C044,C194,1,49,1.2894736842105263,0.19656019656019663,0.10715539286967858,0.20193089133474315,0.10641885130306361,0.0,0.0,0
M020521,C045,C194,1,41,1.0789473684210527,0.04750204750204756,0.02209304648329039,0.05757841467962938,0.023416015045510497,0.0,0.0,0
M020521,C046,C194,1,38,1.0,0.1283783783783784,0.03977003319108583,0.1371520828943045,0.05328617475555602,0.0,0.0,0
M020521,C047,C194,1,42,1.105263157894737,0.18693693693693691,0.07727370227370227,0.18566768604569683,0.06919635654617438,0.0,0.0,0
M020521,C050,C194,1,38,1.0,0.13513513513513514,0.047336810494705235,0.15355596084944617,0.05144244161866771,0.0,0.0,0
M020521,C051,C194,1,38,1.0,0.19819819819819828,0.08795637743006167,0.15682948830982982,0.06466745965558733,0.0,0.0,0
M020521,C052,C194,1,38,1.0,0.19819819819819828,0.10858226647700335,0.15682948830982982,0.06679549393428802,0.0,0.0,0
M020521,C053,C194,1,38,1.0,0.1861861861861862,0.07215109846688794,0.15355596084944634,0.06180743040072587,0.0,0.0,0
M020521,C055,C194,1,50,1.1111111111111112,0.19963144963144958,0.08791154791154793,0.19493369278004669,0.0869216560370449,0.0,0.0,0
M020521,C061,C194,1,41,1.0789473684210527,0.1459459459459459,0.06483190507580752,0.12974594488204724,0.06478997083820645,0.0,0.0,0
M020521,C062,C194,1,43,1.131578947368421,0.19324324324324316,0.08526084223758641,0.21170783304715965,0.07539677263868079,0.0,0.0,0
M020521,C063,C194,1,42,1.105263157894737,0.09909909909909914,0.04982839982839983,0.09060680671980818,0.04811866619446198,0.0,0.0,0
M020521,C064,C194,1,47,1.236842105263158,0.16216216216216217,0.057868506804677027,0.1578219510775408,0.05604020232573416,0.0,0.0,0
M020521,C065,C194,1,46,1.2105263157894737,0.18918918918918914,0.07681159420289854,0.18417843429320466,0.0732609293654637,0.0,0.0,0
M020521,C086,C194,1,42,1.105263157894737,0.15191053122087605,0.051590999866861935,0.13821648217838817,0.053302686161461485,0.0,0.0,0
M020521,C087,C194,1,49,1.2894736842105263,0.1891891891891892,0.10232611217832895,0.19926281748031469,0.10328405674718144,0.0,0.0,0
M020521,C091,C194,1,43,1.131578947368421,0.18318318318318316,0.07758921712410086,0.20946826475375052,0.0774214835938456,0.0,0.0,0
M020521,C092,C194,1,38,1.0,0.10810810810810811,0.04804804804804805,0.1353933915555797,0.03943056497414818,0.0,0.0,0
M020521,C093,C194,1,39,1.0263157894736843,0.19433719433719437,0.10352110352110354,0.16585317396223206,0.07968504599688717,0.0,0.0,0
M020521,C105,C194,1,39,1.0263157894736843,0.16534181240063595,0.060494884024295766,0.13166539162276472,0.06054311999624064,0.0,0.0,0
M020521,C106,C194,1,38,1.0,0.19713831478537364,0.13312693498452016,0.15982274963732315,0.09987600197605329,0.0,0.0,0
M020521,C109,C194,1,49,1.2894736842105263,0.1961639058413252,0.10785901108481753,0.18812222546923932,0.10383025552788783,0.0,0.0,0
M020521,C110,C194,1,49,1.2894736842105263,0.1961639058413252,0.12406811024322546,0.1901541121521873,0.11941913216550933,0.0,0.0,0
M020521,C129,C194,1,38,1.0,0.15233415233415235,0.06278287857235226,0.18213563238900551,0.06407246963336066,0.0,0.0,0
M020521,C130,C194,1,38,1.0,0.19656019656019658,0.10849605586447691,0.24136770111596195,0.0937664399874359,0.0,0.0,0
M020521,C138,C194,1,38,1.0,0.19750519750519746,0.08726337673706096,0.232652141138952,0.10959627873929281,0.0,0.0,0
M020521,C139,C194,1,39,1.0263157894736843,0.13513513513513514,0.040780425395810005,0.13427674336342038,0.04819339265753028,0.0,0.0,0
M020521,C140,C194,1,39,1.0263157894736843,0.12681912681912688,0.059224905378751524,0.14154350183463396,0.05302082261467969,0.0,0.0,0
M020521,C141,C194,1,42,1.105263157894737,0.08880308880308885,0.02525740025740026,0.06803883494984114,0.027712859989524236,0.0,0.0,0
M020521,C150,C194,1,38,1.0,0.16216216216216217,0.04654654654654655,0.15046504829059298,0.05769078910858629,0.0,0.0,0
M020521,C152,C194,1,38,1.0,0.19819819819819828,0.10233918128654974,0.14252580748306576,0.05499416990570243,0.0,0.0,0
M020521,C153,C194,1,45,1.1842105263157894,0.19750519750519752,0.106976206976207,0.18415627374062624,0.10633463236248457,0.0,0.0,0
M020521,C154,C194,1,47,1.236842105263158,0.19750519750519752,0.12560268943247666,0.22247756256481815,0.12223379814951163,0.0,0.0,0
M020521,C165,C194,1,54,1.2,0.13943488943488946,0.061925561925561944,0.1491094258794084,0.06273058995206189,0.0,0.0,0
M020521,C166,C194,1,55,1.2222222222222223,0.1726044226044226,0.06425061425061425,0.16621443202940397,0.06635822810201546,0.0,0.0,0
M020521,C167,C194,1,57,1.2666666666666666,0.19656019656019663,0.10242898400793138,0.2020608774805248,0.10386662927237987,0.0,0.0,0
M020521,C173,C194,1,44,1.1578947368421053,0.08108108108108114,0.04484029484029483,0.08644705872344573,0.044688767770091585,0.0,0.0,0
M020521,C174,C194,1,47,1.236842105263158,0.18711018711018707,0.07570663953642676,0.20197209820042183,0.08094951232644952,0.0,0.0,0
M020521,C175,C194,1,45,1.1842105263157894,0.17151767151767144,0.07673827673827673,0.1873233226504086,0.07861694796477142,0.0,0.0,0
M020521,C176,C194,1,45,1.1842105263157894,0.19854469854469847,0.09078309078309077,0.2136798058660723,0.09588545925963639,0.0,0.0,0
M020521,C177,C194,1,50,1.3157894736842106,0.1861861861861862,0.08066066066066066,0.18059902805021996,0.0792201657043879,0.0,0.0,0
M020521,C178,C194,1,39,1.0263157894736843,0.14671814671814676,0.06890406890406894,0.4332540677204628,0.22538789196608938,0.0,0.0,0
M020521,C179,C194,1,38,1.0,0.16216216216216217,0.04969772403982931,0.118834715771284,0.04448289190565006,0.0,0.0,0
M020521,C180,C194,1,38,1.0,0.1891891891891892,0.08290997764681977,0.19081553846263394,0.06149862481664745,0.0,0.0,0
M020521,C181,C194,1,38,1.0,0.16216216216216217,0.0536095305832148,0.09247823255561993,0.03506480256042288,0.0,0.0,0
M020521,C182,C194,1,49,1.2894736842105263,0.1908783783783784,0.10590182018753448,0.20651658913417162,0.10421514739007841,0.0,0.0,0
M020521,C183,C194,1,52,1.368421052631579,0.19932432432432434,0.1007503898128898,0.21845398272144376,0.10102040801147326,0.0,0.0,0
M020521,C192,C194,1,41,1.0789473684210527,0.1938895417156287,0.08403313175317417,0.20067328638142343,0.08411316184639037,0.0,0.0,0
M020521,C193,C194,1,39,1.0263157894736843,0.12220916568742651,0.051462834071529746,0.10046838412236288,0.0403949184635271,0.0,0.0,0
M020521,C195,C194,1,46,1.2105263157894737,0.1351351351351352,0.08049353701527615,0.13178241607831942,0.0784964826205642,0.0,0.0,0
M020521,C197,C194,1,52,1.368421052631579,0.1891891891891892,0.09453890703890704,0.18294902031441965,0.08964675236154283,0.0,0.0,0
M020521,C198,C194,1,45,1.1842105263157894,0.1988416988416989,0.09495924495924495,0.1931043206412613,0.09410436229733544,0.0,0.0,0
M020521,C199,C194,1,46,1.2105263157894737,0.16891891891891891,0.05680292093335572,0.1704513562276704,0.056991397723574144,0.0,0.0,0
M020521,C202,C194,1,38,1.0,0.13175675675675674,0.0513869132290185,0.18880126652309195,0.07865632499945728,0.0,0.0,0
M020521,C125,C029,2,35,1.0,0.13602941176470584,0.04506302521008402,0.15768787972442472,0.05490485502931052,0.0,0.0,0
M020521,C136,C029,2,35,1.0,0.1941176470588235,0.09428571428571428,0.15522927169554016,0.05618863615546836,0.0,0.0,0
M020521,C137,C029,2,35,1.0,0.1941176470588235,0.09428571428571428,0.15522927169554016,0.05618863615546833,0.0,0.0,0
M020521,C151,C029,2,35,1.0,0.196078431372549,0.08935574229691876,0.23705282159651905,0.11143032072802554,0.0,0.0,0
M020638,C005,C194,1,50,1.3157894736842106,0.09759759759759762,0.04638138138138139,0.12611012282245807,0.04778316076413461,0.0,0.1,10
M020638,C006,C194,1,49,1.2564102564102564,0.09388335704125172,0.03260080703689725,0.09459700937419303,0.03309416463256006,0.0,0.0,6
M020638,C008,C194,1,42,1.105263157894737,0.09590235396687008,0.05258022999958484,0.10708015932836093,0.06568786109262204,0.0,0.0,5
M020638,C009,C194,1,38,1.0,0.08880308880308879,0.03952448689290795,0.12361654641906536,0.04038984258351267,0.0,0.0,0
M020638,C010,C194,1,38,1.0,0.0926640926640927,0.03932127616338144,0.11210909546075949,0.03844047001692285,0.0,0.0,0
M020638,C014,C194,1,45,1.1842105263157894,0.09319664492078283,0.039826032929481205,0.09594370454378619,0.03808342323875749,0.0,0.0,0
M020638,C015,C194,1,58,1.1372549019607843,0.09891891891891902,0.04269338303821063,0.09894750078352998,0.04130425502477328,0.0,0.16666666666666666,6
M020638,C017,C194,1,58,1.1372549019607843,0.0972972972972973,0.04696178937558248,0.0922965218045261,0.043937499497267045,0.0,0.0,0
M020638,C018,C194,1,38,1.0,0.0997920997920998,0.036218404639457275,0.14095811385414686,0.04334154396318851,0.0,0.0,0
M020638,C019,C194,1,38,1.0,0.0997920997920998,0.0443155706313601,0.14095811385414678,0.05597033334102092,0.0,0.0,0
M020638,C025,C194,1,38,1.0,0.07539118065433859,0.03125701879164483,0.09853544828738409,0.03321698144979291,0.0,0.0,0
M020638,C028,C194,1,41,1.0789473684210527,0.07472178060413359,0.03301795339098065,0.06825672488821087,0.032306839852179046,0.0,0.0,1
M020638,C029,C194,1,39,1.0263157894736843,0.042925278219395846,0.01726387020504669,0.03694434727595437,0.014654085803993739,0.0,0.0,5
M020638,C030,C194,1,42,1.105263157894737,0.07585004359197911,0.03804957030763482,0.08585979582275015,0.042341533511096555,0.0,0.0,2
M020638,C031,C194,1,45,1.1842105263157894,0.09503051438535304,0.056437082243533866,0.10108566657822905,0.050478293649755666,0.0,0.25,4
M020638,C034,C194,1,38,1.0,0.0972972972972973,0.044381223328591755,0.16249467179386812,0.06532214602560775,0.0,0.0,0
M020638,C035,C194,1,38,1.0,0.09459459459459463,0.042247510668563304,0.15128930377759967,0.04754630003617447,0.0,0.0,1
M020638,C036,C194,1,38,1.0,0.0972972972972973,0.04423897581792319,0.1595908234606115,0.0514287324743763,0.0,0.0,1
M020638,C037,C194,1,40,1.0526315789473684,0.07351351351351354,0.028648648648648644,0.08066972483132218,0.025624559833569698,0.0,0.0,2
M020638,C038,C194,1,41,1.0789473684210527,0.08108108108108103,0.03293342122610415,0.0822134536877889,0.03275946175797273,0.0,0.0,0
M020638,C045,C194,1,44,1.1578947368421053,0.09991809991809991,0.04605018241381878,0.10441205132708893,0.04266806991883085,0.0,0.0,0
M020638,C046,C194,1,38,1.0,0.09909909909909914,0.045815552394499776,0.12548637115841565,0.04423561600321687,0.0,0.0,1
M020638,C047,C194,1,38,1.0,0.0968468468468468,0.03775486012328118,0.10122856958271982,0.0423220349215726,0.0,0.0,6
M020638,C050,C194,1,38,1.0,0.09909909909909909,0.04212106843685789,0.15682948830982982,0.08399251293581038,0.0,0.0,1
M020638,C051,C194,1,38,1.0,0.09909909909909909,0.042674253200569,0.15617478281775315,0.061514535838481,0.0,0.0,3
M020638,C052,C194,1,38,1.0,0.09609609609609615,0.0444128338865181,0.15682948830982982,0.06307401008458878,0.0,0.0,2
M020638,C053,C194,1,38,1.0,0.09909909909909909,0.04243717401612137,0.15552007732567621,0.06779426939944358,0.0,0.0,0
M020638,C055,C194,1,48,1.0666666666666667,0.08415233415233414,0.02574733824733824,0.08350581491760974,0.025717726420491083,0.0,0.0,2
M020638,C061,C194,1,40,1.0526315789473684,0.09864864864864864,0.05023648648648649,0.11903215813141191,0.06372936540731158,0.0,0.0,0
M020638,C062,C194,1,38,1.0,0.09459459459459463,0.03335704125177809,0.07992541696884013,0.030536288435125562,0.0,0.0,2
M020638,C063,C194,1,42,1.105263157894737,0.08558558558558557,0.04150579150579151,0.08954865328996871,0.04445690432139006,0.0,0.0,0
M020638,C064,C194,1,44,1.1578947368421053,0.0981981981981982,0.04111384111384111,0.0898656015064111,0.04182493078136724,0.0,0.0,0
M020638,C065,C194,1,40,1.0526315789473684,0.08378378378378376,0.020270270270270268,0.08774929464673203,0.02004787263315726,0.0,0.0,4
M020638,C086,C194,1,40,1.0526315789473684,0.09319664492078286,0.01992078285181733,0.08228648269702603,0.023149158687359728,0.0,0.0,2
M020638,C087,C194,1,44,1.1578947368421053,0.09972041006523757,0.051724137931034496,0.11248021777811314,0.05034687091807433,0.0,0.0,2
M020638,C091,C194,1,38,1.0,0.09609609609609615,0.042911332385016585,0.12040966220911761,0.0397631401904565,0.0,0.0,3
M020638,C092,C194,1,38,1.0,0.09459459459459463,0.03441599494231073,0.09238832017718031,0.03081791325290575,0.0,0.0,0
M020638,C093,C194,1,39,1.0263157894736843,0.08880308880308879,0.039039039039039033,0.10906857748904422,0.04695905984816105,0.0,0.0,2
M020638,C105,C194,1,39,1.0263157894736843,0.0969793322734499,0.036036036036036015,0.11024343498156573,0.03794930210474046,0.0,0.0,0
M020638,C106,C194,1,38,1.0,0.0969793322734499,0.05033051627478873,0.09387302937038605,0.031679380099544976,0.0,0.0,1
M020638,C109,C194,1,49,1.2894736842105263,0.09328683522231906,0.046029571375193486,0.0914502131165014,0.0455178466868353,0.0,0.0,0
M020638,C110,C194,1,44,1.1578947368421053,0.09938971229293814,0.042839026709994454,0.09432693878072711,0.041662575177286214,0.0,0.0,2
M020638,C125,C194,1,39,1.0263157894736843,0.09459459459459463,0.035429660429660434,0.11897397808302031,0.04321598301014814,0.0,0.0,1
M020638,C129,C194,1,38,1.0,0.08845208845208846,0.03717832665201087,0.15577914917334162,0.05495227941510985,0.0,0.0,0
M020638,C130,C194,1,38,1.0,0.0982800982800982,0.043644122591491,0.17325677997273475,0.07629610023832611,0.0,0.0,0
M020638,C136,C194,1,38,1.0,0.11351351351351346,0.050071123755334276,0.23634498814068125,0.11657772675439027,0.02631578947368421,0.0,1
M020638,C137,C194,1,38,1.0,0.11351351351351346,0.049928876244665715,0.23634498814068125,0.1311090716577718,0.02631578947368421,0.0,1
M020638,C138,C194,1,38,1.0,0.0997920997920998,0.03993872414925046,0.14382160573564562,0.05455658188835194,0.0,0.0,3
M020638,C139,C194,1,38,1.0,0.09563409563409564,0.04054054054054055,0.13427674336342038,0.05434828113510239,0.0,0.0,0
M020638,C140,C194,1,38,1.0,0.09563409563409564,0.03692964219280007,0.11995944980508272,0.039591625714045696,0.0,0.0,0
M020638,C141,C194,1,41,1.0789473684210527,0.09942084942084939,0.04823900555607872,0.12384987332957022,0.06133046477384666,0.0,0.0,1
M020638,C150,C194,1,38,1.0,0.09909909909909909,0.04480796586059742,0.15506935889262724,0.08084168281252681,0.0,0.0,0
M020638,C151,C194,1,38,1.0,0.09609609609609615,0.04085664611980402,0.15506935889262727,0.06152922957407474,0.0,0.0,1
M020638,C152,C194,1,38,1.0,0.0960960960960961,0.03856488067014384,0.1519998184912711,0.05944147064115028,0.0,0.0,0
M020638,C153,C194,1,46,1.2105263157894737,0.0997920997920998,0.04668715538280755,0.11253699447396821,0.05617266215008688,0.0,0.0,0
M020638,C154,C194,1,42,1.105263157894737,0.0997920997920998,0.039154539154539154,0.11253699447396817,0.0460311416209679,0.0,0.0,2
M020638,C165,C194,1,57,1.2666666666666666,0.09828009828009829,0.039850855640329315,0.09806585563660052,0.04195785073927638,0.0,0.5,2
M020638,C166,C194,1,50,1.1111111111111112,0.09459459459459457,0.039926289926289917,0.09711191495744644,0.043416234748428595,0.0,0.0,0
M020638,C173,C194,1,40,1.0526315789473684,0.05405405405405406,0.02702702702702703,0.06038567987084,0.03200035415915124,0.0,0.0,2
M020638,C174,C194,1,44,1.1578947368421053,0.0997920997920998,0.045596295596295605,0.11113837701597898,0.0472948711984007,0.0,0.0,1
M020638,C175,C194,1,46,1.2105263157894737,0.09875259875259879,0.047319895145982095,0.11990501679726678,0.04909316321460517,0.0,0.0,1
M020638,C176,C194,1,42,1.105263157894737,0.09459459459459463,0.04603504603504603,0.11113837701597898,0.04920226782845286,0.0,0.0,5
M020638,C177,C194,1,49,1.2894736842105263,0.08108108108108109,0.026414169271312134,0.0782901787551062,0.02583558279596964,0.0,0.0,2
M020638,C178,C194,1,39,1.0263157894736843,0.08880308880308879,0.034947034947034925,0.3549638889653566,0.14914218379066332,0.0,0.0,2
M020638,C179,C194,1,38,1.0,0.09797297297297297,0.0392958748221906,0.1713939880020809,0.061031278110740515,0.0,0.0,0
M020638,C180,C194,1,38,1.0,0.0926640926640927,0.038508433245275364,0.16445905524697024,0.04913960102390562,0.0,0.0,0
M020638,C181,C194,1,38,1.0,0.09797297297297297,0.03982930298719771,0.17139398800208075,0.06378946642812285,0.0,0.0,0
M020638,C182,C194,1,48,1.263157894736842,0.0971283783783784,0.04061092342342342,0.0911638721070387,0.0454534999991727,0.0,0.0,0
M020638,C183,C194,1,40,1.0526315789473684,0.049831081081081086,0.018179898648648656,0.05070235700853288,0.019644815905855796,0.0,0.0,3
M020638,C192,C194,1,41,1.0789473684210527,0.09165687426556993,0.041500673526124215,0.11155699832219548,0.047063785970994726,0.0,0.0,2
M020638,C193,C194,1,39,1.0263157894736843,0.099882491186839,0.04537648015908887,0.0902898047784756,0.03819340000801974,0.0,0.0,1
M020638,C197,C194,1,45,1.1842105263157894,0.09652509652509655,0.04871299871299873,0.09287309582347474,0.04638896906470706,0.0,0.0,4
M020638,C198,C194,1,42,1.105263157894737,0.08783783783783783,0.030359441073726783,0.09138190658067878,0.030231602975382837,0.0,0.0,5
M020638,C199,C194,1,41,1.0789473684210527,0.07046332046332046,0.03376024107731425,0.07512555073942506,0.03417382434275806,0.0,0.0,3
M020638,C202,C194,1,38,1.0,0.09797297297297303,0.04098506401137981,0.17347008290853766,0.0698708690814114,0.0,0.0,1
M020638,C044,C016,2,52,1.0196078431372548,0.09696969696969698,0.03656177156177157,0.09958369503311629,0.03387524686545171,0.0,0.0,10
M020638,C167,C016,2,62,1.2156862745098038,0.08454545454545453,0.031363636363636364,0.07635603449670846,0.028876193595608543,0.0,0.0,8
M020638,C195,C016,2,53,1.0392156862745099,0.09891891891891891,0.053289138194798566,0.09065249850989351,0.04968148657497038,0.0,0.0,10
M020845,C005,C194,1,59,1.5526315789473684,0.19519519519519524,0.07949050745660914,0.19744462712054797,0.0828744355549499,0.0,0.4,10
M020845,C006,C194,1,49,1.2564102564102564,0.1465149359886202,0.05334281650071124,0.14054868747374133,0.05208971221844729,0.0,0.0,6
M020845,C008,C194,1,48,1.263157894736842,0.1752397558849172,0.05872202848009298,0.18929971957466435,0.07005289069622626,0.0,0.2,5
M020845,C009,C194,1,39,1.0263157894736843,0.1988416988416989,0.11310761310761311,0.20788645160301092,0.09554465179973924,0.0,0.0,0
M020845,C010,C194,1,40,1.0526315789473684,0.1988416988416989,0.11573359073359075,0.20788645160301092,0.1024643441627044,0.0,0.0,0
M020845,C014,C194,1,46,1.2105263157894737,0.1220876048462256,0.06298877588232911,0.12467074483916736,0.06184418302665135,0.0,0.0,0
M020845,C015,C194,1,65,1.2745098039215685,0.19945945945945948,0.1056964656964657,0.19990689396038122,0.10429021561394869,0.0,0.3333333333333333,6
M020845,C016,C194,1,73,1.4313725490196079,0.19837837837837835,0.10097741577193631,0.19799266266646517,0.09977987929849595,0.0,0.5,6
M020845,C017,C194,1,63,1.2352941176470589,0.16378378378378378,0.06465894465894467,0.15494851380412303,0.06310564141551839,0.0,0.0,0
M020845,C018,C194,1,38,1.0,0.19750519750519752,0.11604114235693182,0.2154712451330114,0.09781630466002768,0.0,0.0,0
M020845,C019,C194,1,39,1.0263157894736843,0.19750519750519752,0.11450503758196066,0.2154712451330114,0.09621765889828128,0.0,0.0,0
M020845,C025,C194,1,43,1.131578947368421,0.18918918918918914,0.06116642958748221,0.1890319979036182,0.05643000915232701,0.0,0.0,0
M020845,C028,C194,1,46,1.2105263157894737,0.06359300476947538,0.030483168590585464,0.06600363838840477,0.028752564907127805,0.0,0.0,1
M020845,C030,C194,1,49,1.2894736842105263,0.15693112467306014,0.06127786772948064,0.1649292454697419,0.061550598604199605,0.0,0.0,2
M020845,C031,C194,1,52,1.368421052631579,0.19703574542284213,0.10537522634296827,0.20119130119992512,0.10441521851297214,0.0,0.5,4
M020845,C034,C194,1,38,1.0,0.1972972972972973,0.11628733997155051,0.23326260175784774,0.08904642442379714,0.0,0.0,0
M020845,C035,C194,1,38,1.0,0.1972972972972973,0.12894736842105264,0.12202897222867914,0.0652151307084598,0.0,0.0,1
M020845,C036,C194,1,38,1.0,0.1972972972972973,0.11251778093883358,0.12202897222867924,0.061599290296764295,0.0,0.0,1
M020845,C037,C194,1,41,1.0789473684210527,0.06594594594594594,0.025972313777191832,0.062031885897992606,0.02693498962509993,0.0,0.0,2
M020845,C038,C194,1,42,1.105263157894737,0.10594594594594597,0.044453024453024466,0.10548247919051915,0.042496576801725465,0.0,0.0,0
M020845,C044,C194,1,49,1.2894736842105263,0.19983619983619982,0.11130053987196843,0.20537749699446056,0.11092054032800062,0.0,0.0,4
M020845,C045,C194,1,41,1.0789473684210527,0.04750204750204756,0.02209304648329039,0.05757841467962938,0.023416015045510497,0.0,0.0,0
M020845,C046,C194,1,38,1.0,0.1283783783783784,0.03977003319108583,0.1371520828943045,0.05328617475555602,0.0,0.0,1
M020845,C047,C194,1,42,1.105263157894737,0.18693693693693691,0.06955169455169455,0.18566768604569683,0.06879660766237099,0.0,0.0,6
M020845,C050,C194,1,38,1.0,0.13513513513513514,0.047336810494705235,0.15355596084944617,0.05144244161866771,0.0,0.0,1
M020845,C051,C194,1,38,1.0,0.19819819819819828,0.07997471155365893,0.23524423246474477,0.09198925487637229,0.0,0.0,3
M020845,C052,C194,1,38,1.0,0.19819819819819828,0.09981033665244193,0.15682948830982982,0.059601140920135666,0.0,0.0,2
M020845,C053,C194,1,38,1.0,0.1861861861861862,0.06922712185870082,0.15355596084944634,0.05905029283834222,0.0,0.0,0
M020845,C055,C194,1,50,1.1111111111111112,0.19963144963144958,0.09018427518427519,0.19493369278004669,0.08915282400591824,0.0,0.0,2
M020845,C061,C194,1,41,1.0789473684210527,0.1459459459459459,0.06483190507580752,0.12974594488204724,0.06478997083820645,0.0,0.0,0
M020845,C062,C194,1,43,1.131578947368421,0.19324324324324316,0.08526084223758641,0.21170783304715965,0.07539677263868079,0.0,0.0,2
M020845,C063,C194,1,42,1.105263157894737,0.09909909909909914,0.04982839982839983,0.09060680671980818,0.04811866619446198,0.0,0.0,0
M020845,C064,C194,1,47,1.236842105263158,0.16216216216216217,0.057868506804677027,0.1578219510775408,0.05604020232573416,0.0,0.0,0
M020845,C065,C194,1,46,1.2105263157894737,0.18918918918918914,0.07591069330199765,0.18417843429320466,0.07264884584679195,0.0,0.0,4
M020845,C086,C194,1,42,1.105263157894737,0.15191053122087605,0.05380996760307105,0.13821648217838817,0.05642375531894253,0.0,0.0,2
M020845,C087,C194,1,49,1.2894736842105263,0.1891891891891892,0.10232611217832895,0.19926281748031469,0.10328405674718144,0.0,0.0,2
M020845,C091,C194,1,43,1.131578947368421,0.18318318318318316,0.0738180040505622,0.20946826475375052,0.07627303594736233,0.0,0.0,3
M020845,C092,C194,1,38,1.0,0.10810810810810811,0.04804804804804805,0.1353933915555797,0.03943056497414818,0.0,0.0,0
M020845,C093,C194,1,39,1.0263157894736843,0.19433719433719437,0.10230010230010232,0.16585317396223206,0.0784790330024254,0.0,0.0,2
M020845,C105,C194,1,39,1.0263157894736843,0.16534181240063595,0.060494884024295766,0.13166539162276472,0.06054311999624064,0.0,0.0,0
M020845,C106,C194,1,38,1.0,0.19713831478537364,0.12693498452012386,0.15982274963732315,0.09380784481754881,0.0,0.0,1
M020845,C109,C194,1,49,1.2894736842105263,0.1961639058413252,0.10785901108481753,0.18812222546923932,0.10383025552788783,0.0,0.0,0
M020845,C110,C194,1,49,1.2894736842105263,0.1961639058413252,0.12406811024322546,0.1901541121521873,0.11941913216550933,0.0,0.0,2
M020845,C129,C194,1,38,1.0,0.15233415233415235,0.05838613733350574,0.18213563238900551,0.06670789817428369,0.0,0.0,0
M020845,C130,C194,1,38,1.0,0.19656019656019658,0.1037113668692616,0.24136770111596195,0.0891375819841063,0.0,0.0,0
M020845,C138,C194,1,38,1.0,0.19750519750519746,0.09136667031403874,0.232652141138952,0.120890665931554,0.0,0.0,3
M020845,C139,C194,1,39,1.0263157894736843,0.13513513513513514,0.040780425395810005,0.13427674336342038,0.04819339265753028,0.0,0.0,0
M020845,C140,C194,1,39,1.0263157894736843,0.12681912681912688,0.059224905378751524,0.14154350183463396,0.05302082261467969,0.0,0.0,0
M020845,C141,C194,1,42,1.105263157894737,0.08011583011583012,0.023120058834344544,0.07510317827261714,0.02896684149244863,0.0,0.0,1
M020845,C150,C194,1,38,1.0,0.16216216216216217,0.04654654654654655,0.15046504829059298,0.05769078910858629,0.0,0.0,0
M020845,C152,C194,1,38,1.0,0.1891891891891892,0.09356725146198833,0.11770409446808,0.047533200306611546,0.0,0.0,0
M020845,C153,C194,1,45,1.1842105263157894,0.19750519750519752,0.106976206976207,0.18415627374062624,0.10633463236248457,0.0,0.0,0
M020845,C154,C194,1,47,1.236842105263158,0.19750519750519752,0.12560268943247666,0.22247756256481815,0.12223379814951163,0.0,0.0,2
M020845,C165,C194,1,54,1.2,0.13943488943488946,0.061925561925561944,0.1491094258794084,0.06273058995206189,0.0,0.5,2
M020845,C166,C194,1,55,1.2222222222222223,0.1726044226044226,0.06425061425061425,0.16621443202940397,0.06635822810201546,0.0,0.0,0
M020845,C167,C194,1,57,1.2666666666666666,0.19656019656019663,0.10242898400793138,0.2020608774805248,0.10386662927237987,0.0,0.0,2
M020845,C173,C194,1,44,1.1578947368421053,0.08108108108108114,0.04484029484029484,0.08674216308650388,0.04509118281062545,0.0,0.0,2
M020845,C174,C194,1,47,1.236842105263158,0.18711018711018707,0.07210156146326357,0.20197209820042183,0.07789653097019485,0.0,0.0,1
M020845,C175,C194,1,45,1.1842105263157894,0.17151767151767144,0.07433587433587432,0.1873233226504086,0.07718412045435412,0.0,0.0,1
M020845,C176,C194,1,45,1.1842105263157894,0.19854469854469847,0.08842688842688842,0.2136798058660723,0.09587037556048955,0.0,0.2,5
M020845,C177,C194,1,50,1.3157894736842106,0.1861861861861862,0.0812162162162162,0.18059902805021996,0.07976288078653888,0.0,0.5,2
M020845,C178,C194,1,39,1.0263157894736843,0.14671814671814676,0.06890406890406894,0.4332540677204628,0.22538789196608938,0.0,0.0,2
M020845,C179,C194,1,38,1.0,0.16216216216216217,0.04969772403982931,0.118834715771284,0.04448289190565006,0.0,0.0,0
M020845,C180,C194,1,38,1.0,0.1891891891891892,0.08290997764681977,0.19081553846263394,0.06149862481664745,0.0,0.0,0
M020845,C181,C194,1,38,1.0,0.16216216216216217,0.0536095305832148,0.09247823255561993,0.03506480256042288,0.0,0.0,0
M020845,C182,C194,1,49,1.2894736842105263,0.1908783783783784,0.10590182018753448,0.20651658913417162,0.10421514739007841,0.0,0.0,0
M020845,C183,C194,1,52,1.368421052631579,0.19932432432432434,0.1007503898128898,0.21845398272144376,0.10102040801147326,0.0,0.0,3
M020845,C192,C194,1,41,1.0789473684210527,0.199764982373678,0.09036714338941275,0.21698293118485093,0.09249229152101415,0.0,0.0,2
M020845,C193,C194,1,39,1.0263157894736843,0.12220916568742651,0.051462834071529746,0.10046838412236288,0.0403949184635271,0.0,0.0,1
M020845,C195,C194,1,46,1.2105263157894737,0.1351351351351352,0.08343125734430082,0.13178241607831942,0.08119323490539423,0.0,0.0,4
M020845,C197,C194,1,52,1.368421052631579,0.1891891891891892,0.09453890703890704,0.18294902031441965,0.08964675236154283,0.0,0.0,4
M020845,C198,C194,1,45,1.1842105263157894,0.1988416988416989,0.09654654654654653,0.1931043206412613,0.09563701390339283,0.0,0.0,5
M020845,C199,C194,1,46,1.2105263157894737,0.16891891891891891,0.05814587879805271,0.1704513562276704,0.058350610877713496,0.0,0.0,3
M020845,C202,C194,1,38,1.0,0.13175675675675674,0.05032005689900426,0.18880126652309195,0.08957696489058772,0.0,0.0,1
M020845,C125,C029,2,35,1.0,0.16911764705882348,0.048949579831932766,0.1895473214289978,0.06493613948695032,0.0,0.0,6
M020845,C136,C029,2,35,1.0,0.1941176470588235,0.08756302521008402,0.26384680218889933,0.08006774715745851,0.0,0.5,6
M020845,C137,C029,2,35,1.0,0.1941176470588235,0.09428571428571428,0.15522927169554016,0.05618863615546833,0.0,0.5,6
M020845,C151,C029,2,35,1.0,0.196078431372549,0.09140989729225023,0.23705282159651905,0.12116379295642886,0.0,0.3333333333333333,6
M021007,C005,C194,1,59,1.5526315789473684,0.19519519519519524,0.07949050745660914,0.19744462712054797,0.0828744355549499,0.0,0.4,10
M021007,C006,C194,1,49,1.2564102564102564,0.1465149359886202,0.05334281650071124,0.14054868747374133,0.05208971221844729,0.0,0.0,6
M021007,C008,C194,1,48,1.263157894736842,0.1752397558849172,0.05872202848009298,0.18929971957466435,0.07005289069622626,0.0,0.2,5
M021007,C009,C194,1,39,1.0263157894736843,0.1988416988416989,0.11310761310761311,0.20788645160301092,0.09554465179973924,0.0,0.0,0
M021007,C010,C194,1,40,1.0526315789473684,0.1988416988416989,0.11573359073359075,0.20788645160301092,0.1024643441627044,0.0,0.0,0
M021007,C014,C194,1,46,1.2105263157894737,0.1220876048462256,0.06298877588232911,0.12467074483916736,0.06184418302665135,0.0,0.0,0
M021007,C015,C194,1,65,1.2745098039215685,0.19945945945945948,0.1056964656964657,0.19990689396038122,0.10429021561394869,0.0,0.3333333333333333,6
M021007,C016,C194,1,73,1.4313725490196079,0.19837837837837835,0.10097741577193631,0.19799266266646517,0.09977987929849595,0.0,0.5,6
M021007,C017,C194,1,63,1.2352941176470589,0.16378378378378378,0.06465894465894467,0.15494851380412303,0.06310564141551839,0.0,0.0,0
M021007,C018,C194,1,38,1.0,0.19750519750519752,0.11604114235693182,0.2154712451330114,0.09781630466002768,0.0,0.0,0
M021007,C019,C194,1,39,1.0263157894736843,0.19750519750519752,0.11450503758196066,0.2154712451330114,0.09621765889828128,0.0,0.0,0
M021007,C025,C194,1,43,1.131578947368421,0.18918918918918914,0.06116642958748221,0.1890319979036182,0.05643000915232701,0.0,0.0,0
M021007,C028,C194,1,46,1.2105263157894737,0.06359300476947538,0.030483168590585464,0.06600363838840477,0.028752564907127805,0.0,0.0,1
M021007,C030,C194,1,49,1.2894736842105263,0.15693112467306014,0.06127786772948064,0.1649292454697419,0.061550598604199605,0.0,0.0,2
M021007,C031,C194,1,52,1.368421052631579,0.19703574542284213,0.10537522634296827,0.20119130119992512,0.10441521851297214,0.0,0.5,4
M021007,C034,C194,1,38,1.0,0.1972972972972973,0.11628733997155051,0.23326260175784774,0.08904642442379714,0.0,0.0,0
M021007,C035,C194,1,38,1.0,0.1972972972972973,0.12894736842105264,0.12202897222867914,0.0652151307084598,0.0,0.0,1
M021007,C036,C194,1,38,1.0,0.1972972972972973,0.11251778093883358,0.12202897222867924,0.061599290296764295,0.0,0.0,1
M021007,C037,C194,1,41,1.0789473684210527,0.06594594594594594,0.025972313777191832,0.062031885897992606,0.02693498962509993,0.0,0.0,2
M021007,C038,C194,1,42,1.105263157894737,0.10594594594594597,0.044453024453024466,0.10548247919051915,0.042496576801725465,0.0,0.0,0
M021007,C044,C194,1,49,1.2894736842105263,0.19983619983619982,0.11130053987196843,0.20537749699446056,0.11092054032800062,0.0,0.0,4
M021007,C045,C194,1,41,1.0789473684210527,0.04750204750204756,0.02209304648329039,0.05757841467962938,0.023416015045510497,0.0,0.0,0
M021007,C046,C194,1,38,1.0,0.1283783783783784,0.03977003319108583,0.1371520828943045,0.05328617475555602,0.0,0.0,1
M021007,C047,C194,1,42,1.105263157894737,0.18693693693693691,0.06955169455169455,0.18566768604569683,0.06879660766237099,0.0,0.0,6
M021007,C050,C194,1,38,1.0,0.13513513513513514,0.047336810494705235,0.15355596084944617,0.05144244161866771,0.0,0.0,1
M021007,C051,C194,1,38,1.0,0.19819819819819828,0.07997471155365893,0.23524423246474477,0.09198925487637229,0.0,0.0,3
M021007,C052,C194,1,38,1.0,0.19819819819819828,0.09981033665244193,0.15682948830982982,0.059601140920135666,0.0,0.0,2
M021007,C053,C194,1,38,1.0,0.1861861861861862,0.06922712185870082,0.15355596084944634,0.05905029283834222,0.0,0.0,0
M021007,C055,C194,1,50,1.1111111111111112,0.19963144963144958,0.09018427518427519,0.19493369278004669,0.08915282400591824,0.0,0.0,2
M021007,C061,C194,1,41,1.0789473684210527,0.1459459459459459,0.06483190507580752,0.12974594488204724,0.06478997083820645,0.0,0.0,0
M021007,C062,C194,1,43,1.131578947368421,0.19324324324324316,0.08526084223758641,0.21170783304715965,0.07539677263868079,0.0,0.0,2
M021007,C063,C194,1,42,1.105263157894737,0.09909909909909914,0.04982839982839983,0.09060680671980818,0.04811866619446198,0.0,0.0,0
M021007,C064,C194,1,47,1.236842105263158,0.16216216216216217,0.057868506804677027,0.1578219510775408,0.05604020232573416,0.0,0.0,0
M021007,C065,C194,1,46,1.2105263157894737,0.18918918918918914,0.07591069330199765,0.18417843429320466,0.07264884584679195,0.0,0.0,4
M021007,C086,C194,1,42,1.105263157894737,0.15191053122087605,0.05380996760307105,0.13821648217838817,0.05642375531894253,0.0,0.0,2
M021007,C087,C194,1,49,1.2894736842105263,0.1891891891891892,0.10232611217832895,0.19926281748031469,0.10328405674718144,0.0,0.0,2
M021007,C091,C194,1,43,1.131578947368421,0.18318318318318316,0.0738180040505622,0.20946826475375052,0.07627303594736233,0.0,0.0,3
M021007,C092,C194,1,38,1.0,0.10810810810810811,0.04804804804804805,0.1353933915555797,0.03943056497414818,0.0,0.0,0
M021007,C093,C194,1,39,1.0263157894736843,0.19433719433719437,0.10230010230010232,0.16585317396223206,0.0784790330024254,0.0,0.0,2
M021007,C105,C194,1,39,1.0263157894736843,0.16534181240063595,0.060494884024295766,0.13166539162276472,0.06054311999624064,0.0,0.0,0
M021007,C106,C194,1,38,1.0,0.19713831478537364,0.12693498452012386,0.15982274963732315,0.09380784481754881,0.0,0.0,1
M021007,C109,C194,1,49,1.2894736842105263,0.1961639058413252,0.10785901108481753,0.18812222546923932,0.10383025552788783,0.0,0.0,0
M021007,C110,C194,1,49,1.2894736842105263,0.1961639058413252,0.12406811024322546,0.1901541121521873,0.11941913216550933,0.0,0.0,2
M021007,C129,C194,1,38,1.0,0.15233415233415235,0.05838613733350574,0.18213563238900551,0.06670789817428369,0.0,0.0,0
M021007,C130,C194,1,38,1.0,0.19656019656019658,0.1037113668692616,0.24136770111596195,0.0891375819841063,0.0,0.0,0
M021007,C138,C194,1,38,1.0,0.19750519750519746,0.09136667031403874,0.232652141138952,0.120890665931554,0.0,0.0,3
M021007,C139,C194,1,39,1.0263157894736843,0.13513513513513514,0.040780425395810005,0.13427674336342038,0.04819339265753028,0.0,0.0,0
M021007,C140,C194,1,39,1.0263157894736843,0.12681912681912688,0.059224905378751524,0.14154350183463396,0.05302082261467969,0.0,0.0,0
M021007,C141,C194,1,42,1.105263157894737,0.08011583011583012,0.023120058834344544,0.07510317827261714,0.02896684149244863,0.0,0.0,1
M021007,C150,C194,1,38,1.0,0.16216216216216217,0.04654654654654655,0.15046504829059298,0.05769078910858629,0.0,0.0,0
M021007,C152,C194,1,38,1.0,0.1891891891891892,0.09356725146198833,0.11770409446808,0.047533200306611546,0.0,0.0,0
M021007,C153,C194,1,45,1.1842105263157894,0.19750519750519752,0.106976206976207,0.18415627374062624,0.10633463236248457,0.0,0.0,0
M021007,C154,C194,1,47,1.236842105263158,0.19750519750519752,0.12560268943247666,0.22247756256481815,0.12223379814951163,0.0,0.0,2
M021007,C165,C194,1,54,1.2,0.13943488943488946,0.061925561925561944,0.1491094258794084,0.06273058995206189,0.0,0.5,2
M021007,C166,C194,1,55,1.2222222222222223,0.1726044226044226,0.06425061425061425,0.16621443202940397,0.06635822810201546,0.0,0.0,0
M021007,C167,C194,1,57,1.2666666666666666,0.19656019656019663,0.10242898400793138,0.2020608774805248,0.10386662927237987,0.0,0.0,2
M021007,C173,C194,1,44,1.1578947368421053,0.08108108108108114,0.04484029484029484,0.08674216308650388,0.04509118281062545,0.0,0.0,2
M021007,C174,C194,1,47,1.236842105263158,0.18711018711018707,0.07210156146326357,0.20197209820042183,0.07789653097019485,0.0,0.0,1
M021007,C175,C194,1,45,1.1842105263157894,0.17151767151767144,0.07433587433587432,0.1873233226504086,0.07718412045435412,0.0,0.0,1
M021007,C176,C194,1,45,1.1842105263157894,0.19854469854469847,0.08842688842688842,0.2136798058660723,0.09587037556048955,0.0,0.2,5
M021007,C177,C194,1,50,1.3157894736842106,0.1861861861861862,0.0812162162162162,0.18059902805021996,0.07976288078653888,0.0,0.5,2
M021007,C178,C194,1,39,1.0263157894736843,0.14671814671814676,0.06890406890406894,0.4332540677204628,0.22538789196608938,0.0,0.0,2
M021007,C179,C194,1,38,1.0,0.16216216216216217,0.04969772403982931,0.118834715771284,0.04448289190565006,0.0,0.0,0
M021007,C180,C194,1,38,1.0,0.1891891891891892,0.08290997764681977,0.19081553846263394,0.06149862481664745,0.0,0.0,0
M021007,C181,C194,1,38,1.0,0.16216216216216217,0.0536095305832148,0.09247823255561993,0.03506480256042288,0.0,0.0,0
M021007,C182,C194,1,49,1.2894736842105263,0.1908783783783784,0.10590182018753448,0.20651658913417162,0.10421514739007841,0.0,0.0,0
M021007,C183,C194,1,52,1.368421052631579,0.19932432432432434,0.1007503898128898,0.21845398272144376,0.10102040801147326,0.0,0.0,3
M021007,C192,C194,1,41,1.0789473684210527,0.199764982373678,0.09036714338941275,0.21698293118485093,0.09249229152101415,0.0,0.0,2
M021007,C193,C194,1,39,1.0263157894736843,0.12220916568742651,0.051462834071529746,0.10046838412236288,0.0403949184635271,0.0,0.0,1
M021007,C195,C194,1,46,1.2105263157894737,0.1351351351351352,0.08343125734430082,0.13178241607831942,0.08119323490539423,0.0,0.0,4
M021007,C197,C194,1,52,1.368421052631579,0.1891891891891892,0.09453890703890704,0.18294902031441965,0.08964675236154283,0.0,0.0,4
M021007,C198,C194,1,45,1.1842105263157894,0.1988416988416989,0.09654654654654653,0.1931043206412613,0.09563701390339283,0.0,0.0,5
M021007,C199,C194,1,46,1.2105263157894737,0.16891891891891891,0.05814587879805271,0.1704513562276704,0.058350610877713496,0.0,0.0,3
M021007,C202,C194,1,38,1.0,0.13175675675675674,0.05032005689900426,0.18880126652309195,0.08957696489058772,0.0,0.0,1
M021007,C125,C029,2,35,1.0,0.16911764705882348,0.048949579831932766,0.1895473214289978,0.06493613948695032,0.0,0.0,6
M021007,C136,C029,2,35,1.0,0.1941176470588235,0.08756302521008402,0.26384680218889933,0.08006774715745851,0.0,0.5,6
M021007,C137,C029,2,35,1.0,0.1941176470588235,0.09428571428571428,0.15522927169554016,0.05618863615546833,0.0,0.5,6
M021007,C151,C029,2,35,1.0,0.196078431372549,0.09402427637721754,0.23705282159651905,0.12810648249993606,0.0,0.3333333333333333,6
M021169,C005,C194,1,59,1.5526315789473684,0.19519519519519524,0.07949050745660914,0.19744462712054797,0.0828744355549499,0.0,0.4,10
M021169,C006,C194,1,49,1.2564102564102564,0.1465149359886202,0.05334281650071124,0.14054868747374133,0.05208971221844729,0.0,0.0,6
M021169,C008,C194,1,48,1.263157894736842,0.1752397558849172,0.05872202848009298,0.18929971957466435,0.07005289069622626,0.0,0.2,5
M021169,C009,C194,1,39,1.0263157894736843,0.1988416988416989,0.11310761310761311,0.20788645160301092,0.09554465179973924,0.0,0.0,0
M021169,C010,C194,1,40,1.0526315789473684,0.1988416988416989,0.11573359073359075,0.20788645160301092,0.1024643441627044,0.0,0.0,0
M021169,C014,C194,1,46,1.2105263157894737,0.1220876048462256,0.06298877588232911,0.12467074483916736,0.06184418302665135,0.0,0.0,0
M021169,C015,C194,1,65,1.2745098039215685,0.19945945945945948,0.1056964656964657,0.19990689396038122,0.10429021561394869,0.0,0.3333333333333333,6
M021169,C016,C194,1,73,1.4313725490196079,0.19837837837837835,0.10097741577193631,0.19799266266646517,0.09977987929849595,0.0,0.5,6
M021169,C017,C194,1,63,1.2352941176470589,0.16378378378378378,0.06465894465894467,0.15494851380412303,0.06310564141551839,0.0,0.0,0
M021169,C018,C194,1,38,1.0,0.19750519750519752,0.11604114235693182,0.2154712451330114,0.09781630466002768,0.0,0.0,0
M021169,C019,C194,1,39,1.0263157894736843,0.19750519750519752,0.11450503758196066,0.2154712451330114,0.09621765889828128,0.0,0.0,0
M021169,C025,C194,1,43,1.131578947368421,0.18918918918918914,0.06116642958748221,0.1890319979036182,0.05643000915232701,0.0,0.0,0
M021169,C028,C194,1,46,1.2105263157894737,0.06359300476947538,0.030483168590585464,0.06600363838840477,0.028752564907127805,0.0,0.0,1
M021169,C030,C194,1,49,1.2894736842105263,0.15693112467306014,0.06127786772948064,0.1649292454697419,0.061550598604199605,0.0,0.0,2
M021169,C031,C194,1,52,1.368421052631579,0.19703574542284213,0.10537522634296827,0.20119130119992512,0.10441521851297214,0.0,0.5,4
M021169,C034,C194,1,38,1.0,0.1972972972972973,0.11628733997155051,0.23326260175784774,0.08904642442379714,0.0,0.0,0
M021169,C035,C194,1,38,1.0,0.1972972972972973,0.12894736842105264,0.12202897222867914,0.0652151307084598,0.0,0.0,1
M021169,C036,C194,1,38,1.0,0.1972972972972973,0.11251778093883358,0.12202897222867924,0.061599290296764295,0.0,0.0,1
M021169,C037,C194,1,41,1.0789473684210527,0.06594594594594594,0.025972313777191832,0.062031885897992606,0.02693498962509993,0.0,0.0,2
M021169,C038,C194,1,42,1.105263157894737,0.10594594594594597,0.044453024453024466,0.10548247919051915,0.042496576801725465,0.0,0.0,0
M021169,C044,C194,1,49,1.2894736842105263,0.19983619983619982,0.11130053987196843,0.20537749699446056,0.11092054032800062,0.0,0.0,4
M021169,C045,C194,1,41,1.0789473684210527,0.04750204750204756,0.02209304648329039,0.05757841467962938,0.023416015045510497,0.0,0.0,0
M021169,C046,C194,1,38,1.0,0.1283783783783784,0.03977003319108583,0.1371520828943045,0.05328617475555602,0.0,0.0,1
M021169,C047,C194,1,42,1.105263157894737,0.18693693693693691,0.06955169455169455,0.18566768604569683,0.06879660766237099,0.0,0.0,6
M021169,C050,C194,1,38,1.0,0.13513513513513514,0.047336810494705235,0.15355596084944617,0.05144244161866771,0.0,0.0,1
M021169,C051,C194,1,38,1.0,0.19819819819819828,0.07997471155365893,0.23524423246474477,0.09198925487637229,0.0,0.0,3
M021169,C052,C194,1,38,1.0,0.19819819819819828,0.09981033665244193,0.15682948830982982,0.059601140920135666,0.0,0.0,2
M021169,C053,C194,1,38,1.0,0.1861861861861862,0.06922712185870082,0.15355596084944634,0.05905029283834222,0.0,0.0,0
M021169,C055,C194,1,50,1.1111111111111112,0.19963144963144958,0.09018427518427519,0.19493369278004669,0.08915282400591824,0.0,0.0,2
M021169,C061,C194,1,41,1.0789473684210527,0.1459459459459459,0.06483190507580752,0.12974594488204724,0.06478997083820645,0.0,0.0,0
M021169,C062,C194,1,43,1.131578947368421,0.19324324324324316,0.08526084223758641,0.21170783304715965,0.07539677263868079,0.0,0.0,2
M021169,C063,C194,1,42,1.105263157894737,0.09909909909909914,0.04982839982839983,0.09060680671980818,0.04811866619446198,0.0,0.0,0
M021169,C064,C194,1,47,1.236842105263158,0.16216216216216217,0.057868506804677027,0.1578219510775408,0.05604020232573416,0.0,0.0,0
M021169,C065,C194,1,46,1.2105263157894737,0.18918918918918914,0.07591069330199765,0.18417843429320466,0.07264884584679195,0.0,0.0,4
M021169,C086,C194,1,42,1.105263157894737,0.15191053122087605,0.05380996760307105,0.13821648217838817,0.05642375531894253,0.0,0.0,2
M021169,C087,C194,1,49,1.2894736842105263,0.1891891891891892,0.10232611217832895,0.19926281748031469,0.10328405674718144,0.0,0.0,2
M021169,C091,C194,1,43,1.131578947368421,0.18318318318318316,0.0738180040505622,0.20946826475375052,0.07627303594736233,0.0,0.0,3
M021169,C092,C194,1,38,1.0,0.10810810810810811,0.04804804804804805,0.1353933915555797,0.03943056497414818,0.0,0.0,0
M021169,C093,C194,1,39,1.0263157894736843,0.19433719433719437,0.10230010230010232,0.16585317396223206,0.0784790330024254,0.0,0.0,2
M021169,C105,C194,1,39,1.0263157894736843,0.16534181240063595,0.060494884024295766,0.13166539162276472,0.06054311999624064,0.0,0.0,0
M021169,C106,C194,1,38,1.0,0.19713831478537364,0.12693498452012386,0.15982274963732315,0.09380784481754881,0.0,0.0,1
M021169,C109,C194,1,49,1.2894736842105263,0.1961639058413252,0.10785901108481753,0.18812222546923932,0.10383025552788783,0.0,0.0,0
M021169,C110,C194,1,49,1.2894736842105263,0.1961639058413252,0.12406811024322546,0.1901541121521873,0.11941913216550933,0.0,0.0,2
M021169,C129,C194,1,38,1.0,0.15233415233415235,0.05838613733350574,0.18213563238900551,0.06670789817428369,0.0,0.0,0
M021169,C130,C194,1,38,1.0,0.19656019656019658,0.1037113668692616,0.24136770111596195,0.0891375819841063,0.0,0.0,0
M021169,C138,C194,1,38,1.0,0.19750519750519746,0.09136667031403874,0.232652141138952,0.120890665931554,0.0,0.0,3
M021169,C139,C194,1,39,1.0263157894736843,0.13513513513513514,0.040780425395810005,0.13427674336342038,0.04819339265753028,0.0,0.0,0
M021169,C140,C194,1,39,1.0263157894736843,0.12681912681912688,0.059224905378751524,0.14154350183463396,0.05302082261467969,0.0,0.0,0
M021169,C141,C194,1,42,1.105263157894737,0.08011583011583012,0.023120058834344544,0.07510317827261714,0.02896684149244863,0.0,0.0,1
M021169,C150,C194,1,38,1.0,0.16216216216216217,0.04654654654654655,0.15046504829059298,0.05769078910858629,0.0,0.0,0
M021169,C152,C194,1,38,1.0,0.1891891891891892,0.09356725146198833,0.11770409446808,0.047533200306611546,0.0,0.0,0
M021169,C153,C194,1,45,1.1842105263157894,0.19750519750519752,0.106976206976207,0.18415627374062624,0.10633463236248457,0.0,0.0,0
M021169,C154,C194,1,47,1.236842105263158,0.19750519750519752,0.12560268943247666,0.22247756256481815,0.12223379814951163,0.0,0.0,2
M021169,C165,C194,1,54,1.2,0.13943488943488946,0.061925561925561944,0.1491094258794084,0.06273058995206189,0.0,0.5,2
M021169,C166,C194,1,55,1.2222222222222223,0.1726044226044226,0.06425061425061425,0.16621443202940397,0.06635822810201546,0.0,0.0,0
M021169,C167,C194,1,57,1.2666666666666666,0.19656019656019663,0.10242898400793138,0.2020608774805248,0.10386662927237987,0.0,0.0,2
M021169,C173,C194,1,44,1.1578947368421053,0.08108108108108114,0.04484029484029484,0.08674216308650388,0.04509118281062545,0.0,0.0,2
M021169,C174,C194,1,47,1.236842105263158,0.18711018711018707,0.07210156146326357,0.20197209820042183,0.07789653097019485,0.0,0.0,1
M021169,C175,C194,1,45,1.1842105263157894,0.17151767151767144,0.07433587433587432,0.1873233226504086,0.07718412045435412,0.0,0.0,1
M021169,C176,C194,1,45,1.1842105263157894,0.19854469854469847,0.08842688842688842,0.2136798058660723,0.09587037556048955,0.0,0.2,5
M021169,C177,C194,1,50,1.3157894736842106,0.1861861861861862,0.0812162162162162,0.18059902805021996,0.07976288078653888,0.0,0.5,2
M021169,C178,C194,1,39,1.0263157894736843,0.14671814671814676,0.06890406890406894,0.4332540677204628,0.22538789196608938,0.0,0.0,2
M021169,C179,C194,1,38,1.0,0.16216216216216217,0.04969772403982931,0.118834715771284,0.04448289190565006,0.0,0.0,0
M021169,C180,C194,1,38,1.0,0.1891891891891892,0.08290997764681977,0.19081553846263394,0.06149862481664745,0.0,0.0,0
M021169,C181,C194,1,38,1.0,0.16216216216216217,0.0536095305832148,0.09247823255561993,0.03506480256042288,0.0,0.0,0
M021169,C182,C194,1,49,1.2894736842105263,0.1908783783783784,0.10590182018753448,0.20651658913417162,0.10421514739007841,0.0,0.0,0
M021169,C183,C194,1,52,1.368421052631579,0.19932432432432434,0.1007503898128898,0.21845398272144376,0.10102040801147326,0.0,0.0,3
M021169,C192,C194,1,41,1.0789473684210527,0.199764982373678,0.09036714338941275,0.21698293118485093,0.09249229152101415,0.0,0.0,2
M021169,C193,C194,1,39,1.0263157894736843,0.12220916568742651,0.051462834071529746,0.10046838412236288,0.0403949184635271,0.0,0.0,1
M021169,C195,C194,1,46,1.2105263157894737,0.1351351351351352,0.08343125734430082,0.13178241607831942,0.08119323490539423,0.0,0.0,4
M021169,C197,C194,1,52,1.368421052631579,0.1891891891891892,0.09453890703890704,0.18294902031441965,0.08964675236154283,0.0,0.0,4
M021169,C198,C194,1,45,1.1842105263157894,0.1988416988416989,0.09575289575289574,0.1931043206412613,0.09487191416597371,0.0,0.0,5
M021169,C199,C194,1,46,1.2105263157894737,0.16891891891891891,0.05814587879805271,0.1704513562276704,0.058350610877713496,0.0,0.0,3
M021169,C202,C194,1,38,1.0,0.13175675675675674,0.05032005689900426,0.18880126652309195,0.08957696489058772,0.0,0.0,1
M021169,C125,C029,2,35,1.0,0.16911764705882348,0.048949579831932766,0.1895473214289978,0.06493613948695032,0.0,0.0,6
M021169,C136,C029,2,35,1.0,0.1941176470588235,0.08756302521008402,0.26384680218889933,0.08006774715745851,0.0,0.5,6
M021169,C137,C029,2,35,1.0,0.1941176470588235,0.09428571428571428,0.15522927169554016,0.05618863615546833,0.0,0.5,6
M021169,C151,C029,2,35,1.0,0.196078431372549,0.09140989729225023,0.23705282159651905,0.12116379295642886,0.0,0.3333333333333333,6
M021331,C005,C194,1,59,1.5526315789473684,0.19519519519519524,0.07949050745660914,0.19744462712054797,0.0828744355549499,0.0,0.4,10
M021331,C006,C194,1,49,1.2564102564102564,0.1465149359886202,0.05334281650071124,0.14054868747374133,0.05208971221844729,0.0,0.0,6
M021331,C008,C194,1,48,1.263157894736842,0.1752397558849172,0.05872202848009298,0.18929971957466435,0.07005289069622626,0.0,0.2,5
M021331,C009,C194,1,39,1.0263157894736843,0.1988416988416989,0.11310761310761311,0.20788645160301092,0.09554465179973924,0.0,0.0,0
M021331,C010,C194,1,40,1.0526315789473684,0.1988416988416989,0.11573359073359075,0.20788645160301092,0.1024643441627044,0.0,0.0,0
M021331,C014,C194,1,46,1.2105263157894737,0.1220876048462256,0.06298877588232911,0.12467074483916736,0.06184418302665135,0.0,0.0,0
M021331,C015,C194,1,65,1.2745098039215685,0.19945945945945948,0.1056964656964657,0.19990689396038122,0.10429021561394869,0.0,0.3333333333333333,6
M021331,C016,C194,1,73,1.4313725490196079,0.19837837837837835,0.10097741577193631,0.19799266266646517,0.09977987929849595,0.0,0.5,6
M021331,C017,C194,1,63,1.2352941176470589,0.16378378378378378,0.06465894465894467,0.15494851380412303,0.06310564141551839,0.0,0.0,0
M021331,C018,C194,1,38,1.0,0.19750519750519752,0.11604114235693182,0.2154712451330114,0.09781630466002768,0.0,0.0,0
M021331,C019,C194,1,39,1.0263157894736843,0.19750519750519752,0.11450503758196066,0.2154712451330114,0.09621765889828128,0.0,0.0,0
M021331,C025,C194,1,43,1.131578947368421,0.18918918918918914,0.06116642958748221,0.1890319979036182,0.05643000915232701,0.0,0.0,0
M021331,C028,C194,1,46,1.2105263157894737,0.06359300476947538,0.030483168590585464,0.06600363838840477,0.028752564907127805,0.0,0.0,1
M021331,C030,C194,1,49,1.2894736842105263,0.15693112467306014,0.06127786772948064,0.1649292454697419,0.061550598604199605,0.0,0.0,2
M021331,C031,C194,1,52,1.368421052631579,0.19703574542284213,0.10537522634296827,0.20119130119992512,0.10441521851297214,0.0,0.5,4
M021331,C034,C194,1,38,1.0,0.1972972972972973,0.11628733997155051,0.23326260175784774,0.08904642442379714,0.0,0.0,0
M021331,C035,C194,1,38,1.0,0.1972972972972973,0.12894736842105264,0.12202897222867914,0.0652151307084598,0.0,0.0,1
M021331,C036,C194,1,38,1.0,0.1972972972972973,0.11251778093883358,0.12202897222867924,0.061599290296764295,0.0,0.0,1
M021331,C037,C194,1,41,1.0789473684210527,0.06594594594594594,0.025972313777191832,0.062031885897992606,0.02693498962509993,0.0,0.0,2
M021331,C038,C194,1,42,1.105263157894737,0.10594594594594597,0.044453024453024466,0.10548247919051915,0.042496576801725465,0.0,0.0,0
M021331,C045,C194,1,41,1.0789473684210527,0.04750204750204756,0.02209304648329039,0.05757841467962938,0.023416015045510497,0.0,0.0,0
M021331,C046,C194,1,38,1.0,0.1283783783783784,0.03977003319108583,0.1371520828943045,0.05328617475555602,0.0,0.0,1
M021331,C047,C194,1,42,1.105263157894737,0.18693693693693691,0.06955169455169455,0.18566768604569683,0.06879660766237099,0.0,0.0,6
M021331,C050,C194,1,38,1.0,0.13513513513513514,0.047336810494705235,0.15355596084944617,0.05144244161866771,0.0,0.0,1
M021331,C051,C194,1,38,1.0,0.19819819819819828,0.07997471155365893,0.23524423246474477,0.09198925487637229,0.0,0.0,3
M021331,C052,C194,1,38,1.0,0.19819819819819828,0.09981033665244193,0.15682948830982982,0.059601140920135666,0.0,0.0,2
M021331,C053,C194,1,38,1.0,0.1861861861861862,0.06922712185870082,0.15355596084944634,0.05905029283834222,0.0,0.0,0
M021331,C055,C194,1,50,1.1111111111111112,0.19963144963144958,0.09018427518427519,0.19493369278004669,0.08915282400591824,0.0,0.0,2
M021331,C061,C194,1,41,1.0789473684210527,0.1459459459459459,0.06483190507580752,0.12974594488204724,0.06478997083820645,0.0,0.0,0
M021331,C062,C194,1,43,1.131578947368421,0.19324324324324316,0.08526084223758641,0.21170783304715965,0.07539677263868079,0.0,0.0,2
M021331,C063,C194,1,42,1.105263157894737,0.09909909909909914,0.04918489918489918,0.09060680671980818,0.047491130879803306,0.0,0.0,0
M021331,C064,C194,1,47,1.236842105263158,0.16216216216216217,0.057868506804677027,0.1578219510775408,0.05604020232573416,0.0,0.0,0
M021331,C065,C194,1,46,1.2105263157894737,0.18918918918918914,0.07591069330199765,0.18417843429320466,0.07264884584679195,0.0,0.0,4
M021331,C086,C194,1,42,1.105263157894737,0.15191053122087605,0.05380996760307105,0.13821648217838817,0.05642375531894253,0.0,0.0,2
M021331,C087,C194,1,49,1.2894736842105263,0.1891891891891892,0.10232611217832895,0.19926281748031469,0.10328405674718144,0.0,0.0,2
M021331,C091,C194,1,43,1.131578947368421,0.18318318318318316,0.0738180040505622,0.20946826475375052,0.07627303594736233,0.0,0.0,3
M021331,C092,C194,1,38,1.0,0.10810810810810811,0.04804804804804805,0.1353933915555797,0.03943056497414818,0.0,0.0,0
M021331,C093,C194,1,39,1.0263157894736843,0.19433719433719437,0.10230010230010232,0.16585317396223206,0.0784790330024254,0.0,0.0,2
M021331,C105,C194,1,39,1.0263157894736843,0.16534181240063595,0.060494884024295766,0.13166539162276472,0.06054311999624064,0.0,0.0,0
M021331,C106,C194,1,38,1.0,0.19713831478537364,0.12693498452012386,0.15982274963732315,0.09380784481754881,0.0,0.0,1
M021331,C109,C194,1,49,1.2894736842105263,0.1961639058413252,0.10785901108481753,0.18812222546923932,0.10383025552788783,0.0,0.0,0
M021331,C110,C194,1,49,1.2894736842105263,0.1961639058413252,0.12406811024322546,0.1901541121521873,0.11941913216550933,0.0,0.0,2
M021331,C129,C194,1,38,1.0,0.15233415233415235,0.05838613733350574,0.18213563238900551,0.06670789817428369,0.0,0.0,0
M021331,C130,C194,1,38,1.0,0.19656019656019658,0.1037113668692616,0.24136770111596195,0.0891375819841063,0.0,0.0,0
M021331,C138,C194,1,38,1.0,0.19750519750519746,0.09136667031403874,0.232652141138952,0.120890665931554,0.0,0.0,3
M021331,C139,C194,1,39,1.0263157894736843,0.13513513513513514,0.040780425395810005,0.13427674336342038,0.04819339265753028,0.0,0.0,0
M021331,C140,C194,1,39,1.0263157894736843,0.12681912681912688,0.059224905378751524,0.14154350183463396,0.05302082261467969,0.0,0.0,0
M021331,C141,C194,1,42,1.105263157894737,0.08011583011583012,0.023120058834344544,0.07510317827261714,0.02896684149244863,0.0,0.0,1
M021331,C150,C194,1,38,1.0,0.16216216216216217,0.04654654654654655,0.15046504829059298,0.05769078910858629,0.0,0.0,0
M021331,C152,C194,1,38,1.0,0.1891891891891892,0.09356725146198833,0.11770409446808,0.047533200306611546,0.0,0.0,0
M021331,C153,C194,1,45,1.1842105263157894,0.19750519750519752,0.106976206976207,0.18415627374062624,0.10633463236248457,0.0,0.0,0
M021331,C154,C194,1,47,1.236842105263158,0.19750519750519752,0.12560268943247666,0.22247756256481815,0.12223379814951163,0.0,0.0,2
M021331,C165,C194,1,54,1.2,0.13943488943488946,0.061925561925561944,0.1491094258794084,0.06273058995206189,0.0,0.5,2
M021331,C166,C194,1,55,1.2222222222222223,0.1726044226044226,0.06425061425061425,0.16621443202940397,0.06635822810201546,0.0,0.0,0
M021331,C167,C194,1,57,1.2666666666666666,0.19656019656019663,0.10242898400793138,0.2020608774805248,0.10386662927237987,0.0,0.0,2
M021331,C173,C194,1,44,1.1578947368421053,0.08108108108108114,0.04238329238329238,0.08674216308650388,0.04269513888192874,0.0,0.0,2
M021331,C174,C194,1,47,1.236842105263158,0.18711018711018707,0.07210156146326357,0.20197209820042183,0.07789653097019485,0.0,0.0,1
M021331,C175,C194,1,45,1.1842105263157894,0.17151767151767144,0.07433587433587432,0.1873233226504086,0.07718412045435412,0.0,0.0,1
M021331,C176,C194,1,45,1.1842105263157894,0.19854469854469847,0.08842688842688842,0.2136798058660723,0.09587037556048955,0.0,0.2,5
M021331,C177,C194,1,50,1.3157894736842106,0.1861861861861862,0.0812162162162162,0.18059902805021996,0.07976288078653888,0.0,0.5,2
M021331,C178,C194,1,39,1.0263157894736843,0.14671814671814676,0.06890406890406894,0.4332540677204628,0.22538789196608938,0.0,0.0,2
M021331,C179,C194,1,38,1.0,0.16216216216216217,0.04969772403982931,0.118834715771284,0.04448289190565006,0.0,0.0,0
M021331,C180,C194,1,38,1.0,0.1891891891891892,0.08290997764681977,0.19081553846263394,0.06149862481664745,0.0,0.0,0
M021331,C181,C194,1,38,1.0,0.16216216216216217,0.0536095305832148,0.09247823255561993,0.03506480256042288,0.0,0.0,0
M021331,C182,C194,1,49,1.2894736842105263,0.1908783783783784,0.10526406508549366,0.20651658913417162,0.10357917093242273,0.0,0.0,0
M021331,C183,C194,1,52,1.368421052631579,0.19932432432432434,0.1007503898128898,0.21845398272144376,0.10102040801147326,0.0,0.0,3
M021331,C192,C194,1,41,1.0789473684210527,0.199764982373678,0.09036714338941275,0.21698293118485093,0.09249229152101415,0.0,0.0,2
M021331,C193,C194,1,39,1.0263157894736843,0.12220916568742651,0.051462834071529746,0.10046838412236288,0.0403949184635271,0.0,0.0,1
M021331,C195,C194,1,46,1.2105263157894737,0.1351351351351352,0.08343125734430082,0.13178241607831942,0.08119323490539423,0.0,0.0,4
M021331,C197,C194,1,52,1.368421052631579,0.1891891891891892,0.09453890703890704,0.18294902031441965,0.08964675236154283,0.0,0.0,4
M021331,C198,C194,1,45,1.1842105263157894,0.1988416988416989,0.09575289575289574,0.1931043206412613,0.09487191416597371,0.0,0.0,5
M021331,C199,C194,1,46,1.2105263157894737,0.16891891891891891,0.05814587879805271,0.1704513562276704,0.058350610877713496,0.0,0.0,3
M021331,C202,C194,1,38,1.0,0.13175675675675674,0.05032005689900426,0.18880126652309195,0.08957696489058772,0.0,0.0,1
M021331,C029,C125,2,35,1.0,0.16911764705882348,0.048949579831932766,0.1895473214289978,0.06493613948695032,0.0,0.0,6
M021331,C044,C125,2,34,1.0,0.19886363636363635,0.089572192513369,0.21949856580537827,0.08572387895665613,0.0,0.0,5
M021331,C136,C125,2,17,1.0,0.1875,0.08823529411764705,0.1233698299909668,0.0447082257344,0.0,0.0,2
M021331,C137,C125,2,17,1.0,0.1875,0.08823529411764705,0.12336982999096682,0.04470822573439999,0.0,0.0,2
M021331,C151,C125,2,17,1.0,0.18055555555555558,0.08741830065359477,0.19848987114213024,0.10537341101804468,0.0,0.0,2
M021493,C005,C194,1,58,1.5263157894736843,0.19519519519519524,0.08127524075799937,0.19744462712054797,0.08532772902544403,0.0,0.3,10
M021493,C006,C194,1,49,1.2564102564102564,0.1465149359886202,0.05334281650071124,0.14054868747374133,0.05208971221844729,0.0,0.0,6
M021493,C008,C194,1,48,1.263157894736842,0.1752397558849172,0.05872202848009298,0.18929971957466435,0.07005289069622626,0.0,0.2,5
M021493,C009,C194,1,39,1.0263157894736843,0.1988416988416989,0.11310761310761311,0.20788645160301092,0.09554465179973924,0.0,0.0,0
M021493,C010,C194,1,40,1.0526315789473684,0.1988416988416989,0.11573359073359075,0.20788645160301092,0.1024643441627044,0.0,0.0,0
M021493,C014,C194,1,46,1.2105263157894737,0.1220876048462256,0.06298877588232911,0.12467074483916736,0.06184418302665135,0.0,0.0,0
M021493,C015,C194,1,65,1.2745098039215685,0.19945945945945948,0.1056964656964657,0.19990689396038122,0.10429021561394869,0.0,0.3333333333333333,6
M021493,C016,C194,1,72,1.411764705882353,0.19837837837837835,0.09937687687687687,0.19443440807791637,0.09814348170814563,0.0,0.5,6
M021493,C017,C194,1,63,1.2352941176470589,0.16378378378378378,0.06465894465894467,0.15494851380412303,0.06310564141551839,0.0,0.0,0
M021493,C018,C194,1,38,1.0,0.19750519750519752,0.11604114235693182,0.2154712451330114,0.09781630466002768,0.0,0.0,0
M021493,C019,C194,1,39,1.0263157894736843,0.19750519750519752,0.11450503758196066,0.2154712451330114,0.09621765889828128,0.0,0.0,0
M021493,C025,C194,1,43,1.131578947368421,0.18918918918918914,0.06116642958748221,0.1890319979036182,0.05643000915232701,0.0,0.0,0
M021493,C028,C194,1,45,1.1842105263157894,0.06359300476947538,0.029270446917505737,0.06600363838840477,0.027674453511379513,0.0,0.0,1
M021493,C030,C194,1,49,1.2894736842105263,0.15693112467306014,0.06127786772948064,0.1649292454697419,0.061550598604199605,0.0,0.0,2
M021493,C031,C194,1,52,1.368421052631579,0.19703574542284213,0.10537522634296827,0.20119130119992512,0.10441521851297214,0.0,0.5,4
M021493,C034,C194,1,38,1.0,0.1972972972972973,0.11628733997155051,0.23326260175784774,0.08904642442379714,0.0,0.0,0
M021493,C035,C194,1,38,1.0,0.1972972972972973,0.12894736842105264,0.12202897222867914,0.0652151307084598,0.0,0.0,1
M021493,C036,C194,1,38,1.0,0.1972972972972973,0.11251778093883358,0.12202897222867924,0.061599290296764295,0.0,0.0,1
M021493,C037,C194,1,41,1.0789473684210527,0.06594594594594594,0.025972313777191832,0.062031885897992606,0.02693498962509993,0.0,0.0,2
M021493,C038,C194,1,42,1.105263157894737,0.10594594594594597,0.044453024453024466,0.10548247919051915,0.042496576801725465,0.0,0.0,0
M021493,C045,C194,1,41,1.0789473684210527,0.04750204750204756,0.02209304648329039,0.05757841467962938,0.023416015045510497,0.0,0.0,0
M021493,C046,C194,1,38,1.0,0.1283783783783784,0.03977003319108583,0.1371520828943045,0.05328617475555602,0.0,0.0,1
M021493,C047,C194,1,42,1.105263157894737,0.18693693693693691,0.06955169455169455,0.18566768604569683,0.06879660766237099,0.0,0.0,6
M021493,C050,C194,1,38,1.0,0.13513513513513514,0.047336810494705235,0.15355596084944617,0.05144244161866771,0.0,0.0,1
M021493,C051,C194,1,38,1.0,0.19819819819819828,0.07997471155365893,0.23524423246474477,0.09198925487637229,0.0,0.0,3
M021493,C052,C194,1,38,1.0,0.19819819819819828,0.09981033665244193,0.15682948830982982,0.059601140920135666,0.0,0.0,2
M021493,C053,C194,1,38,1.0,0.1861861861861862,0.06922712185870082,0.15355596084944634,0.05905029283834222,0.0,0.0,0
M021493,C055,C194,1,50,1.1111111111111112,0.19963144963144958,0.09318181818181817,0.19493369278004669,0.09199723853289264,0.0,0.0,2
M021493,C061,C194,1,41,1.0789473684210527,0.1459459459459459,0.06483190507580752,0.12974594488204724,0.06478997083820645,0.0,0.0,0
M021493,C062,C194,1,43,1.131578947368421,0.19324324324324316,0.08526084223758641,0.21170783304715965,0.07539677263868079,0.0,0.0,2
M021493,C063,C194,1,42,1.105263157894737,0.09909909909909914,0.04918489918489918,0.09060680671980818,0.047491130879803306,0.0,0.0,0
M021493,C064,C194,1,47,1.236842105263158,0.16216216216216217,0.057868506804677027,0.1578219510775408,0.05604020232573416,0.0,0.0,0
M021493,C065,C194,1,46,1.2105263157894737,0.18918918918918914,0.07591069330199765,0.18417843429320466,0.07264884584679195,0.0,0.0,4
M021493,C086,C194,1,42,1.105263157894737,0.15191053122087605,0.05380996760307105,0.13821648217838817,0.05642375531894253,0.0,0.0,2
M021493,C087,C194,1,49,1.2894736842105263,0.1891891891891892,0.10342925613861577,0.19926281748031469,0.10435983157231057,0.0,0.0,2
M021493,C091,C194,1,43,1.131578947368421,0.18318318318318316,0.0738180040505622,0.20946826475375052,0.07627303594736233,0.0,0.0,3
M021493,C092,C194,1,38,1.0,0.10810810810810811,0.04804804804804805,0.1353933915555797,0.03943056497414818,0.0,0.0,0
M021493,C093,C194,1,39,1.0263157894736843,0.19433719433719437,0.10230010230010232,0.16585317396223206,0.0784790330024254,0.0,0.0,2
M021493,C105,C194,1,39,1.0263157894736843,0.16534181240063595,0.060494884024295766,0.13166539162276472,0.06054311999624064,0.0,0.0,0
M021493,C106,C194,1,38,1.0,0.19713831478537364,0.12693498452012386,0.15982274963732315,0.09380784481754881,0.0,0.0,1
M021493,C109,C194,1,49,1.2894736842105263,0.1961639058413252,0.10785901108481753,0.18812222546923932,0.10383025552788783,0.0,0.0,0
M021493,C110,C194,1,49,1.2894736842105263,0.1961639058413252,0.12340978239595751,0.1901541121521873,0.11878106899075755,0.0,0.0,2
M021493,C129,C194,1,38,1.0,0.15233415233415235,0.05838613733350574,0.18213563238900551,0.06670789817428369,0.0,0.0,0
M021493,C130,C194,1,38,1.0,0.19656019656019658,0.1037113668692616,0.24136770111596195,0.0891375819841063,0.0,0.0,0
M021493,C138,C194,1,38,1.0,0.19750519750519746,0.09136667031403874,0.232652141138952,0.120890665931554,0.0,0.0,3
M021493,C139,C194,1,39,1.0263157894736843,0.13513513513513514,0.040780425395810005,0.13427674336342038,0.04819339265753028,0.0,0.0,0
M021493,C140,C194,1,39,1.0263157894736843,0.12681912681912688,0.05725251879098033,0.14154350183463396,0.05235055954207522,0.0,0.0,0
M021493,C141,C194,1,42,1.105263157894737,0.08011583011583012,0.02429214929214929,0.07510317827261714,0.031115997577392345,0.0,0.0,1
M021493,C150,C194,1,38,1.0,0.16216216216216217,0.04654654654654655,0.15046504829059298,0.05769078910858629,0.0,0.0,0
M021493,C152,C194,1,38,1.0,0.1891891891891892,0.09356725146198833,0.11770409446808,0.047533200306611546,0.0,0.0,0
M021493,C153,C194,1,45,1.1842105263157894,0.19750519750519752,0.106976206976207,0.18415627374062624,0.10633463236248457,0.0,0.0,0
M021493,C154,C194,1,47,1.236842105263158,0.19750519750519752,0.12560268943247666,0.22247756256481815,0.12223379814951163,0.0,0.0,2
M021493,C165,C194,1,54,1.2,0.13943488943488946,0.061925561925561944,0.1491094258794084,0.06273058995206189,0.0,0.5,2
M021493,C166,C194,1,55,1.2222222222222223,0.1726044226044226,0.06425061425061425,0.16621443202940397,0.06635822810201546,0.0,0.0,0
M021493,C167,C194,1,57,1.2666666666666666,0.19656019656019663,0.10242898400793138,0.2020608774805248,0.10386662927237987,0.0,0.0,2
M021493,C173,C194,1,44,1.1578947368421053,0.08108108108108114,0.04238329238329238,0.08674216308650388,0.04269513888192874,0.0,0.0,2
M021493,C174,C194,1,47,1.236842105263158,0.18711018711018707,0.07210156146326357,0.20197209820042183,0.07789653097019485,0.0,0.0,1
M021493,C175,C194,1,45,1.1842105263157894,0.17151767151767144,0.07433587433587432,0.1873233226504086,0.07718412045435412,0.0,0.0,1
M021493,C176,C194,1,45,1.1842105263157894,0.19854469854469847,0.08842688842688842,0.2136798058660723,0.09587037556048955,0.0,0.2,5
M021493,C177,C194,1,50,1.3157894736842106,0.1861861861861862,0.08174174174174174,0.18059902805021996,0.08027442503301446,0.0,0.5,2
M021493,C178,C194,1,39,1.0263157894736843,0.14671814671814676,0.06890406890406894,0.4332540677204628,0.22538789196608938,0.0,0.0,2
M021493,C179,C194,1,38,1.0,0.16216216216216217,0.04969772403982931,0.118834715771284,0.04448289190565006,0.0,0.0,0
M021493,C180,C194,1,38,1.0,0.1891891891891892,0.08290997764681977,0.19081553846263394,0.06149862481664745,0.0,0.0,0
M021493,C181,C194,1,38,1.0,0.16216216216216217,0.0536095305832148,0.09247823255561993,0.03506480256042288,0.0,0.0,0
M021493,C182,C194,1,49,1.2894736842105263,0.1908783783783784,0.10526406508549366,0.20651658913417162,0.10357917093242273,0.0,0.0,0
M021493,C183,C194,1,52,1.368421052631579,0.19932432432432434,0.1007503898128898,0.21845398272144376,0.10102040801147326,0.0,0.0,3
M021493,C192,C194,1,41,1.0789473684210527,0.199764982373678,0.09036714338941275,0.21698293118485093,0.09249229152101415,0.0,0.0,2
M021493,C193,C194,1,39,1.0263157894736843,0.12220916568742651,0.051462834071529746,0.10046838412236288,0.0403949184635271,0.0,0.0,1
M021493,C195,C194,1,46,1.2105263157894737,0.1351351351351352,0.08343125734430082,0.13178241607831942,0.08119323490539423,0.0,0.0,4
M021493,C197,C194,1,52,1.368421052631579,0.1891891891891892,0.09453890703890704,0.18294902031441965,0.08964675236154283,0.0,0.0,4
M021493,C198,C194,1,45,1.1842105263157894,0.1988416988416989,0.09643929643929643,0.1931043206412613,0.09563289818888034,0.0,0.0,5
M021493,C199,C194,1,46,1.2105263157894737,0.16891891891891891,0.05814587879805271,0.1704513562276704,0.058350610877713496,0.0,0.0,3
M021493,C202,C194,1,38,1.0,0.13175675675675674,0.05032005689900426,0.18880126652309195,0.08957696489058772,0.0,0.0,1
M021493,C029,C125,2,35,1.0,0.16911764705882348,0.048949579831932766,0.1895473214289978,0.06493613948695032,0.0,0.0,6
M021493,C044,C125,2,34,1.0,0.19886363636363635,0.089572192513369,0.21949856580537827,0.08572387895665613,0.0,0.0,5
M021493,C136,C125,2,17,1.0,0.1875,0.08823529411764705,0.1233698299909668,0.0447082257344,0.0,0.0,2
M021493,C137,C125,2,17,1.0,0.1875,0.08823529411764705,0.12336982999096682,0.04470822573439999,0.0,0.0,2
M021493,C151,C125,2,17,1.0,0.18055555555555558,0.08741830065359477,0.19848987114213024,0.10537341101804468,0.0,0.0,2
M023005,C005,C010,1,61,1.0,0.029710144927536236,0.012354478498455687,0.03459984383038164,0.012916528106770006,0.0,0.2,10
M023005,C009,C010,1,25,1.0416666666666667,0.0434782608695653,0.04,0.04195158047861421,0.03832193678085542,0.92,0.0,0
M023005,C018,C010,1,24,1.0,0.04554865424430643,0.021825396825396835,0.04442057244109141,0.021640605611166448,0.041666666666666664,0.0,0
M023005,C019,C010,1,24,1.0,0.04554865424430643,0.021825396825396817,0.04307191474487658,0.020325171574561846,0.041666666666666664,0.0,0
M023005,C036,C010,1,24,1.0,0.048913043478260865,0.02004076086956522,0.04723064865969213,0.017049937314214038,0.0,0.0,2
M023005,C038,C010,1,42,1.0,0.03393425238600212,0.014088774428116943,0.03991734665234619,0.013443593205040268,0.023809523809523808,0.0,0
M023005,C045,C010,1,55,1.0,0.03059581320450888,0.012809251939686721,0.030739492074873323,0.011643607384625061,0.0,0.0,0
M023005,C063,C010,1,50,1.0,0.03194321206743567,0.013203194321206743,0.048335955124438744,0.020801220223225322,0.02,0.0,0
M023005,C105,C010,1,29,1.0357142857142858,0.040257648953301084,0.02021211616414015,0.034208000482592475,0.01602063668844854,0.034482758620689655,0.0,2
M023005,C109,C010,1,52,1.0,0.031543052003410066,0.013017247032592306,0.04820042699084423,0.020375724144015117,0.019230769230769232,0.0,0
M023005,C110,C010,1,52,1.0,0.03154305200341001,0.013263164797691653,0.04820042699084423,0.012598311186439436,0.019230769230769232,0.0,2
M023005,C153,C010,1,43,1.0,0.0331262939958592,0.01379459771775242,0.043192811906031636,0.015365170561316978,0.0,0.0,0
M023005,C154,C010,1,43,1.0,0.0331262939958592,0.013409408252684288,0.041383868716352155,0.01577882613543833,0.0,0.0,2
M023005,C194,C010,1,62,1.0,0.029935851746258013,0.012415791046835125,0.034806206387395525,0.011991627339863779,0.016129032258064516,0.0,0
M023005,C006,C181,2,63,1.0,0.04377880184331795,0.01872576987784361,0.09116205099623069,0.05009663940855412,0.031746031746031744,0.25,8
M023005,C008,C181,2,51,1.0,0.045714285714285735,0.01927170868347339,0.06895720361265903,0.026919318500089762,0.0392156862745098,0.2,5
M023005,C016,C181,2,83,1.0,0.04181184668989546,0.018345157634020403,0.0922104475987402,0.041651555914521216,0.024096385542168676,0.2,10
M023005,C017,C181,2,83,1.0,0.04181184668989546,0.018303177868267493,0.0922104475987402,0.04999394676465757,0.024096385542168676,0.0,0
M023005,C025,C181,2,32,1.0,0.05069124423963134,0.02080933179723502,0.08066078030978624,0.04158161837739463,0.0,0.0,2
M023005,C029,C181,2,56,1.0,0.04415584415584417,0.01866883116883117,0.07116776486124836,0.036140963698869,0.0,0.16666666666666666,6
M023005,C030,C181,2,51,1.0,0.04571428571428571,0.019271708683473384,0.09218967544125684,0.0536304228231599,0.0392156862745098,0.4,5
M023005,C034,C181,2,17,1.0,0.0625,0.02941176470588235,0.07415977544501089,0.038848529436653796,0.0,0.0,0
M023005,C035,C181,2,17,1.0,0.0625,0.02941176470588235,0.07415977544501089,0.038848529436653796,0.0,0.0,2
M023005,C037,C181,2,42,1.0,0.0470383275261324,0.01945412311265969,0.09101735500986255,0.048911773101759724,0.0,0.0,2
M023005,C044,C181,2,55,1.0,0.044973544973545,0.01885521885521885,0.08363845060841889,0.030745647999393614,0.03636363636363636,0.25,4
M023005,C047,C181,2,21,1.0,0.05714285714285716,0.02312925170068027,0.056900847062611795,0.021336513742779378,0.0,0.125,8
M023005,C050,C181,2,16,1.0,0.06666666666666665,0.031249999999999997,0.06330520928635186,0.031184244833170977,0.0,0.0,1
M023005,C051,C181,2,16,1.0,0.06666666666666667,0.03125,0.06053427615781601,0.027532362906965514,0.0,0.0,4
M023005,C052,C181,2,16,1.0,0.06666666666666667,0.03125,0.06053427615781601,0.02753236290696552,0.0,0.0,3
M023005,C053,C181,2,16,1.0,0.06666666666666665,0.031249999999999997,0.06330520928635197,0.031184244833170963,0.0,0.0,0
M023005,C055,C181,2,73,1.0,0.041666666666666664,0.018264840182648404,0.07172975815336897,0.035710601547735976,0.0,0.0,3
M023005,C061,C181,2,33,1.0,0.049107142857142905,0.020562770562770557,0.08971816878377196,0.05358389314392453,0.0,0.0,0
M023005,C062,C181,2,33,1.0,0.049107142857142905,0.020562770562770557,0.08971816878377209,0.05358389314392457,0.0,0.0,2
M023005,C064,C181,2,50,1.0,0.04081632653061229,0.018571428571428572,0.08766717200183964,0.049389119477144715,0.0,0.25,4
M023005,C065,C181,2,50,1.0,0.04081632653061229,0.018571428571428572,0.08766717200183957,0.049389119477144715,0.0,0.125,8
M023005,C086,C181,2,47,1.0,0.04658385093167705,0.019558609752874323,0.09450907404924479,0.05693662477837869,0.0425531914893617,0.25,4
M023005,C091,C181,2,30,1.0,0.051724137931034475,0.021264367816091957,0.05014694832565574,0.021251036222061363,0.0,0.2,5
M023005,C092,C181,2,30,1.0,0.051724137931034475,0.021264367816091943,0.0839120197623121,0.04701977797258163,0.0,0.0,0
M023005,C106,C181,2,28,1.0,0.05291005291005291,0.021825396825396835,0.0892710797490564,0.05194721323491885,0.0,0.16666666666666666,6
M023005,C125,C181,2,27,1.0,0.05494505494505497,0.02360602360602361,0.0405980321783515,0.01750544779120109,0.07407407407407407,0.0,2
M023005,C129,C181,2,18,1.0,0.06302521008403361,0.024509803921568627,0.04102918125192372,0.01704778923168139,0.0,0.0,0
M023005,C130,C181,2,18,1.0,0.06302521008403361,0.028244631185807653,0.08205836250384721,0.04811089801922755,0.0,0.0,0
M023005,C136,C181,2,15,1.0,0.07142857142857142,0.029761904761904767,0.06456303620255519,0.030143414682568363,0.0,0.0,1
M023005,C137,C181,2,15,1.0,0.0892857142857143,0.039285714285714285,0.08441243450944602,0.03350034942692603,0.0,0.0,1
M023005,C138,C181,2,22,1.0,0.04761904761904767,0.02272727272727272,0.02797425292411864,0.015639769752815127,0.0,0.3333333333333333,3
M023005,C139,C181,2,22,1.0,0.04761904761904767,0.021645021645021648,0.0741078399964119,0.041771761997036055,0.0,0.0,0
M023005,C141,C181,2,46,1.0,0.046031746031746035,0.019703243616287093,0.08694806782881634,0.04381998296797127,0.0,0.0,1
M023005,C150,C181,2,16,1.0,0.06666666666666665,0.031249999999999997,0.07095568568317341,0.035282714331468214,0.0,0.0,0
M023005,C151,C181,2,16,1.0,0.05238095238095239,0.02142857142857143,0.0442365611690188,0.017136130333846516,0.0,0.0,2
M023005,C152,C181,2,16,1.0,0.038095238095238126,0.01696428571428571,0.03547784284158665,0.01549387064745301,0.0,0.0,2
M023005,C165,C181,2,72,1.0,0.04225352112676062,0.018290297339593115,0.08312956899530176,0.049840237322878685,0.0,0.375,8
M023005,C166,C181,2,72,1.0,0.04225352112676062,0.018290297339593115,0.08312956899530174,0.04984023732287868,0.0,0.0,0
M023005,C167,C181,2,72,1.0,0.04225352112676062,0.018290297339593115,0.08312956899530173,0.049840237322878685,0.0,0.5,2
M023005,C179,C181,2,16,1.0666666666666667,0.07142857142857151,0.0625,0.06957787748443785,0.05815138265722257,0.875,0.0,0
M023005,C180,C181,2,15,1.0,0.08571428571428574,0.03428571428571429,0.20873363245331344,0.06493935231880864,0.13333333333333333,0.0,0
M023005,C182,C181,2,52,1.0,0.04481792717086834,0.0188267614738203,0.09263310093081675,0.05081192735857153,0.0,0.0,0
M023005,C183,C181,2,52,1.0,0.04481792717086841,0.01917690152984271,0.09263310093081677,0.0344790061305038,0.0,0.3333333333333333,3
M023005,C192,C181,2,38,1.0,0.04826254826254828,0.020067059540743757,0.08617000741716747,0.034362778719176985,0.0,0.0,2
M023005,C193,C181,2,38,1.0,0.04826254826254828,0.019863848811217222,0.0864426779997346,0.050707718650042435,0.0,0.0,2
M023005,C195,C181,2,62,1.0,0.043325526932084316,0.018584271360580197,0.09005880039904293,0.03357632522714565,0.0,0.25,4
M023005,C197,C181,2,47,1.0,0.04658385093167705,0.019228227831373068,0.07491760045824947,0.03088086051331351,0.0425531914893617,0.0,6
M023005,C198,C181,2,47,1.0,0.04658385093167705,0.019558609752874326,0.06418432823566403,0.029400480141304235,0.0425531914893617,0.0,6
M023005,C199,C181,2,47,1.0,0.04658385093167705,0.019558609752874326,0.06418432823566403,0.029400480141304232,0.0425531914893617,0.0,5
M023005,C202,C181,2,16,1.0666666666666667,0.07142857142857145,0.03125,0.07473435386109399,0.034992523200708274,0.4375,0.0,2
M023014,C005,C009,1,61,1.0,0.029710144927536236,0.012401995723449752,0.03459984383038164,0.014190600481829043,0.0,0.2,10
M023014,C010,C009,1,25,1.0416666666666667,0.0434782608695653,0.04,0.04195158047861421,0.03832193678085542,0.92,0.0,0
M023014,C018,C009,1,24,1.0,0.03105590062111796,0.012336093857832992,0.02624561786744023,0.012273044757775386,0.0,0.0,0
M023014,C019,C009,1,24,1.0,0.04554865424430643,0.021825396825396817,0.043071914744876524,0.020325171574561835,0.041666666666666664,0.0,0
M023014,C036,C009,1,24,1.0,0.048913043478260865,0.020493659420289856,0.06558697373488945,0.02212062405973493,0.0,0.0,2
M023014,C038,C009,1,42,1.0,0.03181336161187698,0.013836287431197284,0.03373052717194726,0.012491177379946431,0.0,0.0,0
M023014,C063,C009,1,50,1.0,0.03194321206743567,0.01272404614019521,0.04833595512443869,0.018284125394508462,0.02,0.0,0
M023014,C109,C009,1,52,1.0,0.031543052003410066,0.012689356679126506,0.04440896466017023,0.01876220181791458,0.019230769230769232,0.0,0
M023014,C153,C009,1,43,1.0,0.0331262939958592,0.013890895084019453,0.04319281190603158,0.014651805683899233,0.0,0.0,0
M023014,C006,C025,2,63,1.0,0.016129032258064613,0.007936507936507936,0.03194550901851883,0.017901402415232522,0.0,0.0,10
M023014,C008,C025,2,51,1.0,0.02580645161290329,0.010942441492726131,0.033404513339097844,0.009849425632470621,0.0,0.0,7
M023014,C016,C025,2,83,1.0,0.022029897718332025,0.009171224631018176,0.040152815314088465,0.01534158417329062,0.0,0.0,12
M023014,C017,C025,2,83,1.0,0.02202989771833197,0.008991117894078278,0.03833918907300485,0.017133189374644926,0.0,0.0,2
M023014,C029,C025,2,56,1.0,0.024633431085043983,0.010263929618768325,0.04089420051913738,0.012252073418362947,0.0,0.0,8
M023014,C030,C025,2,51,1.0,0.02580645161290321,0.01041113219481341,0.04341379041426897,0.021676739422375326,0.0,0.14285714285714285,7
M023014,C034,C025,2,32,1.0,0.0463709677419355,0.0197202620967742,0.047583872374267165,0.016145984573707438,0.0,0.0,2
M023014,C035,C025,2,32,1.0,0.0463709677419355,0.020287298387096777,0.05876943392812369,0.019044183910074154,0.0,0.0,4
M023014,C037,C025,2,42,1.0,0.027537372147915073,0.011108613390281366,0.03863426122997292,0.017731457599480988,0.0,0.0,4
M023014,C044,C025,2,55,1.0,0.025089605734766984,0.01048115564244597,0.03554401154276602,0.010441604672736122,0.0,0.0,6
M023014,C045,C025,2,55,1.0,0.023297491039426577,0.009612251547735427,0.03407648684522761,0.014034985938286806,0.0,0.0,2
M023014,C047,C025,2,32,1.0,0.040322580645161255,0.0170866935483871,0.05246398982749877,0.020828664513629632,0.0,0.0,10
M023014,C050,C025,2,32,1.0,0.04946236559139783,0.02036290322580645,0.07015433056794344,0.02278355862225765,0.03125,0.3333333333333333,3
M023014,C051,C025,2,32,1.0,0.04946236559139783,0.021169354838709676,0.07015433056794355,0.024717493791305733,0.03125,0.0,6
M023014,C052,C025,2,32,1.0,0.04946236559139783,0.02130376344086022,0.07321328281603351,0.029679167972178417,0.03125,0.0,5
M023014,C053,C025,2,32,1.0,0.04946236559139783,0.020362903225806445,0.0732132828160334,0.030762546893376937,0.03125,0.5,2
M023014,C055,C025,2,73,1.0,0.02284946236559149,0.009525212353316638,0.03509418691871436,0.012642530533484068,0.0,0.0,5
M023014,C061,C025,2,33,1.0,0.03125,0.015151515151515148,0.05317066471839684,0.02669798987264784,0.0,0.0,2
M023014,C062,C025,2,33,1.0,0.03125,0.015151515151515148,0.05317066471839684,0.02669798987264788,0.0,0.0,4
M023014,C064,C025,2,50,1.0,0.026333113890717574,0.011165240289664256,0.04070746806309748,0.0189904028023488,0.02,0.16666666666666666,6
M023014,C065,C025,2,50,1.0,0.0250164581961817,0.01032258064516129,0.037693722638712485,0.014997968462398995,0.0,0.0,10
M023014,C086,C025,2,47,1.0,0.025946704067321136,0.010339888394855418,0.05088083113781486,0.025665334239703245,0.0,0.16666666666666666,6
M023014,C091,C025,2,32,1.0,0.033370411568409364,0.013487208008898775,0.030846116457045564,0.01527936777303818,0.03125,0.0,7
M023014,C092,C025,2,32,1.0,0.03337041156840931,0.01616379310344827,0.03783355006014405,0.020515005145839746,0.03125,0.0,2
M023014,C105,C025,2,32,1.0,0.03464755077658305,0.016278375149342904,0.0487535812418081,0.024467573331902234,0.03125,0.0,4
M023014,C106,C025,2,32,1.0,0.03225806451612903,0.013888888888888895,0.03381956096634679,0.01433289532187327,0.0,0.0,8
M023014,C110,C025,2,52,1.0,0.025932953826691918,0.01050941468398774,0.038543323768901565,0.018649251469808184,0.019230769230769232,0.0,4
M023014,C125,C025,2,32,1.0,0.03349875930521096,0.014849565756823826,0.03002416465008931,0.012859636374712883,0.0,0.0,4
M023014,C129,C025,2,32,1.0,0.04364326375711575,0.01725569259962049,0.04776654139582958,0.017939488101487815,0.0,0.5,2
M023014,C130,C025,2,32,1.0,0.04554079696394686,0.018085863377609108,0.04985276665977486,0.018818615366480468,0.03125,0.5,2
M023014,C136,C025,2,32,1.0,0.0766129032258065,0.03339213709677419,0.1187470548891337,0.046420369075916075,0.0,0.0,3
M023014,C137,C025,2,32,1.0,0.0766129032258065,0.03276209677419355,0.10942125763473992,0.04929820178089302,0.0,0.0,3
M023014,C138,C025,2,32,1.0,0.03993855606758834,0.016705069124423964,0.041311636293410614,0.014486934013955982,0.03125,0.2,5
M023014,C139,C025,2,32,1.0,0.03993855606758834,0.01660906298003073,0.042346122109234496,0.017495120560382344,0.03125,0.0,2
M023014,C141,C025,2,46,1.0,0.026523297491039433,0.011033193080878918,0.037160052602383684,0.013519783689881208,0.0,0.0,3
M023014,C150,C025,2,32,1.0,0.04946236559139783,0.02211021505376344,0.06734874311889617,0.029361565206794147,0.03125,0.5,2
M023014,C151,C025,2,32,1.0,0.04946236559139783,0.019489247311827954,0.06829511941807692,0.0238172689896845,0.03125,0.0,4
M023014,C152,C025,2,32,1.0,0.04946236559139783,0.021438172043010746,0.06782193126848646,0.023625036303913407,0.03125,0.0,4
M023014,C154,C025,2,43,1.0,0.02688172043010753,0.010198978316007579,0.033767387837413884,0.012773507850283115,0.0,0.0,4
M023014,C165,C025,2,72,1.0,0.022716946842344432,0.009831389772325711,0.040051200490948756,0.01971134268357468,0.0,0.2,10
M023014,C166,C025,2,72,1.0,0.023171285779191253,0.009963905295572721,0.040051200490948756,0.019431945604783236,0.013888888888888888,0.0,2
M023014,C167,C025,2,72,1.0,0.023171285779191253,0.010159523448937353,0.040073947847825836,0.02060073749012695,0.013888888888888888,0.25,4
M023014,C179,C025,2,32,1.0,0.05069124423963134,0.020809331797235014,0.04864256727390437,0.01985704347591332,0.0,0.5,2
M023014,C180,C025,2,32,1.0,0.05483870967741933,0.024697580645161286,0.15331911832657155,0.05474414870697318,0.0,0.5,2
M023014,C181,C025,2,32,1.0,0.05069124423963134,0.02080933179723502,0.08066078030978624,0.04158161837739463,0.0,0.0,2
M023014,C182,C025,2,52,1.0,0.025932953826691918,0.01050941468398774,0.04051151451807006,0.02004044158683142,0.019230769230769232,0.0,2
M023014,C183,C025,2,52,1.0,0.025300442757748343,0.01064321510241814,0.03382955037978633,0.010093261314414183,0.0,0.0,5
M023014,C192,C025,2,38,1.0,0.028770706190061057,0.011792777497361552,0.033152035560166486,0.010107661774633313,0.0,0.0,4
M023014,C193,C025,2,38,1.0,0.02964254577157799,0.012045152113063819,0.040945019868763435,0.021526327480066176,0.02631578947368421,0.0,4
M023014,C194,C025,2,62,1.0,0.02432575356953992,0.009459067569642278,0.03483515435636653,0.015845646966477965,0.016129032258064516,0.0,2
M023014,C195,C025,2,62,1.0,0.023796932839767304,0.01025229866430118,0.03412206434569326,0.010894959361583459,0.0,0.16666666666666666,6
M023014,C197,C025,2,47,1.0,0.026647966339410967,0.010906866402076928,0.03000092864725668,0.010363305398219027,0.0,0.0,8
M023014,C198,C025,2,47,1.0,0.026647966339410967,0.01099638924532243,0.030000928647256793,0.009776492900752932,0.0,0.0,8
M023014,C199,C025,2,47,1.0,0.026647966339410967,0.010906866402076928,0.030000928647256793,0.010363305398219023,0.0,0.0,7
M023014,C202,C025,2,32,1.0,0.04838709677419356,0.020161290322580638,0.08259445895103223,0.03867328532544022,0.0,0.25,4
M023815,C005,C010,1,61,1.0,0.029710144927536236,0.012354478498455687,0.03459984383038164,0.012916528106770006,0.0,0.0,0
M023815,C009,C010,1,25,1.0416666666666667,0.0434782608695653,0.04,0.04195158047861421,0.03832193678085542,0.92,0.0,0
M023815,C018,C010,1,24,1.0,0.04554865424430643,0.021825396825396835,0.04442057244109141,0.021640605611166448,0.041666666666666664,0.0,0
M023815,C019,C010,1,24,1.0,0.04554865424430643,0.021825396825396817,0.04307191474487658,0.020325171574561846,0.041666666666666664,0.0,0
M023815,C036,C010,1,24,1.0,0.048913043478260865,0.020380434782608696,0.04723064865969213,0.01584684049819342,0.0,0.0,0
M023815,C038,C010,1,42,1.0,0.03393425238600212,0.014088774428116943,0.03991734665234619,0.013443593205040268,0.023809523809523808,0.0,0
M023815,C045,C010,1,55,1.0,0.03059581320450888,0.012809251939686721,0.030739492074873323,0.011643607384625061,0.0,0.0,0
M023815,C063,C010,1,50,1.0,0.03194321206743567,0.013203194321206743,0.048335955124438744,0.020801220223225322,0.02,0.0,0
M023815,C105,C010,1,29,1.0357142857142858,0.040257648953301084,0.02021211616414015,0.034208000482592475,0.01602063668844854,0.034482758620689655,0.0,0
M023815,C109,C010,1,52,1.0,0.031543052003410066,0.013017247032592306,0.04820042699084423,0.020375724144015117,0.019230769230769232,0.0,0
M023815,C110,C010,1,52,1.0,0.03154305200341001,0.013263164797691653,0.04820042699084423,0.012598311186439436,0.019230769230769232,0.0,0
M023815,C153,C010,1,43,1.0,0.0331262939958592,0.01379459771775242,0.043192811906031636,0.015365170561316978,0.0,0.0,0
M023815,C154,C010,1,43,1.0,0.0331262939958592,0.013409408252684288,0.041383868716352155,0.01577882613543833,0.0,0.0,0
M023815,C194,C010,1,62,1.0,0.029935851746258013,0.012415791046835125,0.034806206387395525,0.011991627339863779,0.016129032258064516,0.0,0
M023815,C006,C025,2,63,1.0,0.016129032258064613,0.007936507936507938,0.03194550901851883,0.01697265764138844,0.0,0.0,0
M023815,C008,C025,2,51,1.0,0.02580645161290321,0.010461733080328904,0.03649703039459754,0.012084600569262255,0.0,0.0,0
M023815,C016,C025,2,83,1.0,0.022029897718332025,0.009294455556292835,0.040152815314088465,0.01574984044907742,0.0,0.0,0
M023815,C017,C025,2,83,1.0,0.02202989771833197,0.009104869517408737,0.03833918907300485,0.0167798822724651,0.0,0.0,0
M023815,C029,C025,2,56,1.0,0.02521994134897354,0.01016966904063678,0.034761003002285136,0.012627913653546319,0.017857142857142856,0.0,0
M023815,C030,C025,2,51,1.0,0.02580645161290321,0.010917141049968371,0.04341379041426897,0.019669681112087285,0.0,0.0,0
M023815,C034,C025,2,32,1.0,0.0463709677419355,0.01915322580645162,0.029828164143617577,0.015056614598872345,0.0,0.0,0
M023815,C035,C025,2,32,1.0,0.0463709677419355,0.01915322580645162,0.05876943392812369,0.016865443960403986,0.0,0.0,0
M023815,C037,C025,2,42,1.0,0.027537372147915073,0.011108613390281366,0.03863426122997292,0.017731457599480988,0.0,0.0,0
M023815,C044,C025,2,55,1.0,0.025089605734766984,0.010220484414032806,0.030550688338343387,0.009437399620253709,0.0,0.0,0
M023815,C047,C025,2,32,1.0,0.040322580645161255,0.016229838709677424,0.05246398982749877,0.017421535478550108,0.0,0.0,0
M023815,C050,C025,2,32,1.0,0.04946236559139783,0.020497311827956992,0.06607572757049024,0.020081410417327764,0.03125,0.0,0
M023815,C051,C025,2,32,1.0,0.04946236559139783,0.02096774193548387,0.07015433056794355,0.022684491390645514,0.03125,0.0,0
M023815,C052,C025,2,32,1.0,0.04946236559139783,0.02130376344086022,0.0691346798185803,0.02710447611091893,0.03125,0.0,0
M023815,C053,C025,2,32,1.0,0.04946236559139783,0.020362903225806445,0.0732132828160334,0.030762546893376937,0.03125,0.0,0
M023815,C055,C025,2,73,1.0,0.02284946236559149,0.009918004615309077,0.04063826633940162,0.013123440090169398,0.0,0.0,0
M023815,C061,C025,2,33,1.0,0.03125,0.015151515151515148,0.05317066471839684,0.02669798987264784,0.0,0.0,0
M023815,C062,C025,2,33,1.0,0.03125,0.015151515151515148,0.05317066471839684,0.02669798987264788,0.0,0.0,0
M023815,C064,C025,2,50,1.0,0.026333113890717574,0.01091507570770244,0.04070746806309748,0.017562506822153667,0.02,0.0,0
M023815,C065,C025,2,50,1.0,0.026333113890717574,0.010770243581303492,0.037693722638712485,0.014403799860331478,0.02,0.0,0
M023815,C086,C025,2,47,1.0,0.025946704067321136,0.010369729342603915,0.05088083113781486,0.02430285708924019,0.0,0.0,0
M023815,C091,C025,2,32,1.0,0.033370411568409364,0.014078142380422692,0.03259297485782007,0.01626127021925642,0.03125,0.0,0
M023815,C092,C025,2,32,1.0,0.03337041156840931,0.01616379310344827,0.03783355006014405,0.020515005145839746,0.03125,0.0,0
M023815,C106,C025,2,32,1.0,0.03225806451612903,0.013440860215053776,0.03562090889681172,0.016023583857643468,0.0,0.0,0
M023815,C125,C025,2,32,1.0,0.0347394540942928,0.015198511166253103,0.034012261421674336,0.01495601818977707,0.0,0.0,0
M023815,C129,C025,2,32,1.0,0.04364326375711575,0.01725569259962049,0.04776654139582958,0.017939488101487815,0.0,0.0,0
M023815,C130,C025,2,32,1.0,0.04554079696394686,0.01838235294117647,0.04985276665977486,0.01862959295791729,0.03125,0.0,0
M023815,C136,C025,2,32,1.0,0.0766129032258065,0.03377016129032257,0.10942125763473992,0.04284875922028788,0.0,0.0,0
M023815,C137,C025,2,32,1.0,0.0766129032258065,0.03326612903225806,0.13252839165255875,0.04988106410929263,0.0,0.0,0
M023815,C138,C025,2,32,1.0,0.03993855606758834,0.014928955453149005,0.041311636293410614,0.014889649421571317,0.03125,0.0,0
M023815,C139,C025,2,32,1.0,0.03993855606758834,0.016177035330261148,0.037874649630588245,0.016290162524564354,0.03125,0.0,0
M023815,C141,C025,2,46,1.0,0.027240143369175573,0.011500701262272088,0.037160052602383684,0.015466573251633545,0.021739130434782608,0.0,0
M023815,C150,C025,2,32,1.0,0.04946236559139783,0.0228494623655914,0.06734874311889617,0.029051035483625486,0.03125,0.0,0
M023815,C151,C025,2,32,1.0,0.04946236559139783,0.019825268817204297,0.06592917867012509,0.021150709839580444,0.03125,0.0,0
M023815,C152,C025,2,32,1.0,0.04946236559139783,0.02116935483870968,0.06734874311889612,0.021269006876978025,0.03125,0.0,0
M023815,C165,C025,2,72,1.0,0.023171285779191253,0.009869251350396286,0.040051200490948756,0.018987248201507115,0.013888888888888888,0.0,0
M023815,C166,C025,2,72,1.0,0.023171285779191253,0.009869251350396286,0.040051200490948756,0.0189872482015071,0.013888888888888888,0.0,0
M023815,C167,C025,2,72,1.0,0.023171285779191253,0.009869251350396286,0.04005120049094882,0.018987248201507108,0.013888888888888888,0.0,0
M023815,C179,C025,2,32,1.0,0.05069124423963134,0.020809331797235014,0.04864256727390437,0.01985704347591332,0.0,0.0,0
M023815,C180,C025,2,32,1.0,0.05483870967741933,0.024697580645161286,0.15331911832657155,0.05474414870697318,0.0,0.0,0
M023815,C181,C025,2,32,1.0,0.05069124423963134,0.02080933179723502,0.08066078030978624,0.04158161837739463,0.0,0.0,0
M023815,C182,C025,2,52,1.0,0.025932953826691918,0.010570233056001558,0.04051151451807006,0.019531753463490384,0.019230769230769232,0.0,0
M023815,C183,C025,2,52,1.0,0.025932953826691918,0.010898652264876173,0.03382955037978633,0.00969161993380676,0.019230769230769232,0.0,0
M023815,C192,C025,2,38,1.0,0.02964254577157799,0.012985821135226923,0.033152035560166486,0.00992107014651491,0.02631578947368421,0.0,0
M023815,C193,C025,2,38,1.0,0.027027027027026973,0.011333914559721004,0.038821148181589805,0.020683742926490344,0.0,0.0,0
M023815,C195,C025,2,62,1.0,0.02432575356953992,0.010303474863956595,0.03412206434569326,0.009336474615946609,0.016129032258064516,0.0,0
M023815,C197,C025,2,47,1.0,0.026647966339410967,0.011384321566052933,0.03181648459701927,0.009888087356293904,0.0,0.0,0
M023815,C198,C025,2,47,1.0,0.026647966339410967,0.011384321566052933,0.03181648459701927,0.009888087356293896,0.0,0.0,0
M023815,C199,C025,2,47,1.0,0.026647966339410967,0.011175434931813433,0.030000928647256793,0.00921543296995013,0.0,0.0,0
M023815,C202,C025,2,32,1.0,0.05069124423963134,0.02131336405529953,0.08259445895103223,0.030872761735926183,0.0,0.0,0
M024139,C005,C010,1,61,1.0,0.029710144927536236,0.012354478498455687,0.03459984383038164,0.012916528106770006,0.0,0.2,10
M024139,C009,C010,1,25,1.0416666666666667,0.0434782608695653,0.04,0.04195158047861421,0.03832193678085542,0.92,0.0,0
M024139,C018,C010,1,24,1.0,0.04554865424430643,0.021825396825396835,0.04442057244109141,0.021640605611166448,0.041666666666666664,0.0,0
M024139,C019,C010,1,24,1.0,0.04554865424430643,0.021825396825396817,0.04307191474487658,0.020325171574561846,0.041666666666666664,0.0,0
M024139,C036,C010,1,24,1.0,0.048913043478260865,0.02004076086956522,0.04723064865969213,0.017049937314214038,0.0,0.0,2
M024139,C038,C010,1,42,1.0,0.03393425238600212,0.014088774428116943,0.03991734665234619,0.013443593205040268,0.023809523809523808,0.0,0
M024139,C045,C010,1,55,1.0,0.03059581320450888,0.012809251939686721,0.030739492074873323,0.011643607384625061,0.0,0.0,0
M024139,C063,C010,1,50,1.0,0.03194321206743567,0.013203194321206743,0.048335955124438744,0.020801220223225322,0.02,0.0,0
M024139,C105,C010,1,29,1.0357142857142858,0.040257648953301084,0.02021211616414015,0.034208000482592475,0.01602063668844854,0.034482758620689655,0.0,2
M024139,C109,C010,1,52,1.0,0.031543052003410066,0.013017247032592306,0.04820042699084423,0.020375724144015117,0.019230769230769232,0.0,0
M024139,C110,C010,1,52,1.0,0.03154305200341001,0.013263164797691653,0.04820042699084423,0.012598311186439436,0.019230769230769232,0.0,2
M024139,C153,C010,1,43,1.0,0.0331262939958592,0.01379459771775242,0.043192811906031636,0.015365170561316978,0.0,0.0,0
M024139,C154,C010,1,43,1.0,0.0331262939958592,0.013409408252684288,0.041383868716352155,0.01577882613543833,0.0,0.0,2
M024139,C194,C010,1,62,1.0,0.029935851746258013,0.012415791046835125,0.034806206387395525,0.011991627339863779,0.016129032258064516,0.0,0
M024139,C006,C025,2,63,1.0,0.016129032258064613,0.007936507936507936,0.03194550901851883,0.017901402415232522,0.0,0.0,10
M024139,C008,C025,2,51,1.0,0.02580645161290321,0.010234029095509172,0.03649703039459754,0.012983186820528314,0.0,0.0,7
M024139,C016,C025,2,83,1.0,0.022029897718332025,0.00939872787767909,0.040152815314088465,0.01760377963424566,0.0,0.0,12
M024139,C017,C025,2,83,1.0,0.02202989771833197,0.008991117894078278,0.03833918907300485,0.017133189374644926,0.0,0.0,2
M024139,C029,C025,2,56,1.0,0.024633431085043983,0.010379136992040213,0.04089420051913738,0.014667316915712205,0.0,0.0,8
M024139,C030,C025,2,51,1.0,0.02580645161290321,0.01041113219481341,0.04341379041426897,0.021676739422375326,0.0,0.14285714285714285,7
M024139,C034,C025,2,32,1.0,0.0463709677419355,0.0197202620967742,0.047583872374267165,0.016145984573707438,0.0,0.0,2
M024139,C035,C025,2,32,1.0,0.0463709677419355,0.020287298387096777,0.05876943392812369,0.019044183910074154,0.0,0.0,4
M024139,C037,C025,2,42,1.0,0.027537372147915073,0.011108613390281366,0.03863426122997292,0.017731457599480988,0.0,0.0,4
M024139,C044,C025,2,55,1.0,0.025089605734766984,0.01048115564244597,0.03554401154276602,0.010441604672736122,0.0,0.0,6
M024139,C047,C025,2,32,1.0,0.040322580645161255,0.01577620967741936,0.05246398982749877,0.017899928592069597,0.0,0.0,10
M024139,C050,C025,2,32,1.0,0.04946236559139783,0.019758064516129034,0.06607572757049024,0.020750556221597438,0.03125,0.3333333333333333,3
M024139,C051,C025,2,32,1.0,0.04946236559139783,0.021169354838709676,0.07015433056794355,0.024717493791305733,0.03125,0.0,6
M024139,C052,C025,2,32,1.0,0.04946236559139783,0.02130376344086022,0.07321328281603351,0.029679167972178417,0.03125,0.0,5
M024139,C053,C025,2,32,1.0,0.04946236559139783,0.020362903225806445,0.0732132828160334,0.030762546893376937,0.03125,0.5,2
M024139,C055,C025,2,73,1.0,0.02284946236559149,0.009905729857121815,0.04063826633940162,0.014784927961323578,0.0,0.0,5
M024139,C061,C025,2,33,1.0,0.03125,0.015151515151515148,0.05317066471839684,0.02669798987264784,0.0,0.0,2
M024139,C062,C025,2,33,1.0,0.03125,0.015151515151515148,0.05317066471839684,0.02669798987264788,0.0,0.0,4
M024139,C064,C025,2,50,1.0,0.026333113890717574,0.011165240289664256,0.04070746806309748,0.0189904028023488,0.02,0.16666666666666666,6
M024139,C065,C025,2,50,1.0,0.0250164581961817,0.01032258064516129,0.037693722638712485,0.014997968462398995,0.0,0.0,10
M024139,C086,C025,2,47,1.0,0.025946704067321136,0.010339888394855418,0.05088083113781486,0.025665334239703245,0.0,0.16666666666666666,6
M024139,C091,C025,2,32,1.0,0.033370411568409364,0.013487208008898775,0.030846116457045564,0.01527936777303818,0.03125,0.0,7
M024139,C092,C025,2,32,1.0,0.03337041156840931,0.01616379310344827,0.03783355006014405,0.020515005145839746,0.03125,0.0,2
M024139,C106,C025,2,32,1.0,0.03225806451612903,0.013888888888888895,0.03381956096634679,0.01433289532187327,0.0,0.0,8
M024139,C125,C025,2,32,1.0,0.03349875930521096,0.014655707196029783,0.034012261421674336,0.01405694240951573,0.0,0.0,4
M024139,C129,C025,2,32,1.0,0.04364326375711575,0.01725569259962049,0.04776654139582958,0.017939488101487815,0.0,0.5,2
M024139,C130,C025,2,32,1.0,0.04554079696394686,0.018085863377609108,0.04985276665977486,0.018818615366480468,0.03125,0.5,2
M024139,C136,C025,2,32,1.0,0.0766129032258065,0.03339213709677419,0.1187470548891337,0.046420369075916075,0.0,0.0,3
M024139,C137,C025,2,32,1.0,0.0766129032258065,0.03263608870967742,0.13252839165255875,0.05286981163652121,0.0,0.0,3
M024139,C138,C025,2,32,1.0,0.03993855606758834,0.0160810291858679,0.042346122109234496,0.016524760449144776,0.03125,0.2,5
M024139,C139,C025,2,32,1.0,0.03993855606758834,0.01660906298003073,0.042346122109234496,0.017495120560382344,0.03125,0.0,2
M024139,C141,C025,2,46,1.0,0.026523297491039433,0.010924107838553842,0.037160052602383684,0.01626555582108493,0.0,0.0,3
M024139,C150,C025,2,32,1.0,0.04946236559139783,0.02211021505376344,0.06734874311889617,0.029361565206794147,0.03125,0.5,2
M024139,C151,C025,2,32,1.0,0.04946236559139783,0.019489247311827954,0.06829511941807692,0.0238172689896845,0.03125,0.0,4
M024139,C152,C025,2,32,1.0,0.04946236559139783,0.021438172043010746,0.06782193126848646,0.023625036303913407,0.03125,0.0,4
M024139,C165,C025,2,72,1.0,0.022716946842344432,0.009831389772325711,0.040051200490948756,0.01971134268357468,0.0,0.2,10
M024139,C166,C025,2,72,1.0,0.023171285779191253,0.009963905295572721,0.040051200490948756,0.019431945604783236,0.013888888888888888,0.0,2
M024139,C167,C025,2,72,1.0,0.023171285779191253,0.010159523448937353,0.040073947847825836,0.02060073749012695,0.013888888888888888,0.25,4
M024139,C179,C025,2,32,1.0,0.05069124423963134,0.020809331797235014,0.04864256727390437,0.01985704347591332,0.0,0.5,2
M024139,C180,C025,2,32,1.0,0.05483870967741933,0.024697580645161286,0.15331911832657155,0.05474414870697318,0.0,0.5,2
M024139,C181,C025,2,32,1.0,0.05069124423963134,0.02080933179723502,0.08066078030978624,0.04158161837739463,0.0,0.0,2
M024139,C182,C025,2,52,1.0,0.025932953826691918,0.01050941468398774,0.04051151451807006,0.02004044158683142,0.019230769230769232,0.0,2
M024139,C183,C025,2,52,1.0,0.025300442757748343,0.010460759986376685,0.03382955037978633,0.01042523587410221,0.0,0.0,5
M024139,C192,C025,2,38,1.0,0.028770706190061057,0.011792777497361552,0.033152035560166486,0.010107661774633313,0.0,0.0,4
M024139,C193,C025,2,38,1.0,0.02964254577157799,0.012045152113063819,0.040945019868763435,0.021526327480066176,0.02631578947368421,0.0,4
M024139,C195,C025,2,62,1.0,0.023796932839767304,0.01025229866430118,0.03412206434569326,0.010894959361583459,0.0,0.16666666666666666,6
M024139,C197,C025,2,47,1.0,0.026647966339410967,0.010877025454328428,0.03181648459701927,0.01125731651704812,0.0,0.0,8
M024139,C198,C025,2,47,1.0,0.026647966339410967,0.010966548297573929,0.03181648459701927,0.010670504019582023,0.0,0.0,8
M024139,C199,C025,2,47,1.0,0.026647966339410967,0.010668138820088924,0.030000928647256793,0.010584662130704357,0.0,0.0,7
M024139,C202,C025,2,32,1.0,0.05069124423963134,0.021529377880184324,0.08259445895103223,0.03306721289316118,0.0,0.25,4
M024301,C005,C010,1,61,1.0,0.029710144927536236,0.012354478498455687,0.03459984383038164,0.012916528106770006,0.0,0.2,10
M024301,C009,C010,1,25,1.0416666666666667,0.0434782608695653,0.04,0.04195158047861421,0.03832193678085542,0.92,0.0,0
M024301,C018,C010,1,24,1.0,0.04554865424430643,0.021825396825396835,0.04442057244109141,0.021640605611166448,0.041666666666666664,0.0,0
M024301,C019,C010,1,24,1.0,0.04554865424430643,0.021825396825396817,0.04307191474487658,0.020325171574561846,0.041666666666666664,0.0,0
M024301,C036,C010,1,24,1.0,0.048913043478260865,0.02004076086956522,0.04723064865969213,0.017049937314214038,0.0,0.0,2
M024301,C038,C010,1,42,1.0,0.03393425238600212,0.014088774428116943,0.03991734665234619,0.013443593205040268,0.023809523809523808,0.0,0
M024301,C045,C010,1,55,1.0,0.03059581320450888,0.012809251939686721,0.030739492074873323,0.011643607384625061,0.0,0.0,0
M024301,C063,C010,1,50,1.0,0.03194321206743567,0.013203194321206743,0.048335955124438744,0.020801220223225322,0.02,0.0,0
M024301,C105,C010,1,29,1.0357142857142858,0.040257648953301084,0.02021211616414015,0.034208000482592475,0.01602063668844854,0.034482758620689655,0.0,2
M024301,C109,C010,1,52,1.0,0.031543052003410066,0.013017247032592306,0.04820042699084423,0.020375724144015117,0.019230769230769232,0.0,0
M024301,C110,C010,1,52,1.0,0.03154305200341001,0.013263164797691653,0.04820042699084423,0.012598311186439436,0.019230769230769232,0.0,2
M024301,C153,C010,1,43,1.0,0.0331262939958592,0.01379459771775242,0.043192811906031636,0.015365170561316978,0.0,0.0,0
M024301,C154,C010,1,43,1.0,0.0331262939958592,0.013409408252684288,0.041383868716352155,0.01577882613543833,0.0,0.0,2
M024301,C194,C010,1,62,1.0,0.029935851746258013,0.012415791046835125,0.034806206387395525,0.011991627339863779,0.016129032258064516,0.0,0
M024301,C006,C025,2,63,1.0,0.016129032258064613,0.007936507936507936,0.03194550901851883,0.017901402415232522,0.0,0.0,10
M024301,C008,C025,2,51,1.0,0.02580645161290321,0.010234029095509172,0.03649703039459754,0.012983186820528314,0.0,0.0,7
M024301,C016,C025,2,83,1.0,0.022029897718332025,0.00939872787767909,0.040152815314088465,0.01760377963424566,0.0,0.0,12
M024301,C017,C025,2,83,1.0,0.02202989771833197,0.008991117894078278,0.03833918907300485,0.017133189374644926,0.0,0.0,2
M024301,C029,C025,2,56,1.0,0.024633431085043983,0.010379136992040213,0.04089420051913738,0.014667316915712205,0.0,0.0,8
M024301,C030,C025,2,51,1.0,0.02580645161290321,0.01041113219481341,0.04341379041426897,0.021676739422375326,0.0,0.14285714285714285,7
M024301,C034,C025,2,32,1.0,0.0463709677419355,0.0197202620967742,0.047583872374267165,0.016145984573707438,0.0,0.0,2
M024301,C035,C025,2,32,1.0,0.0463709677419355,0.020287298387096777,0.05876943392812369,0.019044183910074154,0.0,0.0,4
M024301,C037,C025,2,42,1.0,0.027537372147915073,0.011108613390281366,0.03863426122997292,0.017731457599480988,0.0,0.0,4
M024301,C044,C025,2,55,1.0,0.025089605734766984,0.01048115564244597,0.03554401154276602,0.010441604672736122,0.0,0.0,6
M024301,C047,C025,2,32,1.0,0.040322580645161255,0.01577620967741936,0.05246398982749877,0.017899928592069597,0.0,0.0,10
M024301,C050,C025,2,32,1.0,0.04946236559139783,0.019758064516129034,0.06607572757049024,0.020750556221597438,0.03125,0.3333333333333333,3
M024301,C051,C025,2,32,1.0,0.04946236559139783,0.021169354838709676,0.07015433056794355,0.024717493791305733,0.03125,0.0,6
M024301,C052,C025,2,32,1.0,0.04946236559139783,0.02130376344086022,0.07321328281603351,0.029679167972178417,0.03125,0.0,5
M024301,C053,C025,2,32,1.0,0.04946236559139783,0.020362903225806445,0.0732132828160334,0.030762546893376937,0.03125,0.5,2
M024301,C055,C025,2,73,1.0,0.02284946236559149,0.009905729857121815,0.04063826633940162,0.014784927961323578,0.0,0.0,5
M024301,C061,C025,2,33,1.0,0.03125,0.015151515151515148,0.05317066471839684,0.02669798987264784,0.0,0.0,2
M024301,C062,C025,2,33,1.0,0.03125,0.015151515151515148,0.05317066471839684,0.02669798987264788,0.0,0.0,4
M024301,C064,C025,2,50,1.0,0.026333113890717574,0.011165240289664256,0.04070746806309748,0.0189904028023488,0.02,0.16666666666666666,6
M024301,C065,C025,2,50,1.0,0.0250164581961817,0.01032258064516129,0.037693722638712485,0.014997968462398995,0.0,0.0,10
M024301,C086,C025,2,47,1.0,0.025946704067321136,0.010339888394855418,0.05088083113781486,0.025665334239703245,0.0,0.16666666666666666,6
M024301,C091,C025,2,32,1.0,0.033370411568409364,0.013487208008898775,0.030846116457045564,0.01527936777303818,0.03125,0.0,7
M024301,C092,C025,2,32,1.0,0.03337041156840931,0.01616379310344827,0.03783355006014405,0.020515005145839746,0.03125,0.0,2
M024301,C106,C025,2,32,1.0,0.03225806451612903,0.013888888888888895,0.03381956096634679,0.01433289532187327,0.0,0.0,8
M024301,C125,C025,2,32,1.0,0.03349875930521096,0.014655707196029783,0.034012261421674336,0.01405694240951573,0.0,0.0,4
M024301,C129,C025,2,32,1.0,0.04364326375711575,0.01725569259962049,0.04776654139582958,0.017939488101487815,0.0,0.5,2
M024301,C130,C025,2,32,1.0,0.04554079696394686,0.018085863377609108,0.04985276665977486,0.018818615366480468,0.03125,0.5,2
M024301,C136,C025,2,32,1.0,0.0766129032258065,0.03339213709677419,0.1187470548891337,0.046420369075916075,0.0,0.0,3
M024301,C137,C025,2,32,1.0,0.0766129032258065,0.03263608870967742,0.13252839165255875,0.05286981163652121,0.0,0.0,3
M024301,C138,C025,2,32,1.0,0.03993855606758834,0.0160810291858679,0.042346122109234496,0.016524760449144776,0.03125,0.2,5
M024301,C139,C025,2,32,1.0,0.03993855606758834,0.01660906298003073,0.042346122109234496,0.017495120560382344,0.03125,0.0,2
M024301,C141,C025,2,46,1.0,0.026523297491039433,0.010924107838553842,0.037160052602383684,0.01626555582108493,0.0,0.0,3
M024301,C150,C025,2,32,1.0,0.04946236559139783,0.02211021505376344,0.06734874311889617,0.029361565206794147,0.03125,0.5,2
M024301,C151,C025,2,32,1.0,0.04946236559139783,0.019489247311827954,0.06829511941807692,0.0238172689896845,0.03125,0.0,4
M024301,C152,C025,2,32,1.0,0.04946236559139783,0.021438172043010746,0.06782193126848646,0.023625036303913407,0.03125,0.0,4
M024301,C165,C025,2,72,1.0,0.022716946842344432,0.009831389772325711,0.040051200490948756,0.01971134268357468,0.0,0.2,10
M024301,C166,C025,2,72,1.0,0.023171285779191253,0.009963905295572721,0.040051200490948756,0.019431945604783236,0.013888888888888888,0.0,2
M024301,C167,C025,2,72,1.0,0.023171285779191253,0.010159523448937353,0.040073947847825836,0.02060073749012695,0.013888888888888888,0.25,4
M024301,C179,C025,2,32,1.0,0.05069124423963134,0.020809331797235014,0.04864256727390437,0.01985704347591332,0.0,0.5,2
M024301,C180,C025,2,32,1.0,0.05483870967741933,0.024697580645161286,0.15331911832657155,0.05474414870697318,0.0,0.5,2
M024301,C181,C025,2,32,1.0,0.05069124423963134,0.02080933179723502,0.08066078030978624,0.04158161837739463,0.0,0.0,2
M024301,C182,C025,2,52,1.0,0.025932953826691918,0.01050941468398774,0.04051151451807006,0.02004044158683142,0.019230769230769232,0.0,2
M024301,C183,C025,2,52,1.0,0.025300442757748343,0.010460759986376685,0.03382955037978633,0.01042523587410221,0.0,0.0,5
M024301,C192,C025,2,38,1.0,0.028770706190061057,0.011792777497361552,0.033152035560166486,0.010107661774633313,0.0,0.0,4
M024301,C193,C025,2,38,1.0,0.02964254577157799,0.012045152113063819,0.040945019868763435,0.021526327480066176,0.02631578947368421,0.0,4
M024301,C195,C025,2,62,1.0,0.023796932839767304,0.01025229866430118,0.03412206434569326,0.010894959361583459,0.0,0.16666666666666666,6
M024301,C197,C025,2,47,1.0,0.026647966339410967,0.010877025454328428,0.03181648459701927,0.01125731651704812,0.0,0.0,8
M024301,C198,C025,2,47,1.0,0.026647966339410967,0.010966548297573929,0.03181648459701927,0.010670504019582023,0.0,0.0,8
M024301,C199,C025,2,47,1.0,0.026647966339410967,0.010668138820088924,0.030000928647256793,0.010584662130704357,0.0,0.0,7
M024301,C202,C025,2,32,1.0,0.05069124423963134,0.021529377880184324,0.08259445895103223,0.03306721289316118,0.0,0.25,4
M024310,C005,C009,1,61,1.0,0.029710144927536236,0.012401995723449752,0.03459984383038164,0.014190600481829043,0.0,0.2,10
M024310,C010,C009,1,25,1.0416666666666667,0.0434782608695653,0.04,0.04195158047861421,0.03832193678085542,0.92,0.0,0
M024310,C018,C009,1,24,1.0,0.03105590062111796,0.012336093857832992,0.02624561786744023,0.012273044757775386,0.0,0.0,0
M024310,C019,C009,1,24,1.0,0.04554865424430643,0.021825396825396817,0.043071914744876524,0.020325171574561835,0.041666666666666664,0.0,0
M024310,C036,C009,1,24,1.0,0.048913043478260865,0.020493659420289856,0.06558697373488945,0.02212062405973493,0.0,0.0,2
M024310,C038,C009,1,42,1.0,0.03181336161187698,0.013836287431197284,0.03373052717194726,0.012491177379946431,0.0,0.0,0
M024310,C063,C009,1,50,1.0,0.03194321206743567,0.01272404614019521,0.04833595512443869,0.018284125394508462,0.02,0.0,0
M024310,C109,C009,1,52,1.0,0.031543052003410066,0.012689356679126506,0.04440896466017023,0.01876220181791458,0.019230769230769232,0.0,0
M024310,C153,C009,1,43,1.0,0.0331262939958592,0.013890895084019453,0.04319281190603158,0.014651805683899233,0.0,0.0,0
M024310,C006,C130,2,63,1.0,0.03700189753320683,0.015285684166139579,0.07143170004165535,0.023888688160519648,0.0,0.0,8
M024310,C008,C130,2,51,1.0,0.02941176470588236,0.014417531718569777,0.0518987836787413,0.01841810496081582,0.0,0.2,5
M024310,C016,C130,2,83,1.0,0.03443328550932568,0.015306563412905566,0.07527740463567195,0.023385108026635217,0.0,0.2,10
M024310,C017,C130,2,83,1.0,0.035150645624103305,0.01487441876544917,0.06310221702503153,0.023681779719281155,0.0,0.0,0
M024310,C025,C130,2,32,1.0,0.04554079696394686,0.018085863377609108,0.04985276665977486,0.018818615366480468,0.03125,0.5,2
M024310,C029,C130,2,56,1.0,0.0385026737967914,0.0161955691367456,0.06465588350819905,0.018397708187901513,0.017857142857142856,0.16666666666666666,6
M024310,C030,C130,2,51,1.0,0.0388235294117647,0.015940023068050747,0.06935840813180044,0.026446675166460525,0.0,0.2,5
M024310,C034,C130,2,18,1.0,0.058823529411764705,0.027777777777777776,0.05149506191378173,0.020193880849449463,0.0,0.0,0
M024310,C035,C130,2,19,1.0555555555555556,0.05882352941176472,0.03212074303405573,0.07050274912023774,0.024687690292070786,0.0,0.0,2
M024310,C037,C130,2,42,1.0,0.04160688665710188,0.01725080276012844,0.055121535078640656,0.021197191882391494,0.023809523809523808,0.5,2
M024310,C044,C130,2,55,1.0,0.03812636165577343,0.015706080411962763,0.05743820122715605,0.0182365141233978,0.0,0.0,4
M024310,C045,C130,2,55,1.0,0.03812636165577343,0.015943751237868883,0.058206559973835816,0.021419197189469292,0.0,0.0,0
M024310,C047,C130,2,21,1.0,0.05294117647058816,0.022408963585434174,0.04608935407519527,0.018248843922295234,0.0,0.0,8
M024310,C050,C130,2,18,1.0,0.06274509803921569,0.023529411764705882,0.04577296543665187,0.018017025494212247,0.05555555555555555,0.0,1
M024310,C051,C130,2,18,1.0,0.05882352941176472,0.022440087145969498,0.08141741257615873,0.03589369547837478,0.0,0.0,4
M024310,C052,C130,2,18,1.0,0.050980392156862786,0.019607843137254898,0.08141741257615873,0.03455153727375835,0.0,0.0,3
M024310,C053,C130,2,18,1.0,0.06274509803921569,0.02962962962962963,0.08239133778597318,0.046628161036361,0.05555555555555555,0.0,0
M024310,C055,C130,2,73,1.0,0.03513071895424838,0.015108783239323128,0.07024068789141034,0.02160733330594169,0.0,0.0,3
M024310,C061,C130,2,33,1.0,0.04227941176470587,0.01849376114081996,0.05797705280324281,0.021564774593850634,0.0,0.0,0
M024310,C062,C130,2,33,1.0,0.04227941176470587,0.018716577540106947,0.05797705280324281,0.019921102850405745,0.0,0.0,2
M024310,C064,C130,2,50,1.0,0.03961584633853543,0.016830732292917167,0.07144748065043527,0.025135944494345683,0.02,0.25,4
M024310,C065,C130,2,50,1.0,0.03961584633853543,0.016086434573829533,0.05755224117461417,0.02180382134872068,0.02,0.25,8
M024310,C086,C130,2,47,1.0,0.038363171355498715,0.015535724002829626,0.0619293860922456,0.02865755264367069,0.0,0.0,4
M024310,C091,C130,2,30,1.0,0.04665314401622722,0.0198106828938472,0.0431519186123878,0.018078168765680205,0.03333333333333333,0.2,5
M024310,C092,C130,2,30,1.0,0.046653144016227166,0.019540229885057468,0.05478057775190415,0.023213004700995247,0.03333333333333333,0.0,0
M024310,C105,C130,2,28,1.0,0.047930283224400905,0.020385932150638032,0.06031848767921304,0.026269519934741168,0.03571428571428571,0.0,2
M024310,C106,C130,2,28,1.0,0.047930283224400905,0.020774976657329598,0.06031848767921304,0.023430258050453307,0.03571428571428571,0.16666666666666666,6
M024310,C110,C130,2,52,1.0,0.03921568627450989,0.019230769230769235,0.07297581024509418,0.029818822188022096,0.3269230769230769,0.0,2
M024310,C125,C130,2,27,1.0,0.04751131221719451,0.020194402547343726,0.05464368138290719,0.022500405508444028,0.0,0.0,2
M024310,C129,C130,2,19,1.0555555555555556,0.05882352941176472,0.05263157894736842,0.05590148373379672,0.049689395592958076,0.8947368421052632,0.0,0
M024310,C136,C130,2,18,1.0,0.07352941176470587,0.03227124183006535,0.11926861120512001,0.04107465092762272,0.0,0.0,1
M024310,C137,C130,2,18,1.0,0.08823529411764708,0.03431372549019608,0.12424570703013788,0.05025806260314874,0.0,0.0,1
M024310,C138,C130,2,22,1.0,0.053221288515406195,0.024318818436465484,0.0504896912633504,0.023078916361010293,0.045454545454545456,0.0,3
M024310,C139,C130,2,22,1.0,0.053221288515406195,0.024828113063407188,0.05154537954273947,0.021391666826181297,0.045454545454545456,0.0,0
M024310,C141,C130,2,46,1.0,0.04052287581699349,0.016993464052287587,0.05916128728377596,0.021280974569464414,0.021739130434782608,0.0,1
M024310,C150,C130,2,18,1.0,0.06274509803921569,0.025708061002178643,0.06025691341290175,0.022949307474005656,0.05555555555555555,0.0,0
M024310,C151,C130,2,18,1.0,0.05882352941176472,0.02178649237472767,0.07322047357956417,0.03027787947818297,0.0,0.0,2
M024310,C152,C130,2,18,1.0,0.05882352941176472,0.026361655773420478,0.07322047357956417,0.03912797828124621,0.0,0.0,2
M024310,C154,C130,2,43,1.0,0.04061624649859946,0.0174907172171194,0.06421294161415354,0.0208286570662258,0.0,0.0,2
M024310,C165,C130,2,72,1.0,0.03645401822700911,0.015476848016201786,0.06978332798741281,0.025356130821212675,0.013888888888888888,0.5,8
M024310,C166,C130,2,72,1.0,0.03645401822700911,0.015476848016201786,0.06978332798741282,0.025356130821212672,0.013888888888888888,0.0,0
M024310,C167,C130,2,72,1.0,0.03645401822700911,0.015534382767191383,0.06978332798741278,0.026108292659780926,0.013888888888888888,0.5,2
M024310,C179,C130,2,18,1.0,0.06302521008403361,0.024743230625583562,0.05470557500256494,0.01926074881616425,0.0,0.0,0
M024310,C180,C130,2,18,1.0,0.07647058823529418,0.031699346405228764,0.13556802877518065,0.05631535520836898,0.0,0.0,0
M024310,C181,C130,2,18,1.0,0.06302521008403361,0.028244631185807653,0.08205836250384721,0.04811089801922755,0.0,0.0,0
M024310,C182,C130,2,52,1.0,0.03921568627450989,0.019230769230769235,0.07310279029342766,0.029705582063857386,0.3269230769230769,0.0,0
M024310,C183,C130,2,52,1.0,0.03921568627450989,0.019230769230769232,0.06665644421107238,0.01901844420401167,0.3269230769230769,0.0,3
M024310,C192,C130,2,38,1.0,0.042925278219395846,0.017362563802192282,0.04981876323256166,0.01777611257755404,0.02631578947368421,0.0,2
M024310,C193,C130,2,38,1.0,0.042925278219395846,0.017739101330432595,0.06464869228006191,0.023081298665526644,0.02631578947368421,0.0,2
M024310,C194,C130,2,62,1.0,0.03760848601735778,0.01575574703704856,0.06951054206172441,0.02299933732189927,0.016129032258064516,0.0,0
M024310,C195,C130,2,62,1.0,0.03760848601735778,0.01549133667216225,0.05314489053844682,0.018653293076954357,0.016129032258064516,0.25,4
M024310,C197,C130,2,47,1.0,0.03964194373401542,0.016406377537138816,0.06538023696689581,0.01902665304147391,0.0,0.0,6
M024310,C198,C130,2,47,1.0,0.03964194373401542,0.01597105076998422,0.04756481295696706,0.01783725977054207,0.0,0.0,6
M024310,C199,C130,2,47,1.0,0.03964194373401542,0.01635196169124449,0.04756481295696709,0.017308771142052353,0.0,0.0,5
M024310,C202,C130,2,18,1.0,0.05462184873949577,0.021475256769374413,0.07436942540280894,0.03225746944026372,0.0,0.0,2
M024463,C005,C010,1,61,1.0,0.029710144927536236,0.012354478498455687,0.03459984383038164,0.012916528106770006,0.0,0.2,10
M024463,C009,C010,1,25,1.0416666666666667,0.0434782608695653,0.04,0.04195158047861421,0.03832193678085542,0.92,0.0,0
M024463,C018,C010,1,24,1.0,0.04554865424430643,0.021825396825396835,0.04442057244109141,0.021640605611166448,0.041666666666666664,0.0,0
M024463,C019,C010,1,24,1.0,0.04554865424430643,0.021825396825396817,0.04307191474487658,0.020325171574561846,0.041666666666666664,0.0,0
M024463,C036,C010,1,24,1.0,0.048913043478260865,0.02004076086956522,0.04723064865969213,0.017049937314214038,0.0,0.0,2
M024463,C038,C010,1,42,1.0,0.03393425238600212,0.014088774428116943,0.03991734665234619,0.013443593205040268,0.023809523809523808,0.0,0
M024463,C045,C010,1,55,1.0,0.03059581320450888,0.012809251939686721,0.030739492074873323,0.011643607384625061,0.0,0.0,0
M024463,C063,C010,1,50,1.0,0.03194321206743567,0.013203194321206743,0.048335955124438744,0.020801220223225322,0.02,0.0,0
M024463,C105,C010,1,29,1.0357142857142858,0.040257648953301084,0.02021211616414015,0.034208000482592475,0.01602063668844854,0.034482758620689655,0.0,2
M024463,C109,C010,1,52,1.0,0.031543052003410066,0.013017247032592306,0.04820042699084423,0.020375724144015117,0.019230769230769232,0.0,0
M024463,C110,C010,1,52,1.0,0.03154305200341001,0.013263164797691653,0.04820042699084423,0.012598311186439436,0.019230769230769232,0.0,2
M024463,C153,C010,1,43,1.0,0.0331262939958592,0.01379459771775242,0.043192811906031636,0.015365170561316978,0.0,0.0,0
M024463,C154,C010,1,43,1.0,0.0331262939958592,0.013409408252684288,0.041383868716352155,0.01577882613543833,0.0,0.0,2
M024463,C194,C010,1,62,1.0,0.029935851746258013,0.012415791046835125,0.034806206387395525,0.011991627339863779,0.016129032258064516,0.0,0
M024463,C006,C025,2,63,1.0,0.016129032258064613,0.007936507936507936,0.03194550901851883,0.017901402415232522,0.0,0.0,10
M024463,C008,C025,2,51,1.0,0.02580645161290321,0.010234029095509172,0.03649703039459754,0.012983186820528314,0.0,0.0,7
M024463,C016,C025,2,83,1.0,0.022029897718332025,0.00939872787767909,0.040152815314088465,0.01760377963424566,0.0,0.0,12
M024463,C017,C025,2,83,1.0,0.02202989771833197,0.008991117894078278,0.03833918907300485,0.017133189374644926,0.0,0.0,2
M024463,C029,C025,2,56,1.0,0.024633431085043983,0.010379136992040213,0.04089420051913738,0.014667316915712205,0.0,0.0,8
M024463,C030,C025,2,51,1.0,0.02580645161290321,0.01041113219481341,0.04341379041426897,0.021676739422375326,0.0,0.14285714285714285,7
M024463,C034,C025,2,32,1.0,0.0463709677419355,0.0197202620967742,0.047583872374267165,0.016145984573707438,0.0,0.0,2
M024463,C035,C025,2,32,1.0,0.0463709677419355,0.020287298387096777,0.05876943392812369,0.019044183910074154,0.0,0.0,4
M024463,C037,C025,2,42,1.0,0.027537372147915073,0.011108613390281366,0.03863426122997292,0.017731457599480988,0.0,0.0,4
M024463,C044,C025,2,55,1.0,0.025089605734766984,0.01048115564244597,0.03554401154276602,0.010441604672736122,0.0,0.0,6
M024463,C047,C025,2,32,1.0,0.040322580645161255,0.01577620967741936,0.05246398982749877,0.017899928592069597,0.0,0.0,10
M024463,C050,C025,2,32,1.0,0.04946236559139783,0.019758064516129034,0.06607572757049024,0.020750556221597438,0.03125,0.3333333333333333,3
M024463,C051,C025,2,32,1.0,0.04946236559139783,0.021169354838709676,0.07015433056794355,0.024717493791305733,0.03125,0.0,6
M024463,C052,C025,2,32,1.0,0.04946236559139783,0.02130376344086022,0.07321328281603351,0.029679167972178417,0.03125,0.0,5
M024463,C053,C025,2,32,1.0,0.04946236559139783,0.020362903225806445,0.0732132828160334,0.030762546893376937,0.03125,0.5,2
M024463,C055,C025,2,73,1.0,0.02284946236559149,0.009905729857121815,0.04063826633940162,0.014784927961323578,0.0,0.0,5
M024463,C061,C025,2,33,1.0,0.03125,0.015151515151515148,0.05317066471839684,0.02669798987264784,0.0,0.0,2
M024463,C062,C025,2,33,1.0,0.03125,0.015151515151515148,0.05317066471839684,0.02669798987264788,0.0,0.0,4
M024463,C064,C025,2,50,1.0,0.026333113890717574,0.011165240289664256,0.04070746806309748,0.0189904028023488,0.02,0.16666666666666666,6
M024463,C065,C025,2,50,1.0,0.0250164581961817,0.01032258064516129,0.037693722638712485,0.014997968462398995,0.0,0.0,10
M024463,C086,C025,2,47,1.0,0.025946704067321136,0.010339888394855418,0.05088083113781486,0.025665334239703245,0.0,0.16666666666666666,6
M024463,C091,C025,2,32,1.0,0.033370411568409364,0.013487208008898775,0.030846116457045564,0.01527936777303818,0.03125,0.0,7
M024463,C092,C025,2,32,1.0,0.03337041156840931,0.01616379310344827,0.03783355006014405,0.020515005145839746,0.03125,0.0,2
M024463,C106,C025,2,32,1.0,0.03225806451612903,0.013888888888888895,0.03381956096634679,0.01433289532187327,0.0,0.0,8
M024463,C125,C025,2,32,1.0,0.03349875930521096,0.014655707196029783,0.034012261421674336,0.01405694240951573,0.0,0.0,4
M024463,C129,C025,2,32,1.0,0.04364326375711575,0.01725569259962049,0.04776654139582958,0.017939488101487815,0.0,0.5,2
M024463,C130,C025,2,32,1.0,0.04554079696394686,0.018085863377609108,0.04985276665977486,0.018818615366480468,0.03125,0.5,2
M024463,C136,C025,2,32,1.0,0.0766129032258065,0.03339213709677419,0.1187470548891337,0.046420369075916075,0.0,0.0,3
M024463,C137,C025,2,32,1.0,0.0766129032258065,0.03263608870967742,0.13252839165255875,0.05286981163652121,0.0,0.0,3
M024463,C138,C025,2,32,1.0,0.03993855606758834,0.0160810291858679,0.042346122109234496,0.016524760449144776,0.03125,0.2,5
M024463,C139,C025,2,32,1.0,0.03993855606758834,0.01660906298003073,0.042346122109234496,0.017495120560382344,0.03125,0.0,2
M024463,C141,C025,2,46,1.0,0.026523297491039433,0.010924107838553842,0.037160052602383684,0.01626555582108493,0.0,0.0,3
M024463,C150,C025,2,32,1.0,0.04946236559139783,0.02211021505376344,0.06734874311889617,0.029361565206794147,0.03125,0.5,2
M024463,C151,C025,2,32,1.0,0.04946236559139783,0.019489247311827954,0.06829511941807692,0.0238172689896845,0.03125,0.0,4
M024463,C152,C025,2,32,1.0,0.04946236559139783,0.021438172043010746,0.06782193126848646,0.023625036303913407,0.03125,0.0,4
M024463,C165,C025,2,72,1.0,0.022716946842344432,0.009831389772325711,0.040051200490948756,0.01971134268357468,0.0,0.2,10
M024463,C166,C025,2,72,1.0,0.023171285779191253,0.009963905295572721,0.040051200490948756,0.019431945604783236,0.013888888888888888,0.0,2
M024463,C167,C025,2,72,1.0,0.023171285779191253,0.010159523448937353,0.040073947847825836,0.02060073749012695,0.013888888888888888,0.25,4
M024463,C179,C025,2,32,1.0,0.05069124423963134,0.020809331797235014,0.04864256727390437,0.01985704347591332,0.0,0.5,2
M024463,C180,C025,2,32,1.0,0.05483870967741933,0.024697580645161286,0.15331911832657155,0.05474414870697318,0.0,0.5,2
M024463,C181,C025,2,32,1.0,0.05069124423963134,0.02080933179723502,0.08066078030978624,0.04158161837739463,0.0,0.0,2
M024463,C182,C025,2,52,1.0,0.025932953826691918,0.01050941468398774,0.04051151451807006,0.02004044158683142,0.019230769230769232,0.0,2
M024463,C183,C025,2,52,1.0,0.025300442757748343,0.010460759986376685,0.03382955037978633,0.01042523587410221,0.0,0.0,5
M024463,C192,C025,2,38,1.0,0.028770706190061057,0.011792777497361552,0.033152035560166486,0.010107661774633313,0.0,0.0,4
M024463,C193,C025,2,38,1.0,0.02964254577157799,0.012045152113063819,0.040945019868763435,0.021526327480066176,0.02631578947368421,0.0,4
M024463,C195,C025,2,62,1.0,0.023796932839767304,0.01025229866430118,0.03412206434569326,0.010894959361583459,0.0,0.16666666666666666,6
M024463,C197,C025,2,47,1.0,0.026647966339410967,0.010877025454328428,0.03181648459701927,0.01125731651704812,0.0,0.0,8
M024463,C198,C025,2,47,1.0,0.026647966339410967,0.010966548297573929,0.03181648459701927,0.010670504019582023,0.0,0.0,8
M024463,C199,C025,2,47,1.0,0.026647966339410967,0.010668138820088924,0.030000928647256793,0.010584662130704357,0.0,0.0,7
M024463,C202,C025,2,32,1.0,0.05069124423963134,0.021529377880184324,0.08259445895103223,0.03306721289316118,0.0,0.25,4
M024625,C005,C010,1,61,1.0,0.029710144927536236,0.012354478498455687,0.03459984383038164,0.012916528106770006,0.0,0.2,10
M024625,C009,C010,1,25,1.0416666666666667,0.0434782608695653,0.04,0.04195158047861421,0.03832193678085542,0.92,0.0,0
M024625,C018,C010,1,24,1.0,0.04554865424430643,0.021825396825396835,0.04442057244109141,0.021640605611166448,0.041666666666666664,0.0,0
M024625,C019,C010,1,24,1.0,0.04554865424430643,0.021825396825396817,0.04307191474487658,0.020325171574561846,0.041666666666666664,0.0,0
M024625,C036,C010,1,24,1.0,0.048913043478260865,0.02004076086956522,0.04723064865969213,0.017049937314214038,0.0,0.0,2
M024625,C038,C010,1,42,1.0,0.03393425238600212,0.014088774428116943,0.03991734665234619,0.013443593205040268,0.023809523809523808,0.0,0
M024625,C045,C010,1,55,1.0,0.03059581320450888,0.012809251939686721,0.030739492074873323,0.011643607384625061,0.0,0.0,0
M024625,C063,C010,1,50,1.0,0.03194321206743567,0.013203194321206743,0.048335955124438744,0.020801220223225322,0.02,0.0,0
M024625,C105,C010,1,29,1.0357142857142858,0.040257648953301084,0.02021211616414015,0.034208000482592475,0.01602063668844854,0.034482758620689655,0.0,2
M024625,C109,C010,1,52,1.0,0.031543052003410066,0.013017247032592306,0.04820042699084423,0.020375724144015117,0.019230769230769232,0.0,0
M024625,C110,C010,1,52,1.0,0.03154305200341001,0.013263164797691653,0.04820042699084423,0.012598311186439436,0.019230769230769232,0.0,2
M024625,C153,C010,1,43,1.0,0.0331262939958592,0.01379459771775242,0.043192811906031636,0.015365170561316978,0.0,0.0,0
M024625,C154,C010,1,43,1.0,0.0331262939958592,0.013409408252684288,0.041383868716352155,0.01577882613543833,0.0,0.0,2
M024625,C194,C010,1,62,1.0,0.029935851746258013,0.012415791046835125,0.034806206387395525,0.011991627339863779,0.016129032258064516,0.0,0
M024625,C006,C025,2,63,1.0,0.016129032258064613,0.007936507936507936,0.03194550901851883,0.017901402415232522,0.0,0.0,10
M024625,C008,C025,2,51,1.0,0.02580645161290321,0.010234029095509172,0.03649703039459754,0.012983186820528314,0.0,0.0,7
M024625,C016,C025,2,83,1.0,0.022029897718332025,0.00939872787767909,0.040152815314088465,0.01760377963424566,0.0,0.0,12
M024625,C017,C025,2,83,1.0,0.02202989771833197,0.008991117894078278,0.03833918907300485,0.017133189374644926,0.0,0.0,2
M024625,C029,C025,2,56,1.0,0.024633431085043983,0.010379136992040213,0.04089420051913738,0.014667316915712205,0.0,0.0,8
M024625,C030,C025,2,51,1.0,0.02580645161290321,0.01041113219481341,0.04341379041426897,0.021676739422375326,0.0,0.14285714285714285,7
M024625,C034,C025,2,32,1.0,0.0463709677419355,0.0197202620967742,0.047583872374267165,0.016145984573707438,0.0,0.0,2
M024625,C035,C025,2,32,1.0,0.0463709677419355,0.020287298387096777,0.05876943392812369,0.019044183910074154,0.0,0.0,4
M024625,C037,C025,2,42,1.0,0.027537372147915073,0.011108613390281366,0.03863426122997292,0.017731457599480988,0.0,0.0,4
M024625,C044,C025,2,55,1.0,0.025089605734766984,0.01048115564244597,0.03554401154276602,0.010441604672736122,0.0,0.0,6
M024625,C047,C025,2,32,1.0,0.040322580645161255,0.01577620967741936,0.05246398982749877,0.017899928592069597,0.0,0.0,10
M024625,C050,C025,2,32,1.0,0.04946236559139783,0.019758064516129034,0.06607572757049024,0.020750556221597438,0.03125,0.3333333333333333,3
M024625,C051,C025,2,32,1.0,0.04946236559139783,0.021169354838709676,0.07015433056794355,0.024717493791305733,0.03125,0.0,6
M024625,C052,C025,2,32,1.0,0.04946236559139783,0.02130376344086022,0.07321328281603351,0.029679167972178417,0.03125,0.0,5
M024625,C053,C025,2,32,1.0,0.04946236559139783,0.020362903225806445,0.0732132828160334,0.030762546893376937,0.03125,0.5,2
M024625,C055,C025,2,73,1.0,0.02284946236559149,0.009905729857121815,0.04063826633940162,0.014784927961323578,0.0,0.0,5
M024625,C061,C025,2,33,1.0,0.03125,0.015151515151515148,0.05317066471839684,0.02669798987264784,0.0,0.0,2
M024625,C062,C025,2,33,1.0,0.03125,0.015151515151515148,0.05317066471839684,0.02669798987264788,0.0,0.0,4
M024625,C064,C025,2,50,1.0,0.026333113890717574,0.011165240289664256,0.04070746806309748,0.0189904028023488,0.02,0.16666666666666666,6
M024625,C065,C025,2,50,1.0,0.0250164581961817,0.01032258064516129,0.037693722638712485,0.014997968462398995,0.0,0.0,10
M024625,C086,C025,2,47,1.0,0.025946704067321136,0.010339888394855418,0.05088083113781486,0.025665334239703245,0.0,0.16666666666666666,6
M024625,C091,C025,2,32,1.0,0.033370411568409364,0.013487208008898775,0.030846116457045564,0.01527936777303818,0.03125,0.0,7
M024625,C092,C025,2,32,1.0,0.03337041156840931,0.01616379310344827,0.03783355006014405,0.020515005145839746,0.03125,0.0,2
M024625,C106,C025,2,32,1.0,0.03225806451612903,0.013888888888888895,0.03381956096634679,0.01433289532187327,0.0,0.0,8
M024625,C125,C025,2,32,1.0,0.03349875930521096,0.014655707196029783,0.034012261421674336,0.01405694240951573,0.0,0.0,4
M024625,C129,C025,2,32,1.0,0.04364326375711575,0.01725569259962049,0.04776654139582958,0.017939488101487815,0.0,0.5,2
M024625,C130,C025,2,32,1.0,0.04554079696394686,0.018085863377609108,0.04985276665977486,0.018818615366480468,0.03125,0.5,2
M024625,C136,C025,2,32,1.0,0.0766129032258065,0.03339213709677419,0.1187470548891337,0.046420369075916075,0.0,0.0,3
M024625,C137,C025,2,32,1.0,0.0766129032258065,0.03263608870967742,0.13252839165255875,0.05286981163652121,0.0,0.0,3
M024625,C138,C025,2,32,1.0,0.03993855606758834,0.0160810291858679,0.042346122109234496,0.016524760449144776,0.03125,0.2,5
M024625,C139,C025,2,32,1.0,0.03993855606758834,0.01660906298003073,0.042346122109234496,0.017495120560382344,0.03125,0.0,2
M024625,C141,C025,2,46,1.0,0.026523297491039433,0.010924107838553842,0.037160052602383684,0.01626555582108493,0.0,0.0,3
M024625,C150,C025,2,32,1.0,0.04946236559139783,0.02211021505376344,0.06734874311889617,0.029361565206794147,0.03125,0.5,2
M024625,C151,C025,2,32,1.0,0.04946236559139783,0.019489247311827954,0.06829511941807692,0.0238172689896845,0.03125,0.0,4
M024625,C152,C025,2,32,1.0,0.04946236559139783,0.021438172043010746,0.06782193126848646,0.023625036303913407,0.03125,0.0,4
M024625,C165,C025,2,72,1.0,0.022716946842344432,0.009831389772325711,0.040051200490948756,0.01971134268357468,0.0,0.2,10
M024625,C166,C025,2,72,1.0,0.023171285779191253,0.009963905295572721,0.040051200490948756,0.019431945604783236,0.013888888888888888,0.0,2
M024625,C167,C025,2,72,1.0,0.023171285779191253,0.010159523448937353,0.040073947847825836,0.02060073749012695,0.013888888888888888,0.25,4
M024625,C179,C025,2,32,1.0,0.05069124423963134,0.020809331797235014,0.04864256727390437,0.01985704347591332,0.0,0.5,2
M024625,C180,C025,2,32,1.0,0.05483870967741933,0.024697580645161286,0.15331911832657155,0.05474414870697318,0.0,0.5,2
M024625,C181,C025,2,32,1.0,0.05069124423963134,0.02080933179723502,0.08066078030978624,0.04158161837739463,0.0,0.0,2
M024625,C182,C025,2,52,1.0,0.025932953826691918,0.01050941468398774,0.04051151451807006,0.02004044158683142,0.019230769230769232,0.0,2
M024625,C183,C025,2,52,1.0,0.025300442757748343,0.010460759986376685,0.03382955037978633,0.01042523587410221,0.0,0.0,5
M024625,C192,C025,2,38,1.0,0.028770706190061057,0.011792777497361552,0.033152035560166486,0.010107661774633313,0.0,0.0,4
M024625,C193,C025,2,38,1.0,0.02964254577157799,0.012045152113063819,0.040945019868763435,0.021526327480066176,0.02631578947368421,0.0,4
M024625,C195,C025,2,62,1.0,0.023796932839767304,0.01025229866430118,0.03412206434569326,0.010894959361583459,0.0,0.16666666666666666,6
M024625,C197,C025,2,47,1.0,0.026647966339410967,0.010877025454328428,0.03181648459701927,0.01125731651704812,0.0,0.0,8
M024625,C198,C025,2,47,1.0,0.026647966339410967,0.010966548297573929,0.03181648459701927,0.010670504019582023,0.0,0.0,8
M024625,C199,C025,2,47,1.0,0.026647966339410967,0.010668138820088924,0.030000928647256793,0.010584662130704357,0.0,0.0,7
M024625,C202,C025,2,32,1.0,0.05069124423963134,0.021529377880184324,0.08259445895103223,0.03306721289316118,0.0,0.25,4
M024787,C005,C010,1,61,1.0,0.029710144927536236,0.012354478498455687,0.03459984383038164,0.012916528106770006,0.0,0.2,10
M024787,C009,C010,1,25,1.0416666666666667,0.0434782608695653,0.04,0.04195158047861421,0.03832193678085542,0.92,0.0,0
M024787,C018,C010,1,24,1.0,0.04554865424430643,0.021825396825396835,0.04442057244109141,0.021640605611166448,0.041666666666666664,0.0,0
M024787,C019,C010,1,24,1.0,0.04554865424430643,0.021825396825396817,0.04307191474487658,0.020325171574561846,0.041666666666666664,0.0,0
M024787,C036,C010,1,24,1.0,0.048913043478260865,0.02004076086956522,0.04723064865969213,0.017049937314214038,0.0,0.0,2
M024787,C038,C010,1,42,1.0,0.03393425238600212,0.014088774428116943,0.03991734665234619,0.013443593205040268,0.023809523809523808,0.0,0
M024787,C045,C010,1,55,1.0,0.03059581320450888,0.012809251939686721,0.030739492074873323,0.011643607384625061,0.0,0.0,0
M024787,C063,C010,1,50,1.0,0.03194321206743567,0.013203194321206743,0.048335955124438744,0.020801220223225322,0.02,0.0,0
M024787,C105,C010,1,29,1.0357142857142858,0.040257648953301084,0.02021211616414015,0.034208000482592475,0.01602063668844854,0.034482758620689655,0.0,2
M024787,C109,C010,1,52,1.0,0.031543052003410066,0.013017247032592306,0.04820042699084423,0.020375724144015117,0.019230769230769232,0.0,0
M024787,C110,C010,1,52,1.0,0.03154305200341001,0.013263164797691653,0.04820042699084423,0.012598311186439436,0.019230769230769232,0.0,2
M024787,C153,C010,1,43,1.0,0.0331262939958592,0.01379459771775242,0.043192811906031636,0.015365170561316978,0.0,0.0,0
M024787,C154,C010,1,43,1.0,0.0331262939958592,0.013409408252684288,0.041383868716352155,0.01577882613543833,0.0,0.0,2
M024787,C194,C010,1,62,1.0,0.029935851746258013,0.012415791046835125,0.034806206387395525,0.011991627339863779,0.016129032258064516,0.0,0
M024787,C006,C025,2,63,1.0,0.016129032258064613,0.007936507936507936,0.03194550901851883,0.017901402415232522,0.0,0.0,10
M024787,C008,C025,2,51,1.0,0.02580645161290321,0.010234029095509172,0.03649703039459754,0.012983186820528314,0.0,0.0,7
M024787,C016,C025,2,83,1.0,0.022029897718332025,0.009427165783511705,0.040152815314088465,0.017989541237087608,0.0,0.0,12
M024787,C017,C025,2,83,1.0,0.02202989771833197,0.008991117894078278,0.03833918907300485,0.017133189374644926,0.0,0.0,2
M024787,C029,C025,2,56,1.0,0.024633431085043983,0.010379136992040213,0.04089420051913738,0.014667316915712205,0.0,0.0,8
M024787,C030,C025,2,51,1.0,0.02580645161290321,0.01041113219481341,0.04341379041426897,0.021676739422375326,0.0,0.14285714285714285,7
M024787,C034,C025,2,32,1.0,0.0463709677419355,0.0197202620967742,0.047583872374267165,0.016145984573707438,0.0,0.0,2
M024787,C035,C025,2,32,1.0,0.0463709677419355,0.020287298387096777,0.05876943392812369,0.019044183910074154,0.0,0.0,4
M024787,C037,C025,2,42,1.0,0.027537372147915073,0.011108613390281366,0.03863426122997292,0.017731457599480988,0.0,0.0,4
M024787,C044,C025,2,55,1.0,0.025089605734766984,0.01048115564244597,0.03554401154276602,0.010441604672736122,0.0,0.0,6
M024787,C047,C025,2,32,1.0,0.040322580645161255,0.01577620967741936,0.05246398982749877,0.017899928592069597,0.0,0.0,10
M024787,C050,C025,2,32,1.0,0.04946236559139783,0.019758064516129034,0.06607572757049024,0.020750556221597438,0.03125,0.3333333333333333,3
M024787,C051,C025,2,32,1.0,0.04946236559139783,0.021169354838709676,0.07015433056794355,0.024717493791305733,0.03125,0.0,6
M024787,C052,C025,2,32,1.0,0.04946236559139783,0.02130376344086022,0.07321328281603351,0.029679167972178417,0.03125,0.0,5
M024787,C053,C025,2,32,1.0,0.04946236559139783,0.020362903225806445,0.0732132828160334,0.030762546893376937,0.03125,0.5,2
M024787,C055,C025,2,73,1.0,0.02284946236559149,0.009905729857121815,0.04063826633940162,0.014784927961323578,0.0,0.0,5
M024787,C061,C025,2,33,1.0,0.03125,0.015151515151515148,0.05317066471839684,0.02669798987264784,0.0,0.0,2
M024787,C062,C025,2,33,1.0,0.03125,0.015151515151515148,0.05317066471839684,0.02669798987264788,0.0,0.0,4
M024787,C064,C025,2,50,1.0,0.026333113890717574,0.011165240289664256,0.04070746806309748,0.0189904028023488,0.02,0.16666666666666666,6
M024787,C065,C025,2,50,1.0,0.0250164581961817,0.01032258064516129,0.037693722638712485,0.014997968462398995,0.0,0.0,10
M024787,C086,C025,2,47,1.0,0.025946704067321136,0.010339888394855418,0.05088083113781486,0.025665334239703245,0.0,0.16666666666666666,6
M024787,C091,C025,2,32,1.0,0.033370411568409364,0.013487208008898775,0.030846116457045564,0.01527936777303818,0.03125,0.0,7
M024787,C092,C025,2,32,1.0,0.03337041156840931,0.01616379310344827,0.03783355006014405,0.020515005145839746,0.03125,0.0,2
M024787,C106,C025,2,32,1.0,0.03225806451612903,0.013888888888888895,0.03381956096634679,0.01433289532187327,0.0,0.0,8
M024787,C125,C025,2,32,1.0,0.03349875930521096,0.014655707196029783,0.034012261421674336,0.01405694240951573,0.0,0.0,4
M024787,C129,C025,2,32,1.0,0.04364326375711575,0.01725569259962049,0.04776654139582958,0.017939488101487815,0.0,0.5,2
M024787,C130,C025,2,32,1.0,0.04554079696394686,0.018085863377609108,0.04985276665977486,0.018818615366480468,0.03125,0.5,2
M024787,C136,C025,2,32,1.0,0.0766129032258065,0.03339213709677419,0.1187470548891337,0.046420369075916075,0.0,0.0,3
M024787,C137,C025,2,32,1.0,0.0766129032258065,0.03263608870967742,0.13252839165255875,0.05286981163652121,0.0,0.0,3
M024787,C138,C025,2,32,1.0,0.03993855606758834,0.0160810291858679,0.042346122109234496,0.016524760449144776,0.03125,0.2,5
M024787,C139,C025,2,32,1.0,0.03993855606758834,0.01660906298003073,0.042346122109234496,0.017495120560382344,0.03125,0.0,2
M024787,C141,C025,2,46,1.0,0.026523297491039433,0.010924107838553842,0.037160052602383684,0.01626555582108493,0.0,0.0,3
M024787,C150,C025,2,32,1.0,0.04946236559139783,0.02211021505376344,0.06734874311889617,0.029361565206794147,0.03125,0.5,2
M024787,C151,C025,2,32,1.0,0.04946236559139783,0.019489247311827954,0.06829511941807692,0.0238172689896845,0.03125,0.0,4
M024787,C152,C025,2,32,1.0,0.04946236559139783,0.021438172043010746,0.06782193126848646,0.023625036303913407,0.03125,0.0,4
M024787,C165,C025,2,72,1.0,0.022716946842344432,0.009831389772325711,0.040051200490948756,0.01971134268357468,0.0,0.2,10
M024787,C166,C025,2,72,1.0,0.023171285779191253,0.009963905295572721,0.040051200490948756,0.019431945604783236,0.013888888888888888,0.0,2
M024787,C167,C025,2,72,1.0,0.023171285779191253,0.010159523448937353,0.040073947847825836,0.02060073749012695,0.013888888888888888,0.25,4
M024787,C179,C025,2,32,1.0,0.05069124423963134,0.020809331797235014,0.04864256727390437,0.01985704347591332,0.0,0.5,2
M024787,C180,C025,2,32,1.0,0.05483870967741933,0.024697580645161286,0.15331911832657155,0.05474414870697318,0.0,0.5,2
M024787,C181,C025,2,32,1.0,0.05069124423963134,0.02080933179723502,0.08066078030978624,0.04158161837739463,0.0,0.0,2
M024787,C182,C025,2,52,1.0,0.025932953826691918,0.01050941468398774,0.04051151451807006,0.02004044158683142,0.019230769230769232,0.0,2
M024787,C183,C025,2,52,1.0,0.025300442757748343,0.010460759986376685,0.03382955037978633,0.01042523587410221,0.0,0.0,5
M024787,C192,C025,2,38,1.0,0.028770706190061057,0.011792777497361552,0.033152035560166486,0.010107661774633313,0.0,0.0,4
M024787,C193,C025,2,38,1.0,0.02964254577157799,0.012045152113063819,0.040945019868763435,0.021526327480066176,0.02631578947368421,0.0,4
M024787,C195,C025,2,62,1.0,0.023796932839767304,0.01025229866430118,0.03412206434569326,0.010894959361583459,0.0,0.16666666666666666,6
M024787,C197,C025,2,47,1.0,0.026647966339410967,0.010877025454328428,0.03181648459701927,0.01125731651704812,0.0,0.0,8
M024787,C198,C025,2,47,1.0,0.026647966339410967,0.010966548297573929,0.03181648459701927,0.010670504019582023,0.0,0.0,8
M024787,C199,C025,2,47,1.0,0.026647966339410967,0.010668138820088924,0.030000928647256793,0.010584662130704357,0.0,0.0,7
M024787,C202,C025,2,32,1.0,0.05069124423963134,0.021529377880184324,0.08259445895103223,0.03306721289316118,0.0,0.25,4
M025129,C005,C045,1,64,1.0491803278688525,0.01666666666666672,0.007233796296296299,0.04567606598633734,0.01739661814673872,0.0,0.0,10
M025129,C006,C045,1,64,1.0158730158730158,0.019115890083632014,0.00770982676224612,0.023105710295141618,0.007531357744642754,0.0,0.0,8
M025129,C008,C045,1,57,1.0363636363636364,0.01925925925925931,0.00912280701754386,0.01845593305427017,0.008795341208467608,0.0,0.0,5
M025129,C009,C045,1,55,1.0,0.029790660225442828,0.011784511784511785,0.038265945073390706,0.013609928001336025,0.0,0.0,0
M025129,C010,C045,1,55,1.0,0.03059581320450888,0.012604303908651736,0.04320598931170037,0.014473788973503422,0.0,0.0,0
M025129,C017,C045,1,83,1.0,0.01806684733514008,0.007107018861353276,0.022393555387217948,0.007109413261444517,0.0,0.0,0
M025129,C018,C045,1,55,1.0,0.031746031746031744,0.01332371332371332,0.052623249988349566,0.017384260997500987,0.0,0.0,0
M025129,C019,C045,1,55,1.0,0.031746031746031744,0.0139009139009139,0.05262324998834954,0.018393765759910845,0.0,0.0,0
M025129,C025,C045,1,55,1.0,0.023894862604540018,0.010046703595090698,0.032608962147689144,0.011614921071452813,0.0,0.0,2
M025129,C029,C045,1,57,1.0178571428571428,0.017845117845117844,0.008535648886526075,0.016701347549891467,0.007898663979473947,0.0,0.0,6
M025129,C030,C045,1,57,1.0363636363636364,0.017037037037037035,0.00678362573099415,0.027485452729984573,0.011594472784318948,0.0,0.0,5
M025129,C034,C045,1,55,1.0,0.03935185185185186,0.016666666666666663,0.06988910794052094,0.025943640018784568,0.0,0.0,0
M025129,C035,C045,1,55,1.0,0.03935185185185186,0.017003367003367003,0.07467970913387564,0.025239765495369763,0.0,0.0,2
M025129,C036,C045,1,55,1.0,0.03935185185185186,0.016203703703703703,0.06988910794052089,0.02426970640845756,0.0,0.0,2
M025129,C037,C045,1,55,1.0,0.020776874435410986,0.00840108401084011,0.02371815728024799,0.008620219079882589,0.0,0.0,2
M025129,C038,C045,1,55,1.0,0.02077687443541104,0.008121869097478855,0.022370741670503357,0.008766297164262611,0.0,0.0,0
M025129,C047,C045,1,55,1.0,0.033333333333333326,0.01400673400673401,0.05857608494379611,0.018491871275246208,0.0,0.0,8
M025129,C050,C045,1,55,1.0,0.040740740740740744,0.017306397306397305,0.08413362174246743,0.03517337883669726,0.0,0.0,1
M025129,C051,C045,1,55,1.0,0.040740740740740744,0.017306397306397305,0.08413362174246743,0.0315416980208266,0.0,0.0,4
M025129,C052,C045,1,55,1.0,0.040740740740740744,0.017710437710437715,0.08413362174246743,0.032327814249998164,0.0,0.0,3
M025129,C053,C045,1,55,1.0,0.040740740740740744,0.017441077441077445,0.08413362174246743,0.03510602865963913,0.0,0.0,0
M025129,C055,C045,1,73,1.0,0.0185185185185186,0.00773718924403856,0.023561169417095164,0.006881930030600818,0.0,0.0,3
M025129,C061,C045,1,55,1.0,0.02314814814814814,0.009511784511784511,0.03470326503685493,0.011533412187651963,0.0,0.0,0
M025129,C062,C045,1,55,1.0,0.02430555555555558,0.009764309764309765,0.03470326503685505,0.012374703461272707,0.0,0.0,2
M025129,C063,C045,1,57,1.0363636363636364,0.019274376417233563,0.007770749625386219,0.022191838539380164,0.01009193703002536,0.0,0.0,0
M025129,C064,C045,1,57,1.0363636363636364,0.019652305366591072,0.008102266247629662,0.025649829063691728,0.0111032605289502,0.0,0.0,4
M025129,C065,C045,1,55,1.0,0.01927437641723362,0.007290593004878723,0.023863813827806946,0.010476206440264656,0.0,0.0,8
M025129,C086,C045,1,55,1.0,0.020128824476650653,0.0072463768115942,0.03681680528238553,0.014364761549005607,0.01818181818181818,0.0,4
M025129,C091,C045,1,55,1.0,0.025542784163473775,0.010739579705096952,0.032792050734920496,0.01142207105436103,0.0,0.0,5
M025129,C092,C045,1,55,1.0,0.024904214559387072,0.010902124695228152,0.03603851553856851,0.012249391020781762,0.0,0.0,0
M025129,C105,C045,1,55,1.0,0.0185185185185186,0.00909090909090909,0.032837806788630436,0.012622729997152773,0.0,0.0,2
M025129,C106,C045,1,55,1.0,0.0185185185185186,0.009090909090909097,0.03457910610781332,0.013314223649385924,0.0,0.0,6
M025129,C109,C045,1,56,1.018181818181818,0.01851851851851849,0.006497043261749146,0.01634058883975074,0.0059869465257703924,0.0,0.0,0
M025129,C110,C045,1,57,1.0363636363636364,0.019607843137254832,0.009746588693957118,0.024651747663149672,0.011509183401248017,0.0,0.0,2
M025129,C125,C045,1,55,1.0,0.028490028490028574,0.011525511525511522,0.04241463250048881,0.01463023292977834,0.03636363636363636,0.0,2
M025129,C129,C045,1,55,1.0,0.03812636165577343,0.015389185977421267,0.058206559973835816,0.020350746915179525,0.0,0.0,0
M025129,C130,C045,1,55,1.0,0.03812636165577343,0.016062586650821938,0.058206559973835816,0.020540528756634355,0.0,0.0,0
M025129,C136,C045,1,55,1.0,0.06944444444444445,0.03198653198653199,0.15455995827959518,0.057178600728581115,0.0,0.0,1
M025129,C137,C045,1,55,1.0,0.06944444444444445,0.031060606060606063,0.1545599582795952,0.057508757415798396,0.0,0.0,1
M025129,C138,C045,1,55,1.0,0.031746031746031744,0.013227513227513225,0.0552556379042821,0.017419581887545457,0.0,0.0,3
M025129,C139,C045,1,55,1.0,0.031746031746031744,0.013419913419913419,0.0552556379042821,0.018076492051455197,0.0,0.0,0
M025129,C141,C045,1,55,1.0,0.0185185185185186,0.008417508417508419,0.021869267328263473,0.009916129958156163,0.0,0.0,1
M025129,C150,C045,1,55,1.0,0.040740740740740744,0.017306397306397305,0.07350192408225129,0.03045854476545797,0.0,0.0,0
M025129,C151,C045,1,55,1.0,0.040740740740740744,0.017575757575757574,0.08249423394314856,0.03111253093715959,0.0,0.0,2
M025129,C152,C045,1,55,1.0,0.040740740740740744,0.01744107744107744,0.08249423394314856,0.029399347793802322,0.0,0.0,2
M025129,C153,C045,1,55,1.0,0.021164021164021163,0.00856180856180856,0.02649893365551291,0.008369498673443736,0.09090909090909091,0.0,0
M025129,C154,C045,1,55,1.0,0.021164021164021163,0.008273208273208271,0.026446224032837987,0.007792010970702965,0.07272727272727272,0.0,2
M025129,C165,C045,1,73,1.0138888888888888,0.01956181533646323,0.007731829842576515,0.020969463294442412,0.006482694708814158,0.0,0.0,8
M025129,C166,C045,1,72,1.0,0.019822639540949427,0.008299281284414302,0.02096946329444244,0.006138076147897138,0.0,0.0,0
M025129,C179,C045,1,55,1.0,0.044973544973545,0.019047619047619035,0.08436343874388653,0.03702723752712765,0.03636363636363636,0.0,0
M025129,C180,C045,1,55,1.0,0.059259259259259345,0.025185185185185196,0.17916250993441618,0.0622699796194247,0.03636363636363636,0.0,0
M025129,C181,C045,1,55,1.0,0.044973544973545,0.018951418951418945,0.08880863374005767,0.035452742932400916,0.03636363636363636,0.0,0
M025129,C182,C045,1,58,1.0545454545454545,0.018518518518518517,0.007737961084817069,0.020055844749374017,0.009342091109579377,0.0,0.0,0
M025129,C183,C045,1,55,1.0,0.015250544662309351,0.0055654585066349785,0.023433126617096203,0.009569273451424554,0.0,0.0,3
M025129,C192,C045,1,55,1.0,0.022522522522522542,0.009145509145509136,0.027454689666778494,0.011727980325548037,0.0,0.0,2
M025129,C193,C045,1,55,1.0,0.02202202202202197,0.00874510874510874,0.027454689666778494,0.010384909507022911,0.0,0.0,2
M025129,C194,C045,1,64,1.032258064516129,0.019732847601700076,0.008063904068002427,0.022156447220466745,0.008727619951222877,0.0,0.0,0
M025129,C197,C045,1,55,1.0,0.020128824476650653,0.0078026643244034554,0.02779712508908931,0.010496378254468612,0.01818181818181818,0.0,6
M025129,C198,C045,1,55,1.0,0.020128824476650653,0.00818328209632557,0.028861192908902614,0.009477179616568477,0.01818181818181818,0.0,6
M025129,C199,C045,1,55,1.0,0.019323671497584516,0.007114624505928855,0.02886119290890273,0.010089108433154088,0.0,0.0,5
M025129,C202,C045,1,55,1.0,0.044973544973545,0.019191919191919187,0.09203143147546766,0.04093621147938277,0.03636363636363636,0.0,2
M025129,C044,C016,2,83,1.0,0.019873532068654054,0.009354491135272805,0.018991741528535486,0.005830000806970999,0.0,0.0,14
M025129,C167,C016,2,85,1.0240963855421688,0.019409137753349404,0.008135469921393497,0.01875468374988205,0.008408410154009302,0.0,0.0,12
M025129,C195,C016,2,83,1.0,0.01979208316673331,0.010210373681852557,0.02389352994142657,0.008274569940868493,0.0,0.0,14
M025390,C005,C063,1,85,1.3934426229508197,0.15510204081632656,0.056522609043617444,0.17091671590727808,0.060334080489019115,0.0,0.4,10
M025390,C006,C063,1,83,1.3174603174603174,0.18894009216589858,0.08340934508276687,0.18819237330863348,0.08354702784176042,0.0,0.375,8
M025390,C008,C063,1,68,1.3333333333333333,0.1563265306122449,0.05042016806722689,0.1576476686473217,0.051627001597848,0.0,0.2,5
M025390,C009,C063,1,50,1.0,0.15527950310559005,0.07588287488908607,0.1348598292142283,0.06721670169677055,0.0,0.0,0
M025390,C010,C063,1,52,1.04,0.19609582963620228,0.10337178349600709,0.1779543580735441,0.09395560432769488,0.0,0.0,0
M025390,C016,C063,1,108,1.3012048192771084,0.1968641114982579,0.09326318603322088,0.2004066027759291,0.09327994425480027,0.0,0.4,10
M025390,C017,C063,1,97,1.1686746987951808,0.1294176207068193,0.06899365227609776,0.12277999958879982,0.06654360878485766,0.0,0.0,0
M025390,C018,C063,1,50,1.0,0.163265306122449,0.08,0.14068026770784833,0.06889688103476803,0.0,0.0,0
M025390,C019,C063,1,51,1.02,0.19727891156462585,0.10497532346271843,0.1896047913284286,0.09298796365234274,0.0,0.0,0
M025390,C025,C063,1,60,1.2,0.18762343647136276,0.0858459512837393,0.1724209852283535,0.08481417253264538,0.0,0.5,2
M025390,C030,C063,1,63,1.2352941176470589,0.11142857142857138,0.03460317460317459,0.11309355211476171,0.035261314071347395,0.0,0.0,5
M025390,C034,C063,1,50,1.0,0.1989795918367347,0.09987244897959185,0.19817223933498193,0.08333757200022256,0.0,0.0,0
M025390,C035,C063,1,50,1.0,0.1989795918367347,0.10658163265306123,0.19862288867883302,0.09442631243257679,0.0,0.0,2
M025390,C036,C063,1,50,1.0,0.18239795918367352,0.11405612244897957,0.19884821335075845,0.10316680840023482,0.0,0.0,2
M025390,C037,C063,1,56,1.12,0.061224489795918324,0.0231280665576335,0.05866100236513512,0.022380612629570938,0.0,0.0,2
M025390,C038,C063,1,55,1.1,0.06769537083125932,0.03349472826824743,0.07004621827669587,0.03310275429124217,0.0,0.0,0
M025390,C045,C063,1,60,1.0909090909090908,0.042328042328042326,0.01625724363819602,0.042141502053042866,0.015607207146104118,0.0,0.0,0
M025390,C047,C063,1,53,1.06,0.18979591836734694,0.06852137081247593,0.16988691107012224,0.068523433395387,0.0,0.125,8
M025390,C050,C063,1,50,1.0,0.08571428571428574,0.03371428571428572,0.1193302359658071,0.043988635688389684,0.0,0.0,1
M025390,C051,C063,1,50,1.0,0.1986394557823129,0.08285714285714287,0.22926464619948195,0.09241389638827163,0.0,0.0,4
M025390,C052,C063,1,50,1.0,0.1986394557823129,0.0832108843537415,0.22926464619948195,0.07875703540914471,0.0,0.0,3
M025390,C053,C063,1,51,1.02,0.12653061224489803,0.058129918634120314,0.15968572278296514,0.06741357365394313,0.0,0.0,0
M025390,C055,C063,1,89,1.2191780821917808,0.1998299319727891,0.09906621824759865,0.19820510288216583,0.09677915502808296,0.0,0.0,3
M025390,C061,C063,1,53,1.06,0.10841836734693877,0.040599730458221024,0.11137815583896457,0.04206529122125715,0.0,0.0,0
M025390,C062,C063,1,60,1.2,0.1447704081632653,0.04912840136054421,0.14197250766328942,0.04759494866943919,0.0,0.5,2
M025390,C064,C063,1,65,1.3,0.12244897959183676,0.04207221350078493,0.12106646045147391,0.04159719410383975,0.0,0.25,4
M025390,C065,C063,1,70,1.4,0.1836734693877552,0.07725947521865888,0.18159969067721088,0.07638717147533473,0.0,0.25,8
M025390,C086,C063,1,60,1.2,0.11623779946761309,0.039943803608399886,0.12072154198180611,0.041728454943444536,0.0,0.0,4
M025390,C091,C063,1,62,1.24,0.17593244194229418,0.06746725386483848,0.17866775070037916,0.06496213411978646,0.0,0.0,5
M025390,C092,C063,1,50,1.0,0.07600281491907107,0.02591133004926108,0.06549765653794058,0.024291536947315704,0.0,0.0,0
M025390,C105,C063,1,53,1.06,0.13756613756613756,0.04115860180550208,0.13268894546857077,0.03725801581429822,0.0,0.0,2
M025390,C106,C063,1,54,1.08,0.19879062736205594,0.10096301895243694,0.18422277548412713,0.09364342952685642,0.0,0.16666666666666666,6
M025390,C109,C063,1,66,1.2692307692307692,0.1320528211284514,0.05768974256369214,0.13100060281675702,0.05649248458535322,0.0,0.0,0
M025390,C110,C063,1,71,1.3653846153846154,0.19407763105242098,0.1003556352118312,0.1922979978398234,0.0995929033607031,0.0,0.5,2
M025390,C129,C063,1,50,1.0,0.1080432172869148,0.03454981992797118,0.12899972182504943,0.03521376692822162,0.0,0.0,0
M025390,C130,C063,1,51,1.02,0.10684273709483794,0.056375491373019795,0.11510448234922828,0.05127711611548233,0.0,0.0,0
M025390,C138,C063,1,51,1.02,0.18367346938775508,0.08256635987728422,0.19902520641140622,0.0930760341032994,0.0,0.3333333333333333,3
M025390,C139,C063,1,51,1.02,0.08843537414965985,0.03454715219421103,0.10097993201168436,0.036742531848867666,0.0,0.0,0
M025390,C141,C063,1,59,1.18,0.10204081632653061,0.04173104269956571,0.10373688125595647,0.04094517825133945,0.0,0.0,1
M025390,C150,C063,1,50,1.0,0.10476190476190472,0.040761904761904756,0.12077063702098013,0.04384454674114048,0.0,0.0,0
M025390,C152,C063,1,51,1.02,0.1972789115646259,0.09150326797385622,0.21709132320727045,0.08160347392861751,0.0,0.0,2
M025390,C153,C063,1,61,1.22,0.1428571428571429,0.0625069700011152,0.1519253197619162,0.059682018642690564,0.0,0.0,0
M025390,C154,C063,1,64,1.28,0.19727891156462585,0.09619472789115648,0.20522401095137158,0.09837051256411766,0.0,0.5,2
M025390,C165,C063,1,82,1.1388888888888888,0.19632078183386037,0.05817483296994511,0.1935262616029624,0.05870082252671456,0.0,0.5,8
M025390,C166,C063,1,82,1.1388888888888888,0.13998275366484625,0.06449848919299772,0.13750007562938882,0.06460567585674754,0.0,0.0,0
M025390,C167,C063,1,86,1.1944444444444444,0.19977004886461625,0.11212457469066893,0.19796371502284063,0.11183264753940804,0.0,0.5,2
M025390,C179,C063,1,50,1.0,0.08163265306122458,0.02653061224489796,0.10575646651924131,0.038669003413232185,0.0,0.0,0
M025390,C180,C063,1,51,1.02,0.19795918367346943,0.09015606242496997,0.21221967854167612,0.05809567021271582,0.0,0.0,0
M025390,C181,C063,1,50,1.0,0.10204081632653067,0.031224489795918364,0.10853576710441036,0.03549678623193095,0.0,0.0,0
M025390,C182,C063,1,64,1.2307692307692308,0.13125250100040015,0.05999274709883953,0.13099831830942826,0.05852245974459741,0.0,0.0,0
M025390,C183,C063,1,71,1.3653846153846154,0.1864745898359344,0.08170592180534184,0.18274137319137723,0.08034541730528,0.0,0.0,3
M025390,C192,C063,1,60,1.2,0.19801434087148373,0.10048722191579335,0.19037952565799324,0.09695738701815762,0.0,0.0,2
M025390,C193,C063,1,60,1.2,0.13127413127413134,0.05817245817245816,0.1301530330992694,0.057122970557939606,0.0,0.0,2
M025390,C194,C063,1,70,1.1290322580645162,0.06557377049180324,0.02666443626630981,0.06007299028665118,0.025535412934646565,0.0,0.0,0
M025390,C195,C063,1,64,1.032258064516129,0.07862161257945802,0.03953036132485781,0.0764386418099288,0.04117267568596585,0.0,0.0,4
M025390,C198,C063,1,70,1.4,0.19920141969831417,0.10361262517429333,0.1976738294842775,0.10165174857577132,0.0,0.16666666666666666,6
M025390,C199,C063,1,72,1.44,0.1654835847382431,0.05548161293502908,0.1647281912368978,0.054908986084344594,0.0,0.2,5
M025390,C202,C063,1,50,1.0,0.19387755102040816,0.10326530612244897,0.15982328767460538,0.08576382950171116,0.0,0.0,2
M025390,C044,C029,2,76,1.3571428571428572,0.19225589225589224,0.06591795144426724,0.19829009871676792,0.06850345403441029,0.0,0.2,10
M025390,C125,C029,2,59,1.0535714285714286,0.18741258741258748,0.08437833353087591,0.2005836670372222,0.09731818352452899,0.0,0.0,8
M025390,C136,C029,2,56,1.0,0.2,0.09232954545454544,0.1157713655750154,0.04395752444042839,0.017857142857142856,0.42857142857142855,7
M025390,C137,C029,2,56,1.0,0.2,0.0885146103896104,0.19430674314706023,0.059797858121934944,0.03571428571428571,0.14285714285714285,7
M025390,C151,C029,2,57,1.0178571428571428,0.2,0.08686868686868686,0.23671576438869393,0.10840243739094046,0.03508771929824561,0.25,8
M025390,C197,C029,2,72,1.2857142857142858,0.1411067193675889,0.07063570487483532,0.1352443231588645,0.06869256934364211,0.0,0.08333333333333333,12
M026038,C005,C063,1,85,1.3934426229508197,0.15510204081632656,0.056522609043617444,0.17091671590727808,0.060334080489019115,0.0,0.4,10
M026038,C006,C063,1,83,1.3174603174603174,0.18894009216589858,0.08340934508276687,0.18819237330863348,0.08354702784176042,0.0,0.375,8
M026038,C008,C063,1,68,1.3333333333333333,0.1563265306122449,0.05042016806722689,0.1576476686473217,0.051627001597848,0.0,0.2,5
M026038,C009,C063,1,50,1.0,0.15527950310559005,0.07588287488908607,0.1348598292142283,0.06721670169677055,0.0,0.0,0
M026038,C010,C063,1,52,1.04,0.19609582963620228,0.10337178349600709,0.1779543580735441,0.09395560432769488,0.0,0.0,0
M026038,C016,C063,1,105,1.2650602409638554,0.1968641114982579,0.09154755979046672,0.19623397096322728,0.09114355204046,0.0,0.4,10
M026038,C017,C063,1,97,1.1686746987951808,0.1294176207068193,0.06886792936938417,0.12277999958879982,0.06641809138680982,0.0,0.0,0
M026038,C018,C063,1,50,1.0,0.163265306122449,0.08,0.14068026770784833,0.06889688103476803,0.0,0.0,0
M026038,C019,C063,1,51,1.02,0.19727891156462585,0.10497532346271843,0.1896047913284286,0.09298796365234274,0.0,0.0,0
M026038,C025,C063,1,60,1.2,0.18762343647136276,0.0858459512837393,0.1724209852283535,0.08481417253264538,0.0,0.5,2
M026038,C030,C063,1,63,1.2352941176470589,0.11142857142857138,0.03460317460317459,0.11309355211476171,0.035261314071347395,0.0,0.0,5
M026038,C034,C063,1,50,1.0,0.1989795918367347,0.09987244897959185,0.19817223933498193,0.08333757200022256,0.0,0.0,0
M026038,C035,C063,1,50,1.0,0.1989795918367347,0.10658163265306123,0.19862288867883302,0.09442631243257679,0.0,0.0,2
M026038,C036,C063,1,50,1.0,0.18239795918367352,0.11405612244897957,0.19884821335075845,0.10316680840023482,0.0,0.0,2
M026038,C037,C063,1,56,1.12,0.061224489795918324,0.0231280665576335,0.05866100236513512,0.022380612629570938,0.0,0.0,2
M026038,C038,C063,1,55,1.1,0.06769537083125932,0.03349472826824743,0.07004621827669587,0.03310275429124217,0.0,0.0,0
M026038,C045,C063,1,60,1.0909090909090908,0.042328042328042326,0.01625724363819602,0.042141502053042866,0.015607207146104118,0.0,0.0,0
M026038,C047,C063,1,53,1.06,0.18979591836734694,0.06852137081247593,0.16988691107012224,0.068523433395387,0.0,0.125,8
M026038,C050,C063,1,50,1.0,0.08571428571428574,0.03371428571428572,0.1193302359658071,0.043988635688389684,0.0,0.0,1
M026038,C051,C063,1,50,1.0,0.1986394557823129,0.08152380952380951,0.22926464619948195,0.09193071943460969,0.0,0.0,4
M026038,C052,C063,1,50,1.0,0.1986394557823129,0.0832108843537415,0.22926464619948195,0.07875703540914471,0.0,0.0,3
M026038,C053,C063,1,51,1.02,0.12653061224489803,0.058129918634120314,0.15968572278296514,0.06741357365394313,0.0,0.0,0
M026038,C055,C063,1,89,1.2191780821917808,0.1998299319727891,0.09906621824759865,0.19820510288216583,0.09677915502808296,0.0,0.0,3
M026038,C061,C063,1,53,1.06,0.10841836734693877,0.040599730458221024,0.11137815583896457,0.04206529122125715,0.0,0.0,0
M026038,C062,C063,1,60,1.2,0.1447704081632653,0.04912840136054421,0.14197250766328942,0.04759494866943919,0.0,0.5,2
M026038,C064,C063,1,65,1.3,0.12244897959183676,0.041758241758241756,0.12106646045147391,0.04128676728216931,0.0,0.25,4
M026038,C065,C063,1,70,1.4,0.1836734693877552,0.07725947521865888,0.18159969067721088,0.07638717147533473,0.0,0.25,8
M026038,C086,C063,1,60,1.2,0.11623779946761309,0.039943803608399886,0.12072154198180611,0.041728454943444536,0.0,0.0,4
M026038,C091,C063,1,62,1.24,0.17593244194229418,0.06746725386483848,0.17866775070037916,0.06496213411978646,0.0,0.0,5
M026038,C092,C063,1,50,1.0,0.07600281491907107,0.02591133004926108,0.06549765653794058,0.024291536947315704,0.0,0.0,0
M026038,C105,C063,1,53,1.06,0.13756613756613756,0.04115860180550208,0.13268894546857077,0.03725801581429822,0.0,0.0,2
M026038,C106,C063,1,54,1.08,0.19879062736205594,0.10096301895243694,0.18422277548412713,0.09364342952685642,0.0,0.16666666666666666,6
M026038,C109,C063,1,66,1.2692307692307692,0.1320528211284514,0.05768974256369214,0.13100060281675702,0.05649248458535322,0.0,0.0,0
M026038,C110,C063,1,71,1.3653846153846154,0.19407763105242098,0.1003556352118312,0.1922979978398234,0.0995929033607031,0.0,0.5,2
M026038,C129,C063,1,50,1.0,0.1080432172869148,0.03454981992797118,0.12899972182504943,0.03521376692822162,0.0,0.0,0
M026038,C130,C063,1,51,1.02,0.10684273709483794,0.056375491373019795,0.11510448234922828,0.05127711611548233,0.0,0.0,0
M026038,C136,C063,1,50,1.0,0.19897959183673475,0.08301020408163266,0.2621635725059905,0.11402951752591343,0.0,0.0,1
M026038,C137,C063,1,50,1.0,0.19897959183673475,0.12499999999999999,0.2621635725059902,0.16566965108624385,0.0,0.0,1
M026038,C138,C063,1,51,1.02,0.18367346938775508,0.08256635987728422,0.19902520641140622,0.0930760341032994,0.0,0.3333333333333333,3
M026038,C139,C063,1,51,1.02,0.08843537414965985,0.03454715219421103,0.10097993201168436,0.036742531848867666,0.0,0.0,0
M026038,C141,C063,1,59,1.18,0.10204081632653061,0.04173104269956571,0.10373688125595647,0.04094517825133945,0.0,0.0,1
M026038,C150,C063,1,50,1.0,0.10476190476190472,0.040761904761904756,0.12077063702098013,0.04384454674114048,0.0,0.0,0
M026038,C152,C063,1,51,1.02,0.1972789115646259,0.09150326797385622,0.21709132320727045,0.08160347392861751,0.0,0.0,2
M026038,C153,C063,1,61,1.22,0.1428571428571429,0.0625069700011152,0.1519253197619162,0.059682018642690564,0.0,0.0,0
M026038,C154,C063,1,64,1.28,0.19727891156462585,0.09619472789115648,0.20522401095137158,0.09837051256411766,0.0,0.5,2
M026038,C165,C063,1,82,1.1388888888888888,0.19632078183386037,0.058672593049586746,0.1935262616029624,0.059192962609850644,0.0,0.5,8
M026038,C166,C063,1,82,1.1388888888888888,0.13998275366484625,0.06432672691199462,0.13750007562938882,0.0644636140440505,0.0,0.0,0
M026038,C167,C063,1,86,1.1944444444444444,0.19977004886461625,0.11196080135296829,0.19796371502284063,0.11166978071971743,0.0,0.5,2
M026038,C179,C063,1,50,1.0,0.08163265306122458,0.02653061224489796,0.10575646651924131,0.038669003413232185,0.0,0.0,0
M026038,C180,C063,1,51,1.02,0.19795918367346943,0.09015606242496997,0.21221967854167612,0.05809567021271582,0.0,0.0,0
M026038,C181,C063,1,50,1.0,0.10204081632653067,0.031224489795918364,0.10853576710441036,0.03549678623193095,0.0,0.0,0
M026038,C182,C063,1,64,1.2307692307692308,0.13125250100040015,0.05999274709883953,0.13099831830942826,0.05852245974459741,0.0,0.0,0
M026038,C183,C063,1,71,1.3653846153846154,0.1864745898359344,0.08170592180534184,0.18274137319137723,0.08034541730528,0.0,0.0,3
M026038,C192,C063,1,60,1.2,0.19801434087148373,0.10048722191579335,0.19037952565799324,0.09695738701815762,0.0,0.0,2
M026038,C193,C063,1,60,1.2,0.13127413127413134,0.05817245817245816,0.1301530330992694,0.057122970557939606,0.0,0.0,2
M026038,C194,C063,1,69,1.1129032258064515,0.06557377049180324,0.02718179217517371,0.06007299028665118,0.02598074952359157,0.0,0.0,0
M026038,C195,C063,1,64,1.032258064516129,0.07862161257945802,0.03953036132485781,0.0764386418099288,0.04117267568596585,0.0,0.0,4
M026038,C198,C063,1,69,1.38,0.19920141969831417,0.10415621825289663,0.1976738294842775,0.10218213649643827,0.0,0.16666666666666666,6
M026038,C199,C063,1,71,1.42,0.14507542147293695,0.05301998325355861,0.1445504478283188,0.05241063297818508,0.0,0.2,5
M026038,C202,C063,1,50,1.0,0.19387755102040816,0.10326530612244897,0.15982328767460538,0.08576382950171116,0.0,0.0,2
M026038,C044,C029,2,76,1.3571428571428572,0.19225589225589224,0.06591795144426724,0.19829009871676792,0.06850345403441029,0.0,0.2,10
M026038,C125,C029,2,59,1.0535714285714286,0.18741258741258748,0.08437833353087591,0.2005836670372222,0.09731818352452899,0.0,0.0,8
M026038,C151,C029,2,57,1.0178571428571428,0.2,0.08686868686868686,0.23671576438869393,0.10840243739094046,0.03508771929824561,0.25,8
M026038,C197,C029,2,72,1.2857142857142858,0.1411067193675889,0.07063570487483532,0.1352443231588645,0.06869256934364211,0.0,0.08333333333333333,12
M027091,C005,C194,1,73,1.1774193548387097,0.04918032786885246,0.03220300920727599,0.061940483129903426,0.03819570534701189,0.0,0.3,10
M027091,C008,C194,1,69,1.1129032258064515,0.04950819672131146,0.02674269422665717,0.053107299926603714,0.02780514875901758,0.0,0.0,5
M027091,C009,C194,1,62,1.0,0.049893086243763374,0.025118984664198835,0.06039213534273206,0.02151303698045418,0.0,0.0,0
M027091,C010,C194,1,62,1.0,0.049893086243763374,0.024130319821580492,0.0696124127747911,0.022978014344810428,0.0,0.0,0
M027091,C017,C194,1,86,1.036144578313253,0.049780087964814146,0.02902327441116576,0.05385140409708446,0.03289269100315227,0.0,0.0,0
M027091,C018,C194,1,62,1.0,0.04996096799375482,0.023633250232932952,0.0583505103681525,0.022583229058638004,0.0,0.0,0
M027091,C019,C194,1,62,1.0,0.04996096799375482,0.024099116113923104,0.07116011402895117,0.0244426876545604,0.0,0.0,0
M027091,C025,C194,1,62,1.0,0.049709148598625075,0.023430170075570193,0.06189715603974373,0.029697656778146425,0.0,0.0,2
M027091,C029,C194,1,67,1.0806451612903225,0.049776453055141556,0.02592699690815668,0.04839790850440226,0.025772906630074068,0.0,0.16666666666666666,6
M027091,C030,C194,1,68,1.096774193548387,0.04721311475409836,0.020183220829315333,0.049249088499756635,0.022235736874770366,0.0,0.0,5
M027091,C034,C194,1,62,1.0,0.048155737704918045,0.020177815970386037,0.08788450806106785,0.02491862414984685,0.0,0.0,0
M027091,C037,C194,1,66,1.064516129032258,0.049180327868852514,0.021288454315243597,0.04806817681966907,0.019917562193183604,0.0,0.0,2
M027091,C038,C194,1,65,1.0483870967741935,0.04998000799680127,0.029588164734106352,0.04806817681966907,0.027032991838488122,0.0,0.0,0
M027091,C044,C194,1,64,1.032258064516129,0.04918032786885246,0.022118814511232543,0.046956837972957986,0.021916621991828006,0.0,0.0,4
M027091,C045,C194,1,67,1.0806451612903225,0.041894353369763215,0.017644020335481056,0.04129176943405384,0.01614030408121308,0.0,0.0,0
M027091,C047,C194,1,62,1.0,0.04836065573770491,0.020531464833421473,0.0628563181375455,0.02159111634134367,0.0,0.0,8
M027091,C050,C194,1,62,1.0,0.04918032786885246,0.019548739643927372,0.07898255271250473,0.026171389070841444,0.0,0.0,1
M027091,C051,C194,1,62,1.0,0.0480874316939891,0.01956636700158646,0.08101519907242119,0.037175928501966694,0.0,0.0,4
M027091,C053,C194,1,62,1.0,0.04918032786885246,0.0199189141547682,0.06383648900517702,0.023220222098198184,0.0,0.0,0
M027091,C055,C194,1,81,1.1095890410958904,0.04963570127504552,0.030324495716116846,0.05136537867883146,0.029999462653368763,0.0,0.0,3
M027091,C061,C194,1,62,1.0,0.049180327868852514,0.025804799048122697,0.050260711950565314,0.021616819829430756,0.0,0.0,0
M027091,C062,C194,1,62,1.0,0.049692622950819665,0.02801097303014278,0.05648253078246679,0.027245871868512204,0.0,0.0,2
M027091,C063,C194,1,64,1.032258064516129,0.049849447975911676,0.02539519906323185,0.05152832663787682,0.026139997317926076,0.0,0.0,0
M027091,C064,C194,1,67,1.0806451612903225,0.04984944797591173,0.023928533977819168,0.0517917624730622,0.024198850253230743,0.0,0.0,4
M027091,C065,C194,1,66,1.064516129032258,0.04951488792238212,0.028310877257013086,0.050411042655804886,0.028573573255792586,0.0,0.0,8
M027091,C086,C194,1,65,1.0483870967741935,0.048467569493941556,0.027457645704260104,0.055498767793720295,0.02598584847601105,0.0,0.0,4
M027091,C091,C194,1,62,1.0,0.04578858111927642,0.02262988019475191,0.05426579652033929,0.022803828580335198,0.0,0.0,5
M027091,C092,C194,1,62,1.0,0.049180327868852514,0.02538339502908514,0.04634493483621601,0.01933649766270754,0.0,0.0,0
M027091,C105,C194,1,63,1.0161290322580645,0.049787492410443224,0.022204874663891053,0.0644170452073517,0.02538578464573297,0.0,0.0,2
M027091,C109,C194,1,68,1.096774193548387,0.049823207971713274,0.030399720158072876,0.05313524514464903,0.03173131466247909,0.0,0.0,0
M027091,C125,C194,1,62,1.0,0.04981084489281211,0.023908798763373068,0.06891943547492232,0.030990369430887406,0.0,0.0,2
M027091,C129,C194,1,62,1.0,0.04918032786885246,0.019644134755964784,0.063997355671025,0.02012451037254921,0.0,0.0,0
M027091,C130,C194,1,62,1.0,0.04918032786885246,0.02138613245403925,0.06675394886637472,0.01913626952901608,0.0,0.0,0
M027091,C136,C194,1,62,1.0,0.06967213114754098,0.03129957694341618,0.14675477314381635,0.058699633199179875,0.0,0.0,1
M027091,C137,C194,1,62,1.0,0.06967213114754098,0.031167371760973034,0.14675477314381635,0.06235186978784886,0.0,0.0,1
M027091,C138,C194,1,62,1.0,0.04996096799375488,0.022437108106066337,0.07293815512376968,0.025866122398509342,0.0,0.0,3
M027091,C139,C194,1,62,1.0,0.049180327868852514,0.020800282037722547,0.043304480148375846,0.0145608109647971,0.0,0.0,0
M027091,C141,C194,1,65,1.0483870967741935,0.049180327868852514,0.02009247583018075,0.04673629785367237,0.02072265398808023,0.0,0.0,1
M027091,C150,C194,1,62,1.0,0.049180327868852514,0.020923673541336164,0.07801629012936269,0.03349195464320939,0.0,0.0,0
M027091,C151,C194,1,62,1.0,0.049180327868852514,0.020571126388154417,0.07992227387287534,0.03548068492082507,0.0,0.0,2
M027091,C152,C194,1,62,1.0,0.04699453551912569,0.01979552265115459,0.07992227387287534,0.0331860197478049,0.0,0.0,2
M027091,C153,C194,1,65,1.0483870967741935,0.04996096799375482,0.02872155167237134,0.05351245854048898,0.025296165405537138,0.0,0.0,0
M027091,C165,C194,1,80,1.1111111111111112,0.04941122142692218,0.023542484414684834,0.04658976585403752,0.02134434277959289,0.0,0.125,8
M027091,C179,C194,1,62,1.0,0.049180327868852514,0.020624008461131684,0.06555804013514306,0.02819438968262005,0.0,0.0,0
M027091,C180,C194,1,62,1.0,0.05573770491803276,0.02501322051824432,0.18394657006331527,0.058453611356641004,0.0,0.0,0
M027091,C181,C194,1,62,1.0,0.049180327868852514,0.020076301276724346,0.08211455974248573,0.03303978986918309,0.0,0.0,0
M027091,C182,C194,1,66,1.064516129032258,0.049823207971713274,0.03172515901541938,0.05467581007623374,0.03451409969905669,0.0,0.0,0
M027091,C183,C194,1,63,1.0161290322580645,0.049823207971713274,0.032756271907670165,0.05323234387198227,0.035116991577608385,0.0,0.0,3
M027091,C193,C194,1,62,1.0,0.048737261852015934,0.027677333600125763,0.054524904244758046,0.029096160424578774,0.0,0.0,2
M027091,C195,C194,1,65,1.0483870967741935,0.049180327868852514,0.03934426229508197,0.04909695456983303,0.03927756365586618,0.0,0.0,4
M027091,C197,C194,1,65,1.0483870967741935,0.04918032786885246,0.024738198366138494,0.05002288551832721,0.023638759712170786,0.0,0.0,6
M027091,C198,C194,1,63,1.0161290322580645,0.04775481111903068,0.02258765230967654,0.05247178868329541,0.024403934875479878,0.0,0.0,6
M027091,C199,C194,1,66,1.064516129032258,0.04989308624376332,0.025562107172941106,0.05002288551832721,0.025436686841380063,0.0,0.0,5
M027091,C202,C194,1,62,1.0,0.048009367681498855,0.02018962000453275,0.09610775043161655,0.03927844095438412,0.0,0.0,2
M027091,C006,C167,2,80,1.1111111111111112,0.04952294411631075,0.023267832803271243,0.05150447630914129,0.024002640621295958,0.0,0.1,10
M027091,C016,C167,2,100,1.2048192771084338,0.049982823771899665,0.031193747852971486,0.05087158942452678,0.030841866002367845,0.0,0.0,12
M027091,C035,C167,2,72,1.0,0.04841549295774648,0.020442097026604072,0.09260271812083601,0.033584399577865444,0.0,0.0,4
M027091,C036,C167,2,72,1.0,0.04929577464788737,0.02068661971830986,0.09260271812083595,0.028197322424398867,0.0,0.25,4
M027091,C052,C167,2,72,1.0,0.04976525821596245,0.020696400625978092,0.08624567327381806,0.033970939455551075,0.0,0.2,5
M027091,C106,C167,2,72,1.0,0.0495565988523735,0.024981162696342665,0.0669242339231468,0.02437445318794681,0.0,0.0,8
M027091,C110,C167,2,74,1.0277777777777777,0.048881524440762214,0.03052762787642655,0.05113652398604018,0.02866603539379182,0.0,0.25,4
M027091,C154,C167,2,72,1.0,0.04996646545942321,0.028229562560548475,0.06127425010585211,0.021447359403742303,0.0,0.25,4
M027091,C166,C167,2,88,1.2222222222222223,0.04225352112676062,0.025128040973111398,0.04201963948018052,0.024988952266622445,0.0,0.0,2
M027091,C192,C167,2,73,1.0138888888888888,0.0491054434716407,0.02465962006768489,0.05059445631983759,0.022106791052273027,0.0,0.0,4
M027118,C005,C194,1,84,1.3548387096774193,0.09644808743169397,0.050068306010928966,0.1091162797198052,0.05747556140175122,0.0,0.4,10
M027118,C008,C194,1,76,1.2258064516129032,0.09770491803278686,0.045189818809318376,0.10117708810034358,0.04586506822447434,0.0,0.0,5
M027118,C009,C194,1,63,1.0161290322580645,0.097647897362794,0.047234384369095696,0.1009559013457574,0.04254966052768019,0.0,0.0,0
M027118,C010,C194,1,63,1.0161290322580645,0.0969351389878832,0.03962031474504747,0.09588543059537931,0.037873976548729225,0.0,0.0,0
M027118,C017,C194,1,93,1.1204819277108433,0.09956017592962815,0.046132084800488395,0.10357298543411544,0.04999139251959621,0.0,0.0,0
M027118,C018,C194,1,62,1.0,0.09367681498829039,0.045906675732164906,0.10029621243365346,0.04218487383428139,0.0,0.0,0
M027118,C019,C194,1,63,1.0161290322580645,0.09914129586260734,0.053195048511207765,0.1038914170755063,0.05146551700415221,0.0,0.0,0
M027118,C025,C194,1,63,1.0161290322580645,0.09994711792702271,0.05281492113855942,0.11024560187669447,0.05979940374910756,0.0,0.0,2
M027118,C029,C194,1,74,1.1935483870967742,0.09925484351713854,0.049744230072098924,0.09749486307423483,0.04952979784898616,0.0,0.5,6
M027118,C030,C194,1,70,1.1290322580645162,0.06360655737704918,0.022149882903981264,0.06561474002303419,0.023848959510905918,0.0,0.0,5
M027118,C034,C194,1,62,1.0,0.09938524590163933,0.04326414595452142,0.13182676209160168,0.03862856594336819,0.0,0.0,0
M027118,C037,C194,1,70,1.1290322580645162,0.09836065573770492,0.028320100531216086,0.08672636537950223,0.02634670239680505,0.0,0.0,2
M027118,C038,C194,1,67,1.0806451612903225,0.09916033586565373,0.05245662928858308,0.09524802216786234,0.04956977365731908,0.0,0.0,0
M027118,C044,C194,1,70,1.1290322580645162,0.09836065573770492,0.04759736317113367,0.09605379254279067,0.0473273204269734,0.0,0.0,4
M027118,C045,C194,1,67,1.0806451612903225,0.041894353369763215,0.017644020335481056,0.04129176943405384,0.01614030408121308,0.0,0.0,0
M027118,C047,C194,1,64,1.032258064516129,0.09426229508196726,0.039203381147540975,0.10674069679624863,0.04030033791513836,0.0,0.125,8
M027118,C050,C194,1,62,1.0,0.09071038251366115,0.043257535695399266,0.07898255271250473,0.027279711667767013,0.0,0.0,1
M027118,C051,C194,1,62,1.0,0.09617486338797815,0.043451436629649225,0.1297056243702706,0.04820689811264265,0.0,0.0,4
M027118,C053,C194,1,62,1.0,0.09836065573770492,0.05720077560373699,0.054788364377598715,0.025971145973893352,0.0,0.0,0
M027118,C055,C194,1,88,1.2054794520547945,0.09927140255009104,0.050903502235469446,0.0977886854359691,0.050144462456845125,0.0,0.0,3
M027118,C061,C194,1,62,1.0,0.09989754098360656,0.042437863564251735,0.08668480310343743,0.037745852087495285,0.0,0.0,0
M027118,C062,C194,1,66,1.064516129032258,0.09989754098360656,0.06295019870839544,0.10494722767090335,0.06109683694147347,0.0,0.0,2
M027118,C063,C194,1,68,1.096774193548387,0.08497825359652056,0.03646704583472732,0.0880717215697333,0.03713271117365425,0.0,0.0,0
M027118,C064,C194,1,72,1.1612903225806452,0.09468049514887922,0.03498011226348463,0.0921472492902202,0.03505372588756561,0.0,0.0,4
M027118,C065,C194,1,74,1.1935483870967742,0.09969889595182335,0.052783630067002436,0.09950799722563769,0.05351195799948174,0.0,0.0,8
M027118,C086,C194,1,70,1.1290322580645162,0.09657875980042765,0.04449648711943795,0.09419877508441779,0.04250153860338977,0.0,0.0,4
M027118,C091,C194,1,67,1.0806451612903225,0.09496890898812882,0.04622731452966935,0.10336275109017197,0.04661345536018444,0.0,0.0,5
M027118,C092,C194,1,63,1.0161290322580645,0.09836065573770492,0.029538704496307654,0.0835235146964566,0.022883699877642813,0.0,0.0,0
M027118,C105,C194,1,66,1.064516129032258,0.09593199757134185,0.03648506927195452,0.1104499816496805,0.03968268640141871,0.0,0.0,2
M027118,C109,C194,1,74,1.1935483870967742,0.09900353584056573,0.053723926433666074,0.10110618363106427,0.054856586073006156,0.0,0.0,0
M027118,C125,C194,1,62,1.0,0.09962168978562422,0.05482447219623318,0.11651759920029464,0.06120837633093657,0.0,0.0,2
M027118,C129,C194,1,62,1.0,0.09836065573770492,0.038992752045291935,0.0820021652652088,0.03209775633096236,0.0,0.0,0
M027118,C130,C194,1,62,1.0,0.09932497589199613,0.06451612903225806,0.09431988081987216,0.048482555978729726,0.0,0.0,0
M027118,C136,C194,1,62,1.0,0.0942622950819672,0.03853781068217874,0.1794860761903715,0.06580218794028055,0.0,0.0,1
M027118,C137,C194,1,62,1.0,0.09631147540983609,0.040950555261766254,0.1794860761903715,0.08484228731461439,0.0,0.0,1
M027118,C138,C194,1,62,1.0,0.09914129586260734,0.039737100551484474,0.11469382123656492,0.04092178573475205,0.0,0.0,3
M027118,C139,C194,1,62,1.0,0.09992193598750976,0.03308906852005742,0.07138934108818902,0.022371482129365624,0.0,0.0,0
M027118,C141,C194,1,68,1.096774193548387,0.09836065573770492,0.0313350476802743,0.09144675745316576,0.031237406673694932,0.0,0.0,1
M027118,C150,C194,1,62,1.0,0.09836065573770492,0.04087784241142253,0.11853631785338903,0.045676948870764664,0.0,0.0,0
M027118,C151,C194,1,62,1.0,0.09836065573770492,0.04798166754803455,0.12425426908392669,0.052253233926388705,0.0,0.0,2
M027118,C152,C194,1,62,1.0,0.0961748633879782,0.0413185263528997,0.12806623657095176,0.05062837075467858,0.0,0.0,2
M027118,C153,C194,1,71,1.1451612903225807,0.09953161592505855,0.054106057107673355,0.09108039427179121,0.05048950774564214,0.0,0.0,0
M027118,C165,C194,1,86,1.1944444444444444,0.09859154929577464,0.03703693759967353,0.0956867204238702,0.03453007839299854,0.0,0.25,8
M027118,C166,C194,1,88,1.2222222222222223,0.09859154929577464,0.03991047627043934,0.0956867204238702,0.03814390828284069,0.0,0.0,0
M027118,C179,C194,1,62,1.0,0.09836065573770492,0.04417541739064744,0.053212225961160306,0.020873278585708133,0.0,0.0,0
M027118,C180,C194,1,62,1.0,0.09836065573770492,0.04719725013220517,0.21667787310987038,0.0717530585018153,0.0,0.0,0
M027118,C181,C194,1,62,1.0,0.08196721311475409,0.027026516582307175,0.08211455974248573,0.029535386110496203,0.0,0.0,0
M027118,C182,C194,1,73,1.1774193548387097,0.09900353584056573,0.05783278952721892,0.10377276464606654,0.06041724802381385,0.0,0.0,0
M027118,C183,C194,1,66,1.064516129032258,0.09868209578913532,0.06543253168132628,0.10232929844181507,0.06695480056543841,0.0,0.0,3
M027118,C193,C194,1,69,1.1129032258064515,0.09658839167035889,0.04697141903129073,0.10362185881459073,0.04836202169487406,0.0,0.0,2
M027118,C195,C194,1,68,1.096774193548387,0.09836065573770497,0.0703953712632594,0.09819390913966543,0.07027603301172132,0.0,0.0,4
M027118,C197,C194,1,78,1.2580645161290323,0.09978617248752675,0.050340844710053546,0.09804464882267058,0.048761164400221435,0.0,0.0,6
M027118,C198,C194,1,72,1.1612903225806452,0.0969351389878832,0.05066029143897996,0.1015687432531282,0.05216637576587598,0.0,0.16666666666666666,6
M027118,C199,C194,1,75,1.2096774193548387,0.09622238061297222,0.04558327393680209,0.09911984008816001,0.04584092566197584,0.0,0.2,5
M027118,C202,C194,1,62,1.0,0.09953161592505855,0.05189997733625445,0.14996453593985876,0.0492737059295527,0.0,0.0,2
M027118,C006,C167,2,88,1.2222222222222223,0.09972739663789182,0.042880818636157114,0.09698247449691808,0.042674425984826174,0.0,0.0,10
M027118,C016,C167,2,108,1.3012048192771084,0.09996564754379944,0.06200936422509766,0.10021666443571932,0.06108377249528438,0.0,0.0,12
M027118,C035,C167,2,72,1.0,0.09771126760563381,0.03757091158059468,0.1268564747627365,0.048190682560604214,0.0,0.25,4
M027118,C036,C167,2,72,1.0,0.0994718309859155,0.048183196400625974,0.0968844377010735,0.039266224046267985,0.0,0.25,4
M027118,C052,C167,2,72,1.0,0.09859154929577463,0.0498435054773083,0.1372952036015515,0.04389819304979012,0.0,0.2,5
M027118,C106,C167,2,73,1.0138888888888888,0.09806990088680229,0.046698251405949645,0.10894387340332719,0.04593056302429706,0.0,0.0,8
M027118,C110,C167,2,82,1.1388888888888888,0.09997238331952496,0.0632421982877658,0.09726977025827074,0.060789585754638026,0.0,0.25,4
M027118,C154,C167,2,79,1.0972222222222223,0.09926224010731055,0.06256950988632215,0.09907580952596524,0.05534599626709949,0.0,0.25,4
M027118,C192,C167,2,73,1.0138888888888888,0.0913589645984012,0.03854075955175705,0.09261409580001793,0.03714010608330337,0.0,0.0,4
M027541,C005,C010,1,62,1.0,0.02868852459016391,0.011953551912568305,0.043472658836764246,0.01706207187136908,0.0,0.2,10
M027541,C009,C010,1,26,1.04,0.04166666666666674,0.038461538461538464,0.041345032542941945,0.03687134490219453,0.9230769230769231,0.0,0
M027541,C018,C010,1,25,1.0,0.041666666666666664,0.02,0.04024089638956834,0.01896230669791332,0.0,0.0,0
M027541,C019,C010,1,25,1.0,0.041666666666666685,0.02,0.04244916869631532,0.019613720121626578,0.0,0.0,0
M027541,C036,C010,1,25,1.0,0.041666666666666685,0.01916666666666667,0.043946403495513514,0.018294286855864678,0.0,0.0,2
M027541,C045,C010,1,55,1.0,0.02777777777777779,0.011784511784511783,0.04389404626638539,0.018393385577382668,0.0,0.0,0
M027541,C063,C010,1,51,1.0,0.030000000000000027,0.012549019607843137,0.05078313384281459,0.029136967771072764,0.0,0.0,0
M027541,C105,C010,1,30,1.0344827586206897,0.03571428571428571,0.01904761904761904,0.039780661787512966,0.014322615573906352,0.0,0.0,2
M027541,C109,C010,1,53,1.0,0.028846153846153855,0.012336719883889699,0.0505827808991347,0.02925455916680179,0.0,0.0,0
M027541,C110,C010,1,53,1.0,0.028846153846153855,0.012518142235123373,0.047503531447070334,0.014085422221869984,0.0,0.0,2
M027541,C153,C010,1,43,1.0,0.029761904761904767,0.013289036544850502,0.05424166775669655,0.031733231923586895,0.0,0.0,0
M027541,C154,C010,1,43,1.0,0.029761904761904767,0.012735326688815059,0.035788109422188304,0.013557991867034474,0.0,0.0,2
M027541,C194,C010,1,62,1.0,0.02868852459016391,0.011656090252071215,0.05974916670299189,0.025698051257764618,0.0,0.0,0
M027541,C006,C129,2,64,1.0,0.031746031746031744,0.014508928571428575,0.07039892011518956,0.04101658000135081,0.0,0.2222222222222222,9
M027541,C008,C129,2,51,1.0,0.0377777777777778,0.01572984749455338,0.07858308318789468,0.030863512159968177,0.0392156862745098,0.2,5
M027541,C025,C129,2,32,1.0,0.043010752688172005,0.01730510752688172,0.07657514163542976,0.03973607610075827,0.0,0.5,2
M027541,C029,C129,2,57,1.0,0.03571428571428571,0.015176830966304651,0.07450585297473496,0.03284271331424822,0.0,0.14285714285714285,7
M027541,C030,C129,2,52,1.0,0.03594771241830065,0.015334338863750628,0.07345169680742146,0.04194662330745858,0.0,0.4,5
M027541,C034,C129,2,19,1.0,0.05555555555555558,0.02631578947368421,0.07110207559278243,0.0395779210896762,0.0,0.0,0
M027541,C035,C129,2,19,1.0,0.05555555555555555,0.021929824561403497,0.062416650563834386,0.03332150460272899,0.0,0.0,2
M027541,C044,C129,2,55,1.0,0.03703703703703709,0.01818181818181818,0.0793894473205657,0.03546187430327045,0.32727272727272727,0.0,4
M027541,C047,C129,2,23,1.0454545454545454,0.04761904761904767,0.023119392684610076,0.05593315061031926,0.022984387123968195,0.0,0.125,8
M027541,C050,C129,2,19,1.0,0.05555555555555558,0.023976608187134506,0.06603516531841229,0.029632988105775953,0.0,0.0,1
M027541,C051,C129,2,19,1.0,0.05555555555555558,0.026315789473684223,0.0560530880324155,0.023685652779244504,0.0,0.0,4
M027541,C052,C129,2,19,1.0,0.05555555555555558,0.020467836257309947,0.05605308803241561,0.021125992083790252,0.0,0.0,3
M027541,C053,C129,2,19,1.0,0.05555555555555558,0.023976608187134506,0.06603516531841218,0.029632988105775936,0.0,0.0,0
M027541,C064,C129,2,51,1.0,0.0377777777777778,0.015991285403050115,0.0707303641399034,0.037856730123584946,0.0392156862745098,0.0,4
M027541,C065,C129,2,51,1.0,0.0377777777777778,0.016339869281045756,0.0707303641399034,0.03790814183894378,0.0392156862745098,0.125,8
M027541,C086,C129,2,47,1.0,0.03864734299516914,0.016188714153561514,0.09667848867983349,0.05310894913939904,0.0425531914893617,0.25,4
M027541,C106,C129,2,29,1.0,0.04365079365079361,0.018062397372742203,0.06574977367757219,0.03196578762749254,0.0,0.16666666666666666,6
M027541,C125,C129,2,27,1.0,0.047008547008547064,0.018993352326685663,0.04765554400056627,0.018039590705067634,0.07407407407407407,0.0,2
M027541,C130,C129,2,20,1.0526315789473684,0.05555555555555558,0.05,0.05509324411152466,0.04724533779442376,0.9,0.0,0
M027541,C136,C129,2,19,1.0,0.08333333333333337,0.0402046783625731,0.11754419155056511,0.04491457406353123,0.0,0.0,1
M027541,C137,C129,2,19,1.0,0.08333333333333337,0.032163742690058485,0.07226121854239512,0.03285982231644072,0.0,0.0,1
M027541,C138,C129,2,22,1.0,0.04761904761904767,0.022727272727272717,0.036880329706193885,0.016163675092521618,0.0,0.0,3
M027541,C139,C129,2,23,1.0454545454545454,0.04761904761904767,0.02242926155969635,0.08234690419672945,0.042559020256047624,0.0,0.0,0
M027541,C150,C129,2,19,1.0,0.05555555555555558,0.02280701754385965,0.07195934387966924,0.032735820668909586,0.0,0.0,0
M027541,C151,C129,2,19,1.0,0.05555555555555558,0.026315789473684223,0.05928445815673754,0.02385572489105093,0.0,0.0,2
M027541,C152,C129,2,19,1.0,0.05555555555555558,0.022807017543859654,0.05928445815673754,0.020498914208744178,0.0,0.0,2
M027541,C166,C129,2,73,1.0,0.02777777777777779,0.0136986301369863,0.06877438069502932,0.042894610372326475,0.0,0.0,0
M027541,C179,C129,2,19,1.0,0.06349206349206352,0.03007518796992481,0.0721077544775333,0.03169088798811778,0.10526315789473684,0.0,0
M027541,C180,C129,2,19,1.0,0.07777777777777783,0.030994152046783633,0.23620886887096976,0.08495814370579657,0.10526315789473684,0.0,0
M027541,C181,C129,2,19,1.0,0.06349206349206352,0.023391812865497068,0.057450479993799444,0.02539533894853111,0.05263157894736842,0.0,0
M027541,C182,C129,2,53,1.0,0.03632478632478636,0.015320109659732305,0.07205673983773336,0.03655023302191039,0.0,0.0,0
M027541,C183,C129,2,53,1.0,0.03632478632478631,0.014916948879213032,0.055104134682568535,0.027037765040848528,0.0,0.3333333333333333,3
M027541,C192,C129,2,39,1.0,0.040935672514619936,0.016569200779727095,0.06921352676867867,0.02802053627185333,0.05128205128205128,0.0,2
M027541,C193,C129,2,39,1.0,0.040935672514619936,0.016719148298095666,0.06633994713330524,0.032581121002099395,0.05128205128205128,0.0,2
M027541,C195,C129,2,62,1.0,0.03551912568306009,0.014439743815735354,0.07521168612351752,0.038693360331817854,0.0,0.25,4
M027541,C197,C129,2,48,1.0,0.03782505910165479,0.016277580772261626,0.07135694398151399,0.029919654975936863,0.0,0.0,6
M027541,C198,C129,2,48,1.0,0.03782505910165479,0.015785066981875494,0.07135694398151411,0.027624103137956713,0.0,0.0,7
M027541,C199,C129,2,48,1.0,0.037825059101654845,0.016228329393223013,0.07135694398151422,0.025476271443876625,0.0,0.0,5
M027541,C202,C129,2,19,1.0,0.06349206349206349,0.03007518796992481,0.07056948431801692,0.03482154698805299,0.10526315789473684,0.0,2
M028351,C005,C010,1,62,1.0,0.02868852459016391,0.011953551912568305,0.043472658836764246,0.01706207187136908,0.0,0.0,0
M028351,C009,C010,1,26,1.04,0.04166666666666674,0.038461538461538464,0.041345032542941945,0.03687134490219453,0.9230769230769231,0.0,0
M028351,C018,C010,1,25,1.0,0.041666666666666664,0.02,0.04024089638956834,0.01896230669791332,0.0,0.0,0
M028351,C019,C010,1,25,1.0,0.041666666666666685,0.02,0.04244916869631532,0.019613720121626578,0.0,0.0,0
M028351,C036,C010,1,25,1.0,0.041666666666666685,0.018333333333333333,0.04390684596719858,0.01715601284126354,0.0,0.0,0
M028351,C045,C010,1,55,1.0,0.02777777777777779,0.011784511784511783,0.04389404626638539,0.018393385577382668,0.0,0.0,0
M028351,C063,C010,1,51,1.0,0.030000000000000027,0.012549019607843137,0.05078313384281459,0.029136967771072764,0.0,0.0,0
M028351,C105,C010,1,30,1.0344827586206897,0.03571428571428571,0.01904761904761904,0.039780661787512966,0.014322615573906352,0.0,0.0,0
M028351,C109,C010,1,53,1.0,0.028846153846153855,0.012336719883889699,0.0505827808991347,0.02925455916680179,0.0,0.0,0
M028351,C110,C010,1,53,1.0,0.028846153846153855,0.012518142235123373,0.047503531447070334,0.014085422221869984,0.0,0.0,0
M028351,C153,C010,1,43,1.0,0.029761904761904767,0.013289036544850502,0.05424166775669655,0.031733231923586895,0.0,0.0,0
M028351,C154,C010,1,43,1.0,0.029761904761904767,0.012735326688815059,0.035788109422188304,0.013557991867034474,0.0,0.0,0
M028351,C194,C010,1,62,1.0,0.02868852459016391,0.011656090252071215,0.05974916670299189,0.025698051257764618,0.0,0.0,0
M028351,C006,C181,2,64,1.0,0.039682539682539764,0.01822916666666667,0.08970339519855065,0.04113059324717537,0.0,0.0,0
M028351,C008,C181,2,51,1.0,0.04571428571428571,0.018991596638655458,0.08702785799943155,0.04471416957100354,0.0392156862745098,0.0,0
M028351,C025,C181,2,32,1.0,0.05069124423963134,0.02080933179723502,0.07949456370415549,0.041432240887262724,0.0,0.0,0
M028351,C029,C181,2,57,1.0,0.03571428571428581,0.017543859649122806,0.08420751373707484,0.03229555369683123,0.0,0.0,0
M028351,C030,C181,2,52,1.0,0.04481792717086834,0.0188267614738203,0.08940674850337696,0.04262373593946878,0.0,0.0,0
M028351,C034,C181,2,17,1.0,0.0625,0.02941176470588235,0.07308755222498178,0.03913733369293523,0.0,0.0,0
M028351,C035,C181,2,17,1.0,0.0625,0.02941176470588235,0.07308755222498178,0.03913733369293523,0.0,0.0,0
M028351,C044,C181,2,55,1.0,0.044973544973545,0.01885521885521885,0.08242918199492232,0.030563996558540918,0.03636363636363636,0.0,0
M028351,C047,C181,2,22,1.0,0.04761904761904767,0.02272727272727272,0.06440731988935579,0.027135018403146416,0.0,0.0,0
M028351,C050,C181,2,16,1.0,0.06666666666666665,0.031249999999999997,0.0623899244848767,0.031637016967945276,0.0,0.0,0
M028351,C051,C181,2,16,1.0,0.06666666666666667,0.03125,0.05965905429913883,0.02713429213835853,0.0,0.0,0
M028351,C052,C181,2,16,1.0,0.047619047619047616,0.019345238095238092,0.04183336158917399,0.01779005753543781,0.0,0.0,0
M028351,C053,C181,2,16,1.0,0.06666666666666665,0.031249999999999997,0.06238992448487681,0.03163701696794527,0.0,0.0,0
M028351,C064,C181,2,51,1.0,0.04571428571428571,0.019271708683473384,0.0863996549834749,0.04102718524198528,0.0392156862745098,0.0,0
M028351,C065,C181,2,51,1.0,0.04571428571428571,0.019271708683473384,0.08639965498347485,0.04102718524198526,0.0392156862745098,0.0,0
M028351,C086,C181,2,47,1.0,0.04658385093167705,0.019558609752874323,0.09314263485642131,0.056728664990694865,0.0425531914893617,0.0,0
M028351,C106,C181,2,29,1.0,0.03571428571428581,0.017241379310344824,0.06658823691986554,0.03478440227140685,0.0,0.0,0
M028351,C125,C181,2,27,1.0,0.05494505494505497,0.02177452177452177,0.08286525848478606,0.025719612639878785,0.07407407407407407,0.0,0
M028351,C129,C181,2,19,1.0,0.06349206349206352,0.023391812865497068,0.057450479993799444,0.02539533894853111,0.05263157894736842,0.0,0
M028351,C130,C181,2,19,1.0,0.06349206349206349,0.03007518796992481,0.0673932827129839,0.026588869546128917,0.10526315789473684,0.0,0
M028351,C136,C181,2,15,1.0,0.08928571428571427,0.03333333333333333,0.05889416116659645,0.028732920930675934,0.0,0.0,0
M028351,C137,C181,2,15,1.0,0.0892857142857143,0.0380952380952381,0.08813431068953279,0.03822184854218124,0.0,0.0,0
M028351,C138,C181,2,22,1.0,0.04761904761904767,0.022727272727272728,0.05067511934698614,0.018721451351895665,0.0,0.0,0
M028351,C139,C181,2,22,1.0,0.04761904761904767,0.021645021645021648,0.07303636767393604,0.04182500873239609,0.0,0.0,0
M028351,C150,C181,2,16,1.0,0.06666666666666665,0.031249999999999997,0.06992978810829471,0.035676229623347766,0.0,0.0,0
M028351,C151,C181,2,16,1.0,0.05238095238095239,0.02142857142857143,0.04359697632973041,0.01688837126587281,0.0,0.0,0
M028351,C152,C181,2,16,1.0,0.038095238095238126,0.01696428571428571,0.0349648940541473,0.015269855839200997,0.0,0.0,0
M028351,C166,C181,2,73,1.0,0.041666666666666685,0.018264840182648404,0.0819276579375496,0.0429407267505903,0.0,0.0,0
M028351,C179,C181,2,16,1.0666666666666667,0.07142857142857151,0.0625,0.06857190065412136,0.05821425620911735,0.875,0.0,0
M028351,C180,C181,2,15,1.0,0.08571428571428574,0.03428571428571429,0.20571570196236397,0.06400044061051326,0.13333333333333333,0.0,0
M028351,C182,C181,2,53,1.0,0.04395604395604402,0.018764254613311215,0.08358440783468646,0.04131798889733884,0.0,0.0,0
M028351,C183,C181,2,53,1.0,0.04395604395604402,0.018556914783329877,0.08358440783468653,0.029891692752731208,0.0,0.0,0
M028351,C192,C181,2,39,1.0,0.048872180451127845,0.020724889145941783,0.08492413683209164,0.02885666842489994,0.05128205128205128,0.0,0
M028351,C193,C181,2,39,1.0,0.048872180451127845,0.020435704646230967,0.08492413683209164,0.03975845816880592,0.05128205128205128,0.0,0
M028351,C195,C181,2,62,1.0,0.043325526932084316,0.018584271360580197,0.08875670453404909,0.033324067280895917,0.0,0.0,0
M028351,C197,C181,2,48,1.0,0.045592705167173286,0.01877532928064843,0.07909694012123188,0.027057156664765065,0.0,0.0,0
M028351,C198,C181,2,48,1.0,0.045592705167173286,0.018743667679837893,0.07383442038767656,0.025628575401137554,0.0,0.0,0
M028351,C199,C181,2,48,1.0,0.045592705167173286,0.018743667679837893,0.07383442038767658,0.025628575401137565,0.0,0.0,0
M028351,C202,C181,2,17,1.1333333333333333,0.07142857142857151,0.058823529411764705,0.07047762161714116,0.05131474997013311,0.8235294117647058,0.0,0
M028522,C005,C009,1,62,1.0,0.02868852459016391,0.012052705799400674,0.03984993726703391,0.013330835711563507,0.0,0.3,10
M028522,C010,C009,1,26,1.04,0.04166666666666674,0.004807692307692308,0.041345032542941834,0.004770580678031787,0.11538461538461539,0.0,0
M028522,C018,C009,1,26,1.04,0.041666666666666685,0.01617132867132867,0.042449168696315265,0.016683646950741753,0.0,0.0,0
M028522,C019,C009,1,26,1.04,0.041666666666666685,0.01660839160839161,0.042449168696315265,0.016726113725871482,0.0,0.0,0
M028522,C036,C009,1,25,1.0,0.041666666666666685,0.01916666666666667,0.059396399097683565,0.02283788910747365,0.0,0.0,2
M028522,C063,C009,1,51,1.0,0.030000000000000027,0.013366013071895428,0.04977332861274544,0.019772170251408122,0.0,0.0,0
M028522,C109,C009,1,53,1.0,0.028846153846153855,0.012397194000967593,0.05058278089913464,0.020982885717141585,0.0,0.0,0
M028522,C110,C009,1,53,1.0,0.028846153846153855,0.012276245766811807,0.05058278089913464,0.020800104236461496,0.0,0.0,2
M028522,C153,C009,1,43,1.0,0.029761904761904767,0.013012181616832777,0.05424166775669678,0.020325188624449184,0.0,0.0,0
M028522,C154,C009,1,43,1.0,0.029761904761904767,0.01232004429678848,0.054241667756696664,0.022258800033921066,0.0,0.0,2
M028522,C006,C129,2,64,1.0,0.031746031746031744,0.014632936507936508,0.07039892011518956,0.03671242030513796,0.0,0.1111111111111111,9
M028522,C008,C129,2,51,1.0,0.0377777777777778,0.016209150326797393,0.07858308318789468,0.034104291225351975,0.0392156862745098,0.0,5
M028522,C025,C129,2,32,1.0,0.043010752688172116,0.01842517921146954,0.07657514163542976,0.031571053929794486,0.0,0.5,2
M028522,C029,C129,2,57,1.0,0.03571428571428571,0.015664160401002505,0.07450585297473496,0.03395525454414441,0.0,0.0,7
M028522,C030,C129,2,52,1.0,0.03594771241830064,0.014894419306184011,0.0683556044520844,0.032411254134310105,0.0,0.2,5
M028522,C034,C129,2,19,1.0,0.05555555555555558,0.020833333333333332,0.07110207559278243,0.03307943253435881,0.0,0.0,0
M028522,C035,C129,2,19,1.0,0.04166666666666663,0.016447368421052624,0.062416650563834386,0.026823016047411597,0.0,0.0,2
M028522,C044,C129,2,55,1.0,0.03703703703703709,0.018181818181818184,0.0793894473205657,0.03776786885250984,0.32727272727272727,0.0,4
M028522,C045,C129,2,55,1.0,0.03703703703703709,0.017845117845117844,0.07976807211876993,0.04047035104068179,0.3090909090909091,0.0,0
M028522,C047,C129,2,23,1.0454545454545454,0.047619047619047616,0.024154589371980676,0.056773057109113984,0.026366708701196874,0.0,0.0,8
M028522,C050,C129,2,19,1.0,0.05555555555555558,0.020467836257309944,0.06603516531841229,0.02512689958928548,0.0,0.0,1
M028522,C051,C129,2,20,1.0526315789473684,0.05555555555555558,0.029999999999999992,0.0560530880324155,0.023307609084703737,0.0,0.0,4
M028522,C052,C129,2,19,1.0,0.05555555555555558,0.02631578947368421,0.06603516531841229,0.03322975080247493,0.0,0.0,3
M028522,C053,C129,2,19,1.0,0.0444444444444444,0.01695906432748538,0.047990698588200965,0.021004764403849838,0.0,0.0,0
M028522,C064,C129,2,51,1.0,0.0377777777777778,0.015904139433551203,0.0707303641399034,0.030234566990121652,0.0392156862745098,0.25,4
M028522,C065,C129,2,51,1.0,0.0377777777777778,0.016122004357298478,0.0707303641399034,0.03250684339663746,0.0392156862745098,0.125,8
M028522,C086,C129,2,47,1.0,0.03864734299516914,0.016085928666872237,0.09667848867983349,0.04373137567360763,0.0425531914893617,0.25,4
M028522,C105,C129,2,29,1.0,0.039682539682539764,0.016694033935413254,0.06139663203708886,0.022506618829824764,0.0,0.0,2
M028522,C106,C129,2,29,1.0,0.04365079365079366,0.017788724685276407,0.0570434903966053,0.01955843731903182,0.0,0.0,6
M028522,C125,C129,2,27,1.0,0.04700854700854701,0.018043684710351365,0.06808598651300714,0.02754019290790715,0.037037037037037035,0.0,2
M028522,C130,C129,2,21,1.105263157894737,0.05555555555555558,0.023809523809523808,0.05509324411152466,0.023611390333510507,0.42857142857142855,0.0,0
M028522,C136,C129,2,19,1.0,0.08333333333333337,0.04093567251461988,0.11754419155056511,0.05084294543189374,0.0,0.0,1
M028522,C137,C129,2,19,1.0,0.08333333333333337,0.03508771929824562,0.11754419155056489,0.044716565053165735,0.0,0.0,1
M028522,C138,C129,2,23,1.0454545454545454,0.04761904761904767,0.024154589371980662,0.08234690419672945,0.021018014379249595,0.0,0.0,3
M028522,C139,C129,2,23,1.0454545454545454,0.047619047619047616,0.020703933747411998,0.08234690419672945,0.02971139652367963,0.0,0.0,0
M028522,C150,C129,2,20,1.0526315789473684,0.05555555555555558,0.02333333333333334,0.07195934387966924,0.024781835491456804,0.0,0.0,0
M028522,C151,C129,2,20,1.0526315789473684,0.05555555555555558,0.020555555555555566,0.05499200052423207,0.019693653559296916,0.0,0.0,2
M028522,C152,C129,2,19,1.0,0.05555555555555558,0.021637426900584806,0.05080078647901896,0.018949454108545042,0.0,0.0,2
M028522,C166,C129,2,73,1.0,0.02777777777777779,0.0136986301369863,0.06877438069502932,0.03987580247580458,0.0,0.0,0
M028522,C179,C129,2,19,1.0,0.06349206349206349,0.025898078529657472,0.058629097934936605,0.02452688362348244,0.05263157894736842,0.0,0
M028522,C180,C129,2,19,1.0,0.07777777777777778,0.03157894736842106,0.23620886887096976,0.07375880635794459,0.05263157894736842,0.0,0
M028522,C181,C129,2,19,1.0,0.05555555555555558,0.022138680033416874,0.057450479993799444,0.02033624989138527,0.0,0.0,0
M028522,C182,C129,2,53,1.0,0.03632478632478636,0.01580390259635543,0.07205673983773336,0.03535372641617298,0.0,0.0,0
M028522,C183,C129,2,53,1.0,0.03632478632478631,0.014836316723109182,0.07205673983773336,0.031352757162332615,0.0,0.0,3
M028522,C192,C129,2,39,1.0,0.040935672514619936,0.017168990853201376,0.06921352676867867,0.025797392166708868,0.05128205128205128,0.0,2
M028522,C193,C129,2,39,1.0,0.040935672514619936,0.01664417453891138,0.06633994713330524,0.02850324043737121,0.05128205128205128,0.0,2
M028522,C194,C129,2,62,1.0,0.03551912568306004,0.0148216698983489,0.07775703046456936,0.041493381917739366,0.0,0.0,0
M028522,C195,C129,2,62,1.0,0.03551912568306009,0.014718843645337562,0.07648435829404333,0.04060478120626314,0.0,0.0,4
M028522,C197,C129,2,48,1.0,0.03782505910165479,0.016671591804570528,0.07135694398151399,0.03440993725390697,0.0,0.0,6
M028522,C198,C129,2,48,1.0,0.03782505910165479,0.015514184397163122,0.07135694398151411,0.02779044602329778,0.0,0.0,7
M028522,C199,C129,2,48,1.0,0.037825059101654845,0.015932821118991334,0.07135694398151422,0.026790390248207795,0.0,0.0,5
M028522,C202,C129,2,19,1.0,0.06349206349206349,0.025898078529657476,0.06512011094646052,0.028878853571798934,0.05263157894736842,0.0,2
M028675,C005,C010,1,62,1.0,0.02868852459016391,0.011953551912568305,0.043472658836764246,0.01706207187136908,0.0,0.2,10
M028675,C009,C010,1,26,1.04,0.04166666666666674,0.038461538461538464,0.041345032542941945,0.03687134490219453,0.9230769230769231,0.0,0
M028675,C018,C010,1,25,1.0,0.041666666666666664,0.02,0.04024089638956834,0.01896230669791332,0.0,0.0,0
M028675,C019,C010,1,25,1.0,0.041666666666666685,0.02,0.04244916869631532,0.019613720121626578,0.0,0.0,0
M028675,C036,C010,1,25,1.0,0.041666666666666685,0.01916666666666667,0.043946403495513514,0.018294286855864678,0.0,0.0,2
M028675,C045,C010,1,55,1.0,0.02777777777777779,0.011784511784511783,0.04389404626638539,0.018393385577382668,0.0,0.0,0
M028675,C063,C010,1,51,1.0,0.030000000000000027,0.012549019607843137,0.05078313384281459,0.029136967771072764,0.0,0.0,0
M028675,C105,C010,1,30,1.0344827586206897,0.03571428571428571,0.01904761904761904,0.039780661787512966,0.014322615573906352,0.0,0.0,2
M028675,C109,C010,1,53,1.0,0.028846153846153855,0.012336719883889699,0.0505827808991347,0.02925455916680179,0.0,0.0,0
M028675,C110,C010,1,53,1.0,0.028846153846153855,0.012518142235123373,0.047503531447070334,0.014085422221869984,0.0,0.0,2
M028675,C153,C010,1,43,1.0,0.029761904761904767,0.013289036544850502,0.05424166775669655,0.031733231923586895,0.0,0.0,0
M028675,C154,C010,1,43,1.0,0.029761904761904767,0.012735326688815059,0.035788109422188304,0.013557991867034474,0.0,0.0,2
M028675,C194,C010,1,62,1.0,0.02868852459016391,0.011656090252071215,0.05974916670299189,0.025698051257764618,0.0,0.0,0
M028675,C006,C181,2,64,1.0,0.039682539682539764,0.01822916666666667,0.08970339519855065,0.04113059324717537,0.0,0.1111111111111111,9
M028675,C008,C181,2,51,1.0,0.04571428571428571,0.018991596638655458,0.08702785799943155,0.04471416957100354,0.0392156862745098,0.2,5
M028675,C025,C181,2,32,1.0,0.05069124423963134,0.02080933179723502,0.07949456370415549,0.041432240887262724,0.0,0.0,2
M028675,C029,C181,2,57,1.0,0.03571428571428581,0.017543859649122806,0.08420751373707484,0.03229555369683123,0.0,0.14285714285714285,7
M028675,C030,C181,2,52,1.0,0.04481792717086834,0.0188267614738203,0.08940674850337696,0.04262373593946878,0.0,0.2,5
M028675,C034,C181,2,17,1.0,0.0625,0.02941176470588235,0.07308755222498178,0.03913733369293523,0.0,0.0,0
M028675,C035,C181,2,17,1.0,0.0625,0.02941176470588235,0.07308755222498178,0.03913733369293523,0.0,0.0,2
M028675,C044,C181,2,55,1.0,0.044973544973545,0.01885521885521885,0.08242918199492232,0.030563996558540918,0.03636363636363636,0.25,4
M028675,C047,C181,2,22,1.0,0.04761904761904767,0.02272727272727272,0.06440731988935579,0.027135018403146416,0.0,0.25,8
M028675,C050,C181,2,16,1.0,0.06666666666666665,0.031249999999999997,0.0623899244848767,0.031637016967945276,0.0,0.0,1
M028675,C051,C181,2,16,1.0,0.06666666666666667,0.03125,0.05965905429913883,0.02713429213835853,0.0,0.0,4
M028675,C052,C181,2,16,1.0,0.047619047619047616,0.019345238095238092,0.04183336158917399,0.01779005753543781,0.0,0.0,3
M028675,C053,C181,2,16,1.0,0.06666666666666665,0.031249999999999997,0.06238992448487681,0.03163701696794527,0.0,0.0,0
M028675,C064,C181,2,51,1.0,0.04571428571428571,0.019271708683473384,0.0863996549834749,0.04102718524198528,0.0392156862745098,0.25,4
M028675,C065,C181,2,51,1.0,0.04571428571428571,0.019271708683473384,0.08639965498347485,0.04102718524198526,0.0392156862745098,0.125,8
M028675,C086,C181,2,47,1.0,0.04658385093167705,0.019558609752874323,0.09314263485642131,0.056728664990694865,0.0425531914893617,0.25,4
M028675,C106,C181,2,29,1.0,0.03571428571428581,0.017241379310344824,0.06658823691986554,0.03478440227140685,0.0,0.16666666666666666,6
M028675,C125,C181,2,27,1.0,0.05494505494505497,0.02177452177452177,0.08286525848478606,0.025719612639878785,0.07407407407407407,0.0,2
M028675,C129,C181,2,19,1.0,0.06349206349206352,0.023391812865497068,0.057450479993799444,0.02539533894853111,0.05263157894736842,0.0,0
M028675,C130,C181,2,19,1.0,0.06349206349206349,0.03007518796992481,0.0673932827129839,0.026588869546128917,0.10526315789473684,0.0,0
M028675,C136,C181,2,15,1.0,0.07142857142857142,0.029761904761904767,0.06362956538017803,0.02970759258144048,0.0,0.0,1
M028675,C137,C181,2,15,1.0,0.0892857142857143,0.0380952380952381,0.08813431068953279,0.03822184854218124,0.0,0.0,1
M028675,C138,C181,2,22,1.0,0.04761904761904767,0.022727272727272728,0.05067511934698614,0.018721451351895665,0.0,0.3333333333333333,3
M028675,C139,C181,2,22,1.0,0.04761904761904767,0.021645021645021648,0.07303636767393604,0.04182500873239609,0.0,0.0,0
M028675,C150,C181,2,16,1.0,0.06666666666666665,0.031249999999999997,0.06992978810829471,0.035676229623347766,0.0,0.0,0
M028675,C151,C181,2,16,1.0,0.05238095238095239,0.02142857142857143,0.04359697632973041,0.01688837126587281,0.0,0.0,2
M028675,C152,C181,2,16,1.0,0.038095238095238126,0.01696428571428571,0.0349648940541473,0.015269855839200997,0.0,0.0,2
M028675,C166,C181,2,73,1.0,0.041666666666666685,0.018264840182648404,0.0819276579375496,0.0429407267505903,0.0,0.0,0
M028675,C179,C181,2,16,1.0666666666666667,0.07142857142857151,0.0625,0.06857190065412136,0.05821425620911735,0.875,0.0,0
M028675,C180,C181,2,15,1.0,0.08571428571428574,0.03428571428571429,0.20571570196236397,0.06400044061051326,0.13333333333333333,0.0,0
M028675,C182,C181,2,53,1.0,0.04395604395604402,0.018764254613311215,0.08358440783468646,0.04131798889733884,0.0,0.0,0
M028675,C183,C181,2,53,1.0,0.04395604395604402,0.018556914783329877,0.08358440783468653,0.029891692752731208,0.0,0.3333333333333333,3
M028675,C192,C181,2,39,1.0,0.048872180451127845,0.020724889145941783,0.08492413683209164,0.02885666842489994,0.05128205128205128,0.0,2
M028675,C193,C181,2,39,1.0,0.048872180451127845,0.020435704646230967,0.08492413683209164,0.03975845816880592,0.05128205128205128,0.0,2
M028675,C195,C181,2,62,1.0,0.043325526932084316,0.018584271360580197,0.08875670453404909,0.033324067280895917,0.0,0.25,4
M028675,C197,C181,2,48,1.0,0.045592705167173286,0.01877532928064843,0.07909694012123188,0.027057156664765065,0.0,0.0,6
M028675,C198,C181,2,48,1.0,0.045592705167173286,0.018743667679837893,0.07383442038767656,0.025628575401137554,0.0,0.0,7
M028675,C199,C181,2,48,1.0,0.045592705167173286,0.018743667679837893,0.07383442038767658,0.025628575401137565,0.0,0.0,5
M028675,C202,C181,2,17,1.1333333333333333,0.07142857142857151,0.058823529411764705,0.07047762161714116,0.05131474997013311,0.8235294117647058,0.0,2
M028837,C005,C010,1,62,1.0,0.02868852459016391,0.011953551912568305,0.043472658836764246,0.01706207187136908,0.0,0.2,10
M028837,C009,C010,1,26,1.04,0.04166666666666674,0.038461538461538464,0.041345032542941945,0.03687134490219453,0.9230769230769231,0.0,0
M028837,C018,C010,1,25,1.0,0.041666666666666664,0.02,0.04024089638956834,0.01896230669791332,0.0,0.0,0
M028837,C019,C010,1,25,1.0,0.041666666666666685,0.02,0.04244916869631532,0.019613720121626578,0.0,0.0,0
M028837,C036,C010,1,25,1.0,0.041666666666666685,0.01916666666666667,0.043946403495513514,0.018294286855864678,0.0,0.0,2
M028837,C045,C010,1,55,1.0,0.02777777777777779,0.011784511784511783,0.04389404626638539,0.018393385577382668,0.0,0.0,0
M028837,C063,C010,1,51,1.0,0.030000000000000027,0.012549019607843137,0.05078313384281459,0.029136967771072764,0.0,0.0,0
M028837,C105,C010,1,30,1.0344827586206897,0.03571428571428571,0.01904761904761904,0.039780661787512966,0.014322615573906352,0.0,0.0,2
M028837,C109,C010,1,53,1.0,0.028846153846153855,0.012336719883889699,0.0505827808991347,0.02925455916680179,0.0,0.0,0
M028837,C110,C010,1,53,1.0,0.028846153846153855,0.012518142235123373,0.047503531447070334,0.014085422221869984,0.0,0.0,2
M028837,C153,C010,1,43,1.0,0.029761904761904767,0.013289036544850502,0.05424166775669655,0.031733231923586895,0.0,0.0,0
M028837,C154,C010,1,43,1.0,0.029761904761904767,0.012735326688815059,0.035788109422188304,0.013557991867034474,0.0,0.0,2
M028837,C194,C010,1,62,1.0,0.02868852459016391,0.011656090252071215,0.05974916670299189,0.025698051257764618,0.0,0.0,0
M028837,C006,C181,2,64,1.0,0.039682539682539764,0.01822916666666667,0.08970339519855065,0.04113059324717537,0.0,0.1111111111111111,9
M028837,C008,C181,2,51,1.0,0.04571428571428571,0.018991596638655458,0.08702785799943155,0.04471416957100354,0.0392156862745098,0.2,5
M028837,C025,C181,2,32,1.0,0.05069124423963134,0.02080933179723502,0.07949456370415549,0.041432240887262724,0.0,0.0,2
M028837,C029,C181,2,57,1.0,0.03571428571428581,0.017543859649122806,0.08420751373707484,0.03229555369683123,0.0,0.14285714285714285,7
M028837,C030,C181,2,52,1.0,0.04481792717086834,0.0188267614738203,0.08940674850337696,0.04262373593946878,0.0,0.2,5
M028837,C034,C181,2,17,1.0,0.0625,0.02941176470588235,0.07308755222498178,0.03913733369293523,0.0,0.0,0
M028837,C035,C181,2,17,1.0,0.0625,0.02941176470588235,0.07308755222498178,0.03913733369293523,0.0,0.0,2
M028837,C044,C181,2,55,1.0,0.044973544973545,0.01885521885521885,0.08242918199492232,0.030563996558540918,0.03636363636363636,0.25,4
M028837,C047,C181,2,22,1.0,0.04761904761904767,0.02272727272727272,0.06440731988935579,0.027135018403146416,0.0,0.25,8
M028837,C050,C181,2,16,1.0,0.06666666666666665,0.031249999999999997,0.0623899244848767,0.031637016967945276,0.0,0.0,1
M028837,C051,C181,2,16,1.0,0.06666666666666667,0.03125,0.05965905429913883,0.02713429213835853,0.0,0.0,4
M028837,C052,C181,2,16,1.0,0.047619047619047616,0.019345238095238092,0.04183336158917399,0.01779005753543781,0.0,0.0,3
M028837,C053,C181,2,16,1.0,0.06666666666666665,0.031249999999999997,0.06238992448487681,0.03163701696794527,0.0,0.0,0
M028837,C064,C181,2,51,1.0,0.04571428571428571,0.019271708683473384,0.0863996549834749,0.04102718524198528,0.0392156862745098,0.25,4
M028837,C065,C181,2,51,1.0,0.04571428571428571,0.019271708683473384,0.08639965498347485,0.04102718524198526,0.0392156862745098,0.125,8
M028837,C086,C181,2,47,1.0,0.04658385093167705,0.019558609752874323,0.09314263485642131,0.056728664990694865,0.0425531914893617,0.25,4
M028837,C106,C181,2,29,1.0,0.03571428571428581,0.017241379310344824,0.06658823691986554,0.03478440227140685,0.0,0.16666666666666666,6
M028837,C125,C181,2,27,1.0,0.05494505494505497,0.02177452177452177,0.08286525848478606,0.025719612639878785,0.07407407407407407,0.0,2
M028837,C129,C181,2,19,1.0,0.06349206349206352,0.023391812865497068,0.057450479993799444,0.02539533894853111,0.05263157894736842,0.0,0
M028837,C130,C181,2,19,1.0,0.06349206349206349,0.03007518796992481,0.0673932827129839,0.026588869546128917,0.10526315789473684,0.0,0
M028837,C136,C181,2,15,1.0,0.07142857142857142,0.029761904761904767,0.06362956538017803,0.02970759258144048,0.0,0.0,1
M028837,C137,C181,2,15,1.0,0.0892857142857143,0.0380952380952381,0.08813431068953279,0.03822184854218124,0.0,0.0,1
M028837,C138,C181,2,22,1.0,0.04761904761904767,0.022727272727272728,0.05067511934698614,0.018721451351895665,0.0,0.3333333333333333,3
M028837,C139,C181,2,22,1.0,0.04761904761904767,0.021645021645021648,0.07303636767393604,0.04182500873239609,0.0,0.0,0
M028837,C150,C181,2,16,1.0,0.06666666666666665,0.031249999999999997,0.06992978810829471,0.035676229623347766,0.0,0.0,0
M028837,C151,C181,2,16,1.0,0.05238095238095239,0.02142857142857143,0.04359697632973041,0.01688837126587281,0.0,0.0,2
M028837,C152,C181,2,16,1.0,0.038095238095238126,0.01696428571428571,0.0349648940541473,0.015269855839200997,0.0,0.0,2
M028837,C166,C181,2,73,1.0,0.041666666666666685,0.018264840182648404,0.0819276579375496,0.0429407267505903,0.0,0.0,0
M028837,C179,C181,2,16,1.0666666666666667,0.07142857142857151,0.0625,0.06857190065412136,0.05821425620911735,0.875,0.0,0
M028837,C180,C181,2,15,1.0,0.08571428571428574,0.03428571428571429,0.20571570196236397,0.06400044061051326,0.13333333333333333,0.0,0
M028837,C182,C181,2,53,1.0,0.04395604395604402,0.018764254613311215,0.08358440783468646,0.04131798889733884,0.0,0.0,0
M028837,C183,C181,2,53,1.0,0.04395604395604402,0.018556914783329877,0.08358440783468653,0.029891692752731208,0.0,0.3333333333333333,3
M028837,C192,C181,2,39,1.0,0.048872180451127845,0.020724889145941783,0.08492413683209164,0.02885666842489994,0.05128205128205128,0.0,2
M028837,C193,C181,2,39,1.0,0.048872180451127845,0.020435704646230967,0.08492413683209164,0.03975845816880592,0.05128205128205128,0.0,2
M028837,C195,C181,2,62,1.0,0.043325526932084316,0.018584271360580197,0.08875670453404909,0.033324067280895917,0.0,0.25,4
M028837,C197,C181,2,48,1.0,0.045592705167173286,0.01877532928064843,0.07909694012123188,0.027057156664765065,0.0,0.0,6
M028837,C198,C181,2,48,1.0,0.045592705167173286,0.018743667679837893,0.07383442038767656,0.025628575401137554,0.0,0.0,7
M028837,C199,C181,2,48,1.0,0.045592705167173286,0.018743667679837893,0.07383442038767658,0.025628575401137565,0.0,0.0,5
M028837,C202,C181,2,17,1.1333333333333333,0.07142857142857151,0.058823529411764705,0.07047762161714116,0.05131474997013311,0.8235294117647058,0.0,2
M028999,C005,C010,1,62,1.0,0.02868852459016391,0.011953551912568305,0.043472658836764246,0.01706207187136908,0.0,0.2,10
M028999,C009,C010,1,26,1.04,0.04166666666666674,0.038461538461538464,0.041345032542941945,0.03687134490219453,0.9230769230769231,0.0,0
M028999,C018,C010,1,25,1.0,0.041666666666666664,0.02,0.04024089638956834,0.01896230669791332,0.0,0.0,0
M028999,C019,C010,1,25,1.0,0.041666666666666685,0.02,0.04244916869631532,0.019613720121626578,0.0,0.0,0
M028999,C036,C010,1,25,1.0,0.041666666666666685,0.01916666666666667,0.043946403495513514,0.018294286855864678,0.0,0.0,2
M028999,C045,C010,1,55,1.0,0.02777777777777779,0.011784511784511783,0.04389404626638539,0.018393385577382668,0.0,0.0,0
M028999,C063,C010,1,51,1.0,0.030000000000000027,0.012549019607843137,0.05078313384281459,0.029136967771072764,0.0,0.0,0
M028999,C105,C010,1,30,1.0344827586206897,0.03571428571428571,0.01904761904761904,0.039780661787512966,0.014322615573906352,0.0,0.0,2
M028999,C109,C010,1,53,1.0,0.028846153846153855,0.012336719883889699,0.0505827808991347,0.02925455916680179,0.0,0.0,0
M028999,C110,C010,1,53,1.0,0.028846153846153855,0.012518142235123373,0.047503531447070334,0.014085422221869984,0.0,0.0,2
M028999,C153,C010,1,43,1.0,0.029761904761904767,0.013289036544850502,0.05424166775669655,0.031733231923586895,0.0,0.0,0
M028999,C154,C010,1,43,1.0,0.029761904761904767,0.012735326688815059,0.035788109422188304,0.013557991867034474,0.0,0.0,2
M028999,C194,C010,1,62,1.0,0.02868852459016391,0.011656090252071215,0.05974916670299189,0.025698051257764618,0.0,0.0,0
M028999,C006,C181,2,64,1.0,0.039682539682539764,0.01822916666666667,0.08970339519855065,0.04113059324717537,0.0,0.1111111111111111,9
M028999,C008,C181,2,51,1.0,0.04571428571428571,0.018991596638655458,0.08702785799943155,0.04471416957100354,0.0392156862745098,0.2,5
M028999,C025,C181,2,32,1.0,0.05069124423963134,0.02080933179723502,0.07949456370415549,0.041432240887262724,0.0,0.0,2
M028999,C029,C181,2,57,1.0,0.03571428571428581,0.017543859649122806,0.08420751373707484,0.03229555369683123,0.0,0.14285714285714285,7
M028999,C030,C181,2,52,1.0,0.04481792717086834,0.0188267614738203,0.08940674850337696,0.04262373593946878,0.0,0.2,5
M028999,C034,C181,2,17,1.0,0.0625,0.02941176470588235,0.07308755222498178,0.03913733369293523,0.0,0.0,0
M028999,C035,C181,2,17,1.0,0.0625,0.02941176470588235,0.07308755222498178,0.03913733369293523,0.0,0.0,2
M028999,C044,C181,2,55,1.0,0.044973544973545,0.01885521885521885,0.08242918199492232,0.030563996558540918,0.03636363636363636,0.25,4
M028999,C047,C181,2,22,1.0,0.04761904761904767,0.02272727272727272,0.06440731988935579,0.027135018403146416,0.0,0.25,8
M028999,C050,C181,2,16,1.0,0.06666666666666665,0.031249999999999997,0.0623899244848767,0.031637016967945276,0.0,0.0,1
M028999,C051,C181,2,16,1.0,0.06666666666666667,0.03125,0.05965905429913883,0.02713429213835853,0.0,0.0,4
M028999,C052,C181,2,16,1.0,0.047619047619047616,0.019345238095238092,0.04183336158917399,0.01779005753543781,0.0,0.0,3
M028999,C053,C181,2,16,1.0,0.06666666666666665,0.031249999999999997,0.06238992448487681,0.03163701696794527,0.0,0.0,0
M028999,C064,C181,2,51,1.0,0.04571428571428571,0.019271708683473384,0.0863996549834749,0.04102718524198528,0.0392156862745098,0.25,4
M028999,C065,C181,2,51,1.0,0.04571428571428571,0.019271708683473384,0.08639965498347485,0.04102718524198526,0.0392156862745098,0.125,8
M028999,C086,C181,2,47,1.0,0.04658385093167705,0.019558609752874323,0.09314263485642131,0.056728664990694865,0.0425531914893617,0.25,4
M028999,C106,C181,2,29,1.0,0.03571428571428581,0.017241379310344824,0.06658823691986554,0.03478440227140685,0.0,0.16666666666666666,6
M028999,C125,C181,2,27,1.0,0.05494505494505497,0.02177452177452177,0.08286525848478606,0.025719612639878785,0.07407407407407407,0.0,2
M028999,C129,C181,2,19,1.0,0.06349206349206352,0.023391812865497068,0.057450479993799444,0.02539533894853111,0.05263157894736842,0.0,0
M028999,C130,C181,2,19,1.0,0.06349206349206349,0.03007518796992481,0.0673932827129839,0.026588869546128917,0.10526315789473684,0.0,0
M028999,C136,C181,2,15,1.0,0.07142857142857142,0.029761904761904767,0.06362956538017803,0.02970759258144048,0.0,0.0,1
M028999,C137,C181,2,15,1.0,0.0892857142857143,0.0380952380952381,0.08813431068953279,0.03822184854218124,0.0,0.0,1
M028999,C138,C181,2,22,1.0,0.04761904761904767,0.022727272727272728,0.05067511934698614,0.018721451351895665,0.0,0.3333333333333333,3
M028999,C139,C181,2,22,1.0,0.04761904761904767,0.021645021645021648,0.07303636767393604,0.04182500873239609,0.0,0.0,0
M028999,C150,C181,2,16,1.0,0.06666666666666665,0.031249999999999997,0.06992978810829471,0.035676229623347766,0.0,0.0,0
M028999,C151,C181,2,16,1.0,0.05238095238095239,0.02142857142857143,0.04359697632973041,0.01688837126587281,0.0,0.0,2
M028999,C152,C181,2,16,1.0,0.038095238095238126,0.01696428571428571,0.0349648940541473,0.015269855839200997,0.0,0.0,2
M028999,C166,C181,2,73,1.0,0.041666666666666685,0.018264840182648404,0.0819276579375496,0.0429407267505903,0.0,0.0,0
M028999,C179,C181,2,16,1.0666666666666667,0.07142857142857151,0.0625,0.06857190065412136,0.05821425620911735,0.875,0.0,0
M028999,C180,C181,2,15,1.0,0.08571428571428574,0.03428571428571429,0.20571570196236397,0.06400044061051326,0.13333333333333333,0.0,0
M028999,C182,C181,2,53,1.0,0.04395604395604402,0.018764254613311215,0.08358440783468646,0.04131798889733884,0.0,0.0,0
M028999,C183,C181,2,53,1.0,0.04395604395604402,0.018556914783329877,0.08358440783468653,0.029891692752731208,0.0,0.3333333333333333,3
M028999,C192,C181,2,39,1.0,0.048872180451127845,0.020724889145941783,0.08492413683209164,0.02885666842489994,0.05128205128205128,0.0,2
M028999,C193,C181,2,39,1.0,0.048872180451127845,0.020435704646230967,0.08492413683209164,0.03975845816880592,0.05128205128205128,0.0,2
M028999,C195,C181,2,62,1.0,0.043325526932084316,0.018584271360580197,0.08875670453404909,0.033324067280895917,0.0,0.25,4
M028999,C197,C181,2,48,1.0,0.045592705167173286,0.01877532928064843,0.07909694012123188,0.027057156664765065,0.0,0.0,6
M028999,C198,C181,2,48,1.0,0.045592705167173286,0.018743667679837893,0.07383442038767656,0.025628575401137554,0.0,0.0,7
M028999,C199,C181,2,48,1.0,0.045592705167173286,0.018743667679837893,0.07383442038767658,0.025628575401137565,0.0,0.0,5
M028999,C202,C181,2,17,1.1333333333333333,0.07142857142857151,0.058823529411764705,0.07047762161714116,0.05131474997013311,0.8235294117647058,0.0,2
M029161,C005,C010,1,62,1.0,0.02868852459016391,0.011953551912568305,0.043472658836764246,0.01706207187136908,0.0,0.2,10
M029161,C009,C010,1,26,1.04,0.04166666666666674,0.038461538461538464,0.041345032542941945,0.03687134490219453,0.9230769230769231,0.0,0
M029161,C018,C010,1,25,1.0,0.041666666666666664,0.02,0.04024089638956834,0.01896230669791332,0.0,0.0,0
M029161,C019,C010,1,25,1.0,0.041666666666666685,0.02,0.04244916869631532,0.019613720121626578,0.0,0.0,0
M029161,C036,C010,1,25,1.0,0.041666666666666685,0.01916666666666667,0.043946403495513514,0.018294286855864678,0.0,0.0,2
M029161,C045,C010,1,55,1.0,0.02777777777777779,0.011784511784511783,0.04389404626638539,0.018393385577382668,0.0,0.0,0
M029161,C063,C010,1,51,1.0,0.030000000000000027,0.012549019607843137,0.05078313384281459,0.029136967771072764,0.0,0.0,0
M029161,C105,C010,1,30,1.0344827586206897,0.03571428571428571,0.01904761904761904,0.039780661787512966,0.014322615573906352,0.0,0.0,2
M029161,C109,C010,1,53,1.0,0.028846153846153855,0.012336719883889699,0.0505827808991347,0.02925455916680179,0.0,0.0,0
M029161,C110,C010,1,53,1.0,0.028846153846153855,0.012518142235123373,0.047503531447070334,0.014085422221869984,0.0,0.0,2
M029161,C153,C010,1,43,1.0,0.029761904761904767,0.013289036544850502,0.05424166775669655,0.031733231923586895,0.0,0.0,0
M029161,C154,C010,1,43,1.0,0.029761904761904767,0.012735326688815059,0.035788109422188304,0.013557991867034474,0.0,0.0,2
M029161,C194,C010,1,62,1.0,0.02868852459016391,0.011656090252071215,0.05974916670299189,0.025698051257764618,0.0,0.0,0
M029161,C006,C181,2,64,1.0,0.039682539682539764,0.01822916666666667,0.08970339519855065,0.04113059324717537,0.0,0.1111111111111111,9
M029161,C008,C181,2,51,1.0,0.04571428571428571,0.018991596638655458,0.08702785799943155,0.04471416957100354,0.0392156862745098,0.2,5
M029161,C025,C181,2,32,1.0,0.05069124423963134,0.02080933179723502,0.07949456370415549,0.041432240887262724,0.0,0.0,2
M029161,C029,C181,2,57,1.0,0.03571428571428581,0.017543859649122806,0.08420751373707484,0.03229555369683123,0.0,0.14285714285714285,7
M029161,C030,C181,2,52,1.0,0.04481792717086834,0.0188267614738203,0.08940674850337696,0.04262373593946878,0.0,0.2,5
M029161,C034,C181,2,17,1.0,0.0625,0.02941176470588235,0.07308755222498178,0.03913733369293523,0.0,0.0,0
M029161,C035,C181,2,17,1.0,0.0625,0.02941176470588235,0.07308755222498178,0.03913733369293523,0.0,0.0,2
M029161,C044,C181,2,55,1.0,0.044973544973545,0.01885521885521885,0.08242918199492232,0.030563996558540918,0.03636363636363636,0.25,4
M029161,C047,C181,2,22,1.0,0.04761904761904767,0.02272727272727272,0.06440731988935579,0.027135018403146416,0.0,0.25,8
M029161,C050,C181,2,16,1.0,0.06666666666666665,0.031249999999999997,0.0623899244848767,0.031637016967945276,0.0,0.0,1
M029161,C051,C181,2,16,1.0,0.06666666666666667,0.03125,0.05965905429913883,0.02713429213835853,0.0,0.0,4
M029161,C052,C181,2,16,1.0,0.047619047619047616,0.019345238095238092,0.04183336158917399,0.01779005753543781,0.0,0.0,3
M029161,C053,C181,2,16,1.0,0.06666666666666665,0.031249999999999997,0.06238992448487681,0.03163701696794527,0.0,0.0,0
M029161,C064,C181,2,51,1.0,0.04571428571428571,0.019271708683473384,0.0863996549834749,0.04102718524198528,0.0392156862745098,0.25,4
M029161,C065,C181,2,51,1.0,0.04571428571428571,0.019271708683473384,0.08639965498347485,0.04102718524198526,0.0392156862745098,0.125,8
M029161,C086,C181,2,47,1.0,0.04658385093167705,0.019558609752874323,0.09314263485642131,0.056728664990694865,0.0425531914893617,0.25,4
M029161,C106,C181,2,29,1.0,0.03571428571428581,0.017241379310344824,0.06658823691986554,0.03478440227140685,0.0,0.16666666666666666,6
M029161,C125,C181,2,27,1.0,0.05494505494505497,0.02177452177452177,0.08286525848478606,0.025719612639878785,0.07407407407407407,0.0,2
M029161,C129,C181,2,19,1.0,0.06349206349206352,0.023391812865497068,0.057450479993799444,0.02539533894853111,0.05263157894736842,0.0,0
M029161,C130,C181,2,19,1.0,0.06349206349206349,0.03007518796992481,0.0673932827129839,0.026588869546128917,0.10526315789473684,0.0,0
M029161,C136,C181,2,15,1.0,0.07142857142857142,0.029761904761904767,0.06362956538017803,0.02970759258144048,0.0,0.0,1
M029161,C137,C181,2,15,1.0,0.0892857142857143,0.0380952380952381,0.08813431068953279,0.03822184854218124,0.0,0.0,1
M029161,C138,C181,2,22,1.0,0.04761904761904767,0.022727272727272728,0.05067511934698614,0.018721451351895665,0.0,0.3333333333333333,3
M029161,C139,C181,2,22,1.0,0.04761904761904767,0.021645021645021648,0.07303636767393604,0.04182500873239609,0.0,0.0,0
M029161,C150,C181,2,16,1.0,0.06666666666666665,0.031249999999999997,0.06992978810829471,0.035676229623347766,0.0,0.0,0
M029161,C151,C181,2,16,1.0,0.05238095238095239,0.02142857142857143,0.04359697632973041,0.01688837126587281,0.0,0.0,2
M029161,C152,C181,2,16,1.0,0.038095238095238126,0.01696428571428571,0.0349648940541473,0.015269855839200997,0.0,0.0,2
M029161,C166,C181,2,73,1.0,0.041666666666666685,0.018264840182648404,0.0819276579375496,0.0429407267505903,0.0,0.0,0
M029161,C179,C181,2,16,1.0666666666666667,0.07142857142857151,0.0625,0.06857190065412136,0.05821425620911735,0.875,0.0,0
M029161,C180,C181,2,15,1.0,0.08571428571428574,0.03428571428571429,0.20571570196236397,0.06400044061051326,0.13333333333333333,0.0,0
M029161,C182,C181,2,53,1.0,0.04395604395604402,0.018764254613311215,0.08358440783468646,0.04131798889733884,0.0,0.0,0
M029161,C183,C181,2,53,1.0,0.04395604395604402,0.018556914783329877,0.08358440783468653,0.029891692752731208,0.0,0.3333333333333333,3
M029161,C192,C181,2,39,1.0,0.048872180451127845,0.020724889145941783,0.08492413683209164,0.02885666842489994,0.05128205128205128,0.0,2
M029161,C193,C181,2,39,1.0,0.048872180451127845,0.020435704646230967,0.08492413683209164,0.03975845816880592,0.05128205128205128,0.0,2
M029161,C195,C181,2,62,1.0,0.043325526932084316,0.018584271360580197,0.08875670453404909,0.033324067280895917,0.0,0.25,4
M029161,C197,C181,2,48,1.0,0.045592705167173286,0.01877532928064843,0.07909694012123188,0.027057156664765065,0.0,0.0,6
M029161,C198,C181,2,48,1.0,0.045592705167173286,0.018743667679837893,0.07383442038767656,0.025628575401137554,0.0,0.0,7
M029161,C199,C181,2,48,1.0,0.045592705167173286,0.018743667679837893,0.07383442038767658,0.025628575401137565,0.0,0.0,5
M029161,C202,C181,2,17,1.1333333333333333,0.07142857142857151,0.058823529411764705,0.07047762161714116,0.05131474997013311,0.8235294117647058,0.0,2
M029323,C005,C010,1,62,1.0,0.02868852459016391,0.011953551912568305,0.043472658836764246,0.01706207187136908,0.0,0.2,10
M029323,C009,C010,1,26,1.04,0.04166666666666674,0.038461538461538464,0.041345032542941945,0.03687134490219453,0.9230769230769231,0.0,0
M029323,C018,C010,1,25,1.0,0.041666666666666664,0.02,0.04024089638956834,0.01896230669791332,0.0,0.0,0
M029323,C019,C010,1,25,1.0,0.041666666666666685,0.02,0.04244916869631532,0.019613720121626578,0.0,0.0,0
M029323,C036,C010,1,25,1.0,0.041666666666666685,0.01916666666666667,0.043946403495513514,0.018294286855864678,0.0,0.0,2
M029323,C045,C010,1,55,1.0,0.02777777777777779,0.011784511784511783,0.04389404626638539,0.018393385577382668,0.0,0.0,0
M029323,C063,C010,1,51,1.0,0.030000000000000027,0.012549019607843137,0.05078313384281459,0.029136967771072764,0.0,0.0,0
M029323,C105,C010,1,30,1.0344827586206897,0.03571428571428571,0.01904761904761904,0.039780661787512966,0.014322615573906352,0.0,0.0,2
M029323,C109,C010,1,53,1.0,0.028846153846153855,0.012336719883889699,0.0505827808991347,0.02925455916680179,0.0,0.0,0
M029323,C110,C010,1,53,1.0,0.028846153846153855,0.012518142235123373,0.047503531447070334,0.014085422221869984,0.0,0.0,2
M029323,C153,C010,1,43,1.0,0.029761904761904767,0.013289036544850502,0.05424166775669655,0.031733231923586895,0.0,0.0,0
M029323,C154,C010,1,43,1.0,0.029761904761904767,0.012735326688815059,0.035788109422188304,0.013557991867034474,0.0,0.0,2
M029323,C194,C010,1,62,1.0,0.02868852459016391,0.011656090252071215,0.05974916670299189,0.025698051257764618,0.0,0.0,0
M029323,C006,C181,2,64,1.0,0.039682539682539764,0.01822916666666667,0.08970339519855065,0.04113059324717537,0.0,0.1111111111111111,9
M029323,C008,C181,2,51,1.0,0.04571428571428571,0.018991596638655458,0.08702785799943155,0.04471416957100354,0.0392156862745098,0.2,5
M029323,C025,C181,2,32,1.0,0.05069124423963134,0.02080933179723502,0.07949456370415549,0.041432240887262724,0.0,0.0,2
M029323,C029,C181,2,57,1.0,0.03571428571428581,0.017543859649122806,0.08420751373707484,0.03229555369683123,0.0,0.14285714285714285,7
M029323,C030,C181,2,52,1.0,0.04481792717086834,0.0188267614738203,0.08940674850337696,0.04262373593946878,0.0,0.2,5
M029323,C034,C181,2,17,1.0,0.0625,0.02941176470588235,0.07308755222498178,0.03913733369293523,0.0,0.0,0
M029323,C035,C181,2,17,1.0,0.0625,0.02941176470588235,0.07308755222498178,0.03913733369293523,0.0,0.0,2
M029323,C044,C181,2,55,1.0,0.044973544973545,0.01885521885521885,0.08242918199492232,0.030563996558540918,0.03636363636363636,0.25,4
M029323,C047,C181,2,22,1.0,0.04761904761904767,0.02272727272727272,0.06440731988935579,0.027135018403146416,0.0,0.25,8
M029323,C050,C181,2,16,1.0,0.06666666666666665,0.031249999999999997,0.0623899244848767,0.031637016967945276,0.0,0.0,1
M029323,C051,C181,2,16,1.0,0.06666666666666667,0.03125,0.05965905429913883,0.02713429213835853,0.0,0.0,4
M029323,C052,C181,2,16,1.0,0.047619047619047616,0.019345238095238092,0.04183336158917399,0.01779005753543781,0.0,0.0,3
M029323,C053,C181,2,16,1.0,0.06666666666666665,0.031249999999999997,0.06238992448487681,0.03163701696794527,0.0,0.0,0
M029323,C064,C181,2,51,1.0,0.04571428571428571,0.019271708683473384,0.0863996549834749,0.04102718524198528,0.0392156862745098,0.25,4
M029323,C065,C181,2,51,1.0,0.04571428571428571,0.019271708683473384,0.08639965498347485,0.04102718524198526,0.0392156862745098,0.125,8
M029323,C086,C181,2,47,1.0,0.04658385093167705,0.019558609752874323,0.09314263485642131,0.056728664990694865,0.0425531914893617,0.25,4
M029323,C106,C181,2,29,1.0,0.03571428571428581,0.017241379310344824,0.06658823691986554,0.03478440227140685,0.0,0.16666666666666666,6
M029323,C125,C181,2,27,1.0,0.05494505494505497,0.02177452177452177,0.08286525848478606,0.025719612639878785,0.07407407407407407,0.0,2
M029323,C129,C181,2,19,1.0,0.06349206349206352,0.023391812865497068,0.057450479993799444,0.02539533894853111,0.05263157894736842,0.0,0
M029323,C130,C181,2,19,1.0,0.06349206349206349,0.03007518796992481,0.0673932827129839,0.026588869546128917,0.10526315789473684,0.0,0
M029323,C136,C181,2,15,1.0,0.07142857142857142,0.029761904761904767,0.06362956538017803,0.02970759258144048,0.0,0.0,1
M029323,C137,C181,2,15,1.0,0.0892857142857143,0.0380952380952381,0.08813431068953279,0.03822184854218124,0.0,0.0,1
M029323,C138,C181,2,22,1.0,0.04761904761904767,0.022727272727272728,0.05067511934698614,0.018721451351895665,0.0,0.3333333333333333,3
M029323,C139,C181,2,22,1.0,0.04761904761904767,0.021645021645021648,0.07303636767393604,0.04182500873239609,0.0,0.0,0
M029323,C150,C181,2,16,1.0,0.06666666666666665,0.031249999999999997,0.06992978810829471,0.035676229623347766,0.0,0.0,0
M029323,C151,C181,2,16,1.0,0.05238095238095239,0.02142857142857143,0.04359697632973041,0.01688837126587281,0.0,0.0,2
M029323,C152,C181,2,16,1.0,0.038095238095238126,0.01696428571428571,0.0349648940541473,0.015269855839200997,0.0,0.0,2
M029323,C166,C181,2,73,1.0,0.041666666666666685,0.018264840182648404,0.0819276579375496,0.0429407267505903,0.0,0.0,0
M029323,C179,C181,2,16,1.0666666666666667,0.07142857142857151,0.0625,0.06857190065412136,0.05821425620911735,0.875,0.0,0
M029323,C180,C181,2,15,1.0,0.08571428571428574,0.03428571428571429,0.20571570196236397,0.06400044061051326,0.13333333333333333,0.0,0
M029323,C182,C181,2,53,1.0,0.04395604395604402,0.018764254613311215,0.08358440783468646,0.04131798889733884,0.0,0.0,0
M029323,C183,C181,2,53,1.0,0.04395604395604402,0.018556914783329877,0.08358440783468653,0.029891692752731208,0.0,0.3333333333333333,3
M029323,C192,C181,2,39,1.0,0.048872180451127845,0.020724889145941783,0.08492413683209164,0.02885666842489994,0.05128205128205128,0.0,2
M029323,C193,C181,2,39,1.0,0.048872180451127845,0.020435704646230967,0.08492413683209164,0.03975845816880592,0.05128205128205128,0.0,2
M029323,C195,C181,2,62,1.0,0.043325526932084316,0.018584271360580197,0.08875670453404909,0.033324067280895917,0.0,0.25,4
M029323,C197,C181,2,48,1.0,0.045592705167173286,0.01877532928064843,0.07909694012123188,0.027057156664765065,0.0,0.0,6
M029323,C198,C181,2,48,1.0,0.045592705167173286,0.018743667679837893,0.07383442038767656,0.025628575401137554,0.0,0.0,7
M029323,C199,C181,2,48,1.0,0.045592705167173286,0.018743667679837893,0.07383442038767658,0.025628575401137565,0.0,0.0,5
M029323,C202,C181,2,17,1.1333333333333333,0.07142857142857151,0.058823529411764705,0.07047762161714116,0.05131474997013311,0.8235294117647058,0.0,2
M029899,C005,C063,1,86,1.3870967741935485,0.13704918032786884,0.055116279069767425,0.15263208449640417,0.05824062574601694,0.0,0.4,10
M029899,C006,C063,1,79,1.234375,0.14730158730158738,0.06626883664858349,0.14973057207740284,0.06658108592198485,0.0,0.2222222222222222,9
M029899,C008,C063,1,68,1.3333333333333333,0.14,0.04911764705882354,0.13568899628723421,0.04687254291953751,0.0,0.0,5
M029899,C009,C063,1,51,1.0,0.13666666666666666,0.07019607843137254,0.13403641058194124,0.06609325771596256,0.0,0.0,0
M029899,C010,C063,1,52,1.0196078431372548,0.15000000000000002,0.0853846153846154,0.15706845217838022,0.07963757311318147,0.019230769230769232,0.0,0
M029899,C018,C063,1,51,1.0,0.14909090909090908,0.07443850267379679,0.13687052021172602,0.06867934818705375,0.0,0.0,0
M029899,C019,C063,1,51,1.0,0.14909090909090908,0.08773618538324421,0.1669774232575508,0.07853806181456631,0.0,0.0,0
M029899,C025,C063,1,60,1.1764705882352942,0.1496774193548387,0.07798924731182796,0.14313697425597846,0.07530832835606094,0.0,0.0,2
M029899,C030,C063,1,65,1.25,0.1286274509803922,0.036361990950226256,0.13084323880518056,0.037273629179336805,0.0,0.0,5
M029899,C034,C063,1,51,1.0,0.15000000000000002,0.07676470588235296,0.1356489849935685,0.05992798712735929,0.0196078431372549,0.0,0
M029899,C035,C063,1,51,1.0,0.15000000000000002,0.07808823529411765,0.13609311872046045,0.06748111725261124,0.0196078431372549,0.0,2
M029899,C036,C063,1,51,1.0,0.15000000000000002,0.08656862745098041,0.15620119341372124,0.07194878053749844,0.0196078431372549,0.0,2
M029899,C044,C063,1,67,1.2181818181818183,0.1488888888888889,0.07841901603095632,0.14744106176891106,0.07439775990713492,0.0,0.0,4
M029899,C045,C063,1,59,1.0727272727272728,0.03925925925925933,0.017212806026365345,0.04591365672652392,0.017444994112694488,0.0,0.0,0
M029899,C047,C063,1,55,1.0784313725490196,0.14190476190476192,0.06090043290043291,0.14341470933731243,0.05484766177862343,0.0,0.25,8
M029899,C050,C063,1,51,1.0,0.10000000000000009,0.03202614379084968,0.11760492532285667,0.03826024936932302,0.0,0.0,1
M029899,C051,C063,1,51,1.0,0.14666666666666672,0.06679738562091503,0.1618343949696718,0.06961688546437224,0.0,0.0,4
M029899,C052,C063,1,51,1.0,0.14666666666666672,0.06679738562091503,0.14640584112704258,0.05992296143720723,0.0,0.0,3
M029899,C053,C063,1,52,1.0196078431372548,0.12,0.05782051282051282,0.13749093315267158,0.061133614257826485,0.0,0.0,0
M029899,C064,C063,1,70,1.3725490196078431,0.12,0.04685714285714287,0.11931604697888917,0.04557676124981213,0.0,0.25,4
M029899,C065,C063,1,68,1.3333333333333333,0.14,0.06441176470588235,0.13920205480870407,0.06404464286366843,0.0,0.125,8
M029899,C086,C063,1,65,1.2745098039215685,0.14,0.053337792642140475,0.12501565548814644,0.051886844138834126,0.0,0.0,4
M029899,C105,C063,1,55,1.0784313725490196,0.14142857142857135,0.04023376623376623,0.15065649861700545,0.037323738163108355,0.0,0.0,2
M029899,C106,C063,1,53,1.0392156862745099,0.15000000000000002,0.07738544474393533,0.15964496554788785,0.07681180599766733,0.018867924528301886,0.16666666666666666,6
M029899,C109,C063,1,68,1.2830188679245282,0.1292307692307692,0.0579185520361991,0.12910655867577805,0.0565435370319324,0.0,0.0,0
M029899,C110,C063,1,68,1.2830188679245282,0.15000000000000002,0.08371040723981901,0.14974568278996897,0.08333268143058405,0.014705882352941176,0.0,2
M029899,C129,C063,1,51,1.0,0.11333333333333331,0.032549019607843135,0.1470206148228935,0.044337408703475224,0.0,0.0,0
M029899,C130,C063,1,53,1.0392156862745099,0.12,0.058532494758909856,0.1532122845189481,0.06040243006948555,0.0,0.0,0
M029899,C136,C063,1,51,1.0,0.15000000000000002,0.06970588235294117,0.21860112101777412,0.08903040013684098,0.058823529411764705,0.0,1
M029899,C137,C063,1,51,1.0,0.15000000000000002,0.07568627450980392,0.18550609633814572,0.0967801261862147,0.0196078431372549,0.0,1
M029899,C138,C063,1,52,1.0196078431372548,0.14857142857142852,0.07443223443223443,0.15637562745813316,0.07935928622297826,0.0,0.3333333333333333,3
M029899,C139,C063,1,52,1.0196078431372548,0.08571428571428569,0.030677655677655676,0.09951993530578586,0.03417659494200528,0.0,0.0,0
M029899,C150,C063,1,52,1.0196078431372548,0.10666666666666669,0.040512820512820506,0.11902450064806701,0.04289555147264263,0.0,0.0,0
M029899,C152,C063,1,51,1.0,0.14666666666666672,0.07437908496732026,0.1542945313462539,0.05997233705766157,0.0,0.0,2
M029899,C153,C063,1,64,1.2549019607843137,0.14952380952380956,0.0643154761904762,0.14688934045003824,0.06125186039228428,0.0,0.0,0
M029899,C154,C063,1,61,1.196078431372549,0.14952380952380956,0.0801873536299766,0.14688934045003818,0.07768820073345956,0.0,0.0,2
M029899,C166,C063,1,82,1.1232876712328768,0.12388888888888888,0.06140243902439026,0.12936150359836357,0.060988113515553305,0.0,0.0,0
M029899,C179,C063,1,51,1.0,0.08,0.02504201680672269,0.10422740931282833,0.03217352795049651,0.0,0.0,0
M029899,C180,C063,1,51,1.0,0.14,0.06980392156862743,0.16937933014082565,0.049844457695098314,0.0,0.0,0
M029899,C181,C063,1,51,1.0,0.09142857142857147,0.028963585434173673,0.08708051814630602,0.02951174859836618,0.0,0.0,0
M029899,C182,C063,1,65,1.2264150943396226,0.1284615384615385,0.05745562130177515,0.12910430719850893,0.05588593628684885,0.0,0.0,0
M029899,C183,C063,1,71,1.3396226415094339,0.14461538461538465,0.07283856988082338,0.1419586072541842,0.0717542531084236,0.0,0.0,3
M029899,C192,C063,1,58,1.1372549019607843,0.14947368421052631,0.0798185117967332,0.15316654099644988,0.07837847335665113,0.0,0.0,2
M029899,C193,C063,1,61,1.196078431372549,0.12421052631578944,0.05696289905090595,0.1282712433634074,0.056311104752003495,0.0,0.0,2
M029899,C194,C063,1,69,1.1129032258064515,0.06557377049180324,0.025540508434307434,0.07494555278106542,0.0243404829634431,0.0,0.0,0
M029899,C195,C063,1,64,1.032258064516129,0.0659016393442623,0.033386270491803274,0.06982782023363238,0.027657845910402656,0.0,0.0,4
M029899,C197,C063,1,77,1.5098039215686274,0.14,0.07043934788615641,0.13798493566499676,0.06955739938165256,0.0,0.0,6
M029899,C198,C063,1,65,1.2745098039215685,0.14425531914893613,0.07727659574468083,0.14365842985303254,0.07727197719742762,0.0,0.0,7
M029899,C199,C063,1,72,1.411764705882353,0.14297872340425533,0.05274231678486998,0.14246049615711862,0.05201843594965103,0.0,0.2,5
M029899,C202,C063,1,51,1.0,0.14285714285714285,0.066890756302521,0.15751251692162258,0.06334703947408757,0.0,0.0,2
M029899,C029,C125,2,58,1.0175438596491229,0.14835164835164832,0.08189655172413794,0.15313682975071508,0.0866847734247897,0.0,0.0,9
M029899,C151,C125,2,28,1.037037037037037,0.141025641025641,0.0706959706959707,0.15860928491904103,0.07423709404826384,0.0,0.0,4
M030421,C005,C063,1,87,1.403225806451613,0.15344262295081967,0.05643489730544562,0.1684455531996349,0.05968911305816462,0.0,0.4,10
M030421,C006,C063,1,84,1.3125,0.18888888888888888,0.0816326530612245,0.18547143421081316,0.08175806446824438,0.0,0.3333333333333333,9
M030421,C008,C063,1,69,1.3529411764705883,0.16000000000000003,0.051014492753623186,0.15536835361578613,0.048730154050331716,0.0,0.2,5
M030421,C009,C063,1,51,1.0,0.15333333333333335,0.07101307189542483,0.13403641058194124,0.06690394462856926,0.0,0.0,0
M030421,C010,C063,1,52,1.0196078431372548,0.19999999999999996,0.10060897435897437,0.1968404678380099,0.0928044611438595,0.019230769230769232,0.0,0
M030421,C018,C063,1,51,1.0,0.16363636363636364,0.0762210338680927,0.1386462722064985,0.07043944478578452,0.0,0.0,0
M030421,C019,C063,1,52,1.0196078431372548,0.19999999999999996,0.10618881118881121,0.21185988652518573,0.09544148039365997,0.019230769230769232,0.0,0
M030421,C025,C063,1,61,1.196078431372549,0.1974193548387097,0.08483342147012164,0.18981408119492754,0.08197587007761689,0.0,0.0,2
M030421,C030,C063,1,65,1.25,0.1286274509803922,0.036361990950226256,0.13084323880518056,0.037273629179336805,0.0,0.0,5
M030421,C034,C063,1,52,1.0196078431372548,0.1975,0.10134615384615384,0.195307008483013,0.0844258524280138,0.0,0.0,0
M030421,C035,C063,1,51,1.0,0.19999999999999996,0.11240196078431372,0.19575114220990503,0.09739579492416466,0.0196078431372549,0.0,2
M030421,C036,C063,1,51,1.0,0.1975,0.12210784313725492,0.19597320907335095,0.1069270714452122,0.0,0.0,2
M030421,C044,C063,1,72,1.309090909090909,0.1955555555555556,0.0944238683127572,0.18755025080449433,0.09043893693402177,0.0,0.0,4
M030421,C045,C063,1,59,1.0727272727272728,0.03925925925925933,0.017212806026365345,0.04591365672652392,0.017444994112694488,0.0,0.0,0
M030421,C047,C063,1,54,1.0588235294117647,0.19428571428571428,0.07308641975308643,0.16743063757501878,0.06743389287935277,0.0,0.125,8
M030421,C050,C063,1,51,1.0,0.10000000000000009,0.03202614379084968,0.11760492532285667,0.03826024936932302,0.0,0.0,1
M030421,C051,C063,1,51,1.0,0.19333333333333336,0.081437908496732,0.20606386461648704,0.08652504923828487,0.0,0.0,4
M030421,C052,C063,1,51,1.0,0.2,0.08640522875816993,0.20606386461648704,0.07568029929497185,0.0392156862745098,0.0,3
M030421,C053,C063,1,52,1.0196078431372548,0.12,0.05782051282051282,0.13749093315267158,0.061133614257826485,0.0,0.0,0
M030421,C064,C063,1,70,1.3725490196078431,0.12,0.04685714285714287,0.11931604697888917,0.04557676124981213,0.0,0.25,4
M030421,C065,C063,1,72,1.411764705882353,0.18000000000000005,0.07472222222222222,0.17897407046833377,0.07429633480861385,0.0,0.25,8
M030421,C086,C063,1,67,1.3137254901960784,0.19999999999999996,0.06391953277092796,0.18467367897759104,0.06221598054798397,0.014925373134328358,0.0,4
M030421,C105,C063,1,55,1.0784313725490196,0.14142857142857135,0.04023376623376623,0.15065649861700545,0.037323738163108355,0.0,0.0,2
M030421,C106,C063,1,54,1.0588235294117647,0.19714285714285718,0.09433862433862436,0.1968318217101265,0.09227331848631601,0.0,0.16666666666666666,6
M030421,C109,C063,1,68,1.2830188679245282,0.1292307692307692,0.0579185520361991,0.12910655867577805,0.0565435370319324,0.0,0.0,0
M030421,C110,C063,1,72,1.3584905660377358,0.19,0.09696581196581196,0.18951769844959868,0.09652200238256287,0.0,0.0,2
M030421,C129,C063,1,51,1.0,0.11333333333333331,0.032549019607843135,0.1470206148228935,0.044337408703475224,0.0,0.0,0
M030421,C130,C063,1,53,1.0392156862745099,0.12,0.058532494758909856,0.1532122845189481,0.06040243006948555,0.0,0.0,0
M030421,C136,C063,1,51,1.0,0.19,0.08254901960784312,0.2583731366774038,0.10551529423391373,0.0,0.0,1
M030421,C137,C063,1,51,1.0,0.2,0.12745098039215685,0.2583731366774036,0.1583188953873472,0.0392156862745098,0.0,1
M030421,C138,C063,1,52,1.0196078431372548,0.18857142857142856,0.08358974358974357,0.19614764311776287,0.08810285824038895,0.0,0.3333333333333333,3
M030421,C139,C063,1,52,1.0196078431372548,0.08571428571428569,0.030677655677655676,0.09951993530578586,0.03417659494200528,0.0,0.0,0
M030421,C150,C063,1,52,1.0196078431372548,0.10666666666666669,0.040512820512820506,0.11902450064806701,0.04289555147264263,0.0,0.0,0
M030421,C152,C063,1,51,1.0,0.1866666666666667,0.08771241830065361,0.19406654700588358,0.07486301222434885,0.0,0.0,2
M030421,C153,C063,1,64,1.2549019607843137,0.14952380952380956,0.0643154761904762,0.14688934045003824,0.06125186039228428,0.0,0.0,0
M030421,C154,C063,1,65,1.2745098039215685,0.19714285714285718,0.09405128205128205,0.1937912961137336,0.09134508296758094,0.0,0.0,2
M030421,C166,C063,1,82,1.1232876712328768,0.12388888888888888,0.06140243902439026,0.12936150359836357,0.060988113515553305,0.0,0.0,0
M030421,C179,C063,1,51,1.0,0.08,0.02504201680672269,0.10422740931282833,0.03217352795049651,0.0,0.0,0
M030421,C180,C063,1,52,1.0196078431372548,0.19999999999999996,0.09076923076923074,0.20915134580045544,0.05841086530510824,0.019230769230769232,0.0,0
M030421,C181,C063,1,51,1.0,0.09142857142857147,0.028963585434173673,0.08708051814630602,0.02951174859836618,0.0,0.0,0
M030421,C182,C063,1,65,1.2264150943396226,0.1284615384615385,0.05745562130177515,0.12910430719850893,0.05588593628684885,0.0,0.0,0
M030421,C183,C063,1,74,1.3962264150943395,0.2,0.08143451143451143,0.19672250063381905,0.08023686156656323,0.013513513513513514,0.0,3
M030421,C192,C063,1,61,1.196078431372549,0.19473684210526315,0.09245901639344263,0.18762696408666013,0.09069442677072011,0.0,0.0,2
M030421,C193,C063,1,61,1.196078431372549,0.12421052631578944,0.05696289905090595,0.1282712433634074,0.056311104752003495,0.0,0.0,2
M030421,C194,C063,1,69,1.1129032258064515,0.06557377049180324,0.025540508434307434,0.07494555278106542,0.0243404829634431,0.0,0.0,0
M030421,C195,C063,1,64,1.032258064516129,0.0659016393442623,0.033386270491803274,0.06982782023363238,0.027657845910402656,0.0,0.0,4
M030421,C198,C063,1,71,1.392156862745098,0.1953191489361702,0.10121666167216063,0.19481580478432034,0.10104832144245662,0.0,0.14285714285714285,7
M030421,C199,C063,1,73,1.4313725490196079,0.16297872340425534,0.05515010201107548,0.1623465039869335,0.05444193013806276,0.0,0.2,5
M030421,C202,C063,1,51,1.0,0.19999999999999996,0.10554621848739497,0.1630269269307594,0.09422057104487953,0.0196078431372549,0.0,2
M030421,C125,C029,2,60,1.0526315789473684,0.19780219780219788,0.09152930402930405,0.19768357107461546,0.09595603859186098,0.0,0.0,9
M030421,C151,C029,2,57,1.0,0.19047619047619047,0.07101086048454469,0.2226526320219552,0.08803813108942263,0.0,0.2222222222222222,9
M030421,C197,C029,2,73,1.280701754385965,0.1413373860182371,0.07052816754798685,0.1332889220967944,0.06792694580229997,0.0,0.07692307692307693,13
M031627,C005,C063,1,70,1.1290322580645162,0.049836065573770516,0.03191569086651054,0.07044557745987882,0.039762973965936754,0.0,0.3,10
M031627,C008,C063,1,57,1.1176470588235294,0.040000000000000036,0.03052631578947368,0.038738763153315044,0.025794058265584136,0.0,0.0,5
M031627,C009,C063,1,51,1.0,0.04833333333333334,0.01816993464052288,0.06437707413938094,0.01674912057898794,0.0,0.0,0
M031627,C010,C063,1,51,1.0,0.04999999999999999,0.018300653594771243,0.06595009102269316,0.020450336775016505,0.0196078431372549,0.0,0
M031627,C018,C063,1,51,1.0,0.047272727272727244,0.016648841354723703,0.055103358483644956,0.01922843447323076,0.0,0.0,0
M031627,C019,C063,1,51,1.0,0.049090909090909074,0.019073083778966125,0.060213806091649946,0.017873408439369232,0.0,0.0,0
M031627,C025,C063,1,51,1.0,0.049032258064516124,0.024174573055028462,0.058346383673686435,0.02558798482946984,0.0,0.0,2
M031627,C029,C063,1,60,1.0526315789473684,0.049285714285714266,0.02540476190476191,0.04788975120298338,0.024745713496607383,0.0,0.14285714285714285,7
M031627,C030,C063,1,59,1.1346153846153846,0.04862745098039212,0.023443004320372218,0.05129920748592108,0.022140989538471666,0.0,0.0,5
M031627,C034,C063,1,51,1.0,0.050000000000000044,0.02127450980392157,0.07909989759236756,0.02534977364198818,0.0392156862745098,0.0,0
M031627,C044,C063,1,58,1.0545454545454545,0.04962962962962969,0.03174968071519795,0.05130662540391962,0.02744710374721785,0.0,0.0,4
M031627,C045,C063,1,58,1.0545454545454545,0.04518518518518516,0.021430395913154536,0.04153220817698897,0.01819639261039806,0.0,0.0,0
M031627,C047,C063,1,51,1.0,0.0485714285714286,0.02052287581699347,0.07330778364706347,0.023933460220046453,0.0,0.0,8
M031627,C050,C063,1,51,1.0,0.04666666666666666,0.019477124183006532,0.08194529342537239,0.029870305764784295,0.0,0.0,1
M031627,C051,C063,1,51,1.0,0.046666666666666745,0.020784313725490194,0.0884589392936305,0.03381011948338016,0.0,0.0,4
M031627,C053,C063,1,51,1.0,0.046666666666666745,0.019738562091503268,0.053144377621186345,0.020491607175375553,0.0,0.0,0
M031627,C064,C063,1,57,1.1176470588235294,0.040000000000000036,0.03192982456140351,0.03977201565963003,0.03125006866442169,0.0,0.0,4
M031627,C065,C063,1,58,1.1372549019607843,0.040000000000000036,0.02827586206896552,0.0397720156596298,0.028114700724910676,0.0,0.0,8
M031627,C086,C063,1,54,1.0588235294117647,0.04956521739130437,0.03104669887278582,0.04555085547954646,0.021499634394561425,0.0,0.0,4
M031627,C105,C063,1,52,1.0196078431372548,0.04999999999999999,0.026456043956043958,0.06347617142554507,0.031239397878091938,0.019230769230769232,0.0,2
M031627,C109,C063,1,61,1.150943396226415,0.050000000000000044,0.03010088272383354,0.05001065920485757,0.029497700236733895,0.01639344262295082,0.0,0
M031627,C125,C063,1,51,1.0,0.0492307692307693,0.02485671191553545,0.05850418579744515,0.027965541257099862,0.0,0.0,2
M031627,C129,C063,1,51,1.0,0.0488888888888889,0.019259259259259264,0.06747658350363413,0.022802208507049004,0.0,0.0,0
M031627,C130,C063,1,51,1.0,0.0488888888888889,0.02209150326797386,0.05672013442965924,0.01710854786858616,0.0,0.0,0
M031627,C136,C063,1,51,1.0,0.07,0.03186274509803923,0.14573408067851598,0.053392485570494044,0.0,0.0,1
M031627,C137,C063,1,51,1.0,0.07,0.031470588235294125,0.145734080678516,0.05753649085671,0.0,0.0,1
M031627,C138,C063,1,51,1.0,0.049523809523809526,0.021904761904761903,0.05694558830905889,0.02606774012989702,0.0,0.0,3
M031627,C139,C063,1,51,1.0,0.049523809523809526,0.022427637721755364,0.05405336081525017,0.019976102013128445,0.0,0.0,0
M031627,C150,C063,1,51,1.0,0.046666666666666745,0.01973856209150327,0.07925248498843727,0.029392661482771407,0.0,0.0,0
M031627,C151,C063,1,51,1.0,0.046666666666666745,0.020000000000000004,0.07925248498843739,0.027206813200824506,0.0,0.0,2
M031627,C152,C063,1,51,1.0,0.046666666666666745,0.020784313725490205,0.07925248498843739,0.028497919278996437,0.0,0.0,2
M031627,C153,C063,1,55,1.0784313725490196,0.049523809523809526,0.027480519480519473,0.052138962577533844,0.028779965841608007,0.0,0.0,0
M031627,C166,C063,1,74,1.0136986301369864,0.050000000000000044,0.03286036036036036,0.04353059488282843,0.027461315108534293,0.02702702702702703,0.0,0
M031627,C179,C063,1,51,1.0,0.04857142857142857,0.019383753501400564,0.06719451031649135,0.027578295248103332,0.0,0.0,0
M031627,C180,C063,1,51,1.0,0.06000000000000005,0.027450980392156862,0.19612096163485584,0.06184107714010441,0.19607843137254902,0.0,0
M031627,C181,C063,1,51,1.0,0.0485714285714286,0.019775910364145655,0.08639965498347486,0.03954790703943029,0.0,0.0,0
M031627,C182,C063,1,59,1.1132075471698113,0.050000000000000044,0.030456323337679267,0.05251354189521413,0.03151645645696953,0.03389830508474576,0.0,0
M031627,C183,C063,1,57,1.0754716981132075,0.050000000000000044,0.034480431848852904,0.05251354189521413,0.03579426476672438,0.03508771929824561,0.0,3
M031627,C192,C063,1,52,1.0196078431372548,0.049473684210526336,0.019716599190283398,0.053736501847375606,0.02129568508160972,0.0,0.0,2
M031627,C193,C063,1,53,1.0392156862745099,0.04526315789473684,0.02635551142005958,0.05100512987111807,0.027175364263809412,0.0,0.0,2
M031627,C194,C063,1,66,1.064516129032258,0.04950819672131149,0.025221063089915542,0.04307540557281923,0.0203363777756106,0.0,0.0,0
M031627,C195,C063,1,62,1.0,0.049836065573770516,0.03263352723426759,0.04307540557281923,0.0248682379565811,0.0,0.0,4
M031627,C197,C063,1,60,1.1764705882352942,0.044680851063829796,0.026695035460992906,0.0438354746212513,0.026345206437620627,0.0,0.0,6
M031627,C198,C063,1,56,1.0980392156862746,0.0497872340425532,0.02466565349544073,0.048703951196079995,0.024852891609622958,0.0,0.0,7
M031627,C199,C063,1,59,1.1568627450980393,0.048936170212765945,0.02848178867652362,0.04950896880928706,0.02794427537324672,0.0,0.0,5
M031627,C202,C063,1,51,1.0,0.0485714285714286,0.019831932773109247,0.08830537594649465,0.03458268010004032,0.0,0.0,2
M031627,C006,C110,2,69,1.078125,0.04914529914529914,0.02698147263364654,0.046057955905040464,0.025892927356775525,0.0,0.09090909090909091,11
M031627,C035,C110,2,53,1.0,0.04807692307692313,0.02186139332365747,0.08264341215080191,0.030169868592648256,0.0,0.0,4
M031627,C036,C110,2,53,1.0,0.04807692307692313,0.021317126269956462,0.08264341215080186,0.03043245201623945,0.0,0.0,4
M031627,C052,C110,2,53,1.0,0.04999999999999999,0.020657958393807446,0.08426588599757143,0.03203256622935701,0.018867924528301886,0.0,5
M031627,C106,C110,2,53,1.0,0.04945054945054944,0.026124818577648767,0.06457956259499903,0.028456119769672123,0.0,0.0,8
M031627,C154,C110,2,55,1.0377358490566038,0.04029304029304026,0.014785214785214787,0.03633567075167913,0.013721128672768493,0.0,0.0,4
M031681,C005,C194,1,90,1.4516129032258065,0.14754098360655737,0.0593806921675774,0.16921470241302955,0.07323878300593709,0.0,0.3,10
M031681,C008,C194,1,77,1.2419354838709677,0.1140983606557377,0.04629763678944007,0.11584327311345438,0.04726767557340495,0.0,0.2,5
M031681,C009,C194,1,63,1.0161290322580645,0.10245901639344257,0.05013444357706652,0.07564800085463197,0.029011332168817468,0.0,0.0,0
M031681,C010,C194,1,63,1.0161290322580645,0.10245901639344257,0.04280510018214936,0.09177703311269649,0.029516910369258714,0.0,0.0,0
M031681,C018,C194,1,63,1.0161290322580645,0.10357675111773468,0.05109644453906748,0.07013126077064631,0.028349326090630303,0.0,0.0,0
M031681,C019,C194,1,63,1.0161290322580645,0.11400894187779431,0.04825775317578595,0.10238932528677529,0.03267300506318643,0.0,0.0,0
M031681,C025,C194,1,67,1.0806451612903225,0.14965626652564779,0.0813121068375731,0.15774151619455667,0.08811111255217656,0.0,0.0,2
M031681,C029,C194,1,79,1.2741935483870968,0.13934426229508196,0.0666113301514837,0.14074970458580513,0.06626283003949116,0.0,0.42857142857142855,7
M031681,C030,C194,1,70,1.1290322580645162,0.06203792992606878,0.022349267575882813,0.06466606336636015,0.021190509152514355,0.0,0.0,5
M031681,C034,C194,1,63,1.0161290322580645,0.13422131147540983,0.04677335415040333,0.1460498053618668,0.04494174657147996,0.0,0.0,0
M031681,C044,C194,1,76,1.2258064516129032,0.14754098360655737,0.06899706004537755,0.1430521161428717,0.06767664143743611,0.0,0.0,4
M031681,C045,C194,1,67,1.0806451612903225,0.041894353369763215,0.017644020335481056,0.0406947612349647,0.015906942953696733,0.0,0.0,0
M031681,C047,C194,1,65,1.0483870967741935,0.1405152224824356,0.05956884645409237,0.10576431279738936,0.043273891807309874,0.0,0.125,8
M031681,C050,C194,1,62,1.0,0.13879781420765025,0.05293495505023797,0.10078070910466651,0.03619237924311207,0.0,0.0,1
M031681,C051,C194,1,62,1.0,0.14535519125683058,0.06349374228803102,0.17301218772680232,0.0628374570482826,0.0,0.0,4
M031681,C052,C194,1,63,1.0161290322580645,0.14754098360655743,0.0728250498742302,0.1600883679137613,0.06870142487206479,0.0,0.0,3
M031681,C053,C194,1,62,1.0,0.14644808743169396,0.07763088313061874,0.10198266377155046,0.045243939210501245,0.0,0.0,0
M031681,C063,C194,1,68,1.096774193548387,0.07967213114754101,0.03365477338476374,0.06691234762832561,0.028572442073005556,0.0,0.0,0
M031681,C064,C194,1,77,1.2419354838709677,0.10360655737704917,0.03974025974025975,0.10720361729719456,0.04336928669707672,0.0,0.25,4
M031681,C065,C194,1,78,1.2580645161290323,0.14950819672131155,0.04767549390500211,0.16044881961420146,0.0502325333849708,0.0,0.125,8
M031681,C086,C194,1,71,1.1451612903225807,0.11297220242337849,0.04615361448806884,0.1077799131839126,0.04349661626873767,0.0,0.0,4
M031681,C105,C194,1,67,1.0806451612903225,0.11709601873536302,0.04151665559788878,0.10885306426062517,0.04034063256577129,0.0,0.0,2
M031681,C109,C194,1,78,1.2580645161290323,0.1494325346784363,0.06453503411258771,0.13680040881286837,0.05907510867832642,0.0,0.0,0
M031681,C125,C194,1,62,1.0,0.1494325346784363,0.07472643696863687,0.16174293033919065,0.08142208819716233,0.0,0.0,2
M031681,C129,C194,1,62,1.0,0.14754098360655737,0.05651037076208941,0.1061970784691206,0.03472806628758771,0.0,0.0,0
M031681,C130,C194,1,62,1.0,0.14936247723132967,0.0967741935483871,0.10365173412806879,0.058124239398652994,0.0,0.0,0
M031681,C136,C194,1,62,1.0,0.14959016393442626,0.06259915388683235,0.20888490993214712,0.08665478681888505,0.0,0.0,1
M031681,C137,C194,1,62,1.0,0.14959016393442626,0.07591882601797989,0.2088849099321469,0.11944190098223867,0.0,0.0,1
M031681,C138,C194,1,64,1.032258064516129,0.13427010148321625,0.04809475019516003,0.13208509974406574,0.04913074021792546,0.0,0.0,3
M031681,C139,C194,1,62,1.0,0.14754098360655737,0.03616126514064114,0.11582374809010952,0.026147347017320303,0.0,0.0,0
M031681,C150,C194,1,62,1.0,0.10710382513661199,0.04195311122862685,0.11682248590532174,0.04744116155787643,0.0,0.0,0
M031681,C151,C194,1,62,1.0,0.14644808743169396,0.06508020447734886,0.16614879592253035,0.0710517729272772,0.0,0.0,2
M031681,C152,C194,1,63,1.0161290322580645,0.1453551912568306,0.060421545667447306,0.16614879592253035,0.06794264298827479,0.0,0.0,2
M031681,C153,C194,1,72,1.1612903225806452,0.1498829039812647,0.06511297597363169,0.13953200581671082,0.0605343967317378,0.0,0.0,0
M031681,C166,C194,1,91,1.2465753424657535,0.1388888888888889,0.049783322324305934,0.1357153620113413,0.050631402822083865,0.0,0.0,0
M031681,C179,C194,1,62,1.0,0.14754098360655737,0.05305205106897334,0.09271842192652378,0.0277610702357211,0.0,0.0,0
M031681,C180,C194,1,62,1.0,0.14754098360655737,0.08106821787414066,0.2619321792921185,0.0963545779660965,0.0,0.0,0
M031681,C181,C194,1,62,1.0,0.08196721311475409,0.027026516582307175,0.08092732397848795,0.030041147685278668,0.0,0.0,0
M031681,C182,C194,1,76,1.2258064516129032,0.14659520807061788,0.0687761332713878,0.1360491439468148,0.06250270419913488,0.0,0.0,0
M031681,C183,C194,1,73,1.1774193548387097,0.14974779319041615,0.09748397795781581,0.14364259925995293,0.08988990598694338,0.0,0.0,3
M031681,C192,C194,1,69,1.1129032258064515,0.14279551337359797,0.0650923459754161,0.15506147052798333,0.07076216671175847,0.0,0.0,2
M031681,C193,C194,1,78,1.2580645161290323,0.1496980155306299,0.06172982898608438,0.16272660593189817,0.06111347297540528,0.0,0.0,2
M031681,C195,C194,1,71,1.1451612903225807,0.14754098360655743,0.08958670053105518,0.14516129032258074,0.08814175374829622,0.0,0.0,4
M031681,C197,C194,1,89,1.435483870967742,0.14928496686431814,0.06834454838671751,0.15931813316332996,0.06797887467970906,0.0,0.0,6
M031681,C198,C194,1,78,1.2580645161290323,0.14544820369724443,0.06577499932923721,0.13235829786221293,0.0632154683119468,0.0,0.2857142857142857,7
M031681,C199,C194,1,78,1.2580645161290323,0.13707708405999297,0.04931895217908474,0.1249707069233714,0.049424013516544206,0.0,0.2,5
M031681,C202,C194,1,63,1.0161290322580645,0.14871194379391106,0.0701460912233746,0.17536335840925477,0.06378164901521757,0.0,0.0,2
M031681,C006,C154,2,78,1.21875,0.14285714285714285,0.0702075702075702,0.1427604658904082,0.06839840618254793,0.0,0.18181818181818182,11
M031681,C035,C154,2,43,1.0,0.14880952380952384,0.07571982281284607,0.16132498841718312,0.08565495307109061,0.0,0.0,4
M031681,C036,C154,2,43,1.0,0.14583333333333334,0.06720653377630122,0.16900791710121,0.07275069777703556,0.0,0.25,4
M031681,C106,C154,2,45,1.0465116279069768,0.1428571428571429,0.08280423280423281,0.15516687296026957,0.09412888073138828,0.0,0.0,8
M031681,C110,C154,2,56,1.0566037735849056,0.0778388278388279,0.018642072213500786,0.07274090744275365,0.01747509947158442,0.0,0.0,4
M032077,C008,C129,1,52,1.0,0.03594771241830064,0.015145801910507791,0.06206650229094665,0.024426061609030155,0.0,0.2,5
M032077,C025,C129,1,33,1.0,0.04166666666666663,0.0162037037037037,0.05331647639116906,0.022587048363007747,0.0,0.5,2
M032077,C029,C129,1,58,1.0,0.03508771929824561,0.015224843718491627,0.06245423288034039,0.024017228040922958,0.0,0.14285714285714285,7
M032077,C034,C129,1,19,1.0,0.05555555555555555,0.02631578947368421,0.05004769915045209,0.019565618446765128,0.0,0.0,0
M032077,C035,C129,1,19,1.0,0.05555555555555555,0.02631578947368421,0.05004769915045209,0.019565618446765128,0.0,0.0,2
M032077,C044,C129,1,56,1.0,0.03434343434343434,0.014754689754689753,0.06030437140399683,0.027747694206983788,0.0,0.0,4
M032077,C047,C129,1,23,1.0454545454545454,0.04761904761904767,0.023119392684610076,0.05515854526428007,0.022666081629866892,0.0,0.125,8
M032077,C050,C129,1,19,1.0,0.05555555555555558,0.023976608187134506,0.06512065949272425,0.029222607664921352,0.0,0.0,1
M032077,C051,C129,1,19,1.0,0.05555555555555558,0.026315789473684223,0.05527682170058645,0.02408651825725224,0.0,0.0,4
M032077,C052,C129,1,19,1.0,0.05555555555555558,0.020467836257309947,0.055276821700586565,0.020833423075430724,0.0,0.0,3
M032077,C053,C129,1,19,1.0,0.05555555555555558,0.023976608187134506,0.06512065949272414,0.029222607664921334,0.0,0.0,0
M032077,C064,C129,1,51,1.0,0.0377777777777778,0.015991285403050115,0.06975083558497233,0.037604005482390346,0.0392156862745098,0.0,4
M032077,C065,C129,1,51,1.0,0.0377777777777778,0.016339869281045756,0.06975083558497233,0.03765470520872065,0.0392156862745098,0.125,8
M032077,C106,C129,1,29,1.0,0.04365079365079361,0.018062397372742203,0.06483922017511817,0.03200064458022776,0.0,0.16666666666666666,6
M032077,C125,C129,1,28,1.0,0.03703703703703709,0.01653439153439153,0.03418276442731023,0.014478393544342088,0.0,0.0,2
M032077,C130,C129,1,20,1.0526315789473684,0.05555555555555558,0.05,0.05433027043752683,0.047283486478123665,0.9,0.0,0
M032077,C136,C129,1,19,1.0,0.05555555555555558,0.02631578947368421,0.12559075997425212,0.05474588515146337,0.0,0.0,1
M032077,C137,C129,1,19,1.0,0.05555555555555558,0.026315789473684202,0.13042796543116605,0.07228469729938604,0.0,0.0,1
M032077,C138,C129,1,23,1.0,0.0505050505050505,0.022178304787000443,0.04220707627173163,0.018242196679814936,0.043478260869565216,0.0,3
M032077,C139,C129,1,23,1.0,0.045454545454545414,0.01800614844093105,0.043233092503967445,0.018035166216176957,0.0,0.0,0
M032077,C150,C129,1,19,1.0,0.05555555555555558,0.02280701754385965,0.07096279546681475,0.03228246981310353,0.0,0.0,0
M032077,C151,C129,1,19,1.0,0.05555555555555558,0.026315789473684223,0.05846344132281771,0.02425423507947494,0.0,0.0,2
M032077,C152,C129,1,19,1.0,0.05555555555555558,0.022807017543859654,0.05846344132281771,0.020943912096712806,0.0,0.0,2
M032077,C179,C129,1,19,1.0,0.06349206349206352,0.03007518796992481,0.07110915076042258,0.03125200816482036,0.10526315789473684,0.0,0
M032077,C180,C129,1,19,1.0,0.07777777777777783,0.030994152046783633,0.2329376665408159,0.083781577902047,0.10526315789473684,0.0,0
M032077,C181,C129,1,19,1.0,0.06349206349206352,0.023391812865497068,0.05665486150190093,0.025043644736791496,0.05263157894736842,0.0,0
M032077,C192,C129,1,39,1.0,0.040935672514619936,0.016569200779727095,0.0682550045458423,0.027632486305809428,0.05128205128205128,0.0,2
M032077,C193,C129,1,39,1.0,0.040935672514619936,0.016719148298095666,0.06542122045431972,0.032485009216690376,0.05128205128205128,0.0,2
M032077,C202,C129,1,19,1.0,0.06349206349206349,0.03007518796992481,0.06959218375075941,0.03433931138787702,0.10526315789473684,0.0,2
M032077,C009,C010,2,26,1.04,0.04166666666666674,0.038461538461538464,0.0407724546908011,0.03689336712727687,0.9230769230769231,0.0,0
M032077,C018,C010,2,25,1.0,0.041666666666666664,0.02,0.03968360946521944,0.018699702071119265,0.0,0.0,0
M032077,C019,C010,2,25,1.0,0.041666666666666685,0.02,0.04186129991638253,0.01989604502568313,0.0,0.0,0
M032077,C036,C010,2,25,1.0,0.04901960784313725,0.01941176470588236,0.0688352126762002,0.021930895802647784,0.0,0.0,2
M032077,C045,C010,2,56,1.0,0.02954545454545454,0.011796536796536793,0.03238921552719911,0.012489463467578388,0.0,0.0,0
M032077,C063,C010,2,51,1.0,0.030000000000000027,0.012549019607843137,0.05007984989520856,0.02900500111437835,0.0,0.0,0
M032077,C105,C010,2,30,1.0344827586206897,0.03571428571428571,0.01904761904761904,0.03922974854637866,0.014585890634363571,0.0,0.0,2
M032077,C109,C010,2,53,1.0,0.028846153846153855,0.012336719883889699,0.049882271593392674,0.029110717051159314,0.0,0.0,0
M032077,C110,C010,2,53,1.0,0.028846153846153855,0.012518142235123373,0.04684566595919537,0.013890356447186687,0.0,0.0,2
M032087,C008,C129,1,52,1.0,0.03594771241830064,0.015145801910507791,0.06206650229094665,0.024426061609030155,0.0,0.2,5
M032087,C025,C129,1,33,1.0,0.04166666666666663,0.0162037037037037,0.05331647639116906,0.022587048363007747,0.0,0.5,2
M032087,C029,C129,1,58,1.0,0.03508771929824561,0.015224843718491627,0.06245423288034039,0.024017228040922958,0.0,0.14285714285714285,7
M032087,C034,C129,1,19,1.0,0.05555555555555555,0.02631578947368421,0.05004769915045209,0.019565618446765128,0.0,0.0,0
M032087,C035,C129,1,19,1.0,0.05555555555555555,0.02631578947368421,0.05004769915045209,0.019565618446765128,0.0,0.0,2
M032087,C044,C129,1,56,1.0,0.03434343434343434,0.014754689754689753,0.06030437140399683,0.027747694206983788,0.0,0.0,4
M032087,C047,C129,1,23,1.0454545454545454,0.04761904761904767,0.023119392684610076,0.05515854526428007,0.022666081629866892,0.0,0.125,8
M032087,C050,C129,1,19,1.0,0.05555555555555558,0.023976608187134506,0.06512065949272425,0.029222607664921352,0.0,0.0,1
M032087,C051,C129,1,19,1.0,0.05555555555555558,0.026315789473684223,0.05527682170058645,0.02408651825725224,0.0,0.0,4
M032087,C052,C129,1,19,1.0,0.05555555555555558,0.020467836257309947,0.055276821700586565,0.020833423075430724,0.0,0.0,3
M032087,C053,C129,1,19,1.0,0.05555555555555558,0.023976608187134506,0.06512065949272414,0.029222607664921334,0.0,0.0,0
M032087,C064,C129,1,51,1.0,0.0377777777777778,0.015991285403050115,0.06975083558497233,0.037604005482390346,0.0392156862745098,0.0,4
M032087,C065,C129,1,51,1.0,0.0377777777777778,0.016339869281045756,0.06975083558497233,0.03765470520872065,0.0392156862745098,0.125,8
M032087,C106,C129,1,29,1.0,0.04365079365079361,0.018062397372742203,0.06483922017511817,0.03200064458022776,0.0,0.16666666666666666,6
M032087,C125,C129,1,28,1.0,0.03703703703703709,0.01653439153439153,0.03418276442731023,0.014478393544342088,0.0,0.0,2
M032087,C130,C129,1,20,1.0526315789473684,0.05555555555555558,0.05,0.05433027043752683,0.047283486478123665,0.9,0.0,0
M032087,C136,C129,1,19,1.0,0.05555555555555558,0.02631578947368421,0.12559075997425212,0.05474588515146337,0.0,0.0,1
M032087,C137,C129,1,19,1.0,0.05555555555555558,0.026315789473684202,0.13042796543116605,0.07228469729938604,0.0,0.0,1
M032087,C138,C129,1,23,1.0,0.0505050505050505,0.022178304787000443,0.04220707627173163,0.018242196679814936,0.043478260869565216,0.0,3
M032087,C139,C129,1,23,1.0,0.045454545454545414,0.01800614844093105,0.043233092503967445,0.018035166216176957,0.0,0.0,0
M032087,C150,C129,1,19,1.0,0.05555555555555558,0.02280701754385965,0.07096279546681475,0.03228246981310353,0.0,0.0,0
M032087,C151,C129,1,19,1.0,0.05555555555555558,0.026315789473684223,0.05846344132281771,0.02425423507947494,0.0,0.0,2
M032087,C152,C129,1,19,1.0,0.05555555555555558,0.022807017543859654,0.05846344132281771,0.020943912096712806,0.0,0.0,2
M032087,C179,C129,1,19,1.0,0.06349206349206352,0.03007518796992481,0.07110915076042258,0.03125200816482036,0.10526315789473684,0.0,0
M032087,C180,C129,1,19,1.0,0.07777777777777783,0.030994152046783633,0.2329376665408159,0.083781577902047,0.10526315789473684,0.0,0
M032087,C181,C129,1,19,1.0,0.06349206349206352,0.023391812865497068,0.05665486150190093,0.025043644736791496,0.05263157894736842,0.0,0
M032087,C192,C129,1,39,1.0,0.040935672514619936,0.016569200779727095,0.0682550045458423,0.027632486305809428,0.05128205128205128,0.0,2
M032087,C202,C129,1,19,1.0,0.06349206349206349,0.03007518796992481,0.06959218375075941,0.03433931138787702,0.10526315789473684,0.0,2
M032087,C009,C109,2,53,1.0,0.028846153846153855,0.012094823415578135,0.04988227159339262,0.027572133855280043,0.0,0.0,0
M032087,C018,C109,2,53,1.0,0.03146853146853146,0.012996437524739408,0.0529075957045514,0.02936863793018336,0.0,0.0,0
M032087,C063,C109,2,53,1.0,0.020000000000000018,0.007721335268505079,0.019168685304987915,0.007392358638621882,0.018867924528301886,0.0,0
M032087,C010,C019,3,25,1.0,0.041666666666666685,0.02,0.04186129991638253,0.01989604502568313,0.0,0.0,0
M032087,C036,C019,3,23,1.0,0.050802139037433136,0.021041618228318994,0.0681445461859261,0.02089682626026378,0.0,0.0,2
M032087,C045,C019,3,56,1.0,0.027272727272727337,0.012337662337662338,0.0384869748408693,0.014285722747451712,0.0,0.0,0
M032087,C105,C019,3,29,1.0,0.038961038961038974,0.01724137931034482,0.034430555678144494,0.01354884700208371,0.0,0.0,2
M032087,C110,C019,3,53,1.0,0.03146853146853146,0.012798522232484493,0.03844306640998914,0.015038807247574459,0.0,0.0,2
M032087,C193,C019,3,39,1.0,0.03588516746411485,0.01545822598454178,0.023401482741458778,0.010961172713779187,0.05128205128205128,0.0,2
M033076,C008,C025,1,52,1.0,0.048406862745098034,0.02142251131221719,0.055888538982221854,0.019964230326233276,0.0,0.0,7
M033076,C029,C025,1,58,1.0,0.04989035087719296,0.022950695704779183,0.06082969673683845,0.023005981485189328,0.0,0.2222222222222222,9
M033076,C034,C025,1,33,1.0,0.04963235294117646,0.018382352941176464,0.06649355250047875,0.02643323919036671,0.0,0.0,2
M033076,C035,C025,1,33,1.0,0.04963235294117646,0.020499108734402846,0.075236229849721,0.024160283833583523,0.0,0.0,4
M033076,C044,C025,1,56,1.0,0.04829545454545453,0.02035308441558441,0.0628107103928985,0.020202092218270233,0.0,0.0,6
M033076,C045,C025,1,57,1.0178571428571428,0.048295454545454586,0.020175438596491225,0.06481113265769477,0.018346972487131845,0.0,0.0,2
M033076,C047,C025,1,33,1.0,0.049107142857142905,0.01975108225108225,0.05098939357554817,0.018903861961875223,0.0,0.0,10
M033076,C050,C025,1,33,1.0,0.04791666666666672,0.02146464646464646,0.06719152337783914,0.026883872143578205,0.0,0.3333333333333333,3
M033076,C051,C025,1,33,1.0,0.04999999999999999,0.019696969696969695,0.06620053177503037,0.022398843615488256,0.030303030303030304,0.0,6
M033076,C052,C025,1,33,1.0,0.04999999999999999,0.020454545454545447,0.06421854856941313,0.021640486711298965,0.030303030303030304,0.0,5
M033076,C053,C025,1,33,1.0,0.050000000000000044,0.02108585858585858,0.06719152337783903,0.023335711654888767,0.030303030303030304,0.0,2
M033076,C064,C025,1,54,1.0588235294117647,0.050000000000000044,0.022222222222222227,0.06094309014635332,0.020729010142182536,0.018518518518518517,0.16666666666666666,6
M033076,C065,C025,1,52,1.0196078431372548,0.04999999999999999,0.021802884615384616,0.06434782227504958,0.01955701793756359,0.019230769230769232,0.0,10
M033076,C105,C025,1,33,1.0,0.049107142857142905,0.01975108225108225,0.04738327279968009,0.020697606404437317,0.0,0.0,4
M033076,C106,C025,1,33,1.0,0.04910714285714286,0.021645021645021644,0.052974446273930574,0.02376780346694408,0.0,0.0,8
M033076,C125,C025,1,35,1.0606060606060606,0.04745370370370372,0.022156084656084665,0.045403797756262194,0.021025156394359215,0.0,0.25,4
M033076,C129,C025,1,33,1.0,0.045138888888888895,0.019149831649831646,0.06122277131743831,0.021249228650183603,0.0,0.5,2
M033076,C130,C025,1,33,1.0,0.04861111111111116,0.018728956228956227,0.06963596326688629,0.0219372617026821,0.0,0.0,2
M033076,C136,C025,1,33,1.0,0.06597222222222221,0.029040404040404037,0.14652773471914352,0.0743508052027716,0.0,0.3333333333333333,3
M033076,C137,C025,1,33,1.0,0.06597222222222221,0.027988215488215482,0.14652773471914327,0.07771683985742342,0.0,0.3333333333333333,3
M033076,C138,C025,1,34,1.0303030303030303,0.045454545454545414,0.019552139037433153,0.053869132975127694,0.019673212841969136,0.0,0.2,5
M033076,C139,C025,1,33,1.0,0.048295454545454586,0.018939393939393943,0.053869132975127694,0.020116536830723925,0.0,0.0,2
M033076,C150,C025,1,33,1.0,0.04791666666666672,0.021338383838383837,0.06453600702597966,0.02870742819484973,0.0,0.5,2
M033076,C151,C025,1,33,1.0,0.050000000000000044,0.02083333333333333,0.06407611869354299,0.021096223833333618,0.06060606060606061,0.0,4
M033076,C152,C025,1,33,1.0,0.04999999999999999,0.020202020202020197,0.05671790537455465,0.019291581574045414,0.030303030303030304,0.25,4
M033076,C179,C025,1,33,1.0,0.049107142857142905,0.020021645021645017,0.07839366176399314,0.025098281322928823,0.0,0.5,2
M033076,C180,C025,1,33,1.0,0.0625,0.026515151515151516,0.21124636985472336,0.0701802881311798,0.0,0.5,2
M033076,C181,C025,1,33,1.0,0.049107142857142905,0.020021645021645017,0.07300796296392736,0.023974104557038467,0.0,0.5,2
M033076,C192,C025,1,40,1.0256410256410255,0.04605263157894737,0.021875,0.06127434334081076,0.02756337218763939,0.0,0.0,4
M033076,C193,C025,1,40,1.0256410256410255,0.04440789473684209,0.016282894736842107,0.043100048419659816,0.020274461791252186,0.0,0.0,4
M033076,C202,C025,1,33,1.0,0.044642857142857095,0.018398268398268393,0.07426084901156131,0.025418265433264746,0.0,0.25,4
M033076,C010,C009,2,26,1.04,0.04166666666666674,0.004807692307692308,0.040772454690800985,0.0047045140027847645,0.0,0.0,0
M033076,C018,C009,2,26,1.04,0.041666666666666685,0.01617132867132867,0.041861299916382474,0.016452598959014804,0.0,0.0,0
M033076,C019,C009,2,26,1.04,0.041666666666666685,0.01660839160839161,0.041861299916382474,0.01649447762153716,0.0,0.0,0
M033076,C036,C009,2,25,1.0,0.04656862745098039,0.017254901960784323,0.0688352126762002,0.025907868047471787,0.0,0.0,2
M033076,C063,C009,2,51,1.0,0.04666666666666669,0.018823529411764718,0.05938724509961626,0.019115698805479694,0.0,0.0,0
M033076,C109,C009,2,53,1.0,0.04807692307692307,0.018928398645379776,0.06202869413018139,0.023653602592505592,0.0,0.0,0
M033076,C110,C009,2,53,1.0,0.04807692307692307,0.01923076923076923,0.06875019612169452,0.02369416335006693,0.0,0.0,2
M033211,C008,C181,1,52,1.0,0.043417366946778724,0.018476621417797892,0.07702406103053817,0.03479061679048999,0.0,0.2,5
M033211,C025,C181,1,33,1.0,0.049107142857142905,0.020562770562770557,0.07839366176399316,0.029450029584248017,0.0,0.5,2
M033211,C029,C181,1,58,1.0,0.04385964912280704,0.01879699248120301,0.08304134323522272,0.02902663432681571,0.0,0.14285714285714285,7
M033211,C034,C181,1,18,1.0,0.06302521008403361,0.028244631185807653,0.05405653463556178,0.018476688740167033,0.0,0.0,0
M033211,C035,C181,1,18,1.0,0.06302521008403361,0.028244631185807653,0.05405653463556178,0.018476688740167033,0.0,0.0,2
M033211,C044,C181,1,56,1.0,0.04415584415584417,0.018576066790352508,0.0812876392006009,0.026066910093876416,0.0,0.25,4
M033211,C047,C181,1,22,1.0,0.04761904761904767,0.02272727272727272,0.06351535772083909,0.026759231770521585,0.0,0.25,8
M033211,C050,C181,1,16,1.0,0.06666666666666665,0.031249999999999997,0.06152590076159924,0.03206443132580796,0.0,0.0,1
M033211,C051,C181,1,16,1.0,0.06666666666666667,0.03125,0.058832849769347335,0.026758515563607817,0.0,0.0,4
M033211,C052,C181,1,16,1.0,0.047619047619047616,0.019345238095238092,0.04125402098031892,0.017543687117842335,0.0,0.0,3
M033211,C053,C181,1,16,1.0,0.06666666666666665,0.031249999999999997,0.061525900761599354,0.032064431325807954,0.0,0.0,0
M033211,C064,C181,1,51,1.0,0.04571428571428571,0.019271708683473384,0.08520312602138576,0.041002098209174866,0.0392156862745098,0.25,4
M033211,C065,C181,1,51,1.0,0.04571428571428571,0.019271708683473384,0.0852031260213857,0.04100209820917485,0.0392156862745098,0.125,8
M033211,C106,C181,1,29,1.0,0.03571428571428581,0.017241379310344824,0.0656660717326977,0.03478022487782371,0.0,0.16666666666666666,6
M033211,C125,C181,1,28,1.0,0.05291005291005291,0.02031368102796673,0.06198920139860456,0.023544532871446897,0.0,0.0,2
M033211,C129,C181,1,19,1.0,0.06349206349206352,0.023391812865497068,0.05665486150190093,0.025043644736791496,0.05263157894736842,0.0,0
M033211,C130,C181,1,19,1.0,0.06349206349206349,0.03007518796992481,0.06645996863167455,0.02694952904246388,0.10526315789473684,0.0,0
M033211,C136,C181,1,15,1.0,0.07142857142857142,0.03121693121693121,0.12549674831016933,0.056309847711876866,0.0,0.0,1
M033211,C137,C181,1,15,1.0,0.08730158730158727,0.03333333333333332,0.1496621330343822,0.08205904937508096,0.0,0.0,1
M033211,C138,C181,1,23,1.0,0.05844155844155843,0.0254093732354602,0.06321962452160425,0.021205034479079773,0.08695652173913043,0.3333333333333333,3
M033211,C139,C181,1,23,1.0,0.05844155844155843,0.02456239412761152,0.06908981071128079,0.0251626979689716,0.08695652173913043,0.0,0
M033211,C150,C181,1,16,1.0,0.06666666666666665,0.031249999999999997,0.06896134654680543,0.03604770585359697,0.0,0.0,0
M033211,C151,C181,1,16,1.0,0.05238095238095239,0.02142857142857143,0.04299321182571689,0.01665448809416343,0.0,0.0,2
M033211,C152,C181,1,16,1.0,0.038095238095238126,0.01696428571428571,0.03448067327340266,0.015058387115604534,0.0,0.0,2
M033211,C179,C181,1,16,1.0666666666666667,0.07142857142857151,0.0625,0.06762226416386166,0.05827360848975858,0.875,0.0,0
M033211,C180,C181,1,15,1.0,0.08571428571428574,0.03428571428571429,0.20286679249158487,0.0631141132196042,0.13333333333333333,0.0,0
M033211,C192,C181,1,39,1.0,0.048872180451127845,0.020724889145941783,0.08374804198171922,0.028457039056861387,0.05128205128205128,0.0,2
M033211,C193,C181,1,39,1.0,0.048872180451127845,0.020435704646230967,0.08374804198171922,0.03956294909075395,0.05128205128205128,0.0,2
M033211,C202,C181,1,17,1.1333333333333333,0.07142857142857151,0.058823529411764705,0.06950159323531258,0.05141873733065636,0.8235294117647058,0.0,2
M033211,C009,C010,2,26,1.04,0.04166666666666674,0.038461538461538464,0.0407724546908011,0.03689336712727687,0.9230769230769231,0.0,0
M033211,C018,C010,2,25,1.0,0.041666666666666664,0.02,0.03968360946521944,0.018699702071119265,0.0,0.0,0
M033211,C019,C010,2,25,1.0,0.041666666666666685,0.02,0.04186129991638253,0.01989604502568313,0.0,0.0,0
M033211,C036,C010,2,25,1.0,0.04901960784313725,0.01941176470588236,0.0688352126762002,0.021930895802647784,0.0,0.0,2
M033211,C045,C010,2,56,1.0,0.02954545454545454,0.011796536796536793,0.03238921552719911,0.012489463467578388,0.0,0.0,0
M033211,C063,C010,2,51,1.0,0.030000000000000027,0.012549019607843137,0.05007984989520856,0.02900500111437835,0.0,0.0,0
M033211,C105,C010,2,30,1.0344827586206897,0.03571428571428571,0.01904761904761904,0.03922974854637866,0.014585890634363571,0.0,0.0,2
M033211,C109,C010,2,53,1.0,0.028846153846153855,0.012336719883889699,0.049882271593392674,0.029110717051159314,0.0,0.0,0
M033211,C110,C010,2,53,1.0,0.028846153846153855,0.012518142235123373,0.04684566595919537,0.013890356447186687,0.0,0.0,2
M033221,C008,C181,1,52,1.0,0.043417366946778724,0.018476621417797892,0.07702406103053817,0.03479061679048999,0.0,0.2,5
M033221,C025,C181,1,33,1.0,0.049107142857142905,0.020562770562770557,0.07839366176399316,0.029450029584248017,0.0,0.5,2
M033221,C029,C181,1,58,1.0,0.04385964912280704,0.01879699248120301,0.08304134323522272,0.02902663432681571,0.0,0.14285714285714285,7
M033221,C034,C181,1,18,1.0,0.06302521008403361,0.028244631185807653,0.05405653463556178,0.018476688740167033,0.0,0.0,0
M033221,C035,C181,1,18,1.0,0.06302521008403361,0.028244631185807653,0.05405653463556178,0.018476688740167033,0.0,0.0,2
M033221,C044,C181,1,56,1.0,0.04415584415584417,0.018576066790352508,0.0812876392006009,0.026066910093876416,0.0,0.25,4
M033221,C047,C181,1,22,1.0,0.04761904761904767,0.02272727272727272,0.06351535772083909,0.026759231770521585,0.0,0.25,8
M033221,C050,C181,1,16,1.0,0.06666666666666665,0.031249999999999997,0.06152590076159924,0.03206443132580796,0.0,0.0,1
M033221,C051,C181,1,16,1.0,0.06666666666666667,0.03125,0.058832849769347335,0.026758515563607817,0.0,0.0,4
M033221,C052,C181,1,16,1.0,0.047619047619047616,0.019345238095238092,0.04125402098031892,0.017543687117842335,0.0,0.0,3
M033221,C053,C181,1,16,1.0,0.06666666666666665,0.031249999999999997,0.061525900761599354,0.032064431325807954,0.0,0.0,0
M033221,C064,C181,1,51,1.0,0.04571428571428571,0.019271708683473384,0.08520312602138576,0.041002098209174866,0.0392156862745098,0.25,4
M033221,C065,C181,1,51,1.0,0.04571428571428571,0.019271708683473384,0.0852031260213857,0.04100209820917485,0.0392156862745098,0.125,8
M033221,C106,C181,1,29,1.0,0.03571428571428581,0.017241379310344824,0.0656660717326977,0.03478022487782371,0.0,0.16666666666666666,6
M033221,C125,C181,1,28,1.0,0.05291005291005291,0.02031368102796673,0.06198920139860456,0.023544532871446897,0.0,0.0,2
M033221,C129,C181,1,19,1.0,0.06349206349206352,0.023391812865497068,0.05665486150190093,0.025043644736791496,0.05263157894736842,0.0,0
M033221,C130,C181,1,19,1.0,0.06349206349206349,0.03007518796992481,0.06645996863167455,0.02694952904246388,0.10526315789473684,0.0,0
M033221,C136,C181,1,15,1.0,0.07142857142857142,0.03121693121693121,0.12549674831016933,0.056309847711876866,0.0,0.0,1
M033221,C137,C181,1,15,1.0,0.08730158730158727,0.03333333333333332,0.1496621330343822,0.08205904937508096,0.0,0.0,1
M033221,C138,C181,1,23,1.0,0.05844155844155843,0.0254093732354602,0.06321962452160425,0.021205034479079773,0.08695652173913043,0.3333333333333333,3
M033221,C139,C181,1,23,1.0,0.05844155844155843,0.02456239412761152,0.06908981071128079,0.0251626979689716,0.08695652173913043,0.0,0
M033221,C150,C181,1,16,1.0,0.06666666666666665,0.031249999999999997,0.06896134654680543,0.03604770585359697,0.0,0.0,0
M033221,C151,C181,1,16,1.0,0.05238095238095239,0.02142857142857143,0.04299321182571689,0.01665448809416343,0.0,0.0,2
M033221,C152,C181,1,16,1.0,0.038095238095238126,0.01696428571428571,0.03448067327340266,0.015058387115604534,0.0,0.0,2
M033221,C179,C181,1,16,1.0666666666666667,0.07142857142857151,0.0625,0.06762226416386166,0.05827360848975858,0.875,0.0,0
M033221,C180,C181,1,15,1.0,0.08571428571428574,0.03428571428571429,0.20286679249158487,0.0631141132196042,0.13333333333333333,0.0,0
M033221,C192,C181,1,39,1.0,0.048872180451127845,0.020724889145941783,0.08374804198171922,0.028457039056861387,0.05128205128205128,0.0,2
M033221,C202,C181,1,17,1.1333333333333333,0.07142857142857151,0.058823529411764705,0.06950159323531258,0.05141873733065636,0.8235294117647058,0.0,2
M033221,C009,C109,2,53,1.0,0.028846153846153855,0.012094823415578135,0.04988227159339262,0.027572133855280043,0.0,0.0,0
M033221,C018,C109,2,53,1.0,0.03146853146853146,0.012996437524739408,0.0529075957045514,0.02936863793018336,0.0,0.0,0
M033221,C063,C109,2,53,1.0,0.020000000000000018,0.007721335268505079,0.019168685304987915,0.007392358638621882,0.018867924528301886,0.0,0
M033221,C010,C019,3,25,1.0,0.041666666666666685,0.02,0.04186129991638253,0.01989604502568313,0.0,0.0,0
M033221,C036,C019,3,23,1.0,0.050802139037433136,0.021041618228318994,0.0681445461859261,0.02089682626026378,0.0,0.0,2
M033221,C045,C019,3,56,1.0,0.027272727272727337,0.012337662337662338,0.0384869748408693,0.014285722747451712,0.0,0.0,0
M033221,C105,C019,3,29,1.0,0.038961038961038974,0.01724137931034482,0.034430555678144494,0.01354884700208371,0.0,0.0,2
M033221,C110,C019,3,53,1.0,0.03146853146853146,0.012798522232484493,0.03844306640998914,0.015038807247574459,0.0,0.0,2
M033221,C193,C019,3,39,1.0,0.03588516746411485,0.01545822598454178,0.023401482741458778,0.010961172713779187,0.05128205128205128,0.0,2
M034102,C008,C045,1,72,1.2857142857142858,0.1347593582887701,0.04171122994652406,0.1349164399979753,0.04161810837450272,0.0,0.0,0
M034102,C009,C045,1,56,1.0,0.1477272727272727,0.0647862554112554,0.1246802565814484,0.05959010508717156,0.0,0.0,0
M034102,C010,C045,1,56,1.0,0.15000000000000002,0.08277867965367966,0.15119994596334813,0.07563681672227819,0.017857142857142856,0.0,0
M034102,C018,C045,1,56,1.0,0.14545454545454545,0.06883116883116883,0.120422482719277,0.060608487280884644,0.0,0.0,0
M034102,C019,C045,1,56,1.0,0.1454545454545455,0.0849025974025974,0.15609674587173672,0.0752497434554458,0.0,0.0,0
M034102,C025,C045,1,62,1.1071428571428572,0.1471590909090909,0.06984970674486803,0.13390109702247063,0.07135035161713217,0.0,0.0,0
M034102,C034,C045,1,56,1.0,0.14652406417112301,0.08151260504201678,0.1824090198139085,0.06194526100249176,0.0,0.0,0
M034102,C035,C045,1,56,1.0,0.14652406417112301,0.08088235294117647,0.19108274432799147,0.0822802056968429,0.0,0.0,0
M034102,C036,C045,1,56,1.0,0.14652406417112296,0.09419404125286479,0.19108274432799124,0.09025589368171781,0.0,0.0,0
M034102,C044,C045,1,72,1.2857142857142858,0.1454545454545455,0.0691919191919192,0.14388503767232627,0.06844531305940521,0.0,0.0,0
M034102,C047,C045,1,60,1.0714285714285714,0.1471861471861472,0.0668831168831169,0.12760898479351987,0.05638599290006953,0.0,0.0,0
M034102,C050,C045,1,56,1.0,0.09090909090909094,0.03084415584415584,0.10253305220422763,0.030907792073813414,0.0,0.0,0
M034102,C051,C045,1,56,1.0,0.14545454545454545,0.06969696969696967,0.1477749794617914,0.057123650443510206,0.0,0.0,0
M034102,C052,C045,1,56,1.0,0.14545454545454545,0.06525974025974027,0.13906001759223288,0.05450314865155203,0.0,0.0,0
M034102,C053,C045,1,56,1.0,0.13333333333333336,0.06774891774891774,0.1385043116223093,0.06774285728485249,0.0,0.0,0
M034102,C063,C045,1,61,1.0892857142857142,0.04181818181818181,0.01588673621460507,0.040957038172516294,0.015418818117885121,0.0,0.0,0
M034102,C064,C045,1,73,1.3035714285714286,0.1072727272727273,0.04647571606475715,0.09923469817532864,0.04558609362682703,0.0,0.0,0
M034102,C065,C045,1,71,1.2678571428571428,0.14,0.061562099871959014,0.13912092821080646,0.06101705651604746,0.0,0.0,0
M034102,C105,C045,1,58,1.0357142857142858,0.11233766233766229,0.03778549037169727,0.11551629077867569,0.032481906236740715,0.0,0.0,0
M034102,C106,C045,1,56,1.0,0.1487012987012987,0.07351576994434139,0.1479414568350509,0.0684813238981657,0.0,0.0,0
M034102,C109,C045,1,73,1.3035714285714286,0.13496503496503495,0.05660024906600248,0.13417979466045388,0.054823277586972675,0.0,0.0,0
M034102,C110,C045,1,72,1.2857142857142858,0.14335664335664333,0.08058954933954934,0.1403558583952817,0.07753116109138294,0.0,0.0,0
M034102,C129,C045,1,56,1.0,0.09696969696969696,0.0387085137085137,0.12851307713611615,0.03697918628737961,0.0,0.0,0
M034102,C130,C045,1,57,1.0178571428571428,0.12626262626262627,0.06514265461633884,0.14836561339717871,0.06592033004213253,0.0,0.0,0
M034102,C136,C045,1,56,1.0,0.1454545454545455,0.07240259740259743,0.23798511395334923,0.09425966436255306,0.0,0.0,0
M034102,C137,C045,1,56,1.0,0.1494949494949495,0.08084415584415584,0.2443158446518807,0.158026252753203,0.0,0.0,0
M034102,C138,C045,1,58,1.0357142857142858,0.14545454545454545,0.07178683385579938,0.1694647671019829,0.08376889880528851,0.0,0.0,0
M034102,C139,C045,1,57,1.0178571428571428,0.09090909090909091,0.026794258373205742,0.08916521301761957,0.03126503007370354,0.0,0.0,0
M034102,C150,C045,1,56,1.0,0.11515151515151512,0.03874458874458874,0.09765471197267392,0.03470554657176386,0.0,0.0,0
M034102,C152,C045,1,56,1.0,0.14545454545454545,0.08268398268398269,0.14033953367658536,0.06388971897683784,0.0,0.0,0
M034102,C179,C045,1,56,1.0,0.10909090909090909,0.027597402597402596,0.08199225022043584,0.02833366633669145,0.0,0.0,0
M034102,C180,C045,1,56,1.0,0.14545454545454545,0.07418831168831168,0.1691019546863003,0.05476675479121202,0.0,0.0,0
M034102,C181,C045,1,56,1.0,0.08051948051948049,0.028061224489795915,0.056070722186626676,0.020445069741050474,0.0,0.0,0
M034102,C192,C045,1,62,1.1071428571428572,0.14928229665071768,0.07746565828059887,0.14104322977060152,0.0752853878157359,0.0,0.0,0
M034102,C193,C045,1,65,1.1607142857142858,0.13062200956937808,0.05146853146853147,0.1298854312268288,0.05033121561580958,0.0,0.0,0
M034102,C202,C045,1,56,1.0,0.14155844155844155,0.060528756957328386,0.11626825861797722,0.055761299927354166,0.0,0.0,0
M034102,C029,C125,2,60,1.0344827586206897,0.1442495126705653,0.0696556205328135,0.16014377334323926,0.08380450530810044,0.0,0.0,0
M034102,C151,C125,2,29,1.0357142857142858,0.14814814814814814,0.07279693486590039,0.15641274139003988,0.07393186829033098,0.0,0.0,0
M034426,C008,C045,1,72,1.2857142857142858,0.1347593582887701,0.04171122994652406,0.1349164399979753,0.041645323690867424,0.0,0.2,5
M034426,C009,C045,1,56,1.0,0.1477272727272727,0.0647862554112554,0.1246802565814484,0.05959010508717156,0.0,0.0,0
M034426,C010,C045,1,56,1.0,0.15000000000000002,0.08277867965367966,0.15119994596334813,0.07563681672227819,0.017857142857142856,0.0,0
M034426,C018,C045,1,56,1.0,0.14545454545454545,0.06883116883116883,0.120422482719277,0.060608487280884644,0.0,0.0,0
M034426,C019,C045,1,56,1.0,0.1454545454545455,0.0849025974025974,0.15609674587173672,0.0752497434554458,0.0,0.0,0
M034426,C025,C045,1,62,1.1071428571428572,0.1443181818181818,0.06934567448680351,0.13390109702247063,0.07084844383194028,0.0,0.0,2
M034426,C034,C045,1,56,1.0,0.14652406417112301,0.08151260504201678,0.1824090198139085,0.06194526100249176,0.0,0.0,0
M034426,C035,C045,1,56,1.0,0.14652406417112301,0.08451107715813598,0.19108274432799147,0.08646683724860016,0.0,0.0,2
M034426,C036,C045,1,56,1.0,0.14652406417112296,0.08894194041252865,0.19108274432799124,0.08670823662258074,0.0,0.0,2
M034426,C044,C045,1,72,1.2857142857142858,0.1454545454545455,0.07121212121212121,0.14388503767232627,0.07044371636040975,0.0,0.0,4
M034426,C047,C045,1,60,1.0714285714285714,0.1471861471861472,0.06030303030303031,0.12760898479351987,0.052533693866011776,0.0,0.25,8
M034426,C050,C045,1,56,1.0,0.09090909090909094,0.03084415584415584,0.10253305220422763,0.030907792073813414,0.0,0.0,1
M034426,C051,C045,1,56,1.0,0.1454545454545454,0.0646103896103896,0.1477749794617914,0.06309281192867122,0.0,0.0,4
M034426,C052,C045,1,56,1.0,0.1454545454545455,0.06915584415584416,0.13906001759223288,0.060329021507065414,0.0,0.0,3
M034426,C053,C045,1,56,1.0,0.13333333333333336,0.06655844155844155,0.1385043116223093,0.06665348705115767,0.0,0.0,0
M034426,C063,C045,1,61,1.0892857142857142,0.04181818181818181,0.01588673621460507,0.040957038172516294,0.015418818117885121,0.0,0.0,0
M034426,C064,C045,1,73,1.3035714285714286,0.10909090909090913,0.04806973848069738,0.10071851454796145,0.04694853905603536,0.0,0.25,4
M034426,C065,C045,1,71,1.2678571428571428,0.13818181818181818,0.062202304737516,0.13749594684148062,0.06141809626425397,0.0,0.125,8
M034426,C105,C045,1,58,1.0357142857142858,0.11233766233766229,0.03778549037169727,0.11551629077867569,0.032481906236740715,0.0,0.0,2
M034426,C106,C045,1,56,1.0,0.1487012987012987,0.07676252319109463,0.1479414568350509,0.07232962385301257,0.0,0.0,6
M034426,C109,C045,1,73,1.3035714285714286,0.13496503496503495,0.05660024906600248,0.13417979466045388,0.054823277586972675,0.0,0.0,0
M034426,C110,C045,1,72,1.2857142857142858,0.14335664335664333,0.08058954933954934,0.1403558583952817,0.07753116109138294,0.0,0.5,2
M034426,C129,C045,1,56,1.0,0.09696969696969696,0.034379509379509385,0.12851307713611615,0.04262014606768076,0.0,0.0,0
M034426,C130,C045,1,57,1.0178571428571428,0.12626262626262627,0.06416799574694312,0.14836561339717871,0.06496716740287768,0.0,0.0,0
M034426,C136,C045,1,56,1.0,0.1494949494949495,0.07308802308802309,0.24330928226532728,0.11290301092186225,0.0,0.0,1
M034426,C137,C045,1,56,1.0,0.1494949494949495,0.0873015873015873,0.2443158446518807,0.16794403343208789,0.0,0.0,1
M034426,C138,C045,1,58,1.0357142857142858,0.14545454545454545,0.07131661442006271,0.1694647671019829,0.08574725988196569,0.0,0.3333333333333333,3
M034426,C139,C045,1,57,1.0178571428571428,0.09090909090909091,0.026794258373205742,0.08916521301761957,0.03126503007370354,0.0,0.0,0
M034426,C150,C045,1,56,1.0,0.11515151515151512,0.03874458874458874,0.09765471197267392,0.03470554657176386,0.0,0.0,0
M034426,C152,C045,1,56,1.0,0.1393939393939394,0.07554112554112555,0.14033953367658536,0.057172241795098624,0.0,0.0,2
M034426,C179,C045,1,56,1.0,0.10909090909090909,0.027597402597402596,0.08199225022043584,0.02833366633669145,0.0,0.0,0
M034426,C180,C045,1,56,1.0,0.14545454545454545,0.07532467532467532,0.1691019546863003,0.053559214359714495,0.0,0.0,0
M034426,C181,C045,1,56,1.0,0.08051948051948049,0.028061224489795915,0.056070722186626676,0.020445069741050474,0.0,0.0,0
M034426,C192,C045,1,62,1.1071428571428572,0.14928229665071768,0.08229665071770337,0.14104322977060152,0.0793817468682047,0.0,0.0,2
M034426,C193,C045,1,65,1.1607142857142858,0.13062200956937808,0.05146853146853147,0.1298854312268288,0.05033121561580958,0.0,0.0,2
M034426,C202,C045,1,56,1.0,0.14155844155844155,0.0611317254174397,0.11626825861797722,0.05819875375548554,0.0,0.0,2
M034426,C029,C125,2,60,1.0344827586206897,0.1442495126705653,0.0739766081871345,0.16014377334323926,0.08869768654920535,0.0,0.0,9
M034426,C151,C125,2,29,1.0357142857142858,0.14814814814814814,0.07279693486590039,0.15641274139003988,0.07418272845334718,0.0,0.0,4
M034588,C008,C045,1,72,1.2857142857142858,0.1347593582887701,0.04171122994652406,0.1349164399979753,0.041645323690867424,0.0,0.2,5
M034588,C009,C045,1,56,1.0,0.1477272727272727,0.0647862554112554,0.1246802565814484,0.05959010508717156,0.0,0.0,0
M034588,C010,C045,1,56,1.0,0.15000000000000002,0.08277867965367966,0.15119994596334813,0.07563681672227819,0.017857142857142856,0.0,0
M034588,C018,C045,1,56,1.0,0.14545454545454545,0.06883116883116883,0.120422482719277,0.060608487280884644,0.0,0.0,0
M034588,C019,C045,1,56,1.0,0.1454545454545455,0.0849025974025974,0.15609674587173672,0.0752497434554458,0.0,0.0,0
M034588,C025,C045,1,62,1.1071428571428572,0.1443181818181818,0.06934567448680351,0.13390109702247063,0.07084844383194028,0.0,0.0,2
M034588,C034,C045,1,56,1.0,0.14652406417112301,0.08151260504201678,0.1824090198139085,0.06194526100249176,0.0,0.0,0
M034588,C035,C045,1,56,1.0,0.14652406417112301,0.08451107715813598,0.19108274432799147,0.08646683724860016,0.0,0.0,2
M034588,C036,C045,1,56,1.0,0.14652406417112296,0.08894194041252865,0.19108274432799124,0.08670823662258074,0.0,0.0,2
M034588,C044,C045,1,72,1.2857142857142858,0.1454545454545455,0.07121212121212121,0.14388503767232627,0.07044371636040975,0.0,0.0,4
M034588,C047,C045,1,60,1.0714285714285714,0.1471861471861472,0.06030303030303031,0.12760898479351987,0.052533693866011776,0.0,0.25,8
M034588,C050,C045,1,56,1.0,0.09090909090909094,0.03084415584415584,0.10253305220422763,0.030907792073813414,0.0,0.0,1
M034588,C051,C045,1,56,1.0,0.1454545454545454,0.0646103896103896,0.1477749794617914,0.06309281192867122,0.0,0.0,4
M034588,C052,C045,1,56,1.0,0.1454545454545455,0.06915584415584416,0.13906001759223288,0.060329021507065414,0.0,0.0,3
M034588,C053,C045,1,56,1.0,0.13333333333333336,0.06655844155844155,0.1385043116223093,0.06665348705115767,0.0,0.0,0
M034588,C063,C045,1,61,1.0892857142857142,0.04181818181818181,0.01588673621460507,0.040957038172516294,0.015418818117885121,0.0,0.0,0
M034588,C064,C045,1,73,1.3035714285714286,0.10909090909090913,0.04806973848069738,0.10071851454796145,0.04694853905603536,0.0,0.25,4
M034588,C065,C045,1,71,1.2678571428571428,0.13818181818181818,0.06163892445582586,0.13749594684148062,0.06086568468458167,0.0,0.125,8
M034588,C105,C045,1,58,1.0357142857142858,0.11233766233766229,0.03778549037169727,0.11551629077867569,0.032481906236740715,0.0,0.0,2
M034588,C106,C045,1,56,1.0,0.1487012987012987,0.07676252319109463,0.1479414568350509,0.07232962385301257,0.0,0.0,6
M034588,C109,C045,1,73,1.3035714285714286,0.13496503496503495,0.05660024906600248,0.13417979466045388,0.054823277586972675,0.0,0.0,0
M034588,C110,C045,1,72,1.2857142857142858,0.14335664335664333,0.08058954933954934,0.1403558583952817,0.07753116109138294,0.0,0.5,2
M034588,C129,C045,1,56,1.0,0.09696969696969696,0.034379509379509385,0.12851307713611615,0.04262014606768076,0.0,0.0,0
M034588,C130,C045,1,57,1.0178571428571428,0.12626262626262627,0.06416799574694312,0.14836561339717871,0.06496716740287768,0.0,0.0,0
M034588,C136,C045,1,56,1.0,0.1494949494949495,0.07308802308802309,0.24330928226532728,0.11290301092186225,0.0,0.0,1
M034588,C137,C045,1,56,1.0,0.1494949494949495,0.0873015873015873,0.2443158446518807,0.16794403343208789,0.0,0.0,1
M034588,C138,C045,1,58,1.0357142857142858,0.14545454545454545,0.07131661442006271,0.1694647671019829,0.08574725988196569,0.0,0.3333333333333333,3
M034588,C139,C045,1,57,1.0178571428571428,0.09090909090909091,0.026794258373205742,0.08916521301761957,0.03126503007370354,0.0,0.0,0
M034588,C150,C045,1,56,1.0,0.11515151515151512,0.03874458874458874,0.09765471197267392,0.03470554657176386,0.0,0.0,0
M034588,C152,C045,1,56,1.0,0.1393939393939394,0.07554112554112555,0.14033953367658536,0.057172241795098624,0.0,0.0,2
M034588,C179,C045,1,56,1.0,0.10909090909090909,0.027597402597402596,0.08199225022043584,0.02833366633669145,0.0,0.0,0
M034588,C180,C045,1,56,1.0,0.14545454545454545,0.07532467532467532,0.1691019546863003,0.053559214359714495,0.0,0.0,0
M034588,C181,C045,1,56,1.0,0.08051948051948049,0.028061224489795915,0.056070722186626676,0.020445069741050474,0.0,0.0,0
M034588,C192,C045,1,62,1.1071428571428572,0.14928229665071768,0.08229665071770337,0.14104322977060152,0.0793817468682047,0.0,0.0,2
M034588,C193,C045,1,65,1.1607142857142858,0.13062200956937808,0.05146853146853147,0.1298854312268288,0.05033121561580958,0.0,0.0,2
M034588,C202,C045,1,56,1.0,0.14155844155844155,0.0611317254174397,0.11626825861797722,0.05819875375548554,0.0,0.0,2
M034588,C029,C125,2,60,1.0344827586206897,0.1442495126705653,0.0739766081871345,0.16014377334323926,0.08869768654920535,0.0,0.0,9
M034588,C151,C125,2,29,1.0357142857142858,0.14814814814814814,0.07279693486590039,0.15641274139003988,0.07418272845334718,0.0,0.0,4
M034750,C008,C045,1,72,1.2857142857142858,0.1347593582887701,0.04171122994652406,0.1349164399979753,0.041645323690867424,0.0,0.2,5
M034750,C009,C045,1,56,1.0,0.1477272727272727,0.0647862554112554,0.1246802565814484,0.05959010508717156,0.0,0.0,0
M034750,C010,C045,1,56,1.0,0.15000000000000002,0.08277867965367966,0.15119994596334813,0.07563681672227819,0.017857142857142856,0.0,0
M034750,C018,C045,1,56,1.0,0.14545454545454545,0.06883116883116883,0.120422482719277,0.060608487280884644,0.0,0.0,0
M034750,C019,C045,1,56,1.0,0.1454545454545455,0.0849025974025974,0.15609674587173672,0.0752497434554458,0.0,0.0,0
M034750,C025,C045,1,62,1.1071428571428572,0.1443181818181818,0.06934567448680351,0.13390109702247063,0.07084844383194028,0.0,0.0,2
M034750,C034,C045,1,56,1.0,0.14652406417112301,0.08151260504201678,0.1824090198139085,0.06194526100249176,0.0,0.0,0
M034750,C035,C045,1,56,1.0,0.14652406417112301,0.08451107715813598,0.19108274432799147,0.08646683724860016,0.0,0.0,2
M034750,C036,C045,1,56,1.0,0.14652406417112296,0.08894194041252865,0.19108274432799124,0.08670823662258074,0.0,0.0,2
M034750,C044,C045,1,72,1.2857142857142858,0.1454545454545455,0.07121212121212121,0.14388503767232627,0.07044371636040975,0.0,0.0,4
M034750,C047,C045,1,60,1.0714285714285714,0.1471861471861472,0.06030303030303031,0.12760898479351987,0.052533693866011776,0.0,0.25,8
M034750,C050,C045,1,56,1.0,0.09090909090909094,0.03084415584415584,0.10253305220422763,0.030907792073813414,0.0,0.0,1
M034750,C051,C045,1,56,1.0,0.1454545454545454,0.0646103896103896,0.1477749794617914,0.06309281192867122,0.0,0.0,4
M034750,C052,C045,1,56,1.0,0.1454545454545455,0.06915584415584416,0.13906001759223288,0.060329021507065414,0.0,0.0,3
M034750,C053,C045,1,56,1.0,0.13333333333333336,0.06655844155844155,0.1385043116223093,0.06665348705115767,0.0,0.0,0
M034750,C063,C045,1,61,1.0892857142857142,0.04181818181818181,0.01588673621460507,0.040957038172516294,0.015418818117885121,0.0,0.0,0
M034750,C064,C045,1,73,1.3035714285714286,0.10909090909090913,0.04806973848069738,0.10071851454796145,0.04694853905603536,0.0,0.25,4
M034750,C065,C045,1,71,1.2678571428571428,0.13818181818181818,0.06163892445582586,0.13749594684148062,0.06086568468458167,0.0,0.125,8
M034750,C105,C045,1,58,1.0357142857142858,0.11233766233766229,0.03778549037169727,0.11551629077867569,0.032481906236740715,0.0,0.0,2
M034750,C106,C045,1,56,1.0,0.1487012987012987,0.07676252319109463,0.1479414568350509,0.07232962385301257,0.0,0.0,6
M034750,C109,C045,1,73,1.3035714285714286,0.13496503496503495,0.05660024906600248,0.13417979466045388,0.054823277586972675,0.0,0.0,0
M034750,C110,C045,1,72,1.2857142857142858,0.14335664335664333,0.08058954933954934,0.1403558583952817,0.07753116109138294,0.0,0.5,2
M034750,C129,C045,1,56,1.0,0.09696969696969696,0.034379509379509385,0.12851307713611615,0.04262014606768076,0.0,0.0,0
M034750,C130,C045,1,57,1.0178571428571428,0.12626262626262627,0.06416799574694312,0.14836561339717871,0.06496716740287768,0.0,0.0,0
M034750,C136,C045,1,56,1.0,0.1494949494949495,0.07308802308802309,0.24330928226532728,0.11290301092186225,0.0,0.0,1
M034750,C137,C045,1,56,1.0,0.1494949494949495,0.0873015873015873,0.2443158446518807,0.16794403343208789,0.0,0.0,1
M034750,C138,C045,1,58,1.0357142857142858,0.14545454545454545,0.07131661442006271,0.1694647671019829,0.08574725988196569,0.0,0.3333333333333333,3
M034750,C139,C045,1,57,1.0178571428571428,0.09090909090909091,0.026794258373205742,0.08916521301761957,0.03126503007370354,0.0,0.0,0
M034750,C150,C045,1,56,1.0,0.11515151515151512,0.03874458874458874,0.09765471197267392,0.03470554657176386,0.0,0.0,0
M034750,C152,C045,1,56,1.0,0.1393939393939394,0.07554112554112555,0.14033953367658536,0.057172241795098624,0.0,0.0,2
M034750,C179,C045,1,56,1.0,0.10909090909090909,0.027597402597402596,0.08199225022043584,0.02833366633669145,0.0,0.0,0
M034750,C180,C045,1,56,1.0,0.14545454545454545,0.07532467532467532,0.1691019546863003,0.053559214359714495,0.0,0.0,0
M034750,C181,C045,1,56,1.0,0.08051948051948049,0.028061224489795915,0.056070722186626676,0.020445069741050474,0.0,0.0,0
M034750,C192,C045,1,62,1.1071428571428572,0.14928229665071768,0.08229665071770337,0.14104322977060152,0.0793817468682047,0.0,0.0,2
M034750,C193,C045,1,65,1.1607142857142858,0.13062200956937808,0.05146853146853147,0.1298854312268288,0.05033121561580958,0.0,0.0,2
M034750,C202,C045,1,56,1.0,0.14155844155844155,0.0611317254174397,0.11626825861797722,0.05819875375548554,0.0,0.0,2
M034750,C029,C125,2,60,1.0344827586206897,0.1442495126705653,0.0739766081871345,0.16014377334323926,0.08869768654920535,0.0,0.0,9
M034750,C151,C125,2,29,1.0357142857142858,0.14814814814814814,0.07279693486590039,0.15641274139003988,0.07418272845334718,0.0,0.0,4
M034912,C008,C045,1,72,1.2857142857142858,0.1347593582887701,0.04171122994652406,0.1349164399979753,0.041645323690867424,0.0,0.2,5
M034912,C009,C045,1,56,1.0,0.1477272727272727,0.0647862554112554,0.1246802565814484,0.05959010508717156,0.0,0.0,0
M034912,C010,C045,1,56,1.0,0.15000000000000002,0.08277867965367966,0.15119994596334813,0.07563681672227819,0.017857142857142856,0.0,0
M034912,C018,C045,1,56,1.0,0.14545454545454545,0.06883116883116883,0.120422482719277,0.060608487280884644,0.0,0.0,0
M034912,C019,C045,1,56,1.0,0.1454545454545455,0.0849025974025974,0.15609674587173672,0.0752497434554458,0.0,0.0,0
M034912,C025,C045,1,62,1.1071428571428572,0.1443181818181818,0.06934567448680351,0.13390109702247063,0.07084844383194028,0.0,0.0,2
M034912,C034,C045,1,56,1.0,0.14652406417112301,0.08151260504201678,0.1824090198139085,0.06194526100249176,0.0,0.0,0
M034912,C035,C045,1,56,1.0,0.14652406417112301,0.08451107715813598,0.19108274432799147,0.08646683724860016,0.0,0.0,2
M034912,C036,C045,1,56,1.0,0.14652406417112296,0.08894194041252865,0.19108274432799124,0.08670823662258074,0.0,0.0,2
M034912,C044,C045,1,72,1.2857142857142858,0.1454545454545455,0.07121212121212121,0.14388503767232627,0.07044371636040975,0.0,0.0,4
M034912,C047,C045,1,60,1.0714285714285714,0.1471861471861472,0.06030303030303031,0.12760898479351987,0.052533693866011776,0.0,0.25,8
M034912,C050,C045,1,56,1.0,0.09090909090909094,0.03084415584415584,0.10253305220422763,0.030907792073813414,0.0,0.0,1
M034912,C051,C045,1,56,1.0,0.1454545454545454,0.0646103896103896,0.1477749794617914,0.06309281192867122,0.0,0.0,4
M034912,C052,C045,1,56,1.0,0.1454545454545455,0.06915584415584416,0.13906001759223288,0.060329021507065414,0.0,0.0,3
M034912,C053,C045,1,56,1.0,0.13333333333333336,0.06655844155844155,0.1385043116223093,0.06665348705115767,0.0,0.0,0
M034912,C063,C045,1,61,1.0892857142857142,0.04181818181818181,0.01588673621460507,0.040957038172516294,0.015418818117885121,0.0,0.0,0
M034912,C064,C045,1,73,1.3035714285714286,0.10909090909090913,0.04806973848069738,0.10071851454796145,0.04694853905603536,0.0,0.25,4
M034912,C065,C045,1,71,1.2678571428571428,0.13818181818181818,0.06163892445582586,0.13749594684148062,0.06086568468458167,0.0,0.125,8
M034912,C105,C045,1,58,1.0357142857142858,0.11233766233766229,0.03778549037169727,0.11551629077867569,0.032481906236740715,0.0,0.0,2
M034912,C106,C045,1,56,1.0,0.1487012987012987,0.07676252319109463,0.1479414568350509,0.07232962385301257,0.0,0.0,6
M034912,C109,C045,1,73,1.3035714285714286,0.13496503496503495,0.05660024906600248,0.13417979466045388,0.054823277586972675,0.0,0.0,0
M034912,C110,C045,1,72,1.2857142857142858,0.14335664335664333,0.07921037296037296,0.1403558583952817,0.07609644614712857,0.0,0.0,2
M034912,C129,C045,1,56,1.0,0.09696969696969696,0.034379509379509385,0.12851307713611615,0.04262014606768076,0.0,0.0,0
M034912,C130,C045,1,57,1.0178571428571428,0.12626262626262627,0.06416799574694312,0.14836561339717871,0.06496716740287768,0.0,0.0,0
M034912,C136,C045,1,56,1.0,0.1494949494949495,0.07308802308802309,0.24330928226532728,0.11290301092186225,0.0,0.0,1
M034912,C137,C045,1,56,1.0,0.1494949494949495,0.0873015873015873,0.2443158446518807,0.16794403343208789,0.0,0.0,1
M034912,C138,C045,1,58,1.0357142857142858,0.14545454545454545,0.07131661442006271,0.1694647671019829,0.08574725988196569,0.0,0.3333333333333333,3
M034912,C139,C045,1,57,1.0178571428571428,0.09090909090909091,0.026794258373205742,0.08916521301761957,0.03126503007370354,0.0,0.0,0
M034912,C150,C045,1,56,1.0,0.11515151515151512,0.03874458874458874,0.09765471197267392,0.03470554657176386,0.0,0.0,0
M034912,C152,C045,1,56,1.0,0.1393939393939394,0.07554112554112555,0.14033953367658536,0.057172241795098624,0.0,0.0,2
M034912,C179,C045,1,56,1.0,0.10909090909090909,0.027597402597402596,0.08199225022043584,0.02833366633669145,0.0,0.0,0
M034912,C180,C045,1,56,1.0,0.14545454545454545,0.07532467532467532,0.1691019546863003,0.053559214359714495,0.0,0.0,0
M034912,C181,C045,1,56,1.0,0.08051948051948049,0.028061224489795915,0.056070722186626676,0.020445069741050474,0.0,0.0,0
M034912,C192,C045,1,62,1.1071428571428572,0.14928229665071768,0.08229665071770337,0.14104322977060152,0.0793817468682047,0.0,0.0,2
M034912,C193,C045,1,65,1.1607142857142858,0.13062200956937808,0.05146853146853147,0.1298854312268288,0.05033121561580958,0.0,0.0,2
M034912,C202,C045,1,56,1.0,0.14155844155844155,0.0611317254174397,0.11626825861797722,0.05819875375548554,0.0,0.0,2
M034912,C029,C125,2,60,1.0344827586206897,0.1442495126705653,0.0739766081871345,0.16014377334323926,0.08869768654920535,0.0,0.0,9
M034912,C151,C125,2,29,1.0357142857142858,0.14814814814814814,0.07279693486590039,0.15641274139003988,0.07418272845334718,0.0,0.0,4
M035056,C008,C063,1,66,1.2692307692307692,0.09411764705882353,0.04192513368983957,0.09479243705628847,0.0428041129897633,0.0,0.0,5
M035056,C009,C063,1,51,1.0,0.09833333333333336,0.05875816993464053,0.11256956006296072,0.05507168688968047,0.0,0.0,0
M035056,C010,C063,1,51,1.0,0.09999999999999998,0.06281045751633987,0.11567202513109649,0.058616354069912696,0.0196078431372549,0.0,0
M035056,C018,C063,1,51,1.0,0.09818181818181826,0.060178253119429606,0.11536442075992946,0.05492863032676939,0.0,0.0,0
M035056,C019,C063,1,51,1.0,0.09999999999999998,0.06278074866310161,0.11536442075992968,0.05575702439220911,0.0196078431372549,0.0,0
M035056,C025,C063,1,55,1.0784313725490196,0.09875,0.057204545454545466,0.12141048676907543,0.06060991386445942,0.0,0.5,2
M035056,C034,C063,1,51,1.0,0.09058823529411764,0.05229527104959629,0.1337704133805934,0.028976540376734024,0.0,0.0,0
M035056,C035,C063,1,51,1.0,0.09999999999999998,0.048650519031141856,0.13508436244358288,0.05956405983376314,0.0196078431372549,0.0,2
M035056,C036,C063,1,51,1.0,0.1,0.054371395617070356,0.13442738791208814,0.055353429815065865,0.0392156862745098,0.0,2
M035056,C045,C063,1,61,1.0892857142857142,0.04181818181818181,0.01588673621460507,0.040957038172516294,0.015418818117885121,0.0,0.0,0
M035056,C047,C063,1,54,1.0588235294117647,0.09809523809523812,0.04375661375661376,0.1218179809145594,0.04357611393878132,0.0,0.125,8
M035056,C050,C063,1,51,1.0,0.10000000000000009,0.03202614379084968,0.11597624174466363,0.03773039197028707,0.0196078431372549,0.0,1
M035056,C051,C063,1,51,1.0,0.09999999999999998,0.04640522875816994,0.13085083766471398,0.0486026594877216,0.0196078431372549,0.0,4
M035056,C052,C063,1,51,1.0,0.09999999999999998,0.05111111111111113,0.11800395789701044,0.048084745430321714,0.058823529411764705,0.0,3
M035056,C053,C063,1,51,1.0,0.10000000000000009,0.05241830065359476,0.12239968162851528,0.055770104291193195,0.0392156862745098,0.0,0
M035056,C064,C063,1,68,1.3333333333333333,0.10000000000000003,0.043529411764705886,0.0980530553918327,0.0426736144060511,0.07352941176470588,0.25,4
M035056,C065,C063,1,64,1.2549019607843137,0.10000000000000009,0.0546875,0.09805305539183276,0.05362276466740849,0.296875,0.125,8
M035056,C105,C063,1,53,1.0392156862745099,0.09714285714285709,0.03296495956873316,0.10491687538152485,0.029601968216977855,0.0,0.0,2
M035056,C106,C063,1,51,1.0,0.09714285714285714,0.04904761904761905,0.10303423974003945,0.051013013764564616,0.0,0.0,6
M035056,C109,C063,1,64,1.2075471698113207,0.09153846153846157,0.04664663461538462,0.09032542911450042,0.04592621452278113,0.0,0.0,0
M035056,C110,C063,1,62,1.169811320754717,0.09384615384615386,0.06032258064516131,0.09255348876469434,0.05922951230636626,0.0,0.0,2
M035056,C129,C063,1,51,1.0,0.09333333333333332,0.02997821350762527,0.12537394904392207,0.040653324008766416,0.0,0.0,0
M035056,C130,C063,1,52,1.0196078431372548,0.09999999999999998,0.05688034188034189,0.13147987172956976,0.05769503852555654,0.019230769230769232,0.0,0
M035056,C136,C063,1,51,1.0,0.09999999999999998,0.04518518518518519,0.19582019574026546,0.09347854536684087,0.0196078431372549,0.0,1
M035056,C137,C063,1,51,1.0,0.09999999999999998,0.04605664488017429,0.20226176108525426,0.1239652531198947,0.0196078431372549,0.0,1
M035056,C138,C063,1,53,1.0392156862745099,0.09999999999999998,0.051389365351629496,0.12630883877585833,0.06870458251149653,0.018867924528301886,0.3333333333333333,3
M035056,C139,C063,1,52,1.0196078431372548,0.08727272727272725,0.030174825174825164,0.11213662148109509,0.032814880429045415,0.0,0.0,0
M035056,C150,C063,1,51,1.0,0.10000000000000009,0.03803921568627451,0.11737615769749794,0.04062715815919032,0.0196078431372549,0.0,0
M035056,C152,C063,1,51,1.0,0.09999999999999998,0.047189542483660134,0.09719052907372887,0.03477829623665423,0.0196078431372549,0.0,2
M035056,C179,C063,1,51,1.0,0.08,0.02504201680672269,0.10278398787890973,0.031727964157299456,0.0,0.0,0
M035056,C180,C063,1,51,1.0,0.10000000000000009,0.05019607843137254,0.1325433450614886,0.04615699121153021,0.13725490196078433,0.0,0
M035056,C181,C063,1,51,1.0,0.09142857142857147,0.028963585434173673,0.08587456006677766,0.029103047175581646,0.0,0.0,0
M035056,C192,C063,1,54,1.0588235294117647,0.09999999999999998,0.05461988304093567,0.09835117163650253,0.054540801342656424,0.018518518518518517,0.0,2
M035056,C193,C063,1,59,1.1568627450980393,0.09789473684210526,0.051311329170383585,0.10074660122542273,0.05046414548986355,0.0,0.0,2
M035056,C202,C063,1,51,1.0,0.09999999999999998,0.0500280112044818,0.13572055120214865,0.048491736345993214,0.0196078431372549,0.0,2
M035056,C029,C125,2,58,1.0,0.09941520467836262,0.05757209114740875,0.11621394960044432,0.07240372638249407,0.0,0.0,9
M035056,C044,C125,2,57,1.0178571428571428,0.0983164983164983,0.05521885521885521,0.11579062681197781,0.0649637959311188,0.0,0.0,6
M035056,C151,C125,2,28,1.0,0.09629629629629632,0.047089947089947085,0.10063768856295845,0.05512914825429134,0.0,0.0,4
M035074,C008,C045,1,72,1.2857142857142858,0.1347593582887701,0.04198356110120816,0.1349164399979753,0.04191486289131735,0.0,0.2,5
M035074,C009,C045,1,56,1.0,0.1477272727272727,0.0647862554112554,0.1246802565814484,0.05959010508717156,0.0,0.0,0
M035074,C010,C045,1,56,1.0,0.15000000000000002,0.08277867965367966,0.15119994596334813,0.07563681672227819,0.017857142857142856,0.0,0
M035074,C018,C045,1,56,1.0,0.14545454545454545,0.06883116883116883,0.120422482719277,0.060608487280884644,0.0,0.0,0
M035074,C019,C045,1,56,1.0,0.1454545454545455,0.0849025974025974,0.15609674587173672,0.0752497434554458,0.0,0.0,0
M035074,C025,C045,1,62,1.1071428571428572,0.1443181818181818,0.06934567448680351,0.13390109702247063,0.07084844383194028,0.0,0.0,2
M035074,C034,C045,1,56,1.0,0.14652406417112301,0.08151260504201678,0.1824090198139085,0.06194526100249176,0.0,0.0,0
M035074,C035,C045,1,56,1.0,0.14652406417112301,0.08451107715813598,0.19108274432799147,0.08646683724860016,0.0,0.0,2
M035074,C036,C045,1,56,1.0,0.14652406417112296,0.08894194041252865,0.19108274432799124,0.08670823662258074,0.0,0.0,2
M035074,C044,C045,1,72,1.2857142857142858,0.1454545454545455,0.07121212121212121,0.14388503767232627,0.07044371636040975,0.0,0.0,4
M035074,C047,C045,1,60,1.0714285714285714,0.1471861471861472,0.06030303030303031,0.12760898479351987,0.052533693866011776,0.0,0.25,8
M035074,C050,C045,1,56,1.0,0.09090909090909094,0.03084415584415584,0.10253305220422763,0.030907792073813414,0.0,0.0,1
M035074,C051,C045,1,56,1.0,0.1454545454545454,0.0646103896103896,0.1477749794617914,0.06309281192867122,0.0,0.0,4
M035074,C052,C045,1,56,1.0,0.1454545454545455,0.06915584415584416,0.13906001759223288,0.060329021507065414,0.0,0.0,3
M035074,C053,C045,1,56,1.0,0.13333333333333336,0.06655844155844155,0.1385043116223093,0.06665348705115767,0.0,0.0,0
M035074,C063,C045,1,61,1.0892857142857142,0.04181818181818181,0.01588673621460507,0.040957038172516294,0.015418818117885121,0.0,0.0,0
M035074,C064,C045,1,73,1.3035714285714286,0.10909090909090913,0.04806973848069738,0.10071851454796145,0.04694853905603536,0.0,0.25,4
M035074,C065,C045,1,71,1.2678571428571428,0.13818181818181818,0.06163892445582586,0.13749594684148062,0.06086568468458167,0.0,0.125,8
M035074,C105,C045,1,58,1.0357142857142858,0.11233766233766229,0.03778549037169727,0.11551629077867569,0.032481906236740715,0.0,0.0,2
M035074,C106,C045,1,56,1.0,0.1487012987012987,0.07676252319109463,0.1479414568350509,0.07232962385301257,0.0,0.0,6
M035074,C109,C045,1,73,1.3035714285714286,0.13496503496503495,0.05660024906600248,0.13417979466045388,0.054823277586972675,0.0,0.0,0
M035074,C110,C045,1,71,1.2678571428571428,0.14335664335664333,0.07978430020683541,0.1403558583952817,0.07662430955939989,0.0,0.0,2
M035074,C129,C045,1,56,1.0,0.09696969696969696,0.034379509379509385,0.12851307713611615,0.04262014606768076,0.0,0.0,0
M035074,C130,C045,1,57,1.0178571428571428,0.12626262626262627,0.06416799574694312,0.14836561339717871,0.06496716740287768,0.0,0.0,0
M035074,C136,C045,1,56,1.0,0.1494949494949495,0.07308802308802309,0.24330928226532728,0.11290301092186225,0.0,0.0,1
M035074,C137,C045,1,56,1.0,0.1494949494949495,0.0873015873015873,0.2443158446518807,0.16794403343208789,0.0,0.0,1
M035074,C138,C045,1,58,1.0357142857142858,0.14545454545454545,0.07131661442006271,0.1694647671019829,0.08574725988196569,0.0,0.3333333333333333,3
M035074,C139,C045,1,57,1.0178571428571428,0.09090909090909091,0.026794258373205742,0.08916521301761957,0.03126503007370354,0.0,0.0,0
M035074,C150,C045,1,56,1.0,0.11515151515151512,0.03874458874458874,0.09765471197267392,0.03470554657176386,0.0,0.0,0
M035074,C152,C045,1,56,1.0,0.1393939393939394,0.07554112554112555,0.14033953367658536,0.057172241795098624,0.0,0.0,2
M035074,C179,C045,1,56,1.0,0.10909090909090909,0.027597402597402596,0.08199225022043584,0.02833366633669145,0.0,0.0,0
M035074,C180,C045,1,56,1.0,0.14545454545454545,0.07532467532467532,0.1691019546863003,0.053559214359714495,0.0,0.0,0
M035074,C181,C045,1,56,1.0,0.08051948051948049,0.028061224489795915,0.056070722186626676,0.020445069741050474,0.0,0.0,0
M035074,C192,C045,1,62,1.1071428571428572,0.14928229665071768,0.08272109893502085,0.14104322977060152,0.07979704111293054,0.0,0.0,2
M035074,C193,C045,1,65,1.1607142857142858,0.13062200956937808,0.05118881118881119,0.1298854312268288,0.05016520998499793,0.0,0.0,2
M035074,C202,C045,1,56,1.0,0.14155844155844155,0.0611317254174397,0.11626825861797722,0.05819875375548554,0.0,0.0,2
M035074,C029,C125,2,60,1.0344827586206897,0.1442495126705653,0.0739766081871345,0.16014377334323926,0.08869768654920535,0.0,0.0,9
M035074,C151,C125,2,29,1.0357142857142858,0.14814814814814814,0.07279693486590039,0.15641274139003988,0.07418272845334718,0.0,0.0,4
M035596,C008,C045,1,73,1.3035714285714286,0.1347593582887701,0.060181183307694175,0.1349164399979753,0.060316150196801546,0.0,0.2,5
M035596,C029,C045,1,78,1.3448275862068966,0.19968102073365235,0.07807630965525703,0.1982905161622716,0.07729287856099178,0.0,0.42857142857142855,7
M035596,C044,C045,1,77,1.375,0.2,0.08571428571428572,0.1978419267994486,0.0847893971997637,0.16883116883116883,0.0,4
M035596,C047,C045,1,59,1.0535714285714286,0.18701298701298702,0.0665199207572089,0.16045865434569406,0.05837587336118065,0.0,0.125,8
M035596,C050,C045,1,56,1.0,0.12121212121212122,0.03896103896103895,0.09642028653506791,0.034037930033212205,0.0,0.0,1
M035596,C051,C045,1,56,1.0,0.18787878787878787,0.06103896103896105,0.15148858760203757,0.05846589181504103,0.0,0.0,4
M035596,C053,C045,1,58,1.0357142857142858,0.18181818181818177,0.07513061650992685,0.16725139343138376,0.05332341171653268,0.0,0.0,0
M035596,C063,C045,1,59,1.0535714285714286,0.047272727272727244,0.019537750385208014,0.051039430327843124,0.019921240264160856,0.0,0.0,0
M035596,C125,C045,1,56,1.0,0.1966329966329966,0.09633237133237131,0.21293921986843722,0.1087553309595519,0.0,0.0,2
M035596,C129,C045,1,56,1.0,0.16262626262626262,0.05229076479076478,0.1251526453424766,0.03413983466291507,0.0,0.0,0
M035596,C130,C045,1,58,1.0357142857142858,0.18787878787878787,0.10440613026819923,0.15701671034611003,0.07454660731441672,0.0,0.0,0
M035596,C136,C045,1,56,1.0,0.19999999999999996,0.08152958152958154,0.28877663773120593,0.14217321657243767,0.017857142857142856,0.0,1
M035596,C137,C045,1,56,1.0,0.1939393939393939,0.10191197691197691,0.2919420030804715,0.1857652128431799,0.0,0.0,1
M035596,C138,C045,1,60,1.0714285714285714,0.12727272727272726,0.0462121212121212,0.12462784875064493,0.049823223912155275,0.0,0.3333333333333333,3
M035596,C139,C045,1,57,1.0178571428571428,0.16363636363636364,0.04290271132376396,0.13501937873906983,0.03701346412559906,0.0,0.0,0
M035596,C150,C045,1,56,1.0,0.12727272727272732,0.04653679653679654,0.1315999691074749,0.048963108992387316,0.0,0.0,0
M035596,C151,C045,1,56,1.0,0.19393939393939397,0.07803030303030302,0.1948029233745278,0.07517214165309258,0.0,0.0,2
M035596,C179,C045,1,56,1.0,0.14545454545454545,0.03970315398886827,0.09424840321750529,0.022894225396988065,0.0,0.0,0
M035596,C180,C045,1,57,1.0178571428571428,0.2,0.10622009569377991,0.2640549689236404,0.1255786397332994,0.03508771929824561,0.0,0
M035596,C181,C045,1,56,1.0,0.0766233766233766,0.025927643784786646,0.09204198160470822,0.0361261948703591,0.0,0.0,0
M035596,C202,C045,1,56,1.0,0.19090909090909092,0.08082096474953618,0.1554499011511614,0.07329140377385471,0.0,0.0,2
M035596,C009,C109,2,54,1.0188679245283019,0.11538461538461542,0.039707977207977196,0.1331672051629547,0.03946011821869885,0.0,0.0,0
M035596,C010,C109,2,54,1.0188679245283019,0.11538461538461542,0.03656220322886989,0.13316720516295458,0.04524961869830589,0.0,0.0,0
M035596,C018,C109,2,54,1.0188679245283019,0.13811188811188813,0.04428904428904429,0.15518670034672732,0.04487223471338858,0.0,0.0,0
M035596,C019,C109,2,53,1.0,0.13811188811188813,0.04083652196859745,0.15518670034672732,0.05028392764760395,0.0,0.0,0
M035596,C025,C109,2,60,1.1320754716981132,0.19951923076923073,0.09555288461538461,0.22220014016035655,0.10411687163589631,0.0,0.0,2
M035596,C034,C109,2,53,1.0,0.19004524886877827,0.05267651327584734,0.2396922600464512,0.07587867230304692,0.0,0.0,0
M035596,C035,C109,2,56,1.0566037735849056,0.18891402714932126,0.07886231415643179,0.23768319190675538,0.09177515119523852,0.0,0.0,2
M035596,C036,C109,2,55,1.0377358490566038,0.19683257918552044,0.08140682846565199,0.1770612820424586,0.071980831745652,0.0,0.0,2
M035596,C052,C109,2,53,1.0,0.1923076923076923,0.07324625060474116,0.193696373366992,0.07176769196536255,0.0,0.0,3
M035596,C064,C109,2,73,1.3773584905660377,0.1923076923076923,0.0848577449947313,0.18867924528301874,0.08352227480833925,0.0,0.0,4
M035596,C065,C109,2,72,1.3584905660377358,0.1892307692307693,0.07570512820512823,0.18584966407945325,0.07444845624205756,0.0,0.125,8
M035596,C105,C109,2,59,1.1132075471698113,0.18681318681318682,0.05322220152728627,0.19343204517804244,0.058335726089024424,0.0,0.0,2
M035596,C106,C109,2,56,1.0566037735849056,0.19780219780219788,0.1007162480376766,0.20346010742907136,0.11021944636061796,0.0,0.0,6
M035596,C110,C109,2,76,1.4339622641509433,0.19230769230769232,0.08350202429149796,0.18867924528301896,0.08192651439920555,0.0,0.0,2
M035596,C152,C109,2,53,1.0,0.19358974358974357,0.0671988388969521,0.19850506872838894,0.06987557407388907,0.0,0.0,2
M035596,C192,C109,2,64,1.2075471698113207,0.19331983805668018,0.09439840587044535,0.19442195345740163,0.09399159233484439,0.0,0.0,2
M035596,C193,C109,2,68,1.2830188679245282,0.17206477732793524,0.06590854965467968,0.17378099752330117,0.06548983027145627,0.0,0.5,2
M036235,C008,C063,1,72,1.3846153846153846,0.1823529411764706,0.08447712418300654,0.1867318330689759,0.08686235042185476,0.0,0.2,5
M036235,C009,C063,1,53,1.0392156862745099,0.10499999999999998,0.025345911949685534,0.08353655072070447,0.02285806171938963,0.0,0.0,0
M036235,C010,C063,1,53,1.0392156862745099,0.065,0.022327044025157238,0.0846473744497379,0.02405676542141621,0.0,0.0,0
M036235,C018,C063,1,53,1.0392156862745099,0.11636363636363634,0.027169811320754706,0.09531262690833567,0.027543003092007537,0.0,0.0,0
M036235,C019,C063,1,53,1.0392156862745099,0.07090909090909092,0.02521440823327615,0.09356146689476552,0.022989757553689222,0.0,0.0,0
M036235,C025,C063,1,60,1.1764705882352942,0.1975,0.09727083333333333,0.21946354216090797,0.10725566065276623,0.0,0.0,2
M036235,C029,C063,1,75,1.293103448275862,0.19894736842105265,0.080706432748538,0.19942387614767565,0.08092200067127436,0.0,0.42857142857142855,7
M036235,C034,C063,1,53,1.0392156862745099,0.1823529411764706,0.04710321864594894,0.23182346877242604,0.07373868382182078,0.0,0.0,0
M036235,C044,C063,1,70,1.25,0.2,0.08932467532467532,0.19795276144590598,0.09047690829252457,0.014285714285714285,0.0,4
M036235,C045,C063,1,59,1.0535714285714286,0.047272727272727244,0.01898305084745763,0.051039430327843124,0.01942172612957139,0.0,0.0,0
M036235,C047,C063,1,55,1.0784313725490196,0.19428571428571428,0.06813852813852814,0.16511192916075626,0.06466521244681328,0.0,0.125,8
M036235,C050,C063,1,52,1.0196078431372548,0.11333333333333329,0.03576923076923077,0.10042106297099082,0.03996648750561285,0.0,0.0,1
M036235,C051,C063,1,51,1.0,0.19333333333333336,0.06627450980392156,0.18359952244277303,0.06646359325017084,0.0,0.0,4
M036235,C052,C063,1,52,1.0196078431372548,0.2,0.08346153846153846,0.20321013352113948,0.07871470510606733,0.038461538461538464,0.0,3
M036235,C053,C063,1,53,1.0392156862745099,0.17999999999999994,0.05698113207547171,0.15857231335246763,0.038430398440604,0.0,0.0,0
M036235,C064,C063,1,72,1.411764705882353,0.16000000000000003,0.06861111111111111,0.15688488862693226,0.06726156640805112,0.0,0.25,4
M036235,C065,C063,1,73,1.4313725490196079,0.20000000000000007,0.07013698630136987,0.1961061107836654,0.06877145802824429,0.0410958904109589,0.125,8
M036235,C105,C063,1,57,1.1176470588235294,0.10142857142857142,0.04280701754385965,0.1093488692407451,0.04662152036135036,0.0,0.0,2
M036235,C109,C063,1,67,1.2641509433962264,0.11230769230769233,0.04924225028702641,0.11037796596624543,0.04832190361349529,0.0,0.0,0
M036235,C125,C063,1,51,1.0,0.19777777777777783,0.09387073347857659,0.21749026386930895,0.1077280500945864,0.0,0.0,2
M036235,C129,C063,1,51,1.0,0.12444444444444444,0.03376906318082789,0.08744556990861181,0.03038576875892159,0.0,0.0,0
M036235,C130,C063,1,53,1.0392156862745099,0.19777777777777783,0.09538784067085954,0.16107493455785288,0.06452157389959147,0.0,0.0,0
M036235,C136,C063,1,51,1.0,0.1822222222222222,0.069760348583878,0.27440559757543154,0.13270551429109212,0.0,0.0,1
M036235,C137,C063,1,51,1.0,0.1955555555555556,0.10383442265795206,0.2938732511320981,0.19146138295195728,0.0,0.0,1
M036235,C138,C063,1,54,1.0588235294117647,0.14181818181818173,0.04316498316498314,0.13459940625951441,0.05255682409404872,0.0,0.3333333333333333,3
M036235,C139,C063,1,52,1.0196078431372548,0.12,0.03867132867132867,0.0983190090083348,0.04409708279008746,0.0,0.0,0
M036235,C150,C063,1,51,1.0,0.14666666666666672,0.056078431372549024,0.15215774184769543,0.06503353055480145,0.0,0.0,0
M036235,C151,C063,1,51,1.0,0.19333333333333336,0.08300653594771244,0.20326033416052883,0.07691728948809208,0.0,0.0,2
M036235,C152,C063,1,52,1.0196078431372548,0.1866666666666667,0.07217948717948719,0.19137896400442847,0.07474793500757161,0.0,0.0,2
M036235,C179,C063,1,51,1.0,0.12,0.027058823529411764,0.06965201338470406,0.027537417749250007,0.0,0.0,0
M036235,C180,C063,1,51,1.0,0.20000000000000007,0.10196078431372549,0.22586546796624418,0.11571745275018701,0.0784313725490196,0.0,0
M036235,C181,C063,1,51,1.0,0.10571428571428565,0.031932773109243695,0.1250957822235107,0.052139761741382136,0.0,0.0,0
M036235,C192,C063,1,65,1.2745098039215685,0.19473684210526315,0.08788663967611336,0.18502856138885437,0.08776727560094892,0.0,0.0,2
M036235,C193,C063,1,67,1.3137254901960784,0.14421052631578946,0.06562450903377848,0.1461054554767912,0.06527625525618501,0.0,0.0,2
M036235,C202,C063,1,51,1.0,0.19999999999999996,0.08873949579831934,0.17494177335888178,0.0787987607210469,0.0196078431372549,0.0,2
M036235,C035,C110,2,53,1.0,0.18438914027149322,0.08575941261845813,0.22964691934797293,0.12452682106643914,0.0,0.0,4
M036235,C036,C110,2,54,1.0188679245283019,0.17760180995475117,0.05563934975699683,0.15819335751415659,0.05888944113521421,0.0,0.0,4
M036235,C106,C110,2,54,1.0188679245283019,0.19780219780219788,0.10210622710622709,0.20346010742907136,0.11142982924509895,0.0,0.0,8
M037288,C029,C025,1,84,1.0,0.049764274489261406,0.03519668737060041,0.045960955696628294,0.02992400800728837,0.0,0.09090909090909091,11
M037288,C034,C025,1,47,1.0,0.048913043478260865,0.025208140610545788,0.039953258506270226,0.016126816570075735,0.0,0.5,2
M037288,C035,C025,1,47,1.0,0.048913043478260865,0.027597903176071543,0.060802641269913076,0.021495457552963237,0.0,0.25,4
M037288,C050,C025,1,47,1.0,0.04940711462450592,0.023505171978807502,0.05067238487978822,0.02054269893437163,0.0,0.0,3
M037288,C051,C025,1,47,1.0,0.04940711462450592,0.020099234715330924,0.06706160807674118,0.021252088713134,0.0,0.0,6
M037288,C052,C025,1,47,1.0,0.04940711462450592,0.024093852493482455,0.06706160807674125,0.02443995158655026,0.0,0.2,5
M037288,C053,C025,1,47,1.0,0.049407114624505866,0.023000588680514678,0.0510813255166426,0.026215098303070623,0.0,0.0,2
M037288,C064,C025,1,75,1.0135135135135136,0.049434187016081044,0.03354774667460792,0.05663595762346535,0.04066218944975974,0.0,0.0,6
M037288,C065,C025,1,75,1.0135135135135136,0.04883859440142935,0.02718284693269803,0.05550890411898647,0.026526213278727392,0.0,0.13333333333333333,15
M037288,C106,C025,1,48,1.0212765957446808,0.049840933191940606,0.028289589961117006,0.04938597332547123,0.02707439918544848,0.0,0.0,10
M037288,C129,C025,1,47,1.0,0.04682274247491641,0.023126734505087877,0.05818330969823047,0.02884717436132047,0.0,0.0,2
M037288,C130,C025,1,47,1.0,0.04849498327759205,0.025901942645698426,0.03953434185647301,0.018628786880462926,0.0,0.5,2
M037288,C136,C025,1,47,1.0,0.04849498327759205,0.02102753860385683,0.106939038152618,0.05747612528545179,0.0,0.3333333333333333,3
M037288,C137,C025,1,47,1.0,0.048494983277591996,0.020244787589838473,0.106939038152618,0.06236189589944216,0.0,0.3333333333333333,3
M037288,C138,C025,1,47,1.0,0.048913043478260865,0.028070074005550408,0.05971505663954757,0.035418154385047036,0.0,0.0,5
M037288,C150,C025,1,47,1.0,0.0434782608695653,0.02636447733580018,0.066231502863307,0.019697079127251563,0.0,0.5,2
M037288,C151,C025,1,47,1.0,0.0434782608695653,0.02451433857539315,0.07161889349047125,0.037141308354363606,0.0,0.25,4
M037288,C152,C025,1,47,1.0,0.0434782608695653,0.0272895467160037,0.07161889349047125,0.039818074179372345,0.0,0.0,4
M037288,C179,C025,1,47,1.0,0.04968944099378886,0.024822695035461008,0.02721765595883327,0.01191512483029848,0.0,0.5,2
M037288,C180,C025,1,47,1.0,0.04859335038363172,0.021467051205310988,0.1237099347467141,0.04305236540466183,0.0,0.25,4
M037288,C181,C025,1,47,1.0,0.0496894409937888,0.023369014580855472,0.06968949635302338,0.04251705875852514,0.0,0.25,4
M037288,C202,C025,1,47,1.0,0.04968944099378886,0.02213558874058412,0.07188714211506053,0.03204883655573796,0.0,0.2,5
M037288,C036,C105,2,42,1.0,0.04979674796747968,0.026592140921409217,0.05577010956855581,0.021687005572178026,0.0,0.0,4
M037288,C063,C105,2,75,1.0135135135135136,0.04978282659538924,0.035447154471544735,0.05794598104407538,0.043160780504534535,0.0,0.0,2
M037477,C029,C025,1,84,1.0,0.09979046621267673,0.0719773503953703,0.09576159082513017,0.06811548924449735,0.0,0.0,0
M037477,C034,C025,1,47,1.0,0.09963768115942029,0.0726950354609929,0.09282828705100386,0.060889048033307594,0.0,0.0,0
M037477,C035,C025,1,47,1.0,0.09963768115942029,0.06494757940178846,0.09282828705100386,0.05391724244500497,0.0,0.0,0
M037477,C050,C025,1,47,1.0,0.09881422924901187,0.06008746110503743,0.09560775169757336,0.05252032963780981,0.0,0.0,0
M037477,C051,C025,1,48,1.0212765957446808,0.09881422924901187,0.050271739130434784,0.11131409059465337,0.05186396168171986,0.0,0.0,0
M037477,C052,C025,1,47,1.0,0.09881422924901187,0.051887982507778985,0.0980653452340468,0.051714960941367884,0.0,0.0,0
M037477,C053,C025,1,49,1.0425531914893618,0.09881422924901184,0.05702992659514399,0.11199697489452644,0.05918186271334049,0.0,0.0,0
M037477,C064,C025,1,78,1.054054054054054,0.09976176295413938,0.07545700279470383,0.10632546148272203,0.08201505215034048,0.0,0.0,0
M037477,C065,C025,1,81,1.0945945945945945,0.0997617629541393,0.059919558232045825,0.10163311472747104,0.060835023342818276,0.0,0.0,0
M037477,C106,C025,1,55,1.1702127659574468,0.09862142099681859,0.06380989106333751,0.0973319251211054,0.06216773301789452,0.0,0.0,0
M037477,C129,C025,1,48,1.0212765957446808,0.09866220735785947,0.058284559643255296,0.10651818751608369,0.06447986635021838,0.0,0.0,0
M037477,C130,C025,1,48,1.0212765957446808,0.09866220735785952,0.059991638795986624,0.08751992103466064,0.05114930710949761,0.0,0.0,0
M037477,C136,C025,1,47,1.0,0.09698996655518394,0.045506297587703685,0.14982575207078394,0.0626190180918598,0.0,0.0,0
M037477,C137,C025,1,47,1.0,0.09698996655518399,0.05312033017860955,0.15877769364513608,0.09755764174566951,0.0,0.0,0
M037477,C138,C025,1,50,1.0638297872340425,0.09782608695652173,0.06152173913043479,0.10398740994945364,0.06332930521112988,0.0,0.0,0
M037477,C150,C025,1,47,1.0,0.08695652173913049,0.05504162812210916,0.066231502863307,0.0428754154554454,0.0,0.0,0
M037477,C151,C025,1,47,1.0,0.08695652173913049,0.04764107308048105,0.11450560740863734,0.062368100535696656,0.0,0.0,0
M037477,C152,C025,1,48,1.0212765957446808,0.08695652173913049,0.05027173913043478,0.11418870207762757,0.061141822749239294,0.0,0.0,0
M037477,C179,C025,1,47,1.0,0.09834368530020698,0.0683890577507599,0.07670276086871612,0.04728346090937963,0.0,0.0,0
M037477,C180,C025,1,47,1.0,0.09846547314578002,0.04970887522446537,0.12288584275474766,0.036296762216838474,0.0,0.0,0
M037477,C181,C025,1,47,1.0,0.09834368530020704,0.05953482225452623,0.11917460126290612,0.07820910971087142,0.0,0.0,0
M037477,C202,C025,1,48,1.0212765957446808,0.09834368530020698,0.04194703243616288,0.12233092727103802,0.04418781673817452,0.0,0.0,0
M037477,C036,C105,2,43,1.0238095238095237,0.09857723577235772,0.06478067687653621,0.09746377112556684,0.0573371367720806,0.0,0.0,0
M037477,C063,C105,2,77,1.0405405405405406,0.09989976612094886,0.08027822494912372,0.10764867497224576,0.08692318835643364,0.0,0.0,0
M037594,C025,C152,1,47,1.0,0.021739130434782705,0.010638297872340429,0.04954172586936891,0.02170371625614057,0.0,0.0,4
M037594,C029,C152,1,84,1.0,0.027763226820324727,0.011412108059567461,0.057846612330765726,0.02817080072258369,0.011904761904761904,0.18181818181818182,11
M037594,C034,C152,1,26,1.04,0.041666666666666664,0.025710702341137124,0.06190764772833431,0.026720406260682852,0.0,0.0,2
M037594,C035,C152,1,26,1.04,0.03804347826086957,0.014144370122630994,0.04220975981477325,0.019901456349875942,0.0,0.0,4
M037594,C050,C152,1,26,1.0833333333333333,0.043478260869565216,0.01672240802675585,0.042837640280312304,0.0259541136658175,0.0,0.0,3
M037594,C051,C152,1,26,1.0833333333333333,0.04347826086956519,0.021663119489206448,0.04100774543599535,0.01619745528080155,0.0,0.0,6
M037594,C052,C152,1,25,1.0416666666666667,0.04347826086956519,0.024347826086956525,0.04173970337372216,0.010283390185342517,0.0,0.0,5
M037594,C053,C152,1,25,1.0416666666666667,0.043478260869565216,0.018814229249011855,0.042837640280312304,0.03274836375071002,0.0,0.0,2
M037594,C064,C152,1,74,1.0,0.028588445503275772,0.012145260209584213,0.061250810298608474,0.029372378179475658,0.013513513513513514,0.16666666666666666,6
M037594,C065,C152,1,74,1.0,0.028588445503275772,0.011525521948392705,0.061250810298608474,0.031123876257144953,0.013513513513513514,0.26666666666666666,15
M037594,C106,C152,1,42,1.0,0.03393425238600212,0.012548603746907033,0.05873718271617434,0.021014130235669025,0.023809523809523808,0.1,10
M037594,C129,C152,1,27,1.0,0.03678929765886291,0.012696643131425742,0.04042428457697908,0.014439428617559216,0.0,0.0,2
M037594,C130,C152,1,29,1.0740740740740742,0.04013377926421402,0.019893899204244034,0.0577194922690695,0.01961105541694328,0.0,0.0,2
M037594,C136,C152,1,24,1.0,0.06020066889632103,0.02118171683389074,0.0939064859633526,0.03411437978715965,0.041666666666666664,0.0,3
M037594,C137,C152,1,24,1.0,0.06020066889632103,0.024247491638795995,0.09015686223085195,0.03884062447972139,0.041666666666666664,0.0,3
M037594,C138,C152,1,33,1.0,0.03532608695652173,0.013669301712779976,0.03588374896009798,0.012380456091092699,0.0,0.2,5
M037594,C150,C152,1,29,1.2083333333333333,0.0434782608695653,0.02548725637181409,0.043203619249175776,0.025326259559861623,0.5862068965517241,0.0,2
M037594,C151,C152,1,27,1.125,0.0434782608695653,0.028985507246376812,0.043203619249175734,0.027436232759442434,0.6666666666666666,0.0,4
M037594,C179,C152,1,25,1.0416666666666667,0.04554865424430643,0.02037267080745341,0.04073203392998303,0.018798688986894293,0.04,0.0,2
M037594,C180,C152,1,24,1.0,0.051150895140664954,0.019607843137254912,0.13053360858916627,0.04286858426611351,0.041666666666666664,0.0,4
M037594,C181,C152,1,24,1.0,0.04347826086956519,0.017425810904071772,0.03054902544748708,0.013325629254702409,0.0,0.0,4
M037594,C202,C152,1,24,1.0,0.037267080745341574,0.015614216701173222,0.03826012982832416,0.016439705037521374,0.0,0.0,5
M037594,C063,C036,2,74,1.0,0.0273972602739726,0.01153893619647044,0.039484203587425645,0.015647281309701618,0.0,0.0,2
M037594,C105,C036,2,42,1.0,0.03252032520325204,0.013646922183507559,0.03935345020484863,0.01280382536009047,0.0,0.25,4
M037801,C029,C025,1,84,1.0,0.09979046621267673,0.07094215370799972,0.09576159082513017,0.06709437700835053,0.0,0.09090909090909091,11
M037801,C034,C025,1,47,1.0,0.09963768115942029,0.0726950354609929,0.09282828705100386,0.060889048033307594,0.0,0.5,2
M037801,C035,C025,1,47,1.0,0.09963768115942029,0.06263490595127968,0.09282828705100386,0.05270455239505795,0.0,0.25,4
M037801,C050,C025,1,47,1.0,0.09881422924901187,0.057186107139853684,0.09492486739770034,0.04973929145367967,0.0,0.3333333333333333,3
M037801,C051,C025,1,48,1.0212765957446808,0.09683794466403162,0.05006587615283267,0.11131409059465337,0.0520217386980773,0.0,0.0,6
M037801,C052,C025,1,47,1.0,0.09881422924901187,0.05369607265999496,0.0980653452340468,0.052858353180279635,0.0,0.0,5
M037801,C053,C025,1,49,1.0425531914893618,0.09881422924901184,0.05610228281035734,0.11199697489452644,0.05829268723950294,0.0,0.5,2
M037801,C064,C025,1,78,1.054054054054054,0.09976176295413938,0.07824407079916314,0.10632546148272203,0.08476420047842803,0.0,0.0,6
M037801,C065,C025,1,81,1.0945945945945945,0.0997617629541393,0.0608239766468871,0.10163311472747104,0.0617271210505074,0.0,0.13333333333333333,15
M037801,C106,C025,1,55,1.1702127659574468,0.09862142099681859,0.06444615829557504,0.0973319251211054,0.06222462560902479,0.0,0.2,10
M037801,C129,C025,1,48,1.0212765957446808,0.09866220735785947,0.0614896878483835,0.10651818751608369,0.06759974551842496,0.0,0.0,2
M037801,C130,C025,1,48,1.0212765957446808,0.09866220735785952,0.059538740245261984,0.08751992103466064,0.051233702304102284,0.0,0.0,2
M037801,C136,C025,1,47,1.0,0.09197324414715724,0.04002704048957517,0.14982575207078394,0.07059953420227602,0.0,0.3333333333333333,3
M037801,C137,C025,1,47,1.0,0.09698996655518399,0.05312033017860955,0.15877769364513608,0.09755764174566951,0.0,0.0,3
M037801,C138,C025,1,50,1.0638297872340425,0.09918478260869568,0.06339673913043478,0.10836770055376647,0.0651831106829446,0.0,0.2,5
M037801,C150,C025,1,47,1.0,0.08695652173913049,0.054116558741905636,0.066231502863307,0.04195618951397358,0.0,0.0,2
M037801,C151,C025,1,47,1.0,0.08695652173913049,0.0522664199814986,0.11450560740863734,0.06474414878195597,0.0,0.25,4
M037801,C152,C025,1,48,1.0212765957446808,0.08695652173913049,0.0493659420289855,0.11418870207762757,0.06224656617654086,0.0,0.0,4
M037801,C179,C025,1,47,1.0,0.09834368530020698,0.0683890577507599,0.07670276086871612,0.04728346090937963,0.0,0.5,2
M037801,C180,C025,1,47,1.0,0.09846547314578002,0.04970887522446537,0.12288584275474766,0.036296762216838474,0.0,0.25,4
M037801,C181,C025,1,47,1.0,0.09834368530020704,0.05953482225452623,0.11917460126290612,0.07820910971087142,0.0,0.25,4
M037801,C202,C025,1,48,1.0212765957446808,0.09834368530020698,0.04134316770186336,0.12233092727103802,0.04599077374942236,0.0,0.0,5
M037801,C036,C105,2,43,1.0238095238095237,0.09857723577235772,0.0638116846284742,0.09746377112556684,0.05639784292878934,0.0,0.0,4
M037801,C063,C105,2,77,1.0405405405405406,0.09989976612094886,0.08027822494912372,0.10764867497224576,0.08692318835643364,0.0,0.0,2
M037963,C029,C025,1,84,1.0,0.09979046621267673,0.07094215370799972,0.09576159082513017,0.06709437700835053,0.0,0.09090909090909091,11
M037963,C034,C025,1,47,1.0,0.09963768115942029,0.0726950354609929,0.09282828705100386,0.060889048033307594,0.0,0.5,2
M037963,C035,C025,1,47,1.0,0.09963768115942029,0.06263490595127968,0.09282828705100386,0.05270455239505795,0.0,0.25,4
M037963,C050,C025,1,47,1.0,0.09881422924901187,0.057186107139853684,0.09492486739770034,0.04973929145367967,0.0,0.3333333333333333,3
M037963,C051,C025,1,48,1.0212765957446808,0.09683794466403162,0.05006587615283267,0.11131409059465337,0.0520217386980773,0.0,0.0,6
M037963,C052,C025,1,47,1.0,0.09881422924901187,0.05369607265999496,0.0980653452340468,0.052858353180279635,0.0,0.0,5
M037963,C053,C025,1,49,1.0425531914893618,0.09881422924901184,0.05610228281035734,0.11199697489452644,0.05829268723950294,0.0,0.5,2
M037963,C064,C025,1,78,1.054054054054054,0.09976176295413938,0.07824407079916314,0.10632546148272203,0.08476420047842803,0.0,0.0,6
M037963,C065,C025,1,81,1.0945945945945945,0.0997617629541393,0.0608239766468871,0.10163311472747104,0.0617271210505074,0.0,0.13333333333333333,15
M037963,C106,C025,1,55,1.1702127659574468,0.09862142099681859,0.06444615829557504,0.0973319251211054,0.06222462560902479,0.0,0.2,10
M037963,C129,C025,1,48,1.0212765957446808,0.09866220735785947,0.0614896878483835,0.10651818751608369,0.06759974551842496,0.0,0.0,2
M037963,C130,C025,1,48,1.0212765957446808,0.09866220735785952,0.059538740245261984,0.08751992103466064,0.051233702304102284,0.0,0.0,2
M037963,C136,C025,1,47,1.0,0.09197324414715724,0.04002704048957517,0.14982575207078394,0.07059953420227602,0.0,0.3333333333333333,3
M037963,C137,C025,1,47,1.0,0.09698996655518399,0.05312033017860955,0.15877769364513608,0.09755764174566951,0.0,0.0,3
M037963,C138,C025,1,50,1.0638297872340425,0.09918478260869568,0.06339673913043478,0.10836770055376647,0.0651831106829446,0.0,0.2,5
M037963,C150,C025,1,47,1.0,0.08695652173913049,0.054116558741905636,0.066231502863307,0.04195618951397358,0.0,0.0,2
M037963,C151,C025,1,47,1.0,0.08695652173913049,0.0522664199814986,0.11450560740863734,0.06474414878195597,0.0,0.25,4
M037963,C152,C025,1,48,1.0212765957446808,0.08695652173913049,0.0493659420289855,0.11418870207762757,0.06224656617654086,0.0,0.0,4
M037963,C179,C025,1,47,1.0,0.09834368530020698,0.0683890577507599,0.07670276086871612,0.04728346090937963,0.0,0.5,2
M037963,C180,C025,1,47,1.0,0.09846547314578002,0.04970887522446537,0.12288584275474766,0.036296762216838474,0.0,0.25,4
M037963,C181,C025,1,47,1.0,0.09834368530020704,0.05953482225452623,0.11917460126290612,0.07820910971087142,0.0,0.25,4
M037963,C202,C025,1,48,1.0212765957446808,0.09834368530020698,0.04134316770186336,0.12233092727103802,0.04599077374942236,0.0,0.0,5
M037963,C036,C105,2,43,1.0238095238095237,0.09857723577235772,0.0638116846284742,0.09746377112556684,0.05639784292878934,0.0,0.0,4
M037963,C063,C105,2,77,1.0405405405405406,0.09989976612094886,0.08027822494912372,0.10764867497224576,0.08692318835643364,0.0,0.0,2
M038125,C029,C025,1,84,1.0,0.09979046621267673,0.07094215370799972,0.09576159082513017,0.06709437700835053,0.0,0.09090909090909091,11
M038125,C034,C025,1,47,1.0,0.09963768115942029,0.0726950354609929,0.09282828705100386,0.060889048033307594,0.0,0.5,2
M038125,C035,C025,1,47,1.0,0.09963768115942029,0.06263490595127968,0.09282828705100386,0.05270455239505795,0.0,0.25,4
M038125,C050,C025,1,47,1.0,0.09881422924901187,0.057186107139853684,0.09492486739770034,0.04973929145367967,0.0,0.3333333333333333,3
M038125,C051,C025,1,48,1.0212765957446808,0.09683794466403162,0.05006587615283267,0.11131409059465337,0.0520217386980773,0.0,0.0,6
M038125,C052,C025,1,47,1.0,0.09881422924901187,0.05369607265999496,0.0980653452340468,0.052858353180279635,0.0,0.0,5
M038125,C053,C025,1,49,1.0425531914893618,0.09881422924901184,0.05610228281035734,0.11199697489452644,0.05829268723950294,0.0,0.5,2
M038125,C064,C025,1,78,1.054054054054054,0.09976176295413938,0.07824407079916314,0.10632546148272203,0.08476420047842803,0.0,0.0,6
M038125,C065,C025,1,81,1.0945945945945945,0.0997617629541393,0.0608239766468871,0.10163311472747104,0.0617271210505074,0.0,0.13333333333333333,15
M038125,C106,C025,1,55,1.1702127659574468,0.09862142099681859,0.06444615829557504,0.0973319251211054,0.06222462560902479,0.0,0.2,10
M038125,C129,C025,1,48,1.0212765957446808,0.09866220735785947,0.0614896878483835,0.10651818751608369,0.06759974551842496,0.0,0.0,2
M038125,C130,C025,1,48,1.0212765957446808,0.09866220735785952,0.059538740245261984,0.08751992103466064,0.051233702304102284,0.0,0.0,2
M038125,C136,C025,1,47,1.0,0.09197324414715724,0.04002704048957517,0.14982575207078394,0.07059953420227602,0.0,0.3333333333333333,3
M038125,C137,C025,1,47,1.0,0.09698996655518399,0.05312033017860955,0.15877769364513608,0.09755764174566951,0.0,0.0,3
M038125,C138,C025,1,50,1.0638297872340425,0.09918478260869568,0.06339673913043478,0.10836770055376647,0.0651831106829446,0.0,0.2,5
M038125,C150,C025,1,47,1.0,0.08695652173913049,0.054116558741905636,0.066231502863307,0.04195618951397358,0.0,0.0,2
M038125,C151,C025,1,47,1.0,0.08695652173913049,0.0522664199814986,0.11450560740863734,0.06474414878195597,0.0,0.25,4
M038125,C152,C025,1,48,1.0212765957446808,0.08695652173913049,0.0493659420289855,0.11418870207762757,0.06224656617654086,0.0,0.0,4
M038125,C179,C025,1,47,1.0,0.09834368530020698,0.0683890577507599,0.07670276086871612,0.04728346090937963,0.0,0.5,2
M038125,C180,C025,1,47,1.0,0.09846547314578002,0.04970887522446537,0.12288584275474766,0.036296762216838474,0.0,0.25,4
M038125,C181,C025,1,47,1.0,0.09834368530020704,0.05953482225452623,0.11917460126290612,0.07820910971087142,0.0,0.25,4
M038125,C202,C025,1,48,1.0212765957446808,0.09834368530020698,0.04134316770186336,0.12233092727103802,0.04599077374942236,0.0,0.0,5
M038125,C036,C105,2,43,1.0238095238095237,0.09857723577235772,0.0638116846284742,0.09746377112556684,0.05639784292878934,0.0,0.0,4
M038125,C063,C105,2,77,1.0405405405405406,0.09989976612094886,0.08027822494912372,0.10764867497224576,0.08692318835643364,0.0,0.0,2
M038287,C029,C025,1,84,1.0,0.09979046621267673,0.07094215370799972,0.09576159082513017,0.06709437700835053,0.0,0.09090909090909091,11
M038287,C034,C025,1,47,1.0,0.09963768115942029,0.0726950354609929,0.09282828705100386,0.060889048033307594,0.0,0.5,2
M038287,C035,C025,1,47,1.0,0.09963768115942029,0.06263490595127968,0.09282828705100386,0.05270455239505795,0.0,0.25,4
M038287,C050,C025,1,47,1.0,0.09881422924901187,0.057186107139853684,0.09492486739770034,0.04973929145367967,0.0,0.3333333333333333,3
M038287,C051,C025,1,48,1.0212765957446808,0.09683794466403162,0.05006587615283267,0.11131409059465337,0.0520217386980773,0.0,0.0,6
M038287,C052,C025,1,47,1.0,0.09881422924901187,0.05369607265999496,0.0980653452340468,0.052858353180279635,0.0,0.0,5
M038287,C053,C025,1,49,1.0425531914893618,0.09881422924901184,0.05610228281035734,0.11199697489452644,0.05829268723950294,0.0,0.5,2
M038287,C064,C025,1,78,1.054054054054054,0.09976176295413938,0.07824407079916314,0.10632546148272203,0.08476420047842803,0.0,0.0,6
M038287,C065,C025,1,81,1.0945945945945945,0.0997617629541393,0.0608239766468871,0.10163311472747104,0.0617271210505074,0.0,0.13333333333333333,15
M038287,C106,C025,1,55,1.1702127659574468,0.09862142099681859,0.06444615829557504,0.0973319251211054,0.06222462560902479,0.0,0.2,10
M038287,C129,C025,1,48,1.0212765957446808,0.09866220735785947,0.0614896878483835,0.10651818751608369,0.06759974551842496,0.0,0.0,2
M038287,C130,C025,1,48,1.0212765957446808,0.09866220735785952,0.059538740245261984,0.08751992103466064,0.051233702304102284,0.0,0.0,2
M038287,C136,C025,1,47,1.0,0.09197324414715724,0.04002704048957517,0.14982575207078394,0.07059953420227602,0.0,0.3333333333333333,3
M038287,C137,C025,1,47,1.0,0.09698996655518399,0.05312033017860955,0.15877769364513608,0.09755764174566951,0.0,0.0,3
M038287,C138,C025,1,50,1.0638297872340425,0.09918478260869568,0.06339673913043478,0.10836770055376647,0.0651831106829446,0.0,0.2,5
M038287,C150,C025,1,47,1.0,0.08695652173913049,0.054116558741905636,0.066231502863307,0.04195618951397358,0.0,0.0,2
M038287,C151,C025,1,47,1.0,0.08695652173913049,0.0522664199814986,0.11450560740863734,0.06474414878195597,0.0,0.25,4
M038287,C152,C025,1,48,1.0212765957446808,0.08695652173913049,0.0493659420289855,0.11418870207762757,0.06224656617654086,0.0,0.0,4
M038287,C179,C025,1,47,1.0,0.09834368530020698,0.0683890577507599,0.07670276086871612,0.04728346090937963,0.0,0.5,2
M038287,C180,C025,1,47,1.0,0.09846547314578002,0.04970887522446537,0.12288584275474766,0.036296762216838474,0.0,0.25,4
M038287,C181,C025,1,47,1.0,0.09834368530020704,0.05953482225452623,0.11917460126290612,0.07820910971087142,0.0,0.25,4
M038287,C202,C025,1,48,1.0212765957446808,0.09834368530020698,0.04134316770186336,0.12233092727103802,0.04599077374942236,0.0,0.0,5
M038287,C036,C105,2,43,1.0238095238095237,0.09857723577235772,0.0638116846284742,0.09746377112556684,0.05639784292878934,0.0,0.0,4
M038287,C063,C105,2,77,1.0405405405405406,0.09989976612094886,0.08027822494912372,0.10764867497224576,0.08692318835643364,0.0,0.0,2
M038503,C029,C025,1,87,1.0357142857142858,0.19958093242535357,0.13675692274344756,0.19352594956407232,0.1316958328759624,0.0,0.2727272727272727,11
M038503,C034,C025,1,47,1.0,0.19927536231884058,0.14361702127659576,0.18755967856320938,0.12963736337207205,0.0,0.0,2
M038503,C035,C025,1,48,1.0212765957446808,0.19927536231884058,0.12715126811594205,0.18755967856320938,0.11382843933633834,0.0,0.0,4
M038503,C050,C025,1,47,1.0,0.19762845849802374,0.10844336052476664,0.1854784853331437,0.09887096603997905,0.0,0.3333333333333333,3
M038503,C051,C025,1,50,1.0638297872340425,0.19960474308300397,0.11774703557312252,0.20255059282996968,0.12182927724587339,0.0,0.16666666666666666,6
M038503,C052,C025,1,47,1.0,0.19367588932806323,0.09633336136573882,0.18657031026987103,0.09753506211670566,0.0,0.0,5
M038503,C053,C025,1,51,1.0851063829787233,0.19367588932806323,0.09815546772068512,0.2005019399303506,0.0988880419784136,0.0,0.5,2
M038503,C064,C025,1,82,1.1081081081081081,0.19922572960095297,0.15372463283894305,0.20439328295942102,0.15923459652735503,0.0,0.0,6
M038503,C065,C025,1,89,1.2027027027027026,0.1995235259082787,0.08836854467948417,0.1889534589974035,0.08839020729571556,0.0,0.26666666666666666,15
M038503,C106,C025,1,62,1.3191489361702127,0.19034994697773056,0.09910888379571033,0.18695818538569506,0.0961289542265095,0.0,0.2,10
M038503,C129,C025,1,50,1.0638297872340425,0.1973244147157191,0.10608695652173912,0.20248934587245873,0.11093260641817995,0.0,0.0,2
M038503,C130,C025,1,50,1.0638297872340425,0.19732441471571904,0.10551839464882944,0.18384037803070116,0.0961278410203467,0.0,0.5,2
M038503,C136,C025,1,47,1.0,0.19565217391304346,0.11616736639863375,0.253780809698618,0.1511096269900342,0.0,0.3333333333333333,3
M038503,C137,C025,1,47,1.0,0.19899665551839468,0.13338788870703763,0.25405855634141494,0.17709767181427546,0.0,0.3333333333333333,3
M038503,C138,C025,1,57,1.2127659574468086,0.1983695652173913,0.12333142639206712,0.2061310844446858,0.12380993457991253,0.0,0.4,5
M038503,C150,C025,1,47,1.0,0.19565217391304357,0.10592044403330249,0.16932851835559645,0.09343284223639566,0.0,0.5,2
M038503,C151,C025,1,47,1.0,0.19565217391304351,0.10129509713228493,0.2217223922040523,0.11750413144318013,0.0,0.0,4
M038503,C152,C025,1,49,1.0425531914893618,0.19565217391304351,0.11934338952972492,0.22140548687304268,0.13297004834511136,0.0,0.0,4
M038503,C179,C025,1,47,1.0,0.1977225672877847,0.12917933130699089,0.17360991318057278,0.10677021249662337,0.0,0.0,2
M038503,C180,C025,1,47,1.0,0.19693094629156016,0.09351363116939652,0.2301026275501627,0.06941883753278204,0.0,0.25,4
M038503,C181,C025,1,48,1.0212765957446808,0.1977225672877847,0.12700569358178052,0.21608175357476284,0.14432032088808186,0.0,0.25,4
M038503,C202,C025,1,48,1.0212765957446808,0.19668737060041408,0.07869651483781918,0.1681327027486947,0.06482548422155557,0.0,0.0,5
M038503,C036,C105,2,46,1.0952380952380953,0.1951219512195122,0.1163396960056557,0.19335567471683518,0.10731396802002433,0.0,0.0,4
M038503,C063,C105,2,80,1.0810810810810811,0.19979953224189778,0.15773889074507186,0.20659462969272402,0.16254397339414067,0.0,0.0,2
M039052,C025,C181,1,47,1.0,0.0331262939958592,0.013325404167217302,0.05484453038565719,0.021828620865451488,0.0,0.25,4
M039052,C034,C181,1,25,1.0,0.04166666666666663,0.01619047619047619,0.04966656118786772,0.01886760456396866,0.0,0.0,2
M039052,C035,C181,1,25,1.0,0.04166666666666663,0.017142857142857144,0.04966656118786772,0.01640134256683847,0.0,0.0,4
M039052,C036,C181,1,25,1.0,0.041666666666666685,0.017619047619047624,0.04966656118786768,0.017143496640945947,0.0,0.0,4
M039052,C063,C181,1,74,1.0,0.030658838878017014,0.01297579379771161,0.05917546492009106,0.0255811239894045,0.013513513513513514,0.0,2
M039052,C064,C181,1,74,1.0,0.030658838878017014,0.01257030024153312,0.05917546492009106,0.029372129137034287,0.013513513513513514,0.16666666666666666,6
M039052,C065,C181,1,74,1.0,0.030658838878017014,0.012623190705382488,0.05917546492009106,0.029372129137034287,0.013513513513513514,0.2,15
M039052,C106,C181,1,42,1.0,0.03600464576074336,0.0144073889718489,0.050350985523425935,0.021778492304259194,0.023809523809523808,0.1,10
M039052,C150,C181,1,25,1.0416666666666667,0.04554865424430643,0.023354037267080754,0.04906954072920029,0.021225044389563682,0.04,0.0,2
M039052,C179,C181,1,25,1.1363636363636365,0.04761904761904767,0.02857142857142857,0.04659795541000778,0.026952572485197886,0.6,0.0,2
M039052,C202,C181,1,24,1.0909090909090908,0.04761904761904767,0.02182539682539682,0.0478929858760091,0.023048130449088784,0.4583333333333333,0.0,5
M039052,C029,C130,2,84,1.0,0.025023169601482875,0.01053665210291716,0.043301579261074356,0.015361479670613647,0.0,0.2222222222222222,9
M039052,C050,C130,2,27,1.0,0.041958041958041925,0.01877751877751877,0.04291733739692146,0.018498945589219166,0.037037037037037035,0.0,1
M039052,C051,C130,2,27,1.0,0.034965034965035,0.01346801346801347,0.030655240997801064,0.013300844462577122,0.0,0.0,4
M039052,C052,C130,2,27,1.0,0.04195804195804198,0.014763014763014762,0.03548176755512621,0.014189836728474788,0.037037037037037035,0.0,3
M039052,C053,C130,2,28,1.037037037037037,0.04195804195804198,0.020229770229770228,0.04552638068139167,0.02062892625183795,0.07142857142857142,0.0,0
M039052,C105,C130,2,42,1.0,0.030956848030018747,0.01194943268114,0.03876383761534919,0.013597954973254545,0.0,0.5,2
M039052,C129,C130,2,30,1.1111111111111112,0.03846153846153855,0.021794871794871794,0.03743855001847894,0.021215178343804687,0.5666666666666667,0.0,0
M039052,C136,C130,2,27,1.0,0.03846153846153849,0.01851851851851851,0.09487677502365671,0.04645271766188436,0.0,0.0,1
M039052,C137,C130,2,27,1.0,0.03846153846153855,0.01851851851851852,0.0965434146058811,0.054957577619571325,0.0,0.0,1
M039052,C138,C130,2,34,1.0303030303030303,0.033653846153846145,0.01463518099547511,0.03200194128571453,0.013302038086256409,0.0,0.0,3
M039052,C151,C130,2,27,1.0,0.038461538461538464,0.015545645980428593,0.05480255767267038,0.023412410381021022,0.0,0.0,2
M039052,C152,C130,2,29,1.0740740740740742,0.038461538461538436,0.015165494175988932,0.0577194922690695,0.021914996653797505,0.0,0.0,2
M039052,C180,C130,2,27,1.0,0.04751131221719451,0.021032344561756313,0.11907227008987363,0.04180842654411638,0.0,0.0,2
M040133,C034,C025,1,50,1.0638297872340425,0.19927536231884058,0.07641304347826086,0.19988747440623256,0.08345574715678694,0.0,0.5,2
M040133,C035,C025,1,51,1.0851063829787233,0.13768115942028988,0.052429667519181586,0.11970217807862453,0.04784664560358678,0.0,0.0,4
M040133,C065,C025,1,94,1.2702702702702702,0.1980345443716497,0.06657014687060434,0.18749860893247092,0.062458748296675186,0.0,0.26666666666666666,15
M040133,C106,C025,1,64,1.3617021276595744,0.18027571580063628,0.0763603525980912,0.1780461150799693,0.07524512675627443,0.0,0.2,10
M040133,C202,C025,1,47,1.0,0.19668737060041408,0.08790361658076737,0.1681327027486947,0.06699722902437348,0.0,0.0,5
M040133,C029,C051,2,86,1.0238095238095237,0.16812705366922237,0.07262665885529433,0.1838864332255808,0.07158510450598725,0.0,0.3076923076923077,13
M040133,C052,C051,2,29,1.2608695652173914,0.13636363636363635,0.05642633228840125,0.13070879465411714,0.054086397787910544,0.0,0.0,7
M040133,C151,C051,2,28,1.1666666666666667,0.14822134387351782,0.07453416149068325,0.13327064743616088,0.059324936248994355,0.0,0.16666666666666666,6
M040133,C036,C050,3,34,1.36,0.196969696969697,0.08600713012477719,0.19017820765473104,0.08130206804427068,0.0,0.0,3
M040133,C053,C050,3,29,1.2608695652173914,0.13636363636363635,0.050156739811912224,0.1307087946541173,0.0480767980336983,0.0,0.0,1
M040133,C063,C050,3,77,1.0405405405405406,0.18119551681195523,0.09946466982581552,0.1677512933762396,0.08183601441918159,0.0,0.0,1
M040133,C064,C050,3,76,1.027027027027027,0.19489414694894147,0.104066985645933,0.18126480688975322,0.08537449395330628,0.0,0.4,5
M040133,C105,C050,3,43,1.0238095238095237,0.08647450110864752,0.03318207600680658,0.0936067580235147,0.03421383400501047,0.0,0.0,3
M040133,C129,C050,3,30,1.1111111111111112,0.11538461538461542,0.04638694638694639,0.10147479955650746,0.043781310863573744,0.0,0.0,1
M040133,C130,C050,3,34,1.2592592592592593,0.15734265734265732,0.0641711229946524,0.15523298745235806,0.06120147166884753,0.0,0.0,1
M040133,C136,C050,3,23,1.0,0.19580419580419584,0.09531772575250837,0.25438544534270957,0.13372756067902572,0.0,0.0,2
M040133,C137,C050,3,23,1.0,0.1748251748251748,0.06947400425661296,0.22022353299110914,0.10313243844317697,0.0,0.0,2
M040133,C138,C050,3,36,1.0909090909090908,0.10511363636363635,0.04719065656565657,0.10222174185490908,0.04440399282860105,0.0,0.25,4
M040133,C150,C050,3,27,1.125,0.08695652173913043,0.026277265407700187,0.08604125952948796,0.02569702817662423,0.0,0.0,1
M040133,C152,C050,3,33,1.375,0.15810276679841895,0.06988860941430113,0.1695206662769322,0.06394821170523492,0.0,0.0,3
M040133,C179,C050,3,29,1.2608695652173914,0.17748917748917747,0.07381698761009105,0.19127593849348787,0.07970276147418677,0.0,0.0,1
M040133,C180,C050,3,29,1.2608695652173914,0.18983957219251335,0.11202286557256129,0.23181717951955796,0.13499338993174326,0.0,0.3333333333333333,3
M040133,C181,C050,3,30,1.3043478260869565,0.17748917748917747,0.06341991341991343,0.19127593849348756,0.06995539237251455,0.0,0.3333333333333333,3
M040672,C034,C025,1,47,1.0,0.030797101449275388,0.013644773358001851,0.04435344162411382,0.018554254148449398,0.0,0.0,2
M040672,C035,C025,1,47,1.0,0.03079710144927536,0.012141535615171142,0.037892556604882284,0.012720861715582498,0.0,0.0,4
M040672,C065,C025,1,74,1.0,0.019952352590827838,0.00812501006068605,0.01989644052548276,0.006399292273857364,0.0,0.06666666666666667,15
M040672,C106,C025,1,47,1.0,0.02226935312831388,0.007592337718011779,0.020120143469559326,0.007135100456228407,0.0,0.0,10
M040672,C202,C025,1,47,1.0,0.0331262939958592,0.014206422624553992,0.05800085639378898,0.022151916954093676,0.0,0.2,5
M040672,C029,C050,2,84,1.0,0.028477546549835753,0.012256819485735145,0.05436908384605639,0.017533240073166884,0.0,0.2,10
M040672,C036,C050,2,25,1.0,0.04166666666666663,0.01636363636363636,0.030648753723420952,0.014173773936557445,0.0,0.0,3
M040672,C051,C050,2,27,1.173913043478261,0.045454545454545525,0.03198653198653199,0.043569598218039254,0.03058228174547573,0.7037037037037037,0.0,5
M040672,C052,C050,2,26,1.1304347826086956,0.045454545454545525,0.03671328671328671,0.043569598218039414,0.035110030906304684,0.8076923076923077,0.0,4
M040672,C053,C050,2,26,1.1304347826086956,0.045454545454545525,0.027972027972027972,0.043569598218039254,0.026812060441870213,0.6153846153846154,0.0,1
M040672,C063,C050,2,74,1.0,0.029265255292652503,0.012226111541180033,0.039143257737021216,0.013995728302642705,0.0,0.0,1
M040672,C064,C050,2,74,1.0,0.028642590286425906,0.011956850997946886,0.039143257737021195,0.01446183769189651,0.0,0.0,5
M040672,C105,C050,2,42,1.0,0.03436807095343686,0.014306831380002116,0.04566080622788051,0.016025927129965728,0.0,0.3333333333333333,3
M040672,C129,C050,2,27,1.0,0.038461538461538436,0.015151515151515148,0.03874307166071391,0.014411580122845692,0.0,0.0,1
M040672,C130,C050,2,27,1.0,0.041958041958041925,0.016964516964516965,0.04291733739692146,0.01644076063338001,0.037037037037037035,0.0,1
M040672,C136,C050,2,23,1.0,0.05594405594405594,0.022347217999391912,0.11189342292123972,0.05675500497717999,0.0,0.0,2
M040672,C137,C050,2,23,1.0,0.05594405594405594,0.023259349346305875,0.11189342292124002,0.059868585614943286,0.0,0.0,2
M040672,C138,C050,2,33,1.0,0.03693181818181823,0.014634986225895322,0.038018521063380814,0.013932724936170895,0.0,0.0,4
M040672,C150,C050,2,26,1.0833333333333333,0.043478260869565216,0.020598966251140164,0.04283764028031229,0.020052740874654425,0.0,0.0,1
M040672,C151,C050,2,25,1.0416666666666667,0.04347826086956519,0.022134387351778667,0.04100774543599543,0.019511128459222774,0.0,0.0,3
M040672,C152,C050,2,26,1.0833333333333333,0.043478260869565216,0.02181514138035878,0.042837640280312304,0.014901756586235116,0.0,0.0,3
M040672,C179,C050,2,24,1.0434782608695652,0.045454545454545414,0.02173520923520922,0.06359550103133894,0.03009025188604374,0.0,0.0,1
M040672,C180,C050,2,23,1.0,0.050802139037433136,0.021274122297140194,0.12650783993166906,0.053735484882852694,0.0,0.0,3
M040672,C181,C050,2,24,1.0434782608695652,0.04329004329004327,0.019209956709956705,0.06359550103133894,0.026013792372707772,0.0,0.0,3
